model,model_label,model_sort_key,experiment,condition,example_id,mode,prompt_variant,family,correct,segment,segment_label,layer,source,n_tokens,valid_tokens,low_lid_threshold,mean_lid,min_lid,max_lid,variance_lid,auc_lid,fraction_below_low_threshold,slope_lid,early_late_diff,boundary_jump_answer_minus_thinking
Qwen_Qwen3-1.7B,1.7B,1.7,exp_c,no_think,gsm8k_test_000099,no_think,canonical,,False,answer_segment,no_think_answer,6,exp_c_segment_sample,55,55,3.0750386714935307,14.699094022404063,3.1674435138702393,131.89547729492188,348.68577724656956,13.442900529614201,0.0,1.1089705086373798,-0.6057319130216321,-30.06456756591797
Qwen_Qwen3-1.7B,1.7B,1.7,exp_c,no_think,gsm8k_test_000099,no_think,canonical,,False,answer_segment,no_think_answer,13,exp_c_segment_sample,55,55,4.8619797706604,11.447387079759078,4.428075790405273,27.794296264648438,24.15697427397343,11.278508813292891,0.01818181818181818,-3.919322717344592,-2.886597020285471,-4.389007568359375
Qwen_Qwen3-1.7B,1.7B,1.7,exp_c,no_think,gsm8k_test_000099,no_think,canonical,,False,answer_segment,no_think_answer,20,exp_c_segment_sample,55,55,4.729562854766845,11.580627779527145,5.099594593048096,29.549604415893555,27.871041670556714,11.500297060719243,0.0,-2.5934652291334976,-2.3009869030543726,-7.1437482833862305
Qwen_Qwen3-1.7B,1.7B,1.7,exp_c,no_think,gsm8k_test_000109,no_think,canonical,,True,answer_segment,no_think_answer,6,exp_c_segment_sample,60,60,3.0750386714935307,13.684770552317302,3.505861759185791,68.24610900878906,102.78035918202886,13.104071083715406,0.0,-2.1554534255481084,-1.1250528017679837,11.05384349822998
Qwen_Qwen3-1.7B,1.7B,1.7,exp_c,no_think,gsm8k_test_000109,no_think,canonical,,True,answer_segment,no_think_answer,13,exp_c_segment_sample,60,60,4.8619797706604,10.964194520314534,4.3080034255981445,24.560731887817383,16.968200969838048,10.847046932931674,0.016666666666666666,-0.8686316036787111,-0.8886935551961255,2.166807174682617
Qwen_Qwen3-1.7B,1.7B,1.7,exp_c,no_think,gsm8k_test_000109,no_think,canonical,,True,answer_segment,no_think_answer,20,exp_c_segment_sample,60,60,4.729562854766845,11.099838050206502,3.917452812194824,31.464092254638672,21.409350968650816,10.996338997857045,0.03333333333333333,-1.2552100040873562,-0.7931654930114753,-3.706827163696289
Qwen_Qwen3-1.7B,1.7B,1.7,exp_c,no_think,gsm8k_test_000118,no_think,canonical,,True,answer_segment,no_think_answer,6,exp_c_segment_sample,65,65,3.0750386714935307,13.12867153607882,3.154602289199829,82.44637298583984,219.46346892096557,12.43244368582964,0.0,10.582020452139254,9.692176187739651,11.125082969665527
Qwen_Qwen3-1.7B,1.7B,1.7,exp_c,no_think,gsm8k_test_000118,no_think,canonical,,True,answer_segment,no_think_answer,13,exp_c_segment_sample,65,65,4.8619797706604,11.127306505349965,6.650301456451416,32.18655014038086,22.2052284613621,10.93838157504797,0.0,4.591264471307499,3.712206896613626,0.15864181518554688
Qwen_Qwen3-1.7B,1.7B,1.7,exp_c,no_think,gsm8k_test_000118,no_think,canonical,,True,answer_segment,no_think_answer,20,exp_c_segment_sample,65,65,4.729562854766845,11.373267848675068,5.5071635246276855,36.82548904418945,28.135054375631206,11.179513268172741,0.0,5.221040268211094,2.795184584224925,-9.007516860961914
Qwen_Qwen3-1.7B,1.7B,1.7,exp_c,no_think,gsm8k_test_000150,no_think,canonical,,False,answer_segment,no_think_answer,6,exp_c_segment_sample,47,47,3.0750386714935307,13.967136707711727,4.488288879394531,54.96764373779297,73.9968450952458,13.31474254442298,0.0,-0.8273387716171644,0.2837105989456177,6.492587566375732
Qwen_Qwen3-1.7B,1.7B,1.7,exp_c,no_think,gsm8k_test_000150,no_think,canonical,,False,answer_segment,no_think_answer,13,exp_c_segment_sample,47,47,4.8619797706604,9.628986957225393,4.651592254638672,25.91342544555664,14.310587794528857,9.515264759893004,0.02127659574468085,-1.852195747355198,-1.9915475845336914,-4.993623733520508
Qwen_Qwen3-1.7B,1.7B,1.7,exp_c,no_think,gsm8k_test_000150,no_think,canonical,,False,answer_segment,no_think_answer,20,exp_c_segment_sample,47,47,4.729562854766845,10.648525075709566,4.0220770835876465,27.705774307250977,20.69677482744056,10.475870609283445,0.0425531914893617,-1.9859291188260364,-0.6961896022160854,-0.3561897277832031
Qwen_Qwen3-1.7B,1.7B,1.7,exp_c,no_think,gsm8k_test_000273,no_think,canonical,,False,answer_segment,no_think_answer,6,exp_c_segment_sample,43,43,3.0750386714935307,12.472681028898371,3.188636302947998,84.67245483398438,160.93638915384085,11.448071485473998,0.0,6.225379757850918,3.8872081799940617,7.473851203918457
Qwen_Qwen3-1.7B,1.7B,1.7,exp_c,no_think,gsm8k_test_000273,no_think,canonical,,False,answer_segment,no_think_answer,13,exp_c_segment_sample,43,43,4.8619797706604,10.908462114112321,4.324104309082031,28.38130760192871,36.85833843617908,10.673004195803689,0.06976744186046512,0.36175339116102795,-0.34633939916437306,0.3209657669067383
Qwen_Qwen3-1.7B,1.7B,1.7,exp_c,no_think,gsm8k_test_000273,no_think,canonical,,False,answer_segment,no_think_answer,20,exp_c_segment_sample,43,43,4.729562854766845,12.944031526876051,5.501519203186035,31.294923782348633,26.039062582070603,12.73684681029547,0.0,1.294977710312565,1.1191610856489707,-2.238553047180176
Qwen_Qwen3-1.7B,1.7B,1.7,exp_c,no_think,gsm8k_test_000325,no_think,canonical,,False,answer_segment,no_think_answer,6,exp_c_segment_sample,70,70,3.0750386714935307,12.60954614366804,4.451467037200928,57.0567626953125,74.8092493545711,12.225979818814041,0.0,-0.8632658238861769,-1.0039253234863281,10.900086402893066
Qwen_Qwen3-1.7B,1.7B,1.7,exp_c,no_think,gsm8k_test_000325,no_think,canonical,,False,answer_segment,no_think_answer,13,exp_c_segment_sample,70,70,4.8619797706604,10.963816213607789,5.0889410972595215,28.080944061279297,18.010056092238358,10.837926173555678,0.0,-2.5347649232722294,-1.9625971052381725,0.48265647888183594
Qwen_Qwen3-1.7B,1.7B,1.7,exp_c,no_think,gsm8k_test_000325,no_think,canonical,,False,answer_segment,no_think_answer,20,exp_c_segment_sample,70,70,4.729562854766845,11.088339110783169,5.270878791809082,25.806081771850586,17.32476730503269,10.993144111356875,0.0,-1.3097122963765186,-1.8787972662183972,0.015848159790039062
Qwen_Qwen3-1.7B,1.7B,1.7,exp_c,no_think,gsm8k_test_000351,no_think,canonical,,True,answer_segment,no_think_answer,6,exp_c_segment_sample,53,53,3.0750386714935307,12.53557184507262,3.823094367980957,64.1825942993164,119.52868285148276,11.86558023782877,0.0,0.3366209565968497,-0.1799667903355182,4.867772102355957
Qwen_Qwen3-1.7B,1.7B,1.7,exp_c,no_think,gsm8k_test_000351,no_think,canonical,,True,answer_segment,no_think_answer,13,exp_c_segment_sample,53,53,4.8619797706604,10.749006964125723,4.993151664733887,24.616416931152344,19.083049793197706,10.604656430391163,0.0,-1.4991842065967054,-1.208510773522514,-0.4531440734863281
Qwen_Qwen3-1.7B,1.7B,1.7,exp_c,no_think,gsm8k_test_000351,no_think,canonical,,True,answer_segment,no_think_answer,20,exp_c_segment_sample,53,53,4.729562854766845,11.796060328213674,5.665243148803711,54.536842346191406,62.75783334380227,11.644107864453241,0.0,-0.45575334440986554,-0.7586665834699353,-7.060372352600098
Qwen_Qwen3-1.7B,1.7B,1.7,exp_c,no_think,gsm8k_test_000389,no_think,canonical,,False,answer_segment,no_think_answer,6,exp_c_segment_sample,65,65,3.0750386714935307,12.529173902364878,4.229692459106445,46.438941955566406,75.5528912955949,12.079209811985493,0.0,-3.8704263793838702,-2.5176861145917098,-7.311700820922852
Qwen_Qwen3-1.7B,1.7B,1.7,exp_c,no_think,gsm8k_test_000389,no_think,canonical,,False,answer_segment,no_think_answer,13,exp_c_segment_sample,65,65,4.8619797706604,11.605643133016732,5.855268478393555,37.67164993286133,23.043238500487078,11.408029817044735,0.0,-0.049654583164035725,-1.0420820572796998,-3.1876373291015625
Qwen_Qwen3-1.7B,1.7B,1.7,exp_c,no_think,gsm8k_test_000389,no_think,canonical,,False,answer_segment,no_think_answer,20,exp_c_segment_sample,65,65,4.729562854766845,12.622250292851374,5.254892349243164,29.51958465576172,27.499430053173484,12.522738113999367,0.0,-1.0976222285023987,-1.5876387988819793,-7.013462066650391
Qwen_Qwen3-1.7B,1.7B,1.7,exp_c,no_think,gsm8k_test_000561,no_think,canonical,,True,answer_segment,no_think_answer,6,exp_c_segment_sample,79,79,3.0750386714935307,9.947574503814117,3.3077549934387207,62.6550178527832,93.89851743840345,9.457288555609875,0.0,2.008792654924758,3.769621574878693,12.054253578186035
Qwen_Qwen3-1.7B,1.7B,1.7,exp_c,no_think,gsm8k_test_000561,no_think,canonical,,True,answer_segment,no_think_answer,13,exp_c_segment_sample,79,79,4.8619797706604,9.640227812754956,4.347446441650391,25.465988159179688,14.033524268870613,9.501280778493634,0.02531645569620253,-0.6211127694649027,-0.17856028079986608,2.0088119506835938
Qwen_Qwen3-1.7B,1.7B,1.7,exp_c,no_think,gsm8k_test_000561,no_think,canonical,,True,answer_segment,no_think_answer,20,exp_c_segment_sample,79,79,4.729562854766845,10.337775139869015,4.6994547843933105,25.383275985717773,16.215989520317475,10.257626276749829,0.012658227848101266,2.8144533724724474,2.867214775085449,1.4186649322509766
Qwen_Qwen3-1.7B,1.7B,1.7,exp_c,no_think,gsm8k_test_000582,no_think,canonical,,False,answer_segment,no_think_answer,6,exp_c_segment_sample,62,62,3.0750386714935307,13.765700055706885,4.698736667633057,56.137088775634766,86.7137331396509,13.350498754470072,0.0,4.330453266928995,3.7356377840042114,-5.434932708740234
Qwen_Qwen3-1.7B,1.7B,1.7,exp_c,no_think,gsm8k_test_000582,no_think,canonical,,False,answer_segment,no_think_answer,13,exp_c_segment_sample,62,62,4.8619797706604,11.342279503422398,5.634593963623047,28.298120498657227,28.604950774253535,11.22465238414827,0.0,0.9688208685492505,2.0438062846660614,-2.5260066986083984
Qwen_Qwen3-1.7B,1.7B,1.7,exp_c,no_think,gsm8k_test_000582,no_think,canonical,,False,answer_segment,no_think_answer,20,exp_c_segment_sample,62,62,4.729562854766845,11.634536297090593,4.32542085647583,22.53937339782715,17.194768296059706,11.557301935602407,0.016129032258064516,2.309813637154808,1.9402373731136322,-6.073555946350098
Qwen_Qwen3-1.7B,1.7B,1.7,exp_c,no_think,gsm8k_test_000697,no_think,canonical,,False,answer_segment,no_think_answer,6,exp_c_segment_sample,45,45,3.0750386714935307,13.537276702457005,2.389285087585449,67.93094635009766,125.68577586200828,12.764916192401536,0.06666666666666667,2.005823091147601,2.6225805679957066,2.6675405502319336
Qwen_Qwen3-1.7B,1.7B,1.7,exp_c,no_think,gsm8k_test_000697,no_think,canonical,,False,answer_segment,no_think_answer,13,exp_c_segment_sample,45,45,4.8619797706604,11.207196945614285,4.658994674682617,36.15273666381836,38.06203223725579,10.949991291219538,0.022222222222222223,-1.512816365559894,-0.889665961265564,-4.9603729248046875
Qwen_Qwen3-1.7B,1.7B,1.7,exp_c,no_think,gsm8k_test_000697,no_think,canonical,,False,answer_segment,no_think_answer,20,exp_c_segment_sample,45,45,4.729562854766845,11.399024179246691,4.363516330718994,31.30547332763672,36.734969317854585,11.213239214637062,0.06666666666666667,0.35319304811782054,0.2723742723464966,-3.002256393432617
Qwen_Qwen3-1.7B,1.7B,1.7,exp_c,no_think,gsm8k_test_000713,no_think,canonical,,False,answer_segment,no_think_answer,6,exp_c_segment_sample,51,51,3.0750386714935307,16.194780620874145,6.045257568359375,71.06891632080078,137.92687491664483,15.488211526870728,0.0,-3.640500636122342,-0.7629559957064114,2.88409423828125
Qwen_Qwen3-1.7B,1.7B,1.7,exp_c,no_think,gsm8k_test_000713,no_think,canonical,,False,answer_segment,no_think_answer,13,exp_c_segment_sample,51,51,4.8619797706604,11.513289479648366,5.773611068725586,29.043010711669922,23.03412358310839,11.411035852432251,0.0,-0.2054137104776572,-0.6806769737830525,-1.360931396484375
Qwen_Qwen3-1.7B,1.7B,1.7,exp_c,no_think,gsm8k_test_000713,no_think,canonical,,False,answer_segment,no_think_answer,20,exp_c_segment_sample,51,51,4.729562854766845,12.058463966145235,6.257556438446045,27.642223358154297,27.931120230488716,11.939241867065428,0.0,-0.1924255228689908,-0.24588317137498272,-7.19367790222168
Qwen_Qwen3-1.7B,1.7B,1.7,exp_c,no_think,gsm8k_test_000852,no_think,canonical,,False,answer_segment,no_think_answer,6,exp_c_segment_sample,62,62,3.0750386714935307,14.236363041785456,3.2768442630767822,80.49100494384766,217.57184499664783,13.589353920983488,0.0,-1.3306396772967786,1.8806822150945663,8.154915809631348
Qwen_Qwen3-1.7B,1.7B,1.7,exp_c,no_think,gsm8k_test_000852,no_think,canonical,,False,answer_segment,no_think_answer,13,exp_c_segment_sample,62,62,4.8619797706604,11.089385955564437,4.009134292602539,30.806734085083008,24.281526675169726,10.953489413026903,0.03225806451612903,-0.5267488286242668,-0.3215826451778412,1.203740119934082
Qwen_Qwen3-1.7B,1.7B,1.7,exp_c,no_think,gsm8k_test_000852,no_think,canonical,,False,answer_segment,no_think_answer,20,exp_c_segment_sample,62,62,4.729562854766845,11.416799160741991,5.683109760284424,29.784324645996094,23.15497837327703,11.274558106406793,0.0,2.7372472077470666,2.2281077802181244,-0.9247913360595703
Qwen_Qwen3-1.7B,1.7B,1.7,exp_c,no_think,gsm8k_test_000924,no_think,canonical,,False,answer_segment,no_think_answer,6,exp_c_segment_sample,51,51,3.0750386714935307,13.471296918158437,5.399874210357666,44.55074691772461,79.26549015896042,13.012894449234008,0.0,1.353900648350098,0.22153406876783954,17.017536163330078
Qwen_Qwen3-1.7B,1.7B,1.7,exp_c,no_think,gsm8k_test_000924,no_think,canonical,,False,answer_segment,no_think_answer,13,exp_c_segment_sample,51,51,4.8619797706604,11.900261299282898,5.532224178314209,24.711732864379883,17.671553012961255,11.767985248565674,0.0,2.7357554737798853,0.9151268738966714,1.0637578964233398
Qwen_Qwen3-1.7B,1.7B,1.7,exp_c,no_think,gsm8k_test_000924,no_think,canonical,,False,answer_segment,no_think_answer,20,exp_c_segment_sample,51,51,4.729562854766845,13.866420035268746,5.872928142547607,39.47386169433594,44.11167353162266,13.618693513870241,0.0,5.060924629280471,3.125989143665022,5.662483215332031
Qwen_Qwen3-1.7B,1.7B,1.7,exp_c,no_think,gsm8k_test_000965,no_think,canonical,,False,answer_segment,no_think_answer,6,exp_c_segment_sample,87,87,3.0750386714935307,12.24771455786694,2.3894803524017334,85.812255859375,184.47250016171594,11.8319515627484,0.034482758620689655,13.05024169791828,11.239012696526268,1.5224180221557617
Qwen_Qwen3-1.7B,1.7B,1.7,exp_c,no_think,gsm8k_test_000965,no_think,canonical,,False,answer_segment,no_think_answer,13,exp_c_segment_sample,87,87,4.8619797706604,10.032104859406921,3.35027813911438,27.87054443359375,19.67426814241395,9.894334332887516,0.10344827586206896,5.0486803985314666,3.83411263335835,-4.292949676513672
Qwen_Qwen3-1.7B,1.7B,1.7,exp_c,no_think,gsm8k_test_000965,no_think,canonical,,False,answer_segment,no_think_answer,20,exp_c_segment_sample,87,87,4.729562854766845,11.81448571983425,3.195112466812134,58.2496452331543,51.94867542398661,11.519340254539667,0.06896551724137931,8.009628935667413,6.165035312825985,-3.763050079345703
Qwen_Qwen3-1.7B,1.7B,1.7,exp_c,no_think,gsm8k_test_000977,no_think,canonical,,True,answer_segment,no_think_answer,6,exp_c_segment_sample,50,50,3.0750386714935307,13.720001373291016,4.267030239105225,56.909217834472656,87.81961033562901,13.203168752242108,0.0,1.0536029860552727,1.3390140533447266,10.194698333740234
Qwen_Qwen3-1.7B,1.7B,1.7,exp_c,no_think,gsm8k_test_000977,no_think,canonical,,True,answer_segment,no_think_answer,13,exp_c_segment_sample,50,50,4.8619797706604,11.397082204818725,5.359055995941162,30.075639724731445,20.105263119623977,11.222172338135389,0.0,0.3814336653316696,-0.818791352785551,1.2514877319335938
Qwen_Qwen3-1.7B,1.7B,1.7,exp_c,no_think,gsm8k_test_000977,no_think,canonical,,True,answer_segment,no_think_answer,20,exp_c_segment_sample,50,50,4.729562854766845,11.599602556228637,4.237565994262695,28.9984188079834,22.434526739588335,11.41238091916454,0.02,-0.9413856136097593,-1.97311936891996,0.6179075241088867
Qwen_Qwen3-1.7B,1.7B,1.7,exp_c,no_think,gsm8k_test_000988,no_think,canonical,,False,answer_segment,no_think_answer,6,exp_c_segment_sample,43,43,3.0750386714935307,15.245938262274098,3.5637471675872803,78.646240234375,200.4201769015768,14.300853144554868,0.0,-8.64600860039225,-4.653376080773095,3.9718494415283203
Qwen_Qwen3-1.7B,1.7B,1.7,exp_c,no_think,gsm8k_test_000988,no_think,canonical,,False,answer_segment,no_think_answer,13,exp_c_segment_sample,43,43,4.8619797706604,12.228694438934326,4.661802291870117,36.912784576416016,60.16600518907318,12.165276379812331,0.023255813953488372,-10.401054010330755,-7.900953769683838,-6.793140411376953
Qwen_Qwen3-1.7B,1.7B,1.7,exp_c,no_think,gsm8k_test_000988,no_think,canonical,,False,answer_segment,no_think_answer,20,exp_c_segment_sample,43,43,4.729562854766845,12.654566199280495,5.296331405639648,34.19544982910156,40.63817799154661,12.43949936685108,0.0,-3.1554527534742927,-1.7821005474437364,-4.633770942687988
Qwen_Qwen3-1.7B,1.7B,1.7,exp_c,no_think,gsm8k_test_001002,no_think,canonical,,False,answer_segment,no_think_answer,6,exp_c_segment_sample,56,56,3.0750386714935307,14.314650471721377,3.8525102138519287,65.38072967529297,183.31952538083715,13.842873820391565,0.0,-1.4579670568157777,-2.246071594102041,5.853885650634766
Qwen_Qwen3-1.7B,1.7B,1.7,exp_c,no_think,gsm8k_test_001002,no_think,canonical,,False,answer_segment,no_think_answer,13,exp_c_segment_sample,56,56,4.8619797706604,11.958045440060753,5.228972434997559,32.803077697753906,31.043746185471814,11.805008229342373,0.0,-0.4559578796974625,-1.4584676197596966,-0.4049043655395508
Qwen_Qwen3-1.7B,1.7B,1.7,exp_c,no_think,gsm8k_test_001002,no_think,canonical,,False,answer_segment,no_think_answer,20,exp_c_segment_sample,56,56,4.729562854766845,12.164492564541954,5.8396382331848145,38.37065124511719,31.394579221918853,12.039563664523035,0.0,-1.3928864871648865,-0.7906084401266913,-3.4869308471679688
Qwen_Qwen3-1.7B,1.7B,1.7,exp_c,no_think,gsm8k_test_001006,no_think,canonical,,False,answer_segment,no_think_answer,6,exp_c_segment_sample,71,71,3.0750386714935307,14.602869799439336,3.322437047958374,69.66316986083984,220.57944439689098,14.042654350825714,0.0,0.42093364229784586,-0.35595066017574695,-3.159168243408203
Qwen_Qwen3-1.7B,1.7B,1.7,exp_c,no_think,gsm8k_test_001006,no_think,canonical,,False,answer_segment,no_think_answer,13,exp_c_segment_sample,71,71,4.8619797706604,9.922273810480682,4.186100006103516,31.06540870666504,17.90947123621085,9.75774382863726,0.014084507042253521,-0.9227535814186795,-0.31250076823764417,-4.143763542175293
Qwen_Qwen3-1.7B,1.7B,1.7,exp_c,no_think,gsm8k_test_001006,no_think,canonical,,False,answer_segment,no_think_answer,20,exp_c_segment_sample,71,71,4.729562854766845,11.541565801056338,4.791347026824951,35.165809631347656,25.55057715056375,11.456311961582728,0.0,-1.8496686416052963,-1.5204478104909267,-4.9080810546875
Qwen_Qwen3-1.7B,1.7B,1.7,exp_c,no_think,gsm8k_test_001026,no_think,canonical,,False,answer_segment,no_think_answer,6,exp_c_segment_sample,61,61,3.0750386714935307,14.174226268393095,4.147057056427002,73.40619659423828,116.14830791188385,13.493696061770123,0.0,-3.9081401749302707,-4.142306447029114,5.414022445678711
Qwen_Qwen3-1.7B,1.7B,1.7,exp_c,no_think,gsm8k_test_001026,no_think,canonical,,False,answer_segment,no_think_answer,13,exp_c_segment_sample,61,61,4.8619797706604,10.50673321426892,4.773290157318115,33.07145690917969,19.512734845270696,10.329530612627666,0.01639344262295082,-1.6841697813908512,-1.958986222743988,-3.8429393768310547
Qwen_Qwen3-1.7B,1.7B,1.7,exp_c,no_think,gsm8k_test_001026,no_think,canonical,,False,answer_segment,no_think_answer,20,exp_c_segment_sample,61,61,4.729562854766845,10.497051770569849,3.8517394065856934,29.08501434326172,20.47028238617682,10.357917777697246,0.03278688524590164,0.4078951098816807,-0.48190486431121826,-0.5829133987426758
Qwen_Qwen3-1.7B,1.7B,1.7,exp_c,no_think,gsm8k_test_001088,no_think,canonical,,False,answer_segment,no_think_answer,6,exp_c_segment_sample,65,65,3.0750386714935307,15.531956100463868,2.812657117843628,58.45718002319336,135.71039090795438,15.062554389238358,0.015384615384615385,-15.895830139080148,-14.539136045119342,8.850157737731934
Qwen_Qwen3-1.7B,1.7B,1.7,exp_c,no_think,gsm8k_test_001088,no_think,canonical,,False,answer_segment,no_think_answer,13,exp_c_segment_sample,65,65,4.8619797706604,11.54916597513052,4.651019096374512,30.309127807617188,31.049386195249753,11.442000523209572,0.046153846153846156,-6.4359617246614595,-6.435134438907399,4.881802558898926
Qwen_Qwen3-1.7B,1.7B,1.7,exp_c,no_think,gsm8k_test_001088,no_think,canonical,,False,answer_segment,no_think_answer,20,exp_c_segment_sample,65,65,4.729562854766845,10.830869535299447,4.03394079208374,37.1541862487793,32.16544296039621,10.646996572613716,0.06153846153846154,0.184044045668379,-1.6258131756502028,-1.4371471405029297
Qwen_Qwen3-1.7B,1.7B,1.7,exp_c,no_think,gsm8k_test_001096,no_think,canonical,,False,answer_segment,no_think_answer,6,exp_c_segment_sample,60,60,3.0750386714935307,15.631644717852275,4.390072345733643,67.88123321533203,126.40941820868385,15.12946069846719,0.0,-2.6965044123227404,-1.7761568705240869,9.992202758789062
Qwen_Qwen3-1.7B,1.7B,1.7,exp_c,no_think,gsm8k_test_001096,no_think,canonical,,False,answer_segment,no_think_answer,13,exp_c_segment_sample,60,60,4.8619797706604,11.812467233339946,5.8858256340026855,24.057710647583008,18.4492663201462,11.71973010240975,0.0,-1.4259233889032477,-1.4565304756164554,2.816415786743164
Qwen_Qwen3-1.7B,1.7B,1.7,exp_c,no_think,gsm8k_test_001096,no_think,canonical,,False,answer_segment,no_think_answer,20,exp_c_segment_sample,60,60,4.729562854766845,11.606038522720336,5.425138473510742,34.08430099487305,33.526593391633114,11.449710514585849,0.0,2.809049842396721,1.258765824635823,5.1394734382629395
Qwen_Qwen3-1.7B,1.7B,1.7,exp_c,no_think,gsm8k_test_001106,no_think,canonical,,True,answer_segment,no_think_answer,6,exp_c_segment_sample,58,58,3.0750386714935307,12.482589738122348,5.439249515533447,68.41735076904297,94.85230109859182,11.868879251312793,0.0,1.5096820327428846,0.5974972407023103,7.640205383300781
Qwen_Qwen3-1.7B,1.7B,1.7,exp_c,no_think,gsm8k_test_001106,no_think,canonical,,True,answer_segment,no_think_answer,13,exp_c_segment_sample,58,58,4.8619797706604,11.26407131655463,5.36415958404541,29.556690216064453,17.37335010549608,11.093038324724164,0.0,0.99175666829148,0.34678287506103445,1.8077363967895508
Qwen_Qwen3-1.7B,1.7B,1.7,exp_c,no_think,gsm8k_test_001106,no_think,canonical,,True,answer_segment,no_think_answer,20,exp_c_segment_sample,58,58,4.729562854766845,11.407236132128485,6.221648216247559,32.7734260559082,23.609913946175947,11.220570463883249,0.0,4.384338711103733,3.720847892761231,-2.4067745208740234
Qwen_Qwen3-1.7B,1.7B,1.7,exp_c,no_think,gsm8k_test_001136,no_think,canonical,,False,answer_segment,no_think_answer,6,exp_c_segment_sample,39,39,3.0750386714935307,13.00859852326222,4.379881858825684,51.91325759887695,94.49580942591766,12.355791292692487,0.0,1.7073152028597323,2.2597097873687755,-5.0084228515625
Qwen_Qwen3-1.7B,1.7B,1.7,exp_c,no_think,gsm8k_test_001136,no_think,canonical,,False,answer_segment,no_think_answer,13,exp_c_segment_sample,39,39,4.8619797706604,11.038068759135712,4.987149715423584,26.709938049316406,25.383995952676084,10.823069597545421,0.0,-0.8403158407944914,-1.456221866607665,-2.413773536682129
Qwen_Qwen3-1.7B,1.7B,1.7,exp_c,no_think,gsm8k_test_001136,no_think,canonical,,False,answer_segment,no_think_answer,20,exp_c_segment_sample,39,39,4.729562854766845,12.217411187978891,5.6976141929626465,35.423683166503906,31.251371543040523,11.933902251093011,0.0,4.484884401468128,2.7905452251434326,-10.538863182067871
Qwen_Qwen3-1.7B,1.7B,1.7,exp_c,no_think,gsm8k_test_001164,no_think,canonical,,False,answer_segment,no_think_answer,6,exp_c_segment_sample,73,73,3.0750386714935307,10.690682894563022,2.38271164894104,108.53096771240234,217.8636159467356,9.938129292594061,0.0684931506849315,1.7537208823352723,-0.26019179193597,7.483551025390625
Qwen_Qwen3-1.7B,1.7B,1.7,exp_c,no_think,gsm8k_test_001164,no_think,canonical,,False,answer_segment,no_think_answer,13,exp_c_segment_sample,73,73,4.8619797706604,9.603693704082541,3.426889419555664,31.845726013183594,32.48590843789619,9.422931575112871,0.1780821917808219,-3.5028242478764327,-3.3856482882248713,1.1316804885864258
Qwen_Qwen3-1.7B,1.7B,1.7,exp_c,no_think,gsm8k_test_001164,no_think,canonical,,False,answer_segment,no_think_answer,20,exp_c_segment_sample,73,73,4.729562854766845,9.965206198496361,3.4607067108154297,29.475162506103516,20.202318940846734,9.82748321692149,0.0273972602739726,-2.9244415226003797,-2.1749147114000813,1.1570091247558594
Qwen_Qwen3-1.7B,1.7B,1.7,exp_c,no_think,gsm8k_test_001165,no_think,canonical,,False,answer_segment,no_think_answer,6,exp_c_segment_sample,53,53,3.0750386714935307,13.030835898417347,3.7479171752929688,56.80216598510742,89.62841719638861,12.486115849935095,0.0,-0.37882169487589973,-1.3890826020921985,4.326007843017578
Qwen_Qwen3-1.7B,1.7B,1.7,exp_c,no_think,gsm8k_test_001165,no_think,canonical,,False,answer_segment,no_think_answer,13,exp_c_segment_sample,53,53,4.8619797706604,10.128922894315899,4.565549373626709,23.71701431274414,17.790922400785444,9.9888135103079,0.05660377358490566,3.665076967555275,2.025331565311978,-3.074944496154785
Qwen_Qwen3-1.7B,1.7B,1.7,exp_c,no_think,gsm8k_test_001165,no_think,canonical,,False,answer_segment,no_think_answer,20,exp_c_segment_sample,53,53,4.729562854766845,10.286579500954106,3.8968067169189453,43.24132537841797,34.352721415296074,9.99156160538013,0.09433962264150944,5.527628790657475,3.4763812337602893,-0.17370033264160156
Qwen_Qwen3-1.7B,1.7B,1.7,exp_c,no_think,gsm8k_test_001188,no_think,canonical,,False,answer_segment,no_think_answer,6,exp_c_segment_sample,47,47,3.0750386714935307,13.530046615194767,6.521458148956299,48.442054748535156,67.59831694763677,13.00508433839549,0.0,4.892558280457843,1.5066223541895543,5.530892372131348
Qwen_Qwen3-1.7B,1.7B,1.7,exp_c,no_think,gsm8k_test_001188,no_think,canonical,,False,answer_segment,no_think_answer,13,exp_c_segment_sample,47,47,4.8619797706604,11.36967114184765,4.983155250549316,25.247928619384766,21.294169141971498,11.223043234451957,0.0,1.1456388843820497,-0.6687694787979126,-5.688451766967773
Qwen_Qwen3-1.7B,1.7B,1.7,exp_c,no_think,gsm8k_test_001188,no_think,canonical,,False,answer_segment,no_think_answer,20,exp_c_segment_sample,47,47,4.729562854766845,12.032834631331424,4.94249963760376,26.03641700744629,22.852580300840717,11.914973694345225,0.0,2.4181924855455432,-0.30229643980662146,0.09617996215820312
Qwen_Qwen3-1.7B,1.7B,1.7,exp_c,no_think,gsm8k_test_001251,no_think,canonical,,False,answer_segment,no_think_answer,6,exp_c_segment_sample,71,71,3.0750386714935307,13.19658671634298,3.3148391246795654,91.20509338378906,152.35038487935978,12.495127051217215,0.0,-0.5135483047771852,0.1716378264957008,13.774267196655273
Qwen_Qwen3-1.7B,1.7B,1.7,exp_c,no_think,gsm8k_test_001251,no_think,canonical,,False,answer_segment,no_think_answer,13,exp_c_segment_sample,71,71,4.8619797706604,11.426036142967117,4.724318981170654,29.567020416259766,30.126496446999745,11.286078575679232,0.028169014084507043,2.636915962461006,1.763970189624363,-3.0275611877441406
Qwen_Qwen3-1.7B,1.7B,1.7,exp_c,no_think,gsm8k_test_001251,no_think,canonical,,False,answer_segment,no_think_answer,20,exp_c_segment_sample,71,71,4.729562854766845,10.482762094954369,4.3224263191223145,50.46018600463867,43.63784977320621,10.349143409729002,0.04225352112676056,4.538142311740927,3.158117506239149,2.908651351928711
Qwen_Qwen3-1.7B,1.7B,1.7,exp_c,no_think,gsm8k_test_001271,no_think,canonical,,False,answer_segment,no_think_answer,6,exp_c_segment_sample,71,71,3.0750386714935307,12.699592388851542,4.003923416137695,60.81217956542969,80.71396817841158,12.276852648598807,0.0,1.74759325511019,1.2183272043863926,5.96282958984375
Qwen_Qwen3-1.7B,1.7B,1.7,exp_c,no_think,gsm8k_test_001271,no_think,canonical,,False,answer_segment,no_think_answer,13,exp_c_segment_sample,71,71,4.8619797706604,11.14448648103526,5.116791725158691,31.996566772460938,28.164556987205188,11.001591055733819,0.0,-1.115929735658321,-2.05802787674798,-1.7498416900634766
Qwen_Qwen3-1.7B,1.7B,1.7,exp_c,no_think,gsm8k_test_001271,no_think,canonical,,False,answer_segment,no_think_answer,20,exp_c_segment_sample,71,71,4.729562854766845,11.430688844600194,4.332610130310059,26.858203887939453,22.386960094202532,11.328129196166993,0.014084507042253521,1.2998322589856286,0.25184792942470935,-4.960064888000488
Qwen_Qwen3-1.7B,1.7B,1.7,exp_c,no_think,gsm8k_test_001317,no_think,canonical,,False,answer_segment,no_think_answer,6,exp_c_segment_sample,75,75,3.0750386714935307,11.457381801605225,3.6710448265075684,83.77010345458984,132.0246800202404,10.842225274524173,0.0,6.263053812227744,4.894448317979512,-1.4904708862304688
Qwen_Qwen3-1.7B,1.7B,1.7,exp_c,no_think,gsm8k_test_001317,no_think,canonical,,False,answer_segment,no_think_answer,13,exp_c_segment_sample,75,75,4.8619797706604,9.906227703094482,4.946625709533691,23.85191535949707,13.966842354603957,9.825608018282297,0.0,0.8901191851967204,0.578242477617767,-0.4103546142578125
Qwen_Qwen3-1.7B,1.7B,1.7,exp_c,no_think,gsm8k_test_001317,no_think,canonical,,False,answer_segment,no_think_answer,20,exp_c_segment_sample,75,75,4.729562854766845,11.131857941945395,5.51748514175415,24.41714859008789,18.0902537297874,11.02516044797124,0.0,0.29587279269568684,0.5121349033556477,0.060812950134277344
Qwen_Qwen3-1.7B,1.7B,1.7,exp_c,think,gsm8k_test_000099,think,canonical,,True,answer_segment,think_answer,6,exp_c_segment_sample,47,47,3.0750386714935307,17.58699105648284,3.4901039600372314,83.66185760498047,245.86341676331125,16.844160795211792,0.0,-9.34902034668212,-2.6423098246256487,-30.06456756591797
Qwen_Qwen3-1.7B,1.7B,1.7,exp_c,think,gsm8k_test_000099,think,canonical,,True,answer_segment,think_answer,13,exp_c_segment_sample,47,47,4.8619797706604,12.211685454591791,5.638918876647949,49.183345794677734,45.90570923523084,11.827530135279115,0.0,1.5553463748160883,1.8024290402730294,-4.389007568359375
Qwen_Qwen3-1.7B,1.7B,1.7,exp_c,think,gsm8k_test_000099,think,canonical,,True,answer_segment,think_answer,20,exp_c_segment_sample,47,47,4.729562854766845,11.99802527529128,5.827441692352295,29.527143478393555,25.071624230314875,11.807870584985483,0.0,-1.5877234352395828,0.20768749713897705,-7.1437482833862305
Qwen_Qwen3-1.7B,1.7B,1.7,exp_c,think,gsm8k_test_000099,think,canonical,,True,thinking_segment,thinking,6,exp_c_segment_sample,192,192,3.0750386714935307,16.73102475826939,2.7227258682250977,221.53472900390625,648.627795560089,16.70823444371448,0.020833333333333332,-14.855593948128028,-12.534111638863882,-30.06456756591797
Qwen_Qwen3-1.7B,1.7B,1.7,exp_c,think,gsm8k_test_000099,think,canonical,,True,thinking_segment,thinking,13,exp_c_segment_sample,192,192,4.8619797706604,11.855254637698332,3.9540834426879883,74.2901382446289,63.551406809189125,11.76247236491498,0.036458333333333336,-8.712738671991518,-6.9430778721968345,-4.389007568359375
Qwen_Qwen3-1.7B,1.7B,1.7,exp_c,think,gsm8k_test_000099,think,canonical,,True,thinking_segment,thinking,20,exp_c_segment_sample,192,192,4.729562854766845,11.258296104768911,3.436915159225464,40.357666015625,31.72062994407032,11.197504330680008,0.046875,-4.856743685939788,-3.4718739986419678,-7.1437482833862305
Qwen_Qwen3-1.7B,1.7B,1.7,exp_c,think,gsm8k_test_000109,think,canonical,,True,answer_segment,think_answer,6,exp_c_segment_sample,72,72,3.0750386714935307,13.715758502483368,4.118805408477783,110.14207458496094,208.0023833584283,12.900160017147867,0.0,-1.5226832443176144,0.10039811664157483,11.05384349822998
Qwen_Qwen3-1.7B,1.7B,1.7,exp_c,think,gsm8k_test_000109,think,canonical,,True,answer_segment,think_answer,13,exp_c_segment_sample,72,72,4.8619797706604,11.207104590204027,5.142423152923584,39.60967254638672,28.605357070467406,11.005745377339109,0.0,1.7618463474866042,1.5940357844034825,2.166807174682617
Qwen_Qwen3-1.7B,1.7B,1.7,exp_c,think,gsm8k_test_000109,think,canonical,,True,answer_segment,think_answer,20,exp_c_segment_sample,72,72,4.729562854766845,11.08993751472897,5.253109931945801,26.6833553314209,23.395393971460855,10.984051952899339,0.0,-1.8340217686134779,-1.0503843890296096,-3.706827163696289
Qwen_Qwen3-1.7B,1.7B,1.7,exp_c,think,gsm8k_test_000109,think,canonical,,True,thinking_segment,thinking,6,exp_c_segment_sample,256,256,3.0750386714935307,12.300095715094358,1.4270787239074707,126.35803985595703,303.26389791487486,12.556979867183802,0.15625,-6.151125453426022,-7.2850458938628435,11.05384349822998
Qwen_Qwen3-1.7B,1.7B,1.7,exp_c,think,gsm8k_test_000109,think,canonical,,True,thinking_segment,thinking,13,exp_c_segment_sample,256,256,4.8619797706604,10.941314390860498,3.14375901222229,52.26630401611328,55.3928191248981,10.862685293862313,0.14453125,-4.35229878771855,-3.5901676900684834,2.166807174682617
Qwen_Qwen3-1.7B,1.7B,1.7,exp_c,think,gsm8k_test_000109,think,canonical,,True,thinking_segment,thinking,20,exp_c_segment_sample,256,256,4.729562854766845,11.297521776054054,1.8854793310165405,65.75732421875,62.52351890107202,11.349869053472169,0.14453125,-3.4818360752289084,-2.827708652243018,-3.706827163696289
Qwen_Qwen3-1.7B,1.7B,1.7,exp_c,think,gsm8k_test_000118,think,canonical,,True,answer_segment,think_answer,6,exp_c_segment_sample,46,46,3.0750386714935307,15.670151316601297,5.031585693359375,90.11925506591797,206.01749015371826,14.69791931576199,0.0,5.835331211919366,5.102303981781004,11.125082969665527
Qwen_Qwen3-1.7B,1.7B,1.7,exp_c,think,gsm8k_test_000118,think,canonical,,True,answer_segment,think_answer,13,exp_c_segment_sample,46,46,4.8619797706604,12.58475961892501,5.392433166503906,46.15744400024414,45.36216708956685,12.206735663943821,0.0,8.794060224079622,5.75071442127228,0.15864181518554688
Qwen_Qwen3-1.7B,1.7B,1.7,exp_c,think,gsm8k_test_000118,think,canonical,,True,answer_segment,think_answer,20,exp_c_segment_sample,46,46,4.729562854766845,12.897140803544417,6.505803108215332,31.653078079223633,35.34955101721157,12.810489156511094,0.0,8.904984312295701,6.248556892077129,-9.007516860961914
Qwen_Qwen3-1.7B,1.7B,1.7,exp_c,think,gsm8k_test_000118,think,canonical,,True,thinking_segment,thinking,6,exp_c_segment_sample,183,183,3.0750386714935307,13.480698143849608,2.0854952335357666,71.798828125,206.8892811323126,13.440355344133062,0.15300546448087432,-14.699116334096052,-10.835400151169818,11.125082969665527
Qwen_Qwen3-1.7B,1.7B,1.7,exp_c,think,gsm8k_test_000118,think,canonical,,True,thinking_segment,thinking,13,exp_c_segment_sample,183,183,4.8619797706604,11.568409772518555,3.5957319736480713,38.526615142822266,40.4264846273402,11.457841557460826,0.04371584699453552,-5.093134013228287,-4.010260250257408,0.15864181518554688
Qwen_Qwen3-1.7B,1.7B,1.7,exp_c,think,gsm8k_test_000118,think,canonical,,True,thinking_segment,thinking,20,exp_c_segment_sample,183,183,4.729562854766845,11.291806465941049,4.442409515380859,33.878875732421875,25.407992166597783,11.20588314140236,0.01639344262295082,-3.4626342167789668,-2.4474074114923887,-9.007516860961914
Qwen_Qwen3-1.7B,1.7B,1.7,exp_c,think,gsm8k_test_000150,think,canonical,,False,answer_segment,think_answer,6,exp_c_segment_sample,49,49,3.0750386714935307,13.222585220726168,4.56592321395874,46.94013595581055,58.42805255015004,12.884885013103487,0.0,-0.26152348265357134,-0.8765760568472043,6.492587566375732
Qwen_Qwen3-1.7B,1.7B,1.7,exp_c,think,gsm8k_test_000150,think,canonical,,False,answer_segment,think_answer,13,exp_c_segment_sample,49,49,4.8619797706604,9.695877698003029,4.572142124176025,26.421714782714844,12.964709158331434,9.588656038045883,0.02040816326530612,-1.2585484360675443,-2.003589079930231,-4.993623733520508
Qwen_Qwen3-1.7B,1.7B,1.7,exp_c,think,gsm8k_test_000150,think,canonical,,False,answer_segment,think_answer,20,exp_c_segment_sample,49,49,4.729562854766845,10.6857325106251,3.9365084171295166,21.641376495361328,17.115400931106482,10.580180764198303,0.04081632653061224,-0.7667500807314583,-1.5078299045562744,-0.3561897277832031
Qwen_Qwen3-1.7B,1.7B,1.7,exp_c,think,gsm8k_test_000150,think,canonical,,False,thinking_segment,thinking,6,exp_c_segment_sample,256,256,3.0750386714935307,11.45659846579656,1.5890498161315918,114.16181182861328,211.5378224318943,11.400433947235985,0.14453125,-9.815635472263965,-7.534208036959171,6.492587566375732
Qwen_Qwen3-1.7B,1.7B,1.7,exp_c,think,gsm8k_test_000150,think,canonical,,False,thinking_segment,thinking,13,exp_c_segment_sample,256,256,4.8619797706604,12.72473269701004,2.3295254707336426,148.68084716796875,146.61737626468624,12.663430958695812,0.10546875,-6.082941023772824,-4.805750831961632,-4.993623733520508
Qwen_Qwen3-1.7B,1.7B,1.7,exp_c,think,gsm8k_test_000150,think,canonical,,False,thinking_segment,thinking,20,exp_c_segment_sample,256,256,4.729562854766845,11.71598912589252,2.25602650642395,38.50151824951172,62.27308717799729,11.688544843164335,0.16015625,-1.615097086353508,-1.9395673498511314,-0.3561897277832031
Qwen_Qwen3-1.7B,1.7B,1.7,exp_c,think,gsm8k_test_000273,think,canonical,,True,answer_segment,think_answer,6,exp_c_segment_sample,98,98,3.0750386714935307,12.075309833701777,3.507420778274536,85.10509490966797,165.7785130388168,11.688194877093599,0.0,5.316521109219449,4.18311490058899,7.473851203918457
Qwen_Qwen3-1.7B,1.7B,1.7,exp_c,think,gsm8k_test_000273,think,canonical,,True,answer_segment,think_answer,13,exp_c_segment_sample,98,98,4.8619797706604,11.352535442430145,4.433479309082031,37.3246955871582,28.649262494664892,11.186161070754848,0.030612244897959183,2.411667313041989,2.700004920959474,0.3209657669067383
Qwen_Qwen3-1.7B,1.7B,1.7,exp_c,think,gsm8k_test_000273,think,canonical,,True,answer_segment,think_answer,20,exp_c_segment_sample,98,98,4.729562854766845,11.351634774889265,5.0754218101501465,36.26757049560547,29.575881154774468,11.266086160522146,0.0,4.760718241840797,4.6852392578124995,-2.238553047180176
Qwen_Qwen3-1.7B,1.7B,1.7,exp_c,think,gsm8k_test_000273,think,canonical,,True,thinking_segment,thinking,6,exp_c_segment_sample,256,256,3.0750386714935307,13.24386918451637,1.7200794219970703,255.4306182861328,687.6325854263503,13.465664040564485,0.1640625,-18.266578651070585,-15.176557719707489,7.473851203918457
Qwen_Qwen3-1.7B,1.7B,1.7,exp_c,think,gsm8k_test_000273,think,canonical,,True,thinking_segment,thinking,13,exp_c_segment_sample,256,256,4.8619797706604,10.93012535199523,2.527552366256714,66.43260955810547,74.4244065578061,10.92323615304528,0.12109375,-7.290511523929684,-6.062916800379753,0.3209657669067383
Qwen_Qwen3-1.7B,1.7B,1.7,exp_c,think,gsm8k_test_000273,think,canonical,,True,thinking_segment,thinking,20,exp_c_segment_sample,256,256,4.729562854766845,11.381988258101046,3.6391921043395996,53.34321975708008,64.41991889186639,11.389806226335999,0.05859375,-5.108385411640427,-4.4189244247972965,-2.238553047180176
Qwen_Qwen3-1.7B,1.7B,1.7,exp_c,think,gsm8k_test_000325,think,canonical,,True,answer_segment,think_answer,6,exp_c_segment_sample,51,51,3.0750386714935307,13.517361477309583,3.9914257526397705,63.7567024230957,149.6973680596272,12.983534436225888,0.0,-2.1101259192729906,-1.1352723928598252,10.900086402893066
Qwen_Qwen3-1.7B,1.7B,1.7,exp_c,think,gsm8k_test_000325,think,canonical,,True,answer_segment,think_answer,13,exp_c_segment_sample,51,51,4.8619797706604,11.056733654994591,5.270246505737305,30.356277465820312,25.153765364464068,10.86809634208679,0.0,-1.883577560407539,-0.932502306424654,0.48265647888183594
Qwen_Qwen3-1.7B,1.7B,1.7,exp_c,think,gsm8k_test_000325,think,canonical,,True,answer_segment,think_answer,20,exp_c_segment_sample,51,51,4.729562854766845,12.091281647775688,5.233185291290283,25.868417739868164,22.29396191904767,11.899198875427246,0.0,-2.1202198434199606,-1.229276106907772,0.015848159790039062
Qwen_Qwen3-1.7B,1.7B,1.7,exp_c,think,gsm8k_test_000325,think,canonical,,True,thinking_segment,thinking,6,exp_c_segment_sample,256,256,3.0750386714935307,12.395193926990032,2.040985345840454,184.7017059326172,360.24889802932364,12.354553779431019,0.05078125,-18.06551467436858,-12.181137301027775,10.900086402893066
Qwen_Qwen3-1.7B,1.7B,1.7,exp_c,think,gsm8k_test_000325,think,canonical,,True,thinking_segment,thinking,13,exp_c_segment_sample,256,256,4.8619797706604,12.683513252064586,3.3322041034698486,119.59169006347656,141.2291818207817,12.6367211681128,0.0703125,-9.160679644581212,-6.433341149240732,0.48265647888183594
Qwen_Qwen3-1.7B,1.7B,1.7,exp_c,think,gsm8k_test_000325,think,canonical,,True,thinking_segment,thinking,20,exp_c_segment_sample,256,256,4.729562854766845,12.337464531883597,2.481916904449463,67.39265441894531,81.63263560612387,12.255926234447934,0.1171875,-6.735722189980619,-4.245668467134237,0.015848159790039062
Qwen_Qwen3-1.7B,1.7B,1.7,exp_c,think,gsm8k_test_000351,think,canonical,,True,answer_segment,think_answer,6,exp_c_segment_sample,43,43,3.0750386714935307,14.660281131433885,3.8863046169281006,57.81346893310547,99.54919589508133,14.110262342861722,0.0,-6.172284992250276,-4.950515205209907,4.867772102355957
Qwen_Qwen3-1.7B,1.7B,1.7,exp_c,think,gsm8k_test_000351,think,canonical,,True,answer_segment,think_answer,13,exp_c_segment_sample,43,43,4.8619797706604,11.339345222295718,5.415536403656006,35.59226608276367,26.20227611190126,11.080601635433379,0.0,0.5384923549837566,-1.5534214973449707,-0.4531440734863281
Qwen_Qwen3-1.7B,1.7B,1.7,exp_c,think,gsm8k_test_000351,think,canonical,,True,answer_segment,think_answer,20,exp_c_segment_sample,43,43,4.729562854766845,11.273600400880326,6.117416858673096,24.310575485229492,12.440190932740999,11.108199414752779,0.0,-0.2696164274316482,0.23884443803267175,-7.060372352600098
Qwen_Qwen3-1.7B,1.7B,1.7,exp_c,think,gsm8k_test_000351,think,canonical,,True,thinking_segment,thinking,6,exp_c_segment_sample,236,236,3.0750386714935307,13.092729535648377,1.8532986640930176,96.224365234375,235.09325702181684,13.054084748917436,0.059322033898305086,-13.99309506813512,-11.557928026732752,4.867772102355957
Qwen_Qwen3-1.7B,1.7B,1.7,exp_c,think,gsm8k_test_000351,think,canonical,,True,thinking_segment,thinking,13,exp_c_segment_sample,236,236,4.8619797706604,11.261486659615727,3.5738258361816406,45.898597717285156,53.943870027898186,11.194350080287203,0.0423728813559322,-7.600292463104138,-5.407496872594802,-0.4531440734863281
Qwen_Qwen3-1.7B,1.7B,1.7,exp_c,think,gsm8k_test_000351,think,canonical,,True,thinking_segment,thinking,20,exp_c_segment_sample,236,236,4.729562854766845,11.057051688937818,3.0609898567199707,43.10597229003906,43.60759496559203,10.97597963251966,0.09322033898305085,-5.696990382745527,-4.125410039546127,-7.060372352600098
Qwen_Qwen3-1.7B,1.7B,1.7,exp_c,think,gsm8k_test_000389,think,canonical,,False,answer_segment,think_answer,6,exp_c_segment_sample,61,61,3.0750386714935307,12.89883955189439,4.027822494506836,49.08203887939453,92.43347033714626,12.529498155911764,0.0,-4.983091941906113,-4.076527416706085,-7.311700820922852
Qwen_Qwen3-1.7B,1.7B,1.7,exp_c,think,gsm8k_test_000389,think,canonical,,False,answer_segment,think_answer,13,exp_c_segment_sample,61,61,4.8619797706604,11.29521680269085,5.377686977386475,38.89378356933594,35.55042677045182,11.049377655982973,0.0,0.49872261654568656,-0.0184154212474823,-3.1876373291015625
Qwen_Qwen3-1.7B,1.7B,1.7,exp_c,think,gsm8k_test_000389,think,canonical,,False,answer_segment,think_answer,20,exp_c_segment_sample,61,61,4.729562854766845,11.132729084765325,4.988412857055664,32.367584228515625,30.611787067032203,10.992865975697836,0.0,-1.965470830452371,-1.2669897079467773,-7.013462066650391
Qwen_Qwen3-1.7B,1.7B,1.7,exp_c,think,gsm8k_test_000389,think,canonical,,False,thinking_segment,thinking,6,exp_c_segment_sample,256,256,3.0750386714935307,12.736876913812011,1.4514875411987305,135.725341796875,305.00441651247723,12.808729783769994,0.19140625,-5.114854322339409,-4.112800978124142,-7.311700820922852
Qwen_Qwen3-1.7B,1.7B,1.7,exp_c,think,gsm8k_test_000389,think,canonical,,False,thinking_segment,thinking,13,exp_c_segment_sample,256,256,4.8619797706604,10.906535726040602,2.593417167663574,55.18544387817383,60.48914329876806,10.85780940329629,0.19140625,-2.4361402095377276,-1.0683267302811146,-3.1876373291015625
Qwen_Qwen3-1.7B,1.7B,1.7,exp_c,think,gsm8k_test_000389,think,canonical,,False,thinking_segment,thinking,20,exp_c_segment_sample,256,256,4.729562854766845,11.4153435761109,2.600222110748291,71.34107208251953,87.58505982751508,11.384975001572421,0.1484375,-3.130910672726446,-2.3967907428741455,-7.013462066650391
Qwen_Qwen3-1.7B,1.7B,1.7,exp_c,think,gsm8k_test_000561,think,canonical,,True,answer_segment,think_answer,6,exp_c_segment_sample,66,66,3.0750386714935307,10.870256926074173,2.6355292797088623,69.81021881103516,119.24188556549225,10.278204019253069,0.015151515151515152,1.7857242371366342,2.9420062934651092,12.054253578186035
Qwen_Qwen3-1.7B,1.7B,1.7,exp_c,think,gsm8k_test_000561,think,canonical,,True,answer_segment,think_answer,13,exp_c_segment_sample,66,66,4.8619797706604,10.203598354801986,4.57045841217041,37.236244201660156,22.30537538705581,9.982433795928955,0.015151515151515152,2.1392678865098844,2.3306658688713533,2.0088119506835938
Qwen_Qwen3-1.7B,1.7B,1.7,exp_c,think,gsm8k_test_000561,think,canonical,,True,answer_segment,think_answer,20,exp_c_segment_sample,66,66,4.729562854766845,10.548231623389505,4.7905659675598145,23.669403076171875,18.53899271958968,10.428533671452449,0.0,1.6598578385776197,2.545101109672995,1.4186649322509766
Qwen_Qwen3-1.7B,1.7B,1.7,exp_c,think,gsm8k_test_000561,think,canonical,,True,thinking_segment,thinking,6,exp_c_segment_sample,256,256,3.0750386714935307,10.500849092379212,2.2057857513427734,102.180908203125,160.44936797575446,10.412032286218697,0.11328125,-9.675458852356675,-5.697708319872618,12.054253578186035
Qwen_Qwen3-1.7B,1.7B,1.7,exp_c,think,gsm8k_test_000561,think,canonical,,True,thinking_segment,thinking,13,exp_c_segment_sample,256,256,4.8619797706604,10.224785033613443,2.742140054702759,42.548194885253906,46.002328997321335,10.075173130550901,0.12109375,-6.952757130137738,-4.551121897995472,2.0088119506835938
Qwen_Qwen3-1.7B,1.7B,1.7,exp_c,think,gsm8k_test_000561,think,canonical,,True,thinking_segment,thinking,20,exp_c_segment_sample,256,256,4.729562854766845,9.912981357425451,2.5462920665740967,32.98710250854492,31.546101323847978,9.863364095945617,0.109375,-4.10157512989303,-2.235668148845434,1.4186649322509766
Qwen_Qwen3-1.7B,1.7B,1.7,exp_c,think,gsm8k_test_000582,think,canonical,,True,answer_segment,think_answer,6,exp_c_segment_sample,54,54,3.0750386714935307,12.768216451009115,5.143215179443359,74.0493392944336,110.05026596301613,12.09133097810565,0.0,3.5723136034878795,2.562241009303504,-5.434932708740234
Qwen_Qwen3-1.7B,1.7B,1.7,exp_c,think,gsm8k_test_000582,think,canonical,,True,answer_segment,think_answer,13,exp_c_segment_sample,54,54,4.8619797706604,10.729659115826642,6.7693328857421875,42.77018356323242,24.245796993657986,10.435582448851386,0.0,2.951435089111323,2.1288748128073554,-2.5260066986083984
Qwen_Qwen3-1.7B,1.7B,1.7,exp_c,think,gsm8k_test_000582,think,canonical,,True,answer_segment,think_answer,20,exp_c_segment_sample,54,54,4.729562854766845,10.9720042458287,5.053743839263916,21.29853630065918,13.162829796448026,10.882585237611016,0.0,1.0762122134969658,0.7206415448869983,-6.073555946350098
Qwen_Qwen3-1.7B,1.7B,1.7,exp_c,think,gsm8k_test_000582,think,canonical,,True,thinking_segment,thinking,6,exp_c_segment_sample,256,256,3.0750386714935307,11.917108677327633,2.083574056625366,105.08709716796875,229.44002640033122,12.005158502480082,0.10546875,-7.2390184075105095,-3.819552142803486,-5.434932708740234
Qwen_Qwen3-1.7B,1.7B,1.7,exp_c,think,gsm8k_test_000582,think,canonical,,True,thinking_segment,thinking,13,exp_c_segment_sample,256,256,4.8619797706604,12.106405220925808,3.0406196117401123,61.593223571777344,70.44647623801433,12.059039877663398,0.08203125,-2.514800482272879,-1.7185588506551888,-2.5260066986083984
Qwen_Qwen3-1.7B,1.7B,1.7,exp_c,think,gsm8k_test_000582,think,canonical,,True,thinking_segment,thinking,20,exp_c_segment_sample,256,256,4.729562854766845,12.132193985395133,2.6792032718658447,46.627197265625,67.48308931108821,12.194792379336109,0.12109375,-0.022618368361962377,0.21118262731111948,-6.073555946350098
Qwen_Qwen3-1.7B,1.7B,1.7,exp_c,think,gsm8k_test_000697,think,canonical,,True,answer_segment,think_answer,6,exp_c_segment_sample,38,38,3.0750386714935307,12.316714594238682,3.8451879024505615,51.912193298339844,77.18877937731679,11.715242469632946,0.0,-2.4032285715404407,-1.0732593774795518,2.6675405502319336
Qwen_Qwen3-1.7B,1.7B,1.7,exp_c,think,gsm8k_test_000697,think,canonical,,True,answer_segment,think_answer,13,exp_c_segment_sample,38,38,4.8619797706604,10.484392492394699,5.468627452850342,45.93109893798828,44.52752152519211,10.004274381173623,0.0,3.868537620976868,2.86210651397705,-4.9603729248046875
Qwen_Qwen3-1.7B,1.7B,1.7,exp_c,think,gsm8k_test_000697,think,canonical,,True,answer_segment,think_answer,20,exp_c_segment_sample,38,38,4.729562854766845,10.266812224137155,5.4551897048950195,19.9378719329834,14.460500699023743,10.104803781251649,0.0,0.6846519616933954,1.7870714664459229,-3.002256393432617
Qwen_Qwen3-1.7B,1.7B,1.7,exp_c,think,gsm8k_test_000697,think,canonical,,True,thinking_segment,thinking,6,exp_c_segment_sample,256,256,3.0750386714935307,13.333138207439333,1.3634765148162842,245.53636169433594,587.8005437158452,13.243596115910202,0.203125,-7.499435591787875,-5.5507055558264256,2.6675405502319336
Qwen_Qwen3-1.7B,1.7B,1.7,exp_c,think,gsm8k_test_000697,think,canonical,,True,thinking_segment,thinking,13,exp_c_segment_sample,256,256,4.8619797706604,11.872082310728729,1.9969794750213623,73.61966705322266,124.59807406414211,11.758403736044212,0.18359375,-3.687580204770652,-2.966869469732046,-4.9603729248046875
Qwen_Qwen3-1.7B,1.7B,1.7,exp_c,think,gsm8k_test_000697,think,canonical,,True,thinking_segment,thinking,20,exp_c_segment_sample,256,256,4.729562854766845,10.277605522423983,1.794937252998352,81.14091491699219,92.34288097039962,10.174047754342812,0.2734375,-1.500029081965978,-1.3477847538888454,-3.002256393432617
Qwen_Qwen3-1.7B,1.7B,1.7,exp_c,think,gsm8k_test_000713,think,canonical,,True,answer_segment,think_answer,6,exp_c_segment_sample,54,54,3.0750386714935307,14.762360113638419,4.7005934715271,57.313724517822266,126.35798678278643,14.343050848762942,0.0,-6.7410582648383315,-7.735474416187833,2.88409423828125
Qwen_Qwen3-1.7B,1.7B,1.7,exp_c,think,gsm8k_test_000713,think,canonical,,True,answer_segment,think_answer,13,exp_c_segment_sample,54,54,4.8619797706604,11.058290737646598,5.732401371002197,36.20977783203125,23.334319789197416,10.838075035023236,0.0,-1.0228822948956733,-2.442127398082187,-1.360931396484375
Qwen_Qwen3-1.7B,1.7B,1.7,exp_c,think,gsm8k_test_000713,think,canonical,,True,answer_segment,think_answer,20,exp_c_segment_sample,54,54,4.729562854766845,12.559578639489633,4.288271903991699,25.0476016998291,21.501525025471413,12.49667276526397,0.018518518518518517,-2.906725013617317,-3.6918079512459894,-7.19367790222168
Qwen_Qwen3-1.7B,1.7B,1.7,exp_c,think,gsm8k_test_000713,think,canonical,,True,thinking_segment,thinking,6,exp_c_segment_sample,256,256,3.0750386714935307,12.436929923016578,1.765320897102356,136.81398010253906,247.07510431689897,12.407572114070256,0.11328125,-9.710854016612343,-7.562126673184906,2.88409423828125
Qwen_Qwen3-1.7B,1.7B,1.7,exp_c,think,gsm8k_test_000713,think,canonical,,True,thinking_segment,thinking,13,exp_c_segment_sample,256,256,4.8619797706604,11.77511119376868,2.4233877658843994,65.52371215820312,73.955862497011,11.739252616961798,0.125,-4.378271486010236,-3.3123268347520103,-1.360931396484375
Qwen_Qwen3-1.7B,1.7B,1.7,exp_c,think,gsm8k_test_000713,think,canonical,,True,thinking_segment,thinking,20,exp_c_segment_sample,256,256,4.729562854766845,10.900696623139083,2.5179543495178223,47.03422164916992,50.976362446279744,10.696490010420481,0.1328125,-1.7800733485577696,-1.7577470926138083,-7.19367790222168
Qwen_Qwen3-1.7B,1.7B,1.7,exp_c,think,gsm8k_test_000852,think,canonical,,True,answer_segment,think_answer,6,exp_c_segment_sample,51,51,3.0750386714935307,16.822568271674363,3.485961675643921,75.51544952392578,208.64994375790434,16.186176867485045,0.0,-14.600589351956119,-10.577476574824408,8.154915809631348
Qwen_Qwen3-1.7B,1.7B,1.7,exp_c,think,gsm8k_test_000852,think,canonical,,True,answer_segment,think_answer,13,exp_c_segment_sample,51,51,4.8619797706604,12.326100377475514,5.63785457611084,62.207603454589844,65.1482540989464,11.826684017181398,0.0,1.5684739712676363,0.8748707037705632,1.203740119934082
Qwen_Qwen3-1.7B,1.7B,1.7,exp_c,think,gsm8k_test_000852,think,canonical,,True,answer_segment,think_answer,20,exp_c_segment_sample,51,51,4.729562854766845,11.115129657820159,5.316540718078613,24.489212036132812,17.265989869707198,10.961115694046022,0.0,0.24856543648836424,0.6271499487069931,-0.9247913360595703
Qwen_Qwen3-1.7B,1.7B,1.7,exp_c,think,gsm8k_test_000852,think,canonical,,True,thinking_segment,thinking,6,exp_c_segment_sample,256,256,3.0750386714935307,10.68541559483856,1.7901320457458496,78.90953826904297,179.29739831734233,10.729390283997397,0.16796875,-10.480926349805873,-7.710871314629912,8.154915809631348
Qwen_Qwen3-1.7B,1.7B,1.7,exp_c,think,gsm8k_test_000852,think,canonical,,True,thinking_segment,thinking,13,exp_c_segment_sample,256,256,4.8619797706604,10.474405529908836,2.936953544616699,52.546852111816406,53.6306024759337,10.49368641988265,0.15625,-5.602888659120324,-4.42388990521431,1.203740119934082
Qwen_Qwen3-1.7B,1.7B,1.7,exp_c,think,gsm8k_test_000852,think,canonical,,True,thinking_segment,thinking,20,exp_c_segment_sample,256,256,4.729562854766845,10.553147573955357,2.5477042198181152,47.01076889038086,45.62595014451075,10.555999854771638,0.09375,-3.513110423455771,-3.623214941471815,-0.9247913360595703
Qwen_Qwen3-1.7B,1.7B,1.7,exp_c,think,gsm8k_test_000924,think,canonical,,True,answer_segment,think_answer,6,exp_c_segment_sample,46,46,3.0750386714935307,16.965663484905075,3.7419095039367676,76.2426528930664,192.11215357565064,15.985299841562906,0.0,-2.391907517718128,0.0597283442815133,17.017536163330078
Qwen_Qwen3-1.7B,1.7B,1.7,exp_c,think,gsm8k_test_000924,think,canonical,,True,answer_segment,think_answer,13,exp_c_segment_sample,46,46,4.8619797706604,11.252979434054831,5.060484409332275,34.87752151489258,24.78211991628561,10.973432699839275,0.0,1.0286535687406884,1.008473674456278,1.0637578964233398
Qwen_Qwen3-1.7B,1.7B,1.7,exp_c,think,gsm8k_test_000924,think,canonical,,True,answer_segment,think_answer,20,exp_c_segment_sample,46,46,4.729562854766845,13.139144213303275,4.276703834533691,33.937076568603516,40.75850544654877,12.90800774892171,0.021739130434782608,-0.5042425300322896,0.13477718830108643,5.662483215332031
Qwen_Qwen3-1.7B,1.7B,1.7,exp_c,think,gsm8k_test_000924,think,canonical,,True,thinking_segment,thinking,6,exp_c_segment_sample,256,256,3.0750386714935307,10.398443896323442,1.5195642709732056,82.0044937133789,161.8943453533836,10.298503229457342,0.14453125,-10.398536461038919,-9.101696722209454,17.017536163330078
Qwen_Qwen3-1.7B,1.7B,1.7,exp_c,think,gsm8k_test_000924,think,canonical,,True,thinking_segment,thinking,13,exp_c_segment_sample,256,256,4.8619797706604,10.714046829380095,2.9194252490997314,66.03508758544922,78.45646909937125,10.52652397584379,0.15234375,-7.140654608621844,-6.215114701539278,1.0637578964233398
Qwen_Qwen3-1.7B,1.7B,1.7,exp_c,think,gsm8k_test_000924,think,canonical,,True,thinking_segment,thinking,20,exp_c_segment_sample,256,256,4.729562854766845,9.695710259489715,2.344503164291382,36.98355484008789,37.16340290700431,9.613517173756374,0.1953125,-5.6784760268178465,-4.9442895613610744,5.662483215332031
Qwen_Qwen3-1.7B,1.7B,1.7,exp_c,think,gsm8k_test_000965,think,canonical,,True,answer_segment,think_answer,6,exp_c_segment_sample,48,48,3.0750386714935307,15.150651901960373,3.665754556655884,94.97962951660156,220.1761749019081,14.256750482193967,0.0,-2.681222385289731,-1.9151994983355216,1.5224180221557617
Qwen_Qwen3-1.7B,1.7B,1.7,exp_c,think,gsm8k_test_000965,think,canonical,,True,answer_segment,think_answer,13,exp_c_segment_sample,48,48,4.8619797706604,11.76465019583702,5.980493068695068,45.480712890625,40.885030688521105,11.430253962253003,0.0,-0.5472128573729111,-0.7839388847351074,-4.292949676513672
Qwen_Qwen3-1.7B,1.7B,1.7,exp_c,think,gsm8k_test_000965,think,canonical,,True,answer_segment,think_answer,20,exp_c_segment_sample,48,48,4.729562854766845,10.87199299534162,6.579883575439453,24.612709045410156,15.445084455070003,10.705052852630613,0.0,2.191462590986366,2.3102132876714077,-3.763050079345703
Qwen_Qwen3-1.7B,1.7B,1.7,exp_c,think,gsm8k_test_000965,think,canonical,,True,thinking_segment,thinking,6,exp_c_segment_sample,256,256,3.0750386714935307,10.884121500886977,1.7518420219421387,139.36476135253906,211.39293990180425,11.064779319732484,0.14453125,-9.196557065954622,-8.77236583828926,1.5224180221557617
Qwen_Qwen3-1.7B,1.7B,1.7,exp_c,think,gsm8k_test_000965,think,canonical,,True,thinking_segment,thinking,13,exp_c_segment_sample,256,256,4.8619797706604,11.07336830534041,3.117011547088623,47.5229606628418,46.91063093698332,11.007245267665436,0.06640625,-3.8685009393547247,-3.714531544595957,-4.292949676513672
Qwen_Qwen3-1.7B,1.7B,1.7,exp_c,think,gsm8k_test_000965,think,canonical,,True,thinking_segment,thinking,20,exp_c_segment_sample,256,256,4.729562854766845,11.114598418585956,3.4575531482696533,48.15266036987305,47.83781425206882,11.151966948621773,0.0703125,-4.234103936050293,-3.819697108119726,-3.763050079345703
Qwen_Qwen3-1.7B,1.7B,1.7,exp_c,think,gsm8k_test_000977,think,canonical,,True,answer_segment,think_answer,6,exp_c_segment_sample,74,74,3.0750386714935307,13.198362827301025,2.557145357131958,74.61759185791016,192.02352644367392,12.665547383974678,0.04054054054054054,-13.742419701138054,-12.231701775601037,10.194698333740234
Qwen_Qwen3-1.7B,1.7B,1.7,exp_c,think,gsm8k_test_000977,think,canonical,,True,answer_segment,think_answer,13,exp_c_segment_sample,74,74,4.8619797706604,10.975721488127837,4.0638041496276855,29.76145362854004,31.698483357545356,10.845707383874345,0.06756756756756757,-4.934734182615533,-3.9091203087254573,1.2514877319335938
Qwen_Qwen3-1.7B,1.7B,1.7,exp_c,think,gsm8k_test_000977,think,canonical,,True,answer_segment,think_answer,20,exp_c_segment_sample,74,74,4.729562854766845,11.364972494743967,3.72552752494812,29.09752082824707,28.994153233501727,11.254200791659422,0.05405405405405406,-4.300817990174164,-3.337038516998291,0.6179075241088867
Qwen_Qwen3-1.7B,1.7B,1.7,exp_c,think,gsm8k_test_000977,think,canonical,,True,thinking_segment,thinking,6,exp_c_segment_sample,215,215,3.0750386714935307,12.065820843674416,1.667147159576416,97.82066345214844,207.70970264787226,12.018056471771168,0.16744186046511628,-9.944944751878761,-9.997602811566106,10.194698333740234
Qwen_Qwen3-1.7B,1.7B,1.7,exp_c,think,gsm8k_test_000977,think,canonical,,True,thinking_segment,thinking,13,exp_c_segment_sample,215,215,4.8619797706604,10.26192373896754,3.119671583175659,41.266357421875,35.84181400607132,10.158864032442324,0.12558139534883722,-3.5609928735467102,-3.4768651326497384,1.2514877319335938
Qwen_Qwen3-1.7B,1.7B,1.7,exp_c,think,gsm8k_test_000977,think,canonical,,True,thinking_segment,thinking,20,exp_c_segment_sample,215,215,4.729562854766845,10.271421202947927,3.5525052547454834,34.2061882019043,30.20428580307429,10.225393029016868,0.08372093023255814,-1.8970467133731619,-2.844906003386887,0.6179075241088867
Qwen_Qwen3-1.7B,1.7B,1.7,exp_c,think,gsm8k_test_000988,think,canonical,,False,answer_segment,think_answer,6,exp_c_segment_sample,47,47,3.0750386714935307,17.49851957280585,4.026846408843994,58.11631393432617,174.79093859535948,17.203775063804958,0.0,-11.15802944213787,-6.723209738731384,3.9718494415283203
Qwen_Qwen3-1.7B,1.7B,1.7,exp_c,think,gsm8k_test_000988,think,canonical,,False,answer_segment,think_answer,13,exp_c_segment_sample,47,47,4.8619797706604,11.221205772237575,5.3269171714782715,24.86087417602539,24.266458772233253,11.081212209618611,0.0,-3.166350889713202,-2.501037438710531,-6.793140411376953
Qwen_Qwen3-1.7B,1.7B,1.7,exp_c,think,gsm8k_test_000988,think,canonical,,False,answer_segment,think_answer,20,exp_c_segment_sample,47,47,4.729562854766845,12.382644704047669,5.764142036437988,22.386707305908203,16.819376589882605,12.291908471480658,0.0,-0.2804919253004372,-0.5443181991577148,-4.633770942687988
Qwen_Qwen3-1.7B,1.7B,1.7,exp_c,think,gsm8k_test_000988,think,canonical,,False,thinking_segment,thinking,6,exp_c_segment_sample,256,256,3.0750386714935307,11.802548449952155,1.3621368408203125,234.13995361328125,409.15121504340226,11.70727892042833,0.15625,-11.599540095176865,-9.647368047386408,3.9718494415283203
Qwen_Qwen3-1.7B,1.7B,1.7,exp_c,think,gsm8k_test_000988,think,canonical,,False,thinking_segment,thinking,13,exp_c_segment_sample,256,256,4.8619797706604,11.45049524307251,2.1255767345428467,95.38162231445312,152.1443585940283,11.301507444874352,0.21484375,-11.493974402166595,-9.303447049111128,-6.793140411376953
Qwen_Qwen3-1.7B,1.7B,1.7,exp_c,think,gsm8k_test_000988,think,canonical,,False,thinking_segment,thinking,20,exp_c_segment_sample,256,256,4.729562854766845,9.625398118048906,2.22176194190979,49.514041900634766,55.245589304902275,9.564744814794663,0.28125,-6.211649994482635,-4.7837601862847805,-4.633770942687988
Qwen_Qwen3-1.7B,1.7B,1.7,exp_c,think,gsm8k_test_001002,think,canonical,,True,answer_segment,think_answer,6,exp_c_segment_sample,48,48,3.0750386714935307,15.855741734306017,3.5078299045562744,65.17227935791016,165.37717524209015,15.086684039298525,0.0,-9.337466841449567,-9.948168416817984,5.853885650634766
Qwen_Qwen3-1.7B,1.7B,1.7,exp_c,think,gsm8k_test_001002,think,canonical,,True,answer_segment,think_answer,13,exp_c_segment_sample,48,48,4.8619797706604,12.310727775096893,5.841516971588135,63.0432014465332,68.19361481093459,11.76919843795452,0.0,1.4269541599312532,-0.16261895497640033,-0.4049043655395508
Qwen_Qwen3-1.7B,1.7B,1.7,exp_c,think,gsm8k_test_001002,think,canonical,,True,answer_segment,think_answer,20,exp_c_segment_sample,48,48,4.729562854766845,13.054102212190628,5.646667957305908,26.35630226135254,21.439794850377666,12.941795247666379,0.0,-1.5924416768307674,-3.005821108818054,-3.4869308471679688
Qwen_Qwen3-1.7B,1.7B,1.7,exp_c,think,gsm8k_test_001002,think,canonical,,True,thinking_segment,thinking,6,exp_c_segment_sample,249,249,3.0750386714935307,12.106620412275015,2.026261806488037,73.2781753540039,216.50724631448804,12.062150915784223,0.14056224899598393,-6.992580609057342,-4.630143074762254,5.853885650634766
Qwen_Qwen3-1.7B,1.7B,1.7,exp_c,think,gsm8k_test_001002,think,canonical,,True,thinking_segment,thinking,13,exp_c_segment_sample,249,249,4.8619797706604,10.05090511180311,2.80003023147583,42.765037536621094,42.6231152111022,9.952462068488522,0.15261044176706828,-5.171107007911419,-3.9922679189651724,-0.4049043655395508
Qwen_Qwen3-1.7B,1.7B,1.7,exp_c,think,gsm8k_test_001002,think,canonical,,True,thinking_segment,thinking,20,exp_c_segment_sample,249,249,4.729562854766845,9.966075604220471,2.5083773136138916,44.68546676635742,47.360263044093315,9.928620523022067,0.15261044176706828,-2.695165901230057,-2.369956716658578,-3.4869308471679688
Qwen_Qwen3-1.7B,1.7B,1.7,exp_c,think,gsm8k_test_001006,think,canonical,,False,answer_segment,think_answer,6,exp_c_segment_sample,129,129,3.0750386714935307,8.24863554525745,2.0164692401885986,61.436859130859375,86.18713128226885,8.048053605481982,0.20155038759689922,-2.0102598557105336,-1.4496394504200332,-3.159168243408203
Qwen_Qwen3-1.7B,1.7B,1.7,exp_c,think,gsm8k_test_001006,think,canonical,,False,answer_segment,think_answer,13,exp_c_segment_sample,129,129,4.8619797706604,8.62581231982209,3.0462307929992676,34.67940902709961,21.72736537989735,8.502263389527798,0.15503875968992248,-2.458581718519886,-1.7861065142082442,-4.143763542175293
Qwen_Qwen3-1.7B,1.7B,1.7,exp_c,think,gsm8k_test_001006,think,canonical,,False,answer_segment,think_answer,20,exp_c_segment_sample,129,129,4.729562854766845,9.440157043841458,2.9463531970977783,32.28507614135742,22.319402709392588,9.38461347669363,0.09302325581395349,-3.1036701384938405,-2.6384292804833613,-4.9080810546875
Qwen_Qwen3-1.7B,1.7B,1.7,exp_c,think,gsm8k_test_001006,think,canonical,,False,thinking_segment,thinking,6,exp_c_segment_sample,256,256,3.0750386714935307,13.977975421119481,1.2814456224441528,123.78289031982422,395.1876095787938,13.909625512117533,0.2109375,-14.214678882301085,-12.32367748953402,-3.159168243408203
Qwen_Qwen3-1.7B,1.7B,1.7,exp_c,think,gsm8k_test_001006,think,canonical,,False,thinking_segment,thinking,13,exp_c_segment_sample,256,256,4.8619797706604,13.29227449838072,2.1069281101226807,100.21798706054688,185.12821230752797,13.151666813194172,0.203125,-11.105638476928453,-8.475063472986221,-4.143763542175293
Qwen_Qwen3-1.7B,1.7B,1.7,exp_c,think,gsm8k_test_001006,think,canonical,,False,thinking_segment,thinking,20,exp_c_segment_sample,256,256,4.729562854766845,12.540436056442559,1.9970855712890625,59.596595764160156,109.61122605151792,12.469153740485044,0.2109375,-7.717451156455867,-5.30299573764205,-4.9080810546875
Qwen_Qwen3-1.7B,1.7B,1.7,exp_c,think,gsm8k_test_001026,think,canonical,,True,answer_segment,think_answer,6,exp_c_segment_sample,53,53,3.0750386714935307,16.009533702202564,4.091235637664795,69.13532257080078,146.164636751703,15.548062498752888,0.0,-8.027282768825314,-6.8150771004813055,5.414022445678711
Qwen_Qwen3-1.7B,1.7B,1.7,exp_c,think,gsm8k_test_001026,think,canonical,,True,answer_segment,think_answer,13,exp_c_segment_sample,53,53,4.8619797706604,10.784063537165803,5.007174015045166,27.944910049438477,15.818451022033793,10.631341998393722,0.0,-1.6665428589474938,-1.9639681747981488,-3.8429393768310547
Qwen_Qwen3-1.7B,1.7B,1.7,exp_c,think,gsm8k_test_001026,think,canonical,,True,answer_segment,think_answer,20,exp_c_segment_sample,53,53,4.729562854766845,11.938145331616672,6.1761064529418945,25.161664962768555,16.425500567455668,11.81401305932265,0.0,-1.2251909543883135,-0.16174152919224305,-0.5829133987426758
Qwen_Qwen3-1.7B,1.7B,1.7,exp_c,think,gsm8k_test_001026,think,canonical,,True,thinking_segment,thinking,6,exp_c_segment_sample,256,256,3.0750386714935307,14.107130714226514,1.8667594194412231,164.5249786376953,384.04958522600907,14.166937110019706,0.1015625,-13.030968756404333,-10.585996601730585,5.414022445678711
Qwen_Qwen3-1.7B,1.7B,1.7,exp_c,think,gsm8k_test_001026,think,canonical,,True,thinking_segment,thinking,13,exp_c_segment_sample,256,256,4.8619797706604,12.979114056564867,3.228231430053711,74.30741882324219,99.67750601991293,12.935591139988594,0.0546875,-7.317483799606628,-5.987371169030666,-3.8429393768310547
Qwen_Qwen3-1.7B,1.7B,1.7,exp_c,think,gsm8k_test_001026,think,canonical,,True,thinking_segment,thinking,20,exp_c_segment_sample,256,256,4.729562854766845,12.88769855722785,2.2518038749694824,92.0241470336914,109.0843316306161,12.890368997934502,0.10546875,-4.8672154212114025,-4.08171159401536,-0.5829133987426758
Qwen_Qwen3-1.7B,1.7B,1.7,exp_c,think,gsm8k_test_001088,think,canonical,,False,answer_segment,think_answer,6,exp_c_segment_sample,107,107,3.0750386714935307,9.974290329719258,1.8569175004959106,77.08602142333984,184.41543832753055,9.798389013083474,0.2523364485981308,-2.5417594899764677,-3.1173465428528964,8.850157737731934
Qwen_Qwen3-1.7B,1.7B,1.7,exp_c,think,gsm8k_test_001088,think,canonical,,False,answer_segment,think_answer,13,exp_c_segment_sample,107,107,4.8619797706604,10.371874711223851,2.9987685680389404,44.79624938964844,65.29833186786223,10.277045650302238,0.1588785046728972,-1.6132213356338838,-2.4302268028259277,4.881802558898926
Qwen_Qwen3-1.7B,1.7B,1.7,exp_c,think,gsm8k_test_001088,think,canonical,,False,answer_segment,think_answer,20,exp_c_segment_sample,107,107,4.729562854766845,9.629149153967884,2.7916736602783203,30.202800750732422,27.8687700091808,9.528165725042234,0.11214953271028037,0.5241504846951212,-0.26340854609454034,-1.4371471405029297
Qwen_Qwen3-1.7B,1.7B,1.7,exp_c,think,gsm8k_test_001088,think,canonical,,False,thinking_segment,thinking,6,exp_c_segment_sample,256,256,3.0750386714935307,12.42714344477281,1.578858494758606,104.66664123535156,316.6513401556059,12.331963855620714,0.17578125,-13.935903427938339,-10.777321686968207,8.850157737731934
Qwen_Qwen3-1.7B,1.7B,1.7,exp_c,think,gsm8k_test_001088,think,canonical,,False,thinking_segment,thinking,13,exp_c_segment_sample,256,256,4.8619797706604,10.571622245013714,2.3800177574157715,59.502140045166016,89.23158248028307,10.424720754167954,0.22265625,-6.603722123010124,-4.116792716085911,4.881802558898926
Qwen_Qwen3-1.7B,1.7B,1.7,exp_c,think,gsm8k_test_001088,think,canonical,,False,thinking_segment,thinking,20,exp_c_segment_sample,256,256,4.729562854766845,10.543039911426604,2.29628586769104,39.6234245300293,68.63680813833616,10.413840335944474,0.26171875,-7.933851828668034,-5.474050555378199,-1.4371471405029297
Qwen_Qwen3-1.7B,1.7B,1.7,exp_c,think,gsm8k_test_001096,think,canonical,,True,answer_segment,think_answer,6,exp_c_segment_sample,76,76,3.0750386714935307,14.492406073369478,4.122311115264893,67.85569763183594,121.62037373055465,14.12796812693278,0.0,-5.183986262760177,-4.323800664199027,9.992202758789062
Qwen_Qwen3-1.7B,1.7B,1.7,exp_c,think,gsm8k_test_001096,think,canonical,,True,answer_segment,think_answer,13,exp_c_segment_sample,76,76,4.8619797706604,12.345420178614164,5.086832046508789,42.66047668457031,39.82329263585596,12.213904234568275,0.0,-0.7560595796276216,-2.063065001839087,2.816415786743164
Qwen_Qwen3-1.7B,1.7B,1.7,exp_c,think,gsm8k_test_001096,think,canonical,,True,answer_segment,think_answer,20,exp_c_segment_sample,76,76,4.729562854766845,12.319304761133695,5.5338358879089355,32.465389251708984,27.63776434256997,12.211117083231608,0.0,0.7533368528174411,-0.024935170223837844,5.1394734382629395
Qwen_Qwen3-1.7B,1.7B,1.7,exp_c,think,gsm8k_test_001096,think,canonical,,True,thinking_segment,thinking,6,exp_c_segment_sample,256,256,3.0750386714935307,10.317649377975613,1.409156084060669,112.51412963867188,180.3033008753431,10.261535806265492,0.21484375,-14.300527892468615,-10.852609081193805,9.992202758789062
Qwen_Qwen3-1.7B,1.7B,1.7,exp_c,think,gsm8k_test_001096,think,canonical,,True,thinking_segment,thinking,13,exp_c_segment_sample,256,256,4.8619797706604,10.65864634187892,1.8874253034591675,58.53264617919922,77.90238006363153,10.544346974374722,0.25390625,-8.290805473286529,-6.048346180468798,2.816415786743164
Qwen_Qwen3-1.7B,1.7B,1.7,exp_c,think,gsm8k_test_001096,think,canonical,,True,thinking_segment,thinking,20,exp_c_segment_sample,256,256,4.729562854766845,9.887352237477899,2.048288106918335,40.772071838378906,53.82696187602913,9.863172106343171,0.28125,-6.804388457794034,-5.74618474394083,5.1394734382629395
Qwen_Qwen3-1.7B,1.7B,1.7,exp_c,think,gsm8k_test_001106,think,canonical,,True,answer_segment,think_answer,6,exp_c_segment_sample,50,50,3.0750386714935307,13.56336778640747,5.669629096984863,68.81011962890625,113.62109854483418,12.834521741283185,0.0,3.329056037454034,2.140042708470272,7.640205383300781
Qwen_Qwen3-1.7B,1.7B,1.7,exp_c,think,gsm8k_test_001106,think,canonical,,True,answer_segment,think_answer,13,exp_c_segment_sample,50,50,4.8619797706604,11.292913417816163,6.391324043273926,36.971073150634766,27.713903491857856,11.038026001988628,0.0,3.0733215219834302,2.1185040840735816,1.8077363967895508
Qwen_Qwen3-1.7B,1.7B,1.7,exp_c,think,gsm8k_test_001106,think,canonical,,True,answer_segment,think_answer,20,exp_c_segment_sample,50,50,4.729562854766845,11.66263412475586,5.813810348510742,23.240896224975586,18.80111597557525,11.550829838733284,0.0,2.3799173040951054,3.1770724516648503,-2.4067745208740234
Qwen_Qwen3-1.7B,1.7B,1.7,exp_c,think,gsm8k_test_001106,think,canonical,,True,thinking_segment,thinking,6,exp_c_segment_sample,211,211,3.0750386714935307,10.695777950128672,1.7585970163345337,101.3539047241211,172.08208485050682,10.640684366793856,0.13744075829383887,-4.415862520606841,-3.9711388979318,7.640205383300781
Qwen_Qwen3-1.7B,1.7B,1.7,exp_c,think,gsm8k_test_001106,think,canonical,,True,thinking_segment,thinking,13,exp_c_segment_sample,211,211,4.8619797706604,10.217721448690405,3.32887601852417,43.74171829223633,36.70469603073724,10.10685609862918,0.12322274881516587,-4.2718249272332125,-3.231111922354069,1.8077363967895508
Qwen_Qwen3-1.7B,1.7B,1.7,exp_c,think,gsm8k_test_001106,think,canonical,,True,thinking_segment,thinking,20,exp_c_segment_sample,211,211,4.729562854766845,9.657196888991441,2.9052162170410156,36.792442321777344,33.597755429407904,9.603325043405805,0.0947867298578199,-1.862175939527166,-1.8819869554267736,-2.4067745208740234
Qwen_Qwen3-1.7B,1.7B,1.7,exp_c,think,gsm8k_test_001136,think,canonical,,True,answer_segment,think_answer,6,exp_c_segment_sample,43,43,3.0750386714935307,15.937030725700911,3.6459288597106934,62.47607421875,144.2169035033617,15.312073321569535,0.0,-3.0724163498989467,-5.398144375194203,-5.0084228515625
Qwen_Qwen3-1.7B,1.7B,1.7,exp_c,think,gsm8k_test_001136,think,canonical,,True,answer_segment,think_answer,13,exp_c_segment_sample,43,43,4.8619797706604,13.027848021928655,6.694890975952148,67.83418273925781,97.49178131408831,12.402794565473284,0.0,4.063567404515145,1.7640175385908652,-2.413773536682129
Qwen_Qwen3-1.7B,1.7B,1.7,exp_c,think,gsm8k_test_001136,think,canonical,,True,answer_segment,think_answer,20,exp_c_segment_sample,43,43,4.729562854766845,11.053450506786968,5.0796284675598145,22.025482177734375,18.040442483824908,10.918717100506738,0.0,0.09639440480044509,0.4364489208568223,-10.538863182067871
Qwen_Qwen3-1.7B,1.7B,1.7,exp_c,think,gsm8k_test_001136,think,canonical,,True,thinking_segment,thinking,6,exp_c_segment_sample,212,212,3.0750386714935307,12.412324032693538,2.531512498855591,110.13119506835938,219.2465306634801,12.360810085495498,0.07547169811320754,-9.811149005144767,-8.033353639098832,-5.0084228515625
Qwen_Qwen3-1.7B,1.7B,1.7,exp_c,think,gsm8k_test_001136,think,canonical,,True,thinking_segment,thinking,13,exp_c_segment_sample,212,212,4.8619797706604,10.888878740229696,3.6864891052246094,52.41215515136719,38.59500931393756,10.754284767177996,0.05188679245283019,-5.0648374120637145,-3.7833968558401434,-2.413773536682129
Qwen_Qwen3-1.7B,1.7B,1.7,exp_c,think,gsm8k_test_001136,think,canonical,,True,thinking_segment,thinking,20,exp_c_segment_sample,212,212,4.729562854766845,10.287708579369312,3.8619704246520996,38.64959716796875,27.167551880030587,10.1924342250372,0.05188679245283019,-2.5139407342398234,-1.745614978502383,-10.538863182067871
Qwen_Qwen3-1.7B,1.7B,1.7,exp_c,think,gsm8k_test_001164,think,canonical,,True,answer_segment,think_answer,6,exp_c_segment_sample,69,69,3.0750386714935307,13.394435094750445,1.6666576862335205,95.20755767822266,228.3197424610246,12.642507062238801,0.13043478260869565,-2.7356986516751096,-3.5631688965691453,7.483551025390625
Qwen_Qwen3-1.7B,1.7B,1.7,exp_c,think,gsm8k_test_001164,think,canonical,,True,answer_segment,think_answer,13,exp_c_segment_sample,69,69,4.8619797706604,10.161857494409533,3.4741737842559814,42.14228057861328,41.09378459929629,9.887851609903224,0.18840579710144928,1.0137600792120718,0.3344917032453747,1.1316804885864258
Qwen_Qwen3-1.7B,1.7B,1.7,exp_c,think,gsm8k_test_001164,think,canonical,,True,answer_segment,think_answer,20,exp_c_segment_sample,69,69,4.729562854766845,11.21409549229387,3.55194091796875,27.90808868408203,35.11544071962808,11.051980989820818,0.15942028985507245,-1.1412276090302163,-1.2244307200113926,1.1570091247558594
Qwen_Qwen3-1.7B,1.7B,1.7,exp_c,think,gsm8k_test_001164,think,canonical,,True,thinking_segment,thinking,6,exp_c_segment_sample,256,256,3.0750386714935307,13.8772550704889,1.8448137044906616,137.27601623535156,419.1291271653008,14.183813553055124,0.09375,-8.494494570676366,-6.222514519324671,7.483551025390625
Qwen_Qwen3-1.7B,1.7B,1.7,exp_c,think,gsm8k_test_001164,think,canonical,,True,thinking_segment,thinking,13,exp_c_segment_sample,256,256,4.8619797706604,11.156564237549901,3.0633437633514404,56.05466079711914,63.69636328199717,11.216981539272126,0.13671875,-5.527450518190596,-3.8504566192626957,1.1316804885864258
Qwen_Qwen3-1.7B,1.7B,1.7,exp_c,think,gsm8k_test_001164,think,canonical,,True,thinking_segment,thinking,20,exp_c_segment_sample,256,256,4.729562854766845,11.624965343624353,3.1119394302368164,51.60281753540039,61.5208023562688,11.650248096954254,0.078125,-2.548088206590654,-1.810761499404908,1.1570091247558594
Qwen_Qwen3-1.7B,1.7B,1.7,exp_c,think,gsm8k_test_001165,think,canonical,,False,answer_segment,think_answer,6,exp_c_segment_sample,60,60,3.0750386714935307,15.010800441106161,4.486486911773682,58.77510452270508,128.4027725066203,14.672157392663468,0.0,-3.299914874405158,-1.9699604670206732,4.326007843017578
Qwen_Qwen3-1.7B,1.7B,1.7,exp_c,think,gsm8k_test_001165,think,canonical,,False,answer_segment,think_answer,13,exp_c_segment_sample,60,60,4.8619797706604,10.81697855790456,5.348106861114502,30.42910385131836,26.868410655199174,10.726653381929559,0.0,1.4588643253826759,-0.18088715871174976,-3.074944496154785
Qwen_Qwen3-1.7B,1.7B,1.7,exp_c,think,gsm8k_test_001165,think,canonical,,False,answer_segment,think_answer,20,exp_c_segment_sample,60,60,4.729562854766845,10.62321469783783,3.9895920753479004,23.41368293762207,15.267730217010644,10.515001175767283,0.03333333333333333,1.1210513451060398,1.1726848284403477,-0.17370033264160156
Qwen_Qwen3-1.7B,1.7B,1.7,exp_c,think,gsm8k_test_001165,think,canonical,,False,thinking_segment,thinking,6,exp_c_segment_sample,256,256,3.0750386714935307,12.02117352373898,1.5423871278762817,273.8837890625,711.9965543576185,11.934176053220067,0.1953125,-13.703373737552791,-7.70111371204257,4.326007843017578
Qwen_Qwen3-1.7B,1.7B,1.7,exp_c,think,gsm8k_test_001165,think,canonical,,False,thinking_segment,thinking,13,exp_c_segment_sample,256,256,4.8619797706604,10.425616575405002,2.18468976020813,94.45038604736328,98.22387234588132,10.308955503253676,0.2265625,-7.0755119599959855,-5.309270817786455,-3.074944496154785
Qwen_Qwen3-1.7B,1.7B,1.7,exp_c,think,gsm8k_test_001165,think,canonical,,False,thinking_segment,thinking,20,exp_c_segment_sample,256,256,4.729562854766845,9.952809429727495,2.408785104751587,61.18295669555664,58.237920015673865,9.885522936752201,0.23046875,-6.798224108235338,-5.7446742206811905,-0.17370033264160156
Qwen_Qwen3-1.7B,1.7B,1.7,exp_c,think,gsm8k_test_001188,think,canonical,,False,answer_segment,think_answer,6,exp_c_segment_sample,39,39,3.0750386714935307,14.47901638960227,4.728798866271973,63.020111083984375,170.43441539281298,13.712182459078335,0.0,6.872179823655347,2.01045823097229,5.530892372131348
Qwen_Qwen3-1.7B,1.7B,1.7,exp_c,think,gsm8k_test_001188,think,canonical,,False,answer_segment,think_answer,13,exp_c_segment_sample,39,39,4.8619797706604,11.990658332140018,5.630001068115234,52.74806594848633,65.7632170396948,11.45020079612732,0.0,6.457835740309498,2.4334395885467544,-5.688451766967773
Qwen_Qwen3-1.7B,1.7B,1.7,exp_c,think,gsm8k_test_001188,think,canonical,,False,answer_segment,think_answer,20,exp_c_segment_sample,39,39,4.729562854766845,12.456871350606283,4.911879539489746,41.35302734375,43.58866335689719,12.297266746822157,0.0,-3.041401525644159,-3.1547452926635735,0.09617996215820312
Qwen_Qwen3-1.7B,1.7B,1.7,exp_c,think,gsm8k_test_001188,think,canonical,,False,thinking_segment,thinking,6,exp_c_segment_sample,256,256,3.0750386714935307,14.131837380118668,1.591670036315918,116.43279266357422,447.88496006038986,14.029491498223988,0.19921875,-10.513395529577604,-6.7154238522052765,5.530892372131348
Qwen_Qwen3-1.7B,1.7B,1.7,exp_c,think,gsm8k_test_001188,think,canonical,,False,thinking_segment,thinking,13,exp_c_segment_sample,256,256,4.8619797706604,13.416753930039704,2.909039258956909,92.87849426269531,177.5501845711621,13.266653044181957,0.18359375,-5.448440298163443,-3.7732210233807564,-5.688451766967773
Qwen_Qwen3-1.7B,1.7B,1.7,exp_c,think,gsm8k_test_001188,think,canonical,,False,thinking_segment,thinking,20,exp_c_segment_sample,256,256,4.729562854766845,13.179749824106693,2.439863681793213,69.65675354003906,129.62224221657578,13.109533397310193,0.15625,-5.32408068086212,-2.382900107651949,0.09617996215820312
Qwen_Qwen3-1.7B,1.7B,1.7,exp_c,think,gsm8k_test_001251,think,canonical,,True,answer_segment,think_answer,6,exp_c_segment_sample,51,51,3.0750386714935307,14.594978865455179,2.523555040359497,63.846893310546875,181.28161016995745,14.011116113662721,0.0392156862745098,-6.7819298316990055,-3.031576229975773,13.774267196655273
Qwen_Qwen3-1.7B,1.7B,1.7,exp_c,think,gsm8k_test_001251,think,canonical,,True,answer_segment,think_answer,13,exp_c_segment_sample,51,51,4.8619797706604,10.471676237442914,4.15647029876709,25.52872657775879,21.13039992922839,10.311769189834596,0.058823529411764705,1.2954945391659307,2.519246871654804,-3.0275611877441406
Qwen_Qwen3-1.7B,1.7B,1.7,exp_c,think,gsm8k_test_001251,think,canonical,,True,answer_segment,think_answer,20,exp_c_segment_sample,51,51,4.729562854766845,10.88144541721718,4.830567836761475,37.8980712890625,33.52527697227568,10.552051429748536,0.0,3.979109869823202,5.344239418323223,2.908651351928711
Qwen_Qwen3-1.7B,1.7B,1.7,exp_c,think,gsm8k_test_001251,think,canonical,,True,thinking_segment,thinking,6,exp_c_segment_sample,256,256,3.0750386714935307,13.17131685744971,1.5759423971176147,245.603759765625,543.849716575281,13.086383855830857,0.16015625,-12.804317764758297,-6.595397425815463,13.774267196655273
Qwen_Qwen3-1.7B,1.7B,1.7,exp_c,think,gsm8k_test_001251,think,canonical,,True,thinking_segment,thinking,13,exp_c_segment_sample,256,256,4.8619797706604,12.536925044842064,3.0634827613830566,84.78380584716797,142.2042599656497,12.391582273368018,0.1640625,-6.766228184472455,-4.292901743203402,-3.0275611877441406
Qwen_Qwen3-1.7B,1.7B,1.7,exp_c,think,gsm8k_test_001251,think,canonical,,True,thinking_segment,thinking,20,exp_c_segment_sample,256,256,4.729562854766845,11.242770348675549,2.6274116039276123,46.317893981933594,67.53811982419845,11.189164414508069,0.125,-7.840244996854229,-4.96824299171567,2.908651351928711
Qwen_Qwen3-1.7B,1.7B,1.7,exp_c,think,gsm8k_test_001271,think,canonical,,True,answer_segment,think_answer,6,exp_c_segment_sample,56,56,3.0750386714935307,14.439182038818087,3.6611998081207275,77.78639221191406,152.6747593247649,13.80580449104309,0.0,-3.140224163245436,-1.2747940165655969,5.96282958984375
Qwen_Qwen3-1.7B,1.7B,1.7,exp_c,think,gsm8k_test_001271,think,canonical,,True,answer_segment,think_answer,13,exp_c_segment_sample,56,56,4.8619797706604,11.560349787984576,5.115292072296143,30.247699737548828,26.801169610561665,11.395672919533473,0.0,-2.719697082849371,-1.8762563296726764,-1.7498416900634766
Qwen_Qwen3-1.7B,1.7B,1.7,exp_c,think,gsm8k_test_001271,think,canonical,,True,answer_segment,think_answer,20,exp_c_segment_sample,56,56,4.729562854766845,12.778759743486132,5.111846923828125,28.832290649414062,38.625414940354304,12.651762563532051,0.0,-0.9815099194533793,-0.4432649612426758,-4.960064888000488
Qwen_Qwen3-1.7B,1.7B,1.7,exp_c,think,gsm8k_test_001271,think,canonical,,True,thinking_segment,thinking,6,exp_c_segment_sample,256,256,3.0750386714935307,12.445186444092542,1.693649411201477,79.08221435546875,212.87920934608908,12.32335701697811,0.07421875,-11.9639810674573,-8.200079567730427,5.96282958984375
Qwen_Qwen3-1.7B,1.7B,1.7,exp_c,think,gsm8k_test_001271,think,canonical,,True,thinking_segment,thinking,13,exp_c_segment_sample,256,256,4.8619797706604,12.093771409243345,3.2794620990753174,73.84591674804688,81.27478286979326,12.008174723358518,0.109375,-7.745016659571105,-5.303258530795574,-1.7498416900634766
Qwen_Qwen3-1.7B,1.7B,1.7,exp_c,think,gsm8k_test_001271,think,canonical,,True,thinking_segment,thinking,20,exp_c_segment_sample,256,256,4.729562854766845,12.1224195798859,3.193988084793091,51.85019302368164,58.002099962180175,12.144155873224072,0.0703125,-4.981072716807104,-2.438032303005457,-4.960064888000488
Qwen_Qwen3-1.7B,1.7B,1.7,exp_c,think,gsm8k_test_001317,think,canonical,,True,answer_segment,think_answer,6,exp_c_segment_sample,57,57,3.0750386714935307,14.126492684347587,3.4544014930725098,64.05284881591797,96.44446073259448,13.622404967035566,0.0,-3.275052968906187,-3.2753146171569814,-1.4904708862304688
Qwen_Qwen3-1.7B,1.7B,1.7,exp_c,think,gsm8k_test_001317,think,canonical,,True,answer_segment,think_answer,13,exp_c_segment_sample,57,57,4.8619797706604,11.390967360714026,6.761030197143555,31.27457046508789,17.426358950256084,11.17548860822405,0.0,0.13258636495378018,0.2505852063496903,-0.4103546142578125
Qwen_Qwen3-1.7B,1.7B,1.7,exp_c,think,gsm8k_test_001317,think,canonical,,True,answer_segment,think_answer,20,exp_c_segment_sample,57,57,4.729562854766845,13.012880685036642,4.280876636505127,28.779767990112305,29.378009264029018,12.89671130691256,0.03508771929824561,-3.656272213169113,-3.081453673044841,0.060812950134277344
Qwen_Qwen3-1.7B,1.7B,1.7,exp_c,think,gsm8k_test_001317,think,canonical,,True,thinking_segment,thinking,6,exp_c_segment_sample,256,256,3.0750386714935307,13.731244198977947,2.594787120819092,111.03649139404297,272.8702175158526,13.989138947030291,0.0546875,-9.841855425143667,-7.270536243915558,-1.4904708862304688
Qwen_Qwen3-1.7B,1.7B,1.7,exp_c,think,gsm8k_test_001317,think,canonical,,True,thinking_segment,thinking,13,exp_c_segment_sample,256,256,4.8619797706604,11.333015371114016,3.1860291957855225,42.672698974609375,33.12263449361748,11.31243311484348,0.078125,-5.123311604446291,-3.5627973303198814,-0.4103546142578125
Qwen_Qwen3-1.7B,1.7B,1.7,exp_c,think,gsm8k_test_001317,think,canonical,,True,thinking_segment,thinking,20,exp_c_segment_sample,256,256,4.729562854766845,12.781979308463633,2.8894460201263428,58.26206588745117,56.95058266539209,12.82983420806502,0.0703125,-1.3927570664841824,-0.7616425305604935,0.060812950134277344
Qwen_Qwen3-14B,14B,14.0,exp_c,no_think,gsm8k_test_000042,no_think,canonical,,True,answer_segment,no_think_answer,6,exp_c_segment_sample,38,38,3.094149351119995,14.632874928022686,4.315476894378662,43.62310028076172,90.69559782460263,14.362532345024315,0.0,-3.5140004119409785,-1.575057649612429,-2.136566162109375
Qwen_Qwen3-14B,14B,14.0,exp_c,no_think,gsm8k_test_000042,no_think,canonical,,True,answer_segment,no_think_answer,13,exp_c_segment_sample,38,38,4.653426647186279,10.696717387751528,4.271279811859131,19.960744857788086,22.465779568007733,10.551207387769544,0.05263157894736842,-4.346928916962052,-3.96632137298584,-4.701356887817383
Qwen_Qwen3-14B,14B,14.0,exp_c,no_think,gsm8k_test_000042,no_think,canonical,,True,answer_segment,no_think_answer,20,exp_c_segment_sample,38,38,6.1318488121032715,12.156046478371872,4.410064697265625,34.526512145996094,38.61002483055182,12.078166214195457,0.15789473684210525,-4.802890493802218,-5.169323587417603,6.336676597595215
Qwen_Qwen3-14B,14B,14.0,exp_c,no_think,gsm8k_test_000070,no_think,canonical,,False,answer_segment,no_think_answer,6,exp_c_segment_sample,51,51,3.094149351119995,15.77930134417964,4.249578475952148,75.92863464355469,189.99721872388858,15.544826736450196,0.0,-15.728982992301685,-10.312340076153093,-19.301769256591797
Qwen_Qwen3-14B,14B,14.0,exp_c,no_think,gsm8k_test_000070,no_think,canonical,,False,answer_segment,no_think_answer,13,exp_c_segment_sample,51,51,4.653426647186279,14.223293561561436,2.8064639568328857,38.98469924926758,70.49809686054321,14.171567683219909,0.09803921568627451,-11.542580382316883,-8.22902352993305,-5.995293617248535
Qwen_Qwen3-14B,14B,14.0,exp_c,no_think,gsm8k_test_000070,no_think,canonical,,False,answer_segment,no_think_answer,20,exp_c_segment_sample,51,51,6.1318488121032715,13.109158525279923,3.3616855144500732,33.068843841552734,52.23337564402297,13.13161253929138,0.1568627450980392,-8.976362679339092,-7.329314103493326,-0.4415884017944336
Qwen_Qwen3-14B,14B,14.0,exp_c,no_think,gsm8k_test_000088,no_think,canonical,,True,answer_segment,no_think_answer,6,exp_c_segment_sample,46,46,3.094149351119995,15.206485737924991,3.2209653854370117,80.81040954589844,199.50314802069622,14.92141457663642,0.0,-5.990695433303447,-4.554143071174622,-3.859628677368164
Qwen_Qwen3-14B,14B,14.0,exp_c,no_think,gsm8k_test_000088,no_think,canonical,,True,answer_segment,no_think_answer,13,exp_c_segment_sample,46,46,4.653426647186279,12.3018631675969,3.956082582473755,26.730161666870117,33.549373648207556,12.16050361527337,0.043478260869565216,-6.055655849299755,-4.153155287106831,-8.342626571655273
Qwen_Qwen3-14B,14B,14.0,exp_c,no_think,gsm8k_test_000088,no_think,canonical,,True,answer_segment,no_think_answer,20,exp_c_segment_sample,46,46,6.1318488121032715,12.393541512281999,5.015317916870117,22.06292152404785,22.840153150038518,12.299322329627143,0.043478260869565216,-7.1155232373042665,-6.735165953636171,3.6328258514404297
Qwen_Qwen3-14B,14B,14.0,exp_c,no_think,gsm8k_test_000227,no_think,canonical,,False,answer_segment,no_think_answer,6,exp_c_segment_sample,74,74,3.094149351119995,16.403439128721082,2.0177621841430664,104.65591430664062,394.3915111059967,16.020136918107127,0.22972972972972974,-21.74953339654045,-21.403256466514186,12.852977752685547
Qwen_Qwen3-14B,14B,14.0,exp_c,no_think,gsm8k_test_000227,no_think,canonical,,False,answer_segment,no_think_answer,13,exp_c_segment_sample,74,74,4.653426647186279,12.105562902785636,2.8856167793273926,44.1944580078125,73.95373674539537,11.939682656771515,0.14864864864864866,-5.7763707416122045,-5.173800493541517,-0.008337020874023438
Qwen_Qwen3-14B,14B,14.0,exp_c,no_think,gsm8k_test_000227,no_think,canonical,,False,answer_segment,no_think_answer,20,exp_c_segment_sample,74,74,6.1318488121032715,10.994585117778263,3.208590269088745,33.5166130065918,34.43692442782395,10.938621661434436,0.14864864864864866,-0.07595132492683984,-0.12423224198190752,1.6496591567993164
Qwen_Qwen3-14B,14B,14.0,exp_c,no_think,gsm8k_test_000257,no_think,canonical,,True,answer_segment,no_think_answer,6,exp_c_segment_sample,59,59,3.094149351119995,16.98825954986831,4.235373497009277,83.42778778076172,254.32766706984995,16.740342740354865,0.0,-9.033495500532272,-3.302066167195637,5.811248779296875
Qwen_Qwen3-14B,14B,14.0,exp_c,no_think,gsm8k_test_000257,no_think,canonical,,True,answer_segment,no_think_answer,13,exp_c_segment_sample,59,59,4.653426647186279,11.024238933951167,4.996728897094727,23.289642333984375,16.273803275662146,10.93901800287181,0.0,-1.7750782320054987,-0.47913751602172816,2.163844108581543
Qwen_Qwen3-14B,14B,14.0,exp_c,no_think,gsm8k_test_000257,no_think,canonical,,True,answer_segment,no_think_answer,20,exp_c_segment_sample,59,59,6.1318488121032715,11.555039737184169,6.34787654876709,19.144163131713867,10.712854981263288,11.453696111152913,0.0,-1.4777935642307147,-0.7090636571248368,3.158968925476074
Qwen_Qwen3-14B,14B,14.0,exp_c,no_think,gsm8k_test_000273,no_think,canonical,,True,answer_segment,no_think_answer,6,exp_c_segment_sample,59,59,3.094149351119995,14.954629154528602,5.373875141143799,62.87419128417969,117.04188069462232,14.722194984041412,0.0,-4.483881235930885,-2.383548736572264,11.305500030517578
Qwen_Qwen3-14B,14B,14.0,exp_c,no_think,gsm8k_test_000273,no_think,canonical,,True,answer_segment,no_think_answer,13,exp_c_segment_sample,59,59,4.653426647186279,11.804901066472976,5.418233394622803,24.500402450561523,25.066505263989338,11.691381660001033,0.0,-3.777510731907217,-3.2965511957804345,5.146291732788086
Qwen_Qwen3-14B,14B,14.0,exp_c,no_think,gsm8k_test_000273,no_think,canonical,,True,answer_segment,no_think_answer,20,exp_c_segment_sample,59,59,6.1318488121032715,12.01534652709961,5.502011775970459,32.093563079833984,27.729030097276976,11.97156208136986,0.06779661016949153,-3.0568224906921557,-2.2672967592875146,1.0736274719238281
Qwen_Qwen3-14B,14B,14.0,exp_c,no_think,gsm8k_test_000310,no_think,canonical,,False,answer_segment,no_think_answer,6,exp_c_segment_sample,65,65,3.094149351119995,12.667600235572229,4.344724655151367,42.55099868774414,93.59959261126102,12.353766143321991,0.0,-5.746430337012234,-6.055220099056468,-0.10975265502929688
Qwen_Qwen3-14B,14B,14.0,exp_c,no_think,gsm8k_test_000310,no_think,canonical,,False,answer_segment,no_think_answer,13,exp_c_segment_sample,65,65,4.653426647186279,11.524115738501916,5.509116172790527,29.819992065429688,32.198524906278976,11.371863409876823,0.0,-5.911231677182077,-5.10713992399328,-3.1565418243408203
Qwen_Qwen3-14B,14B,14.0,exp_c,no_think,gsm8k_test_000310,no_think,canonical,,False,answer_segment,no_think_answer,20,exp_c_segment_sample,65,65,6.1318488121032715,11.695692876669076,5.988943099975586,29.311803817749023,25.245389050019664,11.521983318030834,0.015384615384615385,-1.9103649099390045,-1.6969473221722762,1.2644033432006836
Qwen_Qwen3-14B,14B,14.0,exp_c,no_think,gsm8k_test_000325,no_think,canonical,,False,answer_segment,no_think_answer,6,exp_c_segment_sample,61,61,3.094149351119995,15.477278971281208,2.8580539226531982,94.39236450195312,286.214716190602,15.22409276564916,0.01639344262295082,-24.93081653843095,-20.422874629497528,-24.350780487060547
Qwen_Qwen3-14B,14B,14.0,exp_c,no_think,gsm8k_test_000325,no_think,canonical,,False,answer_segment,no_think_answer,13,exp_c_segment_sample,61,61,4.653426647186279,11.468331848988768,2.816169261932373,28.566226959228516,33.008079485145636,11.38795344432195,0.08196721311475409,-7.482491183318761,-5.21576127409935,-15.073325157165527
Qwen_Qwen3-14B,14B,14.0,exp_c,no_think,gsm8k_test_000325,no_think,canonical,,False,answer_segment,no_think_answer,20,exp_c_segment_sample,61,61,6.1318488121032715,12.309076973649322,3.8240199089050293,30.58977699279785,34.970336266119936,12.182734274864199,0.09836065573770492,-9.10920024561163,-6.369772344827652,0.7000274658203125
Qwen_Qwen3-14B,14B,14.0,exp_c,no_think,gsm8k_test_000364,no_think,canonical,,True,answer_segment,no_think_answer,6,exp_c_segment_sample,44,44,3.094149351119995,14.179595551707529,3.09858775138855,55.41280746459961,130.8410204948731,13.818758604138399,0.0,-5.579970038298409,-2.077819585800171,-45.511016845703125
Qwen_Qwen3-14B,14B,14.0,exp_c,no_think,gsm8k_test_000364,no_think,canonical,,True,answer_segment,no_think_answer,13,exp_c_segment_sample,44,44,4.653426647186279,10.90129668604244,3.537386655807495,27.44792938232422,32.36795172355498,10.781870115635007,0.09090909090909091,-6.514245765136945,-4.519169222224844,-18.126567840576172
Qwen_Qwen3-14B,14B,14.0,exp_c,no_think,gsm8k_test_000364,no_think,canonical,,True,answer_segment,no_think_answer,20,exp_c_segment_sample,44,44,6.1318488121032715,13.04646221074191,4.781398296356201,31.680618286132812,37.3030818775882,12.911913117697072,0.045454545454545456,-7.303227514209168,-6.603414015336472,-0.7141017913818359
Qwen_Qwen3-14B,14B,14.0,exp_c,no_think,gsm8k_test_000389,no_think,canonical,,True,answer_segment,no_think_answer,6,exp_c_segment_sample,51,51,3.094149351119995,15.994788871091956,5.267251014709473,88.48975372314453,257.36665320813984,15.794373559951785,0.0,-2.995867196251361,-1.3263529997605517,-20.583473205566406
Qwen_Qwen3-14B,14B,14.0,exp_c,no_think,gsm8k_test_000389,no_think,canonical,,True,answer_segment,no_think_answer,13,exp_c_segment_sample,51,51,4.653426647186279,11.759192111445408,4.524613380432129,30.62761878967285,22.44997041992463,11.718709897994994,0.0196078431372549,-1.1971576095166718,-0.8226202818063584,-15.630128860473633
Qwen_Qwen3-14B,14B,14.0,exp_c,no_think,gsm8k_test_000389,no_think,canonical,,True,answer_segment,no_think_answer,20,exp_c_segment_sample,51,51,6.1318488121032715,13.998819884131937,5.951094627380371,35.96236801147461,43.2061196409253,13.974695720672607,0.0196078431372549,0.583393524135403,-0.06000210688664431,-7.061315536499023
Qwen_Qwen3-14B,14B,14.0,exp_c,no_think,gsm8k_test_000432,no_think,canonical,,True,answer_segment,no_think_answer,6,exp_c_segment_sample,46,46,3.094149351119995,17.830463347227678,3.342876434326172,96.4718246459961,342.28441232396506,17.2182186126709,0.0,-11.695909434838171,-9.358094175656635,-25.880186080932617
Qwen_Qwen3-14B,14B,14.0,exp_c,no_think,gsm8k_test_000432,no_think,canonical,,True,answer_segment,no_think_answer,13,exp_c_segment_sample,46,46,4.653426647186279,12.22645642446435,4.924220085144043,29.499893188476562,39.73183787082298,12.106466176774768,0.0,-8.931696931925453,-7.072465141614277,-12.545123100280762
Qwen_Qwen3-14B,14B,14.0,exp_c,no_think,gsm8k_test_000432,no_think,canonical,,True,answer_segment,no_think_answer,20,exp_c_segment_sample,46,46,6.1318488121032715,11.983485076738441,5.720203399658203,26.930479049682617,25.95177401683623,11.889031516181097,0.021739130434782608,-7.025770315299084,-6.055908521016439,-3.640401840209961
Qwen_Qwen3-14B,14B,14.0,exp_c,no_think,gsm8k_test_000433,no_think,canonical,,True,answer_segment,no_think_answer,6,exp_c_segment_sample,45,45,3.094149351119995,15.86784093115065,3.852811574935913,59.64334487915039,180.40773349809524,15.51099341024052,0.0,-14.344547526041655,-13.433552940686544,-77.32496643066406
Qwen_Qwen3-14B,14B,14.0,exp_c,no_think,gsm8k_test_000433,no_think,canonical,,True,answer_segment,no_think_answer,13,exp_c_segment_sample,45,45,4.653426647186279,12.594179683261448,4.185070037841797,55.26526641845703,80.1244570397405,12.515916531736199,0.022222222222222223,-12.242210578918451,-11.029785633087156,-18.910614013671875
Qwen_Qwen3-14B,14B,14.0,exp_c,no_think,gsm8k_test_000433,no_think,canonical,,True,answer_segment,no_think_answer,20,exp_c_segment_sample,45,45,6.1318488121032715,13.868020184834798,4.825062274932861,41.74570083618164,66.585077831774,13.774892937053332,0.13333333333333333,-8.417370738153867,-8.322856028874714,-4.626735687255859
Qwen_Qwen3-14B,14B,14.0,exp_c,no_think,gsm8k_test_000472,no_think,canonical,,True,answer_segment,no_think_answer,6,exp_c_segment_sample,44,44,3.094149351119995,19.98710969361392,3.266077995300293,83.57276153564453,263.7471401122329,19.837247571279836,0.0,-17.555490214896928,-14.504943327470258,-15.158754348754883
Qwen_Qwen3-14B,14B,14.0,exp_c,no_think,gsm8k_test_000472,no_think,canonical,,True,answer_segment,no_think_answer,13,exp_c_segment_sample,44,44,4.653426647186279,12.363270748745311,4.755310535430908,28.172182083129883,33.041483564113754,12.29621298368587,0.0,-4.521251385139698,-3.3529253872958087,-6.7758636474609375
Qwen_Qwen3-14B,14B,14.0,exp_c,no_think,gsm8k_test_000472,no_think,canonical,,True,answer_segment,no_think_answer,20,exp_c_segment_sample,44,44,6.1318488121032715,13.099002296274358,5.461205005645752,27.86863136291504,31.38304569779759,13.136016701543053,0.045454545454545456,-6.195967734943736,-5.3419715274464,-0.930363655090332
Qwen_Qwen3-14B,14B,14.0,exp_c,no_think,gsm8k_test_000543,no_think,canonical,,True,answer_segment,no_think_answer,6,exp_c_segment_sample,50,50,3.094149351119995,17.35666440010071,5.477931022644043,59.778564453125,181.78455731576113,17.128154744907306,0.0,-15.311774468141444,-14.238138565650353,-77.11640930175781
Qwen_Qwen3-14B,14B,14.0,exp_c,no_think,gsm8k_test_000543,no_think,canonical,,True,answer_segment,no_think_answer,13,exp_c_segment_sample,50,50,4.653426647186279,12.488429174423217,4.6951799392700195,41.560821533203125,46.30118987130754,12.416236867710037,0.0,-6.846725671431589,-6.162448076101452,-24.541074752807617
Qwen_Qwen3-14B,14B,14.0,exp_c,no_think,gsm8k_test_000543,no_think,canonical,,True,answer_segment,no_think_answer,20,exp_c_segment_sample,50,50,6.1318488121032715,12.45700608253479,5.179121971130371,25.873395919799805,19.657171713876362,12.38791328546952,0.04,-4.195465492921718,-4.097399711608887,-1.9751358032226562
Qwen_Qwen3-14B,14B,14.0,exp_c,no_think,gsm8k_test_000564,no_think,canonical,,False,answer_segment,no_think_answer,6,exp_c_segment_sample,55,55,3.094149351119995,18.092356699163265,4.027676105499268,82.25312042236328,254.27432477884173,17.88258257618657,0.0,-20.125673692257354,-15.409583398274014,-11.406196594238281
Qwen_Qwen3-14B,14B,14.0,exp_c,no_think,gsm8k_test_000564,no_think,canonical,,False,answer_segment,no_think_answer,13,exp_c_segment_sample,55,55,4.653426647186279,12.03749928040938,4.371720790863037,27.571041107177734,31.59990349699628,11.894971344206068,0.03636363636363636,-7.675272309315646,-6.045960596629552,-9.063424110412598
Qwen_Qwen3-14B,14B,14.0,exp_c,no_think,gsm8k_test_000564,no_think,canonical,,False,answer_segment,no_think_answer,20,exp_c_segment_sample,55,55,6.1318488121032715,13.921286348863081,5.395379543304443,27.283851623535156,41.031105593643595,13.878032649004904,0.03636363636363636,-5.976026567236145,-6.426241261618477,2.4560470581054688
Qwen_Qwen3-14B,14B,14.0,exp_c,no_think,gsm8k_test_000605,no_think,canonical,,False,answer_segment,no_think_answer,6,exp_c_segment_sample,55,55,3.094149351119995,16.8533362085169,2.8055644035339355,59.87826919555664,221.4079503824233,16.55988563873149,0.03636363636363636,-20.848857561953626,-16.340944153921946,9.115558624267578
Qwen_Qwen3-14B,14B,14.0,exp_c,no_think,gsm8k_test_000605,no_think,canonical,,False,answer_segment,no_think_answer,13,exp_c_segment_sample,55,55,4.653426647186279,12.403168158097701,2.520486354827881,34.0915641784668,43.627037660621035,12.25130766409415,0.12727272727272726,-7.8162292297784335,-6.412097999027797,7.711357116699219
Qwen_Qwen3-14B,14B,14.0,exp_c,no_think,gsm8k_test_000605,no_think,canonical,,False,answer_segment,no_think_answer,20,exp_c_segment_sample,55,55,6.1318488121032715,12.387341789765792,3.3604648113250732,27.634061813354492,32.23773934223852,12.204011418201308,0.12727272727272726,-5.804977917361557,-5.233829327992032,2.597820281982422
Qwen_Qwen3-14B,14B,14.0,exp_c,no_think,gsm8k_test_000625,no_think,canonical,,True,answer_segment,no_think_answer,6,exp_c_segment_sample,51,51,3.094149351119995,15.20215559940712,4.621978759765625,58.346248626708984,129.38058392026434,14.944347743988038,0.0,-6.734234304989073,-3.5194828693683338,-27.022985458374023
Qwen_Qwen3-14B,14B,14.0,exp_c,no_think,gsm8k_test_000625,no_think,canonical,,True,answer_segment,no_think_answer,13,exp_c_segment_sample,51,51,4.653426647186279,11.308734220616957,4.395880222320557,21.947113037109375,21.530158798015282,11.19250240325928,0.0196078431372549,-4.712429033685053,-5.067358090327335,-11.532455444335938
Qwen_Qwen3-14B,14B,14.0,exp_c,no_think,gsm8k_test_000625,no_think,canonical,,True,answer_segment,no_think_answer,20,exp_c_segment_sample,51,51,6.1318488121032715,11.921330695058785,5.017693042755127,24.957029342651367,20.415533801876137,11.839471731185915,0.0784313725490196,-4.472080293284265,-4.498238710256723,-6.635100364685059
Qwen_Qwen3-14B,14B,14.0,exp_c,no_think,gsm8k_test_000760,no_think,canonical,,False,answer_segment,no_think_answer,6,exp_c_segment_sample,65,65,3.094149351119995,14.785596165290245,4.040038108825684,47.658935546875,175.2045166009388,14.498488895595074,0.0,-16.497932588804034,-13.517346466288846,-29.903804779052734
Qwen_Qwen3-14B,14B,14.0,exp_c,no_think,gsm8k_test_000760,no_think,canonical,,False,answer_segment,no_think_answer,13,exp_c_segment_sample,65,65,4.653426647186279,12.278593155053946,3.8210561275482178,37.53757858276367,45.94671595208677,12.094491306692362,0.015384615384615385,-9.668235022538203,-9.151236183503094,-8.277149200439453
Qwen_Qwen3-14B,14B,14.0,exp_c,no_think,gsm8k_test_000760,no_think,canonical,,False,answer_segment,no_think_answer,20,exp_c_segment_sample,65,65,6.1318488121032715,11.654893867786114,4.389293193817139,33.18043899536133,23.45762759248713,11.478841349482536,0.07692307692307693,-2.7686291154448055,-3.4619258431827333,-3.0167436599731445
Qwen_Qwen3-14B,14B,14.0,exp_c,no_think,gsm8k_test_000776,no_think,canonical,,True,answer_segment,no_think_answer,6,exp_c_segment_sample,52,52,3.094149351119995,13.944117206793566,4.048603534698486,42.41207504272461,95.10493901145732,13.720212066874783,0.0,-5.932673948077569,-6.808534475473259,4.021145820617676
Qwen_Qwen3-14B,14B,14.0,exp_c,no_think,gsm8k_test_000776,no_think,canonical,,True,answer_segment,no_think_answer,13,exp_c_segment_sample,52,52,4.653426647186279,12.066413503426771,5.266908168792725,28.19462013244629,32.79630077518564,12.002844455195406,0.0,-1.0909963467297608,-1.9738906346834622,-3.048281669616699
Qwen_Qwen3-14B,14B,14.0,exp_c,no_think,gsm8k_test_000776,no_think,canonical,,True,answer_segment,no_think_answer,20,exp_c_segment_sample,52,52,6.1318488121032715,12.624769504253681,5.28298282623291,38.578067779541016,36.406305530188064,12.559408356161676,0.057692307692307696,-2.0782771982544506,-2.9981269102830144,-2.4611997604370117
Qwen_Qwen3-14B,14B,14.0,exp_c,no_think,gsm8k_test_000875,no_think,canonical,,False,answer_segment,no_think_answer,6,exp_c_segment_sample,57,57,3.094149351119995,15.686701540361371,4.32257604598999,62.016422271728516,152.3139197153705,15.513313293457031,0.0,-11.225231629317987,-7.728162638346353,-0.7114410400390625
Qwen_Qwen3-14B,14B,14.0,exp_c,no_think,gsm8k_test_000875,no_think,canonical,,False,answer_segment,no_think_answer,13,exp_c_segment_sample,57,57,4.653426647186279,12.48783979081271,4.624447345733643,36.70526885986328,45.20656666918438,12.37269048179899,0.017543859649122806,-6.911517164019207,-5.089232921600342,-2.5205345153808594
Qwen_Qwen3-14B,14B,14.0,exp_c,no_think,gsm8k_test_000875,no_think,canonical,,False,answer_segment,no_think_answer,20,exp_c_segment_sample,57,57,6.1318488121032715,12.318926656455325,3.917863130569458,25.059925079345703,22.24690854190934,12.16913887006896,0.07017543859649122,-1.9760304319447508,-1.8058339277903244,3.0000505447387695
Qwen_Qwen3-14B,14B,14.0,exp_c,no_think,gsm8k_test_000901,no_think,canonical,,False,answer_segment,no_think_answer,6,exp_c_segment_sample,55,55,3.094149351119995,23.841927324641834,2.696690320968628,71.36790466308594,323.9291100440433,23.416476730947142,0.07272727272727272,-25.90859780714106,-18.21140241622925,-10.810565948486328
Qwen_Qwen3-14B,14B,14.0,exp_c,no_think,gsm8k_test_000901,no_think,canonical,,False,answer_segment,no_think_answer,13,exp_c_segment_sample,55,55,4.653426647186279,14.150146245956421,2.8283567428588867,36.46006393432617,64.44425442134846,14.087135478302283,0.10909090909090909,-11.408133386636688,-8.25930723122188,-9.841852188110352
Qwen_Qwen3-14B,14B,14.0,exp_c,no_think,gsm8k_test_000901,no_think,canonical,,False,answer_segment,no_think_answer,20,exp_c_segment_sample,55,55,6.1318488121032715,14.31016667105935,4.460093021392822,34.93315887451172,44.68068812040351,14.305490308337742,0.14545454545454545,-12.566553441580226,-10.520745107105798,-4.868185043334961
Qwen_Qwen3-14B,14B,14.0,exp_c,no_think,gsm8k_test_000915,no_think,canonical,,True,answer_segment,no_think_answer,6,exp_c_segment_sample,61,61,3.094149351119995,14.597444678916306,3.805483818054199,107.63251495361328,298.1329348507653,14.315843156973521,0.0,-2.01780051746297,-0.14826157689094543,13.198747634887695
Qwen_Qwen3-14B,14B,14.0,exp_c,no_think,gsm8k_test_000915,no_think,canonical,,True,answer_segment,no_think_answer,13,exp_c_segment_sample,61,61,4.653426647186279,11.222887164256612,4.706686019897461,37.38562774658203,33.87667565319737,11.110539611180625,0.0,-1.720851533063685,-1.5109386444091797,3.638090133666992
Qwen_Qwen3-14B,14B,14.0,exp_c,no_think,gsm8k_test_000915,no_think,canonical,,True,answer_segment,no_think_answer,20,exp_c_segment_sample,61,61,6.1318488121032715,12.390287883946153,5.098320007324219,33.444122314453125,27.233010960818238,12.339389673868816,0.04918032786885246,-3.497484308017872,-2.2566975951194763,-0.8982048034667969
Qwen_Qwen3-14B,14B,14.0,exp_c,no_think,gsm8k_test_001038,no_think,canonical,,True,answer_segment,no_think_answer,6,exp_c_segment_sample,68,68,3.094149351119995,16.644934871617487,2.4154014587402344,54.90834426879883,211.49322673102856,16.334907610024985,0.08823529411764706,-21.33772110024379,-16.779855475706213,-5.820407867431641
Qwen_Qwen3-14B,14B,14.0,exp_c,no_think,gsm8k_test_001038,no_think,canonical,,True,answer_segment,no_think_answer,13,exp_c_segment_sample,68,68,4.653426647186279,11.942913931958815,4.806485176086426,35.060340881347656,45.95721709236342,11.831721113688909,0.0,-10.81983424391589,-7.2830473955939805,-16.526283264160156
Qwen_Qwen3-14B,14B,14.0,exp_c,no_think,gsm8k_test_001038,no_think,canonical,,True,answer_segment,no_think_answer,20,exp_c_segment_sample,68,68,6.1318488121032715,13.203800986794864,4.15742301940918,32.14683151245117,36.799965430443784,13.143186903711575,0.08823529411764706,-7.424367737587168,-4.369962271522073,-3.394824981689453
Qwen_Qwen3-14B,14B,14.0,exp_c,no_think,gsm8k_test_001058,no_think,canonical,,True,answer_segment,no_think_answer,6,exp_c_segment_sample,58,58,3.094149351119995,18.507743728571924,4.399652004241943,157.2837677001953,514.2530621725887,18.2655068531371,0.0,-21.665898549075997,-17.054945945739746,2.937908172607422
Qwen_Qwen3-14B,14B,14.0,exp_c,no_think,gsm8k_test_001058,no_think,canonical,,True,answer_segment,no_think_answer,13,exp_c_segment_sample,58,58,4.653426647186279,13.587264669352564,4.550283908843994,40.634490966796875,60.08927413821807,13.487357691714639,0.017241379310344827,-8.549914358931627,-7.620938460032145,-7.565681457519531
Qwen_Qwen3-14B,14B,14.0,exp_c,no_think,gsm8k_test_001058,no_think,canonical,,True,answer_segment,no_think_answer,20,exp_c_segment_sample,58,58,6.1318488121032715,12.683700635515411,5.659559726715088,34.90255355834961,34.348021237887934,12.543668956087345,0.05172413793103448,-6.545352903741763,-6.100492191314698,-2.5441761016845703
Qwen_Qwen3-14B,14B,14.0,exp_c,no_think,gsm8k_test_001059,no_think,canonical,,True,answer_segment,no_think_answer,6,exp_c_segment_sample,60,60,3.094149351119995,19.937617778778076,4.419047832489014,79.3516616821289,290.78231916013937,19.692693920458773,0.0,-16.676068535789092,-12.532371552785236,-59.675357818603516
Qwen_Qwen3-14B,14B,14.0,exp_c,no_think,gsm8k_test_001059,no_think,canonical,,True,answer_segment,no_think_answer,13,exp_c_segment_sample,60,60,4.653426647186279,13.475088747342427,5.388464450836182,26.356956481933594,36.87864177424744,13.4105869794296,0.0,-3.703088328095723,-2.1264877319335938,-10.596487045288086
Qwen_Qwen3-14B,14B,14.0,exp_c,no_think,gsm8k_test_001059,no_think,canonical,,True,answer_segment,no_think_answer,20,exp_c_segment_sample,60,60,6.1318488121032715,12.334121592839558,5.023697853088379,31.28196144104004,23.36808130895438,12.263619422912598,0.06666666666666667,-2.2716801111815372,-0.2666152954101566,-0.7580051422119141
Qwen_Qwen3-14B,14B,14.0,exp_c,no_think,gsm8k_test_001094,no_think,canonical,,False,answer_segment,no_think_answer,6,exp_c_segment_sample,57,57,3.094149351119995,15.817799233553702,4.3133544921875,95.95011901855469,241.95834236754263,15.489551731518336,0.0,-9.039616544969286,-5.493153317769368,-13.788291931152344
Qwen_Qwen3-14B,14B,14.0,exp_c,no_think,gsm8k_test_001094,no_think,canonical,,False,answer_segment,no_think_answer,13,exp_c_segment_sample,57,57,4.653426647186279,11.075883359239812,3.6506659984588623,33.44973373413086,26.941950403401965,10.991262831858226,0.05263157894736842,-4.363238990631387,-2.776357523600261,-8.140334129333496
Qwen_Qwen3-14B,14B,14.0,exp_c,no_think,gsm8k_test_001094,no_think,canonical,,False,answer_segment,no_think_answer,20,exp_c_segment_sample,57,57,6.1318488121032715,11.995301731845789,4.259532451629639,26.089143753051758,20.838237449601593,11.906349335397994,0.08771929824561403,1.1765966778874564,0.782189019521077,-3.4701318740844727
Qwen_Qwen3-14B,14B,14.0,exp_c,no_think,gsm8k_test_001096,no_think,canonical,,False,answer_segment,no_think_answer,6,exp_c_segment_sample,62,62,3.094149351119995,17.419712701151447,3.0697379112243652,60.54454040527344,209.63009455865716,17.25871081821254,0.016129032258064516,-14.611092426443625,-9.888330399990082,-51.92910385131836
Qwen_Qwen3-14B,14B,14.0,exp_c,no_think,gsm8k_test_001096,no_think,canonical,,False,answer_segment,no_think_answer,13,exp_c_segment_sample,62,62,4.653426647186279,12.417346715927124,3.401526689529419,38.181396484375,47.301649037649746,12.33322380409866,0.04838709677419355,-8.203477586286237,-6.6472476571798325,-7.671482086181641
Qwen_Qwen3-14B,14B,14.0,exp_c,no_think,gsm8k_test_001096,no_think,canonical,,False,answer_segment,no_think_answer,20,exp_c_segment_sample,62,62,6.1318488121032715,11.796255019403272,3.369377613067627,32.684322357177734,29.36403744798666,11.770064205419821,0.12903225806451613,-5.548691569385455,-4.423974990844727,-2.166168212890625
Qwen_Qwen3-14B,14B,14.0,exp_c,no_think,gsm8k_test_001144,no_think,canonical,,True,answer_segment,no_think_answer,6,exp_c_segment_sample,50,50,3.094149351119995,16.01472526550293,2.769475221633911,103.02485656738281,275.1125533103191,15.564035512963121,0.02,-5.4283717727661,0.10781779656043433,-35.64561462402344
Qwen_Qwen3-14B,14B,14.0,exp_c,no_think,gsm8k_test_001144,no_think,canonical,,True,answer_segment,no_think_answer,13,exp_c_segment_sample,50,50,4.653426647186279,12.722863745689391,3.5635435581207275,52.74989318847656,66.02801707260477,12.589416849369906,0.12,-10.049336290359495,-7.852538218865027,-2.1292457580566406
Qwen_Qwen3-14B,14B,14.0,exp_c,no_think,gsm8k_test_001144,no_think,canonical,,True,answer_segment,no_think_answer,20,exp_c_segment_sample,50,50,6.1318488121032715,13.46983775138855,4.16526460647583,40.92367172241211,43.68640769836549,13.400994602514773,0.1,-4.855430498684158,-3.130992045769325,1.0159358978271484
Qwen_Qwen3-14B,14B,14.0,exp_c,no_think,gsm8k_test_001201,no_think,canonical,,False,answer_segment,no_think_answer,6,exp_c_segment_sample,59,59,3.094149351119995,12.011428113711082,3.498609781265259,52.727745056152344,81.3848008653458,11.675047257850911,0.0,0.7122248091940067,2.1633358637491877,-12.200233459472656
Qwen_Qwen3-14B,14B,14.0,exp_c,no_think,gsm8k_test_001201,no_think,canonical,,False,answer_segment,no_think_answer,13,exp_c_segment_sample,59,59,4.653426647186279,10.815399024446132,5.019596576690674,20.606353759765625,15.838968680841985,10.71860037178829,0.0,-2.1067812289221948,-1.8769384702046708,-2.893911361694336
Qwen_Qwen3-14B,14B,14.0,exp_c,no_think,gsm8k_test_001201,no_think,canonical,,False,answer_segment,no_think_answer,20,exp_c_segment_sample,59,59,6.1318488121032715,11.55675745010376,5.738523006439209,28.457660675048828,15.058785767669718,11.486378587525467,0.01694915254237288,-2.395696439581413,-2.0881472587585446,1.347590446472168
Qwen_Qwen3-14B,14B,14.0,exp_c,no_think,gsm8k_test_001247,no_think,canonical,,False,answer_segment,no_think_answer,6,exp_c_segment_sample,50,50,3.094149351119995,19.803770456314087,3.4681358337402344,82.73639678955078,338.4421378644188,19.47436454344769,0.0,-14.336781373865458,-13.260301644985493,-2.7744293212890625
Qwen_Qwen3-14B,14B,14.0,exp_c,no_think,gsm8k_test_001247,no_think,canonical,,False,answer_segment,no_think_answer,13,exp_c_segment_sample,50,50,4.653426647186279,13.214181184768677,3.3901185989379883,53.01903533935547,68.29405342328296,13.141470442012865,0.04,-5.325732571096981,-5.505307527688833,-2.474567413330078
Qwen_Qwen3-14B,14B,14.0,exp_c,no_think,gsm8k_test_001247,no_think,canonical,,False,answer_segment,no_think_answer,20,exp_c_segment_sample,50,50,6.1318488121032715,11.50848177909851,5.6686201095581055,21.43431854248047,10.82507784062941,11.480957050712744,0.02,-3.6189675757464226,-3.5373855737539444,1.378753662109375
Qwen_Qwen3-14B,14B,14.0,exp_c,think,gsm8k_test_000042,think,canonical,,True,answer_segment,think_answer,6,exp_c_segment_sample,42,42,3.094149351119995,19.79228945573171,3.3118228912353516,105.6009292602539,321.42795742821573,19.70607448787224,0.0,-24.280033150384597,-17.519957629117098,-2.136566162109375
Qwen_Qwen3-14B,14B,14.0,exp_c,think,gsm8k_test_000042,think,canonical,,True,answer_segment,think_answer,13,exp_c_segment_sample,42,42,4.653426647186279,12.22380264600118,3.005187749862671,23.913095474243164,34.5019737811835,12.192154547063318,0.11904761904761904,-12.08557495009464,-9.701790007677946,-4.701356887817383
Qwen_Qwen3-14B,14B,14.0,exp_c,think,gsm8k_test_000042,think,canonical,,True,answer_segment,think_answer,20,exp_c_segment_sample,42,42,6.1318488121032715,13.342268943786621,4.002760887145996,35.82606506347656,46.68757320689358,13.24952075539566,0.16666666666666666,-11.511020707925683,-10.599169904535465,6.336676597595215
Qwen_Qwen3-14B,14B,14.0,exp_c,think,gsm8k_test_000042,think,canonical,,True,thinking_segment,thinking,6,exp_c_segment_sample,82,82,3.094149351119995,23.64561952032694,2.0986690521240234,197.72586059570312,947.3887755432622,23.402688002880712,0.07317073170731707,-26.281474607816843,-27.629160131726945,-2.136566162109375
Qwen_Qwen3-14B,14B,14.0,exp_c,think,gsm8k_test_000042,think,canonical,,True,thinking_segment,thinking,13,exp_c_segment_sample,82,82,4.653426647186279,15.320478887092776,6.183564186096191,77.20027923583984,123.86628284366338,15.071404851513146,0.0,-5.902566616233238,-7.809661115918841,-4.701356887817383
Qwen_Qwen3-14B,14B,14.0,exp_c,think,gsm8k_test_000042,think,canonical,,True,thinking_segment,thinking,20,exp_c_segment_sample,82,82,6.1318488121032715,13.468475190604606,6.306488513946533,29.98296546936035,27.640179699725444,13.432402363529912,0.0,-3.026979332071108,-3.981636978331066,6.336676597595215
Qwen_Qwen3-14B,14B,14.0,exp_c,think,gsm8k_test_000070,think,canonical,,True,answer_segment,think_answer,6,exp_c_segment_sample,56,56,3.094149351119995,16.240481896059855,2.0110597610473633,107.98521423339844,325.12875564974445,15.739447099512272,0.05357142857142857,-16.417844215730057,-9.969208649226596,-19.301769256591797
Qwen_Qwen3-14B,14B,14.0,exp_c,think,gsm8k_test_000070,think,canonical,,True,answer_segment,think_answer,13,exp_c_segment_sample,56,56,4.653426647186279,12.982507603509086,2.4622802734375,34.38015365600586,61.17064784645685,12.771105592901055,0.125,-9.25686460330074,-7.139135326657977,-5.995293617248535
Qwen_Qwen3-14B,14B,14.0,exp_c,think,gsm8k_test_000070,think,canonical,,True,answer_segment,think_answer,20,exp_c_segment_sample,56,56,6.1318488121032715,12.85166248679161,3.475862979888916,39.646324157714844,42.92598327026228,12.744662393223155,0.14285714285714285,-5.969054446632701,-4.779330662318639,-0.4415884017944336
Qwen_Qwen3-14B,14B,14.0,exp_c,think,gsm8k_test_000070,think,canonical,,True,thinking_segment,thinking,6,exp_c_segment_sample,256,256,3.094149351119995,15.656571654602885,2.3727951049804688,423.67425537109375,1308.952142073988,15.255476080793168,0.09375,-20.95895151080077,-14.428220145404339,-19.301769256591797
Qwen_Qwen3-14B,14B,14.0,exp_c,think,gsm8k_test_000070,think,canonical,,True,thinking_segment,thinking,13,exp_c_segment_sample,256,256,4.653426647186279,12.6321867890656,2.916048049926758,77.20323944091797,145.99823246503297,12.549759983741115,0.1484375,-7.60115951093342,-4.653017070144415,-5.995293617248535
Qwen_Qwen3-14B,14B,14.0,exp_c,think,gsm8k_test_000070,think,canonical,,True,thinking_segment,thinking,20,exp_c_segment_sample,256,256,6.1318488121032715,12.694679369218647,3.1783809661865234,58.51384735107422,64.74992425205082,12.69705020114952,0.1484375,-4.106120793383216,-2.4358388260006905,-0.4415884017944336
Qwen_Qwen3-14B,14B,14.0,exp_c,think,gsm8k_test_000088,think,canonical,,True,answer_segment,think_answer,6,exp_c_segment_sample,56,56,3.094149351119995,14.379335420472282,3.326720952987671,77.09843444824219,252.24064912032532,13.784992165998982,0.0,-0.1076327750557372,-0.3623969214303173,-3.859628677368164
Qwen_Qwen3-14B,14B,14.0,exp_c,think,gsm8k_test_000088,think,canonical,,True,answer_segment,think_answer,13,exp_c_segment_sample,56,56,4.653426647186279,11.515681594610214,3.1612026691436768,31.69061279296875,38.58337103916045,11.356287995251744,0.10714285714285714,-4.106931104247724,-3.301263979503087,-8.342626571655273
Qwen_Qwen3-14B,14B,14.0,exp_c,think,gsm8k_test_000088,think,canonical,,True,answer_segment,think_answer,20,exp_c_segment_sample,56,56,6.1318488121032715,11.78995241011892,3.8736746311187744,33.54884719848633,29.42878516785949,11.693264740163631,0.17857142857142858,-5.608138630712835,-5.149224230221339,3.6328258514404297
Qwen_Qwen3-14B,14B,14.0,exp_c,think,gsm8k_test_000088,think,canonical,,True,thinking_segment,thinking,6,exp_c_segment_sample,124,124,3.094149351119995,18.564161046858757,2.0142271518707275,126.21855163574219,595.8043589198155,18.201757485304423,0.2661290322580645,-24.462887115540056,-19.529200853839995,-3.859628677368164
Qwen_Qwen3-14B,14B,14.0,exp_c,think,gsm8k_test_000088,think,canonical,,True,thinking_segment,thinking,13,exp_c_segment_sample,124,124,4.653426647186279,14.80404427551454,3.099872350692749,112.14092254638672,197.15546023173476,14.441536102837661,0.06451612903225806,-9.297381756167274,-7.493364418706587,-8.342626571655273
Qwen_Qwen3-14B,14B,14.0,exp_c,think,gsm8k_test_000088,think,canonical,,True,thinking_segment,thinking,20,exp_c_segment_sample,124,124,6.1318488121032715,13.942250632470653,4.768472671508789,44.10072326660156,63.11085423375952,13.819391184706024,0.08064516129032258,-4.250538570711704,-3.51544915476153,3.6328258514404297
Qwen_Qwen3-14B,14B,14.0,exp_c,think,gsm8k_test_000227,think,canonical,,True,answer_segment,think_answer,6,exp_c_segment_sample,76,76,3.094149351119995,18.38945938568366,1.8312379121780396,127.12760162353516,511.16224163186683,17.833748806317644,0.3026315789473684,-22.305527042584806,-23.996249098526807,12.852977752685547
Qwen_Qwen3-14B,14B,14.0,exp_c,think,gsm8k_test_000227,think,canonical,,True,answer_segment,think_answer,13,exp_c_segment_sample,76,76,4.653426647186279,12.875721727546892,2.946385145187378,34.3230094909668,80.03257823700494,12.645580720901487,0.25,-8.379125998025067,-8.656101389935142,-0.008337020874023438
Qwen_Qwen3-14B,14B,14.0,exp_c,think,gsm8k_test_000227,think,canonical,,True,answer_segment,think_answer,20,exp_c_segment_sample,76,76,6.1318488121032715,12.318888033691206,3.8463916778564453,33.114322662353516,49.513936933405525,12.225680920282997,0.17105263157894737,-3.762292534948133,-4.8005053369622495,1.6496591567993164
Qwen_Qwen3-14B,14B,14.0,exp_c,think,gsm8k_test_000227,think,canonical,,True,thinking_segment,thinking,6,exp_c_segment_sample,256,256,3.094149351119995,14.666258669923991,1.7528355121612549,315.34332275390625,916.5407331252088,14.227953929716431,0.15625,-23.071778228243765,-15.41303058037391,12.852977752685547
Qwen_Qwen3-14B,14B,14.0,exp_c,think,gsm8k_test_000227,think,canonical,,True,thinking_segment,thinking,13,exp_c_segment_sample,256,256,4.653426647186279,12.627123807556927,2.5548641681671143,93.61495208740234,172.85610173493387,12.51645838374823,0.16796875,-12.365638903824019,-8.754864208514874,-0.008337020874023438
Qwen_Qwen3-14B,14B,14.0,exp_c,think,gsm8k_test_000227,think,canonical,,True,thinking_segment,thinking,20,exp_c_segment_sample,256,256,6.1318488121032715,12.148423467762768,3.659381866455078,49.07826614379883,54.979537421836525,12.022429297507646,0.19140625,-9.739208071883631,-6.634570470223061,1.6496591567993164
Qwen_Qwen3-14B,14B,14.0,exp_c,think,gsm8k_test_000257,think,canonical,,True,answer_segment,think_answer,6,exp_c_segment_sample,55,55,3.094149351119995,19.02551249590787,4.670895099639893,120.58036041259766,361.862164368673,18.68814562868189,0.0,-13.119797181463841,-7.040285212653021,5.811248779296875
Qwen_Qwen3-14B,14B,14.0,exp_c,think,gsm8k_test_000257,think,canonical,,True,answer_segment,think_answer,13,exp_c_segment_sample,55,55,4.653426647186279,12.604440819133412,5.5052337646484375,26.275888442993164,27.810847468194495,12.502384406548957,0.0,-6.2713826421019165,-5.146721703665598,2.163844108581543
Qwen_Qwen3-14B,14B,14.0,exp_c,think,gsm8k_test_000257,think,canonical,,True,answer_segment,think_answer,20,exp_c_segment_sample,55,55,6.1318488121032715,13.471545522863215,4.742150783538818,29.06952476501465,27.4359804437892,13.356336090299818,0.07272727272727272,-4.6002308059048245,-3.1798185620989106,3.158968925476074
Qwen_Qwen3-14B,14B,14.0,exp_c,think,gsm8k_test_000257,think,canonical,,True,thinking_segment,thinking,6,exp_c_segment_sample,256,256,3.094149351119995,19.30365219991654,1.8692518472671509,246.5513458251953,953.8998929279142,19.325510203040956,0.125,-15.841296324074834,-10.44556282646954,5.811248779296875
Qwen_Qwen3-14B,14B,14.0,exp_c,think,gsm8k_test_000257,think,canonical,,True,thinking_segment,thinking,13,exp_c_segment_sample,256,256,4.653426647186279,13.77103125397116,3.093447208404541,67.08712005615234,110.38843150455983,13.775912071948865,0.12109375,-7.201791549878365,-4.026857934892178,2.163844108581543
Qwen_Qwen3-14B,14B,14.0,exp_c,think,gsm8k_test_000257,think,canonical,,True,thinking_segment,thinking,20,exp_c_segment_sample,256,256,6.1318488121032715,13.710095574148,3.630206346511841,77.25888061523438,68.44309203288971,13.724447500745589,0.1015625,-4.576765352102771,-1.796754628419876,3.158968925476074
Qwen_Qwen3-14B,14B,14.0,exp_c,think,gsm8k_test_000273,think,canonical,,True,answer_segment,think_answer,6,exp_c_segment_sample,75,75,3.094149351119995,15.595593608220419,2.8664164543151855,55.564083099365234,182.81501973843504,15.38222128313941,0.013333333333333334,-17.214965577878463,-11.16517482305828,11.305500030517578
Qwen_Qwen3-14B,14B,14.0,exp_c,think,gsm8k_test_000273,think,canonical,,True,answer_segment,think_answer,13,exp_c_segment_sample,75,75,4.653426647186279,12.337972555160523,3.4978137016296387,34.64252853393555,56.57523877974967,12.288772534679723,0.10666666666666667,-12.532942027041802,-8.201611368279709,5.146291732788086
Qwen_Qwen3-14B,14B,14.0,exp_c,think,gsm8k_test_000273,think,canonical,,True,answer_segment,think_answer,20,exp_c_segment_sample,75,75,6.1318488121032715,12.193579667409262,4.6548871994018555,38.116336822509766,30.398250360922333,12.122038332191671,0.06666666666666667,-6.079994900352085,-3.148731156399375,1.0736274719238281
Qwen_Qwen3-14B,14B,14.0,exp_c,think,gsm8k_test_000273,think,canonical,,True,thinking_segment,thinking,6,exp_c_segment_sample,202,202,3.094149351119995,16.97416886008612,1.568013310432434,171.3955535888672,700.7123470773341,16.760578371399077,0.13861386138613863,-19.35413427314066,-12.6745630198834,11.305500030517578
Qwen_Qwen3-14B,14B,14.0,exp_c,think,gsm8k_test_000273,think,canonical,,True,thinking_segment,thinking,13,exp_c_segment_sample,202,202,4.653426647186279,12.429874062538147,2.5710744857788086,56.853397369384766,75.54296781859557,12.275896149488233,0.10396039603960396,-2.7458952684922933,-0.9470631094539872,5.146291732788086
Qwen_Qwen3-14B,14B,14.0,exp_c,think,gsm8k_test_000273,think,canonical,,True,thinking_segment,thinking,20,exp_c_segment_sample,202,202,6.1318488121032715,12.712908442657772,3.632350444793701,52.34563446044922,36.46178402916238,12.626908359242911,0.06930693069306931,-2.035276171742807,-1.796138445536295,1.0736274719238281
Qwen_Qwen3-14B,14B,14.0,exp_c,think,gsm8k_test_000310,think,canonical,,True,answer_segment,think_answer,6,exp_c_segment_sample,71,71,3.094149351119995,16.577051626124852,2.8861258029937744,127.11941528320312,495.53900132395415,16.325715330668856,0.04225352112676056,-29.43073932777551,-26.930712289280365,-0.10975265502929688
Qwen_Qwen3-14B,14B,14.0,exp_c,think,gsm8k_test_000310,think,canonical,,True,answer_segment,think_answer,13,exp_c_segment_sample,71,71,4.653426647186279,13.512972539579364,3.069709062576294,75.98741149902344,136.6821315379543,13.455351110867092,0.056338028169014086,-17.68593083133161,-14.988727437125311,-3.1565418243408203
Qwen_Qwen3-14B,14B,14.0,exp_c,think,gsm8k_test_000310,think,canonical,,True,answer_segment,think_answer,20,exp_c_segment_sample,71,71,6.1318488121032715,12.189859323098625,4.679683208465576,40.64592361450195,45.31573410702429,12.09729552268982,0.07042253521126761,-9.618608562039675,-7.873696168263752,1.2644033432006836
Qwen_Qwen3-14B,14B,14.0,exp_c,think,gsm8k_test_000310,think,canonical,,True,thinking_segment,thinking,6,exp_c_segment_sample,238,238,3.094149351119995,14.739899062308945,1.5791199207305908,226.48867797851562,547.5031944555798,14.582853989259098,0.08823529411764706,-8.41563167388769,-7.2118562281131755,-0.10975265502929688
Qwen_Qwen3-14B,14B,14.0,exp_c,think,gsm8k_test_000310,think,canonical,,True,thinking_segment,thinking,13,exp_c_segment_sample,238,238,4.653426647186279,12.438100725662808,1.9134273529052734,61.36625671386719,92.80229107993489,12.296060347858866,0.09663865546218488,-1.5738877582254867,-3.106680973370869,-3.1565418243408203
Qwen_Qwen3-14B,14B,14.0,exp_c,think,gsm8k_test_000310,think,canonical,,True,thinking_segment,thinking,20,exp_c_segment_sample,238,238,6.1318488121032715,13.360690761013192,2.7718124389648438,42.14154052734375,43.135164875762285,13.309565832846276,0.06722689075630252,-1.9359954150726035,-2.5448439995447796,1.2644033432006836
Qwen_Qwen3-14B,14B,14.0,exp_c,think,gsm8k_test_000325,think,canonical,,True,answer_segment,think_answer,6,exp_c_segment_sample,55,55,3.094149351119995,17.48237140828913,4.2422590255737305,110.75023651123047,357.6230847517673,17.22021013719064,0.0,-22.93862999755064,-18.794897522245133,-24.350780487060547
Qwen_Qwen3-14B,14B,14.0,exp_c,think,gsm8k_test_000325,think,canonical,,True,answer_segment,think_answer,13,exp_c_segment_sample,55,55,4.653426647186279,12.50697384747592,4.033672332763672,23.291318893432617,29.670509350445283,12.353948637291237,0.01818181818181818,-6.767075809255802,-5.421453203473773,-15.073325157165527
Qwen_Qwen3-14B,14B,14.0,exp_c,think,gsm8k_test_000325,think,canonical,,True,answer_segment,think_answer,20,exp_c_segment_sample,55,55,6.1318488121032715,12.765961638363924,4.4571003913879395,37.111549377441406,35.9791917012632,12.672772010167439,0.05454545454545454,-8.422611801345615,-6.351882014955793,0.7000274658203125
Qwen_Qwen3-14B,14B,14.0,exp_c,think,gsm8k_test_000325,think,canonical,,True,thinking_segment,thinking,6,exp_c_segment_sample,256,256,3.094149351119995,17.645850548055023,1.7193961143493652,211.02947998046875,840.3358758029831,17.382934270877595,0.12890625,-11.40865259870851,-5.8782143482795135,-24.350780487060547
Qwen_Qwen3-14B,14B,14.0,exp_c,think,gsm8k_test_000325,think,canonical,,True,thinking_segment,thinking,13,exp_c_segment_sample,256,256,4.653426647186279,15.24355748668313,2.802920341491699,110.61461639404297,214.9688128435762,15.023742069696128,0.0625,-11.820505764960169,-8.448407690341655,-15.073325157165527
Qwen_Qwen3-14B,14B,14.0,exp_c,think,gsm8k_test_000325,think,canonical,,True,thinking_segment,thinking,20,exp_c_segment_sample,256,256,6.1318488121032715,15.298163566738367,4.515654563903809,64.72785949707031,80.75531525004496,15.209353627656636,0.05078125,-10.049495349691867,-6.926360731858475,0.7000274658203125
Qwen_Qwen3-14B,14B,14.0,exp_c,think,gsm8k_test_000364,think,canonical,,True,answer_segment,think_answer,6,exp_c_segment_sample,38,38,3.094149351119995,14.739104823062295,3.0465266704559326,52.610347747802734,165.98122003945448,14.206794429469753,0.02631578947368421,-6.766319649422234,-5.400663304328919,-45.511016845703125
Qwen_Qwen3-14B,14B,14.0,exp_c,think,gsm8k_test_000364,think,canonical,,True,answer_segment,think_answer,13,exp_c_segment_sample,38,38,4.653426647186279,10.567942744807192,3.854393243789673,22.01436996459961,25.290724263927924,10.498964915404448,0.10526315789473684,-7.8175799122706175,-6.975998353958131,-18.126567840576172
Qwen_Qwen3-14B,14B,14.0,exp_c,think,gsm8k_test_000364,think,canonical,,True,answer_segment,think_answer,20,exp_c_segment_sample,38,38,6.1318488121032715,12.663161415802804,4.343635082244873,28.72459602355957,33.842626305581845,12.522765919968888,0.13157894736842105,-8.437171903216417,-7.651576042175291,-0.7141017913818359
Qwen_Qwen3-14B,14B,14.0,exp_c,think,gsm8k_test_000364,think,canonical,,True,thinking_segment,thinking,6,exp_c_segment_sample,256,256,3.094149351119995,18.13080198643729,1.9693461656570435,317.7428894042969,998.2939341661055,17.51001371976634,0.13671875,-4.072496313886822,-2.4490673020482063,-45.511016845703125
Qwen_Qwen3-14B,14B,14.0,exp_c,think,gsm8k_test_000364,think,canonical,,True,thinking_segment,thinking,13,exp_c_segment_sample,256,256,4.653426647186279,12.499389411881566,3.3303234577178955,50.16129684448242,84.21510431632467,12.369148409234644,0.1171875,0.737082415709854,0.5663158409297466,-18.126567840576172
Qwen_Qwen3-14B,14B,14.0,exp_c,think,gsm8k_test_000364,think,canonical,,True,thinking_segment,thinking,20,exp_c_segment_sample,256,256,6.1318488121032715,12.298237741924822,3.821388006210327,34.23866653442383,27.482166260039406,12.28527941387078,0.0625,-3.487891335141299,-2.514306213706732,-0.7141017913818359
Qwen_Qwen3-14B,14B,14.0,exp_c,think,gsm8k_test_000389,think,canonical,,True,answer_segment,think_answer,6,exp_c_segment_sample,49,49,3.094149351119995,17.160065485506642,5.757774829864502,66.48054504394531,189.06661091155863,16.97873358925184,0.0,-2.38854151200275,-4.2286835450392495,-20.583473205566406
Qwen_Qwen3-14B,14B,14.0,exp_c,think,gsm8k_test_000389,think,canonical,,True,answer_segment,think_answer,13,exp_c_segment_sample,49,49,4.653426647186279,13.538757489652049,5.538289546966553,41.734352111816406,49.136271432485685,13.481529861688612,0.0,-4.110595508497596,-4.1942519041208115,-15.630128860473633
Qwen_Qwen3-14B,14B,14.0,exp_c,think,gsm8k_test_000389,think,canonical,,True,answer_segment,think_answer,20,exp_c_segment_sample,49,49,6.1318488121032715,13.187781946999687,6.605468273162842,29.022001266479492,22.903886177136446,13.254149834314982,0.0,-0.33564688157062306,-1.4182784740741443,-7.061315536499023
Qwen_Qwen3-14B,14B,14.0,exp_c,think,gsm8k_test_000389,think,canonical,,True,thinking_segment,thinking,6,exp_c_segment_sample,256,256,3.094149351119995,19.274191016331315,2.1103057861328125,287.2164611816406,1143.9935915327549,19.215472149728527,0.18359375,-19.189515122547444,-16.15716104874244,-20.583473205566406
Qwen_Qwen3-14B,14B,14.0,exp_c,think,gsm8k_test_000389,think,canonical,,True,thinking_segment,thinking,13,exp_c_segment_sample,256,256,4.653426647186279,13.053672218695283,2.819150924682617,80.19108581542969,156.7843717014716,12.952107973472037,0.171875,-8.044564649271344,-7.741271184040949,-15.630128860473633
Qwen_Qwen3-14B,14B,14.0,exp_c,think,gsm8k_test_000389,think,canonical,,True,thinking_segment,thinking,20,exp_c_segment_sample,256,256,6.1318488121032715,12.556391585618258,4.033605575561523,70.2142105102539,82.52822176970037,12.52103701926241,0.140625,-7.120902331412659,-6.711239125178409,-7.061315536499023
Qwen_Qwen3-14B,14B,14.0,exp_c,think,gsm8k_test_000432,think,canonical,,True,answer_segment,think_answer,6,exp_c_segment_sample,79,79,3.094149351119995,17.825626083567172,2.654999256134033,106.4229507446289,367.38616673790955,17.217078306736088,0.02531645569620253,-11.669075612176831,-7.472028684616088,-25.880186080932617
Qwen_Qwen3-14B,14B,14.0,exp_c,think,gsm8k_test_000432,think,canonical,,True,answer_segment,think_answer,13,exp_c_segment_sample,79,79,4.653426647186279,12.294047111197363,3.4635860919952393,40.99424743652344,44.56714684788727,12.231236418088278,0.0379746835443038,-7.400806174097193,-5.488840043544769,-12.545123100280762
Qwen_Qwen3-14B,14B,14.0,exp_c,think,gsm8k_test_000432,think,canonical,,True,answer_segment,think_answer,20,exp_c_segment_sample,79,79,6.1318488121032715,11.911792230002488,5.187129020690918,28.874134063720703,26.3322680151324,11.838468056458694,0.12658227848101267,-5.4530798263187705,-3.9480340480804443,-3.640401840209961
Qwen_Qwen3-14B,14B,14.0,exp_c,think,gsm8k_test_000432,think,canonical,,True,thinking_segment,thinking,6,exp_c_segment_sample,189,189,3.094149351119995,13.544729059966153,2.1988730430603027,118.7989501953125,349.3120629045374,13.305698839907954,0.08465608465608465,-8.450579258672597,-8.775580028692882,-25.880186080932617
Qwen_Qwen3-14B,14B,14.0,exp_c,think,gsm8k_test_000432,think,canonical,,True,thinking_segment,thinking,13,exp_c_segment_sample,189,189,4.653426647186279,10.648469300497146,3.325563430786133,54.1510009765625,58.62233887420324,10.482814404558631,0.031746031746031744,-3.4567759913808698,-4.069628198941549,-12.545123100280762
Qwen_Qwen3-14B,14B,14.0,exp_c,think,gsm8k_test_000432,think,canonical,,True,thinking_segment,thinking,20,exp_c_segment_sample,189,189,6.1318488121032715,11.442638838732684,5.037655353546143,34.42439270019531,24.08289867025607,11.363689683853313,0.031746031746031744,-1.6349440704511522,-1.8443180720011387,-3.640401840209961
Qwen_Qwen3-14B,14B,14.0,exp_c,think,gsm8k_test_000433,think,canonical,,True,answer_segment,think_answer,6,exp_c_segment_sample,48,48,3.094149351119995,17.247329970200855,4.579983711242676,73.86064147949219,287.83434062589475,17.009161766539233,0.0,-12.698645477392239,-4.702115813891092,-77.32496643066406
Qwen_Qwen3-14B,14B,14.0,exp_c,think,gsm8k_test_000433,think,canonical,,True,answer_segment,think_answer,13,exp_c_segment_sample,48,48,4.653426647186279,13.846346398194632,5.265125751495361,56.22639846801758,127.45647942291716,13.815733382042419,0.0,-11.432897258778016,-8.701834201812746,-18.910614013671875
Qwen_Qwen3-14B,14B,14.0,exp_c,think,gsm8k_test_000433,think,canonical,,True,answer_segment,think_answer,20,exp_c_segment_sample,48,48,6.1318488121032715,12.239581952492395,5.232961654663086,33.20735168457031,38.28523105511901,12.113334534016065,0.041666666666666664,-4.449303477394346,-1.887349406878153,-4.626735687255859
Qwen_Qwen3-14B,14B,14.0,exp_c,think,gsm8k_test_000433,think,canonical,,True,thinking_segment,thinking,6,exp_c_segment_sample,196,196,3.094149351119995,24.312117206198828,1.4960554838180542,269.40191650390625,1950.1726633667643,24.01895430088043,0.17346938775510204,-18.507233458140576,-19.364632338893653,-77.32496643066406
Qwen_Qwen3-14B,14B,14.0,exp_c,think,gsm8k_test_000433,think,canonical,,True,thinking_segment,thinking,13,exp_c_segment_sample,196,196,4.653426647186279,13.733551854989967,3.5004584789276123,72.9561996459961,126.70936647698588,13.605891332870875,0.09183673469387756,-5.33774488340028,-4.8602806986594675,-18.910614013671875
Qwen_Qwen3-14B,14B,14.0,exp_c,think,gsm8k_test_000433,think,canonical,,True,thinking_segment,thinking,20,exp_c_segment_sample,196,196,6.1318488121032715,12.64324091648569,4.477184772491455,37.045928955078125,44.48274270898686,12.598329908419878,0.11734693877551021,-1.675320045350077,-1.4338872675992995,-4.626735687255859
Qwen_Qwen3-14B,14B,14.0,exp_c,think,gsm8k_test_000472,think,canonical,,True,answer_segment,think_answer,6,exp_c_segment_sample,44,44,3.094149351119995,18.98239452188665,3.578528642654419,96.681640625,291.8348465404397,18.705164931541265,0.0,-13.151166998256349,-11.14396041089838,-15.158754348754883
Qwen_Qwen3-14B,14B,14.0,exp_c,think,gsm8k_test_000472,think,canonical,,True,answer_segment,think_answer,13,exp_c_segment_sample,44,44,4.653426647186279,12.447148214687001,3.2794508934020996,68.53528594970703,97.8333577607635,12.4690731847009,0.06818181818181818,-7.172692527193019,-2.9432050531560723,-6.7758636474609375
Qwen_Qwen3-14B,14B,14.0,exp_c,think,gsm8k_test_000472,think,canonical,,True,answer_segment,think_answer,20,exp_c_segment_sample,44,44,6.1318488121032715,12.260821347886866,3.4628682136535645,28.737951278686523,24.24178068433291,12.150306374527686,0.09090909090909091,-4.0535587086822,-2.3352368744936864,-0.930363655090332
Qwen_Qwen3-14B,14B,14.0,exp_c,think,gsm8k_test_000472,think,canonical,,True,thinking_segment,thinking,6,exp_c_segment_sample,256,256,3.094149351119995,19.68070691730827,1.5108554363250732,136.443115234375,754.0028727781703,19.41589522683942,0.10546875,-16.154095546911734,-15.179008478298783,-15.158754348754883
Qwen_Qwen3-14B,14B,14.0,exp_c,think,gsm8k_test_000472,think,canonical,,True,thinking_segment,thinking,13,exp_c_segment_sample,256,256,4.653426647186279,14.180043780244887,2.3318591117858887,67.92459106445312,119.0353180483128,14.085672732946037,0.1328125,-4.163890405827813,-2.7743457816541195,-6.7758636474609375
Qwen_Qwen3-14B,14B,14.0,exp_c,think,gsm8k_test_000472,think,canonical,,True,thinking_segment,thinking,20,exp_c_segment_sample,256,256,6.1318488121032715,13.44715322740376,3.135835886001587,61.0170783996582,59.21284457015143,13.390847742327392,0.12890625,-0.7341043497241464,-0.5878972671926022,-0.930363655090332
Qwen_Qwen3-14B,14B,14.0,exp_c,think,gsm8k_test_000543,think,canonical,,True,answer_segment,think_answer,6,exp_c_segment_sample,54,54,3.094149351119995,17.110060056050617,5.453181743621826,57.40810775756836,179.23701142779657,16.76753639725019,0.0,-13.647793076255109,-13.229052884238106,-77.11640930175781
Qwen_Qwen3-14B,14B,14.0,exp_c,think,gsm8k_test_000543,think,canonical,,True,answer_segment,think_answer,13,exp_c_segment_sample,54,54,4.653426647186279,13.52914826075236,2.9257307052612305,51.3170051574707,68.57882338047406,13.426070762130449,0.1111111111111111,-7.627053409152564,-5.311806099755424,-24.541074752807617
Qwen_Qwen3-14B,14B,14.0,exp_c,think,gsm8k_test_000543,think,canonical,,True,answer_segment,think_answer,20,exp_c_segment_sample,54,54,6.1318488121032715,12.03742817154637,3.393956422805786,22.24376678466797,25.18484515387664,11.859153014309001,0.14814814814814814,-6.394714251913203,-5.198293822152275,-1.9751358032226562
Qwen_Qwen3-14B,14B,14.0,exp_c,think,gsm8k_test_000543,think,canonical,,True,thinking_segment,thinking,6,exp_c_segment_sample,231,231,3.094149351119995,16.032956551679803,1.2583364248275757,258.9382629394531,758.7474597174858,15.768384853653293,0.24675324675324675,-7.06373691780385,-4.651512129553435,-77.11640930175781
Qwen_Qwen3-14B,14B,14.0,exp_c,think,gsm8k_test_000543,think,canonical,,True,thinking_segment,thinking,13,exp_c_segment_sample,231,231,4.653426647186279,13.846954384923498,1.71345853805542,89.8790512084961,174.88600532663324,13.628857386630516,0.19047619047619047,-6.183454918503698,-4.161994732659439,-24.541074752807617
Qwen_Qwen3-14B,14B,14.0,exp_c,think,gsm8k_test_000543,think,canonical,,True,thinking_segment,thinking,20,exp_c_segment_sample,231,231,6.1318488121032715,14.413009838624435,2.906815528869629,106.85243225097656,100.31213087625936,14.33310757201651,0.09523809523809523,-3.1559221849172343,-2.29400251240566,-1.9751358032226562
Qwen_Qwen3-14B,14B,14.0,exp_c,think,gsm8k_test_000564,think,canonical,,True,answer_segment,think_answer,6,exp_c_segment_sample,55,55,3.094149351119995,17.96765294075012,3.458550453186035,53.15089416503906,175.91766363976544,17.798424045244854,0.0,-10.28821479469149,-8.929247345243184,-11.406196594238281
Qwen_Qwen3-14B,14B,14.0,exp_c,think,gsm8k_test_000564,think,canonical,,True,answer_segment,think_answer,13,exp_c_segment_sample,55,55,4.653426647186279,12.990148323232477,3.291311264038086,41.11117935180664,60.6827660411859,12.944440166155498,0.07272727272727272,-8.037361890309803,-8.033344847815377,-9.063424110412598
Qwen_Qwen3-14B,14B,14.0,exp_c,think,gsm8k_test_000564,think,canonical,,True,answer_segment,think_answer,20,exp_c_segment_sample,55,55,6.1318488121032715,12.695720837332985,5.241201877593994,31.290691375732422,33.31381858620054,12.459185874020612,0.03636363636363636,-4.822212183320667,-4.3286795275551935,2.4560470581054688
Qwen_Qwen3-14B,14B,14.0,exp_c,think,gsm8k_test_000564,think,canonical,,True,thinking_segment,thinking,6,exp_c_segment_sample,256,256,3.094149351119995,14.025390699971467,1.7246122360229492,156.07125854492188,408.3765449934796,13.749387858812167,0.12109375,-10.467531747024202,-4.978992512449622,-11.406196594238281
Qwen_Qwen3-14B,14B,14.0,exp_c,think,gsm8k_test_000564,think,canonical,,True,thinking_segment,thinking,13,exp_c_segment_sample,256,256,4.653426647186279,11.973135658539832,2.9896373748779297,63.01980972290039,74.48280501210859,11.819881135737134,0.0859375,-3.729896808290279,-2.3103526420891285,-9.063424110412598
Qwen_Qwen3-14B,14B,14.0,exp_c,think,gsm8k_test_000564,think,canonical,,True,thinking_segment,thinking,20,exp_c_segment_sample,256,256,6.1318488121032715,12.611964847892523,4.696537017822266,36.73479080200195,36.52904418306639,12.490625950768383,0.0703125,-3.8980438858360174,-2.992268554866314,2.4560470581054688
Qwen_Qwen3-14B,14B,14.0,exp_c,think,gsm8k_test_000605,think,canonical,,True,answer_segment,think_answer,6,exp_c_segment_sample,57,57,3.094149351119995,18.35928676002904,2.193554401397705,90.94127655029297,389.74234686948256,17.87483935696738,0.05263157894736842,-28.05776043682482,-23.170711040496826,9.115558624267578
Qwen_Qwen3-14B,14B,14.0,exp_c,think,gsm8k_test_000605,think,canonical,,True,answer_segment,think_answer,13,exp_c_segment_sample,57,57,4.653426647186279,13.896584146901182,2.047563314437866,44.72655487060547,88.96852049923068,13.680858446019037,0.08771929824561403,-14.601402880708456,-11.21654380162557,7.711357116699219
Qwen_Qwen3-14B,14B,14.0,exp_c,think,gsm8k_test_000605,think,canonical,,True,answer_segment,think_answer,20,exp_c_segment_sample,57,57,6.1318488121032715,11.638768990834555,3.081340789794922,29.61497688293457,28.393738509790545,11.336071993623463,0.12280701754385964,-6.079154322670941,-4.539444986979166,2.597820281982422
Qwen_Qwen3-14B,14B,14.0,exp_c,think,gsm8k_test_000605,think,canonical,,True,thinking_segment,thinking,6,exp_c_segment_sample,219,219,3.094149351119995,14.56705538976138,1.7498347759246826,312.74554443359375,752.6681549735011,14.368147024320901,0.1552511415525114,-22.474233457516622,-13.014772980863398,9.115558624267578
Qwen_Qwen3-14B,14B,14.0,exp_c,think,gsm8k_test_000605,think,canonical,,True,thinking_segment,thinking,13,exp_c_segment_sample,219,219,4.653426647186279,12.771638746130956,2.7741315364837646,88.49486541748047,137.6892211359397,12.652896585814451,0.0821917808219178,-9.957041499326715,-5.448345782540063,7.711357116699219
Qwen_Qwen3-14B,14B,14.0,exp_c,think,gsm8k_test_000605,think,canonical,,True,thinking_segment,thinking,20,exp_c_segment_sample,219,219,6.1318488121032715,13.24140633622261,3.8328990936279297,48.34988021850586,43.79234317126201,13.17152197426612,0.0639269406392694,-3.313215108113756,-1.2635387247258976,2.597820281982422
Qwen_Qwen3-14B,14B,14.0,exp_c,think,gsm8k_test_000625,think,canonical,,True,answer_segment,think_answer,6,exp_c_segment_sample,48,48,3.094149351119995,14.615906645854315,4.4736151695251465,54.332950592041016,132.24072422184648,14.136210959008402,0.0,-3.9705692882440573,-1.6231886148452777,-27.022985458374023
Qwen_Qwen3-14B,14B,14.0,exp_c,think,gsm8k_test_000625,think,canonical,,True,answer_segment,think_answer,13,exp_c_segment_sample,48,48,4.653426647186279,11.139572938283285,4.342285633087158,21.553091049194336,23.408912192307028,11.041486872003434,0.0625,-4.789173977715632,-4.490304549535116,-11.532455444335938
Qwen_Qwen3-14B,14B,14.0,exp_c,think,gsm8k_test_000625,think,canonical,,True,answer_segment,think_answer,20,exp_c_segment_sample,48,48,6.1318488121032715,11.389819949865341,4.105657577514648,25.940092086791992,17.908153932924193,11.302593109455515,0.10416666666666667,-3.6180910711385796,-3.1675015290578212,-6.635100364685059
Qwen_Qwen3-14B,14B,14.0,exp_c,think,gsm8k_test_000625,think,canonical,,True,thinking_segment,thinking,6,exp_c_segment_sample,256,256,3.094149351119995,19.336592451669276,1.9324103593826294,333.94354248046875,979.3351023916244,19.37857757647013,0.09765625,-13.719699134644845,-9.573747614398599,-27.022985458374023
Qwen_Qwen3-14B,14B,14.0,exp_c,think,gsm8k_test_000625,think,canonical,,True,thinking_segment,thinking,13,exp_c_segment_sample,256,256,4.653426647186279,14.85403882432729,2.6590218544006348,90.13719177246094,145.1109425538656,15.063998466095164,0.125,-6.111064926821751,-5.2188477255403996,-11.532455444335938
Qwen_Qwen3-14B,14B,14.0,exp_c,think,gsm8k_test_000625,think,canonical,,True,thinking_segment,thinking,20,exp_c_segment_sample,256,256,6.1318488121032715,13.723835113458335,3.2827351093292236,83.87619018554688,82.078889717122,13.7984660146982,0.16015625,-2.7738175864477843,-2.3352266252040863,-6.635100364685059
Qwen_Qwen3-14B,14B,14.0,exp_c,think,gsm8k_test_000760,think,canonical,,True,answer_segment,think_answer,6,exp_c_segment_sample,71,71,3.094149351119995,13.817492763761063,3.1827704906463623,63.74154281616211,190.68885367531243,13.437347940036224,0.0,-16.965185872266,-12.850759824117024,-29.903804779052734
Qwen_Qwen3-14B,14B,14.0,exp_c,think,gsm8k_test_000760,think,canonical,,True,answer_segment,think_answer,13,exp_c_segment_sample,71,71,4.653426647186279,13.613455839560066,4.399795055389404,63.60615921020508,118.84700598220067,13.51675003596715,0.028169014084507043,-17.52881031305019,-14.462329334682886,-8.277149200439453
Qwen_Qwen3-14B,14B,14.0,exp_c,think,gsm8k_test_000760,think,canonical,,True,answer_segment,think_answer,20,exp_c_segment_sample,71,71,6.1318488121032715,11.412816961046676,3.627925395965576,33.0708122253418,20.846038735846815,11.369753170013428,0.07042253521126761,-6.052011662245928,-4.3316102557712135,-3.0167436599731445
Qwen_Qwen3-14B,14B,14.0,exp_c,think,gsm8k_test_000760,think,canonical,,True,thinking_segment,thinking,6,exp_c_segment_sample,244,244,3.094149351119995,15.813028101549774,1.4520865678787231,198.79486083984375,747.8433306229567,15.542684029649806,0.1557377049180328,1.7065692903406258,-1.997532393111559,-29.903804779052734
Qwen_Qwen3-14B,14B,14.0,exp_c,think,gsm8k_test_000760,think,canonical,,True,thinking_segment,thinking,13,exp_c_segment_sample,244,244,4.653426647186279,11.917921209921602,2.6723642349243164,79.5249252319336,88.23930907330771,11.717157162756589,0.11475409836065574,-0.49559336071548793,-1.4893524490418972,-8.277149200439453
Qwen_Qwen3-14B,14B,14.0,exp_c,think,gsm8k_test_000760,think,canonical,,True,thinking_segment,thinking,20,exp_c_segment_sample,244,244,6.1318488121032715,11.647163020782783,3.7979013919830322,33.22462463378906,33.34380612133914,11.598340204223193,0.12704918032786885,-1.1895227071312782,-1.2024906541480398,-3.0167436599731445
Qwen_Qwen3-14B,14B,14.0,exp_c,think,gsm8k_test_000776,think,canonical,,True,answer_segment,think_answer,6,exp_c_segment_sample,53,53,3.094149351119995,16.11791614766391,3.7483246326446533,54.70146560668945,190.2949687668353,15.693528986894167,0.0,-5.066177281193764,-6.247524806431359,4.021145820617676
Qwen_Qwen3-14B,14B,14.0,exp_c,think,gsm8k_test_000776,think,canonical,,True,answer_segment,think_answer,13,exp_c_segment_sample,53,53,4.653426647186279,12.674944643704396,4.6400580406188965,36.02385711669922,48.55698104816503,12.601957431206337,0.018867924528301886,-7.385533194871799,-7.995012453624179,-3.048281669616699
Qwen_Qwen3-14B,14B,14.0,exp_c,think,gsm8k_test_000776,think,canonical,,True,answer_segment,think_answer,20,exp_c_segment_sample,53,53,6.1318488121032715,12.129672302390045,5.086361408233643,35.72810363769531,29.839001307675638,11.999164819717405,0.09433962264150944,-2.1988207119315843,-3.333755901881627,-2.4611997604370117
Qwen_Qwen3-14B,14B,14.0,exp_c,think,gsm8k_test_000776,think,canonical,,True,thinking_segment,thinking,6,exp_c_segment_sample,256,256,3.094149351119995,19.378044676966965,2.0256667137145996,232.18702697753906,994.8364707821679,19.93684003353118,0.14453125,-1.944696088910549,-4.670794975012541,4.021145820617676
Qwen_Qwen3-14B,14B,14.0,exp_c,think,gsm8k_test_000776,think,canonical,,True,thinking_segment,thinking,13,exp_c_segment_sample,256,256,4.653426647186279,15.11555818002671,2.8466429710388184,155.23277282714844,237.0026139052634,15.395063560925998,0.1640625,-0.42977916517117304,-1.6330473236739635,-3.048281669616699
Qwen_Qwen3-14B,14B,14.0,exp_c,think,gsm8k_test_000776,think,canonical,,True,thinking_segment,thinking,20,exp_c_segment_sample,256,256,6.1318488121032715,14.298859910108149,3.632957935333252,60.24883270263672,78.89430915896199,14.462402891012337,0.109375,-0.9261863391503043,-1.4857745841145515,-2.4611997604370117
Qwen_Qwen3-14B,14B,14.0,exp_c,think,gsm8k_test_000875,think,canonical,,True,answer_segment,think_answer,6,exp_c_segment_sample,53,53,3.094149351119995,15.258097702602171,4.013946533203125,51.058692932128906,147.2450716964208,14.844516332332907,0.0,-8.797833428692764,-6.404514653342112,-0.7114410400390625
Qwen_Qwen3-14B,14B,14.0,exp_c,think,gsm8k_test_000875,think,canonical,,True,answer_segment,think_answer,13,exp_c_segment_sample,53,53,4.653426647186279,13.03007574801175,3.2084097862243652,34.15057373046875,54.883022626836826,12.96994252388294,0.05660377358490566,-12.699336437809139,-11.666608674185618,-2.5205345153808594
Qwen_Qwen3-14B,14B,14.0,exp_c,think,gsm8k_test_000875,think,canonical,,True,answer_segment,think_answer,20,exp_c_segment_sample,53,53,6.1318488121032715,13.896257814371362,4.343897342681885,40.0885124206543,53.53093588798113,13.880738350061272,0.07547169811320754,-10.951074888121402,-9.14962444986616,3.0000505447387695
Qwen_Qwen3-14B,14B,14.0,exp_c,think,gsm8k_test_000875,think,canonical,,True,thinking_segment,thinking,6,exp_c_segment_sample,247,247,3.094149351119995,16.74469494530064,1.8606393337249756,187.67855834960938,713.3449988531969,16.546570002548087,0.08502024291497975,-0.872008905112464,-4.849161709508589,-0.7114410400390625
Qwen_Qwen3-14B,14B,14.0,exp_c,think,gsm8k_test_000875,think,canonical,,True,thinking_segment,thinking,13,exp_c_segment_sample,247,247,4.653426647186279,13.760411758654513,3.639970541000366,65.73853302001953,106.72015902451433,13.644042668303825,0.05668016194331984,-2.074178875450114,-3.6922024757631355,-2.5205345153808594
Qwen_Qwen3-14B,14B,14.0,exp_c,think,gsm8k_test_000875,think,canonical,,True,thinking_segment,thinking,20,exp_c_segment_sample,247,247,6.1318488121032715,13.480279810515492,4.451606273651123,53.39222717285156,51.77373658230296,13.423239122561323,0.06477732793522267,-3.9259048657518627,-3.738077517478697,3.0000505447387695
Qwen_Qwen3-14B,14B,14.0,exp_c,think,gsm8k_test_000901,think,canonical,,True,answer_segment,think_answer,6,exp_c_segment_sample,43,43,3.094149351119995,20.65715565237888,3.587693691253662,84.3947982788086,355.6781188656958,20.59141745453789,0.0,-29.981558095577157,-23.380926630713724,-10.810565948486328
Qwen_Qwen3-14B,14B,14.0,exp_c,think,gsm8k_test_000901,think,canonical,,True,answer_segment,think_answer,13,exp_c_segment_sample,43,43,4.653426647186279,12.892006541407385,3.742482900619507,28.594181060791016,36.087919910367674,12.934486672991799,0.09302325581395349,-8.083233422003135,-6.754502946680242,-9.841852188110352
Qwen_Qwen3-14B,14B,14.0,exp_c,think,gsm8k_test_000901,think,canonical,,True,answer_segment,think_answer,20,exp_c_segment_sample,43,43,6.1318488121032715,12.393840102262276,4.487575531005859,25.10714340209961,26.50535452313079,12.427883125486828,0.13953488372093023,-8.101425560029831,-6.852670149369672,-4.868185043334961
Qwen_Qwen3-14B,14B,14.0,exp_c,think,gsm8k_test_000901,think,canonical,,True,thinking_segment,thinking,6,exp_c_segment_sample,256,256,3.094149351119995,20.731214203871787,2.0271778106689453,211.78988647460938,1202.5757332091482,19.866948513730065,0.11328125,-17.103020469897295,-8.602405309677126,-10.810565948486328
Qwen_Qwen3-14B,14B,14.0,exp_c,think,gsm8k_test_000901,think,canonical,,True,thinking_segment,thinking,13,exp_c_segment_sample,256,256,4.653426647186279,14.721415321342647,2.612746238708496,114.5109634399414,248.28427148006787,14.609003466888542,0.14453125,-7.91712427234489,-4.6686139877025905,-9.841852188110352
Qwen_Qwen3-14B,14B,14.0,exp_c,think,gsm8k_test_000901,think,canonical,,True,thinking_segment,thinking,20,exp_c_segment_sample,256,256,6.1318488121032715,14.901395615190268,4.247006416320801,117.70842742919922,127.20415955003674,14.946476754054288,0.13671875,-7.440647374622224,-5.321811932783861,-4.868185043334961
Qwen_Qwen3-14B,14B,14.0,exp_c,think,gsm8k_test_000915,think,canonical,,True,answer_segment,think_answer,6,exp_c_segment_sample,58,58,3.094149351119995,14.358334089147634,3.818697929382324,118.4820785522461,348.64272837326445,13.943495022623162,0.0,0.5204132914473467,2.086133098602293,13.198747634887695
Qwen_Qwen3-14B,14B,14.0,exp_c,think,gsm8k_test_000915,think,canonical,,True,answer_segment,think_answer,13,exp_c_segment_sample,58,58,4.653426647186279,10.990527457204358,4.911109924316406,41.72968292236328,40.13047762698257,10.922121131629273,0.0,0.023273755346107695,0.8653657595316577,3.638090133666992
Qwen_Qwen3-14B,14B,14.0,exp_c,think,gsm8k_test_000915,think,canonical,,True,answer_segment,think_answer,20,exp_c_segment_sample,58,58,6.1318488121032715,11.189763611760633,5.307985782623291,21.66897964477539,17.835963786436647,11.130734485492372,0.08620689655172414,2.96560845912931,3.3450764973958336,-0.8982048034667969
Qwen_Qwen3-14B,14B,14.0,exp_c,think,gsm8k_test_000915,think,canonical,,True,thinking_segment,thinking,6,exp_c_segment_sample,157,157,3.094149351119995,16.169020377906264,2.0854318141937256,127.67796325683594,520.2441176132425,15.76644206505556,0.06369426751592357,-0.21605582253776762,-3.664370363950731,13.198747634887695
Qwen_Qwen3-14B,14B,14.0,exp_c,think,gsm8k_test_000915,think,canonical,,True,thinking_segment,thinking,13,exp_c_segment_sample,157,157,4.653426647186279,12.618958697956838,3.9291529655456543,55.84914016723633,69.80216333161042,12.428596790020285,0.050955414012738856,0.7465157432343873,-0.5050333142280579,3.638090133666992
Qwen_Qwen3-14B,14B,14.0,exp_c,think,gsm8k_test_000915,think,canonical,,True,thinking_segment,thinking,20,exp_c_segment_sample,157,157,6.1318488121032715,13.377683229507154,4.899062633514404,43.693851470947266,49.74773602261624,13.30312954156827,0.08280254777070063,2.0458645574952112,0.7018291831016548,-0.8982048034667969
Qwen_Qwen3-14B,14B,14.0,exp_c,think,gsm8k_test_001038,think,canonical,,True,answer_segment,think_answer,6,exp_c_segment_sample,64,64,3.094149351119995,15.789067573845387,2.034325361251831,84.55899047851562,286.009169733499,15.542208315834166,0.140625,-24.083324910356488,-18.75243180990219,-5.820407867431641
Qwen_Qwen3-14B,14B,14.0,exp_c,think,gsm8k_test_001038,think,canonical,,True,answer_segment,think_answer,13,exp_c_segment_sample,64,64,4.653426647186279,10.517201576381922,3.3678267002105713,30.138355255126953,30.31399085976952,10.449523127268233,0.078125,-6.72976610809566,-5.429059267044067,-16.526283264160156
Qwen_Qwen3-14B,14B,14.0,exp_c,think,gsm8k_test_001038,think,canonical,,True,answer_segment,think_answer,20,exp_c_segment_sample,64,64,6.1318488121032715,12.05748863518238,4.29393196105957,35.96630096435547,29.44908377372394,11.941617980835927,0.109375,-6.448860576978102,-3.9446496069431305,-3.394824981689453
Qwen_Qwen3-14B,14B,14.0,exp_c,think,gsm8k_test_001038,think,canonical,,True,thinking_segment,thinking,6,exp_c_segment_sample,256,256,3.094149351119995,19.327844026964158,1.7750399112701416,184.57994079589844,862.8843510744802,19.361496109903122,0.13671875,-8.354615390596988,-5.858763003721833,-5.820407867431641
Qwen_Qwen3-14B,14B,14.0,exp_c,think,gsm8k_test_001038,think,canonical,,True,thinking_segment,thinking,13,exp_c_segment_sample,256,256,4.653426647186279,15.641699160449207,2.7298572063446045,144.2771453857422,254.8299036363645,15.667725837877974,0.09375,-8.930555416243061,-8.130588352680206,-16.526283264160156
Qwen_Qwen3-14B,14B,14.0,exp_c,think,gsm8k_test_001038,think,canonical,,True,thinking_segment,thinking,20,exp_c_segment_sample,256,256,6.1318488121032715,13.900185951963067,3.905306816101074,60.541900634765625,72.16518597457068,13.758580255832069,0.09765625,-3.8118998143573126,-2.8085033148527145,-3.394824981689453
Qwen_Qwen3-14B,14B,14.0,exp_c,think,gsm8k_test_001058,think,canonical,,True,answer_segment,think_answer,6,exp_c_segment_sample,61,61,3.094149351119995,18.99431351364636,3.665705919265747,189.0521697998047,736.7196397488991,18.52616733709971,0.0,-22.199113340241606,-19.311771377921104,2.937908172607422
Qwen_Qwen3-14B,14B,14.0,exp_c,think,gsm8k_test_001058,think,canonical,,True,answer_segment,think_answer,13,exp_c_segment_sample,61,61,4.653426647186279,14.761309295404153,4.120549201965332,53.5748291015625,115.18384095837179,14.706725533803308,0.01639344262295082,-14.814955869722082,-12.865410327911377,-7.565681457519531
Qwen_Qwen3-14B,14B,14.0,exp_c,think,gsm8k_test_001058,think,canonical,,True,answer_segment,think_answer,20,exp_c_segment_sample,61,61,6.1318488121032715,12.053416861862432,5.140942573547363,25.880508422851562,26.162415931707358,11.939690264066062,0.04918032786885246,-4.718186913061117,-4.5256655514240265,-2.5441761016845703
Qwen_Qwen3-14B,14B,14.0,exp_c,think,gsm8k_test_001058,think,canonical,,True,thinking_segment,thinking,6,exp_c_segment_sample,239,239,3.094149351119995,14.377858393860661,1.6986496448516846,270.12884521484375,857.8335962128062,14.112442141320521,0.1799163179916318,-3.648224519261759,-2.4484772304693863,2.937908172607422
Qwen_Qwen3-14B,14B,14.0,exp_c,think,gsm8k_test_001058,think,canonical,,True,thinking_segment,thinking,13,exp_c_segment_sample,239,239,4.653426647186279,11.10774153745324,2.5401875972747803,90.92369079589844,135.33973787158646,10.891522369464909,0.2384937238493724,-4.994532739018797,-3.2579334934552513,-7.565681457519531
Qwen_Qwen3-14B,14B,14.0,exp_c,think,gsm8k_test_001058,think,canonical,,True,thinking_segment,thinking,20,exp_c_segment_sample,239,239,6.1318488121032715,12.023888509143845,3.478762149810791,62.25175476074219,70.04124295607136,11.926830897812085,0.19665271966527198,-4.374952983008276,-3.175002634525299,-2.5441761016845703
Qwen_Qwen3-14B,14B,14.0,exp_c,think,gsm8k_test_001059,think,canonical,,True,answer_segment,think_answer,6,exp_c_segment_sample,51,51,3.094149351119995,15.671677089204975,2.73241925239563,69.15116882324219,197.09054446612922,15.03334152698517,0.058823529411764705,-8.151394739409904,-5.13723764052758,-59.675357818603516
Qwen_Qwen3-14B,14B,14.0,exp_c,think,gsm8k_test_001059,think,canonical,,True,answer_segment,think_answer,13,exp_c_segment_sample,51,51,4.653426647186279,11.303404588325352,3.3120460510253906,25.87285614013672,27.990868956598963,11.25994580745697,0.0784313725490196,-6.641347613269926,-5.672449442056509,-10.596487045288086
Qwen_Qwen3-14B,14B,14.0,exp_c,think,gsm8k_test_001059,think,canonical,,True,answer_segment,think_answer,20,exp_c_segment_sample,51,51,6.1318488121032715,12.574515856948553,4.341924667358398,29.446626663208008,28.139464504812803,12.359526891708374,0.0784313725490196,-5.221106852880968,-3.8696765532860375,-0.7580051422119141
Qwen_Qwen3-14B,14B,14.0,exp_c,think,gsm8k_test_001059,think,canonical,,True,thinking_segment,thinking,6,exp_c_segment_sample,200,200,3.094149351119995,22.03481564640999,1.6014342308044434,218.7579345703125,1274.233065471192,21.823730939596743,0.105,-1.1749315135158864,-9.18208840370178,-59.675357818603516
Qwen_Qwen3-14B,14B,14.0,exp_c,think,gsm8k_test_001059,think,canonical,,True,thinking_segment,thinking,13,exp_c_segment_sample,200,200,4.653426647186279,13.385656052827835,2.6821234226226807,109.97431945800781,130.56889324338482,13.3222684105437,0.08,-5.32746701692469,-5.847143659591673,-10.596487045288086
Qwen_Qwen3-14B,14B,14.0,exp_c,think,gsm8k_test_001059,think,canonical,,True,thinking_segment,thinking,20,exp_c_segment_sample,200,200,6.1318488121032715,13.171897523403167,4.385615825653076,47.59046173095703,56.48036256488684,13.137692497004219,0.09,-4.847623085548643,-4.202393636703491,-0.7580051422119141
Qwen_Qwen3-14B,14B,14.0,exp_c,think,gsm8k_test_001094,think,canonical,,True,answer_segment,think_answer,6,exp_c_segment_sample,41,41,3.094149351119995,17.146451554647307,4.167342662811279,50.106876373291016,161.29690036298658,16.921649527549743,0.0,-8.136008531789725,-7.340975891460072,-13.788291931152344
Qwen_Qwen3-14B,14B,14.0,exp_c,think,gsm8k_test_001094,think,canonical,,True,answer_segment,think_answer,13,exp_c_segment_sample,41,41,4.653426647186279,12.420424635817366,3.9655160903930664,52.35516357421875,68.05407781818911,12.386784934997557,0.07317073170731707,-10.205556520601577,-9.802288185466418,-8.140334129333496
Qwen_Qwen3-14B,14B,14.0,exp_c,think,gsm8k_test_001094,think,canonical,,True,answer_segment,think_answer,20,exp_c_segment_sample,41,41,6.1318488121032715,11.782989769447141,5.5888872146606445,32.134361267089844,19.67945244420228,11.792088770866393,0.024390243902439025,-2.591296578118188,-3.157075881958008,-3.4701318740844727
Qwen_Qwen3-14B,14B,14.0,exp_c,think,gsm8k_test_001094,think,canonical,,True,thinking_segment,thinking,6,exp_c_segment_sample,256,256,3.094149351119995,21.06235991232097,1.066266417503357,595.1004638671875,2243.4470734441857,20.077545536870375,0.20703125,-19.76679757279577,-16.889537152877217,-13.788291931152344
Qwen_Qwen3-14B,14B,14.0,exp_c,think,gsm8k_test_001094,think,canonical,,True,thinking_segment,thinking,13,exp_c_segment_sample,256,256,4.653426647186279,14.181412131525576,2.3618080615997314,135.72801208496094,215.12664232109591,13.802588886759256,0.1640625,-9.14636852267052,-9.141404309639565,-8.140334129333496
Qwen_Qwen3-14B,14B,14.0,exp_c,think,gsm8k_test_001094,think,canonical,,True,thinking_segment,thinking,20,exp_c_segment_sample,256,256,6.1318488121032715,14.08998859114945,3.057671070098877,71.32540893554688,86.77252495867205,13.990468360734788,0.1328125,-5.218384655462422,-5.123242682677047,-3.4701318740844727
Qwen_Qwen3-14B,14B,14.0,exp_c,think,gsm8k_test_001096,think,canonical,,True,answer_segment,think_answer,6,exp_c_segment_sample,61,61,3.094149351119995,22.295355257440786,4.077559947967529,108.76359558105469,455.8630850778896,22.07089618841807,0.0,-27.290414535829076,-19.969676345586777,-51.92910385131836
Qwen_Qwen3-14B,14B,14.0,exp_c,think,gsm8k_test_001096,think,canonical,,True,answer_segment,think_answer,13,exp_c_segment_sample,61,61,4.653426647186279,14.708002973775395,3.8283300399780273,44.26777648925781,58.77816107505074,14.640141844749452,0.03278688524590164,-13.057898221351294,-9.741108417510986,-7.671482086181641
Qwen_Qwen3-14B,14B,14.0,exp_c,think,gsm8k_test_001096,think,canonical,,True,answer_segment,think_answer,20,exp_c_segment_sample,61,61,6.1318488121032715,13.723691955941622,4.044068813323975,28.41742706298828,34.23547133068319,13.658120433489481,0.06557377049180328,-7.630779699570656,-5.6137681901454926,-2.166168212890625
Qwen_Qwen3-14B,14B,14.0,exp_c,think,gsm8k_test_001096,think,canonical,,True,thinking_segment,thinking,6,exp_c_segment_sample,256,256,3.094149351119995,18.927703916095197,2.2254393100738525,264.6529846191406,1340.5467647889584,18.22442363679798,0.16015625,-8.33936953527568,-8.145776607096195,-51.92910385131836
Qwen_Qwen3-14B,14B,14.0,exp_c,think,gsm8k_test_001096,think,canonical,,True,thinking_segment,thinking,13,exp_c_segment_sample,256,256,4.653426647186279,13.136078527197242,2.4481310844421387,80.73204040527344,164.91262313295275,13.096782369031887,0.1875,-7.556043070262668,-6.847418371587992,-7.671482086181641
Qwen_Qwen3-14B,14B,14.0,exp_c,think,gsm8k_test_001096,think,canonical,,True,thinking_segment,thinking,20,exp_c_segment_sample,256,256,6.1318488121032715,13.038401807658374,2.9674806594848633,58.50165939331055,73.48661200458702,13.084126218991083,0.14453125,-5.13046720971736,-5.1127863228321075,-2.166168212890625
Qwen_Qwen3-14B,14B,14.0,exp_c,think,gsm8k_test_001144,think,canonical,,True,answer_segment,think_answer,6,exp_c_segment_sample,53,53,3.094149351119995,17.801342428855175,3.3451051712036133,63.01696014404297,185.4472911241646,17.63017812600503,0.0,-14.528711077052321,-9.39090633392334,-35.64561462402344
Qwen_Qwen3-14B,14B,14.0,exp_c,think,gsm8k_test_001144,think,canonical,,True,answer_segment,think_answer,13,exp_c_segment_sample,53,53,4.653426647186279,14.991006801713187,3.431495189666748,42.84025192260742,77.97707585914691,14.997127996041225,0.09433962264150944,-16.04999733970848,-13.03177649634225,-2.1292457580566406
Qwen_Qwen3-14B,14B,14.0,exp_c,think,gsm8k_test_001144,think,canonical,,True,answer_segment,think_answer,20,exp_c_segment_sample,53,53,6.1318488121032715,13.90128635910322,4.950245380401611,27.131576538085938,28.5148192812815,13.828457098740799,0.09433962264150944,-8.295711883209027,-6.752152408872332,1.0159358978271484
Qwen_Qwen3-14B,14B,14.0,exp_c,think,gsm8k_test_001144,think,canonical,,True,thinking_segment,thinking,6,exp_c_segment_sample,242,242,3.094149351119995,16.968006274424308,1.846243977546692,199.8688507080078,883.9216218743137,16.69202286821183,0.09090909090909091,-5.343931263812329,-5.820860978032719,-35.64561462402344
Qwen_Qwen3-14B,14B,14.0,exp_c,think,gsm8k_test_001144,think,canonical,,True,thinking_segment,thinking,13,exp_c_segment_sample,242,242,4.653426647186279,11.708840504165524,2.7512893676757812,56.48081970214844,70.94428071748915,11.582563352782696,0.09917355371900827,-2.6275693940430256,-1.540267064923146,-2.1292457580566406
Qwen_Qwen3-14B,14B,14.0,exp_c,think,gsm8k_test_001144,think,canonical,,True,thinking_segment,thinking,20,exp_c_segment_sample,242,242,6.1318488121032715,12.50003937847358,4.284994602203369,51.30967712402344,44.67975582044879,12.456620388505861,0.10330578512396695,-1.4083239183463803,-0.7767397067585922,1.0159358978271484
Qwen_Qwen3-14B,14B,14.0,exp_c,think,gsm8k_test_001201,think,canonical,,True,answer_segment,think_answer,6,exp_c_segment_sample,67,67,3.094149351119995,14.656651810033997,3.573648452758789,97.00654602050781,202.57527744400275,13.95128107070923,0.0,-3.307299882095061,-3.4805855610791383,-12.200233459472656
Qwen_Qwen3-14B,14B,14.0,exp_c,think,gsm8k_test_001201,think,canonical,,True,answer_segment,think_answer,13,exp_c_segment_sample,67,67,4.653426647186279,12.893827103856784,3.6087520122528076,44.39885330200195,60.648474294983345,12.76779666813937,0.04477611940298507,-7.148303934939614,-6.684658555423514,-2.893911361694336
Qwen_Qwen3-14B,14B,14.0,exp_c,think,gsm8k_test_001201,think,canonical,,True,answer_segment,think_answer,20,exp_c_segment_sample,67,67,6.1318488121032715,12.38670191124304,4.170456409454346,26.869977951049805,26.462426683513325,12.29163866332083,0.08955223880597014,-4.124041446789622,-3.8492187892689422,1.347590446472168
Qwen_Qwen3-14B,14B,14.0,exp_c,think,gsm8k_test_001201,think,canonical,,True,thinking_segment,thinking,6,exp_c_segment_sample,256,256,3.094149351119995,17.413044994231313,1.666937232017517,167.82801818847656,806.8740579299134,16.98110190516095,0.1640625,4.1364304317649765,4.176592584699392,-12.200233459472656
Qwen_Qwen3-14B,14B,14.0,exp_c,think,gsm8k_test_001201,think,canonical,,True,thinking_segment,thinking,13,exp_c_segment_sample,256,256,4.653426647186279,13.89994749892503,2.5521295070648193,93.48133087158203,211.30542724529528,13.698630033645482,0.203125,2.8453562102768384,1.7404035367071629,-2.893911361694336
Qwen_Qwen3-14B,14B,14.0,exp_c,think,gsm8k_test_001201,think,canonical,,True,thinking_segment,thinking,20,exp_c_segment_sample,256,256,6.1318488121032715,14.710438488051295,3.4261903762817383,70.54058074951172,109.60897383106763,14.655313124201221,0.1328125,-4.880554213839535,-3.5838109143078327,1.347590446472168
Qwen_Qwen3-14B,14B,14.0,exp_c,think,gsm8k_test_001247,think,canonical,,True,answer_segment,think_answer,6,exp_c_segment_sample,56,56,3.094149351119995,20.925381375210627,2.8308145999908447,138.40103149414062,610.0954089063295,19.548818540573116,0.05357142857142857,-5.092210018993308,-6.340768711907522,-2.7744293212890625
Qwen_Qwen3-14B,14B,14.0,exp_c,think,gsm8k_test_001247,think,canonical,,True,answer_segment,think_answer,13,exp_c_segment_sample,56,56,4.653426647186279,12.371579221316747,2.9284157752990723,35.51679611206055,48.08064110812928,12.26744871139526,0.10714285714285714,-5.733231336550621,-5.655113083975655,-2.474567413330078
Qwen_Qwen3-14B,14B,14.0,exp_c,think,gsm8k_test_001247,think,canonical,,True,answer_segment,think_answer,20,exp_c_segment_sample,56,56,6.1318488121032715,12.032096752098628,5.34793758392334,26.641633987426758,24.629540698232972,11.879974946108732,0.07142857142857142,-1.240652339799058,-2.194702557155063,1.378753662109375
Qwen_Qwen3-14B,14B,14.0,exp_c,think,gsm8k_test_001247,think,canonical,,True,thinking_segment,thinking,6,exp_c_segment_sample,133,133,3.094149351119995,22.834390907359303,2.127697467803955,322.6056823730469,1188.7643713539228,22.473906020323433,0.10526315789473684,-10.354994274606456,-8.642368190428787,-2.7744293212890625
Qwen_Qwen3-14B,14B,14.0,exp_c,think,gsm8k_test_001247,think,canonical,,True,thinking_segment,thinking,13,exp_c_segment_sample,133,133,4.653426647186279,13.42077502451445,3.772106647491455,44.30120849609375,77.5280186576446,13.255542760545557,0.08270676691729323,-1.9691193965586014,-1.7337431346668915,-2.474567413330078
Qwen_Qwen3-14B,14B,14.0,exp_c,think,gsm8k_test_001247,think,canonical,,True,thinking_segment,thinking,20,exp_c_segment_sample,133,133,6.1318488121032715,13.035166482280072,4.229093074798584,51.68838882446289,58.49699792823312,12.961790727846552,0.12030075187969924,-1.9448755157474082,-1.2940293480368226,1.378753662109375
Qwen_Qwen3-32B,32B,32.0,exp_c,no_think,gsm8k_test_000048,no_think,canonical,,True,answer_segment,no_think_answer,6,exp_c_segment_sample,42,42,2.5312432765960695,12.960763715562367,4.08058500289917,32.743980407714844,49.99384009957019,12.70790952589454,0.0,2.543459342563663,1.1526424668051973,-52.58659362792969
Qwen_Qwen3-32B,32B,32.0,exp_c,no_think,gsm8k_test_000048,no_think,canonical,,True,answer_segment,no_think_answer,13,exp_c_segment_sample,42,42,3.8548195362091064,12.432744275955926,4.5028276443481445,35.69258117675781,40.17842706443292,12.107945442199707,0.0,-1.5997843726528802,-1.8422836390408595,-29.678054809570312
Qwen_Qwen3-32B,32B,32.0,exp_c,no_think,gsm8k_test_000048,no_think,canonical,,True,answer_segment,no_think_answer,20,exp_c_segment_sample,42,42,5.757846450805664,11.088393290837606,5.774296283721924,27.50349998474121,16.178619899004428,10.929184122783383,0.0,-0.6944775296208102,-0.885251652110707,-29.439027786254883
Qwen_Qwen3-32B,32B,32.0,exp_c,no_think,gsm8k_test_000099,no_think,canonical,,True,answer_segment,no_think_answer,6,exp_c_segment_sample,53,53,2.5312432765960695,16.941363492101992,3.1877989768981934,93.71504211425781,196.5127798506378,16.8703894844422,0.0,-6.703679215733113,-6.573231628962924,-56.17052459716797
Qwen_Qwen3-32B,32B,32.0,exp_c,no_think,gsm8k_test_000099,no_think,canonical,,True,answer_segment,no_think_answer,13,exp_c_segment_sample,53,53,3.8548195362091064,14.50343745159653,3.714956283569336,39.308082580566406,54.67954595387661,14.33343842854867,0.018867924528301886,-5.9143600993686185,-5.127228430339267,-16.34290313720703
Qwen_Qwen3-32B,32B,32.0,exp_c,no_think,gsm8k_test_000099,no_think,canonical,,True,answer_segment,no_think_answer,20,exp_c_segment_sample,53,53,5.757846450805664,13.51480582075299,5.071314811706543,31.074478149414062,37.69551973978237,13.332160766308125,0.03773584905660377,-2.54533890658204,-2.8506833485194623,-2.9419403076171875
Qwen_Qwen3-32B,32B,32.0,exp_c,no_think,gsm8k_test_000109,no_think,canonical,,True,answer_segment,no_think_answer,6,exp_c_segment_sample,52,52,2.5312432765960695,14.894915883357708,4.503586769104004,59.70693588256836,132.76992953432273,14.742239213457298,0.0,-6.454822946183043,-5.618868534381573,-46.49196243286133
Qwen_Qwen3-32B,32B,32.0,exp_c,no_think,gsm8k_test_000109,no_think,canonical,,True,answer_segment,no_think_answer,13,exp_c_segment_sample,52,52,3.8548195362091064,14.520821135777693,3.765859365463257,59.40147018432617,102.53552716489958,14.236731029024309,0.019230769230769232,-4.191764703336745,-6.241264306581936,-49.506629943847656
Qwen_Qwen3-32B,32B,32.0,exp_c,no_think,gsm8k_test_000109,no_think,canonical,,True,answer_segment,no_think_answer,20,exp_c_segment_sample,52,52,5.757846450805664,14.113754726373232,3.7107341289520264,36.6937370300293,43.83267289549342,14.008118923972635,0.07692307692307693,-3.571444210189521,-4.216471268580509,-32.19044876098633
Qwen_Qwen3-32B,32B,32.0,exp_c,no_think,gsm8k_test_000112,no_think,canonical,,True,answer_segment,no_think_answer,6,exp_c_segment_sample,42,42,2.5312432765960695,12.689468145370483,2.088634967803955,39.64024353027344,104.06235953923918,12.415120857517895,0.09523809523809523,-1.7048650976035227,-0.37779333374717083,-35.755821228027344
Qwen_Qwen3-32B,32B,32.0,exp_c,no_think,gsm8k_test_000112,no_think,canonical,,True,answer_segment,no_think_answer,13,exp_c_segment_sample,42,42,3.8548195362091064,12.044297666776748,2.605872392654419,45.386043548583984,60.036146104632074,11.863466070919504,0.11904761904761904,-7.640731863009177,-5.22294183210893,-38.781700134277344
Qwen_Qwen3-32B,32B,32.0,exp_c,no_think,gsm8k_test_000112,no_think,canonical,,True,answer_segment,no_think_answer,20,exp_c_segment_sample,42,42,5.757846450805664,11.638180710020519,3.486877679824829,28.27535057067871,35.148638619250576,11.559897818216463,0.16666666666666666,-8.189697655332445,-7.080376993526111,-15.237642288208008
Qwen_Qwen3-32B,32B,32.0,exp_c,no_think,gsm8k_test_000133,no_think,canonical,,False,answer_segment,no_think_answer,6,exp_c_segment_sample,45,45,2.5312432765960695,12.772034533818562,3.3437187671661377,62.118194580078125,106.6382696198994,12.601749490607867,0.0,-2.604453558161634,-1.0239972074826547,-0.5947666168212891
Qwen_Qwen3-32B,32B,32.0,exp_c,no_think,gsm8k_test_000133,no_think,canonical,,False,answer_segment,no_think_answer,13,exp_c_segment_sample,45,45,3.8548195362091064,12.192540465460883,4.380875587463379,38.31938934326172,32.94234574069371,11.808727567846123,0.0,-0.5147898853688903,-0.048935651779174805,-42.18695068359375
Qwen_Qwen3-32B,32B,32.0,exp_c,no_think,gsm8k_test_000133,no_think,canonical,,False,answer_segment,no_think_answer,20,exp_c_segment_sample,45,45,5.757846450805664,11.432358180152045,3.599069595336914,24.34368324279785,18.69596141061229,11.28549954024228,0.06666666666666667,-3.197156190181116,-2.3654474417368565,-16.111276626586914
Qwen_Qwen3-32B,32B,32.0,exp_c,no_think,gsm8k_test_000172,no_think,canonical,,False,answer_segment,no_think_answer,6,exp_c_segment_sample,55,55,2.5312432765960695,12.85503318309784,1.9010809659957886,43.37316131591797,128.47479602114737,12.657243430614471,0.09090909090909091,-7.414389027403533,-2.7810195343835016,-34.506046295166016
Qwen_Qwen3-32B,32B,32.0,exp_c,no_think,gsm8k_test_000172,no_think,canonical,,False,answer_segment,no_think_answer,13,exp_c_segment_sample,55,55,3.8548195362091064,13.576712835918773,1.7945811748504639,46.88328552246094,74.37156655354316,13.305816935168371,0.07272727272727272,-8.821125592194567,-6.46318017584937,-39.441314697265625
Qwen_Qwen3-32B,32B,32.0,exp_c,no_think,gsm8k_test_000172,no_think,canonical,,False,answer_segment,no_think_answer,20,exp_c_segment_sample,55,55,5.757846450805664,12.29923942305825,2.304396390914917,27.665828704833984,29.644588423417925,12.126174348371999,0.10909090909090909,-3.4531644595133693,-2.582304324422564,-32.62178039550781
Qwen_Qwen3-32B,32B,32.0,exp_c,no_think,gsm8k_test_000199,no_think,canonical,,True,answer_segment,no_think_answer,6,exp_c_segment_sample,47,47,2.5312432765960695,15.165490267124582,3.7096405029296875,64.1385269165039,216.31016661613307,15.02200136495673,0.0,-22.069719110397607,-18.46200668811798,-44.986568450927734
Qwen_Qwen3-32B,32B,32.0,exp_c,no_think,gsm8k_test_000199,no_think,canonical,,True,answer_segment,no_think_answer,13,exp_c_segment_sample,47,47,3.8548195362091064,12.232000061806213,3.7015700340270996,32.473087310791016,39.175025439153714,12.007988572120668,0.02127659574468085,-7.332809123587104,-5.435643990834555,-47.994354248046875
Qwen_Qwen3-32B,32B,32.0,exp_c,no_think,gsm8k_test_000199,no_think,canonical,,True,answer_segment,no_think_answer,20,exp_c_segment_sample,47,47,5.757846450805664,13.214853946198808,5.553492069244385,49.78312301635742,57.22946790095174,13.149776593498558,0.0425531914893617,-11.951052026545746,-8.350202004114786,-19.352365493774414
Qwen_Qwen3-32B,32B,32.0,exp_c,no_think,gsm8k_test_000343,no_think,canonical,,True,answer_segment,no_think_answer,6,exp_c_segment_sample,57,57,2.5312432765960695,14.574351377654494,2.5427448749542236,59.67213439941406,148.62767723419122,14.562183805874415,0.0,-20.183423087298358,-16.961840279897054,-25.336753845214844
Qwen_Qwen3-32B,32B,32.0,exp_c,no_think,gsm8k_test_000343,no_think,canonical,,True,answer_segment,no_think_answer,13,exp_c_segment_sample,57,57,3.8548195362091064,16.01189124793337,3.6792092323303223,72.58805847167969,166.07406566436052,15.773815257208687,0.017543859649122806,-16.22173417847733,-15.566448052724201,-21.762535095214844
Qwen_Qwen3-32B,32B,32.0,exp_c,no_think,gsm8k_test_000343,no_think,canonical,,True,answer_segment,no_think_answer,20,exp_c_segment_sample,57,57,5.757846450805664,14.267929687834622,4.682430267333984,59.71192932128906,113.6315717132365,14.046598340783802,0.05263157894736842,-13.203490792082366,-13.550237433115642,-3.394712448120117
Qwen_Qwen3-32B,32B,32.0,exp_c,no_think,gsm8k_test_000433,no_think,canonical,,True,answer_segment,no_think_answer,6,exp_c_segment_sample,57,57,2.5312432765960695,16.265038603230526,2.615588903427124,78.94773864746094,148.66560989642875,16.195952853986192,0.0,-0.493362532337011,-2.0207141081492104,-103.30693054199219
Qwen_Qwen3-32B,32B,32.0,exp_c,no_think,gsm8k_test_000433,no_think,canonical,,True,answer_segment,no_think_answer,13,exp_c_segment_sample,57,57,3.8548195362091064,15.44436238104837,3.1118645668029785,68.42911529541016,148.7419024877484,15.251203869070324,0.05263157894736842,-3.046855594198853,-2.9850540796915688,-79.62641143798828
Qwen_Qwen3-32B,32B,32.0,exp_c,no_think,gsm8k_test_000433,no_think,canonical,,True,answer_segment,no_think_answer,20,exp_c_segment_sample,57,57,5.757846450805664,14.248738309793305,3.4557156562805176,44.48771667480469,57.59103418677482,14.135058952229361,0.08771929824561403,-1.7846989415302181,-1.8469498793284096,-21.20895767211914
Qwen_Qwen3-32B,32B,32.0,exp_c,no_think,gsm8k_test_000514,no_think,canonical,,True,answer_segment,no_think_answer,6,exp_c_segment_sample,46,46,2.5312432765960695,13.958283745724222,2.7347402572631836,39.78733825683594,103.87065887392043,13.668447717030842,0.0,-9.274317692431117,-6.6783793171246835,-23.58417320251465
Qwen_Qwen3-32B,32B,32.0,exp_c,no_think,gsm8k_test_000514,no_think,canonical,,True,answer_segment,no_think_answer,13,exp_c_segment_sample,46,46,3.8548195362091064,12.145702911459882,4.064308166503906,40.48618698120117,44.42245046080778,11.777492766910127,0.0,-4.189885884495827,-2.4015908638636265,-37.2340087890625
Qwen_Qwen3-32B,32B,32.0,exp_c,no_think,gsm8k_test_000514,no_think,canonical,,True,answer_segment,no_think_answer,20,exp_c_segment_sample,46,46,5.757846450805664,11.002895541813063,4.693782806396484,25.23089599609375,23.212569952452487,10.848232809702555,0.15217391304347827,-7.140316927024997,-4.727719783782959,-21.424915313720703
Qwen_Qwen3-32B,32B,32.0,exp_c,no_think,gsm8k_test_000625,no_think,canonical,,True,answer_segment,no_think_answer,6,exp_c_segment_sample,48,48,2.5312432765960695,15.450119177500406,5.134032726287842,44.09041976928711,104.49395183021615,15.340381135331823,0.0,-3.6755543728264053,-0.8312252759933472,-73.3287582397461
Qwen_Qwen3-32B,32B,32.0,exp_c,no_think,gsm8k_test_000625,no_think,canonical,,True,answer_segment,no_think_answer,13,exp_c_segment_sample,48,48,3.8548195362091064,13.318598995606104,6.106501579284668,37.23255920410156,41.59148645398652,13.058595870403535,0.0,-3.4204715526833898,-1.556198676427206,-43.02265167236328
Qwen_Qwen3-32B,32B,32.0,exp_c,no_think,gsm8k_test_000625,no_think,canonical,,True,answer_segment,no_think_answer,20,exp_c_segment_sample,48,48,5.757846450805664,11.39025675257047,5.616765022277832,25.093626022338867,18.300690810078017,11.196976387754397,0.041666666666666664,-2.534588411146282,-0.9773943821589146,-24.31243896484375
Qwen_Qwen3-32B,32B,32.0,exp_c,no_think,gsm8k_test_000629,no_think,canonical,,True,answer_segment,no_think_answer,6,exp_c_segment_sample,61,61,2.5312432765960695,13.105549929571934,2.8306686878204346,53.23402786254883,119.11662667388929,12.929510092735288,0.0,-10.083447186547188,-6.569945827126503,-25.584815979003906
Qwen_Qwen3-32B,32B,32.0,exp_c,no_think,gsm8k_test_000629,no_think,canonical,,True,answer_segment,no_think_answer,13,exp_c_segment_sample,61,61,3.8548195362091064,12.731660452045379,4.146211624145508,46.21622085571289,64.274064347259,12.463502073287964,0.0,-6.289015655981548,-4.019990921020508,-94.00160217285156
Qwen_Qwen3-32B,32B,32.0,exp_c,no_think,gsm8k_test_000629,no_think,canonical,,True,answer_segment,no_think_answer,20,exp_c_segment_sample,61,61,5.757846450805664,12.977353658832488,4.818841457366943,55.302215576171875,60.260472204689314,12.767549928029378,0.06557377049180328,-8.760820346935155,-6.740277290344238,-27.01363182067871
Qwen_Qwen3-32B,32B,32.0,exp_c,no_think,gsm8k_test_000695,no_think,canonical,,True,answer_segment,no_think_answer,6,exp_c_segment_sample,46,46,2.5312432765960695,11.042283433934916,1.9208921194076538,62.6581916809082,141.60526190048714,10.680818454424537,0.13043478260869565,3.6820136496140696,5.264414836963018,-33.50045394897461
Qwen_Qwen3-32B,32B,32.0,exp_c,no_think,gsm8k_test_000695,no_think,canonical,,True,answer_segment,no_think_answer,13,exp_c_segment_sample,46,46,3.8548195362091064,12.205527538838593,3.2790119647979736,60.479827880859375,106.22535014863341,11.811371914545697,0.10869565217391304,1.1577919844010702,1.969839632511139,-27.148324966430664
Qwen_Qwen3-32B,32B,32.0,exp_c,no_think,gsm8k_test_000695,no_think,canonical,,True,answer_segment,no_think_answer,20,exp_c_segment_sample,46,46,5.757846450805664,12.536392476247704,3.748185634613037,43.27090072631836,62.77334684978784,12.262904924816556,0.13043478260869565,2.4732526111779274,2.4943845868110657,-26.00950050354004
Qwen_Qwen3-32B,32B,32.0,exp_c,no_think,gsm8k_test_000759,no_think,canonical,,True,answer_segment,no_think_answer,6,exp_c_segment_sample,47,47,2.5312432765960695,13.12540622974964,2.660532236099243,45.952796936035156,105.39343256507713,12.840933825658718,0.0,-1.999969477349139,-0.5251024762789402,-66.87419128417969
Qwen_Qwen3-32B,32B,32.0,exp_c,no_think,gsm8k_test_000759,no_think,canonical,,True,answer_segment,no_think_answer,13,exp_c_segment_sample,47,47,3.8548195362091064,13.398946056974696,3.016751527786255,35.43229293823242,61.07742200160607,13.186639479968859,0.0425531914893617,-8.221301771224818,-6.04844876130422,-19.845203399658203
Qwen_Qwen3-32B,32B,32.0,exp_c,no_think,gsm8k_test_000759,no_think,canonical,,True,answer_segment,no_think_answer,20,exp_c_segment_sample,47,47,5.757846450805664,12.255473420975056,4.057932376861572,37.310279846191406,52.164901525353,12.131326499192614,0.14893617021276595,-6.005202176723078,-4.733557105064392,-8.27686882019043
Qwen_Qwen3-32B,32B,32.0,exp_c,no_think,gsm8k_test_000830,no_think,canonical,,False,answer_segment,no_think_answer,6,exp_c_segment_sample,56,56,2.5312432765960695,18.35431899343218,1.3816940784454346,102.33303833007812,356.21826544214684,18.203937582536184,0.10714285714285714,-26.967909961266628,-22.135061204433445,-43.233612060546875
Qwen_Qwen3-32B,32B,32.0,exp_c,no_think,gsm8k_test_000830,no_think,canonical,,False,answer_segment,no_think_answer,13,exp_c_segment_sample,56,56,3.8548195362091064,15.751298104013715,1.3316726684570312,36.28074264526367,86.74447601727579,15.663343585621226,0.10714285714285714,-9.84023028477689,-8.18640114579882,-35.32677459716797
Qwen_Qwen3-32B,32B,32.0,exp_c,no_think,gsm8k_test_000830,no_think,canonical,,False,answer_segment,no_think_answer,20,exp_c_segment_sample,56,56,5.757846450805664,17.32575097680092,1.9328722953796387,62.426719665527344,150.38403956217573,17.33008842034773,0.10714285714285714,-20.220875389145732,-14.58684754371643,-21.30796241760254
Qwen_Qwen3-32B,32B,32.0,exp_c,no_think,gsm8k_test_000900,no_think,canonical,,True,answer_segment,no_think_answer,6,exp_c_segment_sample,47,47,2.5312432765960695,15.360161152291806,3.6015799045562744,52.960289001464844,158.04639759050323,15.26765435674916,0.0,-19.77636515586934,-16.145821630954742,-108.15513610839844
Qwen_Qwen3-32B,32B,32.0,exp_c,no_think,gsm8k_test_000900,no_think,canonical,,True,answer_segment,no_think_answer,13,exp_c_segment_sample,47,47,3.8548195362091064,15.089739241498583,3.977515935897827,51.818817138671875,116.85351507854884,14.819069686143294,0.0,-16.002097411358623,-14.803162872791289,-24.88760757446289
Qwen_Qwen3-32B,32B,32.0,exp_c,no_think,gsm8k_test_000900,no_think,canonical,,True,answer_segment,no_think_answer,20,exp_c_segment_sample,47,47,5.757846450805664,14.106987314021334,5.481717586517334,37.2674446105957,62.69970883145556,13.855362322019491,0.0425531914893617,-8.99568956709923,-7.932491262753803,-20.038049697875977
Qwen_Qwen3-32B,32B,32.0,exp_c,no_think,gsm8k_test_000914,no_think,canonical,,True,answer_segment,no_think_answer,6,exp_c_segment_sample,41,41,2.5312432765960695,15.778912695442758,4.66616678237915,51.6554069519043,136.6395331707224,15.625738275051116,0.0,-10.874018203921409,-6.585104508833453,-27.407451629638672
Qwen_Qwen3-32B,32B,32.0,exp_c,no_think,gsm8k_test_000914,no_think,canonical,,True,answer_segment,no_think_answer,13,exp_c_segment_sample,41,41,3.8548195362091064,14.127283549890286,4.93471097946167,44.80976867675781,82.10865001816484,13.798152983188627,0.0,-9.130918123996196,-5.423384493047541,-29.70811653137207
Qwen_Qwen3-32B,32B,32.0,exp_c,no_think,gsm8k_test_000914,no_think,canonical,,True,answer_segment,no_think_answer,20,exp_c_segment_sample,41,41,5.757846450805664,13.140923686143829,5.3021063804626465,30.483203887939453,32.55278781043393,12.915949702262878,0.04878048780487805,-6.739863764533576,-4.239157850092107,-18.726743698120117
Qwen_Qwen3-32B,32B,32.0,exp_c,no_think,gsm8k_test_000915,no_think,canonical,,False,answer_segment,no_think_answer,6,exp_c_segment_sample,45,45,2.5312432765960695,14.071101140975951,2.6747827529907227,56.89981460571289,161.7593408563744,13.945559127764268,0.0,-11.718957656362779,-8.056210577487944,-81.86493682861328
Qwen_Qwen3-32B,32B,32.0,exp_c,no_think,gsm8k_test_000915,no_think,canonical,,False,answer_segment,no_think_answer,13,exp_c_segment_sample,45,45,3.8548195362091064,13.961177306705052,3.0195417404174805,59.1846923828125,93.28960652852025,13.680037422613664,0.06666666666666667,-10.6987264080324,-8.540132065614063,-37.48173904418945
Qwen_Qwen3-32B,32B,32.0,exp_c,no_think,gsm8k_test_000915,no_think,canonical,,False,answer_segment,no_think_answer,20,exp_c_segment_sample,45,45,5.757846450805664,13.58180145687527,4.272177219390869,76.27618408203125,107.26565398097974,13.469790567051279,0.08888888888888889,-11.144724973042793,-9.189693530400595,-18.606708526611328
Qwen_Qwen3-32B,32B,32.0,exp_c,no_think,gsm8k_test_000921,no_think,canonical,,True,answer_segment,no_think_answer,6,exp_c_segment_sample,47,47,2.5312432765960695,18.276883257196303,3.8546035289764404,84.9897689819336,220.7711872682424,18.260972344357032,0.0,-16.83930103575929,-11.13593775033951,-46.21232986450195
Qwen_Qwen3-32B,32B,32.0,exp_c,no_think,gsm8k_test_000921,no_think,canonical,,True,answer_segment,no_think_answer,13,exp_c_segment_sample,47,47,3.8548195362091064,13.682021212070547,4.836045742034912,30.801246643066406,41.8741231537328,13.461213101511415,0.0,-9.040084727267,-7.083182493845623,-36.7727165222168
Qwen_Qwen3-32B,32B,32.0,exp_c,no_think,gsm8k_test_000921,no_think,canonical,,True,answer_segment,no_think_answer,20,exp_c_segment_sample,47,47,5.757846450805664,12.755823845558979,5.819777965545654,28.13031578063965,24.797887453691985,12.67420856849007,0.0,-4.2154666794107385,-2.378666400909424,-29.13007354736328
Qwen_Qwen3-32B,32B,32.0,exp_c,no_think,gsm8k_test_000923,no_think,canonical,,True,answer_segment,no_think_answer,6,exp_c_segment_sample,46,46,2.5312432765960695,17.706350668616917,2.988842248916626,100.811279296875,244.25358170478307,17.5704483350118,0.0,-13.557406375189826,-11.709078172842661,-77.27961730957031
Qwen_Qwen3-32B,32B,32.0,exp_c,no_think,gsm8k_test_000923,no_think,canonical,,True,answer_segment,no_think_answer,13,exp_c_segment_sample,46,46,3.8548195362091064,14.938582954199418,3.4902822971343994,70.72994232177734,124.28184811660185,14.847422975964017,0.043478260869565216,-10.40828421047504,-7.724774380524954,-46.95873260498047
Qwen_Qwen3-32B,32B,32.0,exp_c,no_think,gsm8k_test_000923,no_think,canonical,,True,answer_segment,no_think_answer,20,exp_c_segment_sample,46,46,5.757846450805664,15.05316546688909,3.7905232906341553,35.4538459777832,55.642478911833955,14.99944847954644,0.08695652173913043,-9.071542070267062,-6.905519286791483,-21.289419174194336
Qwen_Qwen3-32B,32B,32.0,exp_c,no_think,gsm8k_test_000965,no_think,canonical,,False,answer_segment,no_think_answer,6,exp_c_segment_sample,51,51,2.5312432765960695,12.27013610391056,2.5257601737976074,36.606998443603516,80.07985490599897,12.044284801483155,0.0196078431372549,-2.2919733243829974,-0.6380829444298364,-95.41873931884766
Qwen_Qwen3-32B,32B,32.0,exp_c,no_think,gsm8k_test_000965,no_think,canonical,,False,answer_segment,no_think_answer,13,exp_c_segment_sample,51,51,3.8548195362091064,11.47374260191824,2.6598434448242188,29.38018035888672,27.23197708418448,11.256299548149107,0.058823529411764705,-0.16211335475627023,-1.149145383101244,-44.02653884887695
Qwen_Qwen3-32B,32B,32.0,exp_c,no_think,gsm8k_test_000965,no_think,canonical,,False,answer_segment,no_think_answer,20,exp_c_segment_sample,51,51,5.757846450805664,11.895591221603693,3.2917165756225586,23.746963500976562,20.34346342113325,11.79813754081726,0.058823529411764705,-6.548786616433251,-5.3382919384883,-86.63114166259766
Qwen_Qwen3-32B,32B,32.0,exp_c,no_think,gsm8k_test_000990,no_think,canonical,,True,answer_segment,no_think_answer,6,exp_c_segment_sample,46,46,2.5312432765960695,15.755763338959735,2.395428419113159,61.519508361816406,181.3165590569209,15.576871654722424,0.043478260869565216,-9.155871413131196,-6.421759128570557,-37.556068420410156
Qwen_Qwen3-32B,32B,32.0,exp_c,no_think,gsm8k_test_000990,no_think,canonical,,True,answer_segment,no_think_answer,13,exp_c_segment_sample,46,46,3.8548195362091064,12.113502668297809,2.394681692123413,36.6277961730957,43.50648910973306,11.856871732076005,0.06521739130434782,-6.139366392070339,-5.900057474772135,-14.843942642211914
Qwen_Qwen3-32B,32B,32.0,exp_c,no_think,gsm8k_test_000990,no_think,canonical,,True,answer_segment,no_think_answer,20,exp_c_segment_sample,46,46,5.757846450805664,12.291374159895856,3.4960861206054688,25.48048210144043,22.495192854652476,12.096075582504275,0.08695652173913043,-5.995519996020227,-5.275183896223703,-12.714232444763184
Qwen_Qwen3-32B,32B,32.0,exp_c,no_think,gsm8k_test_001088,no_think,canonical,,False,answer_segment,no_think_answer,6,exp_c_segment_sample,77,77,2.5312432765960695,13.699341845202756,1.4171011447906494,71.0689697265625,222.08387844578652,13.550465530470799,0.09090909090909091,-12.796131520123621,-12.413615238666534,-26.188491821289062
Qwen_Qwen3-32B,32B,32.0,exp_c,no_think,gsm8k_test_001088,no_think,canonical,,False,answer_segment,no_think_answer,13,exp_c_segment_sample,77,77,3.8548195362091064,15.667440138853989,1.365696907043457,81.90064239501953,208.04503619731105,15.497524183047444,0.09090909090909091,-10.908392557731046,-11.319606137275695,-6.056352615356445
Qwen_Qwen3-32B,32B,32.0,exp_c,no_think,gsm8k_test_001088,no_think,canonical,,False,answer_segment,no_think_answer,20,exp_c_segment_sample,77,77,5.757846450805664,16.24413298941278,2.0541927814483643,87.62519836425781,179.4435644006921,16.134538167401367,0.09090909090909091,-8.06590820335365,-7.152408051490784,-34.32280349731445
Qwen_Qwen3-32B,32B,32.0,exp_c,no_think,gsm8k_test_001108,no_think,canonical,,True,answer_segment,no_think_answer,6,exp_c_segment_sample,39,39,2.5312432765960695,16.412584549341446,2.8051698207855225,61.378173828125,198.75812441879685,16.154182308598568,0.0,-4.902246024058422,-1.0995854616165168,-59.72746276855469
Qwen_Qwen3-32B,32B,32.0,exp_c,no_think,gsm8k_test_001108,no_think,canonical,,True,answer_segment,no_think_answer,13,exp_c_segment_sample,39,39,3.8548195362091064,13.401069714472843,4.168185710906982,56.43977355957031,122.36047640174442,13.155883236935265,0.0,-8.909988183241618,-8.050855922698974,-32.89618682861328
Qwen_Qwen3-32B,32B,32.0,exp_c,no_think,gsm8k_test_001108,no_think,canonical,,True,answer_segment,no_think_answer,20,exp_c_segment_sample,39,39,5.757846450805664,11.510186170920347,5.0105767250061035,45.309043884277344,54.88137641302665,11.327936624225819,0.1282051282051282,-7.5603098759284455,-6.419401168823242,-15.36945915222168
Qwen_Qwen3-32B,32B,32.0,exp_c,no_think,gsm8k_test_001144,no_think,canonical,,False,answer_segment,no_think_answer,6,exp_c_segment_sample,45,45,2.5312432765960695,15.718655337227716,3.239203453063965,49.58613586425781,113.98874703723664,15.569170697168868,0.0,-8.116838435850278,-5.388134837150572,-69.42355346679688
Qwen_Qwen3-32B,32B,32.0,exp_c,no_think,gsm8k_test_001144,no_think,canonical,,False,answer_segment,no_think_answer,13,exp_c_segment_sample,45,45,3.8548195362091064,12.921044641070896,3.540726661682129,28.551372528076172,42.78629946757363,12.721885112198915,0.044444444444444446,-3.9377559993577926,-3.2369990150133763,-44.65131378173828
Qwen_Qwen3-32B,32B,32.0,exp_c,no_think,gsm8k_test_001144,no_think,canonical,,False,answer_segment,no_think_answer,20,exp_c_segment_sample,45,45,5.757846450805664,12.422701835632324,5.326293468475342,23.876237869262695,22.298221625628646,12.304899865930729,0.1111111111111111,-4.101549908734739,-3.2485787073771153,-23.41562843322754
Qwen_Qwen3-32B,32B,32.0,exp_c,no_think,gsm8k_test_001178,no_think,canonical,,True,answer_segment,no_think_answer,6,exp_c_segment_sample,45,45,2.5312432765960695,16.211223888397218,2.9787039756774902,85.75712585449219,251.59911561758315,15.909172849221665,0.0,-14.022110576906051,-11.354002932707468,-9.627328872680664
Qwen_Qwen3-32B,32B,32.0,exp_c,no_think,gsm8k_test_001178,no_think,canonical,,True,answer_segment,no_think_answer,13,exp_c_segment_sample,45,45,3.8548195362091064,12.538555245929293,3.141507863998413,38.0861930847168,54.986140277941146,12.329037389971992,0.06666666666666667,-8.130183399587422,-6.746484220027925,-13.04356575012207
Qwen_Qwen3-32B,32B,32.0,exp_c,no_think,gsm8k_test_001178,no_think,canonical,,True,answer_segment,no_think_answer,20,exp_c_segment_sample,45,45,5.757846450805664,11.876148923238118,3.691598653793335,41.487369537353516,40.09813650343074,11.815191594037145,0.1111111111111111,-6.98636220987292,-4.968497812747955,-19.46967887878418
Qwen_Qwen3-32B,32B,32.0,exp_c,no_think,gsm8k_test_001182,no_think,canonical,,False,answer_segment,no_think_answer,6,exp_c_segment_sample,53,53,2.5312432765960695,14.48939255048644,4.6700568199157715,48.572723388671875,117.17562991514907,14.305543661117555,0.0,-8.332261657314957,-5.352508510862078,-52.109867095947266
Qwen_Qwen3-32B,32B,32.0,exp_c,no_think,gsm8k_test_001182,no_think,canonical,,False,answer_segment,no_think_answer,13,exp_c_segment_sample,53,53,3.8548195362091064,13.018006810602152,4.573615550994873,39.75804901123047,50.752520748010085,12.77666865862333,0.0,-6.525989066629779,-6.227023056575229,-17.903837203979492
Qwen_Qwen3-32B,32B,32.0,exp_c,no_think,gsm8k_test_001182,no_think,canonical,,False,answer_segment,no_think_answer,20,exp_c_segment_sample,53,53,5.757846450805664,12.48884862323977,4.84091329574585,36.08194351196289,42.65197999195676,12.361560665644133,0.03773584905660377,-7.6016636594536315,-7.558046851839336,-20.26703453063965
Qwen_Qwen3-32B,32B,32.0,exp_c,no_think,gsm8k_test_001246,no_think,canonical,,True,answer_segment,no_think_answer,6,exp_c_segment_sample,40,40,2.5312432765960695,12.270855909585952,2.379819393157959,34.30216979980469,63.93803677944122,11.962983492093208,0.05,-0.08524925621545011,1.1568104028701782,-31.915729522705078
Qwen_Qwen3-32B,32B,32.0,exp_c,no_think,gsm8k_test_001246,no_think,canonical,,True,answer_segment,no_think_answer,13,exp_c_segment_sample,40,40,3.8548195362091064,13.684482723474503,3.0849783420562744,43.14409637451172,79.81604453703875,13.468139605644419,0.05,-6.438856009448453,-4.305091619491577,-26.72953987121582
Qwen_Qwen3-32B,32B,32.0,exp_c,no_think,gsm8k_test_001246,no_think,canonical,,True,answer_segment,no_think_answer,20,exp_c_segment_sample,40,40,5.757846450805664,12.328714394569397,4.026656150817871,33.11577606201172,46.965641067352855,12.226649321042572,0.125,-10.595293476523427,-8.147424411773683,-17.19577407836914
Qwen_Qwen3-32B,32B,32.0,exp_c,no_think,gsm8k_test_001307,no_think,canonical,,True,answer_segment,no_think_answer,6,exp_c_segment_sample,57,57,2.5312432765960695,14.08189652677168,2.055931806564331,75.9618148803711,167.39153696291967,13.928467269454682,0.08771929824561403,-7.2885116146177715,-4.554461224873862,-51.97412109375
Qwen_Qwen3-32B,32B,32.0,exp_c,no_think,gsm8k_test_001307,no_think,canonical,,True,answer_segment,no_think_answer,13,exp_c_segment_sample,57,57,3.8548195362091064,13.534190776055318,3.3283751010894775,39.712249755859375,64.06162153973935,13.316278862101692,0.07017543859649122,-6.483318085679141,-5.607119448979695,-29.0020694732666
Qwen_Qwen3-32B,32B,32.0,exp_c,no_think,gsm8k_test_001307,no_think,canonical,,True,answer_segment,no_think_answer,20,exp_c_segment_sample,57,57,5.757846450805664,12.5207983569095,3.4109132289886475,25.988542556762695,23.586310316594236,12.384043633937836,0.10526315789473684,-2.6109533145510033,-2.1924495379130047,-10.651613235473633
Qwen_Qwen3-32B,32B,32.0,exp_c,no_think,gsm8k_test_001311,no_think,canonical,,True,answer_segment,no_think_answer,6,exp_c_segment_sample,40,40,2.5312432765960695,14.99604082107544,4.990266799926758,35.909637451171875,79.96081970993976,14.807059801541845,0.0,2.149190303755957,2.796211147308348,-32.286529541015625
Qwen_Qwen3-32B,32B,32.0,exp_c,no_think,gsm8k_test_001311,no_think,canonical,,True,answer_segment,no_think_answer,13,exp_c_segment_sample,40,40,3.8548195362091064,12.356492817401886,5.398065090179443,30.784637451171875,35.79673903487651,12.10552641061636,0.0,1.3237669020164236,0.9648298740386974,-76.513427734375
Qwen_Qwen3-32B,32B,32.0,exp_c,no_think,gsm8k_test_001311,no_think,canonical,,True,answer_segment,no_think_answer,20,exp_c_segment_sample,40,40,5.757846450805664,10.843870079517364,5.206969261169434,20.491037368774414,14.942534153689554,10.682757768875513,0.025,-2.8095887817987655,-2.5522877693176262,-37.276451110839844
Qwen_Qwen3-32B,32B,32.0,exp_c,think,gsm8k_test_000048,think,canonical,,True,answer_segment,think_answer,6,exp_c_segment_sample,41,41,2.5312432765960695,14.450328483814147,3.301650285720825,45.906837463378906,85.60119761023702,14.370928412675859,0.0,-4.482511427344323,-3.887891942804508,-52.58659362792969
Qwen_Qwen3-32B,32B,32.0,exp_c,think,gsm8k_test_000048,think,canonical,,True,answer_segment,think_answer,13,exp_c_segment_sample,41,41,3.8548195362091064,13.342789940717743,4.347923278808594,40.581451416015625,53.577106099277024,13.149893510341645,0.0,-5.1740589573823454,-4.746934543956408,-29.678054809570312
Qwen_Qwen3-32B,32B,32.0,exp_c,think,gsm8k_test_000048,think,canonical,,True,answer_segment,think_answer,20,exp_c_segment_sample,41,41,5.757846450805664,11.844125468556474,4.262323379516602,27.78156280517578,23.626312273401066,11.82603578567505,0.07317073170731707,-4.752617048469548,-4.722946773875844,-29.439027786254883
Qwen_Qwen3-32B,32B,32.0,exp_c,think,gsm8k_test_000048,think,canonical,,True,thinking_segment,thinking,6,exp_c_segment_sample,218,218,2.5312432765960695,23.161068116306165,1.358390212059021,278.2663879394531,1373.3249811375415,22.520206763997066,0.08256880733944955,-5.110514759478062,-4.21525283943523,-52.58659362792969
Qwen_Qwen3-32B,32B,32.0,exp_c,think,gsm8k_test_000048,think,canonical,,True,thinking_segment,thinking,13,exp_c_segment_sample,218,218,3.8548195362091064,15.673237404692063,2.8746626377105713,152.43362426757812,218.49856333127215,15.347711429068568,0.08256880733944955,0.02308310583877731,-1.1943907217545942,-29.678054809570312
Qwen_Qwen3-32B,32B,32.0,exp_c,think,gsm8k_test_000048,think,canonical,,True,thinking_segment,thinking,20,exp_c_segment_sample,218,218,5.757846450805664,15.729680516304226,3.186786413192749,143.1957550048828,140.4227875544422,15.428207977576186,0.07339449541284404,1.617969080508029,0.05883413228121981,-29.439027786254883
Qwen_Qwen3-32B,32B,32.0,exp_c,think,gsm8k_test_000099,think,canonical,,True,answer_segment,think_answer,6,exp_c_segment_sample,44,44,2.5312432765960695,16.695349817926232,3.512413740158081,92.68722534179688,252.73339454588415,16.655566043631975,0.0,-16.308673704754224,-14.123103141784668,-56.17052459716797
Qwen_Qwen3-32B,32B,32.0,exp_c,think,gsm8k_test_000099,think,canonical,,True,answer_segment,think_answer,13,exp_c_segment_sample,44,44,3.8548195362091064,14.26947082714601,3.131098508834839,49.02585220336914,75.62816834425573,14.162100376084794,0.06818181818181818,-10.809178169568384,-9.344423012299972,-16.34290313720703
Qwen_Qwen3-32B,32B,32.0,exp_c,think,gsm8k_test_000099,think,canonical,,True,answer_segment,think_answer,20,exp_c_segment_sample,44,44,5.757846450805664,15.320336677811362,4.381431579589844,47.324703216552734,87.63883456275693,15.349122313565987,0.09090909090909091,-13.935159355221383,-11.012005329132078,-2.9419403076171875
Qwen_Qwen3-32B,32B,32.0,exp_c,think,gsm8k_test_000099,think,canonical,,True,thinking_segment,thinking,6,exp_c_segment_sample,170,170,2.5312432765960695,23.133644874656902,1.7944709062576294,237.51495361328125,1497.574202392267,22.404257889330033,0.03529411764705882,3.4149485534681445,-0.721721005994219,-56.17052459716797
Qwen_Qwen3-32B,32B,32.0,exp_c,think,gsm8k_test_000099,think,canonical,,True,thinking_segment,thinking,13,exp_c_segment_sample,170,170,3.8548195362091064,13.79050616236294,2.8411285877227783,109.17562103271484,140.9935451480611,13.495790827203786,0.052941176470588235,-3.8584687779685574,-3.2327901596246758,-16.34290313720703
Qwen_Qwen3-32B,32B,32.0,exp_c,think,gsm8k_test_000099,think,canonical,,True,thinking_segment,thinking,20,exp_c_segment_sample,170,170,5.757846450805664,14.126907141068402,3.6617088317871094,60.270023345947266,63.89282469050605,13.996063305781439,0.052941176470588235,-1.0527527107419976,-0.12886228117831955,-2.9419403076171875
Qwen_Qwen3-32B,32B,32.0,exp_c,think,gsm8k_test_000109,think,canonical,,True,answer_segment,think_answer,6,exp_c_segment_sample,56,56,2.5312432765960695,17.02027232306344,4.0290303230285645,75.23574829101562,287.2055398894699,17.022561645507814,0.0,-21.013708297471332,-15.157999004636492,-46.49196243286133
Qwen_Qwen3-32B,32B,32.0,exp_c,think,gsm8k_test_000109,think,canonical,,True,answer_segment,think_answer,13,exp_c_segment_sample,56,56,3.8548195362091064,14.840748838015966,5.0191497802734375,44.86872100830078,98.65137217487987,14.682221508026123,0.0,-12.714750058668898,-10.058165516172135,-49.506629943847656
Qwen_Qwen3-32B,32B,32.0,exp_c,think,gsm8k_test_000109,think,canonical,,True,answer_segment,think_answer,20,exp_c_segment_sample,56,56,5.757846450805664,14.249217799731664,6.487349987030029,36.45684051513672,45.20132101851666,14.182983285730536,0.0,-11.193160514186197,-8.981913941247122,-32.19044876098633
Qwen_Qwen3-32B,32B,32.0,exp_c,think,gsm8k_test_000109,think,canonical,,True,thinking_segment,thinking,6,exp_c_segment_sample,185,185,2.5312432765960695,21.429674651816086,1.536258339881897,186.07089233398438,1238.891617824597,20.760134819409114,0.13513513513513514,-7.817606482094274,-3.468119496994831,-46.49196243286133
Qwen_Qwen3-32B,32B,32.0,exp_c,think,gsm8k_test_000109,think,canonical,,True,thinking_segment,thinking,13,exp_c_segment_sample,185,185,3.8548195362091064,14.892926360465385,2.2319839000701904,260.0244445800781,469.4817972041852,14.182102063427802,0.13513513513513514,5.00556169433394,3.0647288028230033,-49.506629943847656
Qwen_Qwen3-32B,32B,32.0,exp_c,think,gsm8k_test_000109,think,canonical,,True,thinking_segment,thinking,20,exp_c_segment_sample,185,185,5.757846450805664,14.49334683418274,3.294174909591675,186.1328125,261.90332320312046,14.010763667199923,0.14054054054054055,4.787009888643155,2.177588057010732,-32.19044876098633
Qwen_Qwen3-32B,32B,32.0,exp_c,think,gsm8k_test_000112,think,canonical,,True,answer_segment,think_answer,6,exp_c_segment_sample,44,44,2.5312432765960695,13.510792060331864,2.573011875152588,48.630733489990234,117.26491966578482,13.303287040355595,0.0,-2.2950226509209832,-0.042455239729447314,-35.755821228027344
Qwen_Qwen3-32B,32B,32.0,exp_c,think,gsm8k_test_000112,think,canonical,,True,answer_segment,think_answer,13,exp_c_segment_sample,44,44,3.8548195362091064,11.792250010100277,3.062641143798828,34.07612228393555,48.42099433203486,11.622291648110677,0.13636363636363635,-6.792838436906991,-4.727162794633346,-38.781700134277344
Qwen_Qwen3-32B,32B,32.0,exp_c,think,gsm8k_test_000112,think,canonical,,True,answer_segment,think_answer,20,exp_c_segment_sample,44,44,5.757846450805664,11.433181188323282,3.336723804473877,38.80789566040039,42.99674249420523,11.458681633306101,0.1590909090909091,-8.309329797282363,-5.678941228172995,-15.237642288208008
Qwen_Qwen3-32B,32B,32.0,exp_c,think,gsm8k_test_000112,think,canonical,,True,thinking_segment,thinking,6,exp_c_segment_sample,246,246,2.5312432765960695,18.096681900625306,1.5617748498916626,237.33203125,1020.6407185756373,17.486568119574574,0.11382113821138211,-4.677377382047072,2.7728710539879344,-35.755821228027344
Qwen_Qwen3-32B,32B,32.0,exp_c,think,gsm8k_test_000112,think,canonical,,True,thinking_segment,thinking,13,exp_c_segment_sample,246,246,3.8548195362091064,12.783827941592147,2.5001449584960938,232.34579467773438,279.57464798804534,12.297001053362479,0.0975609756097561,1.425155591456182,2.3168068816584935,-38.781700134277344
Qwen_Qwen3-32B,32B,32.0,exp_c,think,gsm8k_test_000112,think,canonical,,True,thinking_segment,thinking,20,exp_c_segment_sample,246,246,5.757846450805664,12.753013625377562,3.76188063621521,84.2513656616211,64.25534524990825,12.587087941656307,0.10569105691056911,1.101791757321061,0.6481447027575591,-15.237642288208008
Qwen_Qwen3-32B,32B,32.0,exp_c,think,gsm8k_test_000133,think,canonical,,True,answer_segment,think_answer,6,exp_c_segment_sample,49,49,2.5312432765960695,15.942724948026695,3.1027026176452637,104.4371109008789,251.26170137962097,15.824395895004272,0.0,-6.765045220511303,-5.192765786097599,-0.5947666168212891
Qwen_Qwen3-32B,32B,32.0,exp_c,think,gsm8k_test_000133,think,canonical,,True,answer_segment,think_answer,13,exp_c_segment_sample,49,49,3.8548195362091064,13.74416176153689,4.167591571807861,32.98075485229492,48.44887546579763,13.555919627348583,0.0,-3.3589627869275165,-2.684591733492338,-42.18695068359375
Qwen_Qwen3-32B,32B,32.0,exp_c,think,gsm8k_test_000133,think,canonical,,True,answer_segment,think_answer,20,exp_c_segment_sample,49,49,5.757846450805664,13.614785340367531,4.1825361251831055,32.171470642089844,37.019773505186755,13.638606687386831,0.08163265306122448,-5.495272557005598,-4.276079434614916,-16.111276626586914
Qwen_Qwen3-32B,32B,32.0,exp_c,think,gsm8k_test_000133,think,canonical,,True,thinking_segment,thinking,6,exp_c_segment_sample,110,110,2.5312432765960695,16.822388154810124,1.7459454536437988,225.70223999023438,916.5096947120602,16.10248746784455,0.1,-10.97546391100492,-11.572703003883362,-0.5947666168212891
Qwen_Qwen3-32B,32B,32.0,exp_c,think,gsm8k_test_000133,think,canonical,,True,thinking_segment,thinking,13,exp_c_segment_sample,110,110,3.8548195362091064,15.67198829650879,3.34470272064209,267.3762512207031,752.9975068046128,14.463548800267203,0.045454545454545456,4.615572934771653,0.4997964586530408,-42.18695068359375
Qwen_Qwen3-32B,32B,32.0,exp_c,think,gsm8k_test_000133,think,canonical,,True,thinking_segment,thinking,20,exp_c_segment_sample,110,110,5.757846450805664,14.777302226153287,4.790523529052734,97.60688018798828,127.91507029365948,14.37017750083853,0.05454545454545454,2.1971739651823077,-0.7918720756258288,-16.111276626586914
Qwen_Qwen3-32B,32B,32.0,exp_c,think,gsm8k_test_000172,think,canonical,,True,answer_segment,think_answer,6,exp_c_segment_sample,47,47,2.5312432765960695,16.2747396991608,1.1872776746749878,65.71609497070312,207.3757649128067,16.042793986590013,0.1702127659574468,-10.804008532711814,-6.986203908920288,-34.506046295166016
Qwen_Qwen3-32B,32B,32.0,exp_c,think,gsm8k_test_000172,think,canonical,,True,answer_segment,think_answer,13,exp_c_segment_sample,47,47,3.8548195362091064,14.622047434461878,1.4987648725509644,40.650543212890625,87.3734968415372,14.547936709030816,0.10638297872340426,-10.26596526008971,-6.7313513557116185,-39.441314697265625
Qwen_Qwen3-32B,32B,32.0,exp_c,think,gsm8k_test_000172,think,canonical,,True,answer_segment,think_answer,20,exp_c_segment_sample,47,47,5.757846450805664,13.110294392768372,2.078752040863037,37.03630065917969,48.07726105608981,13.033851654633231,0.1702127659574468,-9.27916927540556,-5.915049095948538,-32.62178039550781
Qwen_Qwen3-32B,32B,32.0,exp_c,think,gsm8k_test_000172,think,canonical,,True,thinking_segment,thinking,6,exp_c_segment_sample,256,256,2.5312432765960695,18.91570366313681,1.2739347219467163,224.64199829101562,1249.66145303186,18.416307123244426,0.171875,-5.737707746914281,-5.178093936294317,-34.506046295166016
Qwen_Qwen3-32B,32B,32.0,exp_c,think,gsm8k_test_000172,think,canonical,,True,thinking_segment,thinking,13,exp_c_segment_sample,256,256,3.8548195362091064,14.528523981105536,1.7585777044296265,165.17308044433594,332.51497206999454,14.309219452097963,0.21484375,-9.102525282817162,-6.0196541883051395,-39.441314697265625
Qwen_Qwen3-32B,32B,32.0,exp_c,think,gsm8k_test_000172,think,canonical,,True,thinking_segment,thinking,20,exp_c_segment_sample,256,256,5.757846450805664,13.47003424540162,3.198197841644287,133.4356231689453,137.51274823802413,13.369219242509319,0.1796875,-3.901603913636134,-2.53544956818223,-32.62178039550781
Qwen_Qwen3-32B,32B,32.0,exp_c,think,gsm8k_test_000199,think,canonical,,True,answer_segment,think_answer,6,exp_c_segment_sample,56,56,2.5312432765960695,13.24620693070548,3.7262022495269775,42.13764953613281,97.97123339336147,13.13452742316506,0.0,-10.435178133778102,-6.849437117576597,-44.986568450927734
Qwen_Qwen3-32B,32B,32.0,exp_c,think,gsm8k_test_000199,think,canonical,,True,answer_segment,think_answer,13,exp_c_segment_sample,56,56,3.8548195362091064,12.853912860155106,3.975935220718384,33.195194244384766,45.89907339115791,12.721024769002739,0.0,-9.963933501476632,-8.349089213779994,-47.994354248046875
Qwen_Qwen3-32B,32B,32.0,exp_c,think,gsm8k_test_000199,think,canonical,,True,answer_segment,think_answer,20,exp_c_segment_sample,56,56,5.757846450805664,14.176455702100482,4.916562557220459,43.9221076965332,63.88224751310476,14.152823604236952,0.07142857142857142,-14.877705751505095,-12.217683655875069,-19.352365493774414
Qwen_Qwen3-32B,32B,32.0,exp_c,think,gsm8k_test_000199,think,canonical,,True,thinking_segment,thinking,6,exp_c_segment_sample,163,163,2.5312432765960695,19.945598437742223,1.5459784269332886,164.3090362548828,833.8308652793571,19.369654831327026,0.20245398773006135,3.859062485935347,1.718522691145175,-44.986568450927734
Qwen_Qwen3-32B,32B,32.0,exp_c,think,gsm8k_test_000199,think,canonical,,True,thinking_segment,thinking,13,exp_c_segment_sample,163,163,3.8548195362091064,14.698579783819936,2.5002517700195312,222.5104217529297,400.42602855302675,14.002272401326966,0.15950920245398773,6.736082117946035,4.010126643064545,-47.994354248046875
Qwen_Qwen3-32B,32B,32.0,exp_c,think,gsm8k_test_000199,think,canonical,,True,thinking_segment,thinking,20,exp_c_segment_sample,163,163,5.757846450805664,14.410578982230344,4.66945743560791,86.5962142944336,104.31455422621377,14.170452886157566,0.05521472392638037,2.7135961263743096,1.0297885057402834,-19.352365493774414
Qwen_Qwen3-32B,32B,32.0,exp_c,think,gsm8k_test_000343,think,canonical,,True,answer_segment,think_answer,6,exp_c_segment_sample,62,62,2.5312432765960695,13.512870457864576,1.9718387126922607,88.74459838867188,177.884986169841,13.455407314613216,0.08064516129032258,-12.301732050841494,-7.478803977370262,-25.336753845214844
Qwen_Qwen3-32B,32B,32.0,exp_c,think,gsm8k_test_000343,think,canonical,,True,answer_segment,think_answer,13,exp_c_segment_sample,62,62,3.8548195362091064,13.544053070006832,4.231823444366455,75.1423110961914,125.45884919231817,13.422556720796178,0.0,-13.273907219759348,-9.174171298742294,-21.762535095214844
Qwen_Qwen3-32B,32B,32.0,exp_c,think,gsm8k_test_000343,think,canonical,,True,answer_segment,think_answer,20,exp_c_segment_sample,62,62,5.757846450805664,13.219980647487025,5.048060894012451,37.13282012939453,54.94935867400674,13.176179307406063,0.0967741935483871,-12.84432768272365,-9.911137878894806,-3.394712448120117
Qwen_Qwen3-32B,32B,32.0,exp_c,think,gsm8k_test_000343,think,canonical,,True,thinking_segment,thinking,6,exp_c_segment_sample,206,206,2.5312432765960695,22.01013575364085,1.5798629522323608,343.0206298828125,1440.131711726401,21.44410788489551,0.06310679611650485,-19.546565936456084,-15.209131254599647,-25.336753845214844
Qwen_Qwen3-32B,32B,32.0,exp_c,think,gsm8k_test_000343,think,canonical,,True,thinking_segment,thinking,13,exp_c_segment_sample,206,206,3.8548195362091064,14.748072156628359,2.2198050022125244,144.2432098388672,243.6929547481916,14.399897849850536,0.11650485436893204,-4.214358913289575,-2.720645734897028,-21.762535095214844
Qwen_Qwen3-32B,32B,32.0,exp_c,think,gsm8k_test_000343,think,canonical,,True,thinking_segment,thinking,20,exp_c_segment_sample,206,206,5.757846450805664,14.985400191788534,3.678858757019043,73.70913696289062,110.90092417625206,14.853319462334236,0.10194174757281553,-3.760796252762325,-2.3599449762931233,-3.394712448120117
Qwen_Qwen3-32B,32B,32.0,exp_c,think,gsm8k_test_000433,think,canonical,,True,answer_segment,think_answer,6,exp_c_segment_sample,58,58,2.5312432765960695,17.26906355085044,3.6952250003814697,69.93817901611328,204.09333777493976,17.207880551354926,0.0,-12.604520275047967,-9.671174828211468,-103.30693054199219
Qwen_Qwen3-32B,32B,32.0,exp_c,think,gsm8k_test_000433,think,canonical,,True,answer_segment,think_answer,13,exp_c_segment_sample,58,58,3.8548195362091064,13.942228243268769,4.184042453765869,41.17015838623047,69.66302821929384,13.755445965549404,0.0,-6.172526647444032,-4.193641662597656,-79.62641143798828
Qwen_Qwen3-32B,32B,32.0,exp_c,think,gsm8k_test_000433,think,canonical,,True,answer_segment,think_answer,20,exp_c_segment_sample,58,58,5.757846450805664,14.051317568483023,4.521098613739014,45.541141510009766,57.604291794416845,14.056712552120812,0.034482758620689655,-6.581050351932689,-4.099278450012207,-21.20895767211914
Qwen_Qwen3-32B,32B,32.0,exp_c,think,gsm8k_test_000433,think,canonical,,True,thinking_segment,thinking,6,exp_c_segment_sample,226,226,2.5312432765960695,28.10219003405191,1.1841903924942017,803.7528076171875,4716.824743461979,27.288831464449576,0.1592920353982301,-11.909999268226278,-20.84778441253461,-103.30693054199219
Qwen_Qwen3-32B,32B,32.0,exp_c,think,gsm8k_test_000433,think,canonical,,True,thinking_segment,thinking,13,exp_c_segment_sample,226,226,3.8548195362091064,16.84261791895976,1.9010682106018066,337.98724365234375,812.1194914024154,16.10137760798137,0.1592920353982301,-0.9751810118504476,-4.255831701713696,-79.62641143798828
Qwen_Qwen3-32B,32B,32.0,exp_c,think,gsm8k_test_000433,think,canonical,,True,thinking_segment,thinking,20,exp_c_segment_sample,226,226,5.757846450805664,15.494571258536482,3.8649609088897705,88.8659896850586,133.946194508562,15.32337122069465,0.11946902654867257,-2.913935924923174,-3.388437873438784,-21.20895767211914
Qwen_Qwen3-32B,32B,32.0,exp_c,think,gsm8k_test_000514,think,canonical,,True,answer_segment,think_answer,6,exp_c_segment_sample,49,49,2.5312432765960695,18.27083134651184,2.9973390102386475,74.13467407226562,255.78834561057067,18.29524566233158,0.0,-19.76755562373571,-11.616780427786018,-23.58417320251465
Qwen_Qwen3-32B,32B,32.0,exp_c,think,gsm8k_test_000514,think,canonical,,True,answer_segment,think_answer,13,exp_c_segment_sample,49,49,3.8548195362091064,13.889414213141617,4.887678623199463,31.90502166748047,60.93056731978019,13.742231935262682,0.0,-10.837937334800266,-7.547173646780161,-37.2340087890625
Qwen_Qwen3-32B,32B,32.0,exp_c,think,gsm8k_test_000514,think,canonical,,True,answer_segment,think_answer,20,exp_c_segment_sample,49,49,5.757846450805664,12.817242885122495,5.005284309387207,28.745136260986328,33.994811931400285,12.825140287478765,0.061224489795918366,-9.233195833478668,-6.948185150439921,-21.424915313720703
Qwen_Qwen3-32B,32B,32.0,exp_c,think,gsm8k_test_000514,think,canonical,,True,thinking_segment,thinking,6,exp_c_segment_sample,227,227,2.5312432765960695,20.452395995282917,1.3077870607376099,216.73915100097656,1206.0416951618759,19.72141149982942,0.23348017621145375,-23.82226523572484,-18.66676831245422,-23.58417320251465
Qwen_Qwen3-32B,32B,32.0,exp_c,think,gsm8k_test_000514,think,canonical,,True,thinking_segment,thinking,13,exp_c_segment_sample,227,227,3.8548195362091064,13.980765670406662,1.3703253269195557,242.213623046875,390.89144407055943,13.393850778056457,0.23788546255506607,-6.928655283152003,-4.12289015033789,-37.2340087890625
Qwen_Qwen3-32B,32B,32.0,exp_c,think,gsm8k_test_000514,think,canonical,,True,thinking_segment,thinking,20,exp_c_segment_sample,227,227,5.757846450805664,14.175747742211767,2.554619312286377,127.28692626953125,125.34882325894719,13.871799875149685,0.13656387665198239,-2.7347702485293874,-1.3792282405652507,-21.424915313720703
Qwen_Qwen3-32B,32B,32.0,exp_c,think,gsm8k_test_000625,think,canonical,,True,answer_segment,think_answer,6,exp_c_segment_sample,48,48,2.5312432765960695,13.814504911502203,4.4636006355285645,45.91799545288086,121.21169581600746,13.718140044110887,0.0,-5.839364605290557,-3.6629217465718593,-73.3287582397461
Qwen_Qwen3-32B,32B,32.0,exp_c,think,gsm8k_test_000625,think,canonical,,True,answer_segment,think_answer,13,exp_c_segment_sample,48,48,3.8548195362091064,12.613541841506958,4.482308387756348,37.896453857421875,46.76673243905574,12.354977668599878,0.0,-1.4199171650166464,-1.4236121575037632,-43.02265167236328
Qwen_Qwen3-32B,32B,32.0,exp_c,think,gsm8k_test_000625,think,canonical,,True,answer_segment,think_answer,20,exp_c_segment_sample,48,48,5.757846450805664,12.96643669406573,4.803471088409424,25.23744010925293,32.608415130002456,12.951467757529402,0.0625,-3.893764324334211,-4.2242978413899746,-24.31243896484375
Qwen_Qwen3-32B,32B,32.0,exp_c,think,gsm8k_test_000625,think,canonical,,True,thinking_segment,thinking,6,exp_c_segment_sample,226,226,2.5312432765960695,23.05321048740792,1.656095027923584,231.50875854492188,1333.591230406384,22.379312863879726,0.05309734513274336,-2.1640061222643934,-1.2810181923079895,-73.3287582397461
Qwen_Qwen3-32B,32B,32.0,exp_c,think,gsm8k_test_000625,think,canonical,,True,thinking_segment,thinking,13,exp_c_segment_sample,226,226,3.8548195362091064,15.439910553197945,2.8618955612182617,181.09576416015625,256.6252754576243,15.03717524846395,0.030973451327433628,0.9218950221229009,0.3562866470269981,-43.02265167236328
Qwen_Qwen3-32B,32B,32.0,exp_c,think,gsm8k_test_000625,think,canonical,,True,thinking_segment,thinking,20,exp_c_segment_sample,226,226,5.757846450805664,15.664101872823935,3.9790992736816406,95.24114990234375,116.25517495360386,15.465971643659806,0.048672566371681415,2.0508178660411374,1.2939894994099923,-24.31243896484375
Qwen_Qwen3-32B,32B,32.0,exp_c,think,gsm8k_test_000629,think,canonical,,True,answer_segment,think_answer,6,exp_c_segment_sample,63,63,2.5312432765960695,13.591828679281567,2.5685226917266846,51.27011489868164,148.6811816122242,13.460052213361186,0.0,-11.892174852745887,-8.32452829182148,-25.584815979003906
Qwen_Qwen3-32B,32B,32.0,exp_c,think,gsm8k_test_000629,think,canonical,,True,answer_segment,think_answer,13,exp_c_segment_sample,63,63,3.8548195362091064,13.584520582168821,2.6731913089752197,44.60859680175781,112.23467392127449,13.42218986634285,0.07936507936507936,-14.224825998147333,-9.984020203351974,-94.00160217285156
Qwen_Qwen3-32B,32B,32.0,exp_c,think,gsm8k_test_000629,think,canonical,,True,answer_segment,think_answer,20,exp_c_segment_sample,63,63,5.757846450805664,15.223300233719842,3.2433390617370605,60.444366455078125,134.85613368073845,15.11577381241706,0.07936507936507936,-17.910328514519172,-11.679001063108444,-27.01363182067871
Qwen_Qwen3-32B,32B,32.0,exp_c,think,gsm8k_test_000629,think,canonical,,True,thinking_segment,thinking,6,exp_c_segment_sample,256,256,2.5312432765960695,13.318428225815296,1.2363924980163574,214.04432678222656,775.252586209328,12.705860191852418,0.33203125,-2.339544237369518,-5.783302439376712,-25.584815979003906
Qwen_Qwen3-32B,32B,32.0,exp_c,think,gsm8k_test_000629,think,canonical,,True,thinking_segment,thinking,13,exp_c_segment_sample,256,256,3.8548195362091064,14.581850892864168,1.4019476175308228,533.9598388671875,1533.382315343959,13.15840323882016,0.34375,3.77264198133834,-0.3172102067619562,-94.00160217285156
Qwen_Qwen3-32B,32B,32.0,exp_c,think,gsm8k_test_000629,think,canonical,,True,thinking_segment,thinking,20,exp_c_segment_sample,256,256,5.757846450805664,13.647540271282196,2.5293095111846924,189.7073516845703,210.01283335005692,13.10239012551245,0.21484375,-2.5412570662222658,-2.895841259509325,-27.01363182067871
Qwen_Qwen3-32B,32B,32.0,exp_c,think,gsm8k_test_000695,think,canonical,,True,answer_segment,think_answer,6,exp_c_segment_sample,46,46,2.5312432765960695,13.480758480403734,2.595031499862671,65.47611999511719,168.40896629440832,13.371730889214408,0.0,-8.82316315030743,-4.968454937140146,-33.50045394897461
Qwen_Qwen3-32B,32B,32.0,exp_c,think,gsm8k_test_000695,think,canonical,,True,answer_segment,think_answer,13,exp_c_segment_sample,46,46,3.8548195362091064,11.843612722728563,4.2466630935668945,45.40583038330078,65.67491194909041,11.46915701760186,0.0,-2.017864017768879,-1.0117994149525948,-27.148324966430664
Qwen_Qwen3-32B,32B,32.0,exp_c,think,gsm8k_test_000695,think,canonical,,True,answer_segment,think_answer,20,exp_c_segment_sample,46,46,5.757846450805664,11.887178078941677,5.682938098907471,36.63481521606445,28.149216704989524,11.758112833235,0.021739130434782608,-4.396984045203364,-2.9079342285792027,-26.00950050354004
Qwen_Qwen3-32B,32B,32.0,exp_c,think,gsm8k_test_000695,think,canonical,,True,thinking_segment,thinking,6,exp_c_segment_sample,117,117,2.5312432765960695,18.217859363963463,1.9057565927505493,269.317138671875,1234.2717034720174,17.618044275661997,0.13675213675213677,-14.707127090227806,-11.055732703208925,-33.50045394897461
Qwen_Qwen3-32B,32B,32.0,exp_c,think,gsm8k_test_000695,think,canonical,,True,thinking_segment,thinking,13,exp_c_segment_sample,117,117,3.8548195362091064,12.764309903495333,2.676283597946167,87.80377960205078,145.29096461909376,12.388310888717916,0.07692307692307693,-1.0262257374146422,-0.1731498638788871,-27.148324966430664
Qwen_Qwen3-32B,32B,32.0,exp_c,think,gsm8k_test_000695,think,canonical,,True,thinking_segment,thinking,20,exp_c_segment_sample,117,117,5.757846450805664,14.473931862757755,4.21726131439209,116.63652038574219,147.38580704474978,14.017001205477218,0.042735042735042736,1.5674809887325303,1.0608309268951412,-26.00950050354004
Qwen_Qwen3-32B,32B,32.0,exp_c,think,gsm8k_test_000759,think,canonical,,True,answer_segment,think_answer,6,exp_c_segment_sample,52,52,2.5312432765960695,11.637361508149366,2.266716957092285,41.860755920410156,84.99721050270402,11.506282441756303,0.038461538461538464,-5.627245778442287,-2.558798771638136,-66.87419128417969
Qwen_Qwen3-32B,32B,32.0,exp_c,think,gsm8k_test_000759,think,canonical,,True,answer_segment,think_answer,13,exp_c_segment_sample,52,52,3.8548195362091064,12.180294165244469,2.9275383949279785,38.4566764831543,58.52201928500226,12.036363022000181,0.07692307692307693,-11.423157899576974,-8.49476515329801,-19.845203399658203
Qwen_Qwen3-32B,32B,32.0,exp_c,think,gsm8k_test_000759,think,canonical,,True,answer_segment,think_answer,20,exp_c_segment_sample,52,52,5.757846450805664,14.600204779551579,3.567769765853882,58.199790954589844,112.93568592728306,14.580036527970258,0.1346153846153846,-17.284983447743436,-14.63030694081233,-8.27686882019043
Qwen_Qwen3-32B,32B,32.0,exp_c,think,gsm8k_test_000759,think,canonical,,True,thinking_segment,thinking,6,exp_c_segment_sample,256,256,2.5312432765960695,21.940859515685588,1.8853223323822021,363.2659606933594,1647.3053406452664,20.772095250910613,0.03515625,-3.1295014639548953,-7.775452487285321,-66.87419128417969
Qwen_Qwen3-32B,32B,32.0,exp_c,think,gsm8k_test_000759,think,canonical,,True,thinking_segment,thinking,13,exp_c_segment_sample,256,256,3.8548195362091064,13.86328975763172,2.5685720443725586,137.8352813720703,187.39172802382612,13.616449786269147,0.07421875,0.409370753453712,-1.130552361561703,-19.845203399658203
Qwen_Qwen3-32B,32B,32.0,exp_c,think,gsm8k_test_000759,think,canonical,,True,thinking_segment,thinking,20,exp_c_segment_sample,256,256,5.757846450805664,14.655103855766356,3.798537254333496,80.17958068847656,105.83528858557263,14.568231193051819,0.11328125,-1.9222255568177609,-2.4378161943875813,-8.27686882019043
Qwen_Qwen3-32B,32B,32.0,exp_c,think,gsm8k_test_000830,think,canonical,,True,answer_segment,think_answer,6,exp_c_segment_sample,52,52,2.5312432765960695,17.93338173169356,2.5519638061523438,71.68266296386719,234.83529995863267,18.001012002720557,0.0,-18.48146544381739,-12.82390264364389,-43.233612060546875
Qwen_Qwen3-32B,32B,32.0,exp_c,think,gsm8k_test_000830,think,canonical,,True,answer_segment,think_answer,13,exp_c_segment_sample,52,52,3.8548195362091064,15.685594907173744,3.377211332321167,38.71546173095703,95.19264473550207,15.54202220954147,0.038461538461538464,-9.400613876835527,-7.328618122981146,-35.32677459716797
Qwen_Qwen3-32B,32B,32.0,exp_c,think,gsm8k_test_000830,think,canonical,,True,answer_segment,think_answer,20,exp_c_segment_sample,52,52,5.757846450805664,14.089232394328484,3.4717354774475098,35.62224197387695,44.240371984891915,13.947075848485907,0.09615384615384616,-10.12678199842117,-8.82335739869338,-21.30796241760254
Qwen_Qwen3-32B,32B,32.0,exp_c,think,gsm8k_test_000830,think,canonical,,True,thinking_segment,thinking,6,exp_c_segment_sample,256,256,2.5312432765960695,23.812464443966746,1.2865036725997925,369.70770263671875,2526.2384676177353,22.911052906606166,0.109375,0.6710225248618173,-6.250679891556501,-43.233612060546875
Qwen_Qwen3-32B,32B,32.0,exp_c,think,gsm8k_test_000830,think,canonical,,True,thinking_segment,thinking,13,exp_c_segment_sample,256,256,3.8548195362091064,18.30792054440826,2.2441437244415283,253.78549194335938,717.5810356084762,17.79469512034113,0.12109375,-0.33579488919049433,-2.6486982703208923,-35.32677459716797
Qwen_Qwen3-32B,32B,32.0,exp_c,think,gsm8k_test_000830,think,canonical,,True,thinking_segment,thinking,20,exp_c_segment_sample,256,256,5.757846450805664,17.767585953697562,3.513970375061035,162.13006591796875,303.6577365496419,17.409614413337636,0.13671875,1.0203634561958816,-0.6353263705968857,-21.30796241760254
Qwen_Qwen3-32B,32B,32.0,exp_c,think,gsm8k_test_000900,think,canonical,,True,answer_segment,think_answer,6,exp_c_segment_sample,50,50,2.5312432765960695,15.178236145973205,2.608072280883789,49.70787811279297,144.88310843987003,15.082526133984938,0.0,-12.20766742425807,-7.191835476801945,-108.15513610839844
Qwen_Qwen3-32B,32B,32.0,exp_c,think,gsm8k_test_000900,think,canonical,,True,answer_segment,think_answer,13,exp_c_segment_sample,50,50,3.8548195362091064,13.586104345321655,3.621584415435791,44.6124153137207,73.86415566182166,13.422314955263724,0.02,-9.929720202053284,-7.705146569472095,-24.88760757446289
Qwen_Qwen3-32B,32B,32.0,exp_c,think,gsm8k_test_000900,think,canonical,,True,answer_segment,think_answer,20,exp_c_segment_sample,50,50,5.757846450805664,13.988144989013671,4.243410587310791,37.75278091430664,46.05298260457801,13.892115106388015,0.1,-10.013226217382089,-8.00680787746723,-20.038049697875977
Qwen_Qwen3-32B,32B,32.0,exp_c,think,gsm8k_test_000900,think,canonical,,True,thinking_segment,thinking,6,exp_c_segment_sample,256,256,2.5312432765960695,16.8565379336942,0.8320606350898743,342.0566101074219,1227.1790604687517,16.119301210646437,0.29296875,5.375708891357334,4.606094545684755,-108.15513610839844
Qwen_Qwen3-32B,32B,32.0,exp_c,think,gsm8k_test_000900,think,canonical,,True,thinking_segment,thinking,13,exp_c_segment_sample,256,256,3.8548195362091064,12.895810848101974,1.56455397605896,108.94143676757812,208.83893634363574,12.69134429177105,0.24609375,-1.7593963401314783,-1.1886976789683104,-24.88760757446289
Qwen_Qwen3-32B,32B,32.0,exp_c,think,gsm8k_test_000900,think,canonical,,True,thinking_segment,thinking,20,exp_c_segment_sample,256,256,5.757846450805664,14.868927337229252,2.882403612136841,105.28363037109375,189.0888751281433,14.74280613318257,0.125,-1.1363231981419744,-0.69813596829772,-20.038049697875977
Qwen_Qwen3-32B,32B,32.0,exp_c,think,gsm8k_test_000914,think,canonical,,True,answer_segment,think_answer,6,exp_c_segment_sample,42,42,2.5312432765960695,17.947717757452104,3.7027087211608887,71.37358856201172,261.88386260344083,18.04074697959714,0.0,-22.41160419692234,-18.403440172022037,-27.407451629638672
Qwen_Qwen3-32B,32B,32.0,exp_c,think,gsm8k_test_000914,think,canonical,,True,answer_segment,think_answer,13,exp_c_segment_sample,42,42,3.8548195362091064,14.252879437946138,4.320170879364014,33.14403533935547,56.24443350166205,14.189615854402867,0.0,-10.743280718096864,-7.327438441189853,-29.70811653137207
Qwen_Qwen3-32B,32B,32.0,exp_c,think,gsm8k_test_000914,think,canonical,,True,answer_segment,think_answer,20,exp_c_segment_sample,42,42,5.757846450805664,13.062462818054925,4.986871719360352,33.27204513549805,40.07630317281464,13.037221757377068,0.047619047619047616,-10.082882876412027,-7.244175997647373,-18.726743698120117
Qwen_Qwen3-32B,32B,32.0,exp_c,think,gsm8k_test_000914,think,canonical,,True,thinking_segment,thinking,6,exp_c_segment_sample,245,245,2.5312432765960695,26.312694352013725,1.1154452562332153,600.6336669921875,3226.9206949555273,25.834986410180065,0.1346938775510204,-11.938328200540136,-3.3430533274527505,-27.407451629638672
Qwen_Qwen3-32B,32B,32.0,exp_c,think,gsm8k_test_000914,think,canonical,,True,thinking_segment,thinking,13,exp_c_segment_sample,245,245,3.8548195362091064,14.389759971657577,2.103503942489624,175.83053588867188,261.2364572460813,13.997726757995416,0.15510204081632653,-0.5450412238516699,1.4836426973342896,-29.70811653137207
Qwen_Qwen3-32B,32B,32.0,exp_c,think,gsm8k_test_000914,think,canonical,,True,thinking_segment,thinking,20,exp_c_segment_sample,245,245,5.757846450805664,14.38248930950554,3.5426816940307617,106.10311126708984,121.71866927881256,14.185256332647604,0.05714285714285714,2.739227348420664,3.3617509488136523,-18.726743698120117
Qwen_Qwen3-32B,32B,32.0,exp_c,think,gsm8k_test_000915,think,canonical,,True,answer_segment,think_answer,6,exp_c_segment_sample,57,57,2.5312432765960695,15.637748793551797,2.488598346710205,63.920753479003906,206.8655469684707,15.539380984646934,0.017543859649122806,-14.968208607225378,-14.560339005788167,-81.86493682861328
Qwen_Qwen3-32B,32B,32.0,exp_c,think,gsm8k_test_000915,think,canonical,,True,answer_segment,think_answer,13,exp_c_segment_sample,57,57,3.8548195362091064,13.264681138490376,3.145693778991699,36.22700119018555,58.383551277082766,13.0962490098817,0.03508771929824561,-7.489714776539338,-8.036446412404377,-37.48173904418945
Qwen_Qwen3-32B,32B,32.0,exp_c,think,gsm8k_test_000915,think,canonical,,True,answer_segment,think_answer,20,exp_c_segment_sample,57,57,5.757846450805664,12.71121272706149,4.008184909820557,25.543790817260742,23.660937366862033,12.671824327536992,0.07017543859649122,-6.2094201903161546,-5.543958727518715,-18.606708526611328
Qwen_Qwen3-32B,32B,32.0,exp_c,think,gsm8k_test_000915,think,canonical,,True,thinking_segment,thinking,6,exp_c_segment_sample,123,123,2.5312432765960695,22.425260947002627,1.8468087911605835,298.6540222167969,1664.0514394172642,21.71954477028769,0.0975609756097561,10.117436807986582,2.146776929978401,-81.86493682861328
Qwen_Qwen3-32B,32B,32.0,exp_c,think,gsm8k_test_000915,think,canonical,,True,thinking_segment,thinking,13,exp_c_segment_sample,123,123,3.8548195362091064,14.736465645999443,2.8238744735717773,198.29269409179688,406.97015010975247,13.900365491382411,0.032520325203252036,0.372102402777858,-1.4568303092833474,-37.48173904418945
Qwen_Qwen3-32B,32B,32.0,exp_c,think,gsm8k_test_000915,think,canonical,,True,thinking_segment,thinking,20,exp_c_segment_sample,123,123,5.757846450805664,14.057959796936531,3.8722987174987793,102.43279266357422,118.24480937827921,13.67981236879943,0.06504065040650407,2.3536187493829197,1.4335590177966697,-18.606708526611328
Qwen_Qwen3-32B,32B,32.0,exp_c,think,gsm8k_test_000921,think,canonical,,True,answer_segment,think_answer,6,exp_c_segment_sample,50,50,2.5312432765960695,17.515513334274292,2.8434624671936035,76.4661865234375,196.4842300902723,17.421932629176556,0.0,-11.791185955720776,-11.470542192459106,-46.21232986450195
Qwen_Qwen3-32B,32B,32.0,exp_c,think,gsm8k_test_000921,think,canonical,,True,answer_segment,think_answer,13,exp_c_segment_sample,50,50,3.8548195362091064,15.609752068519592,3.9339559078216553,43.253936767578125,85.7169850909601,15.445892718373514,0.0,-9.913515138626101,-7.751331035907452,-36.7727165222168
Qwen_Qwen3-32B,32B,32.0,exp_c,think,gsm8k_test_000921,think,canonical,,True,answer_segment,think_answer,20,exp_c_segment_sample,50,50,5.757846450805664,13.769251899719238,3.9769973754882812,32.096744537353516,46.082846763966835,13.769456425491645,0.1,-8.187131655075962,-7.218411408937895,-29.13007354736328
Qwen_Qwen3-32B,32B,32.0,exp_c,think,gsm8k_test_000921,think,canonical,,True,thinking_segment,thinking,6,exp_c_segment_sample,155,155,2.5312432765960695,22.409214171286553,1.3561209440231323,294.01995849609375,1283.9373011785144,21.442531056992415,0.2129032258064516,1.2667229926319639,1.4310812308238106,-46.21232986450195
Qwen_Qwen3-32B,32B,32.0,exp_c,think,gsm8k_test_000921,think,canonical,,True,thinking_segment,thinking,13,exp_c_segment_sample,155,155,3.8548195362091064,16.23996041051803,2.628997802734375,217.36630249023438,421.00320743297243,15.55779803728128,0.11612903225806452,4.961131268044536,3.2047048837710648,-36.7727165222168
Qwen_Qwen3-32B,32B,32.0,exp_c,think,gsm8k_test_000921,think,canonical,,True,thinking_segment,thinking,20,exp_c_segment_sample,155,155,5.757846450805664,15.361115320267215,4.619307994842529,136.30455017089844,166.3390577582857,14.97653971709214,0.04516129032258064,7.021651602382981,4.644482282491831,-29.13007354736328
Qwen_Qwen3-32B,32B,32.0,exp_c,think,gsm8k_test_000923,think,canonical,,True,answer_segment,think_answer,6,exp_c_segment_sample,41,41,2.5312432765960695,20.661359850953264,2.9060745239257812,94.23392486572266,362.6650061203288,20.822238951921463,0.0,-18.984365031278895,-14.894982164556332,-77.27961730957031
Qwen_Qwen3-32B,32B,32.0,exp_c,think,gsm8k_test_000923,think,canonical,,True,answer_segment,think_answer,13,exp_c_segment_sample,41,41,3.8548195362091064,17.70460650979019,3.785480499267578,64.25033569335938,186.74561740897562,17.631812071800233,0.024390243902439025,-15.146416816977226,-10.672508543187922,-46.95873260498047
Qwen_Qwen3-32B,32B,32.0,exp_c,think,gsm8k_test_000923,think,canonical,,True,answer_segment,think_answer,20,exp_c_segment_sample,41,41,5.757846450805664,14.776130350624642,3.9645442962646484,48.51530075073242,82.35610335292264,14.655522131919863,0.0975609756097561,-8.106323976549938,-4.895322929729113,-21.289419174194336
Qwen_Qwen3-32B,32B,32.0,exp_c,think,gsm8k_test_000923,think,canonical,,True,thinking_segment,thinking,6,exp_c_segment_sample,256,256,2.5312432765960695,19.644169099163264,1.0835121870040894,432.72637939453125,2203.3345626490427,18.509374240220872,0.2734375,6.2419997950904715,8.650864506140351,-77.27961730957031
Qwen_Qwen3-32B,32B,32.0,exp_c,think,gsm8k_test_000923,think,canonical,,True,thinking_segment,thinking,13,exp_c_segment_sample,256,256,3.8548195362091064,14.21882385527715,1.3057551383972168,277.68267822265625,601.8518430042462,13.580998642170405,0.265625,1.2952629785314493,1.3771663308143616,-46.95873260498047
Qwen_Qwen3-32B,32B,32.0,exp_c,think,gsm8k_test_000923,think,canonical,,True,thinking_segment,thinking,20,exp_c_segment_sample,256,256,5.757846450805664,14.168600604869425,1.8999273777008057,128.1810760498047,192.11442985648387,13.890196612471494,0.29296875,-0.5741684299691613,-0.356536615639925,-21.289419174194336
Qwen_Qwen3-32B,32B,32.0,exp_c,think,gsm8k_test_000965,think,canonical,,True,answer_segment,think_answer,6,exp_c_segment_sample,47,47,2.5312432765960695,13.802964509801662,2.618915319442749,75.64247131347656,183.8090502083718,13.723121720811596,0.0,-9.518086683242874,-6.044181247552235,-95.41873931884766
Qwen_Qwen3-32B,32B,32.0,exp_c,think,gsm8k_test_000965,think,canonical,,True,answer_segment,think_answer,13,exp_c_segment_sample,47,47,3.8548195362091064,12.626458360793743,4.302683353424072,42.0997428894043,46.098643494491135,12.252705190492712,0.0,-1.7407675626430115,-1.119081099828085,-44.02653884887695
Qwen_Qwen3-32B,32B,32.0,exp_c,think,gsm8k_test_000965,think,canonical,,True,answer_segment,think_answer,20,exp_c_segment_sample,47,47,5.757846450805664,11.468197792134387,5.714300155639648,33.31979751586914,27.133221551455296,11.340537164522253,0.02127659574468085,-5.9166460087958805,-4.487777471542358,-86.63114166259766
Qwen_Qwen3-32B,32B,32.0,exp_c,think,gsm8k_test_000965,think,canonical,,True,thinking_segment,thinking,6,exp_c_segment_sample,256,256,2.5312432765960695,21.2161419079639,1.3813565969467163,316.284423828125,1773.5055084794008,20.597133417170625,0.125,-1.7708986166620835,4.151014316827059,-95.41873931884766
Qwen_Qwen3-32B,32B,32.0,exp_c,think,gsm8k_test_000965,think,canonical,,True,thinking_segment,thinking,13,exp_c_segment_sample,256,256,3.8548195362091064,13.247935653664172,1.9939589500427246,192.03396606445312,287.75250906313414,13.061056678870624,0.140625,3.8460217919794304,5.226951323449612,-44.02653884887695
Qwen_Qwen3-32B,32B,32.0,exp_c,think,gsm8k_test_000965,think,canonical,,True,thinking_segment,thinking,20,exp_c_segment_sample,256,256,5.757846450805664,14.963708446361125,3.2859749794006348,399.4947204589844,668.2789232265222,14.362601902156037,0.140625,9.31866926846765,7.656902942806482,-86.63114166259766
Qwen_Qwen3-32B,32B,32.0,exp_c,think,gsm8k_test_000990,think,canonical,,True,answer_segment,think_answer,6,exp_c_segment_sample,46,46,2.5312432765960695,17.96637301341347,3.809819459915161,91.26528930664062,344.5375968799628,17.920358419418335,0.0,-25.381509955782896,-20.56336683034897,-37.556068420410156
Qwen_Qwen3-32B,32B,32.0,exp_c,think,gsm8k_test_000990,think,canonical,,True,answer_segment,think_answer,13,exp_c_segment_sample,46,46,3.8548195362091064,14.403138855229253,4.033899784088135,42.42728042602539,78.46561145692097,14.281763415866424,0.0,-14.833161777086987,-12.899638652801512,-14.843942642211914
Qwen_Qwen3-32B,32B,32.0,exp_c,think,gsm8k_test_000990,think,canonical,,True,answer_segment,think_answer,20,exp_c_segment_sample,46,46,5.757846450805664,16.101672348768815,4.974789142608643,58.557865142822266,127.57234729981086,16.132142586178247,0.06521739130434782,-18.270015883732466,-14.768203576405844,-12.714232444763184
Qwen_Qwen3-32B,32B,32.0,exp_c,think,gsm8k_test_000990,think,canonical,,True,thinking_segment,thinking,6,exp_c_segment_sample,256,256,2.5312432765960695,22.5842874632217,1.0340358018875122,335.40875244140625,2336.2954620656383,22.669858662510215,0.14453125,-17.965690356281193,-14.040189703926444,-37.556068420410156
Qwen_Qwen3-32B,32B,32.0,exp_c,think,gsm8k_test_000990,think,canonical,,True,thinking_segment,thinking,13,exp_c_segment_sample,256,256,3.8548195362091064,15.386915974784642,1.5609413385391235,114.82389068603516,255.31395106825897,15.52860071447408,0.12109375,-9.921236616556609,-8.402335630729795,-14.843942642211914
Qwen_Qwen3-32B,32B,32.0,exp_c,think,gsm8k_test_000990,think,canonical,,True,thinking_segment,thinking,20,exp_c_segment_sample,256,256,5.757846450805664,15.297281487844884,2.6433634757995605,87.1727066040039,106.0353475655138,15.245051443391128,0.125,-1.9683174798644325,-2.37599591165781,-12.714232444763184
Qwen_Qwen3-32B,32B,32.0,exp_c,think,gsm8k_test_001088,think,canonical,,True,answer_segment,think_answer,6,exp_c_segment_sample,76,76,2.5312432765960695,17.273544066830684,1.4757044315338135,78.80125427246094,313.79902819584834,17.102130489349364,0.09210526315789473,-21.164067064827627,-18.109352249848218,-26.188491821289062
Qwen_Qwen3-32B,32B,32.0,exp_c,think,gsm8k_test_001088,think,canonical,,True,answer_segment,think_answer,13,exp_c_segment_sample,76,76,3.8548195362091064,19.521146946831752,1.5930438041687012,83.70758819580078,354.10514378491877,19.453505303064983,0.09210526315789473,-22.41118335764619,-19.878337897752463,-6.056352615356445
Qwen_Qwen3-32B,32B,32.0,exp_c,think,gsm8k_test_001088,think,canonical,,True,answer_segment,think_answer,20,exp_c_segment_sample,76,76,5.757846450805664,16.852299411045877,2.5644428730010986,65.1302719116211,196.31418289828125,16.66009873390198,0.09210526315789473,-20.72565012807645,-17.863541854055303,-34.32280349731445
Qwen_Qwen3-32B,32B,32.0,exp_c,think,gsm8k_test_001088,think,canonical,,True,thinking_segment,thinking,6,exp_c_segment_sample,256,256,2.5312432765960695,20.666166193783283,1.3573163747787476,319.6759338378906,1799.4059689869248,19.943413496625666,0.10546875,-22.601574711529523,-14.328233033418655,-26.188491821289062
Qwen_Qwen3-32B,32B,32.0,exp_c,think,gsm8k_test_001088,think,canonical,,True,thinking_segment,thinking,13,exp_c_segment_sample,256,256,3.8548195362091064,16.420668753329664,1.8313628435134888,126.58616638183594,372.43631913643,16.270175892479564,0.17578125,-12.533449614496059,-8.350684147328138,-6.056352615356445
Qwen_Qwen3-32B,32B,32.0,exp_c,think,gsm8k_test_001088,think,canonical,,True,thinking_segment,thinking,20,exp_c_segment_sample,256,256,5.757846450805664,19.713913054205477,3.32222056388855,247.97239685058594,471.47788097494146,19.262036008494245,0.13671875,-9.28224656368587,-6.817552354186773,-34.32280349731445
Qwen_Qwen3-32B,32B,32.0,exp_c,think,gsm8k_test_001108,think,canonical,,True,answer_segment,think_answer,6,exp_c_segment_sample,35,35,2.5312432765960695,18.210952935900007,2.722499370574951,81.94414520263672,299.69590520380024,18.09900338509503,0.0,-13.11031573159356,-4.997432284884983,-59.72746276855469
Qwen_Qwen3-32B,32B,32.0,exp_c,think,gsm8k_test_001108,think,canonical,,True,answer_segment,think_answer,13,exp_c_segment_sample,35,35,3.8548195362091064,12.871197598321098,3.476421594619751,30.52089500427246,39.60433162238332,12.738418263547562,0.02857142857142857,-4.213755280630942,-1.0021965503692627,-32.89618682861328
Qwen_Qwen3-32B,32B,32.0,exp_c,think,gsm8k_test_001108,think,canonical,,True,answer_segment,think_answer,20,exp_c_segment_sample,35,35,5.757846450805664,11.15886058807373,4.769300937652588,26.76072883605957,19.804337840474233,11.068237444933724,0.11428571428571428,-4.756810156504319,-2.5317582024468326,-15.36945915222168
Qwen_Qwen3-32B,32B,32.0,exp_c,think,gsm8k_test_001108,think,canonical,,True,thinking_segment,thinking,6,exp_c_segment_sample,154,154,2.5312432765960695,24.581332969201075,1.9178460836410522,198.9221954345703,1086.1860550766794,23.90204922747768,0.06493506493506493,1.80913524456887,-0.23252536394657497,-59.72746276855469
Qwen_Qwen3-32B,32B,32.0,exp_c,think,gsm8k_test_001108,think,canonical,,True,thinking_segment,thinking,13,exp_c_segment_sample,154,154,3.8548195362091064,18.08822130228018,3.568465232849121,130.23179626464844,346.31802330651254,17.689445451973313,0.006493506493506494,-2.0660047955427077,-3.9067455805265006,-32.89618682861328
Qwen_Qwen3-32B,32B,32.0,exp_c,think,gsm8k_test_001108,think,canonical,,True,thinking_segment,thinking,20,exp_c_segment_sample,154,154,5.757846450805664,15.412137492910608,4.925235748291016,74.08912658691406,91.07188217696036,15.206654102973687,0.025974025974025976,0.6231234786996862,-1.0037758289239314,-15.36945915222168
Qwen_Qwen3-32B,32B,32.0,exp_c,think,gsm8k_test_001144,think,canonical,,True,answer_segment,think_answer,6,exp_c_segment_sample,50,50,2.5312432765960695,16.366573686599732,2.605950355529785,46.16438674926758,156.9468603430449,16.16764471482258,0.0,-7.6196288344439305,-3.610735288033119,-69.42355346679688
Qwen_Qwen3-32B,32B,32.0,exp_c,think,gsm8k_test_001144,think,canonical,,True,answer_segment,think_answer,13,exp_c_segment_sample,50,50,3.8548195362091064,13.2664612865448,3.767540454864502,39.11006164550781,62.470075482951636,13.015248142943092,0.02,-4.616564159393305,-2.6033878693213843,-44.65131378173828
Qwen_Qwen3-32B,32B,32.0,exp_c,think,gsm8k_test_001144,think,canonical,,True,answer_segment,think_answer,20,exp_c_segment_sample,50,50,5.757846450805664,13.9177179145813,4.187413692474365,34.147216796875,50.356085322189,13.912304060799736,0.08,-7.826295069526223,-5.046712655287523,-23.41562843322754
Qwen_Qwen3-32B,32B,32.0,exp_c,think,gsm8k_test_001144,think,canonical,,True,thinking_segment,thinking,6,exp_c_segment_sample,256,256,2.5312432765960695,20.01101054204628,1.6472141742706299,251.17161560058594,1331.603893324911,19.37957226631724,0.0859375,6.586194215606954,2.793014256283641,-69.42355346679688
Qwen_Qwen3-32B,32B,32.0,exp_c,think,gsm8k_test_001144,think,canonical,,True,thinking_segment,thinking,13,exp_c_segment_sample,256,256,3.8548195362091064,14.701171569526196,2.2794888019561768,172.0162811279297,290.04639145213514,14.283638632435592,0.08984375,1.3360137102362166,-0.042325280606746674,-44.65131378173828
Qwen_Qwen3-32B,32B,32.0,exp_c,think,gsm8k_test_001144,think,canonical,,True,thinking_segment,thinking,20,exp_c_segment_sample,256,256,5.757846450805664,14.144773940555751,3.0959174633026123,110.63970184326172,123.89742231979838,13.893954966519331,0.08984375,2.063282776013436,0.9754236564040184,-23.41562843322754
Qwen_Qwen3-32B,32B,32.0,exp_c,think,gsm8k_test_001178,think,canonical,,True,answer_segment,think_answer,6,exp_c_segment_sample,32,32,2.5312432765960695,18.509646229445934,3.0467400550842285,51.04402542114258,213.5232035095241,18.421075890141147,0.0,-18.521047772331656,-13.662639617919922,-9.627328872680664
Qwen_Qwen3-32B,32B,32.0,exp_c,think,gsm8k_test_001178,think,canonical,,True,answer_segment,think_answer,13,exp_c_segment_sample,32,32,3.8548195362091064,12.22690099477768,3.2281367778778076,27.128341674804688,41.49641699902244,12.08246481803156,0.03125,-7.537956974723108,-4.274302273988724,-13.04356575012207
Qwen_Qwen3-32B,32B,32.0,exp_c,think,gsm8k_test_001178,think,canonical,,True,answer_segment,think_answer,20,exp_c_segment_sample,32,32,5.757846450805664,10.637343361973763,3.450407028198242,26.12930679321289,26.204956189620653,10.621517935106832,0.125,-8.20317689668048,-5.266655206680298,-19.46967887878418
Qwen_Qwen3-32B,32B,32.0,exp_c,think,gsm8k_test_001178,think,canonical,,True,thinking_segment,thinking,6,exp_c_segment_sample,160,160,2.5312432765960695,21.09456631168723,1.2282824516296387,146.1181640625,940.3690634865901,20.626540468173957,0.0625,-2.4891090974952204,-8.638271579146384,-9.627328872680664
Qwen_Qwen3-32B,32B,32.0,exp_c,think,gsm8k_test_001178,think,canonical,,True,thinking_segment,thinking,13,exp_c_segment_sample,160,160,3.8548195362091064,15.063097454607487,2.0087945461273193,97.55084991455078,197.54106155920215,14.72980886885205,0.05,1.7466735294701805,-1.2931726038455977,-13.04356575012207
Qwen_Qwen3-32B,32B,32.0,exp_c,think,gsm8k_test_001178,think,canonical,,True,thinking_segment,thinking,20,exp_c_segment_sample,160,160,5.757846450805664,14.746194805204869,3.4971115589141846,85.68260192871094,116.32748590074024,14.502251242691615,0.1,4.935115738518483,3.0308994293212876,-19.46967887878418
Qwen_Qwen3-32B,32B,32.0,exp_c,think,gsm8k_test_001182,think,canonical,,True,answer_segment,think_answer,6,exp_c_segment_sample,54,54,2.5312432765960695,13.47287529927713,3.6404335498809814,45.56356430053711,94.63264987618935,13.377026391479204,0.0,-6.755203348699246,-4.118806907108853,-52.109867095947266
Qwen_Qwen3-32B,32B,32.0,exp_c,think,gsm8k_test_001182,think,canonical,,True,answer_segment,think_answer,13,exp_c_segment_sample,54,54,3.8548195362091064,12.705275932947794,4.424691677093506,38.37923049926758,47.29506127004324,12.479089098156624,0.0,-6.13959522728968,-6.007665395736694,-17.903837203979492
Qwen_Qwen3-32B,32B,32.0,exp_c,think,gsm8k_test_001182,think,canonical,,True,answer_segment,think_answer,20,exp_c_segment_sample,54,54,5.757846450805664,11.85312988139965,4.758626461029053,28.405519485473633,29.443827561342964,11.77437802980531,0.037037037037037035,-6.394502269860467,-6.3630654471261145,-20.26703453063965
Qwen_Qwen3-32B,32B,32.0,exp_c,think,gsm8k_test_001182,think,canonical,,True,thinking_segment,thinking,6,exp_c_segment_sample,256,256,2.5312432765960695,17.391884847078472,1.3783949613571167,318.6242980957031,1335.8746651377264,16.471669629391492,0.09765625,-5.806932449145123,-5.128871637124284,-52.109867095947266
Qwen_Qwen3-32B,32B,32.0,exp_c,think,gsm8k_test_001182,think,canonical,,True,thinking_segment,thinking,13,exp_c_segment_sample,256,256,3.8548195362091064,13.190176053903997,2.6659185886383057,126.17313385009766,185.2141214557649,12.933397495045378,0.0859375,-6.57926066924149,-4.946121424895065,-17.903837203979492
Qwen_Qwen3-32B,32B,32.0,exp_c,think,gsm8k_test_001182,think,canonical,,True,thinking_segment,thinking,20,exp_c_segment_sample,256,256,5.757846450805664,15.226877273060381,3.9574086666107178,114.20580291748047,150.9207922801417,15.097970798786946,0.05078125,-1.7872499165966447,-1.504886788588303,-20.26703453063965
Qwen_Qwen3-32B,32B,32.0,exp_c,think,gsm8k_test_001246,think,canonical,,True,answer_segment,think_answer,6,exp_c_segment_sample,43,43,2.5312432765960695,12.975567745607952,2.844139575958252,37.807373046875,69.94113577714421,12.838868680454436,0.0,-2.0238244210942913,0.4554473486813624,-31.915729522705078
Qwen_Qwen3-32B,32B,32.0,exp_c,think,gsm8k_test_001246,think,canonical,,True,answer_segment,think_answer,13,exp_c_segment_sample,43,43,3.8548195362091064,12.592551259107369,3.040091037750244,33.60946273803711,40.12079868210902,12.480344675836108,0.046511627906976744,-3.9246163705942734,-2.899064064025879,-26.72953987121582
Qwen_Qwen3-32B,32B,32.0,exp_c,think,gsm8k_test_001246,think,canonical,,True,answer_segment,think_answer,20,exp_c_segment_sample,43,43,5.757846450805664,11.636451588120572,4.090094089508057,26.946115493774414,26.830884966657226,11.639905237016222,0.11627906976744186,-7.534372871068269,-5.212493246251887,-17.19577407836914
Qwen_Qwen3-32B,32B,32.0,exp_c,think,gsm8k_test_001246,think,canonical,,True,thinking_segment,thinking,6,exp_c_segment_sample,195,195,2.5312432765960695,21.262731589415136,1.8210307359695435,650.959716796875,2881.223664796386,20.635169381333384,0.1076923076923077,-30.128735334195763,-24.35578127783172,-31.915729522705078
Qwen_Qwen3-32B,32B,32.0,exp_c,think,gsm8k_test_001246,think,canonical,,True,thinking_segment,thinking,13,exp_c_segment_sample,195,195,3.8548195362091064,14.735643094625228,2.713247537612915,173.82305908203125,318.9703521193588,14.27464112670151,0.08205128205128205,-4.872499571565177,-4.675457638137193,-26.72953987121582
Qwen_Qwen3-32B,32B,32.0,exp_c,think,gsm8k_test_001246,think,canonical,,True,thinking_segment,thinking,20,exp_c_segment_sample,195,195,5.757846450805664,14.97457518088512,3.3980610370635986,118.88526153564453,141.55810259074028,14.673904046569902,0.07179487179487179,-1.748709498394979,-1.7140721301643218,-17.19577407836914
Qwen_Qwen3-32B,32B,32.0,exp_c,think,gsm8k_test_001307,think,canonical,,True,answer_segment,think_answer,6,exp_c_segment_sample,43,43,2.5312432765960695,17.4484879804212,2.9410481452941895,80.3318862915039,239.63426014011452,17.476924578348797,0.0,-16.994860880974738,-14.817649126052856,-51.97412109375
Qwen_Qwen3-32B,32B,32.0,exp_c,think,gsm8k_test_001307,think,canonical,,True,answer_segment,think_answer,13,exp_c_segment_sample,43,43,3.8548195362091064,14.206981830818709,3.352414846420288,45.9249382019043,66.65866346210278,13.949432969093323,0.046511627906976744,-8.584626346511527,-7.666147383776577,-29.0020694732666
Qwen_Qwen3-32B,32B,32.0,exp_c,think,gsm8k_test_001307,think,canonical,,True,answer_segment,think_answer,20,exp_c_segment_sample,43,43,5.757846450805664,13.429571451142778,4.205631732940674,45.03217697143555,54.45917822386463,13.458085389364333,0.06976744186046512,-10.413984530571906,-8.211929581382059,-10.651613235473633
Qwen_Qwen3-32B,32B,32.0,exp_c,think,gsm8k_test_001307,think,canonical,,True,thinking_segment,thinking,6,exp_c_segment_sample,139,139,2.5312432765960695,17.44626620862124,1.4015119075775146,156.36317443847656,783.2971605488704,16.681298718936198,0.1366906474820144,-0.08546019732523318,-5.081786458832877,-51.97412109375
Qwen_Qwen3-32B,32B,32.0,exp_c,think,gsm8k_test_001307,think,canonical,,True,thinking_segment,thinking,13,exp_c_segment_sample,139,139,3.8548195362091064,13.338195646409508,2.438727378845215,142.3143310546875,205.981894527084,12.835072424100792,0.05755395683453238,1.7842726497218993,-1.934993042264665,-29.0020694732666
Qwen_Qwen3-32B,32B,32.0,exp_c,think,gsm8k_test_001307,think,canonical,,True,thinking_segment,thinking,20,exp_c_segment_sample,139,139,5.757846450805664,12.675615164873411,3.604980230331421,69.13233184814453,55.56718093300588,12.433981105901193,0.08633093525179857,-0.11419951320306855,-1.5828501973833369,-10.651613235473633
Qwen_Qwen3-32B,32B,32.0,exp_c,think,gsm8k_test_001311,think,canonical,,True,answer_segment,think_answer,6,exp_c_segment_sample,35,35,2.5312432765960695,16.11244878768921,4.875384330749512,68.45951843261719,184.39867100678413,16.088339623282938,0.0,-11.831474921816884,-9.673757341172962,-32.286529541015625
Qwen_Qwen3-32B,32B,32.0,exp_c,think,gsm8k_test_001311,think,canonical,,True,answer_segment,think_answer,13,exp_c_segment_sample,35,35,3.8548195362091064,13.0207400730678,5.005150318145752,35.458553314208984,52.61868950289055,12.85652317720301,0.0,-7.048103055499855,-4.89136658774482,-76.513427734375
Qwen_Qwen3-32B,32B,32.0,exp_c,think,gsm8k_test_001311,think,canonical,,True,answer_segment,think_answer,20,exp_c_segment_sample,35,35,5.757846450805664,12.135861260550362,5.618381500244141,22.112564086914062,20.203585990014222,12.01327004152186,0.02857142857142857,-5.777721105303092,-4.597957134246826,-37.276451110839844
Qwen_Qwen3-32B,32B,32.0,exp_c,think,gsm8k_test_001311,think,canonical,,True,thinking_segment,thinking,6,exp_c_segment_sample,225,225,2.5312432765960695,19.907456896040173,1.541047215461731,212.55072021484375,958.3649805947769,19.321090402347682,0.09333333333333334,11.13800834214088,12.829688881572924,-32.286529541015625
Qwen_Qwen3-32B,32B,32.0,exp_c,think,gsm8k_test_001311,think,canonical,,True,thinking_segment,thinking,13,exp_c_segment_sample,225,225,3.8548195362091064,15.767735146416559,2.6527822017669678,320.2630920410156,546.62636766471,15.072193537439613,0.057777777777777775,14.481197340973718,12.554713625656932,-76.513427734375
Qwen_Qwen3-32B,32B,32.0,exp_c,think,gsm8k_test_001311,think,canonical,,True,thinking_segment,thinking,20,exp_c_segment_sample,225,225,5.757846450805664,14.229716284010145,3.9995274543762207,161.98507690429688,143.43856716249246,13.890780691589626,0.07555555555555556,7.620145481863562,6.718592727393435,-37.276451110839844
Qwen_Qwen3-4B,4B,4.0,exp_c,no_think,gsm8k_test_000099,no_think,canonical,,False,answer_segment,no_think_answer,6,exp_c_segment_sample,48,48,2.8834132671356203,14.163568377494812,3.418893814086914,38.40994644165039,78.24424543531626,13.777093035109498,0.0,-6.116688741713162,-4.194464862346647,-2.467151641845703
Qwen_Qwen3-4B,4B,4.0,exp_c,no_think,gsm8k_test_000099,no_think,canonical,,False,answer_segment,no_think_answer,13,exp_c_segment_sample,48,48,4.469035816192627,11.898865630229315,5.275782585144043,20.48306655883789,18.117367696876812,11.831189632415773,0.0,-2.7574059099567267,-2.7966217199961356,0.22484779357910156
Qwen_Qwen3-4B,4B,4.0,exp_c,no_think,gsm8k_test_000099,no_think,canonical,,False,answer_segment,no_think_answer,20,exp_c_segment_sample,48,48,5.961378192901611,12.36536001165708,6.980243682861328,26.659061431884766,24.094415524020587,12.328356732713418,0.0,7.748482177915088e-05,-1.1947857538859044,-1.3218603134155273
Qwen_Qwen3-4B,4B,4.0,exp_c,no_think,gsm8k_test_000176,no_think,canonical,,True,answer_segment,no_think_answer,6,exp_c_segment_sample,65,65,2.8834132671356203,10.549786784098698,2.345694065093994,59.035736083984375,110.06658456315165,10.107695486396551,0.06153846153846154,4.695672894191061,4.098707269219792,-17.089391708374023
Qwen_Qwen3-4B,4B,4.0,exp_c,no_think,gsm8k_test_000176,no_think,canonical,,True,answer_segment,no_think_answer,13,exp_c_segment_sample,65,65,4.469035816192627,9.58896590746366,3.202180862426758,23.656946182250977,28.887331504298576,9.441862724721432,0.12307692307692308,2.07981338500976,1.3281463454751403,-3.177614212036133
Qwen_Qwen3-4B,4B,4.0,exp_c,no_think,gsm8k_test_000176,no_think,canonical,,True,answer_segment,no_think_answer,20,exp_c_segment_sample,65,65,5.961378192901611,10.83350766988901,4.863062858581543,23.54390525817871,20.206974655824204,10.749873876571655,0.06153846153846154,0.09368810987138895,0.5946364683263443,0.9250574111938477
Qwen_Qwen3-4B,4B,4.0,exp_c,no_think,gsm8k_test_000192,no_think,canonical,,False,answer_segment,no_think_answer,6,exp_c_segment_sample,73,73,2.8834132671356203,17.01391061854689,1.8640251159667969,83.6627426147461,252.29197380699188,16.49582199090057,0.0821917808219178,-12.989293066937147,-8.388144028814217,12.106191635131836
Qwen_Qwen3-4B,4B,4.0,exp_c,no_think,gsm8k_test_000192,no_think,canonical,,False,answer_segment,no_think_answer,13,exp_c_segment_sample,73,73,4.469035816192627,13.216286290181825,3.50514554977417,33.29855728149414,39.5523886700014,13.127300053834915,0.0547945205479452,-5.729882679352793,-4.980980157852175,9.128487586975098
Qwen_Qwen3-4B,4B,4.0,exp_c,no_think,gsm8k_test_000192,no_think,canonical,,False,answer_segment,no_think_answer,20,exp_c_segment_sample,73,73,5.961378192901611,12.361952265647993,5.732442378997803,34.93694305419922,26.506272894902004,12.187224348386128,0.0136986301369863,-0.6396929392413877,-1.0251699748792138,3.6888561248779297
Qwen_Qwen3-4B,4B,4.0,exp_c,no_think,gsm8k_test_000217,no_think,canonical,,True,answer_segment,no_think_answer,6,exp_c_segment_sample,40,40,2.8834132671356203,12.081888210773467,3.823439121246338,28.580766677856445,50.7236906706061,11.717969613197521,0.0,0.12138111940244002,0.0624369621276859,10.437090873718262
Qwen_Qwen3-4B,4B,4.0,exp_c,no_think,gsm8k_test_000217,no_think,canonical,,True,answer_segment,no_think_answer,13,exp_c_segment_sample,40,40,4.469035816192627,11.006675958633423,4.539945125579834,23.517900466918945,16.82380230273826,10.933758894602455,0.0,-0.36172651430456615,-1.062472629547118,2.9836044311523438
Qwen_Qwen3-4B,4B,4.0,exp_c,no_think,gsm8k_test_000217,no_think,canonical,,True,answer_segment,no_think_answer,20,exp_c_segment_sample,40,40,5.961378192901611,11.768530428409576,5.467741966247559,29.57042121887207,19.871999117046936,11.719842739594291,0.075,3.1284733580379935,1.1278213977813731,2.0213775634765625
Qwen_Qwen3-4B,4B,4.0,exp_c,no_think,gsm8k_test_000276,no_think,canonical,,False,answer_segment,no_think_answer,6,exp_c_segment_sample,153,153,2.8834132671356203,8.560607205808552,1.1543238162994385,120.92753601074219,160.0168632856511,8.13421433222921,0.3464052287581699,-7.201789689847201,-7.978879387562094,2.563243865966797
Qwen_Qwen3-4B,4B,4.0,exp_c,no_think,gsm8k_test_000276,no_think,canonical,,False,answer_segment,no_think_answer,13,exp_c_segment_sample,153,153,4.469035816192627,8.680957558887457,2.2080130577087402,42.728973388671875,39.194436253013905,8.549052773337614,0.29411764705882354,-6.70164474750067,-6.58056508577787,-2.8640823364257812
Qwen_Qwen3-4B,4B,4.0,exp_c,no_think,gsm8k_test_000276,no_think,canonical,,False,answer_segment,no_think_answer,20,exp_c_segment_sample,153,153,5.961378192901611,9.539817518658108,3.216374158859253,41.74024963378906,25.259675748463543,9.421103447675705,0.21568627450980393,-2.5351865045708992,-2.6803327584877987,0.5509233474731445
Qwen_Qwen3-4B,4B,4.0,exp_c,no_think,gsm8k_test_000343,no_think,canonical,,True,answer_segment,no_think_answer,6,exp_c_segment_sample,72,72,2.8834132671356203,12.67286327150133,2.3282151222229004,56.25175476074219,134.4743678505348,12.356118081321181,0.08333333333333333,-13.183111129830397,-12.33153842555152,-0.8631868362426758
Qwen_Qwen3-4B,4B,4.0,exp_c,no_think,gsm8k_test_000343,no_think,canonical,,True,answer_segment,no_think_answer,13,exp_c_segment_sample,72,72,4.469035816192627,11.871140228377449,4.066337585449219,38.73333740234375,51.451345818151104,11.838422876008801,0.013888888888888888,-9.844740136028964,-9.589708513683743,-2.358816146850586
Qwen_Qwen3-4B,4B,4.0,exp_c,no_think,gsm8k_test_000343,no_think,canonical,,True,answer_segment,no_think_answer,20,exp_c_segment_sample,72,72,5.961378192901611,11.598213937547472,4.511837005615234,39.149688720703125,35.94208405352915,11.425129917305961,0.08333333333333333,-2.1653650198897143,-3.650616221957737,2.070352554321289
Qwen_Qwen3-4B,4B,4.0,exp_c,no_think,gsm8k_test_000432,no_think,canonical,,True,answer_segment,no_think_answer,6,exp_c_segment_sample,66,66,2.8834132671356203,15.08854436151909,3.9109761714935303,65.394775390625,133.27099476750493,14.579801273345947,0.0,-8.101159174697854,-7.712189856697531,-13.39200210571289
Qwen_Qwen3-4B,4B,4.0,exp_c,no_think,gsm8k_test_000432,no_think,canonical,,True,answer_segment,no_think_answer,13,exp_c_segment_sample,66,66,4.469035816192627,12.359642986095313,3.957049608230591,46.28533935546875,53.450280853833206,12.139943647384644,0.015151515151515152,-6.76832716468232,-6.005253932055304,-0.9384727478027344
Qwen_Qwen3-4B,4B,4.0,exp_c,no_think,gsm8k_test_000432,no_think,canonical,,True,answer_segment,no_think_answer,20,exp_c_segment_sample,66,66,5.961378192901611,11.299657214771617,4.123152256011963,28.68096351623535,19.202901981223757,11.183888582082895,0.030303030303030304,-2.3054901612177114,-2.8578017459196214,2.033449172973633
Qwen_Qwen3-4B,4B,4.0,exp_c,no_think,gsm8k_test_000514,no_think,canonical,,False,answer_segment,no_think_answer,6,exp_c_segment_sample,44,44,2.8834132671356203,10.49031549692154,2.6298749446868896,31.350927352905273,52.63734499930222,10.093207065449205,0.045454545454545456,-1.1651826836846118,0.5594071041453965,4.099321365356445
Qwen_Qwen3-4B,4B,4.0,exp_c,no_think,gsm8k_test_000514,no_think,canonical,,False,answer_segment,no_think_answer,13,exp_c_segment_sample,44,44,4.469035816192627,9.595975919203324,4.1024932861328125,27.228755950927734,22.97723961700623,9.441455375316531,0.09090909090909091,-4.489892479867648,-3.3805307041515,-0.262786865234375
Qwen_Qwen3-4B,4B,4.0,exp_c,no_think,gsm8k_test_000514,no_think,canonical,,False,answer_segment,no_think_answer,20,exp_c_segment_sample,44,44,5.961378192901611,10.189452919093045,4.971305847167969,22.646190643310547,16.398543382062186,10.017788055331208,0.06818181818181818,-2.7201832670153947,-2.864039507779207,1.3220367431640625
Qwen_Qwen3-4B,4B,4.0,exp_c,no_think,gsm8k_test_000560,no_think,canonical,,True,answer_segment,no_think_answer,6,exp_c_segment_sample,52,52,2.8834132671356203,11.954626752780033,2.2167723178863525,38.428138732910156,76.14178973596138,11.486020639830942,0.09615384615384616,-7.064430751025398,-7.252940342976498,-23.15570831298828
Qwen_Qwen3-4B,4B,4.0,exp_c,no_think,gsm8k_test_000560,no_think,canonical,,True,answer_segment,no_think_answer,13,exp_c_segment_sample,52,52,4.469035816192627,10.641269188660841,4.62485408782959,19.653743743896484,15.324963635736664,10.538177303239411,0.0,-5.216031958991103,-4.44819006553063,2.5617504119873047
Qwen_Qwen3-4B,4B,4.0,exp_c,no_think,gsm8k_test_000560,no_think,canonical,,True,answer_segment,no_think_answer,20,exp_c_segment_sample,52,52,5.961378192901611,10.796895503997803,5.839773178100586,22.89156150817871,11.311910025455877,10.64884895436904,0.019230769230769232,-3.0426897033724543,-2.8271359663743247,-0.02306842803955078
Qwen_Qwen3-4B,4B,4.0,exp_c,no_think,gsm8k_test_000595,no_think,canonical,,False,answer_segment,no_think_answer,6,exp_c_segment_sample,37,37,2.8834132671356203,11.157632847090024,3.1303296089172363,25.950542449951172,36.90701817447225,10.749062319596607,0.0,-3.599711858361405,-3.2141387939453114,-21.052196502685547
Qwen_Qwen3-4B,4B,4.0,exp_c,no_think,gsm8k_test_000595,no_think,canonical,,False,answer_segment,no_think_answer,13,exp_c_segment_sample,37,37,4.469035816192627,11.430324799305684,5.112695217132568,24.862712860107422,23.38549737101939,11.339730342229206,0.0,-3.2806181656686872,-4.006293296813965,-0.7793941497802734
Qwen_Qwen3-4B,4B,4.0,exp_c,no_think,gsm8k_test_000595,no_think,canonical,,False,answer_segment,no_think_answer,20,exp_c_segment_sample,37,37,5.961378192901611,10.824362664609342,6.379363059997559,19.086200714111328,9.132189857801059,10.674879961543613,0.0,-0.4280598072035717,-0.7594651699066155,0.7922611236572266
Qwen_Qwen3-4B,4B,4.0,exp_c,no_think,gsm8k_test_000795,no_think,canonical,,False,answer_segment,no_think_answer,6,exp_c_segment_sample,60,60,2.8834132671356203,15.152612618605296,3.4505202770233154,48.299442291259766,134.7837284246294,14.766170303700331,0.0,-7.335540567069741,-7.246678495407105,4.774645805358887
Qwen_Qwen3-4B,4B,4.0,exp_c,no_think,gsm8k_test_000795,no_think,canonical,,False,answer_segment,no_think_answer,13,exp_c_segment_sample,60,60,4.469035816192627,13.448531619707744,4.653499603271484,48.15250015258789,70.71903704432428,13.421390961792508,0.0,-3.591860318574746,-4.932493273417155,0.37489891052246094
Qwen_Qwen3-4B,4B,4.0,exp_c,no_think,gsm8k_test_000795,no_think,canonical,,False,answer_segment,no_think_answer,20,exp_c_segment_sample,60,60,5.961378192901611,11.914096252123516,5.3335652351379395,23.88490104675293,15.83425773033225,11.791889126017942,0.03333333333333333,-1.585328615688888,-1.8104056676228844,1.0136709213256836
Qwen_Qwen3-4B,4B,4.0,exp_c,no_think,gsm8k_test_000900,no_think,canonical,,True,answer_segment,no_think_answer,6,exp_c_segment_sample,47,47,2.8834132671356203,14.173366729249345,2.735647678375244,56.15800857543945,141.27280085233107,13.602340097012727,0.0425531914893617,-5.1933056953105545,-4.510578850905102,3.542369842529297
Qwen_Qwen3-4B,4B,4.0,exp_c,no_think,gsm8k_test_000900,no_think,canonical,,True,answer_segment,no_think_answer,13,exp_c_segment_sample,47,47,4.469035816192627,11.43414306640625,4.264709949493408,23.14665985107422,21.568588577130463,11.283797575079877,0.02127659574468085,-3.1740316355482068,-3.066799243291218,0.5020914077758789
Qwen_Qwen3-4B,4B,4.0,exp_c,no_think,gsm8k_test_000900,no_think,canonical,,True,answer_segment,no_think_answer,20,exp_c_segment_sample,47,47,5.961378192901611,11.172799506085985,5.656125545501709,26.56833839416504,18.54485538606518,10.988721287768819,0.02127659574468085,0.6360937635949336,0.03197177251180072,2.6175479888916016
Qwen_Qwen3-4B,4B,4.0,exp_c,no_think,gsm8k_test_000917,no_think,canonical,,True,answer_segment,no_think_answer,6,exp_c_segment_sample,36,36,2.8834132671356203,15.334631767537859,2.0946147441864014,44.635135650634766,178.2752304923105,14.722416257858274,0.1111111111111111,-15.848482558319137,-14.085826582378811,10.01866340637207
Qwen_Qwen3-4B,4B,4.0,exp_c,no_think,gsm8k_test_000917,no_think,canonical,,True,answer_segment,no_think_answer,13,exp_c_segment_sample,36,36,4.469035816192627,13.598291416962942,3.4210197925567627,53.909202575683594,94.56957328593478,13.419749825341361,0.1111111111111111,-13.39964127647983,-12.086325698428684,13.071512222290039
Qwen_Qwen3-4B,4B,4.0,exp_c,no_think,gsm8k_test_000917,no_think,canonical,,True,answer_segment,no_think_answer,20,exp_c_segment_sample,36,36,5.961378192901611,11.514127877023485,4.863617420196533,26.887468338012695,22.54009241845842,11.396858051845006,0.1111111111111111,-5.370268261110451,-5.411179542541504,4.134893417358398
Qwen_Qwen3-4B,4B,4.0,exp_c,no_think,gsm8k_test_000977,no_think,canonical,,False,answer_segment,no_think_answer,6,exp_c_segment_sample,46,46,2.8834132671356203,11.58510929086934,3.5258235931396484,25.636878967285156,33.39700824270518,11.369951815075346,0.0,-5.556641202189104,-3.8794058561325073,-22.153554916381836
Qwen_Qwen3-4B,4B,4.0,exp_c,no_think,gsm8k_test_000977,no_think,canonical,,False,answer_segment,no_think_answer,13,exp_c_segment_sample,46,46,4.469035816192627,12.905632309291674,5.123228549957275,38.240257263183594,44.268907966384944,12.852630933125816,0.0,-5.382414954553369,-3.393497745196024,-0.8128023147583008
Qwen_Qwen3-4B,4B,4.0,exp_c,no_think,gsm8k_test_000977,no_think,canonical,,False,answer_segment,no_think_answer,20,exp_c_segment_sample,46,46,5.961378192901611,13.281816181929216,5.553129196166992,36.42525863647461,35.63452212797314,13.20622451570299,0.043478260869565216,-1.7461427010175372,-2.1570058663686122,0.03156280517578125
Qwen_Qwen3-4B,4B,4.0,exp_c,no_think,gsm8k_test_001009,no_think,canonical,,False,answer_segment,no_think_answer,6,exp_c_segment_sample,58,58,2.8834132671356203,11.578666119739927,2.9037511348724365,51.20695495605469,96.96431408273833,11.156133844141376,0.0,-2.479941029774393,-3.667288414637248,6.946048736572266
Qwen_Qwen3-4B,4B,4.0,exp_c,no_think,gsm8k_test_001009,no_think,canonical,,False,answer_segment,no_think_answer,13,exp_c_segment_sample,58,58,4.469035816192627,9.765435917624112,4.245467662811279,20.233732223510742,18.12399188697714,9.640361852813188,0.034482758620689655,-2.932886736494696,-3.501561164855957,4.097288131713867
Qwen_Qwen3-4B,4B,4.0,exp_c,no_think,gsm8k_test_001009,no_think,canonical,,False,answer_segment,no_think_answer,20,exp_c_segment_sample,58,58,5.961378192901611,10.567686541327115,5.94246768951416,31.555219650268555,16.082995562774755,10.369719245977569,0.017241379310344827,0.28522131555892094,-0.5624906222025547,0.889155387878418
Qwen_Qwen3-4B,4B,4.0,exp_c,no_think,gsm8k_test_001017,no_think,canonical,,True,answer_segment,no_think_answer,6,exp_c_segment_sample,55,55,2.8834132671356203,11.700743822617964,3.6601686477661133,52.02186584472656,72.57415011591242,11.467442291754264,0.0,-1.3276902483655164,-0.21957976477486874,-15.003446578979492
Qwen_Qwen3-4B,4B,4.0,exp_c,no_think,gsm8k_test_001017,no_think,canonical,,True,answer_segment,no_think_answer,13,exp_c_segment_sample,55,55,4.469035816192627,11.284260983900591,4.347736835479736,26.767059326171875,22.658404925893507,11.239118284649317,0.01818181818181818,-0.5491567927521434,0.1502530574798584,0.13117218017578125
Qwen_Qwen3-4B,4B,4.0,exp_c,no_think,gsm8k_test_001017,no_think,canonical,,True,answer_segment,no_think_answer,20,exp_c_segment_sample,55,55,5.961378192901611,13.138730083812368,5.833095073699951,49.82504653930664,39.16373723820318,13.078944736056854,0.01818181818181818,2.92425737504836,3.2935580526079455,6.010781288146973
Qwen_Qwen3-4B,4B,4.0,exp_c,no_think,gsm8k_test_001082,no_think,canonical,,False,answer_segment,no_think_answer,6,exp_c_segment_sample,49,49,2.8834132671356203,13.346638407026019,4.1428656578063965,55.65920639038086,98.45246306984262,12.794624527295433,0.0,4.11041557467714,3.096777072319618,6.0124077796936035
Qwen_Qwen3-4B,4B,4.0,exp_c,no_think,gsm8k_test_001082,no_think,canonical,,False,answer_segment,no_think_answer,13,exp_c_segment_sample,49,49,4.469035816192627,10.487077382146095,4.3314971923828125,25.22511100769043,16.110259105393414,10.337753554185232,0.02040816326530612,-1.494631046373021,-1.3757645166837253,-0.7735681533813477
Qwen_Qwen3-4B,4B,4.0,exp_c,no_think,gsm8k_test_001082,no_think,canonical,,False,answer_segment,no_think_answer,20,exp_c_segment_sample,49,49,5.961378192901611,10.757252916997793,5.128523349761963,39.787330627441406,29.40806324167425,10.473102351029716,0.08163265306122448,0.6915036929383479,-0.08185210594764136,0.6801252365112305
Qwen_Qwen3-4B,4B,4.0,exp_c,no_think,gsm8k_test_001088,no_think,canonical,,False,answer_segment,no_think_answer,6,exp_c_segment_sample,58,58,2.8834132671356203,15.456065630090647,2.1412274837493896,57.0909309387207,159.08737290047083,14.965038491968523,0.06896551724137931,-10.487564277816134,-6.861672846476235,16.03995132446289
Qwen_Qwen3-4B,4B,4.0,exp_c,no_think,gsm8k_test_001088,no_think,canonical,,False,answer_segment,no_think_answer,13,exp_c_segment_sample,58,58,4.469035816192627,13.522547577989512,3.054553508758545,32.6480598449707,45.5897018991002,13.421192257027876,0.08620689655172414,-8.635766051513697,-6.18954432805379,4.962791442871094
Qwen_Qwen3-4B,4B,4.0,exp_c,no_think,gsm8k_test_001088,no_think,canonical,,False,answer_segment,no_think_answer,20,exp_c_segment_sample,58,58,5.961378192901611,12.159373472476828,5.391273021697998,23.80496597290039,18.1292008507868,12.050763188746938,0.034482758620689655,-4.172657417874816,-2.3709136009216305,-3.390157699584961
Qwen_Qwen3-4B,4B,4.0,exp_c,no_think,gsm8k_test_001108,no_think,canonical,,True,answer_segment,no_think_answer,6,exp_c_segment_sample,38,38,2.8834132671356203,12.944361404368752,2.9308698177337646,40.62476348876953,78.74679276665023,12.572364800685161,0.0,-3.0545744558095094,0.2885013818740845,-3.265939712524414
Qwen_Qwen3-4B,4B,4.0,exp_c,no_think,gsm8k_test_001108,no_think,canonical,,True,answer_segment,no_think_answer,13,exp_c_segment_sample,38,38,4.469035816192627,11.197936058044434,4.666690826416016,23.23015594482422,15.329484502135816,11.025655553147597,0.0,0.4373267633229565,0.5708538532257084,1.2380428314208984
Qwen_Qwen3-4B,4B,4.0,exp_c,no_think,gsm8k_test_001108,no_think,canonical,,True,answer_segment,no_think_answer,20,exp_c_segment_sample,38,38,5.961378192901611,11.21025077920211,6.77433967590332,20.524133682250977,11.295062493558406,11.116292115804312,0.0,0.1853752676774545,0.23472447395324636,2.162080764770508
Qwen_Qwen3-4B,4B,4.0,exp_c,no_think,gsm8k_test_001136,no_think,canonical,,False,answer_segment,no_think_answer,6,exp_c_segment_sample,40,40,2.8834132671356203,10.93318930864334,2.5478806495666504,33.2026252746582,46.04764643373095,10.463632253500135,0.05,-0.47713426787679586,0.4478840351104729,13.024703025817871
Qwen_Qwen3-4B,4B,4.0,exp_c,no_think,gsm8k_test_001136,no_think,canonical,,False,answer_segment,no_think_answer,13,exp_c_segment_sample,40,40,4.469035816192627,11.726586902141571,4.628737449645996,23.352537155151367,26.374289937072227,11.600363450172619,0.0,-3.0678651862028303,-2.31398868560791,12.51050853729248
Qwen_Qwen3-4B,4B,4.0,exp_c,no_think,gsm8k_test_001136,no_think,canonical,,False,answer_segment,no_think_answer,20,exp_c_segment_sample,40,40,5.961378192901611,12.957819938659668,5.282884120941162,28.80435562133789,34.86670242253583,12.834827924386053,0.05,-0.4394305892107072,-1.223809385299683,3.884868621826172
Qwen_Qwen3-4B,4B,4.0,exp_c,no_think,gsm8k_test_001164,no_think,canonical,,True,answer_segment,no_think_answer,6,exp_c_segment_sample,43,43,2.8834132671356203,12.297748770824699,2.247922420501709,44.62762451171875,78.59913348732294,11.731470681372144,0.09302325581395349,-8.692488950100302,-6.833274841308592,-37.2598876953125
Qwen_Qwen3-4B,4B,4.0,exp_c,no_think,gsm8k_test_001164,no_think,canonical,,True,answer_segment,no_think_answer,13,exp_c_segment_sample,43,43,4.469035816192627,11.891188643699468,3.8730454444885254,23.506298065185547,31.34321612240851,11.761566196169172,0.046511627906976744,-4.296192069386333,-2.192202394658869,-2.9929733276367188
Qwen_Qwen3-4B,4B,4.0,exp_c,no_think,gsm8k_test_001164,no_think,canonical,,True,answer_segment,no_think_answer,20,exp_c_segment_sample,43,43,5.961378192901611,11.886909196543138,4.38517427444458,25.9547061920166,26.254786855298786,11.795206001826696,0.06976744186046512,-5.810785403463352,-3.0195816646922715,-2.3500823974609375
Qwen_Qwen3-4B,4B,4.0,exp_c,no_think,gsm8k_test_001181,no_think,canonical,,False,answer_segment,no_think_answer,6,exp_c_segment_sample,56,56,2.8834132671356203,9.755694836378098,3.0563204288482666,44.407222747802734,44.81256147187738,9.351272015138106,0.0,2.035507762790624,1.7214969226292212,-4.210788726806641
Qwen_Qwen3-4B,4B,4.0,exp_c,no_think,gsm8k_test_001181,no_think,canonical,,False,answer_segment,no_think_answer,13,exp_c_segment_sample,56,56,4.469035816192627,9.58776353938239,4.6310625076293945,20.761125564575195,9.846028776297828,9.466011307456276,0.0,1.2060072538547932,0.21540130887712827,-4.966731071472168
Qwen_Qwen3-4B,4B,4.0,exp_c,no_think,gsm8k_test_001181,no_think,canonical,,False,answer_segment,no_think_answer,20,exp_c_segment_sample,56,56,5.961378192901611,10.363549138818469,5.3864312171936035,20.204938888549805,9.095032741402028,10.303066470406273,0.017857142857142856,0.890007710098327,0.17892299379621335,-0.15194129943847656
Qwen_Qwen3-4B,4B,4.0,exp_c,no_think,gsm8k_test_001182,no_think,canonical,,False,answer_segment,no_think_answer,6,exp_c_segment_sample,46,46,2.8834132671356203,11.542216762252476,2.6850762367248535,36.73591232299805,61.24871524346293,11.065303786595663,0.021739130434782608,-3.09227602598736,-1.472592155138651,4.536350250244141
Qwen_Qwen3-4B,4B,4.0,exp_c,no_think,gsm8k_test_001182,no_think,canonical,,False,answer_segment,no_think_answer,13,exp_c_segment_sample,46,46,4.469035816192627,11.672373553980952,5.2840986251831055,29.80458641052246,29.915907291526906,11.636528036329484,0.0,-2.7526187195367635,-1.9243545532226562,4.826192855834961
Qwen_Qwen3-4B,4B,4.0,exp_c,no_think,gsm8k_test_001182,no_think,canonical,,False,answer_segment,no_think_answer,20,exp_c_segment_sample,46,46,5.961378192901611,11.1368495070416,6.220119953155518,25.53354263305664,15.10214974492668,11.02583573659261,0.0,-1.2994319243523729,-1.622888207435608,3.0824966430664062
Qwen_Qwen3-4B,4B,4.0,exp_c,no_think,gsm8k_test_001208,no_think,canonical,,False,answer_segment,no_think_answer,6,exp_c_segment_sample,44,44,2.8834132671356203,12.010840757326646,3.4055428504943848,33.19356155395508,65.87656234991756,11.56097280701926,0.0,-1.9052699211871982,-1.8974146192724053,-1.5882110595703125
Qwen_Qwen3-4B,4B,4.0,exp_c,no_think,gsm8k_test_001208,no_think,canonical,,False,answer_segment,no_think_answer,13,exp_c_segment_sample,44,44,4.469035816192627,12.145168228582902,4.933538913726807,37.577449798583984,36.12608616907125,12.056859992271248,0.0,0.06869637893908702,-1.598301497372713,-0.9595127105712891
Qwen_Qwen3-4B,4B,4.0,exp_c,no_think,gsm8k_test_001208,no_think,canonical,,False,answer_segment,no_think_answer,20,exp_c_segment_sample,44,44,5.961378192901611,12.406069853089072,5.032527446746826,28.966184616088867,24.728532368512308,12.344752333885017,0.022727272727272728,-1.301596521608764,-3.816343177448621,3.8156328201293945
Qwen_Qwen3-4B,4B,4.0,exp_c,no_think,gsm8k_test_001221,no_think,canonical,,True,answer_segment,no_think_answer,6,exp_c_segment_sample,54,54,2.8834132671356203,11.77458084071124,3.255178451538086,48.84333038330078,77.99395217299137,11.46629746455067,0.0,2.3524026417973043,2.892670937946864,-9.340715408325195
Qwen_Qwen3-4B,4B,4.0,exp_c,no_think,gsm8k_test_001221,no_think,canonical,,True,answer_segment,no_think_answer,13,exp_c_segment_sample,54,54,4.469035816192627,11.683054341210259,5.104841232299805,36.8470458984375,39.86832519844143,11.596814065609342,0.0,1.7676731783934325,2.8446278912680487,-13.808685302734375
Qwen_Qwen3-4B,4B,4.0,exp_c,no_think,gsm8k_test_001221,no_think,canonical,,True,answer_segment,no_think_answer,20,exp_c_segment_sample,54,54,5.961378192901611,12.449264217306066,5.158186435699463,35.491966247558594,33.44638731295534,12.263129477231008,0.05555555555555555,4.549827586279976,3.5897193976810993,-0.28882598876953125
Qwen_Qwen3-4B,4B,4.0,exp_c,no_think,gsm8k_test_001275,no_think,canonical,,False,answer_segment,no_think_answer,6,exp_c_segment_sample,59,59,2.8834132671356203,15.686793981972388,3.1415295600891113,86.00389099121094,194.1540183073413,15.192613823660489,0.0,-9.24412443920719,-9.341050799687704,-25.122203826904297
Qwen_Qwen3-4B,4B,4.0,exp_c,no_think,gsm8k_test_001275,no_think,canonical,,False,answer_segment,no_think_answer,13,exp_c_segment_sample,59,59,4.469035816192627,10.814119161185571,4.828597068786621,28.87938690185547,19.513380048146953,10.734828102177586,0.0,-1.3188149322897749,-0.39807675679524834,-1.5274324417114258
Qwen_Qwen3-4B,4B,4.0,exp_c,no_think,gsm8k_test_001275,no_think,canonical,,False,answer_segment,no_think_answer,20,exp_c_segment_sample,59,59,5.961378192901611,11.635429438898118,5.235967636108398,36.622947692871094,34.61154030964481,11.416164340644048,0.0847457627118644,-0.35830871775999906,-0.21375274658203125,-4.525765419006348
Qwen_Qwen3-4B,4B,4.0,exp_c,no_think,gsm8k_test_001289,no_think,canonical,,False,answer_segment,no_think_answer,6,exp_c_segment_sample,60,60,2.8834132671356203,12.412695999940237,2.3488247394561768,40.3896484375,86.1197995703519,12.11135924468606,0.05,-8.465518115387583,-4.3084482510884605,5.413822174072266
Qwen_Qwen3-4B,4B,4.0,exp_c,no_think,gsm8k_test_001289,no_think,canonical,,False,answer_segment,no_think_answer,13,exp_c_segment_sample,60,60,4.469035816192627,11.107453838984172,4.390896320343018,36.11254119873047,29.38787795268916,11.05194718150769,0.016666666666666666,-5.2373362337956655,-2.4635976155598964,0.31754302978515625
Qwen_Qwen3-4B,4B,4.0,exp_c,no_think,gsm8k_test_001289,no_think,canonical,,False,answer_segment,no_think_answer,20,exp_c_segment_sample,60,60,5.961378192901611,10.271130418777465,5.864879608154297,21.077699661254883,10.50772627666884,10.150264602596476,0.016666666666666666,-1.2690033990828695,0.041019026438394945,1.3177318572998047
Qwen_Qwen3-4B,4B,4.0,exp_c,no_think,gsm8k_test_001291,no_think,canonical,,True,answer_segment,no_think_answer,6,exp_c_segment_sample,33,33,2.8834132671356203,10.101640296704842,4.579717636108398,25.218372344970703,16.072504225514944,9.785239398479462,0.0,-1.0994868202005423,-0.8840807278950997,-25.222095489501953
Qwen_Qwen3-4B,4B,4.0,exp_c,no_think,gsm8k_test_001291,no_think,canonical,,True,answer_segment,no_think_answer,13,exp_c_segment_sample,33,33,4.469035816192627,10.920028440880053,4.617480278015137,26.083375930786133,17.087059190853132,10.867991715669632,0.0,-0.650705138629769,-0.9629412227206764,-4.171211242675781
Qwen_Qwen3-4B,4B,4.0,exp_c,no_think,gsm8k_test_001291,no_think,canonical,,True,answer_segment,no_think_answer,20,exp_c_segment_sample,33,33,5.961378192901611,10.997511343522506,6.588113784790039,16.246397018432617,8.054036133338526,10.91743452847004,0.0,0.3528239408278871,-0.7202619976467552,-2.5680274963378906
Qwen_Qwen3-4B,4B,4.0,exp_c,no_think,gsm8k_test_001311,no_think,canonical,,True,answer_segment,no_think_answer,6,exp_c_segment_sample,36,36,2.8834132671356203,10.723697317971123,2.8566815853118896,26.877607345581055,47.11168037249528,10.300510706220354,0.027777777777777776,0.9254733463665422,0.7538453472985154,-10.179340362548828
Qwen_Qwen3-4B,4B,4.0,exp_c,no_think,gsm8k_test_001311,no_think,canonical,,True,answer_segment,no_think_answer,13,exp_c_segment_sample,36,36,4.469035816192627,11.508789592319065,5.073396682739258,23.312820434570312,19.72763657896002,11.345976298195977,0.0,-2.437410157006056,-3.0417048136393223,1.746999740600586
Qwen_Qwen3-4B,4B,4.0,exp_c,no_think,gsm8k_test_001311,no_think,canonical,,True,answer_segment,no_think_answer,20,exp_c_segment_sample,36,36,5.961378192901611,11.5935730404324,5.959517478942871,24.335134506225586,15.789342151898401,11.493654033115932,0.027777777777777776,-2.4824477187147966,-3.4845386081271705,2.53668212890625
Qwen_Qwen3-4B,4B,4.0,exp_c,no_think,gsm8k_test_001317,no_think,canonical,,False,answer_segment,no_think_answer,6,exp_c_segment_sample,61,61,2.8834132671356203,13.168020275772594,3.411092519760132,46.13682174682617,105.58478081889783,12.728097689151763,0.0,-9.059905906507783,-6.5402161329984665,-9.185892105102539
Qwen_Qwen3-4B,4B,4.0,exp_c,no_think,gsm8k_test_001317,no_think,canonical,,False,answer_segment,no_think_answer,13,exp_c_segment_sample,61,61,4.469035816192627,11.661323414474237,4.339430332183838,28.662212371826172,27.548987237675778,11.60087300936381,0.01639344262295082,-4.866932142228432,-3.6105866134166718,-8.203556060791016
Qwen_Qwen3-4B,4B,4.0,exp_c,no_think,gsm8k_test_001317,no_think,canonical,,False,answer_segment,no_think_answer,20,exp_c_segment_sample,61,61,5.961378192901611,11.759440578398157,6.241451263427734,23.257001876831055,16.78484832791775,11.647676046689353,0.0,-1.0109902507473292,-0.84649258852005,-3.109518051147461
Qwen_Qwen3-4B,4B,4.0,exp_c,think,gsm8k_test_000099,think,canonical,,True,answer_segment,think_answer,6,exp_c_segment_sample,43,43,2.8834132671356203,12.345107904700345,3.221135139465332,29.05398178100586,46.89992441111837,12.222881390934898,0.0,-6.820088708123488,-5.311471288854426,-2.467151641845703
Qwen_Qwen3-4B,4B,4.0,exp_c,think,gsm8k_test_000099,think,canonical,,True,answer_segment,think_answer,13,exp_c_segment_sample,43,43,4.469035816192627,12.116673059241716,4.997401237487793,26.881427764892578,31.635131636162065,12.050458681015742,0.0,-4.808818941136503,-5.331320069052957,0.22484779357910156
Qwen_Qwen3-4B,4B,4.0,exp_c,think,gsm8k_test_000099,think,canonical,,True,answer_segment,think_answer,20,exp_c_segment_sample,43,43,5.961378192901611,11.011147987010867,5.015941619873047,17.82532501220703,10.58716115381214,10.877160367511568,0.046511627906976744,-1.0481965042823937,-1.4839418584650215,-1.3218603134155273
Qwen_Qwen3-4B,4B,4.0,exp_c,think,gsm8k_test_000099,think,canonical,,True,thinking_segment,thinking,6,exp_c_segment_sample,256,256,2.8834132671356203,11.08556845691055,1.5612047910690308,127.86380767822266,284.23338801472363,11.035272901907014,0.1640625,-8.827652988482207,-6.783795701339841,-2.467151641845703
Qwen_Qwen3-4B,4B,4.0,exp_c,think,gsm8k_test_000099,think,canonical,,True,thinking_segment,thinking,13,exp_c_segment_sample,256,256,4.469035816192627,9.83141931798309,2.267598867416382,53.09708023071289,67.69003702322107,9.795240401285483,0.15234375,-4.672310614008329,-2.84806651994586,0.22484779357910156
Qwen_Qwen3-4B,4B,4.0,exp_c,think,gsm8k_test_000099,think,canonical,,True,thinking_segment,thinking,20,exp_c_segment_sample,256,256,5.961378192901611,11.310163116082549,3.0599353313446045,51.87554168701172,49.7927872822415,11.28651891640968,0.16796875,-3.4846362312605046,-1.8209283202886581,-1.3218603134155273
Qwen_Qwen3-4B,4B,4.0,exp_c,think,gsm8k_test_000176,think,canonical,,True,answer_segment,think_answer,6,exp_c_segment_sample,50,50,2.8834132671356203,11.913436923027039,3.0365748405456543,38.25420379638672,50.01195842438064,11.740154436656407,0.0,-4.104261180092301,-1.5026583671569824,-17.089391708374023
Qwen_Qwen3-4B,4B,4.0,exp_c,think,gsm8k_test_000176,think,canonical,,True,answer_segment,think_answer,13,exp_c_segment_sample,50,50,4.469035816192627,11.501111106872559,5.661483287811279,43.43291091918945,40.61580273855862,11.4440155321238,0.0,-4.081424403471103,-3.1989394701444187,-3.177614212036133
Qwen_Qwen3-4B,4B,4.0,exp_c,think,gsm8k_test_000176,think,canonical,,True,answer_segment,think_answer,20,exp_c_segment_sample,50,50,5.961378192901611,11.67398946762085,5.142127990722656,33.36970138549805,23.266360454321852,11.498990564930198,0.04,-4.783646208819216,-3.3414788246154785,0.9250574111938477
Qwen_Qwen3-4B,4B,4.0,exp_c,think,gsm8k_test_000176,think,canonical,,True,thinking_segment,thinking,6,exp_c_segment_sample,190,190,2.8834132671356203,14.526446266550767,1.9011205434799194,88.7385482788086,287.51080135150994,14.502184493831859,0.10526315789473684,-12.757105201826018,-12.322136752307415,-17.089391708374023
Qwen_Qwen3-4B,4B,4.0,exp_c,think,gsm8k_test_000176,think,canonical,,True,thinking_segment,thinking,13,exp_c_segment_sample,190,190,4.469035816192627,11.677768146364313,2.949730157852173,44.10300827026367,65.79867853544404,11.641807895488839,0.06315789473684211,-9.039192939612681,-7.7993137389421445,-3.177614212036133
Qwen_Qwen3-4B,4B,4.0,exp_c,think,gsm8k_test_000176,think,canonical,,True,thinking_segment,thinking,20,exp_c_segment_sample,190,190,5.961378192901611,11.948805804001658,4.455399990081787,51.04022216796875,33.563485730589306,11.912065460568382,0.05789473684210526,-6.674585767237709,-4.880973676840464,0.9250574111938477
Qwen_Qwen3-4B,4B,4.0,exp_c,think,gsm8k_test_000192,think,canonical,,True,answer_segment,think_answer,6,exp_c_segment_sample,65,65,2.8834132671356203,14.407023279483502,3.039588689804077,50.704288482666016,156.43323471355984,14.158052537590265,0.0,-9.863459894540437,-7.583206934087416,12.106191635131836
Qwen_Qwen3-4B,4B,4.0,exp_c,think,gsm8k_test_000192,think,canonical,,True,answer_segment,think_answer,13,exp_c_segment_sample,65,65,4.469035816192627,13.041333286578839,3.610867738723755,46.634254455566406,57.31165035001568,12.94698241353035,0.06153846153846154,-9.95431907560443,-7.090839610380284,9.128487586975098
Qwen_Qwen3-4B,4B,4.0,exp_c,think,gsm8k_test_000192,think,canonical,,True,answer_segment,think_answer,20,exp_c_segment_sample,65,65,5.961378192901611,12.195248662508451,5.267132759094238,25.695274353027344,25.332791942896428,12.01010937988758,0.015384615384615385,-4.19652937775726,-3.4676841287051925,3.6888561248779297
Qwen_Qwen3-4B,4B,4.0,exp_c,think,gsm8k_test_000192,think,canonical,,True,thinking_segment,thinking,6,exp_c_segment_sample,135,135,2.8834132671356203,17.488074926093773,1.9424811601638794,121.45427703857422,432.5131875031107,17.46745286236948,0.06666666666666667,-22.38048707098744,-19.957971351988174,12.106191635131836
Qwen_Qwen3-4B,4B,4.0,exp_c,think,gsm8k_test_000192,think,canonical,,True,thinking_segment,thinking,13,exp_c_segment_sample,135,135,4.469035816192627,13.519381134598344,4.903767108917236,52.49480438232422,63.420806927660735,13.490168742279506,0.0,-7.651521110846327,-5.887870872721953,9.128487586975098
Qwen_Qwen3-4B,4B,4.0,exp_c,think,gsm8k_test_000192,think,canonical,,True,thinking_segment,thinking,20,exp_c_segment_sample,135,135,5.961378192901611,12.136798508961995,4.921050548553467,43.79340744018555,29.231303250864645,12.095906019210815,0.02962962962962963,-3.7722731057335444,-2.607612399493947,3.6888561248779297
Qwen_Qwen3-4B,4B,4.0,exp_c,think,gsm8k_test_000217,think,canonical,,True,answer_segment,think_answer,6,exp_c_segment_sample,43,43,2.8834132671356203,12.902563876883928,3.4689266681671143,41.18672561645508,83.91674658747564,12.684171205475218,0.0,-3.283835784073365,-0.7366578578948975,10.437090873718262
Qwen_Qwen3-4B,4B,4.0,exp_c,think,gsm8k_test_000217,think,canonical,,True,answer_segment,think_answer,13,exp_c_segment_sample,43,43,4.469035816192627,11.635538544765739,5.3079447746276855,29.10458755493164,24.114015435818903,11.622779914311,0.0,-1.4332102539675435,0.2693515257401895,2.9836044311523438
Qwen_Qwen3-4B,4B,4.0,exp_c,think,gsm8k_test_000217,think,canonical,,True,answer_segment,think_answer,20,exp_c_segment_sample,43,43,5.961378192901611,11.512480591618738,5.770837306976318,20.511045455932617,10.158527183686227,11.469409079778762,0.023255813953488372,-1.8974572578897988,-1.2943973541259766,2.0213775634765625
Qwen_Qwen3-4B,4B,4.0,exp_c,think,gsm8k_test_000217,think,canonical,,True,thinking_segment,thinking,6,exp_c_segment_sample,116,116,2.8834132671356203,13.357751061176431,3.199291229248047,68.79766082763672,170.11725383649505,13.324332299439801,0.0,-12.09406397935035,-7.761134986219737,10.437090873718262
Qwen_Qwen3-4B,4B,4.0,exp_c,think,gsm8k_test_000217,think,canonical,,True,thinking_segment,thinking,13,exp_c_segment_sample,116,116,4.469035816192627,11.74407725498594,4.140495777130127,41.99883270263672,55.93340072383333,11.71354624706766,0.05172413793103448,-6.074674777073919,-3.864310988064469,2.9836044311523438
Qwen_Qwen3-4B,4B,4.0,exp_c,think,gsm8k_test_000217,think,canonical,,True,thinking_segment,thinking,20,exp_c_segment_sample,116,116,5.961378192901611,12.078349582080183,4.774106502532959,29.767566680908203,25.60786225587019,12.03722848477571,0.07758620689655173,-1.8181619079211817,-0.8546005610761966,2.0213775634765625
Qwen_Qwen3-4B,4B,4.0,exp_c,think,gsm8k_test_000276,think,canonical,,True,answer_segment,think_answer,6,exp_c_segment_sample,90,90,2.8834132671356203,9.83664150900311,1.5547776222229004,87.86798095703125,214.07935260034435,9.682983217614423,0.4111111111111111,-13.19217229649259,-11.692424986673439,2.563243865966797
Qwen_Qwen3-4B,4B,4.0,exp_c,think,gsm8k_test_000276,think,canonical,,True,answer_segment,think_answer,13,exp_c_segment_sample,90,90,4.469035816192627,8.159408582581413,3.209091901779175,24.758941650390625,21.819474687841172,8.052917938553886,0.24444444444444444,-4.769615860649077,-4.1317194337430205,-2.8640823364257812
Qwen_Qwen3-4B,4B,4.0,exp_c,think,gsm8k_test_000276,think,canonical,,True,answer_segment,think_answer,20,exp_c_segment_sample,90,90,5.961378192901611,9.213696108924019,4.162754058837891,26.2679443359375,15.925223841056473,9.110934954011038,0.12222222222222222,-3.372825535225777,-2.287984433381453,0.5509233474731445
Qwen_Qwen3-4B,4B,4.0,exp_c,think,gsm8k_test_000276,think,canonical,,True,thinking_segment,thinking,6,exp_c_segment_sample,151,151,2.8834132671356203,9.679246491943763,1.8300470113754272,67.03169250488281,109.84740994152632,9.610667737325034,0.17218543046357615,-6.329655163439382,-3.9145929938868473,2.563243865966797
Qwen_Qwen3-4B,4B,4.0,exp_c,think,gsm8k_test_000276,think,canonical,,True,thinking_segment,thinking,13,exp_c_segment_sample,151,151,4.469035816192627,9.19732247283127,2.597634792327881,42.30762481689453,50.15768460797277,9.153620500564575,0.2052980132450331,-3.8323098752672546,-2.089431950920508,-2.8640823364257812
Qwen_Qwen3-4B,4B,4.0,exp_c,think,gsm8k_test_000276,think,canonical,,True,thinking_segment,thinking,20,exp_c_segment_sample,151,151,5.961378192901611,9.67630032987784,4.521966934204102,36.70701217651367,21.697818914394553,9.63486517906189,0.1456953642384106,-2.7986887724568437,-1.515793097646613,0.5509233474731445
Qwen_Qwen3-4B,4B,4.0,exp_c,think,gsm8k_test_000343,think,canonical,,True,answer_segment,think_answer,6,exp_c_segment_sample,49,49,2.8834132671356203,13.507904889632245,3.4060285091400146,37.477500915527344,87.08629753421313,13.314496894677482,0.0,-7.038671255306339,-5.878505615087658,-0.8631868362426758
Qwen_Qwen3-4B,4B,4.0,exp_c,think,gsm8k_test_000343,think,canonical,,True,answer_segment,think_answer,13,exp_c_segment_sample,49,49,4.469035816192627,12.112390518188477,5.4059224128723145,25.030309677124023,25.59751173736516,12.064475963513058,0.0,-7.4373645284224565,-6.940474216754618,-2.358816146850586
Qwen_Qwen3-4B,4B,4.0,exp_c,think,gsm8k_test_000343,think,canonical,,True,answer_segment,think_answer,20,exp_c_segment_sample,49,49,5.961378192901611,11.73221426594014,4.003635883331299,29.463714599609375,21.769463869914812,11.485005855560303,0.08163265306122448,-3.892042661394395,-2.872256499070387,2.070352554321289
Qwen_Qwen3-4B,4B,4.0,exp_c,think,gsm8k_test_000343,think,canonical,,True,thinking_segment,thinking,6,exp_c_segment_sample,256,256,2.8834132671356203,18.269766472280025,1.4788416624069214,193.25462341308594,908.8389861698961,18.06858896796725,0.2109375,-21.767571333233853,-15.8137021449896,-0.8631868362426758
Qwen_Qwen3-4B,4B,4.0,exp_c,think,gsm8k_test_000343,think,canonical,,True,thinking_segment,thinking,13,exp_c_segment_sample,256,256,4.469035816192627,13.240888045169413,2.3910646438598633,87.47465515136719,166.175754005449,13.249029293922444,0.23828125,-12.349754453398509,-8.787698210202732,-2.358816146850586
Qwen_Qwen3-4B,4B,4.0,exp_c,think,gsm8k_test_000343,think,canonical,,True,thinking_segment,thinking,20,exp_c_segment_sample,256,256,5.961378192901611,30.104939808137715,3.2523539066314697,4551.822265625,80266.41001473033,32.65148408258593,0.2265625,49.98069137505454,65.04449344048133,2.070352554321289
Qwen_Qwen3-4B,4B,4.0,exp_c,think,gsm8k_test_000432,think,canonical,,True,answer_segment,think_answer,6,exp_c_segment_sample,59,59,2.8834132671356203,15.213773460711463,4.742577075958252,81.74874877929688,167.6200697662781,14.656161587813806,0.0,-5.947552372237408,-5.285069878896078,-13.39200210571289
Qwen_Qwen3-4B,4B,4.0,exp_c,think,gsm8k_test_000432,think,canonical,,True,answer_segment,think_answer,13,exp_c_segment_sample,59,59,4.469035816192627,12.460859428017827,4.475061416625977,26.831512451171875,30.734089113602078,12.307484191039514,0.0,-5.8755953918069155,-4.096206219991048,-0.9384727478027344
Qwen_Qwen3-4B,4B,4.0,exp_c,think,gsm8k_test_000432,think,canonical,,True,answer_segment,think_answer,20,exp_c_segment_sample,59,59,5.961378192901611,11.580029148166462,6.08472204208374,24.352703094482422,14.240828860814641,11.424284540373703,0.0,-5.586339628898504,-4.4052703539530444,2.033449172973633
Qwen_Qwen3-4B,4B,4.0,exp_c,think,gsm8k_test_000432,think,canonical,,True,thinking_segment,thinking,6,exp_c_segment_sample,206,206,2.8834132671356203,13.418169261182396,2.143378257751465,130.5695343017578,365.72919884394884,13.385984721997882,0.0825242718446602,-15.74503506331968,-13.931870822723093,-13.39200210571289
Qwen_Qwen3-4B,4B,4.0,exp_c,think,gsm8k_test_000432,think,canonical,,True,thinking_segment,thinking,13,exp_c_segment_sample,206,206,4.469035816192627,10.70420150386477,2.991863489151001,102.03581237792969,89.78628937953232,10.669090450100782,0.08737864077669903,-8.008914511935412,-6.656365885184361,-0.9384727478027344
Qwen_Qwen3-4B,4B,4.0,exp_c,think,gsm8k_test_000432,think,canonical,,True,thinking_segment,thinking,20,exp_c_segment_sample,206,206,5.961378192901611,9.775008773340762,4.500852108001709,38.172462463378906,20.219829501464393,9.736812786939666,0.12135922330097088,-3.089418284782659,-2.7189015425168552,2.033449172973633
Qwen_Qwen3-4B,4B,4.0,exp_c,think,gsm8k_test_000514,think,canonical,,True,answer_segment,think_answer,6,exp_c_segment_sample,64,64,2.8834132671356203,12.582585602998734,2.9583864212036133,44.328529357910156,92.53424311463772,12.41407617690071,0.0,-6.347432033603024,-4.02514773607254,4.099321365356445
Qwen_Qwen3-4B,4B,4.0,exp_c,think,gsm8k_test_000514,think,canonical,,True,answer_segment,think_answer,13,exp_c_segment_sample,64,64,4.469035816192627,12.122397355735302,4.109973907470703,38.008567810058594,38.997901979374234,12.034334742833698,0.03125,-6.245307664000087,-4.931527942419052,-0.262786865234375
Qwen_Qwen3-4B,4B,4.0,exp_c,think,gsm8k_test_000514,think,canonical,,True,answer_segment,think_answer,20,exp_c_segment_sample,64,64,5.961378192901611,11.642983250319958,4.510314464569092,44.28313446044922,30.654020122134575,11.597241817958773,0.0625,-5.8139330678261345,-3.5998629331588745,1.3220367431640625
Qwen_Qwen3-4B,4B,4.0,exp_c,think,gsm8k_test_000514,think,canonical,,True,thinking_segment,thinking,6,exp_c_segment_sample,228,228,2.8834132671356203,13.880922412140327,1.4086229801177979,109.91192626953125,293.29554613034514,13.852468543640835,0.20614035087719298,-15.751411659159752,-9.904474402728834,4.099321365356445
Qwen_Qwen3-4B,4B,4.0,exp_c,think,gsm8k_test_000514,think,canonical,,True,thinking_segment,thinking,13,exp_c_segment_sample,228,228,4.469035816192627,11.610229591528574,2.131852388381958,42.05544662475586,53.587878085308084,11.59034872160084,0.11842105263157894,-6.029449785722862,-4.216135853215269,-0.262786865234375
Qwen_Qwen3-4B,4B,4.0,exp_c,think,gsm8k_test_000514,think,canonical,,True,thinking_segment,thinking,20,exp_c_segment_sample,228,228,5.961378192901611,12.08832012979608,3.8848633766174316,36.07561111450195,31.022191454093953,12.063601140933942,0.10526315789473684,-4.9108378188524116,-3.72798974890458,1.3220367431640625
Qwen_Qwen3-4B,4B,4.0,exp_c,think,gsm8k_test_000560,think,canonical,,True,answer_segment,think_answer,6,exp_c_segment_sample,47,47,2.8834132671356203,13.141382359443828,4.573387622833252,40.021915435791016,60.50491953737456,12.866329628488293,0.0,-8.162851516236648,-6.521976709365845,-23.15570831298828
Qwen_Qwen3-4B,4B,4.0,exp_c,think,gsm8k_test_000560,think,canonical,,True,answer_segment,think_answer,13,exp_c_segment_sample,47,47,4.469035816192627,12.081921303525885,5.034303665161133,34.082984924316406,41.9886079128318,11.983134186786156,0.0,-8.267159690248203,-6.7474571863810215,2.5617504119873047
Qwen_Qwen3-4B,4B,4.0,exp_c,think,gsm8k_test_000560,think,canonical,,True,answer_segment,think_answer,20,exp_c_segment_sample,47,47,5.961378192901611,10.593664057711338,5.908420562744141,18.064176559448242,8.210481497727658,10.4570123527361,0.02127659574468085,-2.2832297949080784,-2.1106344858805333,-0.02306842803955078
Qwen_Qwen3-4B,4B,4.0,exp_c,think,gsm8k_test_000560,think,canonical,,True,thinking_segment,thinking,6,exp_c_segment_sample,245,245,2.8834132671356203,12.72045851775578,1.8582673072814941,104.0416488647461,290.37764303826333,12.690864497032319,0.11428571428571428,-9.448100343327319,-6.363704058431811,-23.15570831298828
Qwen_Qwen3-4B,4B,4.0,exp_c,think,gsm8k_test_000560,think,canonical,,True,thinking_segment,thinking,13,exp_c_segment_sample,245,245,4.469035816192627,10.331664782154316,1.804472804069519,41.12934875488281,53.35725245305965,10.302948336132237,0.1306122448979592,-6.559340594763072,-4.15002053976059,2.5617504119873047
Qwen_Qwen3-4B,4B,4.0,exp_c,think,gsm8k_test_000560,think,canonical,,True,thinking_segment,thinking,20,exp_c_segment_sample,245,245,5.961378192901611,10.276076438475629,3.2829349040985107,42.607784271240234,25.001852614688374,10.243943074687582,0.17142857142857143,-3.456853018666225,-2.5050286054611206,-0.02306842803955078
Qwen_Qwen3-4B,4B,4.0,exp_c,think,gsm8k_test_000595,think,canonical,,True,answer_segment,think_answer,6,exp_c_segment_sample,44,44,2.8834132671356203,12.16448391567577,3.6929149627685547,28.437082290649414,40.34673242473786,12.018306654553081,0.0,-6.482061417897556,-5.164078799161045,-21.052196502685547
Qwen_Qwen3-4B,4B,4.0,exp_c,think,gsm8k_test_000595,think,canonical,,True,answer_segment,think_answer,13,exp_c_segment_sample,44,44,4.469035816192627,12.955117431553928,4.517706871032715,28.76422119140625,28.921195045505307,12.96209195602772,0.0,-7.909973157535896,-6.883326227014713,-0.7793941497802734
Qwen_Qwen3-4B,4B,4.0,exp_c,think,gsm8k_test_000595,think,canonical,,True,answer_segment,think_answer,20,exp_c_segment_sample,44,44,5.961378192901611,12.33137658509341,5.263926029205322,24.326953887939453,17.34260420810402,12.200061409972436,0.022727272727272728,-3.2807617462042566,-3.4173054695129395,0.7922611236572266
Qwen_Qwen3-4B,4B,4.0,exp_c,think,gsm8k_test_000595,think,canonical,,True,thinking_segment,thinking,6,exp_c_segment_sample,218,218,2.8834132671356203,14.101606601421986,1.3773858547210693,90.09536743164062,289.21387628008995,14.06720740729215,0.0779816513761468,-0.6511865995690386,-1.6159937403418798,-21.052196502685547
Qwen_Qwen3-4B,4B,4.0,exp_c,think,gsm8k_test_000595,think,canonical,,True,thinking_segment,thinking,13,exp_c_segment_sample,218,218,4.469035816192627,11.286668404526667,2.897587299346924,46.924224853515625,66.68763028375886,11.248373430445453,0.0963302752293578,-4.012070466364325,-3.543923915516247,-0.7793941497802734
Qwen_Qwen3-4B,4B,4.0,exp_c,think,gsm8k_test_000595,think,canonical,,True,thinking_segment,thinking,20,exp_c_segment_sample,218,218,5.961378192901611,42.47495156690615,4.031121730804443,6691.57763671875,203769.92321368045,42.587891536923465,0.09174311926605505,163.1616597372158,119.71234819238836,0.7922611236572266
Qwen_Qwen3-4B,4B,4.0,exp_c,think,gsm8k_test_000795,think,canonical,,True,answer_segment,think_answer,6,exp_c_segment_sample,52,52,2.8834132671356203,13.111883736573732,3.8122966289520264,45.143375396728516,102.128055799255,12.91571763450024,0.0,-1.1058463581414646,1.5451703254993152,4.774645805358887
Qwen_Qwen3-4B,4B,4.0,exp_c,think,gsm8k_test_000795,think,canonical,,True,answer_segment,think_answer,13,exp_c_segment_sample,52,52,4.469035816192627,11.79007366987375,4.328369140625,29.104000091552734,28.765104984188444,11.749760029362697,0.019230769230769232,-2.7753301234307597,-0.73545870414147,0.37489891052246094
Qwen_Qwen3-4B,4B,4.0,exp_c,think,gsm8k_test_000795,think,canonical,,True,answer_segment,think_answer,20,exp_c_segment_sample,52,52,5.961378192901611,10.996357019131,5.588265419006348,22.97663688659668,16.598852702219435,10.828951947829305,0.019230769230769232,-2.1764282633500294,-0.05990039385282131,1.0136709213256836
Qwen_Qwen3-4B,4B,4.0,exp_c,think,gsm8k_test_000795,think,canonical,,True,thinking_segment,thinking,6,exp_c_segment_sample,132,132,2.8834132671356203,17.014733401211824,2.2442989349365234,139.32200622558594,417.3807616446285,17.00919669639064,0.030303030303030304,-16.38551462601084,-14.938690301143762,4.774645805358887
Qwen_Qwen3-4B,4B,4.0,exp_c,think,gsm8k_test_000795,think,canonical,,True,thinking_segment,thinking,13,exp_c_segment_sample,132,132,4.469035816192627,11.119124445048245,2.5477466583251953,28.298648834228516,34.7564381320207,11.099826914663534,0.06060606060606061,-5.773072378487107,-4.85232153083339,0.37489891052246094
Qwen_Qwen3-4B,4B,4.0,exp_c,think,gsm8k_test_000795,think,canonical,,True,thinking_segment,thinking,20,exp_c_segment_sample,132,132,5.961378192901611,11.68326904556968,4.5719780921936035,44.941768646240234,31.299400534626088,11.663592152923119,0.08333333333333333,-2.7701779858999225,-2.305077047059031,1.0136709213256836
Qwen_Qwen3-4B,4B,4.0,exp_c,think,gsm8k_test_000900,think,canonical,,True,answer_segment,think_answer,6,exp_c_segment_sample,42,42,2.8834132671356203,10.167666662307013,3.1316850185394287,28.136690139770508,36.49572167955005,9.951792577417887,0.0,-1.7810668074015437,-2.344622655348344,3.542369842529297
Qwen_Qwen3-4B,4B,4.0,exp_c,think,gsm8k_test_000900,think,canonical,,True,answer_segment,think_answer,13,exp_c_segment_sample,42,42,4.469035816192627,11.890848585537501,3.5696792602539062,26.487974166870117,31.890115387471713,11.794605923861994,0.09523809523809523,-5.711259613005438,-5.772232965989547,0.5020914077758789
Qwen_Qwen3-4B,4B,4.0,exp_c,think,gsm8k_test_000900,think,canonical,,True,answer_segment,think_answer,20,exp_c_segment_sample,42,42,5.961378192901611,11.206192567234947,3.893646478652954,25.41057014465332,21.555115511120352,11.081644773483276,0.047619047619047616,-3.654675289641981,-3.0723998980088663,2.6175479888916016
Qwen_Qwen3-4B,4B,4.0,exp_c,think,gsm8k_test_000900,think,canonical,,True,thinking_segment,thinking,6,exp_c_segment_sample,244,244,2.8834132671356203,13.695578275156803,1.5954986810684204,113.87568664550781,427.71133933834017,13.662987682554446,0.1680327868852459,-1.8908154294976465,-4.571710694031639,3.542369842529297
Qwen_Qwen3-4B,4B,4.0,exp_c,think,gsm8k_test_000900,think,canonical,,True,thinking_segment,thinking,13,exp_c_segment_sample,244,244,4.469035816192627,11.104642932532263,2.411620616912842,96.85809326171875,121.74659672799791,11.07079342461417,0.16393442622950818,-4.206452404754769,-3.18447639121384,0.5020914077758789
Qwen_Qwen3-4B,4B,4.0,exp_c,think,gsm8k_test_000900,think,canonical,,True,thinking_segment,thinking,20,exp_c_segment_sample,244,244,5.961378192901611,12.15280062253358,4.072284698486328,70.06877136230469,52.922425484735435,12.128588637206779,0.06147540983606557,-6.076371806136099,-4.827382111158526,2.6175479888916016
Qwen_Qwen3-4B,4B,4.0,exp_c,think,gsm8k_test_000917,think,canonical,,True,answer_segment,think_answer,6,exp_c_segment_sample,38,38,2.8834132671356203,13.90959107875824,2.3875603675842285,42.29905319213867,115.74165419980064,13.602032719431696,0.07894736842105263,-5.5831851022928936,-4.51657633781433,10.01866340637207
Qwen_Qwen3-4B,4B,4.0,exp_c,think,gsm8k_test_000917,think,canonical,,True,answer_segment,think_answer,13,exp_c_segment_sample,38,38,4.469035816192627,13.889791984307138,3.584907293319702,41.787601470947266,89.95910427428674,13.808227957905949,0.05263157894736842,-12.899653704060238,-11.463296318054201,13.071512222290039
Qwen_Qwen3-4B,4B,4.0,exp_c,think,gsm8k_test_000917,think,canonical,,True,answer_segment,think_answer,20,exp_c_segment_sample,38,38,5.961378192901611,11.37460302051745,5.294684886932373,20.405254364013672,18.57141468957278,11.146732820046914,0.13157894736842105,-6.4655772452412466,-5.605976963043213,4.134893417358398
Qwen_Qwen3-4B,4B,4.0,exp_c,think,gsm8k_test_000917,think,canonical,,True,thinking_segment,thinking,6,exp_c_segment_sample,156,156,2.8834132671356203,16.79581195116043,2.889981508255005,79.82776641845703,295.28716945518624,16.779645506028203,0.0,-12.068260880850634,-10.84290296603472,10.01866340637207
Qwen_Qwen3-4B,4B,4.0,exp_c,think,gsm8k_test_000917,think,canonical,,True,thinking_segment,thinking,13,exp_c_segment_sample,156,156,4.469035816192627,11.675492787972475,3.6830246448516846,47.48604202270508,62.97575891818416,11.645959706460276,0.05128205128205128,-6.45404772686059,-5.677009613086016,13.071512222290039
Qwen_Qwen3-4B,4B,4.0,exp_c,think,gsm8k_test_000917,think,canonical,,True,thinking_segment,thinking,20,exp_c_segment_sample,156,156,5.961378192901611,11.801882858459766,3.5251970291137695,34.747108459472656,37.833973870782394,11.772756082780898,0.08974358974358974,-4.7716911006709815,-4.4963603631044045,4.134893417358398
Qwen_Qwen3-4B,4B,4.0,exp_c,think,gsm8k_test_000977,think,canonical,,True,answer_segment,think_answer,6,exp_c_segment_sample,46,46,2.8834132671356203,10.82269723519035,2.8560707569122314,26.246904373168945,37.03447972717846,10.722329150305855,0.043478260869565216,-5.588121166723283,-5.359106024106342,-22.153554916381836
Qwen_Qwen3-4B,4B,4.0,exp_c,think,gsm8k_test_000977,think,canonical,,True,answer_segment,think_answer,13,exp_c_segment_sample,46,46,4.469035816192627,11.67229936433875,4.995913982391357,22.36159896850586,22.787585735255778,11.62928836610582,0.0,-6.687679109917423,-6.442657748858133,-0.8128023147583008
Qwen_Qwen3-4B,4B,4.0,exp_c,think,gsm8k_test_000977,think,canonical,,True,answer_segment,think_answer,20,exp_c_segment_sample,46,46,5.961378192901611,12.666687706242437,4.879859447479248,29.54056739807129,18.09209539446272,12.59727095497979,0.06521739130434782,-6.441506949097447,-5.468656261761984,0.03156280517578125
Qwen_Qwen3-4B,4B,4.0,exp_c,think,gsm8k_test_000977,think,canonical,,True,thinking_segment,thinking,6,exp_c_segment_sample,166,166,2.8834132671356203,14.873755801154907,2.326808452606201,78.92676544189453,334.0532423879452,14.84291807954962,0.060240963855421686,-10.7293647129241,-6.564061528160456,-22.153554916381836
Qwen_Qwen3-4B,4B,4.0,exp_c,think,gsm8k_test_000977,think,canonical,,True,thinking_segment,thinking,13,exp_c_segment_sample,166,166,4.469035816192627,11.149065313569034,3.6277005672454834,64.63308715820312,71.78148648634514,11.121922796422787,0.0963855421686747,-5.035658897289535,-3.2517630826859243,-0.8128023147583008
Qwen_Qwen3-4B,4B,4.0,exp_c,think,gsm8k_test_000977,think,canonical,,True,thinking_segment,thinking,20,exp_c_segment_sample,166,166,5.961378192901611,11.325275010373218,5.25090217590332,36.44723892211914,26.321188637616707,11.307763382882786,0.07228915662650602,-2.7034213537261964,-1.6251750105903273,0.03156280517578125
Qwen_Qwen3-4B,4B,4.0,exp_c,think,gsm8k_test_001009,think,canonical,,True,answer_segment,think_answer,6,exp_c_segment_sample,71,71,2.8834132671356203,10.760880765780596,2.0089528560638428,53.12735366821289,95.0152449605474,10.442967878069195,0.18309859154929578,-5.371287110825682,-4.658716599146526,6.946048736572266
Qwen_Qwen3-4B,4B,4.0,exp_c,think,gsm8k_test_001009,think,canonical,,True,answer_segment,think_answer,13,exp_c_segment_sample,71,71,4.469035816192627,10.603258596339696,3.648738384246826,27.676074981689453,35.59627796043739,10.423851115362986,0.09859154929577464,-7.245816211745217,-6.114345735973782,4.097288131713867
Qwen_Qwen3-4B,4B,4.0,exp_c,think,gsm8k_test_001009,think,canonical,,True,answer_segment,think_answer,20,exp_c_segment_sample,71,71,5.961378192901611,10.257205459433543,4.901916027069092,31.99907684326172,18.45705328617738,10.02015198980059,0.07042253521126761,-2.9090754101533824,-2.664384762446087,0.889155387878418
Qwen_Qwen3-4B,4B,4.0,exp_c,think,gsm8k_test_001009,think,canonical,,True,thinking_segment,thinking,6,exp_c_segment_sample,251,251,2.8834132671356203,11.636535145372033,1.4909682273864746,150.538330078125,345.98810346124833,11.602166647434238,0.199203187250996,-21.06102334928345,-15.283019828417945,6.946048736572266
Qwen_Qwen3-4B,4B,4.0,exp_c,think,gsm8k_test_001009,think,canonical,,True,thinking_segment,thinking,13,exp_c_segment_sample,251,251,4.469035816192627,10.24846890533113,3.06078839302063,44.60346603393555,65.57459782826427,10.217112809181215,0.16334661354581673,-9.546156485513608,-7.131326554313539,4.097288131713867
Qwen_Qwen3-4B,4B,4.0,exp_c,think,gsm8k_test_001009,think,canonical,,True,thinking_segment,thinking,20,exp_c_segment_sample,251,251,5.961378192901611,26.676069831468194,4.432261943817139,4017.55224609375,63731.910576200346,26.709986291885397,0.08764940239043825,46.10344460729268,61.370710834624276,0.889155387878418
Qwen_Qwen3-4B,4B,4.0,exp_c,think,gsm8k_test_001017,think,canonical,,True,answer_segment,think_answer,6,exp_c_segment_sample,53,53,2.8834132671356203,12.287516351016063,3.928335189819336,50.058189392089844,70.92486996847555,12.125052800545326,0.0,-2.5202295275354225,-2.0035342488970063,-15.003446578979492
Qwen_Qwen3-4B,4B,4.0,exp_c,think,gsm8k_test_001017,think,canonical,,True,answer_segment,think_answer,13,exp_c_segment_sample,53,53,4.469035816192627,12.656294768711305,5.224132537841797,43.06281280517578,45.49818651391067,12.622880715590258,0.0,-5.012043159212944,-3.433777979442052,0.13117218017578125
Qwen_Qwen3-4B,4B,4.0,exp_c,think,gsm8k_test_001017,think,canonical,,True,answer_segment,think_answer,20,exp_c_segment_sample,53,53,5.961378192901611,12.50343536880781,6.0059404373168945,31.86066246032715,20.860488798975982,12.372016264842108,0.0,-2.574767598566009,-1.8926841531481067,6.010781288146973
Qwen_Qwen3-4B,4B,4.0,exp_c,think,gsm8k_test_001017,think,canonical,,True,thinking_segment,thinking,6,exp_c_segment_sample,138,138,2.8834132671356203,15.658268672832545,2.4150593280792236,87.90267181396484,285.681731192567,15.632513443048854,0.028985507246376812,-7.409984926301937,-2.424296780994961,-15.003446578979492
Qwen_Qwen3-4B,4B,4.0,exp_c,think,gsm8k_test_001017,think,canonical,,True,thinking_segment,thinking,13,exp_c_segment_sample,138,138,4.469035816192627,12.785819050194561,4.766254425048828,47.50910186767578,61.8874312240167,12.762320483688022,0.0,-7.129139077935645,-4.473421042306084,0.13117218017578125
Qwen_Qwen3-4B,4B,4.0,exp_c,think,gsm8k_test_001017,think,canonical,,True,thinking_segment,thinking,20,exp_c_segment_sample,138,138,5.961378192901611,12.09331674506699,4.207420349121094,37.94258117675781,31.61657009316039,12.06183034312116,0.057971014492753624,-4.504594221016696,-3.1288015501839777,6.010781288146973
Qwen_Qwen3-4B,4B,4.0,exp_c,think,gsm8k_test_001082,think,canonical,,False,answer_segment,think_answer,6,exp_c_segment_sample,44,44,2.8834132671356203,14.0315352732485,3.1677145957946777,40.66903305053711,84.42939374798684,13.812147035155183,0.0,-5.357033893556307,-5.3651651035655625,6.0124077796936035
Qwen_Qwen3-4B,4B,4.0,exp_c,think,gsm8k_test_001082,think,canonical,,False,answer_segment,think_answer,13,exp_c_segment_sample,44,44,4.469035816192627,11.863824183290655,4.455401420593262,28.478496551513672,21.818813325696834,11.837341674538546,0.022727272727272728,-1.8664744189291318,-3.269040194424715,-0.7735681533813477
Qwen_Qwen3-4B,4B,4.0,exp_c,think,gsm8k_test_001082,think,canonical,,False,answer_segment,think_answer,20,exp_c_segment_sample,44,44,5.961378192901611,11.700301040302623,5.903572082519531,26.579126358032227,14.320226821025408,11.66384479611419,0.022727272727272728,-1.2781258005084446,-2.5281218615445216,0.6801252365112305
Qwen_Qwen3-4B,4B,4.0,exp_c,think,gsm8k_test_001082,think,canonical,,False,thinking_segment,thinking,6,exp_c_segment_sample,256,256,2.8834132671356203,14.22974070138298,0.9745717644691467,129.06939697265625,588.4039349925918,14.111549567641804,0.34765625,-16.89572455656889,-13.416390080936253,6.0124077796936035
Qwen_Qwen3-4B,4B,4.0,exp_c,think,gsm8k_test_001082,think,canonical,,False,thinking_segment,thinking,13,exp_c_segment_sample,256,256,4.469035816192627,10.270591004751623,1.5764384269714355,65.18072509765625,146.1417395110367,10.153115563457707,0.41015625,-6.308760313838751,-5.018833387643099,-0.7735681533813477
Qwen_Qwen3-4B,4B,4.0,exp_c,think,gsm8k_test_001082,think,canonical,,False,thinking_segment,thinking,20,exp_c_segment_sample,256,256,5.961378192901611,35.00375850684941,1.8813683986663818,6289.66796875,153530.29561299965,34.8182521677389,0.44140625,-23.74427521016293,-5.334048317745328,0.6801252365112305
Qwen_Qwen3-4B,4B,4.0,exp_c,think,gsm8k_test_001088,think,canonical,,False,answer_segment,think_answer,6,exp_c_segment_sample,80,80,2.8834132671356203,21.52238197475672,1.7538459300994873,171.05224609375,885.3128108249144,20.55669077287746,0.075,-10.41350188487104,-12.193601250648499,16.03995132446289
Qwen_Qwen3-4B,4B,4.0,exp_c,think,gsm8k_test_001088,think,canonical,,False,answer_segment,think_answer,13,exp_c_segment_sample,80,80,4.469035816192627,11.524290230870246,2.910482168197632,50.24248504638672,62.91036116240339,11.464997318726553,0.0625,-10.068838588617467,-8.114076280593874,4.962791442871094
Qwen_Qwen3-4B,4B,4.0,exp_c,think,gsm8k_test_001088,think,canonical,,False,answer_segment,think_answer,20,exp_c_segment_sample,80,80,5.961378192901611,10.718783968687058,4.3031134605407715,37.63428497314453,25.794846231669133,10.500812367547915,0.075,-2.626460082884185,-2.666929841041565,-3.390157699584961
Qwen_Qwen3-4B,4B,4.0,exp_c,think,gsm8k_test_001088,think,canonical,,False,thinking_segment,thinking,6,exp_c_segment_sample,256,256,2.8834132671356203,12.151973056141287,1.1262757778167725,119.60746765136719,289.4218813480455,12.152907757034079,0.20703125,-7.080287995811411,-5.392444776371121,16.03995132446289
Qwen_Qwen3-4B,4B,4.0,exp_c,think,gsm8k_test_001088,think,canonical,,False,thinking_segment,thinking,13,exp_c_segment_sample,256,256,4.469035816192627,12.137628611177206,1.6198716163635254,121.04559326171875,181.41370491904362,12.086752776281642,0.2265625,-2.2973247940061188,-0.7719674315303564,4.962791442871094
Qwen_Qwen3-4B,4B,4.0,exp_c,think,gsm8k_test_001088,think,canonical,,False,thinking_segment,thinking,20,exp_c_segment_sample,256,256,5.961378192901611,12.042028514668345,2.3297295570373535,59.49649429321289,71.40041549019618,12.018167625393785,0.22265625,-1.73074878338481,-1.518898393958807,-3.390157699584961
Qwen_Qwen3-4B,4B,4.0,exp_c,think,gsm8k_test_001108,think,canonical,,True,answer_segment,think_answer,6,exp_c_segment_sample,43,43,2.8834132671356203,16.37829419069512,3.3040614128112793,60.7645149230957,168.0172683503987,16.2610445022583,0.0,-13.169420992345193,-5.688500187613748,-3.265939712524414
Qwen_Qwen3-4B,4B,4.0,exp_c,think,gsm8k_test_001108,think,canonical,,True,answer_segment,think_answer,13,exp_c_segment_sample,43,43,4.469035816192627,13.102650243182515,4.337868690490723,31.622894287109375,46.57599007384421,13.03994527317229,0.023255813953488372,-4.898147015440541,-0.6888934915715996,1.2380428314208984
Qwen_Qwen3-4B,4B,4.0,exp_c,think,gsm8k_test_001108,think,canonical,,True,answer_segment,think_answer,20,exp_c_segment_sample,43,43,5.961378192901611,11.276965462884238,6.303618907928467,24.302120208740234,13.755828654051,11.05553139959063,0.0,-2.402111450663083,-0.3606147766113281,2.162080764770508
Qwen_Qwen3-4B,4B,4.0,exp_c,think,gsm8k_test_001108,think,canonical,,True,thinking_segment,thinking,6,exp_c_segment_sample,137,137,2.8834132671356203,20.927836839300003,2.5792083740234375,116.43036651611328,536.0499043670065,20.942752105348255,0.058394160583941604,-20.477944949739374,-16.441686194283623,-3.265939712524414
Qwen_Qwen3-4B,4B,4.0,exp_c,think,gsm8k_test_001108,think,canonical,,True,thinking_segment,thinking,13,exp_c_segment_sample,137,137,4.469035816192627,12.858937877808174,3.2248480319976807,45.61350631713867,80.13109137420305,12.838613487341826,0.0948905109489051,-11.059680257135652,-8.798665073939734,1.2380428314208984
Qwen_Qwen3-4B,4B,4.0,exp_c,think,gsm8k_test_001108,think,canonical,,True,thinking_segment,thinking,20,exp_c_segment_sample,137,137,5.961378192901611,11.850309733926816,4.498312950134277,49.6093864440918,39.13814002285365,11.79275588428273,0.06569343065693431,-8.049376001663727,-6.143218476431711,2.162080764770508
Qwen_Qwen3-4B,4B,4.0,exp_c,think,gsm8k_test_001136,think,canonical,,True,answer_segment,think_answer,6,exp_c_segment_sample,58,58,2.8834132671356203,16.19599651468211,2.5072250366210938,126.78366088867188,347.79597901437495,15.956862156851251,0.034482758620689655,-13.590677354156048,-13.51083106994629,13.024703025817871
Qwen_Qwen3-4B,4B,4.0,exp_c,think,gsm8k_test_001136,think,canonical,,True,answer_segment,think_answer,13,exp_c_segment_sample,58,58,4.469035816192627,12.982876284369107,4.3851494789123535,42.090858459472656,69.31173623194475,12.885044482716342,0.017241379310344827,-10.680806918565048,-9.081561024983724,12.51050853729248
Qwen_Qwen3-4B,4B,4.0,exp_c,think,gsm8k_test_001136,think,canonical,,True,answer_segment,think_answer,20,exp_c_segment_sample,58,58,5.961378192901611,11.619786936661292,5.745114803314209,23.30081558227539,14.65763802765865,11.449475756862709,0.034482758620689655,-2.0852443933626224,-1.6791608174641937,3.884868621826172
Qwen_Qwen3-4B,4B,4.0,exp_c,think,gsm8k_test_001136,think,canonical,,True,thinking_segment,thinking,6,exp_c_segment_sample,226,226,2.8834132671356203,13.307632266947653,2.21317720413208,313.6882019042969,602.9888625770184,13.277658286624483,0.06637168141592921,-8.402781669654182,-9.999248228575054,13.024703025817871
Qwen_Qwen3-4B,4B,4.0,exp_c,think,gsm8k_test_001136,think,canonical,,True,thinking_segment,thinking,13,exp_c_segment_sample,226,226,4.469035816192627,10.158883918703129,3.0031113624572754,53.21662902832031,57.42289018372049,10.12670787917243,0.11061946902654868,-4.65745828791272,-4.467569004025377,12.51050853729248
Qwen_Qwen3-4B,4B,4.0,exp_c,think,gsm8k_test_001136,think,canonical,,True,thinking_segment,thinking,20,exp_c_segment_sample,226,226,5.961378192901611,10.55595440991157,4.095264434814453,41.62078094482422,27.539215865294512,10.520017399258084,0.1592920353982301,-4.111923841113811,-3.5133836729484695,3.884868621826172
Qwen_Qwen3-4B,4B,4.0,exp_c,think,gsm8k_test_001164,think,canonical,,True,answer_segment,think_answer,6,exp_c_segment_sample,57,57,2.8834132671356203,10.693953664679276,2.589393138885498,53.18968963623047,97.03525265849748,10.419984732355392,0.05263157894736842,-7.746413110604961,-6.61894302368164,-37.2598876953125
Qwen_Qwen3-4B,4B,4.0,exp_c,think,gsm8k_test_001164,think,canonical,,True,answer_segment,think_answer,13,exp_c_segment_sample,57,57,4.469035816192627,10.657492654365406,4.575916767120361,31.81683921813965,30.48894736227258,10.575478809220451,0.0,-6.447396428961521,-4.743607012430827,-2.9929733276367188
Qwen_Qwen3-4B,4B,4.0,exp_c,think,gsm8k_test_001164,think,canonical,,True,answer_segment,think_answer,20,exp_c_segment_sample,57,57,5.961378192901611,10.941410667017886,5.433187007904053,28.28395652770996,19.871760406994014,10.871264278888702,0.017543859649122806,-5.135277185595845,-4.3640975634257,-2.3500823974609375
Qwen_Qwen3-4B,4B,4.0,exp_c,think,gsm8k_test_001164,think,canonical,,True,thinking_segment,thinking,6,exp_c_segment_sample,256,256,2.8834132671356203,17.119140083901584,2.1993165016174316,130.0419921875,465.7479478452324,17.203140516604407,0.0234375,-9.190906751521968,-7.217923529446125,-37.2598876953125
Qwen_Qwen3-4B,4B,4.0,exp_c,think,gsm8k_test_001164,think,canonical,,True,thinking_segment,thinking,13,exp_c_segment_sample,256,256,4.469035816192627,12.24257089663297,3.1781680583953857,45.212791442871094,68.49431438522123,12.24392422821562,0.0625,-5.735793219768474,-4.357020024210215,-2.9929733276367188
Qwen_Qwen3-4B,4B,4.0,exp_c,think,gsm8k_test_001164,think,canonical,,True,thinking_segment,thinking,20,exp_c_segment_sample,256,256,5.961378192901611,25.102561376988888,4.335333824157715,3437.44189453125,45697.42214835133,29.158522044198094,0.0625,50.73191859021119,50.61046504229307,-2.3500823974609375
Qwen_Qwen3-4B,4B,4.0,exp_c,think,gsm8k_test_001181,think,canonical,,True,answer_segment,think_answer,6,exp_c_segment_sample,60,60,2.8834132671356203,15.079689637819927,3.562502145767212,84.73194122314453,201.1012698986763,14.84463471881414,0.0,-1.2163108669343432,1.8017892837524414,-4.210788726806641
Qwen_Qwen3-4B,4B,4.0,exp_c,think,gsm8k_test_001181,think,canonical,,True,answer_segment,think_answer,13,exp_c_segment_sample,60,60,4.469035816192627,11.594219672679902,3.7762491703033447,22.748254776000977,22.14490555500959,11.540834333937047,0.03333333333333333,-0.7764812285782808,0.310531059900919,-4.966731071472168
Qwen_Qwen3-4B,4B,4.0,exp_c,think,gsm8k_test_001181,think,canonical,,True,answer_segment,think_answer,20,exp_c_segment_sample,60,60,5.961378192901611,10.806673590342204,4.8499040603637695,22.385225296020508,10.631225171254744,10.664717536861613,0.03333333333333333,-0.8077813461178616,0.0008192698160804923,-0.15194129943847656
Qwen_Qwen3-4B,4B,4.0,exp_c,think,gsm8k_test_001181,think,canonical,,True,thinking_segment,thinking,6,exp_c_segment_sample,256,256,2.8834132671356203,18.300021214876324,1.1381539106369019,195.80227661132812,953.3833826952218,18.302867692684934,0.22265625,0.05390520159761541,-0.7098394173842202,-4.210788726806641
Qwen_Qwen3-4B,4B,4.0,exp_c,think,gsm8k_test_001181,think,canonical,,True,thinking_segment,thinking,13,exp_c_segment_sample,256,256,4.469035816192627,12.868852759711444,2.2059671878814697,94.81828308105469,156.71319965031998,12.920805800826319,0.17578125,0.14623762857084066,-1.3706611303182754,-4.966731071472168
Qwen_Qwen3-4B,4B,4.0,exp_c,think,gsm8k_test_001181,think,canonical,,True,thinking_segment,thinking,20,exp_c_segment_sample,256,256,5.961378192901611,12.71396600548178,3.227905511856079,52.6419792175293,60.59343247958165,12.710764094706505,0.1484375,2.1548074318119923,0.5829149062816921,-0.15194129943847656
Qwen_Qwen3-4B,4B,4.0,exp_c,think,gsm8k_test_001182,think,canonical,,True,answer_segment,think_answer,6,exp_c_segment_sample,57,57,2.8834132671356203,11.953712120390774,3.2938830852508545,43.31758117675781,77.90047127217346,11.680997933660237,0.0,-4.071826542786815,-3.599740107854206,4.536350250244141
Qwen_Qwen3-4B,4B,4.0,exp_c,think,gsm8k_test_001182,think,canonical,,True,answer_segment,think_answer,13,exp_c_segment_sample,57,57,4.469035816192627,11.633232903062252,4.98276948928833,43.8210563659668,38.654794195771004,11.550270412649429,0.0,-5.915081979575048,-5.464012336730958,4.826192855834961
Qwen_Qwen3-4B,4B,4.0,exp_c,think,gsm8k_test_001182,think,canonical,,True,answer_segment,think_answer,20,exp_c_segment_sample,57,57,5.961378192901611,10.951258023579916,5.930058002471924,22.06969451904297,10.128455351491821,10.797527824129379,0.017543859649122806,-1.3876529163976754,-1.203474871317546,3.0824966430664062
Qwen_Qwen3-4B,4B,4.0,exp_c,think,gsm8k_test_001182,think,canonical,,True,thinking_segment,thinking,6,exp_c_segment_sample,256,256,2.8834132671356203,13.787408642936498,1.9250370264053345,109.64239501953125,333.644838153725,13.854453547472183,0.14453125,-12.618703782970558,-10.11967290006578,4.536350250244141
Qwen_Qwen3-4B,4B,4.0,exp_c,think,gsm8k_test_001182,think,canonical,,True,thinking_segment,thinking,13,exp_c_segment_sample,256,256,4.469035816192627,11.026653374545276,3.0713179111480713,58.1256103515625,54.81733110964636,11.064268938607952,0.1015625,-6.8793752425861365,-4.78136695548892,4.826192855834961
Qwen_Qwen3-4B,4B,4.0,exp_c,think,gsm8k_test_001182,think,canonical,,True,thinking_segment,thinking,20,exp_c_segment_sample,256,256,5.961378192901611,12.608357829973102,3.6596198081970215,38.82195281982422,46.43510772704269,12.682078729673876,0.1171875,-6.745611681089783,-3.9624000936746597,3.0824966430664062
Qwen_Qwen3-4B,4B,4.0,exp_c,think,gsm8k_test_001208,think,canonical,,True,answer_segment,think_answer,6,exp_c_segment_sample,50,50,2.8834132671356203,14.85684302330017,3.969356060028076,67.27484893798828,170.20312519573702,14.60702838703078,0.0,-0.6368868177077386,2.4799522253183213,-1.5882110595703125
Qwen_Qwen3-4B,4B,4.0,exp_c,think,gsm8k_test_001208,think,canonical,,True,answer_segment,think_answer,13,exp_c_segment_sample,50,50,4.469035816192627,12.597968149185181,4.764037132263184,28.306549072265625,43.1090582191347,12.527604268521682,0.0,-3.1622932826771457,-0.08350412662212747,-0.9595127105712891
Qwen_Qwen3-4B,4B,4.0,exp_c,think,gsm8k_test_001208,think,canonical,,True,answer_segment,think_answer,20,exp_c_segment_sample,50,50,5.961378192901611,11.308468046188354,5.716351509094238,21.88416290283203,14.501873568241898,11.11759733667179,0.04,-1.5368038435543283,-0.21916173054621702,3.8156328201293945
Qwen_Qwen3-4B,4B,4.0,exp_c,think,gsm8k_test_001208,think,canonical,,True,thinking_segment,thinking,6,exp_c_segment_sample,256,256,2.8834132671356203,11.960916430689394,1.3027437925338745,115.75688171386719,327.3493913873604,11.730056191767972,0.203125,-11.230431982015544,-5.056318714068485,-1.5882110595703125
Qwen_Qwen3-4B,4B,4.0,exp_c,think,gsm8k_test_001208,think,canonical,,True,thinking_segment,thinking,13,exp_c_segment_sample,256,256,4.469035816192627,10.651519554201514,1.8674370050430298,65.76244354248047,85.99655195210255,10.620586399095401,0.23046875,-7.6584354883385295,-4.3268923612741315,-0.9595127105712891
Qwen_Qwen3-4B,4B,4.0,exp_c,think,gsm8k_test_001208,think,canonical,,True,thinking_segment,thinking,20,exp_c_segment_sample,256,256,5.961378192901611,10.502147609367967,2.4643805027008057,53.24407958984375,47.234560967563155,10.54096041449479,0.23046875,-2.417548761045808,-0.8381023663740894,3.8156328201293945
Qwen_Qwen3-4B,4B,4.0,exp_c,think,gsm8k_test_001221,think,canonical,,True,answer_segment,think_answer,6,exp_c_segment_sample,55,55,2.8834132671356203,12.142071138728749,3.621450424194336,36.96858596801758,73.65920072130102,11.94776380945135,0.0,-2.3125803383913803,0.7203225237982611,-9.340715408325195
Qwen_Qwen3-4B,4B,4.0,exp_c,think,gsm8k_test_001221,think,canonical,,True,answer_segment,think_answer,13,exp_c_segment_sample,55,55,4.469035816192627,11.159897102009166,4.7417893409729,26.439315795898438,25.444377378097993,11.112697256935968,0.0,-3.5019150876379515,-2.0686158112117212,-13.808685302734375
Qwen_Qwen3-4B,4B,4.0,exp_c,think,gsm8k_test_001221,think,canonical,,True,answer_segment,think_answer,20,exp_c_segment_sample,55,55,5.961378192901611,11.475720899755304,5.058679103851318,25.017778396606445,21.34157249658726,11.351575454076132,0.07272727272727272,1.3366996059170069,0.8726241929190497,-0.28882598876953125
Qwen_Qwen3-4B,4B,4.0,exp_c,think,gsm8k_test_001221,think,canonical,,True,thinking_segment,thinking,6,exp_c_segment_sample,112,112,2.8834132671356203,16.527528935245105,2.488933801651001,101.6575698852539,311.6131959982827,16.50372797519237,0.05357142857142857,-15.85713922016691,-13.05916510309492,-9.340715408325195
Qwen_Qwen3-4B,4B,4.0,exp_c,think,gsm8k_test_001221,think,canonical,,True,thinking_segment,thinking,13,exp_c_segment_sample,112,112,4.469035816192627,12.479714721441269,3.2924702167510986,38.12995910644531,54.36481992010259,12.450942718230925,0.08035714285714286,-4.953925359339542,-4.487001444612229,-13.808685302734375
Qwen_Qwen3-4B,4B,4.0,exp_c,think,gsm8k_test_001221,think,canonical,,True,thinking_segment,thinking,20,exp_c_segment_sample,112,112,5.961378192901611,12.525700492518288,5.6293134689331055,45.58133316040039,32.25574862192973,12.502818631696272,0.017857142857142856,-4.915793657905672,-3.804922580718994,-0.28882598876953125
Qwen_Qwen3-4B,4B,4.0,exp_c,think,gsm8k_test_001275,think,canonical,,True,answer_segment,think_answer,6,exp_c_segment_sample,66,66,2.8834132671356203,13.158689607273448,2.5822031497955322,80.8495101928711,216.44642189364555,12.796124656383807,0.030303030303030304,-6.222615679374709,-5.269563759074492,-25.122203826904297
Qwen_Qwen3-4B,4B,4.0,exp_c,think,gsm8k_test_001275,think,canonical,,True,answer_segment,think_answer,13,exp_c_segment_sample,66,66,4.469035816192627,10.018548871531632,3.886612892150879,37.50590515136719,33.0937899879519,9.911077558077299,0.06060606060606061,-6.718188587975474,-5.890388039981618,-1.5274324417114258
Qwen_Qwen3-4B,4B,4.0,exp_c,think,gsm8k_test_001275,think,canonical,,True,answer_segment,think_answer,20,exp_c_segment_sample,66,66,5.961378192901611,10.765795454834446,4.424152374267578,28.53827476501465,23.172394207029825,10.55754839823796,0.13636363636363635,-0.1379304410968105,-0.719296932220459,-4.525765419006348
Qwen_Qwen3-4B,4B,4.0,exp_c,think,gsm8k_test_001275,think,canonical,,True,thinking_segment,thinking,6,exp_c_segment_sample,256,256,2.8834132671356203,16.96415005531162,2.108574151992798,234.9217529296875,698.184865251244,16.84087619493748,0.1015625,-17.487988291574535,-17.761598259210587,-25.122203826904297
Qwen_Qwen3-4B,4B,4.0,exp_c,think,gsm8k_test_001275,think,canonical,,True,thinking_segment,thinking,13,exp_c_segment_sample,256,256,4.469035816192627,11.568133482709527,3.1580467224121094,64.3388671875,68.27786093887059,11.613255507781588,0.08203125,-7.651741299421906,-6.960927456617355,-1.5274324417114258
Qwen_Qwen3-4B,4B,4.0,exp_c,think,gsm8k_test_001275,think,canonical,,True,thinking_segment,thinking,20,exp_c_segment_sample,256,256,5.961378192901611,10.950477409176528,3.403949499130249,32.045040130615234,25.941521901329544,10.95496857454037,0.1171875,-3.154113229074209,-3.515476256608963,-4.525765419006348
Qwen_Qwen3-4B,4B,4.0,exp_c,think,gsm8k_test_001289,think,canonical,,True,answer_segment,think_answer,6,exp_c_segment_sample,60,60,2.8834132671356203,14.691019157568613,2.864196538925171,68.63473510742188,166.84277788092336,14.503618672742679,0.03333333333333333,-10.999307109097979,-4.544794940948487,5.413822174072266
Qwen_Qwen3-4B,4B,4.0,exp_c,think,gsm8k_test_001289,think,canonical,,True,answer_segment,think_answer,13,exp_c_segment_sample,60,60,4.469035816192627,11.553745913505555,4.487879753112793,26.351322174072266,30.372358562003658,11.465395361690199,0.0,-6.72071160253931,-4.003979714711507,0.31754302978515625
Qwen_Qwen3-4B,4B,4.0,exp_c,think,gsm8k_test_001289,think,canonical,,True,answer_segment,think_answer,20,exp_c_segment_sample,60,60,5.961378192901611,10.456856894493104,5.391716480255127,20.10594367980957,10.946895825990811,10.34059653039706,0.03333333333333333,-4.5287528608666054,-2.4951395034790043,1.3177318572998047
Qwen_Qwen3-4B,4B,4.0,exp_c,think,gsm8k_test_001289,think,canonical,,True,thinking_segment,thinking,6,exp_c_segment_sample,232,232,2.8834132671356203,16.851668101960215,2.1703884601593018,106.45773315429688,372.8887841462902,16.83899007421552,0.05603448275862069,-23.366185050533232,-15.87129328990805,5.413822174072266
Qwen_Qwen3-4B,4B,4.0,exp_c,think,gsm8k_test_001289,think,canonical,,True,thinking_segment,thinking,13,exp_c_segment_sample,232,232,4.469035816192627,11.972264060686374,2.5296051502227783,47.620567321777344,63.52512818913692,11.949213206510006,0.06465517241379311,-10.711969708847676,-7.24126419116711,0.31754302978515625
Qwen_Qwen3-4B,4B,4.0,exp_c,think,gsm8k_test_001289,think,canonical,,True,thinking_segment,thinking,20,exp_c_segment_sample,232,232,5.961378192901611,11.275754918312204,3.3762574195861816,40.4759635925293,25.025972609233715,11.245791751068909,0.07327586206896551,-6.164913793578378,-4.533370725039777,1.3177318572998047
Qwen_Qwen3-4B,4B,4.0,exp_c,think,gsm8k_test_001291,think,canonical,,True,answer_segment,think_answer,6,exp_c_segment_sample,43,43,2.8834132671356203,11.656880633775579,4.757999420166016,31.322708129882812,47.91536648181517,11.490321738379343,0.0,-2.2858371280968517,-1.8271217779679727,-25.222095489501953
Qwen_Qwen3-4B,4B,4.0,exp_c,think,gsm8k_test_001291,think,canonical,,True,answer_segment,think_answer,13,exp_c_segment_sample,43,43,4.469035816192627,11.853366219720176,5.085686683654785,23.015026092529297,18.80608797781574,11.870292118617467,0.0,1.2352237882876238,0.598799532110041,-4.171211242675781
Qwen_Qwen3-4B,4B,4.0,exp_c,think,gsm8k_test_001291,think,canonical,,True,answer_segment,think_answer,20,exp_c_segment_sample,43,43,5.961378192901611,11.218154186426206,6.552656650543213,26.835355758666992,13.3789393714041,11.19519997778393,0.0,-0.5378883313427008,-1.2028633464466445,-2.5680274963378906
Qwen_Qwen3-4B,4B,4.0,exp_c,think,gsm8k_test_001291,think,canonical,,True,thinking_segment,thinking,6,exp_c_segment_sample,173,173,2.8834132671356203,13.540404035865915,1.7230374813079834,93.79615783691406,271.48293712041897,13.500834639682324,0.15028901734104047,-8.34348155061205,-9.548460150306873,-25.222095489501953
Qwen_Qwen3-4B,4B,4.0,exp_c,think,gsm8k_test_001291,think,canonical,,True,thinking_segment,thinking,13,exp_c_segment_sample,173,173,4.469035816192627,11.066621416565999,2.6001501083374023,55.65473556518555,80.82761440595117,11.030588180519814,0.1907514450867052,-5.391466431202393,-4.7318107377399095,-4.171211242675781
Qwen_Qwen3-4B,4B,4.0,exp_c,think,gsm8k_test_001291,think,canonical,,True,thinking_segment,thinking,20,exp_c_segment_sample,173,173,5.961378192901611,10.79456410931714,5.106031894683838,26.63677215576172,19.106908979851937,10.756743860799212,0.06936416184971098,-2.119479694142153,-1.7415461648594235,-2.5680274963378906
Qwen_Qwen3-4B,4B,4.0,exp_c,think,gsm8k_test_001311,think,canonical,,True,answer_segment,think_answer,6,exp_c_segment_sample,42,42,2.8834132671356203,13.590129301661538,3.097848653793335,34.08893585205078,73.0593700144592,13.392004158438706,0.0,-3.4752732725238498,-3.5539607784964797,-10.179340362548828
Qwen_Qwen3-4B,4B,4.0,exp_c,think,gsm8k_test_001311,think,canonical,,True,answer_segment,think_answer,13,exp_c_segment_sample,42,42,4.469035816192627,12.917620658874512,4.828860759735107,27.84416961669922,37.89078447058004,12.945281156679478,0.0,-6.989981169716466,-6.761934670535,1.746999740600586
Qwen_Qwen3-4B,4B,4.0,exp_c,think,gsm8k_test_001311,think,canonical,,True,answer_segment,think_answer,20,exp_c_segment_sample,42,42,5.961378192901611,11.684305860882713,5.983950138092041,26.822492599487305,17.83429695178959,11.464256228470221,0.0,-3.340826368807166,-2.2076980417425,2.53668212890625
Qwen_Qwen3-4B,4B,4.0,exp_c,think,gsm8k_test_001311,think,canonical,,True,thinking_segment,thinking,6,exp_c_segment_sample,202,202,2.8834132671356203,14.747140917447535,1.8332593441009521,120.14773559570312,284.7083841421412,14.71961648665851,0.054455445544554455,-9.024077777972321,-6.3676431833529,-10.179340362548828
Qwen_Qwen3-4B,4B,4.0,exp_c,think,gsm8k_test_001311,think,canonical,,True,thinking_segment,thinking,13,exp_c_segment_sample,202,202,4.469035816192627,11.160503451186832,3.3128602504730225,72.69920349121094,60.01462854200407,11.122960757260302,0.054455445544554455,-4.456980457900351,-2.7676491269878323,1.746999740600586
Qwen_Qwen3-4B,4B,4.0,exp_c,think,gsm8k_test_001311,think,canonical,,True,thinking_segment,thinking,20,exp_c_segment_sample,202,202,5.961378192901611,11.073806432214115,4.013350486755371,29.06580352783203,20.597789889963238,11.047878782547528,0.0594059405940594,-3.0462738280935246,-2.296965215720382,2.53668212890625
Qwen_Qwen3-4B,4B,4.0,exp_c,think,gsm8k_test_001317,think,canonical,,True,answer_segment,think_answer,6,exp_c_segment_sample,51,51,2.8834132671356203,14.660969449024574,3.6078529357910156,43.67414093017578,87.56654632120284,14.426492886543276,0.0,-2.8227900757508935,-2.296286326188305,-9.185892105102539
Qwen_Qwen3-4B,4B,4.0,exp_c,think,gsm8k_test_001317,think,canonical,,True,answer_segment,think_answer,13,exp_c_segment_sample,51,51,4.469035816192627,12.691192720450607,5.477420806884766,26.130512237548828,25.914197921178094,12.608236808776857,0.0,-2.806517933288845,-2.5490036744337825,-8.203556060791016
Qwen_Qwen3-4B,4B,4.0,exp_c,think,gsm8k_test_001317,think,canonical,,True,answer_segment,think_answer,20,exp_c_segment_sample,51,51,5.961378192901611,11.542148421792422,6.612275123596191,21.43753433227539,11.134462065010984,11.52227861404419,0.0,-0.8976929198562705,-0.5455967829777641,-3.109518051147461
Qwen_Qwen3-4B,4B,4.0,exp_c,think,gsm8k_test_001317,think,canonical,,True,thinking_segment,thinking,6,exp_c_segment_sample,256,256,2.8834132671356203,19.147535637021065,2.090312957763672,234.59100341796875,780.3527613843376,19.527145199028837,0.046875,-11.229879936922185,-7.649158595158504,-9.185892105102539
Qwen_Qwen3-4B,4B,4.0,exp_c,think,gsm8k_test_001317,think,canonical,,True,thinking_segment,thinking,13,exp_c_segment_sample,256,256,4.469035816192627,12.99107498768717,3.1483266353607178,42.32612609863281,59.32808989860672,13.07906201553632,0.0546875,-6.057172218855499,-4.462148967156045,-8.203556060791016
Qwen_Qwen3-4B,4B,4.0,exp_c,think,gsm8k_test_001317,think,canonical,,True,thinking_segment,thinking,20,exp_c_segment_sample,256,256,5.961378192901611,12.229254270903766,3.581705331802368,44.541473388671875,27.570708921349866,12.271073155015348,0.0625,-2.514571560147101,-2.5225297340979935,-3.109518051147461
Qwen_Qwen3-8B,8B,8.0,exp_c,no_think,gsm8k_test_000007,no_think,canonical,,False,answer_segment,no_think_answer,6,exp_c_segment_sample,44,44,3.007936716079712,13.069725963202389,3.6045193672180176,31.9561824798584,74.04510059818459,12.700856425041376,0.0,-11.688437820925861,-9.703233155337248,-18.14977264404297
Qwen_Qwen3-8B,8B,8.0,exp_c,no_think,gsm8k_test_000007,no_think,canonical,,False,answer_segment,no_think_answer,13,exp_c_segment_sample,44,44,4.693849563598633,13.48449608412656,6.380213260650635,46.31600570678711,54.18882810819405,13.322569769482278,0.0,-5.439603061387026,-5.046040795066139,-11.398174285888672
Qwen_Qwen3-8B,8B,8.0,exp_c,no_think,gsm8k_test_000007,no_think,canonical,,False,answer_segment,no_think_answer,20,exp_c_segment_sample,44,44,6.065596580505371,12.275850230997259,5.392380237579346,35.33185577392578,37.5659771616509,12.10275464834169,0.045454545454545456,-2.6253912058743607,-2.499819018624045,-20.549760818481445
Qwen_Qwen3-8B,8B,8.0,exp_c,no_think,gsm8k_test_000031,no_think,canonical,,False,answer_segment,no_think_answer,6,exp_c_segment_sample,80,80,3.007936716079712,17.890824699401854,2.629239797592163,86.28606414794922,295.59332527243896,17.270309834540644,0.025,-3.556508451479443,-2.1279293060302713,-5.588134765625
Qwen_Qwen3-8B,8B,8.0,exp_c,no_think,gsm8k_test_000031,no_think,canonical,,False,answer_segment,no_think_answer,13,exp_c_segment_sample,80,80,4.693849563598633,12.668152537941932,3.7758896350860596,33.880619049072266,43.556695966362824,12.505526074880283,0.0625,0.6599122168841193,0.8202618002891544,0.29799747467041016
Qwen_Qwen3-8B,8B,8.0,exp_c,no_think,gsm8k_test_000031,no_think,canonical,,False,answer_segment,no_think_answer,20,exp_c_segment_sample,80,80,6.065596580505371,12.397353410720825,4.842299461364746,54.995872497558594,51.97661209573299,12.099892954283124,0.075,4.475144785421871,3.3358690500259414,-1.8722152709960938
Qwen_Qwen3-8B,8B,8.0,exp_c,no_think,gsm8k_test_000135,no_think,canonical,,True,answer_segment,no_think_answer,6,exp_c_segment_sample,51,51,3.007936716079712,13.254841449213963,2.8988428115844727,46.89063262939453,100.57152542399365,12.891393318176272,0.0392156862745098,-5.952300201174342,-5.423423473651594,-6.781526565551758
Qwen_Qwen3-8B,8B,8.0,exp_c,no_think,gsm8k_test_000135,no_think,canonical,,True,answer_segment,no_think_answer,13,exp_c_segment_sample,51,51,4.693849563598633,12.506609916687012,5.42268180847168,45.39353561401367,39.67987470745522,12.146859788894655,0.0,0.874462636887222,0.07366451850304223,-2.4832334518432617
Qwen_Qwen3-8B,8B,8.0,exp_c,no_think,gsm8k_test_000135,no_think,canonical,,True,answer_segment,no_think_answer,20,exp_c_segment_sample,51,51,6.065596580505371,12.690050143821567,5.429206848144531,32.77649688720703,26.43164510046178,12.44703260421753,0.0392156862745098,1.3550489973698303,1.102348144237812,-1.731410026550293
Qwen_Qwen3-8B,8B,8.0,exp_c,no_think,gsm8k_test_000247,no_think,canonical,,True,answer_segment,no_think_answer,6,exp_c_segment_sample,46,46,3.007936716079712,16.054192229457524,1.824097990989685,56.338741302490234,205.6973107933272,15.398344482315911,0.10869565217391304,-11.20521021164975,-9.471085290114086,-44.754634857177734
Qwen_Qwen3-8B,8B,8.0,exp_c,no_think,gsm8k_test_000247,no_think,canonical,,True,answer_segment,no_think_answer,13,exp_c_segment_sample,46,46,4.693849563598633,10.54755803813105,3.573068141937256,24.793447494506836,26.79596692183981,10.310002899169922,0.10869565217391304,-2.240109353678629,-0.6034566164016724,-6.720363616943359
Qwen_Qwen3-8B,8B,8.0,exp_c,no_think,gsm8k_test_000247,no_think,canonical,,True,answer_segment,no_think_answer,20,exp_c_segment_sample,46,46,6.065596580505371,12.64587608627651,4.814609050750732,49.0693244934082,49.483517220218566,12.221311495039199,0.10869565217391304,5.380210711049545,4.689650575319925,0.026137351989746094
Qwen_Qwen3-8B,8B,8.0,exp_c,no_think,gsm8k_test_000252,no_think,canonical,,False,answer_segment,no_think_answer,6,exp_c_segment_sample,51,51,3.007936716079712,12.074821860182519,2.5765907764434814,33.0162239074707,58.49031683600276,11.832097563743591,0.058823529411764705,-11.031157883044271,-8.501653359486507,-70.25279235839844
Qwen_Qwen3-8B,8B,8.0,exp_c,no_think,gsm8k_test_000252,no_think,canonical,,False,answer_segment,no_think_answer,13,exp_c_segment_sample,51,51,4.693849563598633,11.97972188276403,4.501399040222168,30.064281463623047,29.131232214265523,11.848289670944215,0.0196078431372549,-4.126697020293357,-2.135669634892391,-23.883686065673828
Qwen_Qwen3-8B,8B,8.0,exp_c,no_think,gsm8k_test_000252,no_think,canonical,,False,answer_segment,no_think_answer,20,exp_c_segment_sample,51,51,6.065596580505371,12.416683617760153,5.6616997718811035,30.508304595947266,27.91486200010836,12.23896527290344,0.0392156862745098,1.2320481598107538,0.9813754375164319,-23.92859649658203
Qwen_Qwen3-8B,8B,8.0,exp_c,no_think,gsm8k_test_000310,no_think,canonical,,False,answer_segment,no_think_answer,6,exp_c_segment_sample,73,73,3.007936716079712,17.38166532287859,1.812243938446045,100.18172454833984,333.2143901472178,16.638565224077965,0.0821917808219178,-11.920441278127866,-10.417491304247001,-1.6820945739746094
Qwen_Qwen3-8B,8B,8.0,exp_c,no_think,gsm8k_test_000310,no_think,canonical,,False,answer_segment,no_think_answer,13,exp_c_segment_sample,73,73,4.693849563598633,13.953755254614842,2.6128804683685303,66.13180541992188,100.14072776618096,13.81174734565947,0.1095890410958904,-2.584775032091483,-1.0810042055029605,-23.48539161682129
Qwen_Qwen3-8B,8B,8.0,exp_c,no_think,gsm8k_test_000310,no_think,canonical,,False,answer_segment,no_think_answer,20,exp_c_segment_sample,73,73,6.065596580505371,12.050856302862298,4.2848801612854,64.99012756347656,58.01464055502556,11.674520406458113,0.0410958904109589,3.274271543447021,2.217842629081325,-13.95177936553955
Qwen_Qwen3-8B,8B,8.0,exp_c,no_think,gsm8k_test_000343,no_think,canonical,,True,answer_segment,no_think_answer,6,exp_c_segment_sample,66,66,3.007936716079712,13.449249495159496,3.3219761848449707,62.56538772583008,114.84564061837827,13.190993554775533,0.0,-13.098943010599351,-8.093991237528183,-33.522918701171875
Qwen_Qwen3-8B,8B,8.0,exp_c,no_think,gsm8k_test_000343,no_think,canonical,,True,answer_segment,no_think_answer,13,exp_c_segment_sample,66,66,4.693849563598633,12.208504091609608,3.4937615394592285,35.50754165649414,45.14181706611247,12.05972943672767,0.030303030303030304,-7.808125456443811,-3.9141011238098145,-7.663789749145508
Qwen_Qwen3-8B,8B,8.0,exp_c,no_think,gsm8k_test_000343,no_think,canonical,,True,answer_segment,no_think_answer,20,exp_c_segment_sample,66,66,6.065596580505371,12.118123278473362,5.420917987823486,56.14274597167969,52.86885261401032,11.79133345530583,0.12121212121212122,-2.103186165461552,-1.4623309864717378,-2.1463623046875
Qwen_Qwen3-8B,8B,8.0,exp_c,no_think,gsm8k_test_000361,no_think,canonical,,False,answer_segment,no_think_answer,6,exp_c_segment_sample,66,66,3.007936716079712,18.130965991453692,3.072493314743042,96.06924438476562,358.2760788001577,17.522357155726507,0.0,-18.96129056653628,-15.61356021376217,-5.40336799621582
Qwen_Qwen3-8B,8B,8.0,exp_c,no_think,gsm8k_test_000361,no_think,canonical,,False,answer_segment,no_think_answer,13,exp_c_segment_sample,66,66,4.693849563598633,11.626557678887337,3.822073221206665,32.571815490722656,29.215957261237616,11.437104595624485,0.045454545454545456,-5.4471211268426325,-4.414593920988194,-2.1978626251220703
Qwen_Qwen3-8B,8B,8.0,exp_c,no_think,gsm8k_test_000361,no_think,canonical,,False,answer_segment,no_think_answer,20,exp_c_segment_sample,66,66,6.065596580505371,12.058366920008805,6.160472869873047,31.01815414428711,23.88514022298673,11.886912764035738,0.0,-2.5465850273660346,-2.7504658699035645,-2.077885627746582
Qwen_Qwen3-8B,8B,8.0,exp_c,no_think,gsm8k_test_000433,no_think,canonical,,False,answer_segment,no_think_answer,6,exp_c_segment_sample,55,55,3.007936716079712,16.018501927635885,3.6389777660369873,44.82554626464844,138.37442322402973,15.613672561115683,0.0,-5.664889274634317,-4.540981360844203,-5.253727912902832
Qwen_Qwen3-8B,8B,8.0,exp_c,no_think,gsm8k_test_000433,no_think,canonical,,False,answer_segment,no_think_answer,13,exp_c_segment_sample,55,55,4.693849563598633,12.283908271789551,4.5542707443237305,27.20932388305664,29.44047482811369,12.134934045650342,0.03636363636363636,-0.8024026486780649,-1.0770871979849677,-4.35406494140625
Qwen_Qwen3-8B,8B,8.0,exp_c,no_think,gsm8k_test_000433,no_think,canonical,,False,answer_segment,no_think_answer,20,exp_c_segment_sample,55,55,6.065596580505371,11.8938908663663,5.587156295776367,28.97773551940918,20.7182715219133,11.773576091836997,0.01818181818181818,1.1264817888086636,0.5917444569723944,-4.069700241088867
Qwen_Qwen3-8B,8B,8.0,exp_c,no_think,gsm8k_test_000472,no_think,canonical,,True,answer_segment,no_think_answer,6,exp_c_segment_sample,41,41,3.007936716079712,12.14790310510775,3.191986322402954,30.102901458740234,46.89194050244104,11.815284812450411,0.0,-6.445225630903053,-6.730404398658058,-18.42724609375
Qwen_Qwen3-8B,8B,8.0,exp_c,no_think,gsm8k_test_000472,no_think,canonical,,True,answer_segment,no_think_answer,13,exp_c_segment_sample,41,41,4.693849563598633,11.299544136698653,4.227748870849609,20.32423973083496,15.454007694434283,11.14525111913681,0.07317073170731707,-4.26530501069921,-3.399137236855248,-3.6234302520751953
Qwen_Qwen3-8B,8B,8.0,exp_c,no_think,gsm8k_test_000472,no_think,canonical,,True,answer_segment,no_think_answer,20,exp_c_segment_sample,41,41,6.065596580505371,12.172090518765334,6.87670373916626,33.78048324584961,25.175390437950576,12.055889976024627,0.0,0.895237610315215,-0.6176274906505235,-1.0615568161010742
Qwen_Qwen3-8B,8B,8.0,exp_c,no_think,gsm8k_test_000514,no_think,canonical,,True,answer_segment,no_think_answer,6,exp_c_segment_sample,59,59,3.007936716079712,13.65158135203992,3.4339590072631836,43.06345748901367,109.68141333813422,13.289599607730732,0.0,-8.05629109528106,-7.6095563888549815,-38.91552734375
Qwen_Qwen3-8B,8B,8.0,exp_c,no_think,gsm8k_test_000514,no_think,canonical,,True,answer_segment,no_think_answer,13,exp_c_segment_sample,59,59,4.693849563598633,11.799831131757315,4.105797290802002,46.55968475341797,45.50769637972956,11.684110690807476,0.03389830508474576,-6.764183949616008,-7.710396099090577,-12.922277450561523
Qwen_Qwen3-8B,8B,8.0,exp_c,no_think,gsm8k_test_000514,no_think,canonical,,True,answer_segment,no_think_answer,20,exp_c_segment_sample,59,59,6.065596580505371,11.068403817839542,4.404976844787598,39.31513214111328,27.482847847925303,10.811888481008598,0.06779661016949153,0.36574605359868556,-0.3183920542399079,-3.4090194702148438
Qwen_Qwen3-8B,8B,8.0,exp_c,no_think,gsm8k_test_000549,no_think,canonical,,False,answer_segment,no_think_answer,6,exp_c_segment_sample,47,47,3.007936716079712,14.81662731982292,2.2836577892303467,38.31883239746094,89.63480209862344,14.435667452604875,0.06382978723404255,-4.468166570714181,-1.945746997992197,-8.842443466186523
Qwen_Qwen3-8B,8B,8.0,exp_c,no_think,gsm8k_test_000549,no_think,canonical,,False,answer_segment,no_think_answer,13,exp_c_segment_sample,47,47,4.693849563598633,11.967320386399614,3.286154270172119,24.620222091674805,26.742825060004247,11.827531488045405,0.0851063829787234,-2.096614089417962,-2.916785717010498,0.8873624801635742
Qwen_Qwen3-8B,8B,8.0,exp_c,no_think,gsm8k_test_000549,no_think,canonical,,False,answer_segment,no_think_answer,20,exp_c_segment_sample,47,47,6.065596580505371,12.077134568640526,4.417850494384766,45.5115852355957,38.00529896417087,11.754246908685436,0.10638297872340426,2.069472087190507,1.0693895022074393,-1.4252700805664062
Qwen_Qwen3-8B,8B,8.0,exp_c,no_think,gsm8k_test_000604,no_think,canonical,,True,answer_segment,no_think_answer,6,exp_c_segment_sample,49,49,3.007936716079712,15.57226121668913,2.5607526302337646,54.54338455200195,193.97630411202744,15.090826104084654,0.14285714285714285,-10.33440222954264,-9.225892635492176,-1.4682598114013672
Qwen_Qwen3-8B,8B,8.0,exp_c,no_think,gsm8k_test_000604,no_think,canonical,,True,answer_segment,no_think_answer,13,exp_c_segment_sample,49,49,4.693849563598633,13.995469677204989,4.062157154083252,47.41753005981445,76.52158556747285,13.874979366858799,0.061224489795918366,-11.000352100450165,-10.167309761047365,-3.140200614929199
Qwen_Qwen3-8B,8B,8.0,exp_c,no_think,gsm8k_test_000604,no_think,canonical,,True,answer_segment,no_think_answer,20,exp_c_segment_sample,49,49,6.065596580505371,11.949814611551712,5.6307454109191895,29.910009384155273,27.047554911338707,11.840633690357208,0.061224489795918366,-1.3734081377301963,-1.9646055148198052,0.8586549758911133
Qwen_Qwen3-8B,8B,8.0,exp_c,no_think,gsm8k_test_000629,no_think,canonical,,False,answer_segment,no_think_answer,6,exp_c_segment_sample,62,62,3.007936716079712,12.404961351425417,3.7923614978790283,46.777767181396484,79.70124887042837,12.023938409617694,0.0,-6.4129822737610445,-5.321599170565605,-18.857152938842773
Qwen_Qwen3-8B,8B,8.0,exp_c,no_think,gsm8k_test_000629,no_think,canonical,,False,answer_segment,no_think_answer,13,exp_c_segment_sample,62,62,4.693849563598633,11.197013555034514,4.9705491065979,28.26304054260254,30.672681402124674,11.031698383268765,0.0,-7.343668806571204,-5.21982604265213,-8.19650650024414
Qwen_Qwen3-8B,8B,8.0,exp_c,no_think,gsm8k_test_000629,no_think,canonical,,False,answer_segment,no_think_answer,20,exp_c_segment_sample,62,62,6.065596580505371,11.476604077123827,6.592349529266357,38.00911331176758,18.336317176589645,11.259285223288616,0.0,1.1975796563284615,0.7449555695056915,-7.948341369628906
Qwen_Qwen3-8B,8B,8.0,exp_c,no_think,gsm8k_test_000640,no_think,canonical,,False,answer_segment,no_think_answer,6,exp_c_segment_sample,76,76,3.007936716079712,13.01303078312623,2.2092854976654053,84.21189880371094,226.14320329611937,12.422410332361855,0.09210526315789473,-11.447368841748174,-11.072154145491751,-28.530372619628906
Qwen_Qwen3-8B,8B,8.0,exp_c,no_think,gsm8k_test_000640,no_think,canonical,,False,answer_segment,no_think_answer,13,exp_c_segment_sample,76,76,4.693849563598633,10.611764725885893,3.7355470657348633,31.6390438079834,26.62899308592706,10.451903978983559,0.039473684210526314,-3.3821446260033774,-3.109808695943732,-12.534724235534668
Qwen_Qwen3-8B,8B,8.0,exp_c,no_think,gsm8k_test_000640,no_think,canonical,,False,answer_segment,no_think_answer,20,exp_c_segment_sample,76,76,6.065596580505371,10.332178755810386,5.546909332275391,31.657718658447266,14.997057179374831,10.207469183603923,0.039473684210526314,0.9507660187847029,0.2454410352204981,-6.425597190856934
Qwen_Qwen3-8B,8B,8.0,exp_c,no_think,gsm8k_test_000641,no_think,canonical,,False,answer_segment,no_think_answer,6,exp_c_segment_sample,53,53,3.007936716079712,13.210253378130355,3.2031800746917725,46.8886604309082,100.86765609773961,12.927357238072616,0.0,-5.463892556836262,-4.609274693897792,-30.781299591064453
Qwen_Qwen3-8B,8B,8.0,exp_c,no_think,gsm8k_test_000641,no_think,canonical,,False,answer_segment,no_think_answer,13,exp_c_segment_sample,53,53,4.693849563598633,12.116666254007592,4.3211188316345215,39.98719024658203,40.77383929420193,11.850656371850233,0.018867924528301886,-0.6048071139513519,-0.8605999265398303,-15.396242141723633
Qwen_Qwen3-8B,8B,8.0,exp_c,no_think,gsm8k_test_000641,no_think,canonical,,False,answer_segment,no_think_answer,20,exp_c_segment_sample,53,53,6.065596580505371,11.562236911845657,5.1981306076049805,37.460601806640625,31.678825379697653,11.355409544247847,0.03773584905660377,-0.12820510144503175,-0.9579123088291706,-14.237112998962402
Qwen_Qwen3-8B,8B,8.0,exp_c,no_think,gsm8k_test_000645,no_think,canonical,,True,answer_segment,no_think_answer,6,exp_c_segment_sample,45,45,3.007936716079712,13.063829639222886,3.762230634689331,48.68327713012695,97.2885518656451,12.704082342711361,0.0,-5.679870142452947,-5.672929426034292,-5.669458389282227
Qwen_Qwen3-8B,8B,8.0,exp_c,no_think,gsm8k_test_000645,no_think,canonical,,True,answer_segment,no_think_answer,13,exp_c_segment_sample,45,45,4.693849563598633,11.113753530714247,5.6583685874938965,25.157812118530273,18.967051930805173,10.925294854424218,0.0,-0.7922913620437338,-1.0004327694575004,-0.3806009292602539
Qwen_Qwen3-8B,8B,8.0,exp_c,no_think,gsm8k_test_000645,no_think,canonical,,True,answer_segment,no_think_answer,20,exp_c_segment_sample,45,45,6.065596580505371,12.079773892296686,6.6319475173950195,25.205181121826172,22.12998633148864,11.927572282877836,0.0,1.4694475035736605,1.6047673622767125,-1.9332408905029297
Qwen_Qwen3-8B,8B,8.0,exp_c,no_think,gsm8k_test_000655,no_think,canonical,,True,answer_segment,no_think_answer,6,exp_c_segment_sample,46,46,3.007936716079712,14.951050494028175,2.88053560256958,55.5406379699707,112.43413934991159,14.629906723234386,0.021739130434782608,-8.658128241936879,-4.384193400541941,-2.193117141723633
Qwen_Qwen3-8B,8B,8.0,exp_c,no_think,gsm8k_test_000655,no_think,canonical,,True,answer_segment,no_think_answer,13,exp_c_segment_sample,46,46,4.693849563598633,12.868495630181354,4.269867420196533,25.30396842956543,29.605491136252365,12.815038437313502,0.021739130434782608,-2.298158114536506,-0.6498518784840908,-0.574458122253418
Qwen_Qwen3-8B,8B,8.0,exp_c,no_think,gsm8k_test_000655,no_think,canonical,,True,answer_segment,no_think_answer,20,exp_c_segment_sample,46,46,6.065596580505371,12.236898163090581,5.930409908294678,28.9150333404541,26.24678952971731,12.01636315451728,0.043478260869565216,-0.07640796497285607,-0.365646441777546,-0.6298093795776367
Qwen_Qwen3-8B,8B,8.0,exp_c,no_think,gsm8k_test_000697,no_think,canonical,,True,answer_segment,no_think_answer,6,exp_c_segment_sample,55,55,3.007936716079712,14.760068581321022,2.902738332748413,57.250762939453125,158.99157748803177,14.375777615441217,0.01818181818181818,-15.86248604693967,-11.179282597133092,-19.874135971069336
Qwen_Qwen3-8B,8B,8.0,exp_c,no_think,gsm8k_test_000697,no_think,canonical,,True,answer_segment,no_think_answer,13,exp_c_segment_sample,55,55,4.693849563598633,11.342570985447276,3.8083786964416504,28.038320541381836,29.33596750411373,11.184182577663,0.07272727272727272,-8.116929556177796,-5.28740988458906,-7.082969665527344
Qwen_Qwen3-8B,8B,8.0,exp_c,no_think,gsm8k_test_000697,no_think,canonical,,True,answer_segment,no_think_answer,20,exp_c_segment_sample,55,55,6.065596580505371,11.419164345481178,7.057931423187256,21.046463012695312,12.547391712199747,11.356742205443206,0.0,-2.4751643992089565,-0.9608009883335669,-4.705498695373535
Qwen_Qwen3-8B,8B,8.0,exp_c,no_think,gsm8k_test_000713,no_think,canonical,,True,answer_segment,no_think_answer,6,exp_c_segment_sample,48,48,3.007936716079712,16.18457441528638,2.8330063819885254,75.78899383544922,156.40762268557418,15.40836444814155,0.020833333333333332,3.171902993503867,2.0122921864191703,-7.169872283935547
Qwen_Qwen3-8B,8B,8.0,exp_c,no_think,gsm8k_test_000713,no_think,canonical,,True,answer_segment,no_think_answer,13,exp_c_segment_sample,48,48,4.693849563598633,12.303984800974527,3.8052616119384766,36.51580047607422,39.169685017219564,12.034239251562889,0.0625,-0.8856860569545214,0.3656676212946568,1.0781888961791992
Qwen_Qwen3-8B,8B,8.0,exp_c,no_think,gsm8k_test_000713,no_think,canonical,,True,answer_segment,no_think_answer,20,exp_c_segment_sample,48,48,6.065596580505371,11.844147066275278,6.122737407684326,51.03690719604492,42.7644550323611,11.461467266082764,0.0,4.64700080910507,2.847075144449869,-3.671444892883301
Qwen_Qwen3-8B,8B,8.0,exp_c,no_think,gsm8k_test_000759,no_think,canonical,,True,answer_segment,no_think_answer,6,exp_c_segment_sample,60,60,3.007936716079712,10.78203901052475,3.2637739181518555,36.21281051635742,43.51327017115223,10.540926856509708,0.0,-1.3925033635780464,0.7022388458251942,-9.118082046508789
Qwen_Qwen3-8B,8B,8.0,exp_c,no_think,gsm8k_test_000759,no_think,canonical,,True,answer_segment,no_think_answer,13,exp_c_segment_sample,60,60,4.693849563598633,9.896783447265625,4.786853790283203,21.429763793945312,16.08355044701252,9.800494509228201,0.0,-2.162925157390656,-0.9193412462870292,0.10808467864990234
Qwen_Qwen3-8B,8B,8.0,exp_c,no_think,gsm8k_test_000759,no_think,canonical,,True,answer_segment,no_think_answer,20,exp_c_segment_sample,60,60,6.065596580505371,11.092508935928345,4.0945234298706055,34.33179473876953,23.489603305807936,10.851098658674855,0.06666666666666667,-0.900379243444221,-0.4831052462259926,-0.43741416931152344
Qwen_Qwen3-8B,8B,8.0,exp_c,no_think,gsm8k_test_000760,no_think,canonical,,False,answer_segment,no_think_answer,6,exp_c_segment_sample,76,76,3.007936716079712,13.582251078204104,2.478837490081787,57.28067398071289,131.56377634697503,13.212956473032634,0.05263157894736842,-13.790029132521013,-10.163107934751007,-14.962764739990234
Qwen_Qwen3-8B,8B,8.0,exp_c,no_think,gsm8k_test_000760,no_think,canonical,,False,answer_segment,no_think_answer,13,exp_c_segment_sample,76,76,4.693849563598633,11.575708564959074,3.223193645477295,35.60285949707031,29.710620606379326,11.381060714721679,0.05263157894736842,-3.1243025189137086,-1.8349692445052295,-8.822396278381348
Qwen_Qwen3-8B,8B,8.0,exp_c,no_think,gsm8k_test_000760,no_think,canonical,,False,answer_segment,no_think_answer,20,exp_c_segment_sample,76,76,6.065596580505371,11.850482834012885,6.22367000579834,32.78617477416992,28.5835409344155,11.702034149169922,0.0,-1.6575387296657087,-1.740068862312718,-5.085724830627441
Qwen_Qwen3-8B,8B,8.0,exp_c,no_think,gsm8k_test_000901,no_think,canonical,,False,answer_segment,no_think_answer,6,exp_c_segment_sample,51,51,3.007936716079712,18.60194414737178,2.986919403076172,87.40792846679688,377.649510242843,18.303990221023565,0.0196078431372549,-17.531099373398842,-15.243356741391697,-6.302410125732422
Qwen_Qwen3-8B,8B,8.0,exp_c,no_think,gsm8k_test_000901,no_think,canonical,,False,answer_segment,no_think_answer,13,exp_c_segment_sample,51,51,4.693849563598633,13.272681844000722,4.4346699714660645,56.476070404052734,68.54024994136698,13.049244871139528,0.0196078431372549,-2.097334298612834,-2.618168830871582,-3.766200065612793
Qwen_Qwen3-8B,8B,8.0,exp_c,no_think,gsm8k_test_000901,no_think,canonical,,False,answer_segment,no_think_answer,20,exp_c_segment_sample,51,51,6.065596580505371,11.78209914413153,6.892239093780518,24.923120498657227,17.58953588063071,11.671656742095946,0.0,-0.4895055822657206,-0.7666694567753716,-5.546984672546387
Qwen_Qwen3-8B,8B,8.0,exp_c,no_think,gsm8k_test_000924,no_think,canonical,,True,answer_segment,no_think_answer,6,exp_c_segment_sample,53,53,3.007936716079712,17.28500048619396,4.358574867248535,58.772037506103516,196.9644017553328,16.823374445621788,0.0,-8.402191014159882,-6.040013585771831,-11.34644889831543
Qwen_Qwen3-8B,8B,8.0,exp_c,no_think,gsm8k_test_000924,no_think,canonical,,True,answer_segment,no_think_answer,13,exp_c_segment_sample,53,53,4.693849563598633,13.923142910003662,5.601560115814209,35.62116622924805,52.721865174895854,13.700105162767265,0.0,-3.973124076235467,-3.102331365857806,-2.9297008514404297
Qwen_Qwen3-8B,8B,8.0,exp_c,no_think,gsm8k_test_000924,no_think,canonical,,True,answer_segment,no_think_answer,20,exp_c_segment_sample,53,53,6.065596580505371,12.594621118509545,6.5958638191223145,37.42200469970703,39.22457549753784,12.379168116129362,0.0,4.0388385924653285,2.106403146471296,-4.326645851135254
Qwen_Qwen3-8B,8B,8.0,exp_c,no_think,gsm8k_test_000965,no_think,canonical,,False,answer_segment,no_think_answer,6,exp_c_segment_sample,55,55,3.007936716079712,15.776156709410927,1.9440336227416992,61.288570404052734,149.30979754006447,15.21851015753216,0.10909090909090909,-6.431915477189124,-5.136592047555105,-17.566699981689453
Qwen_Qwen3-8B,8B,8.0,exp_c,no_think,gsm8k_test_000965,no_think,canonical,,False,answer_segment,no_think_answer,13,exp_c_segment_sample,55,55,4.693849563598633,11.920157670974731,3.850501775741577,30.644092559814453,36.33290760105061,11.702527359679895,0.07272727272727272,-5.063694266220181,-3.541899136134557,-12.239816665649414
Qwen_Qwen3-8B,8B,8.0,exp_c,no_think,gsm8k_test_000965,no_think,canonical,,False,answer_segment,no_think_answer,20,exp_c_segment_sample,55,55,6.065596580505371,11.321522478623823,6.488187313079834,30.086389541625977,22.307122860057742,11.164994707813966,0.0,3.696611262606347,2.9764967305319647,-5.785797119140625
Qwen_Qwen3-8B,8B,8.0,exp_c,no_think,gsm8k_test_000990,no_think,canonical,,True,answer_segment,no_think_answer,6,exp_c_segment_sample,50,50,3.007936716079712,14.630350732803345,2.6692707538604736,54.57099914550781,149.43708236884572,14.00972433479465,0.1,-10.821932304606703,-9.940104392858654,-7.708169937133789
Qwen_Qwen3-8B,8B,8.0,exp_c,no_think,gsm8k_test_000990,no_think,canonical,,True,answer_segment,no_think_answer,13,exp_c_segment_sample,50,50,4.693849563598633,10.90752799987793,3.331578016281128,29.740291595458984,26.668479684805558,10.655493677878868,0.08,-1.1448996375588782,-1.0370793159191418,4.055273056030273
Qwen_Qwen3-8B,8B,8.0,exp_c,no_think,gsm8k_test_000990,no_think,canonical,,True,answer_segment,no_think_answer,20,exp_c_segment_sample,50,50,6.065596580505371,11.363581314086915,6.4427080154418945,27.143339157104492,15.849970179546409,11.194818983272631,0.0,-3.425772761176609,-3.7678846579331626,-1.150731086730957
Qwen_Qwen3-8B,8B,8.0,exp_c,no_think,gsm8k_test_001017,no_think,canonical,,True,answer_segment,no_think_answer,6,exp_c_segment_sample,56,56,3.007936716079712,15.998660121645246,4.457244873046875,61.43882751464844,120.59976559839392,15.456406628001819,0.0,-2.1158210567961944,-0.7403835569109241,-7.681142807006836
Qwen_Qwen3-8B,8B,8.0,exp_c,no_think,gsm8k_test_001017,no_think,canonical,,True,answer_segment,no_think_answer,13,exp_c_segment_sample,56,56,4.693849563598633,12.661794969013759,5.724340915679932,30.08625030517578,31.2383449776983,12.505165498906914,0.0,-3.590060228691958,-3.377826724733625,-2.026370048522949
Qwen_Qwen3-8B,8B,8.0,exp_c,no_think,gsm8k_test_001017,no_think,canonical,,True,answer_segment,no_think_answer,20,exp_c_segment_sample,56,56,6.065596580505371,13.520773249013084,6.463527202606201,36.41581726074219,32.67299410662717,13.314653648029676,0.0,3.617483541481483,2.2888785770961206,1.7456998825073242
Qwen_Qwen3-8B,8B,8.0,exp_c,no_think,gsm8k_test_001031,no_think,canonical,,True,answer_segment,no_think_answer,6,exp_c_segment_sample,52,52,3.007936716079712,11.744509550241323,2.86247181892395,32.862640380859375,57.158873037205666,11.337998969882142,0.038461538461538464,-5.960747090064191,-4.563423193418064,-34.80432891845703
Qwen_Qwen3-8B,8B,8.0,exp_c,no_think,gsm8k_test_001031,no_think,canonical,,True,answer_segment,no_think_answer,13,exp_c_segment_sample,52,52,4.693849563598633,11.829838468478275,5.124438285827637,29.772733688354492,31.768962933286392,11.70610689649395,0.0,-4.776795498345513,-3.642245476062481,-1.3107738494873047
Qwen_Qwen3-8B,8B,8.0,exp_c,no_think,gsm8k_test_001031,no_think,canonical,,True,answer_segment,no_think_answer,20,exp_c_segment_sample,52,52,6.065596580505371,12.065277961584238,6.604349613189697,31.30539321899414,22.315702297790498,11.910649898005465,0.0,2.0698010834969383,1.8928308486938477,-2.161100387573242
Qwen_Qwen3-8B,8B,8.0,exp_c,no_think,gsm8k_test_001059,no_think,canonical,,True,answer_segment,no_think_answer,6,exp_c_segment_sample,47,47,3.007936716079712,16.48255288347285,2.9279561042785645,68.9571533203125,175.46761317614008,15.720187860986464,0.02127659574468085,-4.858776280220523,-4.285239319006603,-10.885811805725098
Qwen_Qwen3-8B,8B,8.0,exp_c,no_think,gsm8k_test_001059,no_think,canonical,,True,answer_segment,no_think_answer,13,exp_c_segment_sample,47,47,4.693849563598633,11.06757402420044,4.6171064376831055,22.642967224121094,15.462476864827932,10.948689077211462,0.02127659574468085,-1.0669298171997106,-1.1756500403086356,-2.2483997344970703
Qwen_Qwen3-8B,8B,8.0,exp_c,no_think,gsm8k_test_001059,no_think,canonical,,True,answer_segment,no_think_answer,20,exp_c_segment_sample,47,47,6.065596580505371,11.65522694080434,5.791943550109863,24.9821834564209,14.846842258028689,11.443777053252512,0.02127659574468085,2.3272860050201376,1.3569767077763881,-3.143085479736328
Qwen_Qwen3-8B,8B,8.0,exp_c,no_think,gsm8k_test_001182,no_think,canonical,,True,answer_segment,no_think_answer,6,exp_c_segment_sample,65,65,3.007936716079712,20.134401185695943,3.201488971710205,87.14888763427734,354.10332509216636,19.750371139496565,0.0,-27.041973178703493,-16.57607366057003,-18.226905822753906
Qwen_Qwen3-8B,8B,8.0,exp_c,no_think,gsm8k_test_001182,no_think,canonical,,True,answer_segment,no_think_answer,13,exp_c_segment_sample,65,65,4.693849563598633,12.675009463383601,3.8813247680664062,33.38816833496094,36.695354267534476,12.595738619565964,0.03076923076923077,-8.404986569598007,-6.205174221711999,-8.057022094726562
Qwen_Qwen3-8B,8B,8.0,exp_c,no_think,gsm8k_test_001182,no_think,canonical,,True,answer_segment,no_think_answer,20,exp_c_segment_sample,65,65,6.065596580505371,12.658034368661733,4.662870407104492,35.16144561767578,27.97806079973045,12.500926993787289,0.03076923076923077,-4.200690040054869,-4.00228660246905,-2.2872495651245117
Qwen_Qwen3-8B,8B,8.0,exp_c,think,gsm8k_test_000007,think,canonical,,False,answer_segment,think_answer,6,exp_c_segment_sample,46,46,3.007936716079712,13.01368698866471,4.575767517089844,39.65442657470703,96.68070224203672,12.952719291051228,0.0,-15.13202686115726,-12.611464778582254,-18.14977264404297
Qwen_Qwen3-8B,8B,8.0,exp_c,think,gsm8k_test_000007,think,canonical,,False,answer_segment,think_answer,13,exp_c_segment_sample,46,46,4.693849563598633,11.31941653334576,4.392400741577148,29.39862823486328,27.155831914126658,11.306041971842447,0.021739130434782608,-7.765571510868971,-6.32060480117798,-11.398174285888672
Qwen_Qwen3-8B,8B,8.0,exp_c,think,gsm8k_test_000007,think,canonical,,False,answer_segment,think_answer,20,exp_c_segment_sample,46,46,6.065596580505371,10.961446461470231,5.188850402832031,22.251163482666016,8.237898327389614,10.847473578982878,0.021739130434782608,-1.3770831348055732,-1.5983641147613525,-20.549760818481445
Qwen_Qwen3-8B,8B,8.0,exp_c,think,gsm8k_test_000007,think,canonical,,False,thinking_segment,thinking,6,exp_c_segment_sample,256,256,3.007936716079712,14.018426754977554,1.847278118133545,201.70620727539062,680.6374355243362,13.341015605433872,0.17578125,-5.1717901701386255,-4.78273181989789,-18.14977264404297
Qwen_Qwen3-8B,8B,8.0,exp_c,think,gsm8k_test_000007,think,canonical,,False,thinking_segment,thinking,13,exp_c_segment_sample,256,256,4.693849563598633,12.211857810616493,3.113327980041504,113.86629486083984,210.64027144815165,11.842964591338621,0.14453125,-5.321905303270095,-4.474002916365862,-11.398174285888672
Qwen_Qwen3-8B,8B,8.0,exp_c,think,gsm8k_test_000007,think,canonical,,False,thinking_segment,thinking,20,exp_c_segment_sample,256,256,6.065596580505371,13.919237839058042,4.4689130783081055,93.17676544189453,94.15722031743223,13.657954002216776,0.10546875,-4.216627791919781,-3.564474582672119,-20.549760818481445
Qwen_Qwen3-8B,8B,8.0,exp_c,think,gsm8k_test_000031,think,canonical,,True,answer_segment,think_answer,6,exp_c_segment_sample,52,52,3.007936716079712,16.316497954038475,2.7037129402160645,119.4243392944336,503.5467441277815,15.38398166263805,0.038461538461538464,-2.8870680043244183,-4.67505539380587,-5.588134765625
Qwen_Qwen3-8B,8B,8.0,exp_c,think,gsm8k_test_000031,think,canonical,,True,answer_segment,think_answer,13,exp_c_segment_sample,52,52,4.693849563598633,11.181581290868612,2.986941337585449,37.516517639160156,56.78484780549157,11.100495735804245,0.1346153846153846,-1.1355339236806234,-0.6722613481374893,0.29799747467041016
Qwen_Qwen3-8B,8B,8.0,exp_c,think,gsm8k_test_000031,think,canonical,,True,answer_segment,think_answer,20,exp_c_segment_sample,52,52,6.065596580505371,11.215394666561714,2.895592212677002,42.45148849487305,39.60209404162197,10.803732390497247,0.1346153846153846,2.1201054155394115,1.9204916587242717,-1.8722152709960938
Qwen_Qwen3-8B,8B,8.0,exp_c,think,gsm8k_test_000031,think,canonical,,True,thinking_segment,thinking,6,exp_c_segment_sample,256,256,3.007936716079712,15.738621227443218,1.8801943063735962,186.29290771484375,695.1272765833813,15.215201798069986,0.046875,-21.498696325492855,-15.023830885067582,-5.588134765625
Qwen_Qwen3-8B,8B,8.0,exp_c,think,gsm8k_test_000031,think,canonical,,True,thinking_segment,thinking,13,exp_c_segment_sample,256,256,4.693849563598633,12.321939211338758,3.0802061557769775,79.45484924316406,95.2243413711316,12.208190705127645,0.046875,-7.900512324204313,-5.35649823024869,0.29799747467041016
Qwen_Qwen3-8B,8B,8.0,exp_c,think,gsm8k_test_000031,think,canonical,,True,thinking_segment,thinking,20,exp_c_segment_sample,256,256,6.065596580505371,11.088249875232577,4.428462982177734,41.189998626708984,23.65439913459133,11.018816496677328,0.078125,-3.208773962150123,-2.2658712938427925,-1.8722152709960938
Qwen_Qwen3-8B,8B,8.0,exp_c,think,gsm8k_test_000135,think,canonical,,True,answer_segment,think_answer,6,exp_c_segment_sample,44,44,3.007936716079712,12.376144181598317,3.254692316055298,44.40715026855469,82.68594416109313,12.04743416364803,0.0,-3.376701211929328,-2.3476410995830186,-6.781526565551758
Qwen_Qwen3-8B,8B,8.0,exp_c,think,gsm8k_test_000135,think,canonical,,True,answer_segment,think_answer,13,exp_c_segment_sample,44,44,4.693849563598633,13.612205803394318,3.5728256702423096,31.608844757080078,51.38090631845798,13.527698633282684,0.06818181818181818,-6.519923424720765,-3.9574311863292344,-2.4832334518432617
Qwen_Qwen3-8B,8B,8.0,exp_c,think,gsm8k_test_000135,think,canonical,,True,answer_segment,think_answer,20,exp_c_segment_sample,44,44,6.065596580505371,11.73242548379031,5.231928825378418,21.6861629486084,15.604272895627416,11.547952929208446,0.09090909090909091,-3.116774823448872,-2.590768337249756,-1.731410026550293
Qwen_Qwen3-8B,8B,8.0,exp_c,think,gsm8k_test_000135,think,canonical,,True,thinking_segment,thinking,6,exp_c_segment_sample,220,220,3.007936716079712,17.51984293244102,2.266676664352417,221.5692596435547,756.953214042323,17.0465496838365,0.04090909090909091,-15.638029609418911,-8.812422847747804,-6.781526565551758
Qwen_Qwen3-8B,8B,8.0,exp_c,think,gsm8k_test_000135,think,canonical,,True,thinking_segment,thinking,13,exp_c_segment_sample,220,220,4.693849563598633,11.92533241293647,2.7885360717773438,93.05940246582031,100.48241881302195,11.775793551310013,0.10454545454545454,-7.305048904032542,-5.695619383725255,-2.4832334518432617
Qwen_Qwen3-8B,8B,8.0,exp_c,think,gsm8k_test_000135,think,canonical,,True,thinking_segment,thinking,20,exp_c_segment_sample,220,220,6.065596580505371,11.362168635021556,3.080411672592163,38.107173919677734,29.893080667522067,11.24608845688981,0.10454545454545454,-3.6528906663520346,-2.8193035602569587,-1.731410026550293
Qwen_Qwen3-8B,8B,8.0,exp_c,think,gsm8k_test_000247,think,canonical,,True,answer_segment,think_answer,6,exp_c_segment_sample,48,48,3.007936716079712,12.979893994828066,1.5402549505233765,48.66397476196289,96.81374810185038,12.650239033901947,0.10416666666666667,-4.710345929678609,-4.173220336437225,-44.754634857177734
Qwen_Qwen3-8B,8B,8.0,exp_c,think,gsm8k_test_000247,think,canonical,,True,answer_segment,think_answer,13,exp_c_segment_sample,48,48,4.693849563598633,11.065408483147621,3.3094708919525146,27.153671264648438,30.400142414901342,10.982959590059647,0.0625,-4.55607538138117,-3.5981126228968296,-6.720363616943359
Qwen_Qwen3-8B,8B,8.0,exp_c,think,gsm8k_test_000247,think,canonical,,True,answer_segment,think_answer,20,exp_c_segment_sample,48,48,6.065596580505371,12.250511835018793,3.1828041076660156,31.356054306030273,36.56162695110826,11.936740499861695,0.14583333333333334,-0.4288046883077042,0.1630174716313686,0.026137351989746094
Qwen_Qwen3-8B,8B,8.0,exp_c,think,gsm8k_test_000247,think,canonical,,True,thinking_segment,thinking,6,exp_c_segment_sample,256,256,3.007936716079712,22.265633364673704,1.9265961647033691,235.1748504638672,1139.4568805119761,22.07268460131023,0.109375,-35.592412092443844,-28.682606536895037,-44.754634857177734
Qwen_Qwen3-8B,8B,8.0,exp_c,think,gsm8k_test_000247,think,canonical,,True,thinking_segment,thinking,13,exp_c_segment_sample,256,256,4.693849563598633,12.604870858602226,2.245915174484253,65.62342834472656,112.8657677753384,12.417652658937715,0.2109375,-12.286771190892061,-10.001743752509356,-6.720363616943359
Qwen_Qwen3-8B,8B,8.0,exp_c,think,gsm8k_test_000247,think,canonical,,True,thinking_segment,thinking,20,exp_c_segment_sample,256,256,6.065596580505371,21.114394403994083,4.000964164733887,2644.672119140625,27027.881032286525,19.833741650037016,0.1953125,46.910620608441704,37.107121005654335,0.026137351989746094
Qwen_Qwen3-8B,8B,8.0,exp_c,think,gsm8k_test_000252,think,canonical,,True,answer_segment,think_answer,6,exp_c_segment_sample,56,56,3.007936716079712,12.881769916840963,2.590226888656616,44.691654205322266,91.69770108611203,12.668896766142414,0.017857142857142856,-11.624101299540444,-8.736545341355459,-70.25279235839844
Qwen_Qwen3-8B,8B,8.0,exp_c,think,gsm8k_test_000252,think,canonical,,True,answer_segment,think_answer,13,exp_c_segment_sample,56,56,4.693849563598633,11.376679331064224,3.505805492401123,28.19111442565918,28.143556517491422,11.277239326997238,0.05357142857142857,-5.560126963862789,-5.608356237411499,-23.883686065673828
Qwen_Qwen3-8B,8B,8.0,exp_c,think,gsm8k_test_000252,think,canonical,,True,answer_segment,think_answer,20,exp_c_segment_sample,56,56,6.065596580505371,11.827226093837194,5.424384117126465,34.5013313293457,24.079905414187078,11.560511103543371,0.05357142857142857,-2.385793178601368,-2.317132268633161,-23.92859649658203
Qwen_Qwen3-8B,8B,8.0,exp_c,think,gsm8k_test_000252,think,canonical,,True,thinking_segment,thinking,6,exp_c_segment_sample,256,256,3.007936716079712,16.31558934226632,1.1231157779693604,201.62026977539062,787.6234031357183,16.004015312509598,0.22265625,0.6160076104844545,1.0376991592347622,-70.25279235839844
Qwen_Qwen3-8B,8B,8.0,exp_c,think,gsm8k_test_000252,think,canonical,,True,thinking_segment,thinking,13,exp_c_segment_sample,256,256,4.693849563598633,12.726626609452069,2.104065418243408,91.96973419189453,167.92196319520676,12.628165683711359,0.1640625,-0.4839854624730692,0.6429974921047688,-23.883686065673828
Qwen_Qwen3-8B,8B,8.0,exp_c,think,gsm8k_test_000252,think,canonical,,True,thinking_segment,thinking,20,exp_c_segment_sample,256,256,6.065596580505371,12.408172668889165,3.381988048553467,106.203857421875,77.72104405085,12.285230227379458,0.1328125,0.24676949489527122,0.20861126109957695,-23.92859649658203
Qwen_Qwen3-8B,8B,8.0,exp_c,think,gsm8k_test_000310,think,canonical,,False,answer_segment,think_answer,6,exp_c_segment_sample,69,69,3.007936716079712,13.23647365362748,2.9305057525634766,67.50801849365234,164.6004821169143,13.062532235594356,0.014492753623188406,-14.559699126652305,-13.297596944702995,-1.6820945739746094
Qwen_Qwen3-8B,8B,8.0,exp_c,think,gsm8k_test_000310,think,canonical,,False,answer_segment,think_answer,13,exp_c_segment_sample,69,69,4.693849563598633,11.776965438455775,4.981533527374268,27.683027267456055,38.22707786548721,11.7003682641422,0.0,-8.26992000674609,-7.7545390129089355,-23.48539161682129
Qwen_Qwen3-8B,8B,8.0,exp_c,think,gsm8k_test_000310,think,canonical,,False,answer_segment,think_answer,20,exp_c_segment_sample,69,69,6.065596580505371,11.814536087754844,5.5493550300598145,53.49751281738281,41.14741398666779,11.660547782393063,0.028985507246376812,-3.0126716850707247,-3.3016185760498047,-13.95177936553955
Qwen_Qwen3-8B,8B,8.0,exp_c,think,gsm8k_test_000310,think,canonical,,False,thinking_segment,thinking,6,exp_c_segment_sample,256,256,3.007936716079712,13.210839507635683,1.4069411754608154,242.40036010742188,671.7638033581843,12.788661502092793,0.203125,-18.81316516751885,-15.799532103538514,-1.6820945739746094
Qwen_Qwen3-8B,8B,8.0,exp_c,think,gsm8k_test_000310,think,canonical,,False,thinking_segment,thinking,13,exp_c_segment_sample,256,256,4.693849563598633,11.154032005462795,1.9827896356582642,124.69286346435547,132.75601615127127,10.914690824173316,0.1328125,-5.573614939090117,-3.957345373813922,-23.48539161682129
Qwen_Qwen3-8B,8B,8.0,exp_c,think,gsm8k_test_000310,think,canonical,,False,thinking_segment,thinking,20,exp_c_segment_sample,256,256,6.065596580505371,37.04264938272536,3.1862504482269287,6311.16748046875,154461.0951694622,34.299859477816256,0.125,109.40539540156377,92.35582511608416,-13.95177936553955
Qwen_Qwen3-8B,8B,8.0,exp_c,think,gsm8k_test_000343,think,canonical,,True,answer_segment,think_answer,6,exp_c_segment_sample,57,57,3.007936716079712,13.083464563938609,3.9086742401123047,38.94778060913086,76.15256017561036,12.90808834348406,0.0,-6.355658119257055,-5.773642730712892,-33.522918701171875
Qwen_Qwen3-8B,8B,8.0,exp_c,think,gsm8k_test_000343,think,canonical,,True,answer_segment,think_answer,13,exp_c_segment_sample,57,57,4.693849563598633,11.941501550507127,4.425724983215332,31.18889045715332,28.74294791596166,11.891800037452153,0.017543859649122806,-4.5308255197348535,-3.766072718302409,-7.663789749145508
Qwen_Qwen3-8B,8B,8.0,exp_c,think,gsm8k_test_000343,think,canonical,,True,answer_segment,think_answer,20,exp_c_segment_sample,57,57,6.065596580505371,11.40086128837184,5.245643615722656,31.064672470092773,25.75399627650911,11.154517003468106,0.10526315789473684,-2.3117875377842028,-1.3353988011678055,-2.1463623046875
Qwen_Qwen3-8B,8B,8.0,exp_c,think,gsm8k_test_000343,think,canonical,,True,thinking_segment,thinking,6,exp_c_segment_sample,163,163,3.007936716079712,19.189868081566747,2.055262804031372,145.71932983398438,520.0887338072923,18.69398341649844,0.08588957055214724,-10.403187469934473,-10.347859144210815,-33.522918701171875
Qwen_Qwen3-8B,8B,8.0,exp_c,think,gsm8k_test_000343,think,canonical,,True,thinking_segment,thinking,13,exp_c_segment_sample,163,163,4.693849563598633,13.651897831197166,3.671985149383545,47.60873031616211,65.63901852880832,13.493536280997006,0.03680981595092025,-1.8899747548694785,-2.249216510028374,-7.663789749145508
Qwen_Qwen3-8B,8B,8.0,exp_c,think,gsm8k_test_000343,think,canonical,,True,thinking_segment,thinking,20,exp_c_segment_sample,163,163,6.065596580505371,30.334808159459588,4.345582008361816,3017.966552734375,55123.56548586846,30.29182681036593,0.049079754601226995,14.401740002236151,-1.9024399548042101,-2.1463623046875
Qwen_Qwen3-8B,8B,8.0,exp_c,think,gsm8k_test_000361,think,canonical,,True,answer_segment,think_answer,6,exp_c_segment_sample,58,58,3.007936716079712,15.212689446991888,1.8968614339828491,85.82354736328125,238.17265531804003,14.651551989086888,0.08620689655172414,-6.3769187780237635,-6.401007477442423,-5.40336799621582
Qwen_Qwen3-8B,8B,8.0,exp_c,think,gsm8k_test_000361,think,canonical,,True,answer_segment,think_answer,13,exp_c_segment_sample,58,58,4.693849563598633,11.679893251123099,3.0985496044158936,27.846752166748047,35.841673147967285,11.503692731522678,0.08620689655172414,-6.4300270748026955,-5.847129631042479,-2.1978626251220703
Qwen_Qwen3-8B,8B,8.0,exp_c,think,gsm8k_test_000361,think,canonical,,True,answer_segment,think_answer,20,exp_c_segment_sample,58,58,6.065596580505371,11.733204093472711,5.403492450714111,30.54795265197754,29.33019379818454,11.553911736136989,0.05172413793103448,-3.978470352781504,-4.624081993103026,-2.077885627746582
Qwen_Qwen3-8B,8B,8.0,exp_c,think,gsm8k_test_000361,think,canonical,,True,thinking_segment,thinking,6,exp_c_segment_sample,256,256,3.007936716079712,19.054501022212207,1.8355491161346436,246.1976776123047,902.3267120168696,18.957673920078513,0.1015625,-13.474062849980408,-10.495183542370796,-5.40336799621582
Qwen_Qwen3-8B,8B,8.0,exp_c,think,gsm8k_test_000361,think,canonical,,True,thinking_segment,thinking,13,exp_c_segment_sample,256,256,4.693849563598633,13.301634443923831,3.055074453353882,70.40736389160156,95.85769669043916,13.237795527727325,0.07421875,-4.150354667701409,-3.130446471273899,-2.1978626251220703
Qwen_Qwen3-8B,8B,8.0,exp_c,think,gsm8k_test_000361,think,canonical,,True,thinking_segment,thinking,20,exp_c_segment_sample,256,256,6.065596580505371,32.94236253015697,4.437829494476318,5310.48291015625,109257.50011270198,28.474314745949734,0.03125,87.2787973856348,82.33306106179953,-2.077885627746582
Qwen_Qwen3-8B,8B,8.0,exp_c,think,gsm8k_test_000433,think,canonical,,True,answer_segment,think_answer,6,exp_c_segment_sample,57,57,3.007936716079712,14.434749440142983,3.6486756801605225,91.46675109863281,176.6740858692202,13.787091872521811,0.0,6.510786494412558,5.044947433471679,-5.253727912902832
Qwen_Qwen3-8B,8B,8.0,exp_c,think,gsm8k_test_000433,think,canonical,,True,answer_segment,think_answer,13,exp_c_segment_sample,57,57,4.693849563598633,11.539929231007894,4.719014644622803,30.853557586669922,23.358542874107613,11.492479988506862,0.0,-0.46318751021869176,-1.3264642079671223,-4.35406494140625
Qwen_Qwen3-8B,8B,8.0,exp_c,think,gsm8k_test_000433,think,canonical,,True,answer_segment,think_answer,20,exp_c_segment_sample,57,57,6.065596580505371,13.025442282358805,6.381830215454102,28.233688354492188,20.69838267047459,12.975833211626325,0.0,0.4667601438269552,-0.8839188893636063,-4.069700241088867
Qwen_Qwen3-8B,8B,8.0,exp_c,think,gsm8k_test_000433,think,canonical,,True,thinking_segment,thinking,6,exp_c_segment_sample,195,195,3.007936716079712,17.929464050439687,2.271450996398926,173.9555206298828,585.3527326399521,17.403995822385408,0.07692307692307693,-22.235986516614194,-14.351338493580723,-5.253727912902832
Qwen_Qwen3-8B,8B,8.0,exp_c,think,gsm8k_test_000433,think,canonical,,True,thinking_segment,thinking,13,exp_c_segment_sample,195,195,4.693849563598633,13.376501489296938,3.245948553085327,54.60386657714844,93.16843617941396,13.211079179626148,0.05128205128205128,-10.093271892074524,-7.2685870443071625,-4.35406494140625
Qwen_Qwen3-8B,8B,8.0,exp_c,think,gsm8k_test_000433,think,canonical,,True,thinking_segment,thinking,20,exp_c_segment_sample,195,195,6.065596580505371,11.47698169854971,4.661740303039551,36.08493423461914,23.178144441006935,11.363907374057574,0.05128205128205128,-2.8960339345587762,-1.778988877121284,-4.069700241088867
Qwen_Qwen3-8B,8B,8.0,exp_c,think,gsm8k_test_000472,think,canonical,,True,answer_segment,think_answer,6,exp_c_segment_sample,41,41,3.007936716079712,14.759619544192057,3.6910269260406494,39.8788948059082,88.71506688038447,14.635099405050278,0.0,-10.84824810293907,-8.26775037158619,-18.42724609375
Qwen_Qwen3-8B,8B,8.0,exp_c,think,gsm8k_test_000472,think,canonical,,True,answer_segment,think_answer,13,exp_c_segment_sample,41,41,4.693849563598633,12.737108951661645,4.783579349517822,23.42780113220215,27.286093141986516,12.76825100183487,0.0,-6.047701892121723,-4.860743999481203,-3.6234302520751953
Qwen_Qwen3-8B,8B,8.0,exp_c,think,gsm8k_test_000472,think,canonical,,True,answer_segment,think_answer,20,exp_c_segment_sample,41,41,6.065596580505371,11.375545955285794,5.399796485900879,23.299509048461914,12.792886531208108,11.311570370197298,0.04878048780487805,-2.687815466824294,-2.542261903936213,-1.0615568161010742
Qwen_Qwen3-8B,8B,8.0,exp_c,think,gsm8k_test_000472,think,canonical,,True,thinking_segment,thinking,6,exp_c_segment_sample,153,153,3.007936716079712,21.043196441301333,2.093287229537964,132.34127807617188,639.9836317170448,20.552337414339974,0.08496732026143791,-11.435401457880491,-8.72660267047393,-18.42724609375
Qwen_Qwen3-8B,8B,8.0,exp_c,think,gsm8k_test_000472,think,canonical,,True,thinking_segment,thinking,13,exp_c_segment_sample,153,153,4.693849563598633,14.325207214729458,2.9604341983795166,53.86144256591797,91.78903685071195,14.178123119630312,0.05228758169934641,-5.96949160952039,-4.745713075002035,-3.6234302520751953
Qwen_Qwen3-8B,8B,8.0,exp_c,think,gsm8k_test_000472,think,canonical,,True,thinking_segment,thinking,20,exp_c_segment_sample,153,153,6.065596580505371,39.735515005448285,4.897186279296875,4166.2431640625,112052.53597641585,39.806002155730454,0.05228758169934641,52.2458132330261,-0.06485129625369268,-1.0615568161010742
Qwen_Qwen3-8B,8B,8.0,exp_c,think,gsm8k_test_000514,think,canonical,,True,answer_segment,think_answer,6,exp_c_segment_sample,49,49,3.007936716079712,12.74775454462791,3.251584053039551,41.99016571044922,86.22391197649654,12.470905701319378,0.0,-4.545258536046871,-3.827377722813532,-38.91552734375
Qwen_Qwen3-8B,8B,8.0,exp_c,think,gsm8k_test_000514,think,canonical,,True,answer_segment,think_answer,13,exp_c_segment_sample,49,49,4.693849563598633,11.011051888368568,4.713643550872803,20.89947509765625,21.15158457841203,10.892877926429113,0.0,-6.229372152211714,-4.123713309948261,-12.922277450561523
Qwen_Qwen3-8B,8B,8.0,exp_c,think,gsm8k_test_000514,think,canonical,,True,answer_segment,think_answer,20,exp_c_segment_sample,49,49,6.065596580505371,10.819210743417544,4.882717132568359,21.36167335510254,12.23746447126467,10.626937141021092,0.061224489795918366,-3.395996797522723,-2.7668399810791016,-3.4090194702148438
Qwen_Qwen3-8B,8B,8.0,exp_c,think,gsm8k_test_000514,think,canonical,,True,thinking_segment,thinking,6,exp_c_segment_sample,243,243,3.007936716079712,16.244027037679412,1.3662149906158447,156.75003051757812,582.8870236854397,15.851567124532263,0.20987654320987653,-5.445042522661431,-4.2052697959493415,-38.91552734375
Qwen_Qwen3-8B,8B,8.0,exp_c,think,gsm8k_test_000514,think,canonical,,True,thinking_segment,thinking,13,exp_c_segment_sample,243,243,4.693849563598633,13.179501217579155,2.5573956966400146,61.60995101928711,113.66735341083982,13.00960278511047,0.10699588477366255,-3.46528386485839,-2.9388177082186857,-12.922277450561523
Qwen_Qwen3-8B,8B,8.0,exp_c,think,gsm8k_test_000514,think,canonical,,True,thinking_segment,thinking,20,exp_c_segment_sample,243,243,6.065596580505371,26.463927307246642,3.5196950435638428,3595.043701171875,52655.78663328277,26.40838043650335,0.11522633744855967,12.84179858827464,-1.8481038984705194,-3.4090194702148438
Qwen_Qwen3-8B,8B,8.0,exp_c,think,gsm8k_test_000549,think,canonical,,True,answer_segment,think_answer,6,exp_c_segment_sample,43,43,3.007936716079712,13.426939226860224,2.404541015625,36.35714340209961,68.21075881981515,13.42300920827048,0.06976744186046512,-3.478846019216628,-1.6958133957602755,-8.842443466186523
Qwen_Qwen3-8B,8B,8.0,exp_c,think,gsm8k_test_000549,think,canonical,,True,answer_segment,think_answer,13,exp_c_segment_sample,43,43,4.693849563598633,12.334846845892972,3.0681018829345703,26.31214714050293,33.05951573537574,12.337114890416464,0.06976744186046512,-4.2559502981682025,-3.6330647468566895,0.8873624801635742
Qwen_Qwen3-8B,8B,8.0,exp_c,think,gsm8k_test_000549,think,canonical,,True,answer_segment,think_answer,20,exp_c_segment_sample,43,43,6.065596580505371,10.401070877563122,3.6880085468292236,16.94978904724121,10.365523545772058,10.25927820092156,0.16279069767441862,-2.513554691008231,-1.2656212286515682,-1.4252700805664062
Qwen_Qwen3-8B,8B,8.0,exp_c,think,gsm8k_test_000549,think,canonical,,True,thinking_segment,thinking,6,exp_c_segment_sample,256,256,3.007936716079712,14.407321068458259,1.860816240310669,155.9791259765625,662.8527410940849,13.813022171170259,0.17578125,-2.6043861875044465,0.057331373915076256,-8.842443466186523
Qwen_Qwen3-8B,8B,8.0,exp_c,think,gsm8k_test_000549,think,canonical,,True,thinking_segment,thinking,13,exp_c_segment_sample,256,256,4.693849563598633,10.613608185201883,2.8252604007720947,75.44009399414062,112.57372958644522,10.51561797617552,0.25,-1.0284778620457675,0.33140910416841507,0.8873624801635742
Qwen_Qwen3-8B,8B,8.0,exp_c,think,gsm8k_test_000549,think,canonical,,True,thinking_segment,thinking,20,exp_c_segment_sample,256,256,6.065596580505371,10.25637583155185,2.922276258468628,87.86502838134766,61.47369205216466,10.067717207036395,0.25,-0.9776541141058395,0.40949853137135506,-1.4252700805664062
Qwen_Qwen3-8B,8B,8.0,exp_c,think,gsm8k_test_000604,think,canonical,,True,answer_segment,think_answer,6,exp_c_segment_sample,46,46,3.007936716079712,13.127866138582645,2.7388157844543457,54.85059356689453,103.99086836684712,12.969277567333643,0.043478260869565216,-7.395612309753171,-7.180875738461811,-1.4682598114013672
Qwen_Qwen3-8B,8B,8.0,exp_c,think,gsm8k_test_000604,think,canonical,,True,answer_segment,think_answer,13,exp_c_segment_sample,46,46,4.693849563598633,11.859488228093022,4.274952411651611,27.59233283996582,29.68868705297665,11.802186160617405,0.021739130434782608,-5.995276095137128,-5.0390636920928955,-3.140200614929199
Qwen_Qwen3-8B,8B,8.0,exp_c,think,gsm8k_test_000604,think,canonical,,True,answer_segment,think_answer,20,exp_c_segment_sample,46,46,6.065596580505371,11.895943403244019,4.953855991363525,24.62058448791504,18.35681483515792,11.660071913401287,0.021739130434782608,-4.755809427961828,-4.469805836677551,0.8586549758911133
Qwen_Qwen3-8B,8B,8.0,exp_c,think,gsm8k_test_000604,think,canonical,,True,thinking_segment,thinking,6,exp_c_segment_sample,221,221,3.007936716079712,14.154357325437381,2.1528868675231934,163.8474578857422,488.0389739359438,13.721443915367129,0.08144796380090498,-10.5199199540991,-8.488950090748922,-1.4682598114013672
Qwen_Qwen3-8B,8B,8.0,exp_c,think,gsm8k_test_000604,think,canonical,,True,thinking_segment,thinking,13,exp_c_segment_sample,221,221,4.693849563598633,11.631029105294344,3.395725965499878,58.13418960571289,69.87653335066796,11.477139709212564,0.06787330316742081,-2.87110998619736,-1.9529918857983173,-3.140200614929199
Qwen_Qwen3-8B,8B,8.0,exp_c,think,gsm8k_test_000604,think,canonical,,True,thinking_segment,thinking,20,exp_c_segment_sample,221,221,6.065596580505371,28.795467974373658,4.733855724334717,4083.036376953125,74736.28323485445,28.774713700468006,0.09502262443438914,75.3335431950212,70.81370924200331,0.8586549758911133
Qwen_Qwen3-8B,8B,8.0,exp_c,think,gsm8k_test_000629,think,canonical,,True,answer_segment,think_answer,6,exp_c_segment_sample,67,67,3.007936716079712,16.05264065158901,3.0327041149139404,86.49203491210938,251.9911441081707,15.719462206869414,0.0,-14.931629725775247,-11.265514219508454,-18.857152938842773
Qwen_Qwen3-8B,8B,8.0,exp_c,think,gsm8k_test_000629,think,canonical,,True,answer_segment,think_answer,13,exp_c_segment_sample,67,67,4.693849563598633,12.02695894241333,4.520916938781738,26.43255615234375,32.217604842669374,11.944356679916384,0.029850746268656716,-5.872679118423534,-5.181532747605267,-8.19650650024414
Qwen_Qwen3-8B,8B,8.0,exp_c,think,gsm8k_test_000629,think,canonical,,True,answer_segment,think_answer,20,exp_c_segment_sample,67,67,6.065596580505371,11.317694578597795,5.484603404998779,30.351831436157227,21.289094079318076,11.15529022794781,0.04477611940298507,-1.7391780534263748,-2.1783326653873214,-7.948341369628906
Qwen_Qwen3-8B,8B,8.0,exp_c,think,gsm8k_test_000629,think,canonical,,True,thinking_segment,thinking,6,exp_c_segment_sample,256,256,3.007936716079712,12.970879951957613,1.5467603206634521,156.34803771972656,378.46399904863785,12.68572342253382,0.10546875,-11.141696211823755,-8.843733431771398,-18.857152938842773
Qwen_Qwen3-8B,8B,8.0,exp_c,think,gsm8k_test_000629,think,canonical,,True,thinking_segment,thinking,13,exp_c_segment_sample,256,256,4.693849563598633,11.84308058489114,2.02516508102417,70.60269927978516,96.57709894373704,11.76334197325918,0.109375,-7.293469030557518,-5.896258387714624,-8.19650650024414
Qwen_Qwen3-8B,8B,8.0,exp_c,think,gsm8k_test_000629,think,canonical,,True,thinking_segment,thinking,20,exp_c_segment_sample,256,256,6.065596580505371,30.99709423352033,3.8183820247650146,4915.62060546875,93613.95933022714,28.43258861429453,0.12109375,-50.870988227410805,-3.013895832002163,-7.948341369628906
Qwen_Qwen3-8B,8B,8.0,exp_c,think,gsm8k_test_000640,think,canonical,,True,answer_segment,think_answer,6,exp_c_segment_sample,73,73,3.007936716079712,11.429698431328552,2.772933006286621,52.7608528137207,99.25131444794972,11.254447119103537,0.0410958904109589,-6.828280070762815,-7.124530516172708,-28.530372619628906
Qwen_Qwen3-8B,8B,8.0,exp_c,think,gsm8k_test_000640,think,canonical,,True,answer_segment,think_answer,13,exp_c_segment_sample,73,73,4.693849563598633,10.943489887943006,3.6335461139678955,36.38462448120117,36.375782504028535,10.856022049983341,0.0410958904109589,-6.7509272277730314,-6.248576239535682,-12.534724235534668
Qwen_Qwen3-8B,8B,8.0,exp_c,think,gsm8k_test_000640,think,canonical,,True,answer_segment,think_answer,20,exp_c_segment_sample,73,73,6.065596580505371,9.56517845310577,4.7946319580078125,21.023866653442383,9.753989578793272,9.490487575531006,0.0273972602739726,-0.6556091509850389,-0.9529345412003369,-6.425597190856934
Qwen_Qwen3-8B,8B,8.0,exp_c,think,gsm8k_test_000640,think,canonical,,True,thinking_segment,thinking,6,exp_c_segment_sample,256,256,3.007936716079712,13.969588929321617,1.7473284006118774,180.2260284423828,486.4286929267272,13.660163261806183,0.0625,-11.807705950756578,-8.773010868292587,-28.530372619628906
Qwen_Qwen3-8B,8B,8.0,exp_c,think,gsm8k_test_000640,think,canonical,,True,thinking_segment,thinking,13,exp_c_segment_sample,256,256,4.693849563598633,12.93552063126117,3.176635503768921,78.75628662109375,103.2187150280373,12.841003437405046,0.07421875,-8.45524181970882,-6.643886617513802,-12.534724235534668
Qwen_Qwen3-8B,8B,8.0,exp_c,think,gsm8k_test_000640,think,canonical,,True,thinking_segment,thinking,20,exp_c_segment_sample,256,256,6.065596580505371,28.035597474314272,3.1752331256866455,4214.45703125,68764.72867672231,28.624878587606354,0.09375,17.046323385677347,-2.179920574334952,-6.425597190856934
Qwen_Qwen3-8B,8B,8.0,exp_c,think,gsm8k_test_000641,think,canonical,,True,answer_segment,think_answer,6,exp_c_segment_sample,65,65,3.007936716079712,14.241474518409142,2.118320941925049,77.16896057128906,227.89254464242617,13.770875938236713,0.06153846153846154,-2.4425495541179276,-3.1701817091773563,-30.781299591064453
Qwen_Qwen3-8B,8B,8.0,exp_c,think,gsm8k_test_000641,think,canonical,,True,answer_segment,think_answer,13,exp_c_segment_sample,65,65,4.693849563598633,10.291661467918983,3.6093990802764893,29.20506477355957,25.839803536855896,10.21279688179493,0.046153846153846156,-4.354949266927234,-3.777994352228502,-15.396242141723633
Qwen_Qwen3-8B,8B,8.0,exp_c,think,gsm8k_test_000641,think,canonical,,True,answer_segment,think_answer,20,exp_c_segment_sample,65,65,6.065596580505371,10.701711522615874,5.070190906524658,33.43818664550781,20.668206807114267,10.48470789194107,0.06153846153846154,-0.4996172871623086,-1.2309803121230178,-14.237112998962402
Qwen_Qwen3-8B,8B,8.0,exp_c,think,gsm8k_test_000641,think,canonical,,True,thinking_segment,thinking,6,exp_c_segment_sample,256,256,3.007936716079712,17.03021815326065,1.6545627117156982,280.67279052734375,971.278933765199,16.32359471597169,0.23046875,-27.364260698477583,-19.228107951581478,-30.781299591064453
Qwen_Qwen3-8B,8B,8.0,exp_c,think,gsm8k_test_000641,think,canonical,,True,thinking_segment,thinking,13,exp_c_segment_sample,256,256,4.693849563598633,13.79801902640611,2.5841269493103027,127.73112487792969,223.3980533034892,13.574656335178176,0.15625,-14.08881620561364,-10.331167317926884,-15.396242141723633
Qwen_Qwen3-8B,8B,8.0,exp_c,think,gsm8k_test_000641,think,canonical,,True,thinking_segment,thinking,20,exp_c_segment_sample,256,256,6.065596580505371,30.87631315458566,3.5680952072143555,4529.46044921875,79468.44999911301,32.07632887865379,0.14453125,86.96783421885891,64.65022421628237,-14.237112998962402
Qwen_Qwen3-8B,8B,8.0,exp_c,think,gsm8k_test_000645,think,canonical,,True,answer_segment,think_answer,6,exp_c_segment_sample,37,37,3.007936716079712,12.325294017791748,3.5832133293151855,30.09278678894043,49.86163960686567,12.182496534453497,0.0,-5.103848854813764,-4.234785413742063,-5.669458389282227
Qwen_Qwen3-8B,8B,8.0,exp_c,think,gsm8k_test_000645,think,canonical,,True,answer_segment,think_answer,13,exp_c_segment_sample,37,37,4.693849563598633,12.881178095534041,4.811972618103027,23.01301383972168,34.46647139348002,12.883776836925085,0.0,-10.173476273440368,-8.165199279785156,-0.3806009292602539
Qwen_Qwen3-8B,8B,8.0,exp_c,think,gsm8k_test_000645,think,canonical,,True,answer_segment,think_answer,20,exp_c_segment_sample,37,37,6.065596580505371,11.294031594250653,4.940936088562012,30.513891220092773,21.821433510181947,11.147948384284975,0.05405405405405406,-7.081203346740804,-6.062943887710571,-1.9332408905029297
Qwen_Qwen3-8B,8B,8.0,exp_c,think,gsm8k_test_000645,think,canonical,,True,thinking_segment,thinking,6,exp_c_segment_sample,198,198,3.007936716079712,19.498589676437955,1.7923349142074585,188.2608642578125,693.0910202978195,18.933206255060767,0.1111111111111111,-14.847698499010335,-10.36417507171631,-5.669458389282227
Qwen_Qwen3-8B,8B,8.0,exp_c,think,gsm8k_test_000645,think,canonical,,True,thinking_segment,thinking,13,exp_c_segment_sample,198,198,4.693849563598633,12.991867420649287,3.2931814193725586,68.16612243652344,107.71681358229233,12.869258584104816,0.12626262626262627,-4.033879309824606,-2.5448539638519296,-0.3806009292602539
Qwen_Qwen3-8B,8B,8.0,exp_c,think,gsm8k_test_000645,think,canonical,,True,thinking_segment,thinking,20,exp_c_segment_sample,198,198,6.065596580505371,11.505595048268637,4.242917060852051,39.661964416503906,33.79659580131097,11.368712812510847,0.06060606060606061,-0.29582155191938225,0.554221067428589,-1.9332408905029297
Qwen_Qwen3-8B,8B,8.0,exp_c,think,gsm8k_test_000655,think,canonical,,True,answer_segment,think_answer,6,exp_c_segment_sample,49,49,3.007936716079712,14.67816262342492,2.9078571796417236,43.159141540527344,98.10417328026686,14.402419418096542,0.061224489795918366,-3.2218718439219045,-0.1188572736886826,-2.193117141723633
Qwen_Qwen3-8B,8B,8.0,exp_c,think,gsm8k_test_000655,think,canonical,,True,answer_segment,think_answer,13,exp_c_segment_sample,49,49,4.693849563598633,13.121831378158259,3.5839171409606934,28.508686065673828,39.97964659266396,13.044588148593904,0.04081632653061224,-0.6729404441677838,1.5856575232285728,-0.574458122253418
Qwen_Qwen3-8B,8B,8.0,exp_c,think,gsm8k_test_000655,think,canonical,,True,answer_segment,think_answer,20,exp_c_segment_sample,49,49,6.065596580505371,12.966242673445722,5.240052223205566,33.612091064453125,28.97783934738651,12.671532611052196,0.04081632653061224,-0.020382502030358008,0.6411757102379436,-0.6298093795776367
Qwen_Qwen3-8B,8B,8.0,exp_c,think,gsm8k_test_000655,think,canonical,,True,thinking_segment,thinking,6,exp_c_segment_sample,244,244,3.007936716079712,15.250152636746892,1.4127521514892578,119.3079605102539,399.1202415274615,14.893585364023842,0.14754098360655737,-8.457004558262325,-4.222853609772979,-2.193117141723633
Qwen_Qwen3-8B,8B,8.0,exp_c,think,gsm8k_test_000655,think,canonical,,True,thinking_segment,thinking,13,exp_c_segment_sample,244,244,4.693849563598633,10.987655770583231,2.3867292404174805,70.56489562988281,61.98384136447808,10.81166786029015,0.12295081967213115,-4.078240583269173,-2.4315017559489256,-0.574458122253418
Qwen_Qwen3-8B,8B,8.0,exp_c,think,gsm8k_test_000655,think,canonical,,True,thinking_segment,thinking,20,exp_c_segment_sample,244,244,6.065596580505371,10.80764126973074,3.272993803024292,46.54951095581055,30.80003244006875,10.679993992479739,0.1680327868852459,-1.478837571282885,-0.9296355482007641,-0.6298093795776367
Qwen_Qwen3-8B,8B,8.0,exp_c,think,gsm8k_test_000697,think,canonical,,True,answer_segment,think_answer,6,exp_c_segment_sample,47,47,3.007936716079712,13.08750327597273,2.7961273193359375,58.24982452392578,151.92796268356702,12.933514050815416,0.0425531914893617,-1.1164736684332572,2.2715982596079503,-19.874135971069336
Qwen_Qwen3-8B,8B,8.0,exp_c,think,gsm8k_test_000697,think,canonical,,True,answer_segment,think_answer,13,exp_c_segment_sample,47,47,4.693849563598633,10.980301491757656,3.6577353477478027,28.18903923034668,27.11881979839408,10.860164642333986,0.06382978723404255,-5.550587352285996,-2.4679847558339425,-7.082969665527344
Qwen_Qwen3-8B,8B,8.0,exp_c,think,gsm8k_test_000697,think,canonical,,True,answer_segment,think_answer,20,exp_c_segment_sample,47,47,6.065596580505371,10.293384633165724,5.261009693145752,22.580718994140625,13.861548095320197,10.111378327659938,0.0851063829787234,-1.2294927378918286,0.026646176973978086,-4.705498695373535
Qwen_Qwen3-8B,8B,8.0,exp_c,think,gsm8k_test_000697,think,canonical,,True,thinking_segment,thinking,6,exp_c_segment_sample,176,176,3.007936716079712,15.182453059337355,2.110769748687744,141.16908264160156,438.2978920930356,14.677720000403273,0.09090909090909091,4.267778798455661,0.3939615000378005,-19.874135971069336
Qwen_Qwen3-8B,8B,8.0,exp_c,think,gsm8k_test_000697,think,canonical,,True,thinking_segment,thinking,13,exp_c_segment_sample,176,176,4.693849563598633,10.776167850602757,3.067758321762085,61.606510162353516,65.39919595880234,10.535132841382708,0.17045454545454544,-2.0345027477054076,-2.5100573301315308,-7.082969665527344
Qwen_Qwen3-8B,8B,8.0,exp_c,think,gsm8k_test_000697,think,canonical,,True,thinking_segment,thinking,20,exp_c_segment_sample,176,176,6.065596580505371,10.417586383494465,3.4533746242523193,32.285552978515625,26.893909995950025,10.301081709180558,0.1875,-1.2300321687535152,-1.3480401418425831,-4.705498695373535
Qwen_Qwen3-8B,8B,8.0,exp_c,think,gsm8k_test_000713,think,canonical,,True,answer_segment,think_answer,6,exp_c_segment_sample,43,43,3.007936716079712,13.591181195059487,3.73455548286438,43.822452545166016,68.74501418107563,13.249680309068587,0.0,1.2995074264090871,1.0628893592140898,-7.169872283935547
Qwen_Qwen3-8B,8B,8.0,exp_c,think,gsm8k_test_000713,think,canonical,,True,answer_segment,think_answer,13,exp_c_segment_sample,43,43,4.693849563598633,12.135229443394861,6.062861442565918,22.83514976501465,21.699253352647496,12.02964126496088,0.0,-4.4449137613082765,-4.24347348646684,1.0781888961791992
Qwen_Qwen3-8B,8B,8.0,exp_c,think,gsm8k_test_000713,think,canonical,,True,answer_segment,think_answer,20,exp_c_segment_sample,43,43,6.065596580505371,10.903484266857769,4.520099639892578,21.856855392456055,15.569704579001849,10.758303562800089,0.06976744186046512,-1.1919757034511396,-1.5048535520380195,-3.671444892883301
Qwen_Qwen3-8B,8B,8.0,exp_c,think,gsm8k_test_000713,think,canonical,,True,thinking_segment,thinking,6,exp_c_segment_sample,256,256,3.007936716079712,18.549297749064863,1.9191255569458008,181.30235290527344,746.1383301995734,18.092709866591854,0.125,-19.273844098074594,-11.073590594071607,-7.169872283935547
Qwen_Qwen3-8B,8B,8.0,exp_c,think,gsm8k_test_000713,think,canonical,,True,thinking_segment,thinking,13,exp_c_segment_sample,256,256,4.693849563598633,12.567823875695467,3.074183702468872,61.403953552246094,101.33360010697348,12.470288623230793,0.12109375,-9.267341469892337,-5.541311150330765,1.0781888961791992
Qwen_Qwen3-8B,8B,8.0,exp_c,think,gsm8k_test_000713,think,canonical,,True,thinking_segment,thinking,20,exp_c_segment_sample,256,256,6.065596580505371,11.696344969794154,4.22231912612915,45.95108413696289,37.01663348561677,11.581135370901652,0.10546875,-5.1411435446137785,-3.0146660071152898,-3.671444892883301
Qwen_Qwen3-8B,8B,8.0,exp_c,think,gsm8k_test_000759,think,canonical,,True,answer_segment,think_answer,6,exp_c_segment_sample,55,55,3.007936716079712,12.309322387521917,3.5631582736968994,34.24827575683594,50.4993760475799,12.173053092426725,0.0,-5.768121978214804,-4.4331103052411756,-9.118082046508789
Qwen_Qwen3-8B,8B,8.0,exp_c,think,gsm8k_test_000759,think,canonical,,True,answer_segment,think_answer,13,exp_c_segment_sample,55,55,4.693849563598633,11.188238490711559,5.099624156951904,20.611766815185547,18.63363004069702,11.141959914454706,0.0,-3.610810512691339,-2.8584651947021484,0.10808467864990234
Qwen_Qwen3-8B,8B,8.0,exp_c,think,gsm8k_test_000759,think,canonical,,True,answer_segment,think_answer,20,exp_c_segment_sample,55,55,6.065596580505371,10.739769727533513,5.541272163391113,26.602493286132812,13.083826753618215,10.537172176219798,0.03636363636363636,-2.385378370656582,-2.415620667593819,-0.43741416931152344
Qwen_Qwen3-8B,8B,8.0,exp_c,think,gsm8k_test_000759,think,canonical,,True,thinking_segment,thinking,6,exp_c_segment_sample,236,236,3.007936716079712,13.978805988521898,1.7136077880859375,135.724609375,417.6005716474677,13.564826926779244,0.1652542372881356,-12.71010095375949,-10.134415464886166,-9.118082046508789
Qwen_Qwen3-8B,8B,8.0,exp_c,think,gsm8k_test_000759,think,canonical,,True,thinking_segment,thinking,13,exp_c_segment_sample,236,236,4.693849563598633,11.283897857544785,3.0498900413513184,78.53421020507812,96.75315013972879,11.152304747764102,0.11016949152542373,-10.48189299755201,-8.86948313551434,0.10808467864990234
Qwen_Qwen3-8B,8B,8.0,exp_c,think,gsm8k_test_000759,think,canonical,,True,thinking_segment,thinking,20,exp_c_segment_sample,236,236,6.065596580505371,11.008835292468637,3.734522581100464,39.502891540527344,27.562021963536257,10.912635179276162,0.11016949152542373,-4.46921652891788,-3.386093943806017,-0.43741416931152344
Qwen_Qwen3-8B,8B,8.0,exp_c,think,gsm8k_test_000760,think,canonical,,True,answer_segment,think_answer,6,exp_c_segment_sample,69,69,3.007936716079712,13.586484100507652,2.6749250888824463,82.3458480834961,191.90798941106635,13.111732482910156,0.014492753623188406,-11.975271379577446,-10.89687701066335,-14.962764739990234
Qwen_Qwen3-8B,8B,8.0,exp_c,think,gsm8k_test_000760,think,canonical,,True,answer_segment,think_answer,13,exp_c_segment_sample,69,69,4.693849563598633,11.257075942080954,3.6945505142211914,28.628583908081055,26.000051963485454,11.135107506723964,0.028985507246376812,-7.341353356023754,-6.262380202611286,-8.822396278381348
Qwen_Qwen3-8B,8B,8.0,exp_c,think,gsm8k_test_000760,think,canonical,,True,answer_segment,think_answer,20,exp_c_segment_sample,69,69,6.065596580505371,10.344101940376172,6.1177778244018555,20.146154403686523,7.9736703401466515,10.216435481520259,0.0,-3.043183878786076,-2.3586348692576085,-5.085724830627441
Qwen_Qwen3-8B,8B,8.0,exp_c,think,gsm8k_test_000760,think,canonical,,True,thinking_segment,thinking,6,exp_c_segment_sample,256,256,3.007936716079712,15.205194836948067,0.9050377011299133,188.7189178466797,541.9600651924309,14.869031156047008,0.15625,-13.846727616882333,-10.892608787463262,-14.962764739990234
Qwen_Qwen3-8B,8B,8.0,exp_c,think,gsm8k_test_000760,think,canonical,,True,thinking_segment,thinking,13,exp_c_segment_sample,256,256,4.693849563598633,12.395690497942269,2.242893934249878,54.53786087036133,98.69745106056966,12.17311633202467,0.15234375,-4.642809376107796,-4.262521989528951,-8.822396278381348
Qwen_Qwen3-8B,8B,8.0,exp_c,think,gsm8k_test_000760,think,canonical,,True,thinking_segment,thinking,20,exp_c_segment_sample,256,256,6.065596580505371,27.289826080203056,3.392218828201294,3949.40380859375,60375.51963618862,22.837850046961528,0.15625,-11.013093561909873,-2.526107949476975,-5.085724830627441
Qwen_Qwen3-8B,8B,8.0,exp_c,think,gsm8k_test_000901,think,canonical,,True,answer_segment,think_answer,6,exp_c_segment_sample,44,44,3.007936716079712,15.109718978404999,3.038400650024414,41.70573043823242,97.35397121135757,15.133365581201954,0.0,-13.19580817872829,-10.550054766915062,-6.302410125732422
Qwen_Qwen3-8B,8B,8.0,exp_c,think,gsm8k_test_000901,think,canonical,,True,answer_segment,think_answer,13,exp_c_segment_sample,44,44,4.693849563598633,12.824172139167786,4.477560520172119,27.19704246520996,26.570919739349367,12.853293341259624,0.022727272727272728,-7.983716437310886,-6.71735061298717,-3.766200065612793
Qwen_Qwen3-8B,8B,8.0,exp_c,think,gsm8k_test_000901,think,canonical,,True,answer_segment,think_answer,20,exp_c_segment_sample,44,44,6.065596580505371,11.400736993009394,6.253170490264893,22.60429573059082,14.673112829206845,11.337600220081418,0.0,-5.4199238791610265,-5.38557308370417,-5.546984672546387
Qwen_Qwen3-8B,8B,8.0,exp_c,think,gsm8k_test_000901,think,canonical,,True,thinking_segment,thinking,6,exp_c_segment_sample,256,256,3.007936716079712,18.129811094142497,1.230363368988037,164.95932006835938,842.7309980745131,17.73687312640177,0.1484375,-21.39974199504233,-13.937038047239184,-6.302410125732422
Qwen_Qwen3-8B,8B,8.0,exp_c,think,gsm8k_test_000901,think,canonical,,True,thinking_segment,thinking,13,exp_c_segment_sample,256,256,4.693849563598633,12.84397946484387,1.9034909009933472,118.03669738769531,192.88137451633696,12.601889598671688,0.16796875,-11.798847961843283,-7.832875078544021,-3.766200065612793
Qwen_Qwen3-8B,8B,8.0,exp_c,think,gsm8k_test_000901,think,canonical,,True,thinking_segment,thinking,20,exp_c_segment_sample,256,256,6.065596580505371,13.003319232724607,3.468169927597046,73.91871643066406,101.29602864184213,12.862459403032448,0.21875,-5.39201002886075,-4.0742449425160885,-5.546984672546387
Qwen_Qwen3-8B,8B,8.0,exp_c,think,gsm8k_test_000924,think,canonical,,True,answer_segment,think_answer,6,exp_c_segment_sample,52,52,3.007936716079712,15.11491404588406,3.7438278198242188,60.642513275146484,150.29107316112746,14.960275243310367,0.0,-10.295923591698209,-6.71336295054509,-11.34644889831543
Qwen_Qwen3-8B,8B,8.0,exp_c,think,gsm8k_test_000924,think,canonical,,True,answer_segment,think_answer,13,exp_c_segment_sample,52,52,4.693849563598633,11.533702712792616,3.4915363788604736,26.965179443359375,23.74594488375303,11.441392973357557,0.07692307692307693,-5.962335291033384,-3.8140528568854695,-2.9297008514404297
Qwen_Qwen3-8B,8B,8.0,exp_c,think,gsm8k_test_000924,think,canonical,,True,answer_segment,think_answer,20,exp_c_segment_sample,52,52,6.065596580505371,10.806656947502724,5.44297981262207,33.906978607177734,20.74147076290145,10.69672857546339,0.038461538461538464,0.12078463425657575,0.28621435165405273,-4.326645851135254
Qwen_Qwen3-8B,8B,8.0,exp_c,think,gsm8k_test_000924,think,canonical,,True,thinking_segment,thinking,6,exp_c_segment_sample,256,256,3.007936716079712,16.54422989813611,1.6464735269546509,330.2284240722656,950.4358479666887,15.775055185396074,0.203125,-9.785990251065224,-5.789606561884284,-11.34644889831543
Qwen_Qwen3-8B,8B,8.0,exp_c,think,gsm8k_test_000924,think,canonical,,True,thinking_segment,thinking,13,exp_c_segment_sample,256,256,4.693849563598633,11.06029621977359,2.4750125408172607,92.44084167480469,127.72651530758654,10.85384731590167,0.27734375,-4.481756273686406,-2.773010391741991,-2.9297008514404297
Qwen_Qwen3-8B,8B,8.0,exp_c,think,gsm8k_test_000924,think,canonical,,True,thinking_segment,thinking,20,exp_c_segment_sample,256,256,6.065596580505371,44.30499147437513,3.1004087924957275,8342.9365234375,270130.5788166471,44.128231455708104,0.265625,-18.51068256279323,-2.8864651173353195,-4.326645851135254
Qwen_Qwen3-8B,8B,8.0,exp_c,think,gsm8k_test_000965,think,canonical,,True,answer_segment,think_answer,6,exp_c_segment_sample,47,47,3.007936716079712,12.151802555043647,3.3857529163360596,32.710548400878906,54.572111303709825,11.870390731355416,0.0,-0.9325231453205777,0.14510866006215295,-17.566699981689453
Qwen_Qwen3-8B,8B,8.0,exp_c,think,gsm8k_test_000965,think,canonical,,True,answer_segment,think_answer,13,exp_c_segment_sample,47,47,4.693849563598633,10.335218602038445,5.81620979309082,24.645700454711914,15.302474654556537,10.16345679241678,0.0,-2.1960610430291347,-1.5464015801747646,-12.239816665649414
Qwen_Qwen3-8B,8B,8.0,exp_c,think,gsm8k_test_000965,think,canonical,,True,answer_segment,think_answer,20,exp_c_segment_sample,47,47,6.065596580505371,10.438295912235342,5.729151248931885,31.68314552307129,16.85512244281913,10.140082732490871,0.0425531914893617,-0.19813607094135646,0.22832699616749963,-5.785797119140625
Qwen_Qwen3-8B,8B,8.0,exp_c,think,gsm8k_test_000965,think,canonical,,True,thinking_segment,thinking,6,exp_c_segment_sample,256,256,3.007936716079712,15.860756502021104,1.449829339981079,261.139404296875,888.0244438764371,15.230917807238601,0.1328125,-9.466242524566988,-7.091843388630792,-17.566699981689453
Qwen_Qwen3-8B,8B,8.0,exp_c,think,gsm8k_test_000965,think,canonical,,True,thinking_segment,thinking,13,exp_c_segment_sample,256,256,4.693849563598633,11.915235644206405,2.390981435775757,97.05907440185547,125.1228380939529,11.706428562505888,0.1484375,-5.42443298028951,-3.7769368831927963,-12.239816665649414
Qwen_Qwen3-8B,8B,8.0,exp_c,think,gsm8k_test_000965,think,canonical,,True,thinking_segment,thinking,20,exp_c_segment_sample,256,256,6.065596580505371,11.749654134735465,4.015700817108154,47.2287483215332,44.25700828084652,11.66831780454287,0.17578125,-3.0576799949669344,-2.3739929712735695,-5.785797119140625
Qwen_Qwen3-8B,8B,8.0,exp_c,think,gsm8k_test_000990,think,canonical,,True,answer_segment,think_answer,6,exp_c_segment_sample,45,45,3.007936716079712,12.658663569556342,3.57993221282959,42.70624923706055,71.73476369805013,12.323063048449429,0.0,-8.262865774182297,-8.254270394643148,-7.708169937133789
Qwen_Qwen3-8B,8B,8.0,exp_c,think,gsm8k_test_000990,think,canonical,,True,answer_segment,think_answer,13,exp_c_segment_sample,45,45,4.693849563598633,13.137776978810628,5.053830623626709,34.576358795166016,65.81903295737452,13.084945396943525,0.0,-9.871397352909693,-8.947140415509542,4.055273056030273
Qwen_Qwen3-8B,8B,8.0,exp_c,think,gsm8k_test_000990,think,canonical,,True,answer_segment,think_answer,20,exp_c_segment_sample,45,45,6.065596580505371,10.989334212409126,6.008485794067383,20.376785278320312,13.818200084465214,10.799511237577958,0.022222222222222223,-5.103052573273142,-3.64579701423645,-1.150731086730957
Qwen_Qwen3-8B,8B,8.0,exp_c,think,gsm8k_test_000990,think,canonical,,True,thinking_segment,thinking,6,exp_c_segment_sample,256,256,3.007936716079712,13.677712328266352,1.670608639717102,165.6102752685547,521.3385502214222,13.121843314103483,0.13671875,-11.665673701377566,-9.592093892395496,-7.708169937133789
Qwen_Qwen3-8B,8B,8.0,exp_c,think,gsm8k_test_000990,think,canonical,,True,thinking_segment,thinking,13,exp_c_segment_sample,256,256,4.693849563598633,10.677089849486947,2.3845269680023193,48.07174301147461,68.44248419480655,10.604095027608384,0.16015625,-5.920015948906707,-5.427707772701979,4.055273056030273
Qwen_Qwen3-8B,8B,8.0,exp_c,think,gsm8k_test_000990,think,canonical,,True,thinking_segment,thinking,20,exp_c_segment_sample,256,256,6.065596580505371,10.708201697096229,4.612686634063721,50.083229064941406,30.675593256126838,10.619268180286818,0.1171875,-3.6157083162385053,-3.318973548710346,-1.150731086730957
Qwen_Qwen3-8B,8B,8.0,exp_c,think,gsm8k_test_001017,think,canonical,,True,answer_segment,think_answer,6,exp_c_segment_sample,53,53,3.007936716079712,14.402316880675981,3.790656328201294,48.102298736572266,92.03035581908391,14.123613417148592,0.0,-5.015106321130899,-4.61994651385716,-7.681142807006836
Qwen_Qwen3-8B,8B,8.0,exp_c,think,gsm8k_test_001017,think,canonical,,True,answer_segment,think_answer,13,exp_c_segment_sample,53,53,4.693849563598633,13.096617635690942,4.514706134796143,26.391050338745117,31.12661494796023,13.059002197705784,0.03773584905660377,-5.329012608878015,-4.987607002258301,-2.026370048522949
Qwen_Qwen3-8B,8B,8.0,exp_c,think,gsm8k_test_001017,think,canonical,,True,answer_segment,think_answer,20,exp_c_segment_sample,53,53,6.065596580505371,11.965234720482016,5.7912139892578125,30.34041404724121,18.810814254610207,11.691977390876183,0.03773584905660377,-2.905250913192127,-2.264665876116071,1.7456998825073242
Qwen_Qwen3-8B,8B,8.0,exp_c,think,gsm8k_test_001017,think,canonical,,True,thinking_segment,thinking,6,exp_c_segment_sample,220,220,3.007936716079712,14.718130965124477,1.8471568822860718,153.34397888183594,391.4621213625915,14.262565616603311,0.1,-6.848409829621258,-4.6302992495623485,-7.681142807006836
Qwen_Qwen3-8B,8B,8.0,exp_c,think,gsm8k_test_001017,think,canonical,,True,thinking_segment,thinking,13,exp_c_segment_sample,220,220,4.693849563598633,12.833980488777161,3.6220335960388184,66.7337875366211,105.07918142879244,12.650433943151883,0.10909090909090909,-6.0710766602229285,-5.284009994160044,-2.026370048522949
Qwen_Qwen3-8B,8B,8.0,exp_c,think,gsm8k_test_001017,think,canonical,,True,thinking_segment,thinking,20,exp_c_segment_sample,220,220,6.065596580505371,29.30657313520258,4.0479865074157715,3738.581298828125,62871.995173900454,29.28538878541014,0.08636363636363636,59.471836201382594,63.56196143410423,1.7456998825073242
Qwen_Qwen3-8B,8B,8.0,exp_c,think,gsm8k_test_001031,think,canonical,,True,answer_segment,think_answer,6,exp_c_segment_sample,52,52,3.007936716079712,11.80393169934933,3.1883673667907715,41.88408279418945,64.18210880235294,11.53946676908755,0.0,-5.1815975499602915,-3.2465381989112263,-34.80432891845703
Qwen_Qwen3-8B,8B,8.0,exp_c,think,gsm8k_test_001031,think,canonical,,True,answer_segment,think_answer,13,exp_c_segment_sample,52,52,4.693849563598633,12.101528901320238,4.597085475921631,27.035057067871094,31.66741580917083,12.003242651621502,0.019230769230769232,-8.361156482308974,-5.754277082589956,-1.3107738494873047
Qwen_Qwen3-8B,8B,8.0,exp_c,think,gsm8k_test_001031,think,canonical,,True,answer_segment,think_answer,20,exp_c_segment_sample,52,52,6.065596580505371,11.712485707723177,3.7304868698120117,26.405668258666992,20.625521770429167,11.574152039546593,0.09615384615384616,-4.271066969814775,-2.600186347961426,-2.161100387573242
Qwen_Qwen3-8B,8B,8.0,exp_c,think,gsm8k_test_001031,think,canonical,,True,thinking_segment,thinking,6,exp_c_segment_sample,256,256,3.007936716079712,19.100682148244232,1.4450652599334717,187.1641845703125,912.8000598728598,18.6070172143053,0.1328125,-26.34201739523639,-17.992226695641875,-34.80432891845703
Qwen_Qwen3-8B,8B,8.0,exp_c,think,gsm8k_test_001031,think,canonical,,True,thinking_segment,thinking,13,exp_c_segment_sample,256,256,4.693849563598633,12.248093198984861,2.854618787765503,67.10669708251953,83.05071416779569,12.188296401289088,0.10546875,-9.520102468117432,-7.2587368711829185,-1.3107738494873047
Qwen_Qwen3-8B,8B,8.0,exp_c,think,gsm8k_test_001031,think,canonical,,True,thinking_segment,thinking,20,exp_c_segment_sample,256,256,6.065596580505371,30.545708538033068,3.677229881286621,4690.74072265625,85207.65345312655,26.040352966305846,0.12109375,37.907742510439775,-3.9396934285759926,-2.161100387573242
Qwen_Qwen3-8B,8B,8.0,exp_c,think,gsm8k_test_001059,think,canonical,,False,answer_segment,think_answer,6,exp_c_segment_sample,48,48,3.007936716079712,12.505739937225977,3.6516122817993164,29.75990867614746,52.61155631868639,12.367023488308522,0.0,0.2466776091225249,3.304298520088196,-10.885811805725098
Qwen_Qwen3-8B,8B,8.0,exp_c,think,gsm8k_test_001059,think,canonical,,False,answer_segment,think_answer,13,exp_c_segment_sample,48,48,4.693849563598633,12.522073497374853,4.4758992195129395,34.54011917114258,33.34141280403537,12.49551590452803,0.020833333333333332,-2.684308126264697,0.49857473373413086,-2.2483997344970703
Qwen_Qwen3-8B,8B,8.0,exp_c,think,gsm8k_test_001059,think,canonical,,False,answer_segment,think_answer,20,exp_c_segment_sample,48,48,6.065596580505371,11.595704327027002,6.564391613006592,23.170129776000977,12.099505326133047,11.49359321594238,0.0,0.47209481925379876,0.897878885269165,-3.143085479736328
Qwen_Qwen3-8B,8B,8.0,exp_c,think,gsm8k_test_001059,think,canonical,,False,thinking_segment,thinking,6,exp_c_segment_sample,256,256,3.007936716079712,19.159406232181937,1.2159868478775024,287.3511657714844,1040.0278146876035,19.56679254770279,0.14453125,-12.409287395207482,-10.179401746163002,-10.885811805725098
Qwen_Qwen3-8B,8B,8.0,exp_c,think,gsm8k_test_001059,think,canonical,,False,thinking_segment,thinking,13,exp_c_segment_sample,256,256,4.693849563598633,11.65062705008313,1.8560415506362915,51.187400817871094,65.39288639268455,11.509392054641948,0.16015625,-4.369780247512472,-4.038021289385281,-2.2483997344970703
Qwen_Qwen3-8B,8B,8.0,exp_c,think,gsm8k_test_001059,think,canonical,,False,thinking_segment,thinking,20,exp_c_segment_sample,256,256,6.065596580505371,11.850418340414762,4.088430881500244,45.4088134765625,38.102542638294835,11.742096102413011,0.125,-3.4317967476564792,-2.9341299423804656,-3.143085479736328
Qwen_Qwen3-8B,8B,8.0,exp_c,think,gsm8k_test_001182,think,canonical,,True,answer_segment,think_answer,6,exp_c_segment_sample,63,63,3.007936716079712,13.155283738696387,2.733400344848633,56.930442810058594,103.24891430372993,12.9543061025681,0.031746031746031744,-10.610260182193338,-9.67501613497734,-18.226905822753906
Qwen_Qwen3-8B,8B,8.0,exp_c,think,gsm8k_test_001182,think,canonical,,True,answer_segment,think_answer,13,exp_c_segment_sample,63,63,4.693849563598633,11.883239730956062,4.511229038238525,25.875410079956055,27.477171230285048,11.775425964786162,0.015873015873015872,-6.002358639524092,-4.558958411216736,-8.057022094726562
Qwen_Qwen3-8B,8B,8.0,exp_c,think,gsm8k_test_001182,think,canonical,,True,answer_segment,think_answer,20,exp_c_segment_sample,63,63,6.065596580505371,12.469690262325226,5.617348670959473,30.627328872680664,27.519255746944662,12.260992311662243,0.015873015873015872,-3.655205384606399,-3.633549988269806,-2.2872495651245117
Qwen_Qwen3-8B,8B,8.0,exp_c,think,gsm8k_test_001182,think,canonical,,True,thinking_segment,thinking,6,exp_c_segment_sample,256,256,3.007936716079712,14.341211396735162,1.3428113460540771,159.0382843017578,418.34155633706416,13.946678400541952,0.09375,-1.8441975023352577,-1.5490391547863283,-18.226905822753906
Qwen_Qwen3-8B,8B,8.0,exp_c,think,gsm8k_test_001182,think,canonical,,True,thinking_segment,thinking,13,exp_c_segment_sample,256,256,4.693849563598633,12.378706488758326,3.3447563648223877,60.217472076416016,87.2198354096609,12.278300329205694,0.0703125,-0.05679228978374207,-0.8022764866168686,-8.057022094726562
Qwen_Qwen3-8B,8B,8.0,exp_c,think,gsm8k_test_001182,think,canonical,,True,thinking_segment,thinking,20,exp_c_segment_sample,256,256,6.065596580505371,12.753455087542534,3.942873001098633,48.65028762817383,44.34850132893703,12.691678927855545,0.0703125,-2.431407395357712,-2.847579017052283,-2.2872495651245117
