model,model_label,model_sort_key,hidden_dim,lid_value_normalization,experiment,condition,example_id,mode,prompt_variant,family,correct,segment,segment_label,layer,source,n_tokens,valid_tokens,low_lid_threshold,mean_lid,min_lid,max_lid,variance_lid,auc_lid,fraction_below_low_threshold,slope_lid,early_late_diff,boundary_jump_answer_minus_thinking,sample_scope
Qwen_Qwen3-1.7B,1.7B,1.7,2048,hidden_dim,exp_c,no_think,gsm8k_test_000007,no_think,canonical,,False,answer_segment,no_think_answer,6,exp_c_segment_sample,61,61,0.0014408948831260205,0.005938187764468985,0.0019436641596257687,0.029428690671920776,2.5012978553674347e-05,0.005678125047901024,0.0,-0.001331368089165477,-0.0004827880038646981,0.0022441521286964417,per_model_kept_independent_plus_common_union
Qwen_Qwen3-1.7B,1.7B,1.7,2048,hidden_dim,exp_c,no_think,gsm8k_test_000007,no_think,canonical,,False,answer_segment,no_think_answer,13,exp_c_segment_sample,61,61,0.0023021013475954537,0.005879622895545403,0.0022634880151599646,0.027135688811540604,1.779361461208659e-05,0.005830690377236654,0.01639344262295082,0.0008739902803379881,0.0010115462500834838,-0.0020980690605938435,per_model_kept_independent_plus_common_union
Qwen_Qwen3-1.7B,1.7B,1.7,2048,hidden_dim,exp_c,no_think,gsm8k_test_000007,no_think,canonical,,False,answer_segment,no_think_answer,20,exp_c_segment_sample,61,61,0.002237515151500702,0.005128798292583374,0.0023882833775132895,0.013592155650258064,4.230459439032944e-06,0.005050777950479339,0.0,0.0002889406765377292,0.00013422036136034876,-0.003657927270978689,per_model_kept_independent_plus_common_union
Qwen_Qwen3-1.7B,1.7B,1.7,2048,hidden_dim,exp_c,no_think,gsm8k_test_000031,no_think,canonical,,False,answer_segment,no_think_answer,6,exp_c_segment_sample,66,66,0.0014408948831260205,0.006843064678832889,0.001721300184726715,0.041524600237607956,3.84957551619579e-05,0.006508699439179438,0.0,0.0022984605264853744,0.0020554583684048236,0.004378971643745899,per_model_kept_independent_plus_common_union
Qwen_Qwen3-1.7B,1.7B,1.7,2048,hidden_dim,exp_c,no_think,gsm8k_test_000031,no_think,canonical,,False,answer_segment,no_think_answer,13,exp_c_segment_sample,66,66,0.0023021013475954537,0.005444022135413958,0.0023973635397851467,0.016902966424822807,6.827112645659822e-06,0.0053772679315163534,0.0,0.0005373266099710785,0.0009751888128983624,-0.0011123549193143845,per_model_kept_independent_plus_common_union
Qwen_Qwen3-1.7B,1.7B,1.7,2048,hidden_dim,exp_c,no_think,gsm8k_test_000031,no_think,canonical,,False,answer_segment,no_think_answer,20,exp_c_segment_sample,66,66,0.002237515151500702,0.0055667138199858145,0.0019059509504586458,0.016040515154600143,6.73518062608347e-06,0.005472031823144509,0.030303030303030304,-0.00023360118261075063,-0.00017507385243387737,-2.3441389203071594e-06,per_model_kept_independent_plus_common_union
Qwen_Qwen3-1.7B,1.7B,1.7,2048,hidden_dim,exp_c,no_think,gsm8k_test_000054,no_think,canonical,,False,answer_segment,no_think_answer,6,exp_c_segment_sample,42,42,0.0014408948831260205,0.007415699600685565,0.0018018470145761967,0.039869893342256546,3.808014631947445e-05,0.006949884663676707,0.0,-0.0004067673383472462,-0.0009392177770760936,0.0029337480664253235,per_model_kept_independent_plus_common_union
Qwen_Qwen3-1.7B,1.7B,1.7,2048,hidden_dim,exp_c,no_think,gsm8k_test_000054,no_think,canonical,,False,answer_segment,no_think_answer,13,exp_c_segment_sample,42,42,0.0023021013475954537,0.005412355664053133,0.0027228794060647488,0.01301545836031437,5.481737828785604e-06,0.005315290468676789,0.0,0.0010289689154670502,-0.0002256864258511496,-0.0016500381752848625,per_model_kept_independent_plus_common_union
Qwen_Qwen3-1.7B,1.7B,1.7,2048,hidden_dim,exp_c,no_think,gsm8k_test_000054,no_think,canonical,,False,answer_segment,no_think_answer,20,exp_c_segment_sample,42,42,0.002237515151500702,0.006079191386344887,0.0025027019437402487,0.01659468561410904,6.539009193330626e-06,0.006011660318685377,0.0,-0.0008404930710074732,-0.00038310631432316496,0.000357672106474638,per_model_kept_independent_plus_common_union
Qwen_Qwen3-1.7B,1.7B,1.7,2048,hidden_dim,exp_c,no_think,gsm8k_test_000099,no_think,canonical,,False,answer_segment,no_think_answer,6,exp_c_segment_sample,55,55,0.0014408948831260205,0.007177292003126984,0.0015466032782569528,0.06440208852291107,8.313316756405105e-05,0.006563916274225684,0.0,0.0005414895061705956,-0.0002957675356550938,-0.014679964631795883,per_model_kept_independent_plus_common_union
Qwen_Qwen3-1.7B,1.7B,1.7,2048,hidden_dim,exp_c,no_think,gsm8k_test_000099,no_think,canonical,,False,answer_segment,no_think_answer,13,exp_c_segment_sample,55,55,0.0023021013475954537,0.0055895444725386125,0.002162146382033825,0.01357143372297287,5.759471481793744e-06,0.0055070843814906695,0.01818181818181818,-0.001913731795578414,-0.0014094712013112652,-0.002143070101737976,per_model_kept_independent_plus_common_union
Qwen_Qwen3-1.7B,1.7B,1.7,2048,hidden_dim,exp_c,no_think,gsm8k_test_000099,no_think,canonical,,False,answer_segment,no_think_answer,20,exp_c_segment_sample,55,55,0.002237515151500702,0.005654603407972239,0.0024900364223867655,0.014428517781198025,6.644974153174571e-06,0.005615379424179318,0.0,-0.0012663404439128406,-0.0011235287612570179,-0.003488158341497183,per_model_kept_independent_plus_common_union
Qwen_Qwen3-1.7B,1.7B,1.7,2048,hidden_dim,exp_c,no_think,gsm8k_test_000109,no_think,canonical,,True,answer_segment,no_think_answer,6,exp_c_segment_sample,60,60,0.0014408948831260205,0.006682016871248682,0.001711846562102437,0.033323295414447784,2.4504747195727553e-05,0.006398472208845413,0.0,-0.0010524674929434123,-0.0005493421883632733,0.005397384520620108,per_model_kept_independent_plus_common_union
Qwen_Qwen3-1.7B,1.7B,1.7,2048,hidden_dim,exp_c,no_think,gsm8k_test_000109,no_think,canonical,,True,answer_segment,no_think_answer,13,exp_c_segment_sample,60,60,0.0023021013475954537,0.005353610605622331,0.002103517297655344,0.011992544867098331,4.045534365138542e-06,0.005296409635220544,0.016666666666666666,-0.00042413652523374564,-0.00043393239999810814,0.0010580113157629967,per_model_kept_independent_plus_common_union
Qwen_Qwen3-1.7B,1.7B,1.7,2048,hidden_dim,exp_c,no_think,gsm8k_test_000109,no_think,canonical,,True,answer_segment,no_think_answer,20,exp_c_segment_sample,60,60,0.002237515151500702,0.005419842797952394,0.001912818755954504,0.015363326296210289,5.104387037432388e-06,0.005369306151297385,0.016666666666666666,-0.0006128955098082794,-0.00038728783838450943,-0.0018099742010235786,per_model_kept_independent_plus_common_union
Qwen_Qwen3-1.7B,1.7B,1.7,2048,hidden_dim,exp_c,no_think,gsm8k_test_000118,no_think,canonical,,True,answer_segment,no_think_answer,6,exp_c_segment_sample,65,65,0.0014408948831260205,0.006410484148475986,0.001540333149023354,0.04025701805949211,5.232416842483653e-05,0.006070529143471504,0.0,0.00516700217389612,0.004732507904169752,0.005432169418781996,per_model_kept_independent_plus_common_union
Qwen_Qwen3-1.7B,1.7B,1.7,2048,hidden_dim,exp_c,no_think,gsm8k_test_000118,no_think,canonical,,True,answer_segment,no_think_answer,13,exp_c_segment_sample,65,65,0.0023021013475954537,0.005433255129565413,0.003247217508032918,0.01571608893573284,5.294139018383527e-06,0.0053410066284413915,0.0,0.0022418283551306145,0.0018126010237371221,7.746182382106781e-05,per_model_kept_independent_plus_common_union
Qwen_Qwen3-1.7B,1.7B,1.7,2048,hidden_dim,exp_c,no_think,gsm8k_test_000118,no_think,canonical,,True,answer_segment,no_think_answer,20,exp_c_segment_sample,65,65,0.002237515151500702,0.005553353441735873,0.002689044689759612,0.01798119582235813,6.707919687183191e-06,0.005458746712974971,0.0,0.002549336068462448,0.0013648362227660768,-0.00439820159226656,per_model_kept_independent_plus_common_union
Qwen_Qwen3-1.7B,1.7B,1.7,2048,hidden_dim,exp_c,no_think,gsm8k_test_000150,no_think,canonical,,False,answer_segment,no_think_answer,6,exp_c_segment_sample,47,47,0.0014408948831260205,0.006819890970562367,0.002191547304391861,0.026839669793844223,1.764222266560693e-05,0.006501339133019033,0.0,-0.00040397400957869356,0.00013853056589141488,0.0031702087726444006,per_model_kept_independent_plus_common_union
Qwen_Qwen3-1.7B,1.7B,1.7,2048,hidden_dim,exp_c,no_think,gsm8k_test_000150,no_think,canonical,,False,answer_segment,no_think_answer,13,exp_c_segment_sample,47,47,0.0023021013475954537,0.004701653787707712,0.002271285280585289,0.012653039768338203,3.411910008079733e-06,0.004646125371041506,0.02127659574468085,-0.0009043924547632803,-0.0009724353440105915,-0.0024382928386330605,per_model_kept_independent_plus_common_union
Qwen_Qwen3-1.7B,1.7B,1.7,2048,hidden_dim,exp_c,no_think,gsm8k_test_000150,no_think,canonical,,False,answer_segment,no_think_answer,20,exp_c_segment_sample,47,47,0.002237515151500702,0.0051994751346238115,0.0019639048259705305,0.013528210110962391,4.934495646343365e-06,0.005115171195939182,0.0425531914893617,-0.0009696919525517756,-0.00033993632920707294,-0.00017392076551914215,per_model_kept_independent_plus_common_union
Qwen_Qwen3-1.7B,1.7B,1.7,2048,hidden_dim,exp_c,no_think,gsm8k_test_000182,no_think,canonical,,False,answer_segment,no_think_answer,6,exp_c_segment_sample,28,28,0.0014408948831260205,0.0059284381734739456,0.002070138230919838,0.02962183952331543,2.8906588539295346e-05,0.005416793593515953,0.0,0.001844765767546856,0.0009567691678447387,0.0040069567039608955,per_model_kept_independent_plus_common_union
Qwen_Qwen3-1.7B,1.7B,1.7,2048,hidden_dim,exp_c,no_think,gsm8k_test_000182,no_think,canonical,,False,answer_segment,no_think_answer,13,exp_c_segment_sample,28,28,0.0023021013475954537,0.004793789736660463,0.002223987365141511,0.012021530419588089,4.779712256435089e-06,0.004641678641308789,0.03571428571428571,0.0008763342561301192,0.0005193414898323166,-0.0007198229432106018,per_model_kept_independent_plus_common_union
Qwen_Qwen3-1.7B,1.7B,1.7,2048,hidden_dim,exp_c,no_think,gsm8k_test_000182,no_think,canonical,,False,answer_segment,no_think_answer,20,exp_c_segment_sample,28,28,0.002237515151500702,0.006088546011596918,0.0034957982134073973,0.011229661293327808,4.10186395576427e-06,0.005998508461440604,0.0,0.001686950427539684,0.001286088089857783,-0.0003789919428527355,per_model_kept_independent_plus_common_union
Qwen_Qwen3-1.7B,1.7B,1.7,2048,hidden_dim,exp_c,no_think,gsm8k_test_000247,no_think,canonical,,False,answer_segment,no_think_answer,6,exp_c_segment_sample,47,47,0.0014408948831260205,0.00541803461345943,0.0008474934147670865,0.03705447167158127,3.1074748316733314e-05,0.00500504333024804,0.1276595744680851,4.682021507834924e-05,-2.467616771664044e-07,0.012623039074242115,per_model_kept_independent_plus_common_union
Qwen_Qwen3-1.7B,1.7B,1.7,2048,hidden_dim,exp_c,no_think,gsm8k_test_000247,no_think,canonical,,False,answer_segment,no_think_answer,13,exp_c_segment_sample,47,47,0.0023021013475954537,0.004480570713256268,0.0014838562346994877,0.016787029802799225,5.489482400999746e-06,0.00432644621975234,0.14893617021276595,0.00051438280299524,0.0005411406940159695,-0.00014208117499947548,per_model_kept_independent_plus_common_union
Qwen_Qwen3-1.7B,1.7B,1.7,2048,hidden_dim,exp_c,no_think,gsm8k_test_000247,no_think,canonical,,False,answer_segment,no_think_answer,20,exp_c_segment_sample,47,47,0.002237515151500702,0.004877285263996492,0.001887624617666006,0.014673876576125622,5.263031021926333e-06,0.00477239227367808,0.1276595744680851,0.002233921602229648,0.0022373058406325672,0.00220788037404418,per_model_kept_independent_plus_common_union
Qwen_Qwen3-1.7B,1.7B,1.7,2048,hidden_dim,exp_c,no_think,gsm8k_test_000254,no_think,canonical,,False,answer_segment,no_think_answer,6,exp_c_segment_sample,39,39,0.0014408948831260205,0.006374267503046072,0.0024315197952091694,0.028371499851346016,2.2147105399846318e-05,0.006033545788867693,0.0,-0.000966324716304932,-0.000699166557751596,-0.0013868287205696106,per_model_kept_independent_plus_common_union
Qwen_Qwen3-1.7B,1.7B,1.7,2048,hidden_dim,exp_c,no_think,gsm8k_test_000254,no_think,canonical,,False,answer_segment,no_think_answer,13,exp_c_segment_sample,39,39,0.0023021013475954537,0.005653520872911964,0.0025355180259793997,0.011220527812838554,6.645362692524225e-06,0.005591746542210643,0.0,-0.0008326034706372471,3.9944169111550375e-05,-0.00171753391623497,per_model_kept_independent_plus_common_union
Qwen_Qwen3-1.7B,1.7B,1.7,2048,hidden_dim,exp_c,no_think,gsm8k_test_000254,no_think,canonical,,False,answer_segment,no_think_answer,20,exp_c_segment_sample,39,39,0.002237515151500702,0.005141660266627486,0.0023239206057041883,0.01003601960837841,2.9577430082673556e-06,0.005083582284370143,0.0,-0.000775366521870287,-0.00028084777295589447,-0.004406176973134279,per_model_kept_independent_plus_common_union
Qwen_Qwen3-1.7B,1.7B,1.7,2048,hidden_dim,exp_c,no_think,gsm8k_test_000273,no_think,canonical,,False,answer_segment,no_think_answer,6,exp_c_segment_sample,43,43,0.0014408948831260205,0.006090176283641783,0.0015569513197988272,0.04134397208690643,3.837022522779485e-05,0.0055898786550166,0.0,0.0030397362098881437,0.0018980508691377254,0.003649341408163309,per_model_kept_independent_plus_common_union
Qwen_Qwen3-1.7B,1.7B,1.7,2048,hidden_dim,exp_c,no_think,gsm8k_test_000273,no_think,canonical,,False,answer_segment,no_think_answer,13,exp_c_segment_sample,43,43,0.0023021013475954537,0.005326397516656407,0.0021113790571689606,0.013858060352504253,8.787712677998324e-06,0.00521142782998227,0.046511627906976744,0.00017663739802784568,-0.00016911103474822903,0.0001567215658724308,per_model_kept_independent_plus_common_union
Qwen_Qwen3-1.7B,1.7B,1.7,2048,hidden_dim,exp_c,no_think,gsm8k_test_000273,no_think,canonical,,False,answer_segment,no_think_answer,20,exp_c_segment_sample,43,43,0.002237515151500702,0.006320327893982447,0.0026862886734306812,0.015280724503099918,6.208196301953936e-06,0.006219163481589585,0.0,0.0006323133351135571,0.0005464653738520365,-0.0010930434800684452,per_model_kept_independent_plus_common_union
Qwen_Qwen3-1.7B,1.7B,1.7,2048,hidden_dim,exp_c,no_think,gsm8k_test_000325,no_think,canonical,,False,answer_segment,no_think_answer,6,exp_c_segment_sample,70,70,0.0014408948831260205,0.00615700495296291,0.0021735678892582655,0.027859747409820557,1.7835914934771322e-05,0.0059697167084052935,0.0,-0.0004215165155694223,-0.0004901979118585587,0.00532230781391263,per_model_kept_independent_plus_common_union
Qwen_Qwen3-1.7B,1.7B,1.7,2048,hidden_dim,exp_c,no_think,gsm8k_test_000325,no_think,canonical,,False,answer_segment,no_think_answer,13,exp_c_segment_sample,70,70,0.0023021013475954537,0.005353425885550678,0.0024848345201462507,0.013711398467421532,4.2939319830509085e-06,0.005291956139431483,0.0,-0.0012376781851915182,-0.0009582993677920764,0.00023567210882902145,per_model_kept_independent_plus_common_union
Qwen_Qwen3-1.7B,1.7B,1.7,2048,hidden_dim,exp_c,no_think,gsm8k_test_000325,no_think,canonical,,False,answer_segment,no_think_answer,20,exp_c_segment_sample,70,70,0.002237515151500702,0.005414228081437094,0.0025736712850630283,0.012600625865161419,4.1305464041311e-06,0.005367746148123474,0.0,-0.000639507957215097,-0.0009173814776457017,7.738359272480011e-06,per_model_kept_independent_plus_common_union
Qwen_Qwen3-1.7B,1.7B,1.7,2048,hidden_dim,exp_c,no_think,gsm8k_test_000351,no_think,canonical,,True,answer_segment,no_think_answer,6,exp_c_segment_sample,53,53,0.0014408948831260205,0.006120884689976866,0.0018667452968657017,0.03133915737271309,2.849785872733182e-05,0.005793740350502329,0.0,0.00016436570146330552,-8.787440934351475e-05,0.0023768418468534946,per_model_kept_independent_plus_common_union
Qwen_Qwen3-1.7B,1.7B,1.7,2048,hidden_dim,exp_c,no_think,gsm8k_test_000351,no_think,canonical,,True,answer_segment,no_think_answer,13,exp_c_segment_sample,53,53,0.0023021013475954537,0.005248538556702013,0.002438062336295843,0.01201973482966423,4.549753616618563e-06,0.005178054897651935,0.0,-0.0007320235383772975,-0.00059009315113404,-0.00022126175463199615,per_model_kept_independent_plus_common_union
Qwen_Qwen3-1.7B,1.7B,1.7,2048,hidden_dim,exp_c,no_think,gsm8k_test_000351,no_think,canonical,,True,answer_segment,no_think_answer,20,exp_c_segment_sample,53,53,0.002237515151500702,0.005759795082135583,0.002766232006251812,0.026629317551851273,1.4962633453321998e-05,0.005685599543190059,0.0,-0.00022253581270012966,-0.00037044266770992935,-0.0034474474377930164,per_model_kept_independent_plus_common_union
Qwen_Qwen3-1.7B,1.7B,1.7,2048,hidden_dim,exp_c,no_think,gsm8k_test_000361,no_think,canonical,,False,answer_segment,no_think_answer,6,exp_c_segment_sample,58,58,0.0014408948831260205,0.005914200536890662,0.001922798459418118,0.02593408152461052,1.9012406278328746e-05,0.005695898802705894,0.0,0.0019245692564845143,0.0017060627617562817,-0.006320571526885033,per_model_kept_independent_plus_common_union
Qwen_Qwen3-1.7B,1.7B,1.7,2048,hidden_dim,exp_c,no_think,gsm8k_test_000361,no_think,canonical,,False,answer_segment,no_think_answer,13,exp_c_segment_sample,58,58,0.0023021013475954537,0.0054701179755723165,0.002753464039415121,0.017553655430674553,8.532469448172236e-06,0.005392934179358316,0.0,0.0014452713394449393,0.0008818694700797403,-0.004938994534313679,per_model_kept_independent_plus_common_union
Qwen_Qwen3-1.7B,1.7B,1.7,2048,hidden_dim,exp_c,no_think,gsm8k_test_000361,no_think,canonical,,False,answer_segment,no_think_answer,20,exp_c_segment_sample,58,58,0.002237515151500702,0.0058205310809265436,0.0028757250402122736,0.01171106193214655,2.8413886932393846e-06,0.005763588787726404,0.0,0.0012479350091927598,0.0007086639602979028,-0.002552939113229513,per_model_kept_independent_plus_common_union
Qwen_Qwen3-1.7B,1.7B,1.7,2048,hidden_dim,exp_c,no_think,gsm8k_test_000389,no_think,canonical,,False,answer_segment,no_think_answer,6,exp_c_segment_sample,65,65,0.0014408948831260205,0.006117760694514101,0.002065279521048069,0.02267526462674141,1.8013212989710546e-05,0.005898051666008541,0.0,-0.0018898566305585304,-0.0012293389231404833,-0.003570166416466236,per_model_kept_independent_plus_common_union
Qwen_Qwen3-1.7B,1.7B,1.7,2048,hidden_dim,exp_c,no_think,gsm8k_test_000389,no_think,canonical,,False,answer_segment,no_think_answer,13,exp_c_segment_sample,65,65,0.0023021013475954537,0.005666817936043326,0.002859017811715603,0.018394360318779945,5.493936181184549e-06,0.0055703270591038745,0.0,-2.424540193556432e-05,-0.0005088291295311034,-0.0015564635396003723,per_model_kept_independent_plus_common_union
Qwen_Qwen3-1.7B,1.7B,1.7,2048,hidden_dim,exp_c,no_think,gsm8k_test_000389,no_think,canonical,,False,answer_segment,no_think_answer,20,exp_c_segment_sample,65,65,0.002237515151500702,0.006163208150806335,0.0025658654049038887,0.014413859695196152,6.556375039380427e-06,0.006114618219726253,0.0,-0.0005359483537609368,-0.0007752142572665915,-0.003424542024731636,per_model_kept_independent_plus_common_union
Qwen_Qwen3-1.7B,1.7B,1.7,2048,hidden_dim,exp_c,no_think,gsm8k_test_000433,no_think,canonical,,False,answer_segment,no_think_answer,6,exp_c_segment_sample,40,40,0.0014408948831260205,0.006552392680896446,0.002026722300797701,0.028382735326886177,2.5474613190400078e-05,0.006242354609406532,0.0,0.004363700888608013,0.0026760501554235813,0.002295583952218294,per_model_kept_independent_plus_common_union
Qwen_Qwen3-1.7B,1.7B,1.7,2048,hidden_dim,exp_c,no_think,gsm8k_test_000433,no_think,canonical,,False,answer_segment,no_think_answer,13,exp_c_segment_sample,40,40,0.0023021013475954537,0.005145176505902782,0.0020505592692643404,0.01293049193918705,6.040066192955672e-06,0.005074593113162196,0.025,0.0006475555594079177,-7.358693983405828e-05,-0.0009110742248594761,per_model_kept_independent_plus_common_union
Qwen_Qwen3-1.7B,1.7B,1.7,2048,hidden_dim,exp_c,no_think,gsm8k_test_000433,no_think,canonical,,False,answer_segment,no_think_answer,20,exp_c_segment_sample,40,40,0.002237515151500702,0.005956886429339647,0.002283578971400857,0.01416254136711359,4.989737314856857e-06,0.005900020096212245,0.0,-0.000540897285384017,-0.0007938232505694028,-0.0029610437341034412,per_model_kept_independent_plus_common_union
Qwen_Qwen3-1.7B,1.7B,1.7,2048,hidden_dim,exp_c,no_think,gsm8k_test_000449,no_think,canonical,,False,answer_segment,no_think_answer,6,exp_c_segment_sample,37,37,0.0014408948831260205,0.006832179629143227,0.0016146168345585465,0.03537411242723465,3.3638899197302804e-05,0.006325102091068401,0.0,9.037635373918744e-05,5.189108196645975e-05,0.001791846938431263,per_model_kept_independent_plus_common_union
Qwen_Qwen3-1.7B,1.7B,1.7,2048,hidden_dim,exp_c,no_think,gsm8k_test_000449,no_think,canonical,,False,answer_segment,no_think_answer,13,exp_c_segment_sample,37,37,0.0023021013475954537,0.005148007672884174,0.00248773698695004,0.010949312709271908,3.6119840403076204e-06,0.00505972073491042,0.0,0.0020500249110141045,0.001469684299081564,0.0004774974659085274,per_model_kept_independent_plus_common_union
Qwen_Qwen3-1.7B,1.7B,1.7,2048,hidden_dim,exp_c,no_think,gsm8k_test_000449,no_think,canonical,,False,answer_segment,no_think_answer,20,exp_c_segment_sample,37,37,0.002237515151500702,0.0061688209078400525,0.003193638985976577,0.018321441486477852,1.023485708535948e-05,0.006096171512682405,0.0,0.003188291900416314,0.0021290864329785103,9.493716061115265e-05,per_model_kept_independent_plus_common_union
Qwen_Qwen3-1.7B,1.7B,1.7,2048,hidden_dim,exp_c,no_think,gsm8k_test_000460,no_think,canonical,,False,answer_segment,no_think_answer,6,exp_c_segment_sample,59,59,0.0014408948831260205,0.0063780842159511675,0.0012407987378537655,0.04044698551297188,4.045792953867678e-05,0.006118251966184069,0.03389830508474576,0.0027703134031271735,0.0026711408048868185,0.002561731729656458,per_model_kept_independent_plus_common_union
Qwen_Qwen3-1.7B,1.7B,1.7,2048,hidden_dim,exp_c,no_think,gsm8k_test_000460,no_think,canonical,,False,answer_segment,no_think_answer,13,exp_c_segment_sample,59,59,0.0023021013475954537,0.005483599608543061,0.002425160026177764,0.011448387056589127,3.4581918837411277e-06,0.00542678676770422,0.0,0.00014669817114658685,0.00013102209195494686,-0.00031568948179483414,per_model_kept_independent_plus_common_union
Qwen_Qwen3-1.7B,1.7B,1.7,2048,hidden_dim,exp_c,no_think,gsm8k_test_000460,no_think,canonical,,False,answer_segment,no_think_answer,20,exp_c_segment_sample,59,59,0.002237515151500702,0.00611471086030163,0.0031315793748944998,0.013738955371081829,4.724124171855732e-06,0.0060581762809306374,0.0,0.00043937174871689743,0.000303281378000975,-0.00025637121871113777,per_model_kept_independent_plus_common_union
Qwen_Qwen3-1.7B,1.7B,1.7,2048,hidden_dim,exp_c,no_think,gsm8k_test_000534,no_think,canonical,,False,answer_segment,no_think_answer,6,exp_c_segment_sample,48,48,0.0014408948831260205,0.0077922951313667,0.001885560224764049,0.051890358328819275,5.9629301121587166e-05,0.007234962419309516,0.0,0.0010173912065065559,0.0003486116086908915,-0.0012563364580273628,per_model_kept_independent_plus_common_union
Qwen_Qwen3-1.7B,1.7B,1.7,2048,hidden_dim,exp_c,no_think,gsm8k_test_000534,no_think,canonical,,False,answer_segment,no_think_answer,13,exp_c_segment_sample,48,48,0.0023021013475954537,0.005683290248271078,0.00211244635283947,0.014143727719783783,7.629498424558807e-06,0.005604653624183638,0.020833333333333332,0.001088465294297022,0.000619623189171155,-0.005068042781203985,per_model_kept_independent_plus_common_union
Qwen_Qwen3-1.7B,1.7B,1.7,2048,hidden_dim,exp_c,no_think,gsm8k_test_000534,no_think,canonical,,False,answer_segment,no_think_answer,20,exp_c_segment_sample,48,48,0.002237515151500702,0.006232815595770565,0.002262487541884184,0.016603883355855942,9.142649418327121e-06,0.006139988223328553,0.0,7.546900436566837e-05,-0.0007609573658555746,-0.0014545205049216747,per_model_kept_independent_plus_common_union
Qwen_Qwen3-1.7B,1.7B,1.7,2048,hidden_dim,exp_c,no_think,gsm8k_test_000543,no_think,canonical,,False,answer_segment,no_think_answer,6,exp_c_segment_sample,46,46,0.0014408948831260205,0.008288761026367707,0.0017650555819272995,0.03878851979970932,4.611230903893317e-05,0.007889688038267196,0.0,-0.0018029063895894403,-0.0008676080809285249,0.006508784834295511,per_model_kept_independent_plus_common_union
Qwen_Qwen3-1.7B,1.7B,1.7,2048,hidden_dim,exp_c,no_think,gsm8k_test_000543,no_think,canonical,,False,answer_segment,no_think_answer,13,exp_c_segment_sample,46,46,0.0023021013475954537,0.005629985998182193,0.00268269213847816,0.013812242075800896,6.223537291122057e-06,0.005538642096022764,0.0,-3.223596864434179e-05,-0.00013614777708426118,0.001128915697336197,per_model_kept_independent_plus_common_union
Qwen_Qwen3-1.7B,1.7B,1.7,2048,hidden_dim,exp_c,no_think,gsm8k_test_000543,no_think,canonical,,False,answer_segment,no_think_answer,20,exp_c_segment_sample,46,46,0.002237515151500702,0.005864119440641092,0.0027553881518542767,0.012650638818740845,5.107737293795094e-06,0.005823102474419607,0.0,-0.0021951267819689687,-0.0016306610583948587,0.00016951095312833786,per_model_kept_independent_plus_common_union
Qwen_Qwen3-1.7B,1.7B,1.7,2048,hidden_dim,exp_c,no_think,gsm8k_test_000561,no_think,canonical,,True,answer_segment,no_think_answer,6,exp_c_segment_sample,79,79,0.0014408948831260205,0.004857214113190487,0.0016151147428900003,0.0305932704359293,2.2387151107407438e-05,0.004617816677543884,0.0,0.0009808557885374795,0.0018406355346087368,0.00588586600497365,per_model_kept_independent_plus_common_union
Qwen_Qwen3-1.7B,1.7B,1.7,2048,hidden_dim,exp_c,no_think,gsm8k_test_000561,no_think,canonical,,True,answer_segment,no_think_answer,13,exp_c_segment_sample,79,79,0.0023021013475954537,0.004707142486696756,0.002122776582837105,0.012434564530849457,3.3458529159714252e-06,0.0046392972551238445,0.012658227848101266,-0.0003032777194652845,-8.718763710930961e-05,0.0009808652102947235,per_model_kept_independent_plus_common_union
Qwen_Qwen3-1.7B,1.7B,1.7,2048,hidden_dim,exp_c,no_think,gsm8k_test_000561,no_think,canonical,,True,answer_segment,no_think_answer,20,exp_c_segment_sample,79,79,0.002237515151500702,0.005047741767514167,0.002294655656442046,0.012394177727401257,3.86619318015992e-06,0.005008606580444252,0.0,0.0013742448107775622,0.0014000072143971918,0.0006927074864506721,per_model_kept_independent_plus_common_union
Qwen_Qwen3-1.7B,1.7B,1.7,2048,hidden_dim,exp_c,no_think,gsm8k_test_000582,no_think,canonical,,False,answer_segment,no_think_answer,6,exp_c_segment_sample,62,62,0.0014408948831260205,0.0067215332303256275,0.0022943050134927034,0.027410687878727913,2.067416504374764e-05,0.00651879821995609,0.0,0.0021144791342426732,0.0018240418867208064,-0.0026537757366895676,per_model_kept_independent_plus_common_union
Qwen_Qwen3-1.7B,1.7B,1.7,2048,hidden_dim,exp_c,no_think,gsm8k_test_000582,no_think,canonical,,False,answer_segment,no_think_answer,13,exp_c_segment_sample,62,62,0.0023021013475954537,0.005538222413780468,0.002751266583800316,0.013817441649734974,6.819951718867668e-06,0.005480787296947397,0.0,0.00047305706472131374,0.0009979522874346003,-0.001233401708304882,per_model_kept_independent_plus_common_union
Qwen_Qwen3-1.7B,1.7B,1.7,2048,hidden_dim,exp_c,no_think,gsm8k_test_000582,no_think,canonical,,False,answer_segment,no_think_answer,20,exp_c_segment_sample,62,62,0.002237515151500702,0.005680925926313766,0.002112021902576089,0.011005553416907787,4.09955222512715e-06,0.005643213835743363,0.016129032258064516,0.0011278386900169962,0.0009473815298406407,-0.0029656034894287586,per_model_kept_independent_plus_common_union
Qwen_Qwen3-1.7B,1.7B,1.7,2048,hidden_dim,exp_c,no_think,gsm8k_test_000585,no_think,canonical,,False,answer_segment,no_think_answer,6,exp_c_segment_sample,81,81,0.0014408948831260205,0.005301275224436397,0.001201201812364161,0.04079918563365936,3.418647905065175e-05,0.005039244043291546,0.07407407407407407,-0.002679953702229935,-0.002465719373763672,0.003613644279539585,per_model_kept_independent_plus_common_union
Qwen_Qwen3-1.7B,1.7B,1.7,2048,hidden_dim,exp_c,no_think,gsm8k_test_000585,no_think,canonical,,False,answer_segment,no_think_answer,13,exp_c_segment_sample,81,81,0.0023021013475954537,0.005149927310772056,0.0017398601630702615,0.012156888842582703,4.898272424757769e-06,0.0050981288528419095,0.07407407407407407,-0.0016711734343814741,-0.0012664548287700337,0.00027697114273905754,per_model_kept_independent_plus_common_union
Qwen_Qwen3-1.7B,1.7B,1.7,2048,hidden_dim,exp_c,no_think,gsm8k_test_000585,no_think,canonical,,False,answer_segment,no_think_answer,20,exp_c_segment_sample,81,81,0.002237515151500702,0.004918739857887964,0.002096992451697588,0.024196406826376915,7.256187497783848e-06,0.004799317236756906,0.024691358024691357,0.00046456349355715,0.00020023847797087223,-0.0010081096552312374,per_model_kept_independent_plus_common_union
Qwen_Qwen3-1.7B,1.7B,1.7,2048,hidden_dim,exp_c,no_think,gsm8k_test_000640,no_think,canonical,,False,answer_segment,no_think_answer,6,exp_c_segment_sample,75,75,0.0014408948831260205,0.006081372299231589,0.0016856217989698052,0.062149327248334885,6.228640285895142e-05,0.00565369491232559,0.0,0.000296707328310919,-0.0007526621001919635,0.0029923543334007263,per_model_kept_independent_plus_common_union
Qwen_Qwen3-1.7B,1.7B,1.7,2048,hidden_dim,exp_c,no_think,gsm8k_test_000640,no_think,canonical,,False,answer_segment,no_think_answer,13,exp_c_segment_sample,75,75,0.0023021013475954537,0.004749828251078725,0.002174795139580965,0.014499594457447529,3.547513043770624e-06,0.004680327234185628,0.02666666666666667,0.00022682854415554638,-6.906745808297164e-05,-0.0019031856209039688,per_model_kept_independent_plus_common_union
Qwen_Qwen3-1.7B,1.7B,1.7,2048,hidden_dim,exp_c,no_think,gsm8k_test_000640,no_think,canonical,,False,answer_segment,no_think_answer,20,exp_c_segment_sample,75,75,0.002237515151500702,0.004724875471244255,0.0019629057496786118,0.01578471250832081,4.895886535004986e-06,0.004645370170348198,0.02666666666666667,0.0007859250334532623,0.0003660291335300398,-0.004631519317626953,per_model_kept_independent_plus_common_union
Qwen_Qwen3-1.7B,1.7B,1.7,2048,hidden_dim,exp_c,no_think,gsm8k_test_000697,no_think,canonical,,False,answer_segment,no_think_answer,6,exp_c_segment_sample,45,45,0.0014408948831260205,0.006609998389871584,0.0011666431091725826,0.03316940739750862,2.9965824094297477e-05,0.0062328692345710625,0.06666666666666667,0.0009794058062244145,0.0012805569179666536,0.0013025100342929363,per_model_kept_independent_plus_common_union
Qwen_Qwen3-1.7B,1.7B,1.7,2048,hidden_dim,exp_c,no_think,gsm8k_test_000697,no_think,canonical,,False,answer_segment,no_think_answer,13,exp_c_segment_sample,45,45,0.0023021013475954537,0.005472264133600725,0.0022748997434973717,0.01765270344913006,9.074695643724392e-06,0.00534667543516579,0.022222222222222223,-0.000738679865996042,-0.00043440720764920115,-0.002422057092189789,per_model_kept_independent_plus_common_union
Qwen_Qwen3-1.7B,1.7B,1.7,2048,hidden_dim,exp_c,no_think,gsm8k_test_000697,no_think,canonical,,False,answer_segment,no_think_answer,20,exp_c_segment_sample,45,45,0.002237515151500702,0.005565929775022798,0.002130623208358884,0.015285875648260117,8.758299188102385e-06,0.005475214460272003,0.022222222222222223,0.00017245754302627956,0.00013299525016918778,-0.0014659455046057701,per_model_kept_independent_plus_common_union
Qwen_Qwen3-1.7B,1.7B,1.7,2048,hidden_dim,exp_c,no_think,gsm8k_test_000713,no_think,canonical,,False,answer_segment,no_think_answer,6,exp_c_segment_sample,51,51,0.0014408948831260205,0.007907607725036203,0.002951785922050476,0.034701619297266006,3.28843295375454e-05,0.007562603284604848,0.0,-0.0017775882012316124,-0.0003725371072785212,0.0014082491397857666,per_model_kept_independent_plus_common_union
Qwen_Qwen3-1.7B,1.7B,1.7,2048,hidden_dim,exp_c,no_think,gsm8k_test_000713,no_think,canonical,,False,answer_segment,no_think_answer,13,exp_c_segment_sample,51,51,0.0023021013475954537,0.005621723378734554,0.002819146029651165,0.014181157574057579,5.491763015534494e-06,0.005571794849820435,0.0,-0.00010029966331916855,-0.0003323618036050061,-0.0006645172834396362,per_model_kept_independent_plus_common_union
Qwen_Qwen3-1.7B,1.7B,1.7,2048,hidden_dim,exp_c,no_think,gsm8k_test_000713,no_think,canonical,,False,answer_segment,no_think_answer,20,exp_c_segment_sample,51,51,0.002237515151500702,0.005887921858469353,0.003055447479709983,0.013497179374098778,6.6592979980680266e-06,0.005829707942903041,0.0,-9.395777483837442e-05,-0.00012006014227294078,-0.0035125380381941795,per_model_kept_independent_plus_common_union
Qwen_Qwen3-1.7B,1.7B,1.7,2048,hidden_dim,exp_c,no_think,gsm8k_test_000814,no_think,canonical,,False,answer_segment,no_think_answer,6,exp_c_segment_sample,63,63,0.0014408948831260205,0.006906404422359571,0.00207046652212739,0.03395723178982735,2.874590194459711e-05,0.0066266945570767405,0.0,0.0035971610313503197,0.003131201010546647,0.0020716129802167416,per_model_kept_independent_plus_common_union
Qwen_Qwen3-1.7B,1.7B,1.7,2048,hidden_dim,exp_c,no_think,gsm8k_test_000814,no_think,canonical,,False,answer_segment,no_think_answer,13,exp_c_segment_sample,63,63,0.0023021013475954537,0.006023921323792329,0.002638305304571986,0.013469686731696129,7.5956282922922445e-06,0.005968602115078079,0.0,0.0019559630427032817,0.0018586519145173952,-0.0019851503893733025,per_model_kept_independent_plus_common_union
Qwen_Qwen3-1.7B,1.7B,1.7,2048,hidden_dim,exp_c,no_think,gsm8k_test_000814,no_think,canonical,,False,answer_segment,no_think_answer,20,exp_c_segment_sample,63,63,0.002237515151500702,0.005865449377793878,0.0028131401631981134,0.017207663506269455,5.426647060325935e-06,0.005776188460238758,0.0,0.0015086428673904675,0.0008566065516788512,-0.0002816310152411461,per_model_kept_independent_plus_common_union
Qwen_Qwen3-1.7B,1.7B,1.7,2048,hidden_dim,exp_c,no_think,gsm8k_test_000852,no_think,canonical,,False,answer_segment,no_think_answer,6,exp_c_segment_sample,62,62,0.0014408948831260205,0.006951349141496805,0.00160002161283046,0.03930224850773811,5.1873170136606175e-05,0.006635426719230219,0.0,-0.0006497264049300677,0.0009183018628391437,0.0039818924851715565,per_model_kept_independent_plus_common_union
Qwen_Qwen3-1.7B,1.7B,1.7,2048,hidden_dim,exp_c,no_think,gsm8k_test_000852,no_think,canonical,,False,answer_segment,no_think_answer,13,exp_c_segment_sample,62,62,0.0023021013475954537,0.0054147392361154475,0.0019575851038098335,0.015042350627481937,5.789167088310653e-06,0.005348383502454542,0.016129032258064516,-0.00025720157647669275,-0.00015702277596574277,0.0005877637304365635,per_model_kept_independent_plus_common_union
Qwen_Qwen3-1.7B,1.7B,1.7,2048,hidden_dim,exp_c,no_think,gsm8k_test_000852,no_think,canonical,,False,answer_segment,no_think_answer,20,exp_c_segment_sample,62,62,0.002237515151500702,0.0055746089652060505,0.002774955937638879,0.01454312726855278,5.520577042884118e-06,0.005505155325393942,0.0,0.0013365464881577474,0.001087943252059631,-0.00045155826956033707,per_model_kept_independent_plus_common_union
Qwen_Qwen3-1.7B,1.7B,1.7,2048,hidden_dim,exp_c,no_think,gsm8k_test_000901,no_think,canonical,,False,answer_segment,no_think_answer,6,exp_c_segment_sample,52,52,0.0014408948831260205,0.007805440780849984,0.002215980552136898,0.030582426115870476,3.8668593070582346e-05,0.007579518262954321,0.0,0.0035965293291037054,0.0026017171151649487,0.004054294899106026,per_model_kept_independent_plus_common_union
Qwen_Qwen3-1.7B,1.7B,1.7,2048,hidden_dim,exp_c,no_think,gsm8k_test_000901,no_think,canonical,,False,answer_segment,no_think_answer,13,exp_c_segment_sample,52,52,0.0023021013475954537,0.005856679434565684,0.0023600542917847633,0.021940385922789574,1.0657382010877023e-05,0.005777033411112486,0.0,0.0013396336390543635,0.000956079367404947,0.0006833449006080627,per_model_kept_independent_plus_common_union
Qwen_Qwen3-1.7B,1.7B,1.7,2048,hidden_dim,exp_c,no_think,gsm8k_test_000901,no_think,canonical,,False,answer_segment,no_think_answer,20,exp_c_segment_sample,52,52,0.002237515151500702,0.006051721199093243,0.002159898402169347,0.015543738380074501,6.046872356466047e-06,0.005970582918391801,0.019230769230769232,0.0018462650371439706,0.0012805570060243979,0.0006989007815718651,per_model_kept_independent_plus_common_union
Qwen_Qwen3-1.7B,1.7B,1.7,2048,hidden_dim,exp_c,no_think,gsm8k_test_000923,no_think,canonical,,False,answer_segment,no_think_answer,6,exp_c_segment_sample,45,45,0.0014408948831260205,0.0074527071892387334,0.0027050792705267668,0.03145260736346245,3.0870119383481055e-05,0.00711534241087396,0.0,0.0037981522822941602,0.002841990518694123,0.0013251029886305332,per_model_kept_independent_plus_common_union
Qwen_Qwen3-1.7B,1.7B,1.7,2048,hidden_dim,exp_c,no_think,gsm8k_test_000923,no_think,canonical,,False,answer_segment,no_think_answer,13,exp_c_segment_sample,45,45,0.0023021013475954537,0.005824307771399617,0.002972097834572196,0.013469574972987175,7.181040894227481e-06,0.005771753203589468,0.0,0.003973265753492069,0.0022539973142556846,-0.0016759107820689678,per_model_kept_independent_plus_common_union
Qwen_Qwen3-1.7B,1.7B,1.7,2048,hidden_dim,exp_c,no_think,gsm8k_test_000923,no_think,canonical,,False,answer_segment,no_think_answer,20,exp_c_segment_sample,45,45,0.002237515151500702,0.0062386506754491065,0.0026482106186449528,0.016908926889300346,8.546832958623338e-06,0.006137618281751533,0.0,0.004686669481621274,0.0036971908994019023,-0.00086589390411973,per_model_kept_independent_plus_common_union
Qwen_Qwen3-1.7B,1.7B,1.7,2048,hidden_dim,exp_c,no_think,gsm8k_test_000924,no_think,canonical,,False,answer_segment,no_think_answer,6,exp_c_segment_sample,51,51,0.0014408948831260205,0.006577781698319549,0.002636657329276204,0.02175329439342022,1.889836553548823e-05,0.006353952367790043,0.0,0.0006610843009521963,0.00010817093201554665,0.008309343829751015,per_model_kept_independent_plus_common_union
Qwen_Qwen3-1.7B,1.7B,1.7,2048,hidden_dim,exp_c,no_think,gsm8k_test_000924,no_think,canonical,,False,answer_segment,no_think_answer,13,exp_c_segment_sample,51,51,0.0023021013475954537,0.005810674462540477,0.002701281337067485,0.01206627581268549,4.213226559868158e-06,0.005746086547151208,0.0,0.0013358181024315846,0.00044683929389485906,0.0005194130353629589,per_model_kept_independent_plus_common_union
Qwen_Qwen3-1.7B,1.7B,1.7,2048,hidden_dim,exp_c,no_think,gsm8k_test_000924,no_think,canonical,,False,answer_segment,no_think_answer,20,exp_c_segment_sample,51,51,0.002237515151500702,0.006770712907846067,0.002867640694603324,0.01927434653043747,1.0517042525201477e-05,0.006649752692319454,0.0,0.002471154604140855,0.0015263618865551864,0.0027648843824863434,per_model_kept_independent_plus_common_union
Qwen_Qwen3-1.7B,1.7B,1.7,2048,hidden_dim,exp_c,no_think,gsm8k_test_000965,no_think,canonical,,False,answer_segment,no_think_answer,6,exp_c_segment_sample,87,87,0.0014408948831260205,0.005980329373958467,0.0011667384533211589,0.04190051555633545,4.3981671371869073e-05,0.005777320098998243,0.034482758620689655,0.00637218832906166,0.005487799168225717,0.000743368174880743,per_model_kept_independent_plus_common_union
Qwen_Qwen3-1.7B,1.7B,1.7,2048,hidden_dim,exp_c,no_think,gsm8k_test_000965,no_think,canonical,,False,answer_segment,no_think_answer,13,exp_c_segment_sample,87,87,0.0023021013475954537,0.004898488700882286,0.0016358779976144433,0.013608664274215698,4.6907110553774716e-06,0.004831217935980232,0.09195402298850575,0.0024651759758454427,0.0018721253092570068,-0.0020961668342351913,per_model_kept_independent_plus_common_union
Qwen_Qwen3-1.7B,1.7B,1.7,2048,hidden_dim,exp_c,no_think,gsm8k_test_000965,no_think,canonical,,False,answer_segment,no_think_answer,20,exp_c_segment_sample,87,87,0.002237515151500702,0.0057687918553878175,0.0015601135091856122,0.02844220958650112,1.2385529380795147e-05,0.005624677858661947,0.05747126436781609,0.003910951628743854,0.003010271148840813,-0.001837426796555519,per_model_kept_independent_plus_common_union
Qwen_Qwen3-1.7B,1.7B,1.7,2048,hidden_dim,exp_c,no_think,gsm8k_test_000977,no_think,canonical,,True,answer_segment,no_think_answer,6,exp_c_segment_sample,50,50,0.0014408948831260205,0.006699219420552254,0.002083510858938098,0.0277877040207386,2.093782671347356e-05,0.006446859742305717,0.0,0.0005144545830348011,0.0006538154557347298,0.004977880045771599,per_model_kept_independent_plus_common_union
Qwen_Qwen3-1.7B,1.7B,1.7,2048,hidden_dim,exp_c,no_think,gsm8k_test_000977,no_think,canonical,,True,answer_segment,no_think_answer,13,exp_c_segment_sample,50,50,0.0023021013475954537,0.005564981545321643,0.0026167265605181456,0.014685370959341526,4.7934682654437965e-06,0.00547957633698017,0.0,0.0001862469069002293,-0.00039980046522731984,0.0006110779941082001,per_model_kept_independent_plus_common_union
Qwen_Qwen3-1.7B,1.7B,1.7,2048,hidden_dim,exp_c,no_think,gsm8k_test_000977,no_think,canonical,,True,answer_segment,no_think_answer,20,exp_c_segment_sample,50,50,0.002237515151500702,0.005663868435658514,0.0020691240206360817,0.014159384183585644,5.348807988068661e-06,0.005572451620685811,0.02,-0.00045966094414539026,-0.0009634371918554492,0.00030171265825629234,per_model_kept_independent_plus_common_union
Qwen_Qwen3-1.7B,1.7B,1.7,2048,hidden_dim,exp_c,no_think,gsm8k_test_000988,no_think,canonical,,False,answer_segment,no_think_answer,6,exp_c_segment_sample,43,43,0.0014408948831260205,0.0074443057921260245,0.0017401109216734767,0.03840148448944092,4.778389380015774e-05,0.0069828384494896815,0.0,-0.004221683886910278,-0.0022721562894399876,0.0019393796101212502,per_model_kept_independent_plus_common_union
Qwen_Qwen3-1.7B,1.7B,1.7,2048,hidden_dim,exp_c,no_think,gsm8k_test_000988,no_think,canonical,,False,answer_segment,no_think_answer,13,exp_c_segment_sample,43,43,0.0023021013475954537,0.0059710422065109015,0.0022762706503272057,0.018023820593953133,1.4344693467396064e-05,0.00594007635733024,0.023255813953488372,-0.005078639653481814,-0.0038578875828534365,-0.003316963091492653,per_model_kept_independent_plus_common_union
Qwen_Qwen3-1.7B,1.7B,1.7,2048,hidden_dim,exp_c,no_think,gsm8k_test_000988,no_think,canonical,,False,answer_segment,no_think_answer,20,exp_c_segment_sample,43,43,0.002237515151500702,0.006178987401992429,0.0025860993191599846,0.016696996986865997,9.688896654020932e-06,0.006073974300220254,0.0,-0.0015407484147823695,-0.0008701662829315119,-0.0022625834681093693,per_model_kept_independent_plus_common_union
Qwen_Qwen3-1.7B,1.7B,1.7,2048,hidden_dim,exp_c,no_think,gsm8k_test_001002,no_think,canonical,,False,answer_segment,no_think_answer,6,exp_c_segment_sample,56,56,0.0014408948831260205,0.006989575425645204,0.001881108502857387,0.031924184411764145,4.3706780762872016e-05,0.006759215732613069,0.0,-0.0007118979769608289,-0.0010967146455576372,0.0028583426028490067,per_model_kept_independent_plus_common_union
Qwen_Qwen3-1.7B,1.7B,1.7,2048,hidden_dim,exp_c,no_think,gsm8k_test_001002,no_think,canonical,,False,answer_segment,no_think_answer,13,exp_c_segment_sample,56,56,0.0023021013475954537,0.005838889375029664,0.0025532091967761517,0.0160171277821064,7.401405855529741e-06,0.005764164174483581,0.0,-0.0002226356834460266,-0.0007121423924607894,-0.00019770720973610878,per_model_kept_independent_plus_common_union
Qwen_Qwen3-1.7B,1.7B,1.7,2048,hidden_dim,exp_c,no_think,gsm8k_test_001002,no_think,canonical,,False,answer_segment,no_think_answer,20,exp_c_segment_sample,56,56,0.002237515151500702,0.005939693635030251,0.0028513858560472727,0.018735669553279877,7.485050969581331e-06,0.005878693195567888,0.0,-0.0006801203550609797,-0.000386039277405611,-0.0017026029527187347,per_model_kept_independent_plus_common_union
Qwen_Qwen3-1.7B,1.7B,1.7,2048,hidden_dim,exp_c,no_think,gsm8k_test_001006,no_think,canonical,,False,answer_segment,no_think_answer,6,exp_c_segment_sample,71,71,0.0014408948831260205,0.007130307519257488,0.0016222837148234248,0.034015219658613205,5.259023771211886e-05,0.006856764819739118,0.0,0.00020553400502824505,-0.00017380403328893894,-0.0015425626188516617,per_model_kept_independent_plus_common_union
Qwen_Qwen3-1.7B,1.7B,1.7,2048,hidden_dim,exp_c,no_think,gsm8k_test_001006,no_think,canonical,,False,answer_segment,no_think_answer,13,exp_c_segment_sample,71,71,0.0023021013475954537,0.004844860259023771,0.0020439941436052322,0.015168656595051289,4.269950684597695e-06,0.004764523353826787,0.014084507042253521,-0.0004505632721770896,-0.0001525882657410372,-0.0020233220420777798,per_model_kept_independent_plus_common_union
Qwen_Qwen3-1.7B,1.7B,1.7,2048,hidden_dim,exp_c,no_think,gsm8k_test_001006,no_think,canonical,,False,answer_segment,no_think_answer,20,exp_c_segment_sample,71,71,0.002237515151500702,0.00563553017629704,0.0023395249154418707,0.017170805484056473,6.091732299462259e-06,0.005593902324991566,0.0,-0.0009031585164088361,-0.0007424061574662728,-0.002396523952484131,per_model_kept_independent_plus_common_union
Qwen_Qwen3-1.7B,1.7B,1.7,2048,hidden_dim,exp_c,no_think,gsm8k_test_001026,no_think,canonical,,False,answer_segment,no_think_answer,6,exp_c_segment_sample,61,61,0.0014408948831260205,0.006921008920113816,0.002024930203333497,0.03584286943078041,2.7691914537402117e-05,0.006588718780161193,0.0,-0.0019082715697901712,-0.0020226105698384345,0.002643565647304058,per_model_kept_independent_plus_common_union
Qwen_Qwen3-1.7B,1.7B,1.7,2048,hidden_dim,exp_c,no_think,gsm8k_test_001026,no_think,canonical,,False,answer_segment,no_think_answer,13,exp_c_segment_sample,61,61,0.0023021013475954537,0.005130240827279746,0.002330708084627986,0.016148172318935394,4.652198516194986e-06,0.0050437161194471026,0.0,-0.0008223485260697515,-0.0009565362415742129,-0.0018764352425932884,per_model_kept_independent_plus_common_union
Qwen_Qwen3-1.7B,1.7B,1.7,2048,hidden_dim,exp_c,no_think,gsm8k_test_001026,no_think,canonical,,False,answer_segment,no_think_answer,20,exp_c_segment_sample,61,61,0.002237515151500702,0.005125513559848559,0.0018807321321219206,0.014201667159795761,4.88049564032002e-06,0.005057577039891233,0.03278688524590164,0.0001991675341219144,-0.00023530510952696204,-0.00028462568297982216,per_model_kept_independent_plus_common_union
Qwen_Qwen3-1.7B,1.7B,1.7,2048,hidden_dim,exp_c,no_think,gsm8k_test_001031,no_think,canonical,,False,answer_segment,no_think_answer,6,exp_c_segment_sample,59,59,0.0014408948831260205,0.006897498316810293,0.0016265137819573283,0.03410550579428673,4.007667358309382e-05,0.006618489029592481,0.0,-0.0017883793636367328,-1.954671461135149e-05,-0.00219613965600729,per_model_kept_independent_plus_common_union
Qwen_Qwen3-1.7B,1.7B,1.7,2048,hidden_dim,exp_c,no_think,gsm8k_test_001031,no_think,canonical,,False,answer_segment,no_think_answer,13,exp_c_segment_sample,59,59,0.0023021013475954537,0.004966815850713243,0.0023920678067952394,0.011287733912467957,2.63299897902914e-06,0.004904630505640445,0.0,-0.00041898070140031934,-0.00034581040963530506,-0.0016675451770424843,per_model_kept_independent_plus_common_union
Qwen_Qwen3-1.7B,1.7B,1.7,2048,hidden_dim,exp_c,no_think,gsm8k_test_001031,no_think,canonical,,False,answer_segment,no_think_answer,20,exp_c_segment_sample,59,59,0.002237515151500702,0.005809126919040741,0.0019772688392549753,0.02063276432454586,8.660164745137327e-06,0.0057516505235228055,0.01694915254237288,0.0006042343280199128,0.000863584286222855,-0.002027603331953287,per_model_kept_independent_plus_common_union
Qwen_Qwen3-1.7B,1.7B,1.7,2048,hidden_dim,exp_c,no_think,gsm8k_test_001038,no_think,canonical,,False,answer_segment,no_think_answer,6,exp_c_segment_sample,68,68,0.0014408948831260205,0.007354634673581184,0.0014156160177662969,0.03677462413907051,3.4197007158434115e-05,0.007120086258944514,0.014705882352941176,-0.002212343922377953,-0.0008150670841774506,0.002433499787002802,per_model_kept_independent_plus_common_union
Qwen_Qwen3-1.7B,1.7B,1.7,2048,hidden_dim,exp_c,no_think,gsm8k_test_001038,no_think,canonical,,False,answer_segment,no_think_answer,13,exp_c_segment_sample,68,68,0.0023021013475954537,0.005742609610452372,0.0028948502149432898,0.014303549192845821,5.807510790207911e-06,0.00568183054174505,0.0,-0.002135182232441162,-0.001880996107288143,-0.0008825240656733513,per_model_kept_independent_plus_common_union
Qwen_Qwen3-1.7B,1.7B,1.7,2048,hidden_dim,exp_c,no_think,gsm8k_test_001038,no_think,canonical,,False,answer_segment,no_think_answer,20,exp_c_segment_sample,68,68,0.002237515151500702,0.005653874109745683,0.0023135675583034754,0.01520095020532608,5.973655445438107e-06,0.005611196073439361,0.0,-0.0002857706526799384,-0.00010475035592475389,-8.87066125869751e-05,per_model_kept_independent_plus_common_union
Qwen_Qwen3-1.7B,1.7B,1.7,2048,hidden_dim,exp_c,no_think,gsm8k_test_001043,no_think,canonical,,True,answer_segment,no_think_answer,6,exp_c_segment_sample,55,55,0.0014408948831260205,0.0061814897841858596,0.0015252766897901893,0.029635541141033173,2.3758948203922625e-05,0.005900732213545039,0.0,-0.000774537027789298,0.00014134028294522823,0.0037837782874703407,per_model_kept_independent_plus_common_union
Qwen_Qwen3-1.7B,1.7B,1.7,2048,hidden_dim,exp_c,no_think,gsm8k_test_001043,no_think,canonical,,True,answer_segment,no_think_answer,13,exp_c_segment_sample,55,55,0.0023021013475954537,0.005018398055637425,0.0021974944975227118,0.013547358103096485,4.7595136972205445e-06,0.004941993280900298,0.01818181818181818,-0.0017632335521183926,-0.0013748250369514737,-0.0008959732949733734,per_model_kept_independent_plus_common_union
Qwen_Qwen3-1.7B,1.7B,1.7,2048,hidden_dim,exp_c,no_think,gsm8k_test_001043,no_think,canonical,,True,answer_segment,no_think_answer,20,exp_c_segment_sample,55,55,0.002237515151500702,0.0051856076006184925,0.0022891447879374027,0.014977998100221157,6.3979978209802675e-06,0.005095924953585144,0.0,-0.00041502548877585087,0.00023909713075097143,-0.001020811963826418,per_model_kept_independent_plus_common_union
Qwen_Qwen3-1.7B,1.7B,1.7,2048,hidden_dim,exp_c,no_think,gsm8k_test_001059,no_think,canonical,,True,answer_segment,no_think_answer,6,exp_c_segment_sample,64,64,0.0014408948831260205,0.006905648924657726,0.0012806159211322665,0.03919215127825737,5.5275397903669197e-05,0.006583145547968648,0.0625,-0.002900771547138,-0.0031501965058851056,0.0025669638998806477,per_model_kept_independent_plus_common_union
Qwen_Qwen3-1.7B,1.7B,1.7,2048,hidden_dim,exp_c,no_think,gsm8k_test_001059,no_think,canonical,,True,answer_segment,no_think_answer,13,exp_c_segment_sample,64,64,0.0023021013475954537,0.005188829476537649,0.002026577712967992,0.012849146500229836,4.349621316083147e-06,0.005121757394619405,0.046875,-0.00019800491281785605,-0.0001870134292403236,0.00029076170176267624,per_model_kept_independent_plus_common_union
Qwen_Qwen3-1.7B,1.7B,1.7,2048,hidden_dim,exp_c,no_think,gsm8k_test_001059,no_think,canonical,,True,answer_segment,no_think_answer,20,exp_c_segment_sample,64,64,0.002237515151500702,0.005102519729916821,0.0014929620083421469,0.014685085974633694,7.0664870856332e-06,0.005046994331115414,0.125,0.0007522193672999573,-0.00046390967327170074,-0.001878710463643074,per_model_kept_independent_plus_common_union
Qwen_Qwen3-1.7B,1.7B,1.7,2048,hidden_dim,exp_c,no_think,gsm8k_test_001088,no_think,canonical,,False,answer_segment,no_think_answer,6,exp_c_segment_sample,65,65,0.0014408948831260205,0.007583962939679623,0.001373367733322084,0.028543544933199883,3.235587856959209e-05,0.007354762885370292,0.015384615384615385,-0.007761635810097729,-0.007099187522030929,0.004321366082876921,per_model_kept_independent_plus_common_union
Qwen_Qwen3-1.7B,1.7B,1.7,2048,hidden_dim,exp_c,no_think,gsm8k_test_001088,no_think,canonical,,False,answer_segment,no_think_answer,13,exp_c_segment_sample,65,65,0.0023021013475954537,0.0056392411987941995,0.002271005418151617,0.01479937881231308,7.402750538647116e-06,0.005586914317973424,0.015384615384615385,-0.0031425594358698533,-0.0031421554877477534,0.002383692655712366,per_model_kept_independent_plus_common_union
Qwen_Qwen3-1.7B,1.7B,1.7,2048,hidden_dim,exp_c,no_think,gsm8k_test_001088,no_think,canonical,,False,answer_segment,no_think_answer,20,exp_c_segment_sample,65,65,0.002237515151500702,0.005288510515282933,0.001969697652384639,0.018141692504286766,7.668839206790021e-06,0.005198728795221541,0.06153846153846154,8.986525667401319e-05,-0.0007938540896729506,-0.0007017320021986961,per_model_kept_independent_plus_common_union
Qwen_Qwen3-1.7B,1.7B,1.7,2048,hidden_dim,exp_c,no_think,gsm8k_test_001096,no_think,canonical,,False,answer_segment,no_think_answer,6,exp_c_segment_sample,60,60,0.0014408948831260205,0.007632639022388806,0.002143590012565255,0.03314513340592384,3.0138353874369585e-05,0.0073874319816734325,0.0,-0.001316652545079463,-0.0008672640969355893,0.004879005253314972,per_model_kept_independent_plus_common_union
Qwen_Qwen3-1.7B,1.7B,1.7,2048,hidden_dim,exp_c,no_think,gsm8k_test_001096,no_think,canonical,,False,answer_segment,no_think_answer,13,exp_c_segment_sample,60,60,0.0023021013475954537,0.005767806266279271,0.002873938297852874,0.01174692902714014,4.39864786151557e-06,0.005722524464067261,0.0,-0.0006962516547379139,-0.0007111965212970974,0.0013752030208706856,per_model_kept_independent_plus_common_union
Qwen_Qwen3-1.7B,1.7B,1.7,2048,hidden_dim,exp_c,no_think,gsm8k_test_001096,no_think,canonical,,False,answer_segment,no_think_answer,20,exp_c_segment_sample,60,60,0.002237515151500702,0.005667010997422039,0.002648993395268917,0.016642725095152855,7.993362758549002e-06,0.005590678962200122,0.0,0.001371606368357774,0.0006146317503104605,0.002509508514776826,per_model_kept_independent_plus_common_union
Qwen_Qwen3-1.7B,1.7B,1.7,2048,hidden_dim,exp_c,no_think,gsm8k_test_001106,no_think,canonical,,True,answer_segment,no_think_answer,6,exp_c_segment_sample,58,58,0.0014408948831260205,0.006095014520567553,0.002655883552506566,0.03340690955519676,2.2614550852439838e-05,0.0057953511969300745,0.0,0.0007371494300502366,0.0002917466995616749,0.0037305690348148346,per_model_kept_independent_plus_common_union
Qwen_Qwen3-1.7B,1.7B,1.7,2048,hidden_dim,exp_c,no_think,gsm8k_test_001106,no_think,canonical,,True,answer_segment,no_think_answer,13,exp_c_segment_sample,58,58,0.0023021013475954537,0.00550003482253644,0.002619218546897173,0.014431977644562721,4.142129446386356e-06,0.005416522619494221,0.0,0.0004842561856891992,0.00016932757571339573,0.0008826837874948978,per_model_kept_independent_plus_common_union
Qwen_Qwen3-1.7B,1.7B,1.7,2048,hidden_dim,exp_c,no_think,gsm8k_test_001106,no_think,canonical,,True,answer_segment,no_think_answer,20,exp_c_segment_sample,58,58,0.002237515151500702,0.005569939517640862,0.0030379141680896282,0.016002649441361427,5.629042135757434e-06,0.0054787941718179925,0.0,0.0021407903862811196,0.00181682026013732,-0.0011751828715205193,per_model_kept_independent_plus_common_union
Qwen_Qwen3-1.7B,1.7B,1.7,2048,hidden_dim,exp_c,no_think,gsm8k_test_001136,no_think,canonical,,False,answer_segment,no_think_answer,6,exp_c_segment_sample,39,39,0.0014408948831260205,0.006351854747686631,0.0021386141888797283,0.025348270311951637,2.2529556614379324e-05,0.0060331012171350035,0.0,0.0008336500013963536,0.00110337391961366,-0.002445518970489502,per_model_kept_independent_plus_common_union
Qwen_Qwen3-1.7B,1.7B,1.7,2048,hidden_dim,exp_c,no_think,gsm8k_test_001136,no_think,canonical,,False,answer_segment,no_think_answer,13,exp_c_segment_sample,39,39,0.0023021013475954537,0.005389682011296734,0.002435131696984172,0.013041961938142776,6.052016246956845e-06,0.005284701951926475,0.0,-0.00041031046913793525,-0.0007110458333045239,-0.0011786003597080708,per_model_kept_independent_plus_common_union
Qwen_Qwen3-1.7B,1.7B,1.7,2048,hidden_dim,exp_c,no_think,gsm8k_test_001136,no_think,canonical,,False,answer_segment,no_think_answer,20,exp_c_segment_sample,39,39,0.002237515151500702,0.005965532806630318,0.0027820381801575422,0.017296720296144485,7.450907598266726e-06,0.005827100708541509,0.0,0.0021898849616543595,0.0013625709107145667,-0.005145929288119078,per_model_kept_independent_plus_common_union
Qwen_Qwen3-1.7B,1.7B,1.7,2048,hidden_dim,exp_c,no_think,gsm8k_test_001164,no_think,canonical,,False,answer_segment,no_think_answer,6,exp_c_segment_sample,73,73,0.0014408948831260205,0.00522006000711085,0.0011634334223344922,0.05299363657832146,5.194273375194921e-05,0.004852602193649444,0.0410958904109589,0.0008563090245777697,-0.00012704677340623534,0.003654077649116516,per_model_kept_independent_plus_common_union
Qwen_Qwen3-1.7B,1.7B,1.7,2048,hidden_dim,exp_c,no_think,gsm8k_test_001164,no_think,canonical,,False,answer_segment,no_think_answer,13,exp_c_segment_sample,73,73,0.0023021013475954537,0.004689303566446553,0.001673285849392414,0.015549670904874802,7.74524413058667e-06,0.004601040808160582,0.136986301369863,-0.0017103634022834144,-0.0016531485782348004,0.0005525783635675907,per_model_kept_independent_plus_common_union
Qwen_Qwen3-1.7B,1.7B,1.7,2048,hidden_dim,exp_c,no_think,gsm8k_test_001164,no_think,canonical,,False,answer_segment,no_think_answer,20,exp_c_segment_sample,73,73,0.002237515151500702,0.004865823339109551,0.0016897981986403465,0.014392169192433357,4.816608176433261e-06,0.004798575789512446,0.0273972602739726,-0.0014279499622072167,-0.001061970073925821,0.000564945861697197,per_model_kept_independent_plus_common_union
Qwen_Qwen3-1.7B,1.7B,1.7,2048,hidden_dim,exp_c,no_think,gsm8k_test_001165,no_think,canonical,,False,answer_segment,no_think_answer,6,exp_c_segment_sample,53,53,0.0014408948831260205,0.006362712841024095,0.00183003768324852,0.027735432609915733,2.1369079875085023e-05,0.00609673625485112,0.0,-0.00018497153070112291,-0.0006782629893028313,0.002112308517098427,per_model_kept_independent_plus_common_union
Qwen_Qwen3-1.7B,1.7B,1.7,2048,hidden_dim,exp_c,no_think,gsm8k_test_001165,no_think,canonical,,False,answer_segment,no_think_answer,13,exp_c_segment_sample,53,53,0.0023021013475954537,0.004945763131990185,0.0022292721550911665,0.0115805733948946,4.241686439701425e-06,0.004877350346830029,0.05660377358490566,0.0017895883630640991,0.0009889314283749893,-0.0015014377422630787,per_model_kept_independent_plus_common_union
Qwen_Qwen3-1.7B,1.7B,1.7,2048,hidden_dim,exp_c,no_think,gsm8k_test_001165,no_think,canonical,,False,answer_segment,no_think_answer,20,exp_c_segment_sample,53,53,0.002237515151500702,0.005022743896950247,0.0019027376547455788,0.02111392840743065,8.190327028106707e-06,0.004878692190127017,0.09433962264150944,0.00269903749543822,0.0016974517742970163,-8.481461554765701e-05,per_model_kept_independent_plus_common_union
Qwen_Qwen3-1.7B,1.7B,1.7,2048,hidden_dim,exp_c,no_think,gsm8k_test_001182,no_think,canonical,,False,answer_segment,no_think_answer,6,exp_c_segment_sample,56,56,0.0014408948831260205,0.006285414902127481,0.0019200174137949944,0.021326513960957527,2.2940913015985607e-05,0.006081030953844841,0.0,-0.00018865205793942757,0.001091211751502539,0.004456428810954094,per_model_kept_independent_plus_common_union
Qwen_Qwen3-1.7B,1.7B,1.7,2048,hidden_dim,exp_c,no_think,gsm8k_test_001182,no_think,canonical,,False,answer_segment,no_think_answer,13,exp_c_segment_sample,56,56,0.0023021013475954537,0.005010816900591765,0.0024629791732877493,0.011874990537762642,4.081954773937099e-06,0.0049404068553650935,0.0,0.00029445049366948845,0.0009319807203220475,0.0014858408831059933,per_model_kept_independent_plus_common_union
Qwen_Qwen3-1.7B,1.7B,1.7,2048,hidden_dim,exp_c,no_think,gsm8k_test_001182,no_think,canonical,,False,answer_segment,no_think_answer,20,exp_c_segment_sample,56,56,0.002237515151500702,0.00561346164821381,0.0027230477426201105,0.0147340577095747,6.456654862499987e-06,0.0055353885728188544,0.0,0.0017634664230657894,0.002322687917122884,-0.0007240944541990757,per_model_kept_independent_plus_common_union
Qwen_Qwen3-1.7B,1.7B,1.7,2048,hidden_dim,exp_c,no_think,gsm8k_test_001188,no_think,canonical,,False,answer_segment,no_think_answer,6,exp_c_segment_sample,47,47,0.0014408948831260205,0.00660646807382557,0.003184305736795068,0.023653347045183182,1.611669467631263e-05,0.006350138837107173,0.0,0.002388944472879806,0.0007356554463816183,0.0027006310410797596,per_model_kept_independent_plus_common_union
Qwen_Qwen3-1.7B,1.7B,1.7,2048,hidden_dim,exp_c,no_think,gsm8k_test_001188,no_think,canonical,,False,answer_segment,no_think_answer,13,exp_c_segment_sample,47,47,0.0023021013475954537,0.005551597237230298,0.0024331812746822834,0.012328090146183968,5.076925549977183e-06,0.005480001579322245,0.0,0.0005593939865146727,-0.00032654759706929326,-0.002777564339339733,per_model_kept_independent_plus_common_union
Qwen_Qwen3-1.7B,1.7B,1.7,2048,hidden_dim,exp_c,no_think,gsm8k_test_001188,no_think,canonical,,False,answer_segment,no_think_answer,20,exp_c_segment_sample,47,47,0.002237515151500702,0.005875407534829797,0.002413329901173711,0.012713094241917133,5.4484797241308015e-06,0.005817858249192004,0.0,0.0011807580495827848,-0.0001476056834993269,4.696287214756012e-05,per_model_kept_independent_plus_common_union
Qwen_Qwen3-1.7B,1.7B,1.7,2048,hidden_dim,exp_c,no_think,gsm8k_test_001209,no_think,canonical,,False,answer_segment,no_think_answer,6,exp_c_segment_sample,65,65,0.0014408948831260205,0.006826250352717649,0.0008854979532770813,0.03804060071706772,3.8981078303113876e-05,0.006513852368698281,0.09230769230769231,-0.003480814002011424,-0.003424744132002267,0.0037759216502308846,per_model_kept_independent_plus_common_union
Qwen_Qwen3-1.7B,1.7B,1.7,2048,hidden_dim,exp_c,no_think,gsm8k_test_001209,no_think,canonical,,False,answer_segment,no_think_answer,13,exp_c_segment_sample,65,65,0.0023021013475954537,0.005253573224091759,0.0017731713596731424,0.017604967579245567,6.116538953082057e-06,0.00515081830235431,0.06153846153846154,-0.001129999350743386,-0.001387655960998553,0.0015034670941531658,per_model_kept_independent_plus_common_union
Qwen_Qwen3-1.7B,1.7B,1.7,2048,hidden_dim,exp_c,no_think,gsm8k_test_001209,no_think,canonical,,False,answer_segment,no_think_answer,20,exp_c_segment_sample,65,65,0.002237515151500702,0.0051661932303641855,0.0021923237945884466,0.01591918058693409,5.254378444800131e-06,0.0050776854768628255,0.015384615384615385,0.000609966608454711,0.00020498785135500582,-2.1670013666152954e-05,per_model_kept_independent_plus_common_union
Qwen_Qwen3-1.7B,1.7B,1.7,2048,hidden_dim,exp_c,no_think,gsm8k_test_001251,no_think,canonical,,False,answer_segment,no_think_answer,6,exp_c_segment_sample,71,71,0.0014408948831260205,0.0064436458575893455,0.001618573791347444,0.04453373700380325,3.632316228851313e-05,0.006101136255477156,0.0,-0.00025075600819198494,8.380753246860391e-05,0.006725716404616833,per_model_kept_independent_plus_common_union
Qwen_Qwen3-1.7B,1.7B,1.7,2048,hidden_dim,exp_c,no_think,gsm8k_test_001251,no_think,canonical,,False,answer_segment,no_think_answer,13,exp_c_segment_sample,71,71,0.0023021013475954537,0.005579119210433163,0.0023067963775247335,0.014437021687626839,7.18271647620195e-06,0.005510780554530875,0.0,0.0012875566222954131,0.000861313569152521,-0.0014783013612031937,per_model_kept_independent_plus_common_union
Qwen_Qwen3-1.7B,1.7B,1.7,2048,hidden_dim,exp_c,no_think,gsm8k_test_001251,no_think,canonical,,False,answer_segment,no_think_answer,20,exp_c_segment_sample,71,71,0.002237515151500702,0.005118536179176938,0.0021105597261339426,0.024638762697577477,1.0404074137975267e-05,0.0050532926805317395,0.028169014084507043,0.0022158898006547495,0.0015420495635933345,0.0014202399179339409,per_model_kept_independent_plus_common_union
Qwen_Qwen3-1.7B,1.7B,1.7,2048,hidden_dim,exp_c,no_think,gsm8k_test_001271,no_think,canonical,,False,answer_segment,no_think_answer,6,exp_c_segment_sample,71,71,0.0014408948831260205,0.006200972846118917,0.001955040730535984,0.029693447053432465,1.924370960674562e-05,0.005994556957323636,0.0,0.0008533170190967725,0.0005948863302667933,0.0029115378856658936,per_model_kept_independent_plus_common_union
Qwen_Qwen3-1.7B,1.7B,1.7,2048,hidden_dim,exp_c,no_think,gsm8k_test_001271,no_think,canonical,,False,answer_segment,no_think_answer,13,exp_c_segment_sample,71,71,0.0023021013475954537,0.005441643789567998,0.0024984334595501423,0.015623323619365692,6.714953657914445e-06,0.005371870632682529,0.0,-0.0005448875662394146,-0.0010048964241933496,-0.0008544148877263069,per_model_kept_independent_plus_common_union
Qwen_Qwen3-1.7B,1.7B,1.7,2048,hidden_dim,exp_c,no_think,gsm8k_test_001271,no_think,canonical,,False,answer_segment,no_think_answer,20,exp_c_segment_sample,71,71,0.002237515151500702,0.005581391037402439,0.0021155322901904583,0.013114357367157936,5.3374672160631495e-06,0.005531313084065914,0.014084507042253521,0.0006346837202078265,0.00012297262178940886,-0.0024219066835939884,per_model_kept_independent_plus_common_union
Qwen_Qwen3-1.7B,1.7B,1.7,2048,hidden_dim,exp_c,no_think,gsm8k_test_001307,no_think,canonical,,False,answer_segment,no_think_answer,6,exp_c_segment_sample,48,48,0.0014408948831260205,0.006449194178761293,0.00117195351049304,0.042729754000902176,5.4018668548213145e-05,0.005976023895547111,0.08333333333333333,-0.0008132207012564328,-0.0006658150329409782,0.00041592447087168694,per_model_kept_independent_plus_common_union
Qwen_Qwen3-1.7B,1.7B,1.7,2048,hidden_dim,exp_c,no_think,gsm8k_test_001307,no_think,canonical,,False,answer_segment,no_think_answer,13,exp_c_segment_sample,48,48,0.0023021013475954537,0.005035659409865427,0.001850482658483088,0.01509790774434805,8.253309922573767e-06,0.004921537234467713,0.08333333333333333,0.0005378137320061449,0.00029222771991044283,-0.0009469343349337578,per_model_kept_independent_plus_common_union
Qwen_Qwen3-1.7B,1.7B,1.7,2048,hidden_dim,exp_c,no_think,gsm8k_test_001307,no_think,canonical,,False,answer_segment,no_think_answer,20,exp_c_segment_sample,48,48,0.002237515151500702,0.00539517685441145,0.0019000614993274212,0.013762283138930798,6.270952160074993e-06,0.005346848703722688,0.0625,0.0021637386828898516,0.0021522163103024168,-0.0023006461560726166,per_model_kept_independent_plus_common_union
Qwen_Qwen3-1.7B,1.7B,1.7,2048,hidden_dim,exp_c,no_think,gsm8k_test_001317,no_think,canonical,,False,answer_segment,no_think_answer,6,exp_c_segment_sample,75,75,0.0014408948831260205,0.005594424707815051,0.0017925023566931486,0.04090337082743645,3.147713661676416e-05,0.005294055309826256,0.0,0.003058131744251828,0.0023898673427634335,-0.0007277689874172211,per_model_kept_independent_plus_common_union
Qwen_Qwen3-1.7B,1.7B,1.7,2048,hidden_dim,exp_c,no_think,gsm8k_test_001317,no_think,canonical,,False,answer_segment,no_think_answer,13,exp_c_segment_sample,75,75,0.0023021013475954537,0.004837025245651602,0.0024153445847332478,0.011646443046629429,3.329954708720197e-06,0.004797660165176903,0.0,0.00043462850839683613,0.0002823449597743003,-0.0002003684639930725,per_model_kept_independent_plus_common_union
Qwen_Qwen3-1.7B,1.7B,1.7,2048,hidden_dim,exp_c,no_think,gsm8k_test_001317,no_think,canonical,,False,answer_segment,no_think_answer,20,exp_c_segment_sample,75,75,0.002237515151500702,0.005435477510715525,0.0026940845418721437,0.011922435835003853,4.313052589842653e-06,0.005383379124985957,0.0,0.00014446913705844084,0.00025006587077912486,2.969382330775261e-05,per_model_kept_independent_plus_common_union
Qwen_Qwen3-1.7B,1.7B,1.7,2048,hidden_dim,exp_c,think,gsm8k_test_000007,think,canonical,,False,answer_segment,think_answer,6,exp_c_segment_sample,48,48,0.0014408948831260205,0.007176402228651568,0.0019673574715852737,0.031561531126499176,3.7026973295775905e-05,0.006932856589357586,0.0,-0.0007324265268612297,-0.0012963816601162153,0.0022441521286964417,per_model_kept_independent_plus_common_union
Qwen_Qwen3-1.7B,1.7B,1.7,2048,hidden_dim,exp_c,think,gsm8k_test_000007,think,canonical,,False,answer_segment,think_answer,13,exp_c_segment_sample,48,48,0.0023021013475954537,0.00521240154436479,0.0022608891595155,0.014589871279895306,5.357114338888169e-06,0.005110433825509663,0.020833333333333332,0.00025967100031711927,-0.00028924541159843463,-0.0020980690605938435,per_model_kept_independent_plus_common_union
Qwen_Qwen3-1.7B,1.7B,1.7,2048,hidden_dim,exp_c,think,gsm8k_test_000007,think,canonical,,False,answer_segment,think_answer,20,exp_c_segment_sample,48,48,0.002237515151500702,0.0049634074384812266,0.0023329982068389654,0.01202817726880312,4.8568731568293965e-06,0.004878606939529802,0.0,0.000485029489714269,0.0006719607238968219,-0.003657927270978689,per_model_kept_independent_plus_common_union
Qwen_Qwen3-1.7B,1.7B,1.7,2048,hidden_dim,exp_c,think,gsm8k_test_000007,think,canonical,,False,thinking_segment,thinking,6,exp_c_segment_sample,256,256,0.0014408948831260205,0.005601074814421736,0.00045456746011041105,0.03883326053619385,5.1235817969567574e-05,0.005587243908457095,0.23828125,-0.001619536296169886,-0.0006862816408101935,0.0022441521286964417,per_model_kept_independent_plus_common_union
Qwen_Qwen3-1.7B,1.7B,1.7,2048,hidden_dim,exp_c,think,gsm8k_test_000007,think,canonical,,False,thinking_segment,thinking,13,exp_c_segment_sample,256,256,0.0023021013475954537,0.005490688950658296,0.0005536559619940817,0.030517011880874634,2.340294420940697e-05,0.00546554416612328,0.24609375,-8.825196665736916e-05,-0.00029860959057259606,-0.0020980690605938435,per_model_kept_independent_plus_common_union
Qwen_Qwen3-1.7B,1.7B,1.7,2048,hidden_dim,exp_c,think,gsm8k_test_000007,think,canonical,,False,thinking_segment,thinking,20,exp_c_segment_sample,256,256,0.002237515151500702,0.0053663263656744675,0.0006260487716645002,0.027976570650935173,2.2881636423016555e-05,0.005327834514447181,0.2421875,-0.0002430283436699219,-0.00044122304097982123,-0.003657927270978689,per_model_kept_independent_plus_common_union
Qwen_Qwen3-1.7B,1.7B,1.7,2048,hidden_dim,exp_c,think,gsm8k_test_000031,think,canonical,,True,answer_segment,think_answer,6,exp_c_segment_sample,49,49,0.0014408948831260205,0.006263558035336283,0.0015262567903846502,0.03244710713624954,3.358660568368558e-05,0.005938577121317697,0.0,0.0007221394802006523,0.0010051019847966153,0.004378971643745899,per_model_kept_independent_plus_common_union
Qwen_Qwen3-1.7B,1.7B,1.7,2048,hidden_dim,exp_c,think,gsm8k_test_000031,think,canonical,,True,answer_segment,think_answer,13,exp_c_segment_sample,49,49,0.0023021013475954537,0.005087229684565445,0.0022925464436411858,0.0194365456700325,1.1617231771916779e-05,0.0049223653331864625,0.04081632653061224,0.001763942031836023,0.0014569324333793847,-0.0011123549193143845,per_model_kept_independent_plus_common_union
Qwen_Qwen3-1.7B,1.7B,1.7,2048,hidden_dim,exp_c,think,gsm8k_test_000031,think,canonical,,True,answer_segment,think_answer,20,exp_c_segment_sample,49,49,0.002237515151500702,0.005817146273329854,0.002149400068446994,0.013959280215203762,6.501570458849542e-06,0.005759779635506371,0.02040816326530612,0.0012987478746443334,0.0016850221257370254,-2.3441389203071594e-06,per_model_kept_independent_plus_common_union
Qwen_Qwen3-1.7B,1.7B,1.7,2048,hidden_dim,exp_c,think,gsm8k_test_000031,think,canonical,,True,thinking_segment,thinking,6,exp_c_segment_sample,256,256,0.0014408948831260205,0.006539892022374261,0.0010432304115965962,0.07254509627819061,9.941961053971701e-05,0.00649011476642995,0.04296875,-0.00679169918399217,-0.005709552371627069,0.004378971643745899,per_model_kept_independent_plus_common_union
Qwen_Qwen3-1.7B,1.7B,1.7,2048,hidden_dim,exp_c,think,gsm8k_test_000031,think,canonical,,True,thinking_segment,thinking,13,exp_c_segment_sample,256,256,0.0023021013475954537,0.006430206962704688,0.0012040701694786549,0.08060196787118912,4.8245391729251253e-05,0.006377251243280505,0.078125,-0.005289335280720458,-0.004062054485984845,-0.0011123549193143845,per_model_kept_independent_plus_common_union
Qwen_Qwen3-1.7B,1.7B,1.7,2048,hidden_dim,exp_c,think,gsm8k_test_000031,think,canonical,,True,thinking_segment,thinking,20,exp_c_segment_sample,256,256,0.002237515151500702,0.005485169459007011,0.0011710455873981118,0.022298064082860947,1.58517020238208e-05,0.005439881214710429,0.09375,-0.002168467986397253,-0.0017208502922585467,-2.3441389203071594e-06,per_model_kept_independent_plus_common_union
Qwen_Qwen3-1.7B,1.7B,1.7,2048,hidden_dim,exp_c,think,gsm8k_test_000054,think,canonical,,False,answer_segment,think_answer,6,exp_c_segment_sample,52,52,0.0014408948831260205,0.006846946093271702,0.0018400611588731408,0.03624747321009636,3.0205513035879207e-05,0.0065625671904497584,0.0,0.0011786369800990731,-0.00021555178010693003,0.0029337480664253235,per_model_kept_independent_plus_common_union
Qwen_Qwen3-1.7B,1.7B,1.7,2048,hidden_dim,exp_c,think,gsm8k_test_000054,think,canonical,,False,answer_segment,think_answer,13,exp_c_segment_sample,52,52,0.0023021013475954537,0.00576056013456904,0.002899360377341509,0.014157031662762165,4.098286410459403e-06,0.005685455216021808,0.0,0.0017326003337935919,0.0003716588880007081,-0.0016500381752848625,per_model_kept_independent_plus_common_union
Qwen_Qwen3-1.7B,1.7B,1.7,2048,hidden_dim,exp_c,think,gsm8k_test_000054,think,canonical,,False,answer_segment,think_answer,20,exp_c_segment_sample,52,52,0.002237515151500702,0.006684326414520351,0.002522279042750597,0.015712158754467964,9.40593993960936e-06,0.006600187927046241,0.0,0.0016951679525131862,0.001484477982068291,0.000357672106474638,per_model_kept_independent_plus_common_union
Qwen_Qwen3-1.7B,1.7B,1.7,2048,hidden_dim,exp_c,think,gsm8k_test_000054,think,canonical,,False,thinking_segment,thinking,6,exp_c_segment_sample,256,256,0.0014408948831260205,0.005785441326452201,0.0006603638175874949,0.08848845958709717,0.00011025598195601793,0.005732968476256917,0.29296875,-0.009419277306732065,-0.007750012288852304,0.0029337480664253235,per_model_kept_independent_plus_common_union
Qwen_Qwen3-1.7B,1.7B,1.7,2048,hidden_dim,exp_c,think,gsm8k_test_000054,think,canonical,,False,thinking_segment,thinking,13,exp_c_segment_sample,256,256,0.0023021013475954537,0.005817594879772514,0.0008573276572860777,0.054135922342538834,4.272738672114377e-05,0.0057316988209157186,0.31640625,-0.00673829646868791,-0.005219060531089781,-0.0016500381752848625,per_model_kept_independent_plus_common_union
Qwen_Qwen3-1.7B,1.7B,1.7,2048,hidden_dim,exp_c,think,gsm8k_test_000054,think,canonical,,False,thinking_segment,thinking,20,exp_c_segment_sample,256,256,0.002237515151500702,0.004852229727703161,0.0009672470041550696,0.0324225127696991,2.1099477021386522e-05,0.004801761367826653,0.27734375,-0.005292109766332873,-0.003811633087025257,0.000357672106474638,per_model_kept_independent_plus_common_union
Qwen_Qwen3-1.7B,1.7B,1.7,2048,hidden_dim,exp_c,think,gsm8k_test_000099,think,canonical,,True,answer_segment,think_answer,6,exp_c_segment_sample,47,47,0.0014408948831260205,0.008587397976798262,0.0017041523242369294,0.04085051640868187,5.861840647776395e-05,0.008224687888287008,0.0,-0.004564951341153379,-0.0012901903440554925,-0.014679964631795883,per_model_kept_independent_plus_common_union
Qwen_Qwen3-1.7B,1.7B,1.7,2048,hidden_dim,exp_c,think,gsm8k_test_000099,think,canonical,,True,answer_segment,think_answer,13,exp_c_segment_sample,47,47,0.0023021013475954537,0.005962737038374898,0.0027533783577382565,0.024015305563807487,1.0944773968513212e-05,0.0057751611988667555,0.0,0.0007594464720781681,0.0008800923048208151,-0.002143070101737976,per_model_kept_independent_plus_common_union
Qwen_Qwen3-1.7B,1.7B,1.7,2048,hidden_dim,exp_c,think,gsm8k_test_000099,think,canonical,,True,answer_segment,think_answer,20,exp_c_segment_sample,47,47,0.002237515151500702,0.00585841077895082,0.002845430513843894,0.014417550526559353,5.977541024759978e-06,0.005765561809074943,0.0,-0.0007752555836130775,0.00010140991071239114,-0.003488158341497183,per_model_kept_independent_plus_common_union
Qwen_Qwen3-1.7B,1.7B,1.7,2048,hidden_dim,exp_c,think,gsm8k_test_000099,think,canonical,,True,thinking_segment,thinking,6,exp_c_segment_sample,192,192,0.0014408948831260205,0.008169445682748725,0.001329455990344286,0.1081712543964386,0.0001546449173832152,0.008158317599469962,0.010416666666666666,-0.007253707982484389,-0.006120171698664005,-0.014679964631795883,per_model_kept_independent_plus_common_union
Qwen_Qwen3-1.7B,1.7B,1.7,2048,hidden_dim,exp_c,think,gsm8k_test_000099,think,canonical,,True,thinking_segment,thinking,13,exp_c_segment_sample,192,192,0.0023021013475954537,0.005788698553563639,0.0019307048059999943,0.03627448156476021,1.5151836111352235e-05,0.005743394709431143,0.036458333333333336,-0.0042542669296833585,-0.0033901747422836106,-0.002143070101737976,per_model_kept_independent_plus_common_union
Qwen_Qwen3-1.7B,1.7B,1.7,2048,hidden_dim,exp_c,think,gsm8k_test_000099,think,canonical,,True,thinking_segment,thinking,20,exp_c_segment_sample,192,192,0.002237515151500702,0.005497214894906695,0.0016781812300905585,0.019705891609191895,7.562787519471722e-06,0.005467531411464848,0.036458333333333336,-0.0023714568779002873,-0.0016952509758993983,-0.003488158341497183,per_model_kept_independent_plus_common_union
Qwen_Qwen3-1.7B,1.7B,1.7,2048,hidden_dim,exp_c,think,gsm8k_test_000109,think,canonical,,True,answer_segment,think_answer,6,exp_c_segment_sample,72,72,0.0014408948831260205,0.006697147706290707,0.0020111354533582926,0.05378030985593796,4.959163269005496e-05,0.006298906258372982,0.0,-0.0007434976778894601,4.902251789139396e-05,0.005397384520620108,per_model_kept_independent_plus_common_union
Qwen_Qwen3-1.7B,1.7B,1.7,2048,hidden_dim,exp_c,think,gsm8k_test_000109,think,canonical,,True,answer_segment,think_answer,13,exp_c_segment_sample,72,72,0.0023021013475954537,0.00547221903818556,0.0025109488051384687,0.01934066042304039,6.820048587433673e-06,0.005373899110028862,0.0,0.0008602765368586934,0.0007783377853532629,0.0010580113157629967,per_model_kept_independent_plus_common_union
Qwen_Qwen3-1.7B,1.7B,1.7,2048,hidden_dim,exp_c,think,gsm8k_test_000109,think,canonical,,True,answer_segment,think_answer,20,exp_c_segment_sample,72,72,0.002237515151500702,0.005415008552113755,0.0025649950839579105,0.01302898209542036,5.577896588196958e-06,0.00536330661762663,0.0,-0.0008955184417057997,-0.0005128830024558641,-0.0018099742010235786,per_model_kept_independent_plus_common_union
Qwen_Qwen3-1.7B,1.7B,1.7,2048,hidden_dim,exp_c,think,gsm8k_test_000109,think,canonical,,True,thinking_segment,thinking,6,exp_c_segment_sample,256,256,0.0014408948831260205,0.006005906110885917,0.0006968157831579447,0.06169826164841652,7.230374763366577e-05,0.006131337825773341,0.140625,-0.0030034792253056746,-0.0035571513153627166,0.005397384520620108,per_model_kept_independent_plus_common_union
Qwen_Qwen3-1.7B,1.7B,1.7,2048,hidden_dim,exp_c,think,gsm8k_test_000109,think,canonical,,True,thinking_segment,thinking,13,exp_c_segment_sample,256,256,0.0023021013475954537,0.0053424386674123525,0.001535038580186665,0.025520656257867813,1.3206677228188061e-05,0.0053040455536437076,0.12890625,-0.0021251458924406983,-0.0017530115674162516,0.0010580113157629967,per_model_kept_independent_plus_common_union
Qwen_Qwen3-1.7B,1.7B,1.7,2048,hidden_dim,exp_c,think,gsm8k_test_000109,think,canonical,,True,thinking_segment,thinking,20,exp_c_segment_sample,256,256,0.002237515151500702,0.005516368054713894,0.0009206442045979202,0.03210806846618652,1.4906768536823278e-05,0.0055419282487657075,0.140625,-0.0017001152711078654,-0.0013807171153530362,-0.0018099742010235786,per_model_kept_independent_plus_common_union
Qwen_Qwen3-1.7B,1.7B,1.7,2048,hidden_dim,exp_c,think,gsm8k_test_000118,think,canonical,,True,answer_segment,think_answer,6,exp_c_segment_sample,46,46,0.0014408948831260205,0.007651441072559227,0.0024568289518356323,0.04400354251265526,4.911839727251965e-05,0.007176718415899409,0.0,0.0028492828183200028,0.002491359366104006,0.005432169418781996,per_model_kept_independent_plus_common_union
Qwen_Qwen3-1.7B,1.7B,1.7,2048,hidden_dim,exp_c,think,gsm8k_test_000118,think,canonical,,True,answer_segment,think_answer,13,exp_c_segment_sample,46,46,0.0023021013475954537,0.006144902157678228,0.0026330240070819855,0.02253781445324421,1.081518342246219e-05,0.005960320148410069,0.0,0.004293974718788878,0.0028079660260118553,7.746182382106781e-05,per_model_kept_independent_plus_common_union
Qwen_Qwen3-1.7B,1.7B,1.7,2048,hidden_dim,exp_c,think,gsm8k_test_000118,think,canonical,,True,answer_segment,think_answer,20,exp_c_segment_sample,46,46,0.002237515151500702,0.006297432032980672,0.0031766616739332676,0.015455604530870914,8.427989725401775e-06,0.006255121658452683,0.0,0.004348136871238135,0.0030510531699595358,-0.00439820159226656,per_model_kept_independent_plus_common_union
Qwen_Qwen3-1.7B,1.7B,1.7,2048,hidden_dim,exp_c,think,gsm8k_test_000118,think,canonical,,True,thinking_segment,thinking,6,exp_c_segment_sample,183,183,0.0014408948831260205,0.0065823721405515664,0.001018308219499886,0.035058021545410156,4.932624843890967e-05,0.006562673507877472,0.1366120218579235,-0.007177302897507838,-0.005290722730063388,0.005432169418781996,per_model_kept_independent_plus_common_union
Qwen_Qwen3-1.7B,1.7B,1.7,2048,hidden_dim,exp_c,think,gsm8k_test_000118,think,canonical,,True,thinking_segment,thinking,13,exp_c_segment_sample,183,183,0.0023021013475954537,0.005648637584237576,0.0017557285027578473,0.018811823800206184,9.63842502292161e-06,0.005594649197978919,0.04371584699453552,-0.0024868818423966245,-0.001958134887821,7.746182382106781e-05,per_model_kept_independent_plus_common_union
Qwen_Qwen3-1.7B,1.7B,1.7,2048,hidden_dim,exp_c,think,gsm8k_test_000118,think,canonical,,True,thinking_segment,thinking,20,exp_c_segment_sample,183,183,0.002237515151500702,0.005513577375947778,0.0021691452711820602,0.01654241979122162,6.057737390183874e-06,0.005471622627637871,0.01092896174863388,-0.0016907393636616049,-0.001195023150142768,-0.00439820159226656,per_model_kept_independent_plus_common_union
Qwen_Qwen3-1.7B,1.7B,1.7,2048,hidden_dim,exp_c,think,gsm8k_test_000150,think,canonical,,False,answer_segment,think_answer,6,exp_c_segment_sample,49,49,0.0014408948831260205,0.0064563404398076995,0.002229454694315791,0.02291998825967312,1.3930333268678198e-05,0.006291447760304437,0.0,-0.00012769701301443913,-0.000428015652757424,0.0031702087726444006,per_model_kept_independent_plus_common_union
Qwen_Qwen3-1.7B,1.7B,1.7,2048,hidden_dim,exp_c,think,gsm8k_test_000150,think,canonical,,False,answer_segment,think_answer,13,exp_c_segment_sample,49,49,0.0023021013475954537,0.0047343152822280415,0.002232491271570325,0.012901227921247482,3.091027535994395e-06,0.004681960956077091,0.02040816326530612,-0.0006145256035486056,-0.0009783149804346832,-0.0024382928386330605,per_model_kept_independent_plus_common_union
Qwen_Qwen3-1.7B,1.7B,1.7,2048,hidden_dim,exp_c,think,gsm8k_test_000150,think,canonical,,False,answer_segment,think_answer,20,exp_c_segment_sample,49,49,0.002237515151500702,0.005217642827453662,0.0019221232505515218,0.010567078366875648,4.080629570747967e-06,0.005166103888768703,0.04081632653061224,-0.0003743896878571574,-0.0007362450705841184,-0.00017392076551914215,per_model_kept_independent_plus_common_union
Qwen_Qwen3-1.7B,1.7B,1.7,2048,hidden_dim,exp_c,think,gsm8k_test_000150,think,canonical,,False,thinking_segment,thinking,6,exp_c_segment_sample,256,256,0.0014408948831260205,0.005594042219627227,0.0007759032305330038,0.05574307218194008,5.0434547050450876e-05,0.005566618138298821,0.13671875,-0.004792790757941389,-0.0036788125180464704,0.0031702087726444006,per_model_kept_independent_plus_common_union
Qwen_Qwen3-1.7B,1.7B,1.7,2048,hidden_dim,exp_c,think,gsm8k_test_000150,think,canonical,,False,thinking_segment,thinking,13,exp_c_segment_sample,256,256,0.0023021013475954537,0.006213248387211934,0.0011374636087566614,0.07259806990623474,3.495630652062565e-05,0.00618331589780069,0.1015625,-0.002970186046764074,-0.0023465580234187655,-0.0024382928386330605,per_model_kept_independent_plus_common_union
Qwen_Qwen3-1.7B,1.7B,1.7,2048,hidden_dim,exp_c,think,gsm8k_test_000150,think,canonical,,False,thinking_segment,thinking,20,exp_c_segment_sample,256,256,0.002237515151500702,0.005720697815377207,0.0011015754425898194,0.018799569457769394,1.4847060961245844e-05,0.0057072972867013355,0.1484375,-0.0007886216241960488,-0.0009470543700444978,-0.00017392076551914215,per_model_kept_independent_plus_common_union
Qwen_Qwen3-1.7B,1.7B,1.7,2048,hidden_dim,exp_c,think,gsm8k_test_000182,think,canonical,,False,answer_segment,think_answer,6,exp_c_segment_sample,32,32,0.0014408948831260205,0.0066878703437396325,0.0020579856354743242,0.026506684720516205,2.7162749097468336e-05,0.006391399434857791,0.0,0.0015410403258019107,0.00036859497777186334,0.0040069567039608955,per_model_kept_independent_plus_common_union
Qwen_Qwen3-1.7B,1.7B,1.7,2048,hidden_dim,exp_c,think,gsm8k_test_000182,think,canonical,,False,answer_segment,think_answer,13,exp_c_segment_sample,32,32,0.0023021013475954537,0.0055887818889459595,0.002532000420615077,0.023814696818590164,1.2774928865195518e-05,0.005306000318077782,0.0,0.002976617225530473,0.0021055366669315845,-0.0007198229432106018,per_model_kept_independent_plus_common_union
Qwen_Qwen3-1.7B,1.7B,1.7,2048,hidden_dim,exp_c,think,gsm8k_test_000182,think,canonical,,False,answer_segment,think_answer,20,exp_c_segment_sample,32,32,0.002237515151500702,0.005424794006103184,0.003412005491554737,0.013975029811263084,4.473291631117078e-06,0.0054251029937257686,0.0,0.0007402319686000524,0.0006552998966071755,-0.0003789919428527355,per_model_kept_independent_plus_common_union
Qwen_Qwen3-1.7B,1.7B,1.7,2048,hidden_dim,exp_c,think,gsm8k_test_000182,think,canonical,,False,thinking_segment,thinking,6,exp_c_segment_sample,256,256,0.0014408948831260205,0.004775992665827289,0.000698284013196826,0.04746479168534279,6.0776633817904826e-05,0.004733297740813657,0.30078125,-0.006904157741685451,-0.004573137051920639,0.0040069567039608955,per_model_kept_independent_plus_common_union
Qwen_Qwen3-1.7B,1.7B,1.7,2048,hidden_dim,exp_c,think,gsm8k_test_000182,think,canonical,,False,thinking_segment,thinking,13,exp_c_segment_sample,256,256,0.0023021013475954537,0.004975538827693526,0.0011852678144350648,0.03833336383104324,2.414449260242529e-05,0.004917977799295646,0.234375,-0.0035241330036798906,-0.002318780543646426,-0.0007198229432106018,per_model_kept_independent_plus_common_union
Qwen_Qwen3-1.7B,1.7B,1.7,2048,hidden_dim,exp_c,think,gsm8k_test_000182,think,canonical,,False,thinking_segment,thinking,20,exp_c_segment_sample,256,256,0.002237515151500702,0.004952123375687734,0.0009521910105831921,0.02304770052433014,1.6532508300432673e-05,0.004907855384603694,0.265625,-0.003514844612349388,-0.002713548678002553,-0.0003789919428527355,per_model_kept_independent_plus_common_union
Qwen_Qwen3-1.7B,1.7B,1.7,2048,hidden_dim,exp_c,think,gsm8k_test_000247,think,canonical,,True,answer_segment,think_answer,6,exp_c_segment_sample,46,46,0.0014408948831260205,0.008342157148391656,0.0011870072921738029,0.04752336069941521,8.723466186060824e-05,0.007608174108382728,0.08695652173913043,-0.005940543628314117,-0.004330145816008249,0.012623039074242115,per_model_kept_independent_plus_common_union
Qwen_Qwen3-1.7B,1.7B,1.7,2048,hidden_dim,exp_c,think,gsm8k_test_000247,think,canonical,,True,answer_segment,think_answer,13,exp_c_segment_sample,46,46,0.0023021013475954537,0.005437169664377428,0.002171505242586136,0.01927983947098255,8.499826701225225e-06,0.00528556374936468,0.043478260869565216,-0.000449127045302384,-0.0002510400954633951,-0.00014208117499947548,per_model_kept_independent_plus_common_union
Qwen_Qwen3-1.7B,1.7B,1.7,2048,hidden_dim,exp_c,think,gsm8k_test_000247,think,canonical,,True,answer_segment,think_answer,20,exp_c_segment_sample,46,46,0.002237515151500702,0.006038196643045091,0.001991984434425831,0.015536094084382057,8.289483824986947e-06,0.0059284982840634055,0.043478260869565216,-0.00030768154792928877,-9.70238858523471e-05,0.00220788037404418,per_model_kept_independent_plus_common_union
Qwen_Qwen3-1.7B,1.7B,1.7,2048,hidden_dim,exp_c,think,gsm8k_test_000247,think,canonical,,True,thinking_segment,thinking,6,exp_c_segment_sample,256,256,0.0014408948831260205,0.0058841296267928556,0.0006650832365266979,0.08987407386302948,9.47786048975501e-05,0.00591082454917613,0.14453125,-0.007107965308046105,-0.0063952735526982,0.012623039074242115,per_model_kept_independent_plus_common_union
Qwen_Qwen3-1.7B,1.7B,1.7,2048,hidden_dim,exp_c,think,gsm8k_test_000247,think,canonical,,True,thinking_segment,thinking,13,exp_c_segment_sample,256,256,0.0023021013475954537,0.005145003832012662,0.0009622780489735305,0.03167625516653061,1.9394253684452647e-05,0.0051380578941901435,0.1640625,-0.003919844215482506,-0.003502563407892012,-0.00014208117499947548,per_model_kept_independent_plus_common_union
Qwen_Qwen3-1.7B,1.7B,1.7,2048,hidden_dim,exp_c,think,gsm8k_test_000247,think,canonical,,True,thinking_segment,thinking,20,exp_c_segment_sample,256,256,0.002237515151500702,0.004626889585324534,0.001157958758994937,0.023630142211914062,1.4128093340849058e-05,0.0046391669966958015,0.21875,-0.004040934202795969,-0.0035509425233613,0.00220788037404418,per_model_kept_independent_plus_common_union
Qwen_Qwen3-1.7B,1.7B,1.7,2048,hidden_dim,exp_c,think,gsm8k_test_000254,think,canonical,,True,answer_segment,think_answer,6,exp_c_segment_sample,51,51,0.0014408948831260205,0.007209859701676988,0.0016019956674426794,0.05118289217352867,5.291255502070823e-05,0.00671396867837757,0.0,0.0032978024058743483,0.002530859102709936,-0.0013868287205696106,per_model_kept_independent_plus_common_union
Qwen_Qwen3-1.7B,1.7B,1.7,2048,hidden_dim,exp_c,think,gsm8k_test_000254,think,canonical,,True,answer_segment,think_answer,13,exp_c_segment_sample,51,51,0.0023021013475954537,0.005960976741477555,0.0021448051556944847,0.023779045790433884,1.2898747626091987e-05,0.005772308413870633,0.0392156862745098,0.0018887167935558841,0.0013852146489975545,-0.00171753391623497,per_model_kept_independent_plus_common_union
Qwen_Qwen3-1.7B,1.7B,1.7,2048,hidden_dim,exp_c,think,gsm8k_test_000254,think,canonical,,True,answer_segment,think_answer,20,exp_c_segment_sample,51,51,0.002237515151500702,0.005705464900672144,0.0027764083351939917,0.012823407538235188,5.538938665157829e-06,0.005666377386078239,0.0,-0.0001755812388688842,0.0005416638540247307,-0.004406176973134279,per_model_kept_independent_plus_common_union
Qwen_Qwen3-1.7B,1.7B,1.7,2048,hidden_dim,exp_c,think,gsm8k_test_000254,think,canonical,,True,thinking_segment,thinking,6,exp_c_segment_sample,256,256,0.0014408948831260205,0.007046906221830795,0.0009036108967848122,0.04154285416007042,6.123922020001533e-05,0.007062843167945107,0.1171875,-0.005802301883560137,-0.003044784627491026,-0.0013868287205696106,per_model_kept_independent_plus_common_union
Qwen_Qwen3-1.7B,1.7B,1.7,2048,hidden_dim,exp_c,think,gsm8k_test_000254,think,canonical,,True,thinking_segment,thinking,13,exp_c_segment_sample,256,256,0.0023021013475954537,0.006056811013422703,0.0016266253078356385,0.03310788422822952,1.9347026768466204e-05,0.006042341953821339,0.11328125,-0.003194517836840397,-0.0017058499506674707,-0.00171753391623497,per_model_kept_independent_plus_common_union
Qwen_Qwen3-1.7B,1.7B,1.7,2048,hidden_dim,exp_c,think,gsm8k_test_000254,think,canonical,,True,thinking_segment,thinking,20,exp_c_segment_sample,256,256,0.002237515151500702,0.006391622349838144,0.0014993582153692842,0.03044830448925495,1.9328663428677322e-05,0.006391559784371358,0.0546875,-0.0023010932964215368,-0.0009115832199313445,-0.004406176973134279,per_model_kept_independent_plus_common_union
Qwen_Qwen3-1.7B,1.7B,1.7,2048,hidden_dim,exp_c,think,gsm8k_test_000273,think,canonical,,True,answer_segment,think_answer,6,exp_c_segment_sample,98,98,0.0014408948831260205,0.005896147379737196,0.0017126078018918633,0.04155522212386131,3.9524677524284556e-05,0.005707126404830859,0.0,0.0025959575728610592,0.0020425365725532177,0.003649341408163309,per_model_kept_independent_plus_common_union
Qwen_Qwen3-1.7B,1.7B,1.7,2048,hidden_dim,exp_c,think,gsm8k_test_000273,think,canonical,,True,answer_segment,think_answer,13,exp_c_segment_sample,98,98,0.0023021013475954537,0.0055432301964990945,0.0021647848188877106,0.01822494901716709,6.8305164562856894e-06,0.005461992710329515,0.030612244897959183,0.0011775719301962836,0.001318361777812243,0.0001567215658724308,per_model_kept_independent_plus_common_union
Qwen_Qwen3-1.7B,1.7B,1.7,2048,hidden_dim,exp_c,think,gsm8k_test_000273,think,canonical,,True,answer_segment,think_answer,20,exp_c_segment_sample,98,98,0.002237515151500702,0.005542790417426399,0.002478233305737376,0.017708774656057358,7.051439560598008e-06,0.005501018633067454,0.0,0.0023245694540238266,0.0022877144813537595,-0.0010930434800684452,per_model_kept_independent_plus_common_union
Qwen_Qwen3-1.7B,1.7B,1.7,2048,hidden_dim,exp_c,think,gsm8k_test_000273,think,canonical,,True,thinking_segment,thinking,6,exp_c_segment_sample,256,256,0.0014408948831260205,0.006466733000252134,0.000839882530272007,0.12472198158502579,0.00016394438396128422,0.006575031269806878,0.1328125,-0.008919227856968059,-0.007410428574075922,0.003649341408163309,per_model_kept_independent_plus_common_union
Qwen_Qwen3-1.7B,1.7B,1.7,2048,hidden_dim,exp_c,think,gsm8k_test_000273,think,canonical,,True,thinking_segment,thinking,13,exp_c_segment_sample,256,256,0.0023021013475954537,0.005336975269528921,0.001234156428836286,0.032437797635793686,1.774416126198914e-05,0.005333611402854141,0.09765625,-0.003559820080043791,-0.0029604085939354263,0.0001567215658724308,per_model_kept_independent_plus_common_union
Qwen_Qwen3-1.7B,1.7B,1.7,2048,hidden_dim,exp_c,think,gsm8k_test_000273,think,canonical,,True,thinking_segment,thinking,20,exp_c_segment_sample,256,256,0.002237515151500702,0.005557611454150901,0.0017769492696970701,0.026046494022011757,1.5358905528036687e-05,0.0055614288214531245,0.046875,-0.002494328814277552,-0.002157677941795555,-0.0010930434800684452,per_model_kept_independent_plus_common_union
Qwen_Qwen3-1.7B,1.7B,1.7,2048,hidden_dim,exp_c,think,gsm8k_test_000325,think,canonical,,True,answer_segment,think_answer,6,exp_c_segment_sample,51,51,0.0014408948831260205,0.00660027415884257,0.001948938355781138,0.0311312023550272,3.569063378801994e-05,0.006339616423938422,0.0,-0.001030334921520015,-0.0005543322230760865,0.00532230781391263,per_model_kept_independent_plus_common_union
Qwen_Qwen3-1.7B,1.7B,1.7,2048,hidden_dim,exp_c,think,gsm8k_test_000325,think,canonical,,True,answer_segment,think_answer,13,exp_c_segment_sample,51,51,0.0023021013475954537,0.005398795729977828,0.0025733625516295433,0.014822401106357574,5.997124997249619e-06,0.005306687667034566,0.0,-0.0009197156056677437,-0.0004553233918089131,0.00023567210882902145,per_model_kept_independent_plus_common_union
Qwen_Qwen3-1.7B,1.7B,1.7,2048,hidden_dim,exp_c,think,gsm8k_test_000325,think,canonical,,True,answer_segment,think_answer,20,exp_c_segment_sample,51,51,0.002237515151500702,0.0059039461170779725,0.0025552662555128336,0.012631063349545002,5.315294723283689e-06,0.00581015570089221,0.0,-0.0010352635954199026,-0.0006002324740760605,7.738359272480011e-06,per_model_kept_independent_plus_common_union
Qwen_Qwen3-1.7B,1.7B,1.7,2048,hidden_dim,exp_c,think,gsm8k_test_000325,think,canonical,,True,thinking_segment,thinking,6,exp_c_segment_sample,256,256,0.0014408948831260205,0.006052340784663102,0.0009965748758986592,0.09018637984991074,8.589003039105502e-05,0.006032496962612802,0.04296875,-0.008821052087094033,-0.005947820947767468,0.00532230781391263,per_model_kept_independent_plus_common_union
Qwen_Qwen3-1.7B,1.7B,1.7,2048,hidden_dim,exp_c,think,gsm8k_test_000325,think,canonical,,True,thinking_segment,thinking,13,exp_c_segment_sample,256,256,0.0023021013475954537,0.006193121705109661,0.001627052784897387,0.058394379913806915,3.367166085738699e-05,0.006170274007867578,0.06640625,-0.00447298810770567,-0.0031412798580277013,0.00023567210882902145,per_model_kept_independent_plus_common_union
Qwen_Qwen3-1.7B,1.7B,1.7,2048,hidden_dim,exp_c,think,gsm8k_test_000325,think,canonical,,True,thinking_segment,thinking,20,exp_c_segment_sample,256,256,0.002237515151500702,0.006024152603458788,0.0012118734885007143,0.03290656954050064,1.946273698952767e-05,0.00598433898166403,0.109375,-0.003288926850576474,-0.0020730803062178893,7.738359272480011e-06,per_model_kept_independent_plus_common_union
Qwen_Qwen3-1.7B,1.7B,1.7,2048,hidden_dim,exp_c,think,gsm8k_test_000351,think,canonical,,True,answer_segment,think_answer,6,exp_c_segment_sample,43,43,0.0014408948831260205,0.007158340396207952,0.0018976096762344241,0.028229232877492905,2.3734377836008388e-05,0.00688977653460045,0.0,-0.003013811031372205,-0.0024172437525439,0.0023768418468534946,per_model_kept_independent_plus_common_union
Qwen_Qwen3-1.7B,1.7B,1.7,2048,hidden_dim,exp_c,think,gsm8k_test_000351,think,canonical,,True,answer_segment,think_answer,13,exp_c_segment_sample,43,43,0.0023021013475954537,0.005536789659324081,0.002644304884597659,0.01737903617322445,6.247109439826312e-06,0.005410450017301454,0.0,0.0002629357202069124,-0.000758506590500474,-0.00022126175463199615,per_model_kept_independent_plus_common_union
Qwen_Qwen3-1.7B,1.7B,1.7,2048,hidden_dim,exp_c,think,gsm8k_test_000351,think,canonical,,True,answer_segment,think_answer,20,exp_c_segment_sample,43,43,0.002237515151500702,0.005504687695742347,0.0029870199505239725,0.011870398186147213,2.9659726459362503e-06,0.005423925495484755,0.0,-0.00013164864620685948,0.0001166232607581405,-0.0034474474377930164,per_model_kept_independent_plus_common_union
Qwen_Qwen3-1.7B,1.7B,1.7,2048,hidden_dim,exp_c,think,gsm8k_test_000351,think,canonical,,True,thinking_segment,thinking,6,exp_c_segment_sample,236,236,0.0014408948831260205,0.006392934343578309,0.0009049309883266687,0.04698455333709717,5.60506002955e-05,0.006374064818807342,0.05508474576271186,-0.006832565951237851,-0.005643519544303101,0.0023768418468534946,per_model_kept_independent_plus_common_union
Qwen_Qwen3-1.7B,1.7B,1.7,2048,hidden_dim,exp_c,think,gsm8k_test_000351,think,canonical,,True,thinking_segment,thinking,13,exp_c_segment_sample,236,236,0.0023021013475954537,0.005498772783015492,0.0017450321465730667,0.022411424666643143,1.286122084329085e-05,0.005465991250140236,0.025423728813559324,-0.0037110803042500673,-0.0026403793323216806,-0.00022126175463199615,per_model_kept_independent_plus_common_union
Qwen_Qwen3-1.7B,1.7B,1.7,2048,hidden_dim,exp_c,think,gsm8k_test_000351,think,canonical,,True,thinking_segment,thinking,20,exp_c_segment_sample,236,236,0.002237515151500702,0.005398951019989169,0.0014946239534765482,0.021047838032245636,1.0396860829732902e-05,0.00535936505494124,0.07627118644067797,-0.0027817335853249645,-0.0020143603708721322,-0.0034474474377930164,per_model_kept_independent_plus_common_union
Qwen_Qwen3-1.7B,1.7B,1.7,2048,hidden_dim,exp_c,think,gsm8k_test_000361,think,canonical,,False,answer_segment,think_answer,6,exp_c_segment_sample,46,46,0.0014408948831260205,0.008336890660955207,0.0022723437286913395,0.03001939132809639,3.7471254983400524e-05,0.00812681374243564,0.0,-0.002104137039844157,-0.0017679426431035008,-0.006320571526885033,per_model_kept_independent_plus_common_union
Qwen_Qwen3-1.7B,1.7B,1.7,2048,hidden_dim,exp_c,think,gsm8k_test_000361,think,canonical,,False,answer_segment,think_answer,13,exp_c_segment_sample,46,46,0.0023021013475954537,0.005568423146462958,0.0027133191470056772,0.012238954193890095,4.4229171177875795e-06,0.005500044570200973,0.0,-0.0010915464729373933,-0.001006558265847465,-0.004938994534313679,per_model_kept_independent_plus_common_union
Qwen_Qwen3-1.7B,1.7B,1.7,2048,hidden_dim,exp_c,think,gsm8k_test_000361,think,canonical,,False,answer_segment,think_answer,20,exp_c_segment_sample,46,46,0.002237515151500702,0.0055641911103916555,0.0026131232734769583,0.013687420636415482,3.953291068732848e-06,0.005476247353686227,0.0,2.8818898948871245e-05,0.000146640173625201,-0.002552939113229513,per_model_kept_independent_plus_common_union
Qwen_Qwen3-1.7B,1.7B,1.7,2048,hidden_dim,exp_c,think,gsm8k_test_000361,think,canonical,,False,thinking_segment,thinking,6,exp_c_segment_sample,256,256,0.0014408948831260205,0.006810636304862783,0.0008975608507171273,0.05410977825522423,7.716477072251085e-05,0.0067854992022781425,0.13671875,-0.0026182754079708587,-0.0012058974170940928,-0.006320571526885033,per_model_kept_independent_plus_common_union
Qwen_Qwen3-1.7B,1.7B,1.7,2048,hidden_dim,exp_c,think,gsm8k_test_000361,think,canonical,,False,thinking_segment,thinking,13,exp_c_segment_sample,256,256,0.0023021013475954537,0.00645227111863278,0.0015320471720770001,0.036508094519376755,2.523462373743511e-05,0.00641200291201632,0.08203125,-0.0026462950109350245,-0.0023209549090097426,-0.004938994534313679,per_model_kept_independent_plus_common_union
Qwen_Qwen3-1.7B,1.7B,1.7,2048,hidden_dim,exp_c,think,gsm8k_test_000361,think,canonical,,False,thinking_segment,thinking,20,exp_c_segment_sample,256,256,0.002237515151500702,0.006109272448611591,0.0010653359349817038,0.029493233188986778,2.112735612963792e-05,0.006111377882852889,0.1171875,-0.002470841883757141,-0.002388228231211542,-0.002552939113229513,per_model_kept_independent_plus_common_union
Qwen_Qwen3-1.7B,1.7B,1.7,2048,hidden_dim,exp_c,think,gsm8k_test_000389,think,canonical,,False,answer_segment,think_answer,6,exp_c_segment_sample,61,61,0.0014408948831260205,0.006298261499948433,0.001966710202395916,0.02396583929657936,2.2037856659208837e-05,0.006117919021441291,0.0,-0.0024331503622588443,-0.001990491902688518,-0.003570166416466236,per_model_kept_independent_plus_common_union
Qwen_Qwen3-1.7B,1.7B,1.7,2048,hidden_dim,exp_c,think,gsm8k_test_000389,think,canonical,,False,answer_segment,think_answer,13,exp_c_segment_sample,61,61,0.0023021013475954537,0.005515242579438892,0.0026258237194269896,0.018991105258464813,8.475882237065273e-06,0.005395203933585436,0.0,0.00024351690261019852,-8.991904905997217e-06,-0.0015564635396003723,per_model_kept_independent_plus_common_union
Qwen_Qwen3-1.7B,1.7B,1.7,2048,hidden_dim,exp_c,think,gsm8k_test_000389,think,canonical,,False,answer_segment,think_answer,20,exp_c_segment_sample,61,61,0.002237515151500702,0.005435902873420569,0.002435748465359211,0.015804484486579895,7.298418776281405e-06,0.005367610339696209,0.0,-0.0009597025539318217,-0.0006186473183333874,-0.003424542024731636,per_model_kept_independent_plus_common_union
Qwen_Qwen3-1.7B,1.7B,1.7,2048,hidden_dim,exp_c,think,gsm8k_test_000389,think,canonical,,False,thinking_segment,thinking,6,exp_c_segment_sample,256,256,0.0014408948831260205,0.006219178180572271,0.0007087341509759426,0.06627213954925537,7.271871960460597e-05,0.0062542625897314425,0.18359375,-0.0024974874620797894,-0.0020082036025996786,-0.003570166416466236,per_model_kept_independent_plus_common_union
Qwen_Qwen3-1.7B,1.7B,1.7,2048,hidden_dim,exp_c,think,gsm8k_test_000389,think,canonical,,False,thinking_segment,thinking,13,exp_c_segment_sample,256,256,0.0023021013475954537,0.0053254568974807626,0.0012663169763982296,0.026946017518639565,1.4421735596363083e-05,0.005301664747703267,0.18359375,-0.0011895215866883435,-0.0005216439112700755,-0.0015564635396003723,per_model_kept_independent_plus_common_union
Qwen_Qwen3-1.7B,1.7B,1.7,2048,hidden_dim,exp_c,think,gsm8k_test_000389,think,canonical,,False,thinking_segment,thinking,20,exp_c_segment_sample,256,256,0.002237515151500702,0.0055738982305229,0.001269639702513814,0.03483450785279274,2.088190551460149e-05,0.005559069824986534,0.125,-0.00152876497691721,-0.0011703079799190164,-0.003424542024731636,per_model_kept_independent_plus_common_union
Qwen_Qwen3-1.7B,1.7B,1.7,2048,hidden_dim,exp_c,think,gsm8k_test_000433,think,canonical,,True,answer_segment,think_answer,6,exp_c_segment_sample,54,54,0.0014408948831260205,0.0072220276428938465,0.0017952965572476387,0.03211104869842529,3.163468187869037e-05,0.006952487402331996,0.0,-0.0024764807532644943,-0.0014653023432141974,0.002295583952218294,per_model_kept_independent_plus_common_union
Qwen_Qwen3-1.7B,1.7B,1.7,2048,hidden_dim,exp_c,think,gsm8k_test_000433,think,canonical,,True,answer_segment,think_answer,13,exp_c_segment_sample,54,54,0.0023021013475954537,0.00548605073277873,0.002534488681703806,0.01638220250606537,7.349199917832705e-06,0.005393042589344506,0.0,-0.0005291876806454237,-0.0004215515384982738,-0.0009110742248594761,per_model_kept_independent_plus_common_union
Qwen_Qwen3-1.7B,1.7B,1.7,2048,hidden_dim,exp_c,think,gsm8k_test_000433,think,canonical,,True,answer_segment,think_answer,20,exp_c_segment_sample,54,54,0.002237515151500702,0.005169911853348215,0.0023551839403808117,0.01186244748532772,4.412052721004253e-06,0.0051259542639666,0.0,-8.721283514692392e-05,0.0003739858179220134,-0.0029610437341034412,per_model_kept_independent_plus_common_union
Qwen_Qwen3-1.7B,1.7B,1.7,2048,hidden_dim,exp_c,think,gsm8k_test_000433,think,canonical,,True,thinking_segment,thinking,6,exp_c_segment_sample,256,256,0.0014408948831260205,0.006157982863669531,0.0008707696688361466,0.05240216851234436,5.808758085519076e-05,0.006326173789093045,0.15234375,-0.005331184004998045,-0.004286846962713753,0.002295583952218294,per_model_kept_independent_plus_common_union
Qwen_Qwen3-1.7B,1.7B,1.7,2048,hidden_dim,exp_c,think,gsm8k_test_000433,think,canonical,,True,thinking_segment,thinking,13,exp_c_segment_sample,256,256,0.0023021013475954537,0.005354613736926694,0.0015294750919565558,0.018471168354153633,9.633510709292923e-06,0.005382993816732406,0.0859375,-0.0024385403500222958,-0.0020022398020955734,-0.0009110742248594761,per_model_kept_independent_plus_common_union
Qwen_Qwen3-1.7B,1.7B,1.7,2048,hidden_dim,exp_c,think,gsm8k_test_000433,think,canonical,,True,thinking_segment,thinking,20,exp_c_segment_sample,256,256,0.002237515151500702,0.005353409746021498,0.0010600449750199914,0.01716177724301815,1.0679425292726121e-05,0.0053939897760632875,0.1171875,-0.001503167513538076,-0.0014843589615338715,-0.0029610437341034412,per_model_kept_independent_plus_common_union
Qwen_Qwen3-1.7B,1.7B,1.7,2048,hidden_dim,exp_c,think,gsm8k_test_000449,think,canonical,,True,answer_segment,think_answer,6,exp_c_segment_sample,48,48,0.0014408948831260205,0.005891674275820454,0.002033419208601117,0.02544402703642845,1.867851778390337e-05,0.005640427611688984,0.0,-0.001022772370524024,-0.0008700712933205068,0.001791846938431263,per_model_kept_independent_plus_common_union
Qwen_Qwen3-1.7B,1.7B,1.7,2048,hidden_dim,exp_c,think,gsm8k_test_000449,think,canonical,,True,answer_segment,think_answer,13,exp_c_segment_sample,48,48,0.0023021013475954537,0.005263463613421966,0.002586526097729802,0.021480560302734375,8.038629833169604e-06,0.005087927588202219,0.0,0.0011872625493976655,0.00026404190187652964,0.0004774974659085274,per_model_kept_independent_plus_common_union
Qwen_Qwen3-1.7B,1.7B,1.7,2048,hidden_dim,exp_c,think,gsm8k_test_000449,think,canonical,,True,answer_segment,think_answer,20,exp_c_segment_sample,48,48,0.002237515151500702,0.005286899899753432,0.002395802875980735,0.011021467857062817,5.018535005761062e-06,0.005216246931516426,0.0,0.0008394293883834394,0.0003657237587807076,9.493716061115265e-05,per_model_kept_independent_plus_common_union
Qwen_Qwen3-1.7B,1.7B,1.7,2048,hidden_dim,exp_c,think,gsm8k_test_000449,think,canonical,,True,thinking_segment,thinking,6,exp_c_segment_sample,256,256,0.0014408948831260205,0.006157443897336634,0.001032113330438733,0.05420902371406555,4.969757511204508e-05,0.0061382919207544,0.046875,-0.0023886865280017535,-0.0031760982383275405,0.001791846938431263,per_model_kept_independent_plus_common_union
Qwen_Qwen3-1.7B,1.7B,1.7,2048,hidden_dim,exp_c,think,gsm8k_test_000449,think,canonical,,True,thinking_segment,thinking,13,exp_c_segment_sample,256,256,0.0023021013475954537,0.005131906541009812,0.0017279785824939609,0.01683451607823372,9.235565991228385e-06,0.0050963492995566295,0.078125,-0.0025168431077373914,-0.002679419489140855,0.0004774974659085274,per_model_kept_independent_plus_common_union
Qwen_Qwen3-1.7B,1.7B,1.7,2048,hidden_dim,exp_c,think,gsm8k_test_000449,think,canonical,,True,thinking_segment,thinking,20,exp_c_segment_sample,256,256,0.002237515151500702,0.004824207758701959,0.0014188147615641356,0.019793426617980003,7.570910900751836e-06,0.00480224580695743,0.1015625,-0.001367525456509671,-0.00154925384777016,9.493716061115265e-05,per_model_kept_independent_plus_common_union
Qwen_Qwen3-1.7B,1.7B,1.7,2048,hidden_dim,exp_c,think,gsm8k_test_000460,think,canonical,,True,answer_segment,think_answer,6,exp_c_segment_sample,39,39,0.0014408948831260205,0.006514809852561507,0.0025397520512342453,0.025697339326143265,1.894455529124146e-05,0.006274597063709638,0.0,-0.0008411526393431886,-0.0010006013093516236,0.002561731729656458,per_model_kept_independent_plus_common_union
Qwen_Qwen3-1.7B,1.7B,1.7,2048,hidden_dim,exp_c,think,gsm8k_test_000460,think,canonical,,True,answer_segment,think_answer,13,exp_c_segment_sample,39,39,0.0023021013475954537,0.005649663573608567,0.0025639173109084368,0.01789676770567894,6.9468093234289936e-06,0.005499254415841087,0.0,9.915935986030661e-05,-0.0003443775465711953,-0.00031568948179483414,per_model_kept_independent_plus_common_union
Qwen_Qwen3-1.7B,1.7B,1.7,2048,hidden_dim,exp_c,think,gsm8k_test_000460,think,canonical,,True,answer_segment,think_answer,20,exp_c_segment_sample,39,39,0.002237515151500702,0.006489254593944702,0.0026873901952058077,0.015248577110469341,6.697865983649096e-06,0.006437731508508717,0.0,-0.0016410745644512088,-0.001342617836780846,-0.00025637121871113777,per_model_kept_independent_plus_common_union
Qwen_Qwen3-1.7B,1.7B,1.7,2048,hidden_dim,exp_c,think,gsm8k_test_000460,think,canonical,,True,thinking_segment,thinking,6,exp_c_segment_sample,149,149,0.0014408948831260205,0.006741255390514064,0.0007685714517720044,0.06982394307851791,7.276727094199217e-05,0.006717278829750581,0.08053691275167785,-0.005458472929426141,-0.002103028970611232,0.002561731729656458,per_model_kept_independent_plus_common_union
Qwen_Qwen3-1.7B,1.7B,1.7,2048,hidden_dim,exp_c,think,gsm8k_test_000460,think,canonical,,True,thinking_segment,thinking,13,exp_c_segment_sample,149,149,0.0023021013475954537,0.005714076061751818,0.0018391130724921823,0.02137310430407524,1.2786622922486636e-05,0.005648446086844481,0.040268456375838924,-0.0029692742561658893,-0.001642614024029555,-0.00031568948179483414,per_model_kept_independent_plus_common_union
Qwen_Qwen3-1.7B,1.7B,1.7,2048,hidden_dim,exp_c,think,gsm8k_test_000460,think,canonical,,True,thinking_segment,thinking,20,exp_c_segment_sample,149,149,0.002237515151500702,0.006077829324921606,0.002302358625456691,0.017303941771388054,8.963175373376852e-06,0.006050850610827675,0.0,-0.0014003859754126754,-0.0008475572471261811,-0.00025637121871113777,per_model_kept_independent_plus_common_union
Qwen_Qwen3-1.7B,1.7B,1.7,2048,hidden_dim,exp_c,think,gsm8k_test_000534,think,canonical,,False,answer_segment,think_answer,6,exp_c_segment_sample,62,62,0.0014408948831260205,0.007052475710459534,0.0020815683528780937,0.03736200928688049,4.024849543800289e-05,0.006835729750178634,0.0,0.002623154008875491,0.0013856110017513856,-0.0012563364580273628,per_model_kept_independent_plus_common_union
Qwen_Qwen3-1.7B,1.7B,1.7,2048,hidden_dim,exp_c,think,gsm8k_test_000534,think,canonical,,False,answer_segment,think_answer,13,exp_c_segment_sample,62,62,0.0023021013475954537,0.005627158815191398,0.002297674072906375,0.017478512600064278,7.381781690810395e-06,0.005533209020943672,0.016129032258064516,0.001219092350747838,0.0014307653327705339,-0.005068042781203985,per_model_kept_independent_plus_common_union
Qwen_Qwen3-1.7B,1.7B,1.7,2048,hidden_dim,exp_c,think,gsm8k_test_000534,think,canonical,,False,answer_segment,think_answer,20,exp_c_segment_sample,62,62,0.002237515151500702,0.00653965201138729,0.0024637056048959494,0.018593212589621544,1.0512720499115433e-05,0.006429311681966313,0.0,-0.0008196102679863088,-0.0004215294757159427,-0.0014545205049216747,per_model_kept_independent_plus_common_union
Qwen_Qwen3-1.7B,1.7B,1.7,2048,hidden_dim,exp_c,think,gsm8k_test_000534,think,canonical,,False,thinking_segment,thinking,6,exp_c_segment_sample,256,256,0.0014408948831260205,0.005669569115525519,0.0005999452550895512,0.05360068380832672,6.629857448681925e-05,0.005635038731922896,0.14453125,-0.0033427219895316358,-0.002321352917533659,-0.0012563364580273628,per_model_kept_independent_plus_common_union
Qwen_Qwen3-1.7B,1.7B,1.7,2048,hidden_dim,exp_c,think,gsm8k_test_000534,think,canonical,,False,thinking_segment,thinking,13,exp_c_segment_sample,256,256,0.0023021013475954537,0.005606899239865015,0.0008423464023508132,0.03953750804066658,2.4490769612235704e-05,0.005553882850354926,0.22265625,-0.0016291229323228786,-0.000788039325925638,-0.005068042781203985,per_model_kept_independent_plus_common_union
Qwen_Qwen3-1.7B,1.7B,1.7,2048,hidden_dim,exp_c,think,gsm8k_test_000534,think,canonical,,False,thinking_segment,thinking,20,exp_c_segment_sample,256,256,0.002237515151500702,0.005258303427581268,0.000759470509365201,0.028480149805545807,2.015002174178883e-05,0.005216906830594924,0.23828125,-0.0014929961901498888,-0.0004987165248167003,-0.0014545205049216747,per_model_kept_independent_plus_common_union
Qwen_Qwen3-1.7B,1.7B,1.7,2048,hidden_dim,exp_c,think,gsm8k_test_000543,think,canonical,,True,answer_segment,think_answer,6,exp_c_segment_sample,64,64,0.0014408948831260205,0.00795535626639321,0.0017905737040564418,0.13919547200202942,0.00029636366935694824,0.0068718519649424055,0.0,0.00873220517907891,0.0064205911112367176,0.006508784834295511,per_model_kept_independent_plus_common_union
Qwen_Qwen3-1.7B,1.7B,1.7,2048,hidden_dim,exp_c,think,gsm8k_test_000543,think,canonical,,True,answer_segment,think_answer,13,exp_c_segment_sample,64,64,0.0023021013475954537,0.005253724626527401,0.002166387625038624,0.024076178669929504,9.98223224110626e-06,0.0051032433892408075,0.015625,0.001048544152581592,0.0008399630314670503,0.001128915697336197,per_model_kept_independent_plus_common_union
Qwen_Qwen3-1.7B,1.7B,1.7,2048,hidden_dim,exp_c,think,gsm8k_test_000543,think,canonical,,True,answer_segment,think_answer,20,exp_c_segment_sample,64,64,0.002237515151500702,0.005740827968111262,0.002308083698153496,0.012296210043132305,6.348026156442856e-06,0.005705213458794688,0.0,-0.0019380381328609035,-0.0013726534380111843,0.00016951095312833786,per_model_kept_independent_plus_common_union
Qwen_Qwen3-1.7B,1.7B,1.7,2048,hidden_dim,exp_c,think,gsm8k_test_000543,think,canonical,,True,thinking_segment,thinking,6,exp_c_segment_sample,256,256,0.0014408948831260205,0.005499811170693647,0.0007066065445542336,0.05195142328739166,4.7655192958148744e-05,0.0054735571558546595,0.2109375,-0.0019317219440173037,-0.002097979749123624,0.006508784834295511,per_model_kept_independent_plus_common_union
Qwen_Qwen3-1.7B,1.7B,1.7,2048,hidden_dim,exp_c,think,gsm8k_test_000543,think,canonical,,True,thinking_segment,thinking,13,exp_c_segment_sample,256,256,0.0023021013475954537,0.005290245281457828,0.0009538863669149578,0.022223006933927536,1.3079733792578635e-05,0.005223565950737799,0.140625,-0.001365867458516796,-0.0013358421874727355,0.001128915697336197,per_model_kept_independent_plus_common_union
Qwen_Qwen3-1.7B,1.7B,1.7,2048,hidden_dim,exp_c,think,gsm8k_test_000543,think,canonical,,True,thinking_segment,thinking,20,exp_c_segment_sample,256,256,0.002237515151500702,0.005274246580029285,0.0012143810745328665,0.023076485842466354,1.4793525776445924e-05,0.00523556372804922,0.21875,-0.0009283834173427547,-0.001247288941158331,0.00016951095312833786,per_model_kept_independent_plus_common_union
Qwen_Qwen3-1.7B,1.7B,1.7,2048,hidden_dim,exp_c,think,gsm8k_test_000561,think,canonical,,True,answer_segment,think_answer,6,exp_c_segment_sample,66,66,0.0014408948831260205,0.005307742639684655,0.001286879531107843,0.03408702090382576,2.842948092591578e-05,0.005018654306275913,0.015151515151515152,0.0008719356626643722,0.0014365265104810104,0.00588586600497365,per_model_kept_independent_plus_common_union
Qwen_Qwen3-1.7B,1.7B,1.7,2048,hidden_dim,exp_c,think,gsm8k_test_000561,think,canonical,,True,answer_segment,think_answer,13,exp_c_segment_sample,66,66,0.0023021013475954537,0.004982225759180657,0.002231669146567583,0.018181759864091873,5.318015906108811e-06,0.004874235251918435,0.015151515151515152,0.0010445643977099045,0.0011380204437848405,0.0009808652102947235,per_model_kept_independent_plus_common_union
Qwen_Qwen3-1.7B,1.7B,1.7,2048,hidden_dim,exp_c,think,gsm8k_test_000561,think,canonical,,True,answer_segment,think_answer,20,exp_c_segment_sample,66,66,0.002237515151500702,0.005150503722358157,0.0023391435388475657,0.011557325720787048,4.420040302178783e-06,0.005092057456763891,0.0,0.0008104774602429784,0.001242725151207517,0.0006927074864506721,per_model_kept_independent_plus_common_union
Qwen_Qwen3-1.7B,1.7B,1.7,2048,hidden_dim,exp_c,think,gsm8k_test_000561,think,canonical,,True,thinking_segment,thinking,6,exp_c_segment_sample,256,256,0.0014408948831260205,0.005127367720888287,0.0010770438238978386,0.04989302158355713,3.825411033052312e-05,0.005084000139755223,0.08203125,-0.004724345142752283,-0.0027820841405628016,0.00588586600497365,per_model_kept_independent_plus_common_union
Qwen_Qwen3-1.7B,1.7B,1.7,2048,hidden_dim,exp_c,think,gsm8k_test_000561,think,canonical,,True,thinking_segment,thinking,13,exp_c_segment_sample,256,256,0.0023021013475954537,0.004992570817194064,0.0013389355735853314,0.020775485783815384,1.0967809914903959e-05,0.004919518130151807,0.08984375,-0.0033949009424500674,-0.0022222274892556015,0.0009808652102947235,per_model_kept_independent_plus_common_union
Qwen_Qwen3-1.7B,1.7B,1.7,2048,hidden_dim,exp_c,think,gsm8k_test_000561,think,canonical,,True,thinking_segment,thinking,20,exp_c_segment_sample,256,256,0.002237515151500702,0.004840322928430396,0.0012433066731318831,0.01610698364675045,7.521176653825755e-06,0.004816095749973446,0.09765625,-0.002002722231393081,-0.0010916348383034347,0.0006927074864506721,per_model_kept_independent_plus_common_union
Qwen_Qwen3-1.7B,1.7B,1.7,2048,hidden_dim,exp_c,think,gsm8k_test_000582,think,canonical,,True,answer_segment,think_answer,6,exp_c_segment_sample,54,54,0.0014408948831260205,0.0062344806889692945,0.002511335536837578,0.03615690395236015,2.6238028040651353e-05,0.00590397020415315,0.0,0.0017442937517030662,0.0012510942428239765,-0.0026537757366895676,per_model_kept_independent_plus_common_union
Qwen_Qwen3-1.7B,1.7B,1.7,2048,hidden_dim,exp_c,think,gsm8k_test_000582,think,canonical,,True,answer_segment,think_answer,13,exp_c_segment_sample,54,54,0.0023021013475954537,0.005239091365149728,0.0033053383231163025,0.02088387869298458,5.780648468412873e-06,0.005095499242603216,0.0,0.001441130414605138,0.0010394896546910915,-0.001233401708304882,per_model_kept_independent_plus_common_union
Qwen_Qwen3-1.7B,1.7B,1.7,2048,hidden_dim,exp_c,think,gsm8k_test_000582,think,canonical,,True,answer_segment,think_answer,20,exp_c_segment_sample,54,54,0.002237515151500702,0.005357423948158545,0.002467648359015584,0.01039967592805624,3.1382631770248475e-06,0.005313762323052254,0.0,0.0005254942448715653,0.0003518757543393546,-0.0029656034894287586,per_model_kept_independent_plus_common_union
Qwen_Qwen3-1.7B,1.7B,1.7,2048,hidden_dim,exp_c,think,gsm8k_test_000582,think,canonical,,True,thinking_segment,thinking,6,exp_c_segment_sample,256,256,0.0014408948831260205,0.005818900721351383,0.0010173701448366046,0.05131205916404724,5.470276508339196e-05,0.005861893800039103,0.08984375,-0.003534676956792241,-0.0018650156947282647,-0.0026537757366895676,per_model_kept_independent_plus_common_union
Qwen_Qwen3-1.7B,1.7B,1.7,2048,hidden_dim,exp_c,think,gsm8k_test_000582,think,canonical,,True,thinking_segment,thinking,13,exp_c_segment_sample,256,256,0.0023021013475954537,0.00591133067428018,0.0014846775447949767,0.030074816197156906,1.6795748767379362e-05,0.005888203065265331,0.07421875,-0.0012279299229848043,-0.0008391400637964789,-0.001233401708304882,per_model_kept_independent_plus_common_union
Qwen_Qwen3-1.7B,1.7B,1.7,2048,hidden_dim,exp_c,think,gsm8k_test_000582,think,canonical,,True,thinking_segment,thinking,20,exp_c_segment_sample,256,256,0.002237515151500702,0.0059239228444312175,0.0013082047225907445,0.022767186164855957,1.608922226693349e-05,0.005954488466472709,0.1015625,-1.1044125176739442e-05,0.00010311651724175756,-0.0029656034894287586,per_model_kept_independent_plus_common_union
Qwen_Qwen3-1.7B,1.7B,1.7,2048,hidden_dim,exp_c,think,gsm8k_test_000585,think,canonical,,True,answer_segment,think_answer,6,exp_c_segment_sample,49,49,0.0014408948831260205,0.007827412054341818,0.0017359465127810836,0.03844863176345825,3.866110334713554e-05,0.007486373528081458,0.0,-0.002986500782664033,-0.0022691841989469063,0.003613644279539585,per_model_kept_independent_plus_common_union
Qwen_Qwen3-1.7B,1.7B,1.7,2048,hidden_dim,exp_c,think,gsm8k_test_000585,think,canonical,,True,answer_segment,think_answer,13,exp_c_segment_sample,49,49,0.0023021013475954537,0.00609952111357861,0.001927211764268577,0.01908094435930252,7.922292089728155e-06,0.005966796513045362,0.02040816326530612,-0.0010048661694614883,-0.0009156001928763893,0.00027697114273905754,per_model_kept_independent_plus_common_union
Qwen_Qwen3-1.7B,1.7B,1.7,2048,hidden_dim,exp_c,think,gsm8k_test_000585,think,canonical,,True,answer_segment,think_answer,20,exp_c_segment_sample,49,49,0.002237515151500702,0.005970943514827867,0.0030414103530347347,0.013257107697427273,5.54108082116954e-06,0.005894299412223821,0.0,0.00020767340854722387,0.00034160847560717536,-0.0010081096552312374,per_model_kept_independent_plus_common_union
Qwen_Qwen3-1.7B,1.7B,1.7,2048,hidden_dim,exp_c,think,gsm8k_test_000585,think,canonical,,True,thinking_segment,thinking,6,exp_c_segment_sample,227,227,0.0014408948831260205,0.0048367482307982435,0.0008244807249866426,0.04098707064986229,4.800628494696478e-05,0.004810753875706691,0.23788546255506607,-0.006969622746372857,-0.0059406766800716385,0.003613644279539585,per_model_kept_independent_plus_common_union
Qwen_Qwen3-1.7B,1.7B,1.7,2048,hidden_dim,exp_c,think,gsm8k_test_000585,think,canonical,,True,thinking_segment,thinking,13,exp_c_segment_sample,227,227,0.0023021013475954537,0.004789306417041938,0.0014975698431953788,0.029119055718183517,1.3763529681477187e-05,0.004736084313815938,0.14096916299559473,-0.0032919984626776527,-0.0028085410840025067,0.00027697114273905754,per_model_kept_independent_plus_common_union
Qwen_Qwen3-1.7B,1.7B,1.7,2048,hidden_dim,exp_c,think,gsm8k_test_000585,think,canonical,,True,thinking_segment,thinking,20,exp_c_segment_sample,227,227,0.002237515151500702,0.004854265896866041,0.0019089689012616873,0.02405707538127899,8.376362561092027e-06,0.004828416665117628,0.05286343612334802,-0.002261795767654424,-0.002075047444617539,-0.0010081096552312374,per_model_kept_independent_plus_common_union
Qwen_Qwen3-1.7B,1.7B,1.7,2048,hidden_dim,exp_c,think,gsm8k_test_000640,think,canonical,,True,answer_segment,think_answer,6,exp_c_segment_sample,65,65,0.0014408948831260205,0.005987804210207497,0.0008734154398553073,0.03523484990000725,3.554366532579636e-05,0.005742612424910476,0.13846153846153847,-0.0020073292234756243,-0.0011244273388429597,0.0029923543334007263,per_model_kept_independent_plus_common_union
Qwen_Qwen3-1.7B,1.7B,1.7,2048,hidden_dim,exp_c,think,gsm8k_test_000640,think,canonical,,True,answer_segment,think_answer,13,exp_c_segment_sample,65,65,0.0023021013475954537,0.004387368326290296,0.001281894976273179,0.016208337619900703,5.0703171518742435e-06,0.004287970295990817,0.15384615384615385,-0.0005938269028609466,-0.00015588490949834059,-0.0019031856209039688,per_model_kept_independent_plus_common_union
Qwen_Qwen3-1.7B,1.7B,1.7,2048,hidden_dim,exp_c,think,gsm8k_test_000640,think,canonical,,True,answer_segment,think_answer,20,exp_c_segment_sample,65,65,0.002237515151500702,0.00458979915576772,0.0016572641907259822,0.012692844495177269,6.9786519310337305e-06,0.0045184628670540405,0.2153846153846154,-0.0005167756714838599,0.0005062054979669698,-0.004631519317626953,per_model_kept_independent_plus_common_union
Qwen_Qwen3-1.7B,1.7B,1.7,2048,hidden_dim,exp_c,think,gsm8k_test_000640,think,canonical,,True,thinking_segment,thinking,6,exp_c_segment_sample,256,256,0.0014408948831260205,0.0059015851802541874,0.0007794250850565732,0.04826710373163223,6.192361693624231e-05,0.00587165932131107,0.046875,-0.006997325005130866,-0.0038443022767751245,0.0029923543334007263,per_model_kept_independent_plus_common_union
Qwen_Qwen3-1.7B,1.7B,1.7,2048,hidden_dim,exp_c,think,gsm8k_test_000640,think,canonical,,True,thinking_segment,thinking,13,exp_c_segment_sample,256,256,0.0023021013475954537,0.0059679891751329706,0.0011693318374454975,0.049053095281124115,2.5102807912020722e-05,0.005905516566136819,0.10546875,-0.004454070319179594,-0.002519064106309088,-0.0019031856209039688,per_model_kept_independent_plus_common_union
Qwen_Qwen3-1.7B,1.7B,1.7,2048,hidden_dim,exp_c,think,gsm8k_test_000640,think,canonical,,True,thinking_segment,thinking,20,exp_c_segment_sample,256,256,0.002237515151500702,0.0057993803306999325,0.001616224879398942,0.03628631681203842,2.5452852512045813e-05,0.005702579002527858,0.08203125,-0.004136957793770207,-0.0026766813898575492,-0.004631519317626953,per_model_kept_independent_plus_common_union
Qwen_Qwen3-1.7B,1.7B,1.7,2048,hidden_dim,exp_c,think,gsm8k_test_000697,think,canonical,,True,answer_segment,think_answer,6,exp_c_segment_sample,38,38,0.0014408948831260205,0.006014020797968107,0.0018775331554934382,0.025347750633955002,1.840323910172386e-05,0.005720333237125462,0.0,-0.0011734514509474808,-0.0005240524304099374,0.0013025100342929363,per_model_kept_independent_plus_common_union
Qwen_Qwen3-1.7B,1.7B,1.7,2048,hidden_dim,exp_c,think,gsm8k_test_000697,think,canonical,,True,answer_segment,think_answer,13,exp_c_segment_sample,38,38,0.0023021013475954537,0.005119332271677099,0.002670228248462081,0.02242729440331459,1.0616188412950541e-05,0.004884899600182433,0.0,0.0018889343852426113,0.0013975129462778565,-0.002422057092189789,per_model_kept_independent_plus_common_union
Qwen_Qwen3-1.7B,1.7B,1.7,2048,hidden_dim,exp_c,think,gsm8k_test_000697,think,canonical,,True,answer_segment,think_answer,20,exp_c_segment_sample,38,38,0.002237515151500702,0.00501309190631697,0.0026636668480932713,0.00973528902977705,3.447652029758392e-06,0.004933986221314282,0.0,0.0003343027156706032,0.0008725934894755483,-0.0014659455046057701,per_model_kept_independent_plus_common_union
Qwen_Qwen3-1.7B,1.7B,1.7,2048,hidden_dim,exp_c,think,gsm8k_test_000697,think,canonical,,True,thinking_segment,thinking,6,exp_c_segment_sample,256,256,0.0014408948831260205,0.006510321390351237,0.0006657600170001388,0.11989080160856247,0.00014014257042785767,0.0064665996659717786,0.19140625,-0.0036618337850526732,-0.002710305447180872,0.0013025100342929363,per_model_kept_independent_plus_common_union
Qwen_Qwen3-1.7B,1.7B,1.7,2048,hidden_dim,exp_c,think,gsm8k_test_000697,think,canonical,,True,thinking_segment,thinking,13,exp_c_segment_sample,256,256,0.0023021013475954537,0.005796915190785512,0.0009750876342877746,0.035947103053331375,2.970649577716401e-05,0.005741408074240338,0.17578125,-0.00180057627186067,-0.0014486667332676006,-0.002422057092189789,per_model_kept_independent_plus_common_union
Qwen_Qwen3-1.7B,1.7B,1.7,2048,hidden_dim,exp_c,think,gsm8k_test_000697,think,canonical,,True,thinking_segment,thinking,20,exp_c_segment_sample,256,256,0.002237515151500702,0.005018362071496085,0.0008764342055656016,0.03961958736181259,2.2016258471107392e-05,0.004967796755050201,0.2578125,-0.0007324360751787002,-0.0006580980243597878,-0.0014659455046057701,per_model_kept_independent_plus_common_union
Qwen_Qwen3-1.7B,1.7B,1.7,2048,hidden_dim,exp_c,think,gsm8k_test_000713,think,canonical,,True,answer_segment,think_answer,6,exp_c_segment_sample,54,54,0.0014408948831260205,0.007208183649237509,0.0022952116560190916,0.027985217049717903,3.0126091666885954e-05,0.0070034427972475305,0.0,-0.0032915323558780915,-0.003777087117279215,0.0014082491397857666,per_model_kept_independent_plus_common_union
Qwen_Qwen3-1.7B,1.7B,1.7,2048,hidden_dim,exp_c,think,gsm8k_test_000713,think,canonical,,True,answer_segment,think_answer,13,exp_c_segment_sample,54,54,0.0023021013475954537,0.005399556024241503,0.0027990241069346666,0.01768055558204651,5.563335368441919e-06,0.005292028825694939,0.0,-0.000499454245554528,-0.0011924450185948178,-0.0006645172834396362,per_model_kept_independent_plus_common_union
Qwen_Qwen3-1.7B,1.7B,1.7,2048,hidden_dim,exp_c,think,gsm8k_test_000713,think,canonical,,True,answer_segment,think_answer,20,exp_c_segment_sample,54,54,0.002237515151500702,0.006132606757563297,0.002093882765620947,0.012230274267494678,5.126363045089582e-06,0.006101890998664048,0.018518518518518517,-0.0014192993230553305,-0.0018026406011943307,-0.0035125380381941795,per_model_kept_independent_plus_common_union
Qwen_Qwen3-1.7B,1.7B,1.7,2048,hidden_dim,exp_c,think,gsm8k_test_000713,think,canonical,,True,thinking_segment,thinking,6,exp_c_segment_sample,256,256,0.0014408948831260205,0.0060727196889729385,0.0008619730942882597,0.0668037012219429,5.8907295302605384e-05,0.006058384821323367,0.09375,-0.004741627937798996,-0.0036924446646410675,0.0014082491397857666,per_model_kept_independent_plus_common_union
Qwen_Qwen3-1.7B,1.7B,1.7,2048,hidden_dim,exp_c,think,gsm8k_test_000713,think,canonical,,True,thinking_segment,thinking,13,exp_c_segment_sample,256,256,0.0023021013475954537,0.005749566012582363,0.001183294807560742,0.03199400007724762,1.7632451652767896e-05,0.005732056941875878,0.125,-0.0021378278740284357,-0.001617347087281255,-0.0006645172834396362,per_model_kept_independent_plus_common_union
Qwen_Qwen3-1.7B,1.7B,1.7,2048,hidden_dim,exp_c,think,gsm8k_test_000713,think,canonical,,True,thinking_segment,thinking,20,exp_c_segment_sample,256,256,0.002237515151500702,0.0053226057730171306,0.0012294698972254992,0.02296592853963375,1.2153711902208267e-05,0.005222895512900626,0.12109375,-0.0008691764397254734,-0.0008582749475653361,-0.0035125380381941795,per_model_kept_independent_plus_common_union
Qwen_Qwen3-1.7B,1.7B,1.7,2048,hidden_dim,exp_c,think,gsm8k_test_000814,think,canonical,,False,answer_segment,think_answer,6,exp_c_segment_sample,57,57,0.0014408948831260205,0.006632679305447821,0.0022768934722989798,0.027588170021772385,2.5321670392107326e-05,0.0064206868742725685,0.0,-0.00021431634976730262,0.0009367568418383598,0.0020716129802167416,per_model_kept_independent_plus_common_union
Qwen_Qwen3-1.7B,1.7B,1.7,2048,hidden_dim,exp_c,think,gsm8k_test_000814,think,canonical,,False,answer_segment,think_answer,13,exp_c_segment_sample,57,57,0.0023021013475954537,0.005928187765867302,0.0030401244293898344,0.018424134701490402,6.895601138133506e-06,0.005804886467688317,0.0,0.0007974130850278512,0.0009758590099712208,-0.0019851503893733025,per_model_kept_independent_plus_common_union
Qwen_Qwen3-1.7B,1.7B,1.7,2048,hidden_dim,exp_c,think,gsm8k_test_000814,think,canonical,,False,answer_segment,think_answer,20,exp_c_segment_sample,57,57,0.002237515151500702,0.005905211073950979,0.003706288291141391,0.014837074093520641,4.516820782674407e-06,0.005812055489514023,0.0,0.0010592971350355358,0.0012250442523509264,-0.0002816310152411461,per_model_kept_independent_plus_common_union
Qwen_Qwen3-1.7B,1.7B,1.7,2048,hidden_dim,exp_c,think,gsm8k_test_000814,think,canonical,,False,thinking_segment,thinking,6,exp_c_segment_sample,256,256,0.0014408948831260205,0.004797909346279994,0.0007897194009274244,0.04908930882811546,4.6221585007397807e-05,0.004760703420063179,0.2109375,-0.004255720026526679,-0.003907616019205307,0.0020716129802167416,per_model_kept_independent_plus_common_union
Qwen_Qwen3-1.7B,1.7B,1.7,2048,hidden_dim,exp_c,think,gsm8k_test_000814,think,canonical,,False,thinking_segment,thinking,13,exp_c_segment_sample,256,256,0.0023021013475954537,0.005329776212420256,0.0012268663849681616,0.037640269845724106,2.3227727279189427e-05,0.005260891813220234,0.2265625,-0.004247733256131337,-0.003781764884479344,-0.0019851503893733025,per_model_kept_independent_plus_common_union
Qwen_Qwen3-1.7B,1.7B,1.7,2048,hidden_dim,exp_c,think,gsm8k_test_000814,think,canonical,,False,thinking_segment,thinking,20,exp_c_segment_sample,256,256,0.002237515151500702,0.004857675743096479,0.0013714587548747659,0.023900026455521584,1.512202472284179e-05,0.004844844416845916,0.23046875,-0.00352310226534803,-0.002892284483095864,-0.0002816310152411461,per_model_kept_independent_plus_common_union
Qwen_Qwen3-1.7B,1.7B,1.7,2048,hidden_dim,exp_c,think,gsm8k_test_000852,think,canonical,,True,answer_segment,think_answer,6,exp_c_segment_sample,51,51,0.0014408948831260205,0.008214144663903498,0.0017021297244355083,0.036872778087854385,4.974602312038048e-05,0.007903406673576682,0.0,-0.007129194019509824,-0.00516478348380098,0.0039818924851715565,per_model_kept_independent_plus_common_union
Qwen_Qwen3-1.7B,1.7B,1.7,2048,hidden_dim,exp_c,think,gsm8k_test_000852,think,canonical,,True,answer_segment,think_answer,13,exp_c_segment_sample,51,51,0.0023021013475954537,0.006018603699939216,0.002752858679741621,0.030374806374311447,1.5532554173218345e-05,0.005774748055264354,0.0,0.0007658564312830255,0.0004271829608254703,0.0005877637304365635,per_model_kept_independent_plus_common_union
Qwen_Qwen3-1.7B,1.7B,1.7,2048,hidden_dim,exp_c,think,gsm8k_test_000852,think,canonical,,True,answer_segment,think_answer,20,exp_c_segment_sample,51,51,0.002237515151500702,0.005427309403232499,0.002595967147499323,0.011957623064517975,4.116532771517562e-06,0.005352107272483409,0.0,0.0001213698420353341,0.0003062255608920865,-0.00045155826956033707,per_model_kept_independent_plus_common_union
Qwen_Qwen3-1.7B,1.7B,1.7,2048,hidden_dim,exp_c,think,gsm8k_test_000852,think,canonical,,True,thinking_segment,thinking,6,exp_c_segment_sample,256,256,0.0014408948831260205,0.0052174880834172654,0.0008740879129618406,0.03853004798293114,4.274783094342764e-05,0.005238960099608104,0.125,-0.005117639819241149,-0.003765073884096637,0.0039818924851715565,per_model_kept_independent_plus_common_union
Qwen_Qwen3-1.7B,1.7B,1.7,2048,hidden_dim,exp_c,think,gsm8k_test_000852,think,canonical,,True,thinking_segment,thinking,13,exp_c_segment_sample,256,256,0.0023021013475954537,0.005114455825150799,0.0014340593479573727,0.025657642632722855,1.2786532038672852e-05,0.005123870322208325,0.1484375,-0.0027357854780860956,-0.0021601024927804247,0.0005877637304365635,per_model_kept_independent_plus_common_union
Qwen_Qwen3-1.7B,1.7B,1.7,2048,hidden_dim,exp_c,think,gsm8k_test_000852,think,canonical,,True,thinking_segment,thinking,20,exp_c_segment_sample,256,256,0.002237515151500702,0.005152904088845389,0.001243996201083064,0.02295447699725628,1.0878074203612984e-05,0.005154296804087714,0.08984375,-0.0017153859489530132,-0.0017691479206405347,-0.00045155826956033707,per_model_kept_independent_plus_common_union
Qwen_Qwen3-1.7B,1.7B,1.7,2048,hidden_dim,exp_c,think,gsm8k_test_000901,think,canonical,,False,answer_segment,think_answer,6,exp_c_segment_sample,55,55,0.0014408948831260205,0.005714094262062148,0.00143522210419178,0.02532520331442356,2.5243753466128833e-05,0.005563646723102364,0.01818181818181818,-0.000339927437243518,-0.000276032560837588,0.004054294899106026,per_model_kept_independent_plus_common_union
Qwen_Qwen3-1.7B,1.7B,1.7,2048,hidden_dim,exp_c,think,gsm8k_test_000901,think,canonical,,False,answer_segment,think_answer,13,exp_c_segment_sample,55,55,0.0023021013475954537,0.005603448623283343,0.0026783705689013004,0.020458679646253586,8.291437436279764e-06,0.005443464533460361,0.0,0.000423659516691973,-1.211911772510798e-05,0.0006833449006080627,per_model_kept_independent_plus_common_union
Qwen_Qwen3-1.7B,1.7B,1.7,2048,hidden_dim,exp_c,think,gsm8k_test_000901,think,canonical,,False,answer_segment,think_answer,20,exp_c_segment_sample,55,55,0.002237515151500702,0.005556549267335372,0.0025184722617268562,0.013315697200596333,6.403392542055425e-06,0.005475747291240151,0.0,0.00068478366487067,0.00021431064565799116,0.0006989007815718651,per_model_kept_independent_plus_common_union
Qwen_Qwen3-1.7B,1.7B,1.7,2048,hidden_dim,exp_c,think,gsm8k_test_000901,think,canonical,,False,thinking_segment,thinking,6,exp_c_segment_sample,256,256,0.0014408948831260205,0.005694449004977287,0.0005656059947796166,0.05151357874274254,6.090687057748837e-05,0.005659597470505857,0.265625,-0.0005435248176118931,0.0008084391720331041,0.004054294899106026,per_model_kept_independent_plus_common_union
Qwen_Qwen3-1.7B,1.7B,1.7,2048,hidden_dim,exp_c,think,gsm8k_test_000901,think,canonical,,False,thinking_segment,thinking,13,exp_c_segment_sample,256,256,0.0023021013475954537,0.005785680845974639,0.0009120304021053016,0.05227702856063843,3.959030194558239e-05,0.005730111633253159,0.28125,-0.0023572681850185253,-0.0008890654180504498,0.0006833449006080627,per_model_kept_independent_plus_common_union
Qwen_Qwen3-1.7B,1.7B,1.7,2048,hidden_dim,exp_c,think,gsm8k_test_000901,think,canonical,,False,thinking_segment,thinking,20,exp_c_segment_sample,256,256,0.002237515151500702,0.00499664638368813,0.00073457439430058,0.03601837530732155,1.85918265955541e-05,0.0049699207841142744,0.2890625,-0.00024075044238081655,0.0006838459576101741,0.0006989007815718651,per_model_kept_independent_plus_common_union
Qwen_Qwen3-1.7B,1.7B,1.7,2048,hidden_dim,exp_c,think,gsm8k_test_000923,think,canonical,,False,answer_segment,think_answer,6,exp_c_segment_sample,51,51,0.0014408948831260205,0.006882604535705611,0.0021425134036689997,0.02739470638334751,3.299345792223127e-05,0.0066392566030845064,0.0,0.0022460986739993804,0.0032443789442857876,0.0013251029886305332,per_model_kept_independent_plus_common_union
Qwen_Qwen3-1.7B,1.7B,1.7,2048,hidden_dim,exp_c,think,gsm8k_test_000923,think,canonical,,False,answer_segment,think_answer,13,exp_c_segment_sample,51,51,0.0023021013475954537,0.00554119110764826,0.0029595044907182455,0.016041677445173264,6.489277372110801e-06,0.005410909885540605,0.0,0.0017687403059636194,0.001695511199963781,-0.0016759107820689678,per_model_kept_independent_plus_common_union
Qwen_Qwen3-1.7B,1.7B,1.7,2048,hidden_dim,exp_c,think,gsm8k_test_000923,think,canonical,,False,answer_segment,think_answer,20,exp_c_segment_sample,51,51,0.002237515151500702,0.005888813207218168,0.002088048029690981,0.018356502056121826,8.805339878288992e-06,0.005831925487145781,0.0392156862745098,-0.000471036500883247,0.00010318328769734313,-0.00086589390411973,per_model_kept_independent_plus_common_union
Qwen_Qwen3-1.7B,1.7B,1.7,2048,hidden_dim,exp_c,think,gsm8k_test_000923,think,canonical,,False,thinking_segment,thinking,6,exp_c_segment_sample,256,256,0.0014408948831260205,0.005981974634551079,0.00075309700332582,0.06527744233608246,8.243645366593935e-05,0.005937921595178747,0.19140625,-0.004678730306275298,-0.002580772071269166,0.0013251029886305332,per_model_kept_independent_plus_common_union
Qwen_Qwen3-1.7B,1.7B,1.7,2048,hidden_dim,exp_c,think,gsm8k_test_000923,think,canonical,,False,thinking_segment,thinking,13,exp_c_segment_sample,256,256,0.0023021013475954537,0.0063024458422660246,0.0013090630527585745,0.043629586696624756,3.650867134808159e-05,0.006227055376624329,0.15625,-0.003457709346012138,-0.0017848178486019606,-0.0016759107820689678,per_model_kept_independent_plus_common_union
Qwen_Qwen3-1.7B,1.7B,1.7,2048,hidden_dim,exp_c,think,gsm8k_test_000923,think,canonical,,False,thinking_segment,thinking,20,exp_c_segment_sample,256,256,0.002237515151500702,0.0058401789078743604,0.0010766341583803296,0.03069477528333664,2.3081302044394465e-05,0.0058080826494089355,0.21484375,-0.0028037215604314754,-0.0015250127726176288,-0.00086589390411973,per_model_kept_independent_plus_common_union
Qwen_Qwen3-1.7B,1.7B,1.7,2048,hidden_dim,exp_c,think,gsm8k_test_000924,think,canonical,,True,answer_segment,think_answer,6,exp_c_segment_sample,46,46,0.0014408948831260205,0.008284015373488806,0.0018271042499691248,0.03722785785794258,4.5803106683647785e-05,0.007805322188263138,0.0,-0.0011679235926358048,2.9164230606207667e-05,0.008309343829751015,per_model_kept_independent_plus_common_union
Qwen_Qwen3-1.7B,1.7B,1.7,2048,hidden_dim,exp_c,think,gsm8k_test_000924,think,canonical,,True,answer_segment,think_answer,13,exp_c_segment_sample,46,46,0.0023021013475954537,0.0054946188642845855,0.002470939652994275,0.01703003980219364,5.908517817565348e-06,0.005358121435468396,0.0,0.0005022722503616642,0.0004924187863556044,0.0005194130353629589,per_model_kept_independent_plus_common_union
Qwen_Qwen3-1.7B,1.7B,1.7,2048,hidden_dim,exp_c,think,gsm8k_test_000924,think,canonical,,True,answer_segment,think_answer,20,exp_c_segment_sample,46,46,0.002237515151500702,0.00641559776040199,0.002088234294205904,0.016570838168263435,9.717584954869453e-06,0.006302738158653179,0.021739130434782608,-0.0002462121728673289,6.580917397513986e-05,0.0027648843824863434,per_model_kept_independent_plus_common_union
Qwen_Qwen3-1.7B,1.7B,1.7,2048,hidden_dim,exp_c,think,gsm8k_test_000924,think,canonical,,True,thinking_segment,thinking,6,exp_c_segment_sample,256,256,0.0014408948831260205,0.005077365183751681,0.0007419747416861355,0.040041256695985794,3.859861978373137e-05,0.005028566030008468,0.125,-0.00507741038136666,-0.004444187852641335,0.008309343829751015,per_model_kept_independent_plus_common_union
Qwen_Qwen3-1.7B,1.7B,1.7,2048,hidden_dim,exp_c,think,gsm8k_test_000924,think,canonical,,True,thinking_segment,thinking,13,exp_c_segment_sample,256,256,0.0023021013475954537,0.0052314681784082495,0.0014255006099119782,0.032243695110082626,1.8705479883997738e-05,0.005139904285079976,0.13671875,-0.003486647758116135,-0.0030347239753609756,0.0005194130353629589,per_model_kept_independent_plus_common_union
Qwen_Qwen3-1.7B,1.7B,1.7,2048,hidden_dim,exp_c,think,gsm8k_test_000924,think,canonical,,True,thinking_segment,thinking,20,exp_c_segment_sample,256,256,0.002237515151500702,0.0047342335251414625,0.0011447769356891513,0.018058376386761665,8.860445715666845e-06,0.00469410018249823,0.1796875,-0.0027726933724696516,-0.002414203887383337,0.0027648843824863434,per_model_kept_independent_plus_common_union
Qwen_Qwen3-1.7B,1.7B,1.7,2048,hidden_dim,exp_c,think,gsm8k_test_000965,think,canonical,,True,answer_segment,think_answer,6,exp_c_segment_sample,48,48,0.0014408948831260205,0.007397779249004088,0.0017899192171171308,0.04637677222490311,5.2494090772130036e-05,0.006961303946383773,0.0,-0.0013091906178172514,-0.0009351560050466414,0.000743368174880743,per_model_kept_independent_plus_common_union
Qwen_Qwen3-1.7B,1.7B,1.7,2048,hidden_dim,exp_c,think,gsm8k_test_000965,think,canonical,,True,answer_segment,think_answer,13,exp_c_segment_sample,48,48,0.0023021013475954537,0.005744458103436045,0.002920162631198764,0.02220737934112549,9.74775092328098e-06,0.005581178692506349,0.0,-0.00026719377801411677,-0.00038278265856206417,-0.0020961668342351913,per_model_kept_independent_plus_common_union
Qwen_Qwen3-1.7B,1.7B,1.7,2048,hidden_dim,exp_c,think,gsm8k_test_000965,think,canonical,,True,answer_segment,think_answer,20,exp_c_segment_sample,48,48,0.002237515151500702,0.00530859032975665,0.0032128337770700455,0.012017924338579178,3.6823950898814208e-06,0.005227076588198542,0.0,0.0010700500932550616,0.0011280338318708045,-0.001837426796555519,per_model_kept_independent_plus_common_union
Qwen_Qwen3-1.7B,1.7B,1.7,2048,hidden_dim,exp_c,think,gsm8k_test_000965,think,canonical,,True,thinking_segment,thinking,6,exp_c_segment_sample,256,256,0.0014408948831260205,0.005314512451604969,0.0008553916122764349,0.06804919987916946,5.0400004363490165e-05,0.005402724277213127,0.1328125,-0.004490506379860655,-0.004283381756977178,0.000743368174880743,per_model_kept_independent_plus_common_union
Qwen_Qwen3-1.7B,1.7B,1.7,2048,hidden_dim,exp_c,think,gsm8k_test_000965,think,canonical,,True,thinking_segment,thinking,13,exp_c_segment_sample,256,256,0.0023021013475954537,0.005406918117841997,0.0015219782944768667,0.02320457063615322,1.1184365972753362e-05,0.0053746314783522636,0.0546875,-0.0018889164742942992,-0.0018137361057597445,-0.0020961668342351913,per_model_kept_independent_plus_common_union
Qwen_Qwen3-1.7B,1.7B,1.7,2048,hidden_dim,exp_c,think,gsm8k_test_000965,think,canonical,,True,thinking_segment,thinking,20,exp_c_segment_sample,256,256,0.002237515151500702,0.005427050009075174,0.0016882583731785417,0.023512041196227074,1.1405423701302723e-05,0.005445296361631725,0.0546875,-0.002067433562524557,-0.001865086478574085,-0.001837426796555519,per_model_kept_independent_plus_common_union
Qwen_Qwen3-1.7B,1.7B,1.7,2048,hidden_dim,exp_c,think,gsm8k_test_000977,think,canonical,,True,answer_segment,think_answer,6,exp_c_segment_sample,74,74,0.0014408948831260205,0.006444513099268079,0.0012486061314120889,0.036434371024370193,4.578197632877205e-05,0.006184349308581386,0.02702702702702703,-0.0067101658696963155,-0.005972510632617694,0.004977880045771599,per_model_kept_independent_plus_common_union
Qwen_Qwen3-1.7B,1.7B,1.7,2048,hidden_dim,exp_c,think,gsm8k_test_000977,think,canonical,,True,answer_segment,think_answer,13,exp_c_segment_sample,74,74,0.0023021013475954537,0.00535923900787492,0.0019842793699353933,0.014531959779560566,7.55750736178049e-06,0.005295755558532395,0.05405405405405406,-0.0024095381751052408,-0.0019087501507448522,0.0006110779941082001,per_model_kept_independent_plus_common_union
Qwen_Qwen3-1.7B,1.7B,1.7,2048,hidden_dim,exp_c,think,gsm8k_test_000977,think,canonical,,True,answer_segment,think_answer,20,exp_c_segment_sample,74,74,0.002237515151500702,0.005549302975949202,0.0018191052367910743,0.014207773841917515,6.912744816184456e-06,0.005495215230302452,0.05405405405405406,-0.0021000087842647287,-0.0016294133383780718,0.00030171265825629234,per_model_kept_independent_plus_common_union
Qwen_Qwen3-1.7B,1.7B,1.7,2048,hidden_dim,exp_c,think,gsm8k_test_000977,think,canonical,,True,thinking_segment,thinking,6,exp_c_segment_sample,215,215,0.0014408948831260205,0.0058915140838253985,0.0008140366990119219,0.047763995826244354,4.952185217091376e-05,0.005868191636607015,0.14418604651162792,-0.0048559300546283015,-0.0048816419978350125,0.004977880045771599,per_model_kept_independent_plus_common_union
Qwen_Qwen3-1.7B,1.7B,1.7,2048,hidden_dim,exp_c,think,gsm8k_test_000977,think,canonical,,True,thinking_segment,thinking,13,exp_c_segment_sample,215,215,0.0023021013475954537,0.0050107049506677446,0.0015232771402224898,0.020149588584899902,8.545354367750005e-06,0.0049603828283409784,0.10697674418604651,-0.0017387660515364796,-0.00169768805305163,0.0006110779941082001,per_model_kept_independent_plus_common_union
Qwen_Qwen3-1.7B,1.7B,1.7,2048,hidden_dim,exp_c,think,gsm8k_test_000977,think,canonical,,True,thinking_segment,thinking,20,exp_c_segment_sample,215,215,0.002237515151500702,0.0050153423842519175,0.001734621706418693,0.016702240332961082,7.2012629039464685e-06,0.004992867689949642,0.06976744186046512,-0.0009262923405142392,-0.0013891142594662535,0.00030171265825629234,per_model_kept_independent_plus_common_union
Qwen_Qwen3-1.7B,1.7B,1.7,2048,hidden_dim,exp_c,think,gsm8k_test_000988,think,canonical,,False,answer_segment,think_answer,6,exp_c_segment_sample,47,47,0.0014408948831260205,0.008544199010159107,0.0019662335980683565,0.0283771064132452,4.167340721973407e-05,0.008400280792873515,0.0,-0.005448256563543882,-0.0032828172552399337,0.0019393796101212502,per_model_kept_independent_plus_common_union
Qwen_Qwen3-1.7B,1.7B,1.7,2048,hidden_dim,exp_c,think,gsm8k_test_000988,think,canonical,,False,answer_segment,think_answer,13,exp_c_segment_sample,47,47,0.0023021013475954537,0.005479104380975378,0.0026010337751358747,0.012139098718762398,5.785574620302499e-06,0.0054107481492278375,0.0,-0.0015460697703677745,-0.0012212096868703766,-0.003316963091492653,per_model_kept_independent_plus_common_union
Qwen_Qwen3-1.7B,1.7B,1.7,2048,hidden_dim,exp_c,think,gsm8k_test_000988,think,canonical,,False,answer_segment,think_answer,20,exp_c_segment_sample,47,47,0.002237515151500702,0.006046213234398276,0.0028145224787294865,0.01093100942671299,4.010051867933894e-06,0.006001908433340165,0.0,-0.0001369589479006041,-0.00026578037068247795,-0.0022625834681093693,per_model_kept_independent_plus_common_union
Qwen_Qwen3-1.7B,1.7B,1.7,2048,hidden_dim,exp_c,think,gsm8k_test_000988,think,canonical,,False,thinking_segment,thinking,6,exp_c_segment_sample,256,256,0.0014408948831260205,0.005762963110328201,0.0006651058793067932,0.11432614922523499,9.754925132832581e-05,0.005716444785365395,0.15234375,-0.0056638379370980785,-0.0047106289293878945,0.0019393796101212502,per_model_kept_independent_plus_common_union
Qwen_Qwen3-1.7B,1.7B,1.7,2048,hidden_dim,exp_c,think,gsm8k_test_000988,think,canonical,,False,thinking_segment,thinking,13,exp_c_segment_sample,256,256,0.0023021013475954537,0.005591062130406499,0.0010378792649134994,0.046573057770729065,3.6274041794306824e-05,0.0055183141820675545,0.18359375,-0.005612292188557908,-0.004542698754448793,-0.003316963091492653,per_model_kept_independent_plus_common_union
Qwen_Qwen3-1.7B,1.7B,1.7,2048,hidden_dim,exp_c,think,gsm8k_test_000988,think,canonical,,False,thinking_segment,thinking,20,exp_c_segment_sample,256,256,0.002237515151500702,0.0046999014248285675,0.0010848446981981397,0.02417677827179432,1.3171574903703278e-05,0.0046702855540989565,0.25,-0.0030330322238684743,-0.0023358204034593655,-0.0022625834681093693,per_model_kept_independent_plus_common_union
Qwen_Qwen3-1.7B,1.7B,1.7,2048,hidden_dim,exp_c,think,gsm8k_test_001002,think,canonical,,True,answer_segment,think_answer,6,exp_c_segment_sample,48,48,0.0014408948831260205,0.00774206139370411,0.0017128075705841184,0.03182240203022957,3.942899113704923e-05,0.007366544941063733,0.0,-0.004559309981176546,-0.004857504109774406,0.0028583426028490067,per_model_kept_independent_plus_common_union
Qwen_Qwen3-1.7B,1.7B,1.7,2048,hidden_dim,exp_c,think,gsm8k_test_001002,think,canonical,,True,answer_segment,think_answer,13,exp_c_segment_sample,48,48,0.0023021013475954537,0.00601109754643403,0.002852303208783269,0.03078281320631504,1.6258624747022293e-05,0.0057466789247824805,0.0,0.0006967549609039322,-7.940378660957047e-05,-0.00019770720973610878,per_model_kept_independent_plus_common_union
Qwen_Qwen3-1.7B,1.7B,1.7,2048,hidden_dim,exp_c,think,gsm8k_test_001002,think,canonical,,True,answer_segment,think_answer,20,exp_c_segment_sample,48,48,0.002237515151500702,0.006374073345796205,0.0027571620885282755,0.012869288213551044,5.11164542445604e-06,0.006319235960774599,0.0,-0.0007775594125150232,-0.0014676860882900655,-0.0017026029527187347,per_model_kept_independent_plus_common_union
Qwen_Qwen3-1.7B,1.7B,1.7,2048,hidden_dim,exp_c,think,gsm8k_test_001002,think,canonical,,True,thinking_segment,thinking,6,exp_c_segment_sample,249,249,0.0014408948831260205,0.00591143574818116,0.0009893856476992369,0.03578035905957222,5.1619350031492244e-05,0.005889722126847765,0.12449799196787148,-0.00341434600051628,-0.0022608120482237566,0.0028583426028490067,per_model_kept_independent_plus_common_union
Qwen_Qwen3-1.7B,1.7B,1.7,2048,hidden_dim,exp_c,think,gsm8k_test_001002,think,canonical,,True,thinking_segment,thinking,13,exp_c_segment_sample,249,249,0.0023021013475954537,0.004907668511622612,0.0013672022614628077,0.02088136598467827,1.0162142565513182e-05,0.004859600619379161,0.14056224899598393,-0.0025249545937067477,-0.001949349569807213,-0.00019770720973610878,per_model_kept_independent_plus_common_union
Qwen_Qwen3-1.7B,1.7B,1.7,2048,hidden_dim,exp_c,think,gsm8k_test_001002,think,canonical,,True,thinking_segment,thinking,20,exp_c_segment_sample,249,249,0.002237515151500702,0.004866247853623277,0.001224793610163033,0.02181907556951046,1.129156662084897e-05,0.004847959239756869,0.1285140562248996,-0.0013159989752099888,-0.0011572054280559463,-0.0017026029527187347,per_model_kept_independent_plus_common_union
Qwen_Qwen3-1.7B,1.7B,1.7,2048,hidden_dim,exp_c,think,gsm8k_test_001006,think,canonical,,False,answer_segment,think_answer,6,exp_c_segment_sample,129,129,0.0014408948831260205,0.004027654074832739,0.0009846041211858392,0.02999846637248993,2.0548613377158368e-05,0.003929713674551749,0.18604651162790697,-0.000981572195171159,-0.0007078317629004068,-0.0015425626188516617,per_model_kept_independent_plus_common_union
Qwen_Qwen3-1.7B,1.7B,1.7,2048,hidden_dim,exp_c,think,gsm8k_test_001006,think,canonical,,False,answer_segment,think_answer,13,exp_c_segment_sample,129,129,0.0023021013475954537,0.00421182242178813,0.0014874173793941736,0.01693330518901348,5.180207581495607e-06,0.00415149579566787,0.12403100775193798,-0.001200479354746038,-0.0008721223213907442,-0.0020233220420777798,per_model_kept_independent_plus_common_union
Qwen_Qwen3-1.7B,1.7B,1.7,2048,hidden_dim,exp_c,think,gsm8k_test_001006,think,canonical,,False,answer_segment,think_answer,20,exp_c_segment_sample,129,129,0.002237515151500702,0.004609451681563212,0.0014386490220203996,0.01576419733464718,5.321360280368945e-06,0.004582330799166812,0.06976744186046512,-0.0015154639348114456,-0.0012882955471110163,-0.002396523952484131,per_model_kept_independent_plus_common_union
Qwen_Qwen3-1.7B,1.7B,1.7,2048,hidden_dim,exp_c,think,gsm8k_test_001006,think,canonical,,False,thinking_segment,thinking,6,exp_c_segment_sample,256,256,0.0014408948831260205,0.006825183311093497,0.000625705870334059,0.06044086441397667,9.422006835431905e-05,0.006791809332088639,0.203125,-0.0069407611729985766,-0.006017420649186533,-0.0015425626188516617,per_model_kept_independent_plus_common_union
Qwen_Qwen3-1.7B,1.7B,1.7,2048,hidden_dim,exp_c,think,gsm8k_test_001006,think,canonical,,False,thinking_segment,thinking,13,exp_c_segment_sample,256,256,0.0023021013475954537,0.006490368407412461,0.0010287734912708402,0.048934563994407654,4.4138005329973215e-05,0.006421712311129967,0.19921875,-0.005422675037562721,-0.004138214586419053,-0.0020233220420777798,per_model_kept_independent_plus_common_union
Qwen_Qwen3-1.7B,1.7B,1.7,2048,hidden_dim,exp_c,think,gsm8k_test_001006,think,canonical,,False,thinking_segment,thinking,20,exp_c_segment_sample,256,256,0.002237515151500702,0.006123259793184843,0.0009751394391059875,0.029099900275468826,2.6133352768783073e-05,0.006088453974846213,0.1953125,-0.0037682866974882165,-0.002589353387520532,-0.002396523952484131,per_model_kept_independent_plus_common_union
Qwen_Qwen3-1.7B,1.7B,1.7,2048,hidden_dim,exp_c,think,gsm8k_test_001026,think,canonical,,True,answer_segment,think_answer,6,exp_c_segment_sample,53,53,0.0014408948831260205,0.007817155128028596,0.001997673651203513,0.03375748172402382,3.484836500923705e-05,0.0075918273919691835,0.0,-0.003919571664465485,-0.0033276743654693875,0.002643565647304058,per_model_kept_independent_plus_common_union
Qwen_Qwen3-1.7B,1.7B,1.7,2048,hidden_dim,exp_c,think,gsm8k_test_001026,think,canonical,,True,answer_segment,think_answer,13,exp_c_segment_sample,53,53,0.0023021013475954537,0.00526565602400674,0.0024449091870337725,0.013644975610077381,3.771412616260956e-06,0.005191084960153185,0.0,-0.0008137416303454559,-0.0009589688353506586,-0.0018764352425932884,per_model_kept_independent_plus_common_union
Qwen_Qwen3-1.7B,1.7B,1.7,2048,hidden_dim,exp_c,think,gsm8k_test_001026,think,canonical,,True,answer_segment,think_answer,20,exp_c_segment_sample,53,53,0.002237515151500702,0.005829172525203453,0.0030156769789755344,0.012285969220101833,3.916144506324689e-06,0.005768561064122387,0.0,-0.0005982377706974187,-7.897535605089993e-05,-0.00028462568297982216,per_model_kept_independent_plus_common_union
Qwen_Qwen3-1.7B,1.7B,1.7,2048,hidden_dim,exp_c,think,gsm8k_test_001026,think,canonical,,True,thinking_segment,thinking,6,exp_c_segment_sample,256,256,0.0014408948831260205,0.006888247419055915,0.0009115036227740347,0.08033446222543716,9.156455641412951e-05,0.00691744976075181,0.078125,-0.006362777713088053,-0.005168943653188762,0.002643565647304058,per_model_kept_independent_plus_common_union
Qwen_Qwen3-1.7B,1.7B,1.7,2048,hidden_dim,exp_c,think,gsm8k_test_001026,think,canonical,,True,thinking_segment,thinking,13,exp_c_segment_sample,256,256,0.0023021013475954537,0.006337458035432064,0.0015762848779559135,0.036282919347286224,2.3764969353655082e-05,0.0063162066113225555,0.04296875,-0.003572990136526674,-0.002923521078628255,-0.0018764352425932884,per_model_kept_independent_plus_common_union
Qwen_Qwen3-1.7B,1.7B,1.7,2048,hidden_dim,exp_c,think,gsm8k_test_001026,think,canonical,,True,thinking_segment,thinking,20,exp_c_segment_sample,256,256,0.002237515151500702,0.006292821561146411,0.0010995136108249426,0.04493366554379463,2.6007731349615122e-05,0.006294125487272706,0.09375,-0.00237657002988838,-0.0019930232392653124,-0.00028462568297982216,per_model_kept_independent_plus_common_union
Qwen_Qwen3-1.7B,1.7B,1.7,2048,hidden_dim,exp_c,think,gsm8k_test_001031,think,canonical,,False,answer_segment,think_answer,6,exp_c_segment_sample,80,80,0.0014408948831260205,0.005620621514390222,0.0015086577041074634,0.0318426787853241,3.188506545240181e-05,0.00544051888186626,0.0,0.001642942435918722,0.0012528510764241215,-0.00219613965600729,per_model_kept_independent_plus_common_union
Qwen_Qwen3-1.7B,1.7B,1.7,2048,hidden_dim,exp_c,think,gsm8k_test_001031,think,canonical,,False,answer_segment,think_answer,13,exp_c_segment_sample,80,80,0.0023021013475954537,0.005400234504486434,0.002316276775673032,0.04418306052684784,2.3764708598953458e-05,0.005325466532943934,0.0,-0.0003233116958721516,0.0001580380485393107,-0.0016675451770424843,per_model_kept_independent_plus_common_union
Qwen_Qwen3-1.7B,1.7B,1.7,2048,hidden_dim,exp_c,think,gsm8k_test_001031,think,canonical,,False,answer_segment,think_answer,20,exp_c_segment_sample,80,80,0.002237515151500702,0.0052337932283990085,0.0024504379834979773,0.0164475180208683,4.702872314683945e-06,0.005211673479503656,0.0,0.0002059205719787239,0.0004051204654388126,-0.002027603331953287,per_model_kept_independent_plus_common_union
Qwen_Qwen3-1.7B,1.7B,1.7,2048,hidden_dim,exp_c,think,gsm8k_test_001031,think,canonical,,False,thinking_segment,thinking,6,exp_c_segment_sample,256,256,0.0014408948831260205,0.0057228821008266095,0.0005720744957216084,0.06514878571033478,7.705842463970623e-05,0.005678787848596292,0.171875,-0.006988903745443429,-0.004449507202480163,-0.00219613965600729,per_model_kept_independent_plus_common_union
Qwen_Qwen3-1.7B,1.7B,1.7,2048,hidden_dim,exp_c,think,gsm8k_test_001031,think,canonical,,False,thinking_segment,thinking,13,exp_c_segment_sample,256,256,0.0023021013475954537,0.00571329332615278,0.001118709216825664,0.03656655550003052,2.8444899055112124e-05,0.005653353544137282,0.18359375,-0.003739662554474456,-0.0021723779464082327,-0.0016675451770424843,per_model_kept_independent_plus_common_union
Qwen_Qwen3-1.7B,1.7B,1.7,2048,hidden_dim,exp_c,think,gsm8k_test_001031,think,canonical,,False,thinking_segment,thinking,20,exp_c_segment_sample,256,256,0.002237515151500702,0.005433596854345524,0.0012953502591699362,0.025813281536102295,1.6900807856638872e-05,0.005384734896652502,0.1640625,-0.0035489761905846606,-0.0021189796789258253,-0.002027603331953287,per_model_kept_independent_plus_common_union
Qwen_Qwen3-1.7B,1.7B,1.7,2048,hidden_dim,exp_c,think,gsm8k_test_001038,think,canonical,,True,answer_segment,think_answer,6,exp_c_segment_sample,48,48,0.0014408948831260205,0.007310537095084631,0.001899523544125259,0.022086594253778458,2.360862310849528e-05,0.007164456418398371,0.0,-0.005055309406051665,-0.0029194379167165607,0.002433499787002802,per_model_kept_independent_plus_common_union
Qwen_Qwen3-1.7B,1.7B,1.7,2048,hidden_dim,exp_c,think,gsm8k_test_001038,think,canonical,,True,answer_segment,think_answer,13,exp_c_segment_sample,48,48,0.0023021013475954537,0.005390695829798157,0.0016954177990555763,0.012262309901416302,6.579841487983186e-06,0.005329838399081789,0.08333333333333333,-0.0018575903959572322,-0.0009788060560822487,-0.0008825240656733513,per_model_kept_independent_plus_common_union
Qwen_Qwen3-1.7B,1.7B,1.7,2048,hidden_dim,exp_c,think,gsm8k_test_001038,think,canonical,,True,answer_segment,think_answer,20,exp_c_segment_sample,48,48,0.002237515151500702,0.006334716468700208,0.0024882489815354347,0.028116585686802864,1.9421140557435563e-05,0.006273024695667815,0.0,-0.0014278870770869318,0.0005106106012438731,-8.87066125869751e-05,per_model_kept_independent_plus_common_union
Qwen_Qwen3-1.7B,1.7B,1.7,2048,hidden_dim,exp_c,think,gsm8k_test_001038,think,canonical,,True,thinking_segment,thinking,6,exp_c_segment_sample,256,256,0.0014408948831260205,0.006239650173711198,0.000842926325276494,0.07088837027549744,8.543018232050498e-05,0.0061943379219904626,0.109375,-0.007034727788869726,-0.004114284915885946,0.002433499787002802,per_model_kept_independent_plus_common_union
Qwen_Qwen3-1.7B,1.7B,1.7,2048,hidden_dim,exp_c,think,gsm8k_test_001038,think,canonical,,True,thinking_segment,thinking,13,exp_c_segment_sample,256,256,0.0023021013475954537,0.00601323809587484,0.0013164763804525137,0.027988895773887634,1.6102233664995748e-05,0.0059451819581322765,0.08984375,-0.002109644134175063,-0.0009537174737488385,-0.0008825240656733513,per_model_kept_independent_plus_common_union
Qwen_Qwen3-1.7B,1.7B,1.7,2048,hidden_dim,exp_c,think,gsm8k_test_001038,think,canonical,,True,thinking_segment,thinking,20,exp_c_segment_sample,256,256,0.002237515151500702,0.006626930307902512,0.0011535483645275235,0.03398212790489197,3.0349226030448475e-05,0.0065542892520007315,0.109375,-0.004712177367210066,-0.0026031029537989525,-8.87066125869751e-05,per_model_kept_independent_plus_common_union
Qwen_Qwen3-1.7B,1.7B,1.7,2048,hidden_dim,exp_c,think,gsm8k_test_001043,think,canonical,,True,answer_segment,think_answer,6,exp_c_segment_sample,60,60,0.0014408948831260205,0.00552163125636677,0.002258462132886052,0.022794555872678757,1.3404771866412624e-05,0.005310132736498016,0.0,-0.0005667698630666053,-9.882400433222464e-05,0.0037837782874703407,per_model_kept_independent_plus_common_union
Qwen_Qwen3-1.7B,1.7B,1.7,2048,hidden_dim,exp_c,think,gsm8k_test_001043,think,canonical,,True,answer_segment,think_answer,13,exp_c_segment_sample,60,60,0.0023021013475954537,0.005139742469570289,0.0022622195538133383,0.02468462847173214,8.88130357360648e-06,0.004974176992772745,0.016666666666666666,0.00042591126460093747,7.988760868708322e-05,-0.0008959732949733734,per_model_kept_independent_plus_common_union
Qwen_Qwen3-1.7B,1.7B,1.7,2048,hidden_dim,exp_c,think,gsm8k_test_001043,think,canonical,,True,answer_segment,think_answer,20,exp_c_segment_sample,60,60,0.002237515151500702,0.004944435755411784,0.002266072668135166,0.0121934674680233,4.677231050064641e-06,0.004866992506214371,0.0,0.00011744057744375309,0.0005050510012855128,-0.001020811963826418,per_model_kept_independent_plus_common_union
Qwen_Qwen3-1.7B,1.7B,1.7,2048,hidden_dim,exp_c,think,gsm8k_test_001043,think,canonical,,True,thinking_segment,thinking,6,exp_c_segment_sample,256,256,0.0014408948831260205,0.005563578053624951,0.0008980867569334805,0.07120697945356369,6.386807929357101e-05,0.005751701982865613,0.1328125,-0.005751613434333276,-0.004781426576300873,0.0037837782874703407,per_model_kept_independent_plus_common_union
Qwen_Qwen3-1.7B,1.7B,1.7,2048,hidden_dim,exp_c,think,gsm8k_test_001043,think,canonical,,True,thinking_segment,thinking,13,exp_c_segment_sample,256,256,0.0023021013475954537,0.0057482446532048925,0.0016213441267609596,0.02929943986237049,1.766296640908222e-05,0.005785582437464269,0.08203125,-0.0031608334482696103,-0.002796965773086413,-0.0008959732949733734,per_model_kept_independent_plus_common_union
Qwen_Qwen3-1.7B,1.7B,1.7,2048,hidden_dim,exp_c,think,gsm8k_test_001043,think,canonical,,True,thinking_segment,thinking,20,exp_c_segment_sample,256,256,0.002237515151500702,0.005449813589621044,0.0014414258766919374,0.021844321861863136,1.0414783302338284e-05,0.0054775529653924215,0.09765625,-0.0011130135965850003,-0.0011167398497491376,-0.001020811963826418,per_model_kept_independent_plus_common_union
Qwen_Qwen3-1.7B,1.7B,1.7,2048,hidden_dim,exp_c,think,gsm8k_test_001059,think,canonical,,False,answer_segment,think_answer,6,exp_c_segment_sample,48,48,0.0014408948831260205,0.006723167670619053,0.0021378810051828623,0.046293262392282486,4.279179823793286e-05,0.006259502530930208,0.0,0.00239677850111882,0.0017683194600976995,0.0025669638998806477,per_model_kept_independent_plus_common_union
Qwen_Qwen3-1.7B,1.7B,1.7,2048,hidden_dim,exp_c,think,gsm8k_test_001059,think,canonical,,False,answer_segment,think_answer,13,exp_c_segment_sample,48,48,0.0023021013475954537,0.0056440141731097055,0.0027815643697977066,0.015999238938093185,5.842946906634969e-06,0.005538729935924107,0.0,0.0008152291340259237,0.00025122232424716184,0.00029076170176267624,per_model_kept_independent_plus_common_union
Qwen_Qwen3-1.7B,1.7B,1.7,2048,hidden_dim,exp_c,think,gsm8k_test_001059,think,canonical,,False,answer_segment,think_answer,20,exp_c_segment_sample,48,48,0.002237515151500702,0.0055775568713822095,0.0029391746502369642,0.012696776539087296,4.176938339916115e-06,0.005536189877447927,0.0,0.0006024773126914694,-1.916221420591134e-05,-0.001878710463643074,per_model_kept_independent_plus_common_union
Qwen_Qwen3-1.7B,1.7B,1.7,2048,hidden_dim,exp_c,think,gsm8k_test_001059,think,canonical,,False,thinking_segment,thinking,6,exp_c_segment_sample,256,256,0.0014408948831260205,0.005481407759589274,0.0009158746106550097,0.03713234141469002,3.6939791245268483e-05,0.005471622715084154,0.109375,-0.006325952305880099,-0.004711278533250152,0.0025669638998806477,per_model_kept_independent_plus_common_union
Qwen_Qwen3-1.7B,1.7B,1.7,2048,hidden_dim,exp_c,think,gsm8k_test_001059,think,canonical,,False,thinking_segment,thinking,13,exp_c_segment_sample,256,256,0.0023021013475954537,0.005005112127491884,0.0014458950608968735,0.02252020314335823,1.0326040589881647e-05,0.004964214450790337,0.15625,-0.0036794760444631056,-0.0027675517630996183,0.00029076170176267624,per_model_kept_independent_plus_common_union
Qwen_Qwen3-1.7B,1.7B,1.7,2048,hidden_dim,exp_c,think,gsm8k_test_001059,think,canonical,,False,thinking_segment,thinking,20,exp_c_segment_sample,256,256,0.002237515151500702,0.005072535075669293,0.0015006152680143714,0.034604158252477646,1.47895075249839e-05,0.005030706127431115,0.140625,-0.0031276291272953178,-0.0026349367726652417,-0.001878710463643074,per_model_kept_independent_plus_common_union
Qwen_Qwen3-1.7B,1.7B,1.7,2048,hidden_dim,exp_c,think,gsm8k_test_001088,think,canonical,,False,answer_segment,think_answer,6,exp_c_segment_sample,107,107,0.0014408948831260205,0.0048702589500582314,0.0009066979982890189,0.03763965889811516,4.3968066770441664e-05,0.004784369635294665,0.2336448598130841,-0.0012410935009650721,-0.0015221418666273908,0.004321366082876921,per_model_kept_independent_plus_common_union
Qwen_Qwen3-1.7B,1.7B,1.7,2048,hidden_dim,exp_c,think,gsm8k_test_001088,think,canonical,,False,answer_segment,think_answer,13,exp_c_segment_sample,107,107,0.0023021013475954537,0.005064391948839771,0.0014642424648627639,0.021873168647289276,1.556833550163799e-05,0.00501808869643664,0.1308411214953271,-0.0007877057302899823,-0.0011866341810673475,0.002383692655712366,per_model_kept_independent_plus_common_union
Qwen_Qwen3-1.7B,1.7B,1.7,2048,hidden_dim,exp_c,think,gsm8k_test_001088,think,canonical,,False,answer_segment,think_answer,20,exp_c_segment_sample,107,107,0.002237515151500702,0.004701732985335881,0.0013631219044327736,0.014747461304068565,6.644432546897125e-06,0.004652424670430778,0.09345794392523364,0.0002559328538550396,-0.00012861745414772478,-0.0007017320021986961,per_model_kept_independent_plus_common_union
Qwen_Qwen3-1.7B,1.7B,1.7,2048,hidden_dim,exp_c,think,gsm8k_test_001088,think,canonical,,False,thinking_segment,thinking,6,exp_c_segment_sample,256,256,0.0014408948831260205,0.0060679411351429735,0.0007709269993938506,0.051106758415699005,7.54955625905051e-05,0.006021466726377302,0.15625,-0.006804640345673017,-0.005262364104964945,0.004321366082876921,per_model_kept_independent_plus_common_union
Qwen_Qwen3-1.7B,1.7B,1.7,2048,hidden_dim,exp_c,think,gsm8k_test_001088,think,canonical,,False,thinking_segment,thinking,13,exp_c_segment_sample,256,256,0.0023021013475954537,0.0051619249243231025,0.0011621180456131697,0.02905377931892872,2.1274467105932967e-05,0.005090195680746071,0.19921875,-0.003224473692876037,-0.0020101526934013236,0.002383692655712366,per_model_kept_independent_plus_common_union
Qwen_Qwen3-1.7B,1.7B,1.7,2048,hidden_dim,exp_c,think,gsm8k_test_001088,think,canonical,,False,thinking_segment,thinking,20,exp_c_segment_sample,256,256,0.002237515151500702,0.005147968706751271,0.0011212333338335156,0.019347375258803368,1.636429027040867e-05,0.005084882976535388,0.234375,-0.0038739510882168137,-0.002672876247743261,-0.0007017320021986961,per_model_kept_independent_plus_common_union
Qwen_Qwen3-1.7B,1.7B,1.7,2048,hidden_dim,exp_c,think,gsm8k_test_001096,think,canonical,,True,answer_segment,think_answer,6,exp_c_segment_sample,76,76,0.0014408948831260205,0.007076370153012441,0.002012847224250436,0.03313266485929489,2.8996556694639837e-05,0.0068984219369788964,0.0,-0.0025312432923633678,-0.002111230793065931,0.004879005253314972,per_model_kept_independent_plus_common_union
Qwen_Qwen3-1.7B,1.7B,1.7,2048,hidden_dim,exp_c,think,gsm8k_test_001096,think,canonical,,True,answer_segment,think_answer,13,exp_c_segment_sample,76,76,0.0023021013475954537,0.006028037196588947,0.0024838047102093697,0.020830310881137848,9.494612845386495e-06,0.005963820427035291,0.0,-0.0003691697166150496,-0.0010073559579292417,0.0013752030208706856,per_model_kept_independent_plus_common_union
Qwen_Qwen3-1.7B,1.7B,1.7,2048,hidden_dim,exp_c,think,gsm8k_test_001096,think,canonical,,True,answer_segment,think_answer,20,exp_c_segment_sample,76,76,0.002237515151500702,0.006015285527897312,0.002702068304643035,0.015852240845561028,6.589356504099362e-06,0.005962459513296684,0.0,0.00036784026016476617,-1.2175376085858322e-05,0.002509508514776826,per_model_kept_independent_plus_common_union
Qwen_Qwen3-1.7B,1.7B,1.7,2048,hidden_dim,exp_c,think,gsm8k_test_001096,think,canonical,,True,thinking_segment,thinking,6,exp_c_segment_sample,256,256,0.0014408948831260205,0.005037914735339655,0.0006880644941702485,0.05493853986263275,4.298765680202081e-05,0.005010515530403072,0.1875,-0.006982679634994441,-0.0052991255279266625,0.004879005253314972,per_model_kept_independent_plus_common_union
Qwen_Qwen3-1.7B,1.7B,1.7,2048,hidden_dim,exp_c,think,gsm8k_test_001096,think,canonical,,True,thinking_segment,thinking,13,exp_c_segment_sample,256,256,0.0023021013475954537,0.005204417159120567,0.0009215943864546716,0.02858039364218712,1.857337476340092e-05,0.005148606921081407,0.2421875,-0.004048244860003188,-0.00295329403343203,0.0013752030208706856,per_model_kept_independent_plus_common_union
Qwen_Qwen3-1.7B,1.7B,1.7,2048,hidden_dim,exp_c,think,gsm8k_test_001096,think,canonical,,True,thinking_segment,thinking,20,exp_c_segment_sample,256,256,0.002237515151500702,0.004827808709706005,0.0010001406772062182,0.01990823820233345,1.283334776783684e-05,0.004816002005050377,0.2734375,-0.0033224553016572432,-0.0028057542695023585,0.002509508514776826,per_model_kept_independent_plus_common_union
Qwen_Qwen3-1.7B,1.7B,1.7,2048,hidden_dim,exp_c,think,gsm8k_test_001106,think,canonical,,True,answer_segment,think_answer,6,exp_c_segment_sample,50,50,0.0014408948831260205,0.0066227381769567726,0.0027683735825121403,0.03359869122505188,2.7089380871017977e-05,0.00626685631898593,0.0,0.0016255156432881026,0.00104494272874525,0.0037305690348148346,per_model_kept_independent_plus_common_union
Qwen_Qwen3-1.7B,1.7B,1.7,2048,hidden_dim,exp_c,think,gsm8k_test_001106,think,canonical,,True,answer_segment,think_answer,13,exp_c_segment_sample,50,50,0.0023021013475954537,0.005514117879793048,0.0031207636930048466,0.01805228181183338,6.607509491886581e-06,0.00538966113378351,0.0,0.0015006452744059718,0.0010344258223015535,0.0008826837874948978,per_model_kept_independent_plus_common_union
Qwen_Qwen3-1.7B,1.7B,1.7,2048,hidden_dim,exp_c,think,gsm8k_test_001106,think,canonical,,True,answer_segment,think_answer,20,exp_c_segment_sample,50,50,0.002237515151500702,0.005694645568728447,0.002838774584233761,0.01134809385985136,4.482535356420338e-06,0.005640053632193986,0.0,0.0011620689961401882,0.0015513049080394777,-0.0011751828715205193,per_model_kept_independent_plus_common_union
Qwen_Qwen3-1.7B,1.7B,1.7,2048,hidden_dim,exp_c,think,gsm8k_test_001106,think,canonical,,True,thinking_segment,thinking,6,exp_c_segment_sample,211,211,0.0014408948831260205,0.005222547827211266,0.0008586899493820965,0.04948921129107475,4.102756615889235e-05,0.0051956466634735625,0.10900473933649289,-0.002156182871390059,-0.0019390326650057617,0.0037305690348148346,per_model_kept_independent_plus_common_union
Qwen_Qwen3-1.7B,1.7B,1.7,2048,hidden_dim,exp_c,think,gsm8k_test_001106,think,canonical,,True,thinking_segment,thinking,13,exp_c_segment_sample,211,211,0.0023021013475954537,0.004989121801118362,0.0016254277434200048,0.02135826088488102,8.751081474003133e-06,0.004934988329408779,0.0947867298578199,-0.002085852015250592,-0.0015776913683369477,0.0008826837874948978,per_model_kept_independent_plus_common_union
Qwen_Qwen3-1.7B,1.7B,1.7,2048,hidden_dim,exp_c,think,gsm8k_test_001106,think,canonical,,True,thinking_segment,thinking,20,exp_c_segment_sample,211,211,0.002237515151500702,0.004715428168452852,0.0014185626059770584,0.017965059727430344,8.01032911048124e-06,0.004689123556350491,0.09004739336492891,-0.000909265595472249,-0.0009189389430794793,-0.0011751828715205193,per_model_kept_independent_plus_common_union
Qwen_Qwen3-1.7B,1.7B,1.7,2048,hidden_dim,exp_c,think,gsm8k_test_001136,think,canonical,,True,answer_segment,think_answer,6,exp_c_segment_sample,43,43,0.0014408948831260205,0.007781753284033648,0.001780238701030612,0.030505895614624023,3.4383989215698646e-05,0.007476598301547625,0.0,-0.001500203295849095,-0.0026358126832002945,-0.002445518970489502,per_model_kept_independent_plus_common_union
Qwen_Qwen3-1.7B,1.7B,1.7,2048,hidden_dim,exp_c,think,gsm8k_test_001136,think,canonical,,True,answer_segment,think_answer,13,exp_c_segment_sample,43,43,0.0023021013475954537,0.006361253916957351,0.003268989734351635,0.03312215954065323,2.3243851974985198e-05,0.006056052033922502,0.0,0.0019841637717359106,0.0008613366887650709,-0.0011786003597080708,per_model_kept_independent_plus_common_union
Qwen_Qwen3-1.7B,1.7B,1.7,2048,hidden_dim,exp_c,think,gsm8k_test_001136,think,canonical,,True,answer_segment,think_answer,20,exp_c_segment_sample,43,43,0.002237515151500702,0.005397192630267074,0.0024802873376756907,0.010754629969596863,4.3011766633569974e-06,0.005331404834231806,0.0,4.706758046896733e-05,0.00021310982463712026,-0.005145929288119078,per_model_kept_independent_plus_common_union
Qwen_Qwen3-1.7B,1.7B,1.7,2048,hidden_dim,exp_c,think,gsm8k_test_001136,think,canonical,,True,thinking_segment,thinking,6,exp_c_segment_sample,212,212,0.0014408948831260205,0.006060705094088642,0.0012360900873318315,0.05377499759197235,5.2272446313734075e-05,0.0060355517995583485,0.05188679245283019,-0.004790600100168343,-0.003922535956591227,-0.002445518970489502,per_model_kept_independent_plus_common_union
Qwen_Qwen3-1.7B,1.7B,1.7,2048,hidden_dim,exp_c,think,gsm8k_test_001136,think,canonical,,True,thinking_segment,thinking,13,exp_c_segment_sample,212,212,0.0023021013475954537,0.005316835322377781,0.0018000435084104538,0.02559187263250351,9.201767281040563e-06,0.005251115608973631,0.04716981132075472,-0.0024730651426092356,-0.001847361746015695,-0.0011786003597080708,per_model_kept_independent_plus_common_union
Qwen_Qwen3-1.7B,1.7B,1.7,2048,hidden_dim,exp_c,think,gsm8k_test_001136,think,canonical,,True,thinking_segment,thinking,20,exp_c_segment_sample,212,212,0.002237515151500702,0.005023295204770172,0.001885727746412158,0.01887187361717224,6.4772491169048754e-06,0.004976774523943945,0.04716981132075472,-0.0012275101241405388,-0.0008523510637218666,-0.005145929288119078,per_model_kept_independent_plus_common_union
Qwen_Qwen3-1.7B,1.7B,1.7,2048,hidden_dim,exp_c,think,gsm8k_test_001164,think,canonical,,True,answer_segment,think_answer,6,exp_c_segment_sample,69,69,0.0014408948831260205,0.006540251511108616,0.0008137976983562112,0.046488065272569656,5.443566857839217e-05,0.0061730991514837895,0.11594202898550725,-0.0013357903572632371,-0.001739828562777903,0.003654077649116516,per_model_kept_independent_plus_common_union
Qwen_Qwen3-1.7B,1.7B,1.7,2048,hidden_dim,exp_c,think,gsm8k_test_001164,think,canonical,,True,answer_segment,think_answer,13,exp_c_segment_sample,69,69,0.0023021013475954537,0.004961844479692155,0.001696373918093741,0.020577285438776016,9.797521734069894e-06,0.004828052543898059,0.17391304347826086,0.0004950000386777694,0.0001633260269752806,0.0005525783635675907,per_model_kept_independent_plus_common_union
Qwen_Qwen3-1.7B,1.7B,1.7,2048,hidden_dim,exp_c,think,gsm8k_test_001164,think,canonical,,True,answer_segment,think_answer,20,exp_c_segment_sample,69,69,0.002237515151500702,0.005475632564596616,0.0017343461513519287,0.01362699642777443,8.372173480898877e-06,0.005396475092685946,0.14492753623188406,-0.0005572400434717853,-0.0005978665625055628,0.000564945861697197,per_model_kept_independent_plus_common_union
Qwen_Qwen3-1.7B,1.7B,1.7,2048,hidden_dim,exp_c,think,gsm8k_test_001164,think,canonical,,True,thinking_segment,thinking,6,exp_c_segment_sample,256,256,0.0014408948831260205,0.006776003452387158,0.0009007879416458309,0.06702930480241776,9.992817095882912e-05,0.006925690211452697,0.08984375,-0.004147702427088069,-0.0030383371676389994,0.003654077649116516,per_model_kept_independent_plus_common_union
Qwen_Qwen3-1.7B,1.7B,1.7,2048,hidden_dim,exp_c,think,gsm8k_test_001164,think,canonical,,True,thinking_segment,thinking,13,exp_c_segment_sample,256,256,0.0023021013475954537,0.005447541131616163,0.0014957733219489455,0.02737043984234333,1.5186396427630704e-05,0.005477041767222718,0.125,-0.002698950448335252,-0.0018801057711243631,0.0005525783635675907,per_model_kept_independent_plus_common_union
Qwen_Qwen3-1.7B,1.7B,1.7,2048,hidden_dim,exp_c,think,gsm8k_test_001164,think,canonical,,True,thinking_segment,thinking,20,exp_c_segment_sample,256,256,0.002237515151500702,0.005676252609191579,0.0015195016749203205,0.025196688249707222,1.4667702282969666e-05,0.005688597703590944,0.07421875,-0.0012441836946243427,-0.0008841608883813027,0.000564945861697197,per_model_kept_independent_plus_common_union
Qwen_Qwen3-1.7B,1.7B,1.7,2048,hidden_dim,exp_c,think,gsm8k_test_001165,think,canonical,,False,answer_segment,think_answer,6,exp_c_segment_sample,60,60,0.0014408948831260205,0.007329492402883868,0.002190667437389493,0.02869878150522709,3.0613606573729585e-05,0.007164139351886459,0.0,-0.0016112865597681435,-0.0009618947592874381,0.002112308517098427,per_model_kept_independent_plus_common_union
Qwen_Qwen3-1.7B,1.7B,1.7,2048,hidden_dim,exp_c,think,gsm8k_test_001165,think,canonical,,False,answer_segment,think_answer,13,exp_c_segment_sample,60,60,0.0023021013475954537,0.005281727811476836,0.0026113803032785654,0.014857960864901543,6.405928291129869e-06,0.005237623721645292,0.0,0.0007123360963782597,-8.832380796472156e-05,-0.0015014377422630787,per_model_kept_independent_plus_common_union
Qwen_Qwen3-1.7B,1.7B,1.7,2048,hidden_dim,exp_c,think,gsm8k_test_001165,think,canonical,,False,answer_segment,think_answer,20,exp_c_segment_sample,60,60,0.002237515151500702,0.0051871165516786276,0.001948043005540967,0.011432462371885777,3.6401105444456683e-06,0.005134277917855119,0.03333333333333333,0.0005473883521025585,0.0005726000138868885,-8.481461554765701e-05,per_model_kept_independent_plus_common_union
Qwen_Qwen3-1.7B,1.7B,1.7,2048,hidden_dim,exp_c,think,gsm8k_test_001165,think,canonical,,False,thinking_segment,thinking,6,exp_c_segment_sample,256,256,0.0014408948831260205,0.005869713634638174,0.0007531187147833407,0.13373231887817383,0.0001697532068151518,0.005827234400986361,0.171875,-0.006691100457789449,-0.003760309429708286,0.002112308517098427,per_model_kept_independent_plus_common_union
Qwen_Qwen3-1.7B,1.7B,1.7,2048,hidden_dim,exp_c,think,gsm8k_test_001165,think,canonical,,False,thinking_segment,thinking,13,exp_c_segment_sample,256,256,0.0023021013475954537,0.0050906330934594735,0.001066743046976626,0.0461183525621891,2.3418396078558282e-05,0.005033669679323084,0.2109375,-0.00345483982421679,-0.0025924173914972926,-0.0015014377422630787,per_model_kept_independent_plus_common_union
Qwen_Qwen3-1.7B,1.7B,1.7,2048,hidden_dim,exp_c,think,gsm8k_test_001165,think,canonical,,False,thinking_segment,thinking,20,exp_c_segment_sample,256,256,0.002237515151500702,0.004859770229359128,0.0011761646019294858,0.029874490574002266,1.388500213996741e-05,0.004826915496461036,0.21875,-0.0033194453653492863,-0.0028050167093169875,-8.481461554765701e-05,per_model_kept_independent_plus_common_union
Qwen_Qwen3-1.7B,1.7B,1.7,2048,hidden_dim,exp_c,think,gsm8k_test_001182,think,canonical,,True,answer_segment,think_answer,6,exp_c_segment_sample,41,41,0.0014408948831260205,0.005956034173212219,0.0019369196379557252,0.03288482874631882,2.980832928828272e-05,0.005548416971578263,0.0,-0.0022573990184320404,-0.0016874039799652327,0.004456428810954094,per_model_kept_independent_plus_common_union
Qwen_Qwen3-1.7B,1.7B,1.7,2048,hidden_dim,exp_c,think,gsm8k_test_001182,think,canonical,,True,answer_segment,think_answer,13,exp_c_segment_sample,41,41,0.0023021013475954537,0.005803817587836486,0.0027817629743367434,0.017285147681832314,7.380270587745561e-06,0.005664403759874403,0.0,-0.000834500590722211,-0.0005770842121406031,0.0014858408831059933,per_model_kept_independent_plus_common_union
Qwen_Qwen3-1.7B,1.7B,1.7,2048,hidden_dim,exp_c,think,gsm8k_test_001182,think,canonical,,True,answer_segment,think_answer,20,exp_c_segment_sample,41,41,0.002237515151500702,0.0062577047089977965,0.0029199111741036177,0.015906305983662605,7.165919886203838e-06,0.00613224774133414,0.0,-0.0018534517217466335,-0.0010302864142100916,-0.0007240944541990757,per_model_kept_independent_plus_common_union
Qwen_Qwen3-1.7B,1.7B,1.7,2048,hidden_dim,exp_c,think,gsm8k_test_001182,think,canonical,,True,thinking_segment,thinking,6,exp_c_segment_sample,256,256,0.0014408948831260205,0.00703199396070886,0.0008244171040132642,0.07756337523460388,9.308990625632145e-05,0.007015656464897221,0.12109375,-0.006071153068209226,-0.005651354197806751,0.004456428810954094,per_model_kept_independent_plus_common_union
Qwen_Qwen3-1.7B,1.7B,1.7,2048,hidden_dim,exp_c,think,gsm8k_test_001182,think,canonical,,True,thinking_segment,thinking,13,exp_c_segment_sample,256,256,0.0023021013475954537,0.005557685472922458,0.0013484801165759563,0.02373303472995758,1.4254201024801746e-05,0.00552189483506031,0.12890625,-0.0028079123986962796,-0.002446386397171479,0.0014858408831059933,per_model_kept_independent_plus_common_union
Qwen_Qwen3-1.7B,1.7B,1.7,2048,hidden_dim,exp_c,think,gsm8k_test_001182,think,canonical,,True,thinking_segment,thinking,20,exp_c_segment_sample,256,256,0.002237515151500702,0.005765941286426823,0.0014731688424944878,0.043443553149700165,1.8269336671989353e-05,0.005733609569201367,0.109375,-0.00362324341490458,-0.002901755479307702,-0.0007240944541990757,per_model_kept_independent_plus_common_union
Qwen_Qwen3-1.7B,1.7B,1.7,2048,hidden_dim,exp_c,think,gsm8k_test_001188,think,canonical,,False,answer_segment,think_answer,6,exp_c_segment_sample,39,39,0.0014408948831260205,0.0070698322214854835,0.0023089838214218616,0.030771538615226746,4.063473114795994e-05,0.006695401591346843,0.0,0.0033555565545192122,0.0009816690580919385,0.0027006310410797596,per_model_kept_independent_plus_common_union
Qwen_Qwen3-1.7B,1.7B,1.7,2048,hidden_dim,exp_c,think,gsm8k_test_001188,think,canonical,,False,answer_segment,think_answer,13,exp_c_segment_sample,39,39,0.0023021013475954537,0.005854813638740243,0.002749023959040642,0.02575589157640934,1.5679172763751696e-05,0.005590918357484043,0.0,0.0031532401075729972,0.001188202924095095,-0.002777564339339733,per_model_kept_independent_plus_common_union
Qwen_Qwen3-1.7B,1.7B,1.7,2048,hidden_dim,exp_c,think,gsm8k_test_001188,think,canonical,,False,answer_segment,think_answer,20,exp_c_segment_sample,39,39,0.002237515151500702,0.006082456714163224,0.0023983786813914776,0.02019190788269043,1.0392347182487772e-05,0.006004524778721756,0.0,-0.001485059338693437,-0.0015404029749333855,4.696287214756012e-05,per_model_kept_independent_plus_common_union
Qwen_Qwen3-1.7B,1.7B,1.7,2048,hidden_dim,exp_c,think,gsm8k_test_001188,think,canonical,,False,thinking_segment,thinking,6,exp_c_segment_sample,256,256,0.0014408948831260205,0.006900311220761068,0.0007771826349198818,0.05685194954276085,0.00010678409577855822,0.006850337645617182,0.1796875,-0.0051334939109265645,-0.0032790155528346077,0.0027006310410797596,per_model_kept_independent_plus_common_union
Qwen_Qwen3-1.7B,1.7B,1.7,2048,hidden_dim,exp_c,think,gsm8k_test_001188,think,canonical,,False,thinking_segment,thinking,13,exp_c_segment_sample,256,256,0.0023021013475954537,0.006551149379902199,0.0014204293256625533,0.045350827276706696,4.2331262724676634e-05,0.006477857931729471,0.1796875,-0.0026603712393376187,-0.001842393077822635,-0.002777564339339733,per_model_kept_independent_plus_common_union
Qwen_Qwen3-1.7B,1.7B,1.7,2048,hidden_dim,exp_c,think,gsm8k_test_001188,think,canonical,,False,thinking_segment,thinking,20,exp_c_segment_sample,256,256,0.002237515151500702,0.006435424718802096,0.0011913396883755922,0.0340120866894722,3.090435080923457e-05,0.0064011393541553675,0.14453125,-0.002599648769952207,-0.0011635254431894282,4.696287214756012e-05,per_model_kept_independent_plus_common_union
Qwen_Qwen3-1.7B,1.7B,1.7,2048,hidden_dim,exp_c,think,gsm8k_test_001209,think,canonical,,True,answer_segment,think_answer,6,exp_c_segment_sample,60,60,0.0014408948831260205,0.007864672346234633,0.0008623306639492512,0.035953622311353683,4.122485143304425e-05,0.007587026580734083,0.08333333333333333,-0.005876517942133281,-0.004102530931898704,0.0037759216502308846,per_model_kept_independent_plus_common_union
Qwen_Qwen3-1.7B,1.7B,1.7,2048,hidden_dim,exp_c,think,gsm8k_test_001209,think,canonical,,True,answer_segment,think_answer,13,exp_c_segment_sample,60,60,0.0023021013475954537,0.005952789791626856,0.0015694419853389263,0.0320606455206871,1.655757023857788e-05,0.005717421015645614,0.06666666666666667,-0.0006189995699134613,-0.00047581601732720955,0.0015034670941531658,per_model_kept_independent_plus_common_union
Qwen_Qwen3-1.7B,1.7B,1.7,2048,hidden_dim,exp_c,think,gsm8k_test_001209,think,canonical,,True,answer_segment,think_answer,20,exp_c_segment_sample,60,60,0.002237515151500702,0.0058663564210291955,0.001681165536865592,0.013945703394711018,8.310652963992499e-06,0.005796328457309155,0.05,-0.0007995811483792207,-4.176808676371966e-05,-2.1670013666152954e-05,per_model_kept_independent_plus_common_union
Qwen_Qwen3-1.7B,1.7B,1.7,2048,hidden_dim,exp_c,think,gsm8k_test_001209,think,canonical,,True,thinking_segment,thinking,6,exp_c_segment_sample,256,256,0.0014408948831260205,0.006759739658946273,0.0007240661070682108,0.04100111499428749,7.198071983148345e-05,0.006854426804600895,0.12109375,-0.00786907175676198,-0.00733500176556845,0.0037759216502308846,per_model_kept_independent_plus_common_union
Qwen_Qwen3-1.7B,1.7B,1.7,2048,hidden_dim,exp_c,think,gsm8k_test_001209,think,canonical,,True,thinking_segment,thinking,13,exp_c_segment_sample,256,256,0.0023021013475954537,0.005531558104848955,0.0014799777418375015,0.030434895306825638,1.8204548748254062e-05,0.005541044036683691,0.1640625,-0.004191782730829897,-0.0038035165325709386,0.0015034670941531658,per_model_kept_independent_plus_common_union
Qwen_Qwen3-1.7B,1.7B,1.7,2048,hidden_dim,exp_c,think,gsm8k_test_001209,think,canonical,,True,thinking_segment,thinking,20,exp_c_segment_sample,256,256,0.002237515151500702,0.0051758784697995,0.0013053115690127015,0.025070203468203545,1.1245891167454084e-05,0.005212996362731155,0.10546875,-0.0018110435579775457,-0.0017632576673349831,-2.1670013666152954e-05,per_model_kept_independent_plus_common_union
Qwen_Qwen3-1.7B,1.7B,1.7,2048,hidden_dim,exp_c,think,gsm8k_test_001251,think,canonical,,True,answer_segment,think_answer,6,exp_c_segment_sample,51,51,0.0014408948831260205,0.0071264545241480366,0.0012322046095505357,0.031175240874290466,4.3220903913964616e-05,0.006841365289874376,0.0392156862745098,-0.00331148917563428,-0.0014802618310428579,0.006725716404616833,per_model_kept_independent_plus_common_union
Qwen_Qwen3-1.7B,1.7B,1.7,2048,hidden_dim,exp_c,think,gsm8k_test_001251,think,canonical,,True,answer_segment,think_answer,13,exp_c_segment_sample,51,51,0.0023021013475954537,0.005113123162813923,0.002029526513069868,0.012465198524296284,5.037879926974389e-06,0.005035043549723924,0.058823529411764705,0.0006325656929521146,0.0012301010115501974,-0.0014783013612031937,per_model_kept_independent_plus_common_union
Qwen_Qwen3-1.7B,1.7B,1.7,2048,hidden_dim,exp_c,think,gsm8k_test_001251,think,canonical,,True,answer_segment,think_answer,20,exp_c_segment_sample,51,51,0.002237515151500702,0.005313205770125576,0.0023586757015436888,0.01850491762161255,7.9930488997163e-06,0.005152368862181902,0.0,0.0019429247411246104,0.0026094919034781363,0.0014202399179339409,per_model_kept_independent_plus_common_union
Qwen_Qwen3-1.7B,1.7B,1.7,2048,hidden_dim,exp_c,think,gsm8k_test_001251,think,canonical,,True,thinking_segment,thinking,6,exp_c_segment_sample,256,256,0.0014408948831260205,0.006431307059301616,0.0007695031235925853,0.11992371082305908,0.000129663876670666,0.00638983586710491,0.14453125,-0.006252108283573387,-0.0032204088993239566,0.006725716404616833,per_model_kept_independent_plus_common_union
Qwen_Qwen3-1.7B,1.7B,1.7,2048,hidden_dim,exp_c,think,gsm8k_test_001251,think,canonical,,True,thinking_segment,thinking,13,exp_c_segment_sample,256,256,0.0023021013475954537,0.006121545432051789,0.0014958411920815706,0.041398342698812485,3.390413760319941e-05,0.006050577281917977,0.15234375,-0.003303822355699441,-0.002096143429298536,-0.0014783013612031937,per_model_kept_independent_plus_common_union
Qwen_Qwen3-1.7B,1.7B,1.7,2048,hidden_dim,exp_c,think,gsm8k_test_001251,think,canonical,,True,thinking_segment,thinking,20,exp_c_segment_sample,256,256,0.002237515151500702,0.005489633959314233,0.0012829158222302794,0.022616159170866013,1.6102342563676464e-05,0.005463459186771518,0.11328125,-0.003828244627370229,-0.002425899898298667,0.0014202399179339409,per_model_kept_independent_plus_common_union
Qwen_Qwen3-1.7B,1.7B,1.7,2048,hidden_dim,exp_c,think,gsm8k_test_001271,think,canonical,,True,answer_segment,think_answer,6,exp_c_segment_sample,56,56,0.0014408948831260205,0.007050381854891644,0.001787695218808949,0.03798163682222366,3.6400499182883475e-05,0.006741115474142134,0.0,-0.0015333125797096856,-0.0006224580159011704,0.0029115378856658936,per_model_kept_independent_plus_common_union
Qwen_Qwen3-1.7B,1.7B,1.7,2048,hidden_dim,exp_c,think,gsm8k_test_001271,think,canonical,,True,answer_segment,think_answer,13,exp_c_segment_sample,56,56,0.0023021013475954537,0.005644702044914344,0.002497701207175851,0.014769384637475014,6.389896776810089e-06,0.0055642934177409535,0.0,-0.0013279770912350444,-0.0009161407859729865,-0.0008544148877263069,per_model_kept_independent_plus_common_union
Qwen_Qwen3-1.7B,1.7B,1.7,2048,hidden_dim,exp_c,think,gsm8k_test_001271,think,canonical,,True,answer_segment,think_answer,20,exp_c_segment_sample,56,56,0.002237515151500702,0.006239628780999088,0.0024960190057754517,0.01407826691865921,9.209016547287537e-06,0.006177618439224634,0.0,-0.00047925289035809535,-0.00021643796935677528,-0.0024219066835939884,per_model_kept_independent_plus_common_union
Qwen_Qwen3-1.7B,1.7B,1.7,2048,hidden_dim,exp_c,think,gsm8k_test_001271,think,canonical,,True,thinking_segment,thinking,6,exp_c_segment_sample,256,256,0.0014408948831260205,0.0060767511934045615,0.0008269772515632212,0.038614362478256226,5.075435861255862e-05,0.006017264168446342,0.06640625,-0.005841787630594385,-0.0040039451014308725,0.0029115378856658936,per_model_kept_independent_plus_common_union
Qwen_Qwen3-1.7B,1.7B,1.7,2048,hidden_dim,exp_c,think,gsm8k_test_001271,think,canonical,,True,thinking_segment,thinking,13,exp_c_segment_sample,256,256,0.0023021013475954537,0.005905161820919602,0.0016012998530641198,0.03605757653713226,1.937741824860412e-05,0.0058633665641399015,0.08984375,-0.0037817464158062036,-0.0025894817044900265,-0.0008544148877263069,per_model_kept_independent_plus_common_union
Qwen_Qwen3-1.7B,1.7B,1.7,2048,hidden_dim,exp_c,think,gsm8k_test_001271,think,canonical,,True,thinking_segment,thinking,20,exp_c_segment_sample,256,256,0.002237515151500702,0.005919150185491162,0.0015595644945278764,0.02531747706234455,1.382877825788979e-05,0.0059297636099726915,0.05859375,-0.0024321644125034686,-0.0011904454604518833,-0.0024219066835939884,per_model_kept_independent_plus_common_union
Qwen_Qwen3-1.7B,1.7B,1.7,2048,hidden_dim,exp_c,think,gsm8k_test_001307,think,canonical,,True,answer_segment,think_answer,6,exp_c_segment_sample,41,41,0.0014408948831260205,0.0066755354836037974,0.0015437708934769034,0.05240587890148163,6.447988984640699e-05,0.006080937304068358,0.0,0.0031496014540125955,0.0016209836308421054,0.00041592447087168694,per_model_kept_independent_plus_common_union
Qwen_Qwen3-1.7B,1.7B,1.7,2048,hidden_dim,exp_c,think,gsm8k_test_001307,think,canonical,,True,answer_segment,think_answer,13,exp_c_segment_sample,41,41,0.0023021013475954537,0.0049992358913963164,0.002953303512185812,0.02099156379699707,7.5486362390023944e-06,0.004798630444565789,0.0,0.001903520807792611,0.0012217054185880852,-0.0009469343349337578,per_model_kept_independent_plus_common_union
Qwen_Qwen3-1.7B,1.7B,1.7,2048,hidden_dim,exp_c,think,gsm8k_test_001307,think,canonical,,True,answer_segment,think_answer,20,exp_c_segment_sample,41,41,0.002237515151500702,0.005794462878484188,0.003009968204423785,0.013551372103393078,5.203879459426806e-06,0.005692457989789546,0.0,0.0005676558043301573,0.0007814098657532168,-0.0023006461560726166,per_model_kept_independent_plus_common_union
Qwen_Qwen3-1.7B,1.7B,1.7,2048,hidden_dim,exp_c,think,gsm8k_test_001307,think,canonical,,True,thinking_segment,thinking,6,exp_c_segment_sample,232,232,0.0014408948831260205,0.0059292742526881265,0.0011108637554571033,0.03489340469241142,4.067048577022661e-05,0.005907250746673386,0.10344827586206896,-0.0033740388115072475,-0.0025537283830184103,0.00041592447087168694,per_model_kept_independent_plus_common_union
Qwen_Qwen3-1.7B,1.7B,1.7,2048,hidden_dim,exp_c,think,gsm8k_test_001307,think,canonical,,True,thinking_segment,thinking,13,exp_c_segment_sample,232,232,0.0023021013475954537,0.005049193488706931,0.0014658146537840366,0.023694682866334915,1.0362655721930132e-05,0.005006754325372188,0.06465517241379311,-0.0021178986057643987,-0.0015726251234621574,-0.0009469343349337578,per_model_kept_independent_plus_common_union
Qwen_Qwen3-1.7B,1.7B,1.7,2048,hidden_dim,exp_c,think,gsm8k_test_001307,think,canonical,,True,thinking_segment,thinking,20,exp_c_segment_sample,232,232,0.002237515151500702,0.005095457458459162,0.0018237156327813864,0.01864749938249588,7.4012993480671735e-06,0.005063676036434707,0.03879310344827586,-0.0012682083827392087,-0.0008955482124543661,-0.0023006461560726166,per_model_kept_independent_plus_common_union
Qwen_Qwen3-1.7B,1.7B,1.7,2048,hidden_dim,exp_c,think,gsm8k_test_001317,think,canonical,,True,answer_segment,think_answer,6,exp_c_segment_sample,57,57,0.0014408948831260205,0.006897701506029095,0.0016867194790393114,0.031275805085897446,2.2994151290081615e-05,0.006651564925310335,0.0,-0.001599146957473724,-0.0015992747154086823,-0.0007277689874172211,per_model_kept_independent_plus_common_union
Qwen_Qwen3-1.7B,1.7B,1.7,2048,hidden_dim,exp_c,think,gsm8k_test_001317,think,canonical,,True,answer_segment,think_answer,13,exp_c_segment_sample,57,57,0.0023021013475954537,0.005561995781598645,0.0033012842759490013,0.015270786359906197,4.154767739833852e-06,0.0054567815469844,0.0,6.473943601258798e-05,0.0001223560577879347,-0.0002003684639930725,per_model_kept_independent_plus_common_union
Qwen_Qwen3-1.7B,1.7B,1.7,2048,hidden_dim,exp_c,think,gsm8k_test_001317,think,canonical,,True,answer_segment,think_answer,20,exp_c_segment_sample,57,57,0.002237515151500702,0.006353945646990548,0.002090271795168519,0.014052621088922024,7.004263225562338e-06,0.006297222317828398,0.03508771929824561,-0.001785289166586481,-0.0015046160512914263,2.969382330775261e-05,per_model_kept_independent_plus_common_union
Qwen_Qwen3-1.7B,1.7B,1.7,2048,hidden_dim,exp_c,think,gsm8k_test_001317,think,canonical,,True,thinking_segment,thinking,6,exp_c_segment_sample,256,256,0.0014408948831260205,0.006704709081532201,0.0012669858988374472,0.05421703681349754,6.505732953926386e-05,0.006830634251479634,0.046875,-0.004805593469308431,-0.0035500665253493935,-0.0007277689874172211,per_model_kept_independent_plus_common_union
Qwen_Qwen3-1.7B,1.7B,1.7,2048,hidden_dim,exp_c,think,gsm8k_test_001317,think,canonical,,True,thinking_segment,thinking,13,exp_c_segment_sample,256,256,0.0023021013475954537,0.005533698911676765,0.0015556783182546496,0.020836278796195984,7.897051452068682e-06,0.0055236489818571675,0.06640625,-0.0025016169943585407,-0.0017396471339452546,-0.0002003684639930725,per_model_kept_independent_plus_common_union
Qwen_Qwen3-1.7B,1.7B,1.7,2048,hidden_dim,exp_c,think,gsm8k_test_001317,think,canonical,,True,thinking_segment,thinking,20,exp_c_segment_sample,256,256,0.002237515151500702,0.006241200834210758,0.0014108623145148158,0.028448274359107018,1.3578076998088858e-05,0.006264567484406748,0.05859375,-0.0006800571613692297,-0.00037189576687524095,2.969382330775261e-05,per_model_kept_independent_plus_common_union
Qwen_Qwen3-14B,14B,14.0,5120,hidden_dim,exp_c,no_think,gsm8k_test_000007,no_think,canonical,,False,answer_segment,no_think_answer,6,exp_c_segment_sample,53,53,0.0005944696255028248,0.0033199632373410014,0.0008522501448169351,0.014921577647328377,9.645740396320493e-06,0.003248053929732683,0.0,-0.002490404038055481,-0.0014907629312282157,-0.015753380954265594,per_model_kept_independent_plus_common_union
Qwen_Qwen3-14B,14B,14.0,5120,hidden_dim,exp_c,no_think,gsm8k_test_000007,no_think,canonical,,False,answer_segment,no_think_answer,13,exp_c_segment_sample,53,53,0.0008877175743691624,0.0025137305931838333,0.0009677045745775104,0.007646019104868174,2.307705234828771e-06,0.0024949084550966154,0.0,-0.0017244431641210538,-0.0014130612086903837,-0.00411486579105258,per_model_kept_independent_plus_common_union
Qwen_Qwen3-14B,14B,14.0,5120,hidden_dim,exp_c,no_think,gsm8k_test_000007,no_think,canonical,,False,answer_segment,no_think_answer,20,exp_c_segment_sample,53,53,0.0011801210464909672,0.002486997916591617,0.001204047817736864,0.005886937025934458,1.3873596563145787e-06,0.0024831545530245285,0.0,-0.0012619366373406004,-0.0011254430449168596,-0.0006334874778985977,per_model_kept_independent_plus_common_union
Qwen_Qwen3-14B,14B,14.0,5120,hidden_dim,exp_c,no_think,gsm8k_test_000031,no_think,canonical,,False,answer_segment,no_think_answer,6,exp_c_segment_sample,59,59,0.0005944696255028248,0.0027118086542586906,0.000682603451423347,0.008907277137041092,3.3475041828142666e-06,0.0026613009896868005,0.0,-0.0011846375442504666,-0.001182465092279017,-0.004742487799376249,per_model_kept_independent_plus_common_union
Qwen_Qwen3-14B,14B,14.0,5120,hidden_dim,exp_c,no_think,gsm8k_test_000031,no_think,canonical,,False,answer_segment,no_think_answer,13,exp_c_segment_sample,59,59,0.0008877175743691624,0.0023472924860809944,0.0008382393862120807,0.0050832536071538925,1.280338549986091e-06,0.002334132478451999,0.03389830508474576,-0.0013568495717925686,-0.0013900641157912712,-0.003927736077457666,per_model_kept_independent_plus_common_union
Qwen_Qwen3-14B,14B,14.0,5120,hidden_dim,exp_c,no_think,gsm8k_test_000031,no_think,canonical,,False,answer_segment,no_think_answer,20,exp_c_segment_sample,59,59,0.0011801210464909672,0.002572566432625813,0.0007735860999673605,0.006560977548360825,1.6565906896398315e-06,0.0025517540855397435,0.05084745762711865,-0.0014436004864904364,-0.0014509212691336867,-0.00027296552434563637,per_model_kept_independent_plus_common_union
Qwen_Qwen3-14B,14B,14.0,5120,hidden_dim,exp_c,no_think,gsm8k_test_000042,no_think,canonical,,True,answer_segment,no_think_answer,6,exp_c_segment_sample,38,38,0.0005944696255028248,0.002857983365078996,0.0008428666042163968,0.008520136587321758,3.459762364700159e-06,0.0028051820762984045,0.0,-0.0006863281452700305,-0.00030762840760871794,-0.00041729817166924477,per_model_kept_independent_plus_common_union
Qwen_Qwen3-14B,14B,14.0,5120,hidden_dim,exp_c,no_think,gsm8k_test_000042,no_think,canonical,,True,answer_segment,no_think_answer,13,exp_c_segment_sample,38,38,0.0008877175743691624,0.002089202630725738,0.0008342343498952687,0.003898582886904478,8.570014917037742e-07,0.0020607827086555393,0.02631578947368421,-0.0008490095598442181,-0.0007746721443254499,-0.0009182342328131199,per_model_kept_independent_plus_common_union
Qwen_Qwen3-14B,14B,14.0,5120,hidden_dim,exp_c,no_think,gsm8k_test_000042,no_think,canonical,,True,answer_segment,no_think_answer,20,exp_c_segment_sample,38,38,0.0011801210464909672,0.0023742278403676067,0.0008613407844677567,0.0067434594966471195,1.4728556292120797e-06,0.0023590168503515824,0.15789473684210525,-0.0009380645514088827,-0.0010096335317939518,0.001237631542608142,per_model_kept_independent_plus_common_union
Qwen_Qwen3-14B,14B,14.0,5120,hidden_dim,exp_c,no_think,gsm8k_test_000054,no_think,canonical,,False,answer_segment,no_think_answer,6,exp_c_segment_sample,55,55,0.0005944696255028248,0.003259015670681203,0.0007399223977699876,0.011811243370175362,7.773005880273334e-06,0.0032147519814316188,0.0,-0.001486517570673954,-0.0005138511312127647,-0.0014945208095014095,per_model_kept_independent_plus_common_union
Qwen_Qwen3-14B,14B,14.0,5120,hidden_dim,exp_c,no_think,gsm8k_test_000054,no_think,canonical,,False,answer_segment,no_think_answer,13,exp_c_segment_sample,55,55,0.0008877175743691624,0.0024024613074619663,0.0008576324908062816,0.005573329050093889,1.1351464637184485e-06,0.0023781006759101596,0.01818181818181818,-0.0007817339144538244,-0.0007235299396727768,-0.0005244151689112186,per_model_kept_independent_plus_common_union
Qwen_Qwen3-14B,14B,14.0,5120,hidden_dim,exp_c,no_think,gsm8k_test_000054,no_think,canonical,,False,answer_segment,no_think_answer,20,exp_c_segment_sample,55,55,0.0011801210464909672,0.0025351535158485853,0.0008624099427834153,0.00548797519877553,1.0534622411557095e-06,0.002529097038657508,0.07272727272727272,-0.00044682095395763723,-0.0004393454083973275,-0.00015169032849371433,per_model_kept_independent_plus_common_union
Qwen_Qwen3-14B,14B,14.0,5120,hidden_dim,exp_c,no_think,gsm8k_test_000070,no_think,canonical,,False,answer_segment,no_think_answer,6,exp_c_segment_sample,51,51,0.0005944696255028248,0.0030818947935568205,0.0008299957844428718,0.01482981164008379,7.247818691767154e-06,0.003036098972661421,0.0,-0.003072066997163145,-0.0020141289300786764,-0.003769876901060343,per_model_kept_independent_plus_common_union
Qwen_Qwen3-14B,14B,14.0,5120,hidden_dim,exp_c,no_think,gsm8k_test_000070,no_think,canonical,,False,answer_segment,no_think_answer,13,exp_c_segment_sample,51,51,0.0008877175743691624,0.0027779870331013467,0.0005481374682858586,0.007614199072122574,2.6892889464822897e-06,0.0027678843226749453,0.0784313725490196,-0.0022544102625799145,-0.0016072311958011526,-0.0011709558311849833,per_model_kept_independent_plus_common_union
Qwen_Qwen3-14B,14B,14.0,5120,hidden_dim,exp_c,no_think,gsm8k_test_000070,no_think,canonical,,False,answer_segment,no_think_answer,20,exp_c_segment_sample,51,51,0.0011801210464909672,0.0025603825445560846,0.0006565792136825621,0.0064587583765387535,1.9925451937052645e-06,0.0025647680938709525,0.1568627450980392,-0.0017531958874315006,-0.001431506704718161,-8.624768815934658e-05,per_model_kept_independent_plus_common_union
Qwen_Qwen3-14B,14B,14.0,5120,hidden_dim,exp_c,no_think,gsm8k_test_000088,no_think,canonical,,True,answer_segment,no_think_answer,6,exp_c_segment_sample,46,46,0.0005944696255028248,0.0029700167664407713,0.000629094778560102,0.01578328385949135,7.610441703247247e-06,0.0029143388046779565,0.0,-0.0011700577882078032,-0.0008894811229159432,-0.0007538339123129845,per_model_kept_independent_plus_common_union
Qwen_Qwen3-14B,14B,14.0,5120,hidden_dim,exp_c,no_think,gsm8k_test_000088,no_think,canonical,,True,answer_segment,no_think_answer,13,exp_c_segment_sample,46,46,0.0008877175743691624,0.0024027076370143536,0.0007726723561063409,0.005220734514296055,1.2798070039211118e-06,0.0023750983501991474,0.021739130434782608,-0.0011827452959571202,-0.0008111631711168834,-0.0016294193919748068,per_model_kept_independent_plus_common_union
Qwen_Qwen3-14B,14B,14.0,5120,hidden_dim,exp_c,no_think,gsm8k_test_000088,no_think,canonical,,True,answer_segment,no_think_answer,20,exp_c_segment_sample,46,46,0.0011801210464909672,0.002420613580160653,0.0009795542573556304,0.004309164360165596,8.712827135856395e-07,0.0024022113971619136,0.043478260869565216,-0.0013897506209783045,-0.001315462082857266,0.0007095362525433302,per_model_kept_independent_plus_common_union
Qwen_Qwen3-14B,14B,14.0,5120,hidden_dim,exp_c,no_think,gsm8k_test_000099,no_think,canonical,,True,answer_segment,no_think_answer,6,exp_c_segment_sample,45,45,0.0005944696255028248,0.003082283063688212,0.0006656239274889231,0.010882530361413956,5.733643169029284e-06,0.002991806758059696,0.0,-0.000354932589402447,4.746968625113368e-05,0.0007971129380166531,per_model_kept_independent_plus_common_union
Qwen_Qwen3-14B,14B,14.0,5120,hidden_dim,exp_c,no_think,gsm8k_test_000099,no_think,canonical,,True,answer_segment,no_think_answer,13,exp_c_segment_sample,45,45,0.0008877175743691624,0.0020949113105113307,0.0008775676833465695,0.005247319117188454,8.116681111430437e-07,0.0020755412088791754,0.022222222222222223,-0.0006568192376120779,-0.0006171965166383111,-0.0002811388112604618,per_model_kept_independent_plus_common_union
Qwen_Qwen3-14B,14B,14.0,5120,hidden_dim,exp_c,no_think,gsm8k_test_000099,no_think,canonical,,True,answer_segment,no_think_answer,20,exp_c_segment_sample,45,45,0.0011801210464909672,0.0026349283069268697,0.000928133144043386,0.005571694578975439,1.2709080201601996e-06,0.0026015832276739693,0.06666666666666667,-0.0010101344419535304,-0.0010580658999970183,6.896490231156349e-05,per_model_kept_independent_plus_common_union
Qwen_Qwen3-14B,14B,14.0,5120,hidden_dim,exp_c,no_think,gsm8k_test_000118,no_think,canonical,,True,answer_segment,no_think_answer,6,exp_c_segment_sample,48,48,0.0005944696255028248,0.002843713003433853,0.000736090587452054,0.008005278185009956,2.966818996091973e-06,0.002775349737234175,0.0,0.00041462273271017705,0.00027575773128774017,-0.00029111234471201897,per_model_kept_independent_plus_common_union
Qwen_Qwen3-14B,14B,14.0,5120,hidden_dim,exp_c,no_think,gsm8k_test_000118,no_think,canonical,,True,answer_segment,no_think_answer,13,exp_c_segment_sample,48,48,0.0008877175743691624,0.002379693127295468,0.000781016075052321,0.005126597359776497,1.191934750896468e-06,0.002354897216873917,0.041666666666666664,-0.0003812943162914484,-0.0004665658828647188,-0.000739960465580225,per_model_kept_independent_plus_common_union
Qwen_Qwen3-14B,14B,14.0,5120,hidden_dim,exp_c,no_think,gsm8k_test_000118,no_think,canonical,,True,answer_segment,no_think_answer,20,exp_c_segment_sample,48,48,0.0011801210464909672,0.0025813577788843154,0.00098798971157521,0.004870090167969465,9.382838643145549e-07,0.002567011674747188,0.041666666666666664,-0.0004999453735856202,-0.000489790497037272,0.0002987466286867857,per_model_kept_independent_plus_common_union
Qwen_Qwen3-14B,14B,14.0,5120,hidden_dim,exp_c,no_think,gsm8k_test_000182,no_think,canonical,,False,answer_segment,no_think_answer,6,exp_c_segment_sample,76,76,0.0005944696255028248,0.0026105557113432474,0.0004254245141055435,0.01463122945278883,1.0433512395005896e-05,0.002518971471581609,0.17105263157894737,-0.0008976617832388028,-0.0006461275456546758,-0.003319021314382553,per_model_kept_independent_plus_common_union
Qwen_Qwen3-14B,14B,14.0,5120,hidden_dim,exp_c,no_think,gsm8k_test_000182,no_think,canonical,,False,answer_segment,no_think_answer,13,exp_c_segment_sample,76,76,0.0008877175743691624,0.0018157745752863488,0.0006116876029409468,0.007119436748325825,1.2290267373586794e-06,0.0018013655650429429,0.15789473684210525,-0.0008754724344362455,-0.0006867256781429444,-0.0036685196682810783,per_model_kept_independent_plus_common_union
Qwen_Qwen3-14B,14B,14.0,5120,hidden_dim,exp_c,no_think,gsm8k_test_000182,no_think,canonical,,False,answer_segment,no_think_answer,20,exp_c_segment_sample,76,76,0.0011801210464909672,0.002185158059307325,0.0005445383139885962,0.006191423628479242,1.1627997208555661e-06,0.002181165412378808,0.10526315789473684,-0.0008696697317576261,-0.0006766179484609318,-0.001654955791309476,per_model_kept_independent_plus_common_union
Qwen_Qwen3-14B,14B,14.0,5120,hidden_dim,exp_c,no_think,gsm8k_test_000227,no_think,canonical,,False,answer_segment,no_think_answer,6,exp_c_segment_sample,74,74,0.0005944696255028248,0.003203796693186804,0.00039409418241120875,0.020440608263015747,1.504484214423844e-05,0.003128932981930469,0.22972972972972974,-0.004247955715636143,-0.0041803234933851,0.002510347170755267,per_model_kept_independent_plus_common_union
Qwen_Qwen3-14B,14B,14.0,5120,hidden_dim,exp_c,no_think,gsm8k_test_000227,no_think,canonical,,False,answer_segment,no_think_answer,13,exp_c_segment_sample,74,74,0.0008877175743691624,0.0023643677586979057,0.0005635970155708492,0.008631730452179909,2.8211112383057335e-06,0.002331969273206459,0.13513513513513514,-0.001128197425183512,-0.0010105079150219496,-1.6279518604278564e-06,per_model_kept_independent_plus_common_union
Qwen_Qwen3-14B,14B,14.0,5120,hidden_dim,exp_c,no_think,gsm8k_test_000227,no_think,canonical,,False,answer_segment,no_think_answer,20,exp_c_segment_sample,74,74,0.0011801210464909672,0.002147379905501431,0.0006266777636483312,0.006546213291585445,1.3136643851077255e-06,0.0021364495416541828,0.14864864864864866,-1.483427285141274e-05,-2.426413304515559e-05,0.00032219942659139633,per_model_kept_independent_plus_common_union
Qwen_Qwen3-14B,14B,14.0,5120,hidden_dim,exp_c,no_think,gsm8k_test_000247,no_think,canonical,,False,answer_segment,no_think_answer,6,exp_c_segment_sample,51,51,0.0005944696255028248,0.003926086608735917,0.0003851938818115741,0.03903578221797943,3.139406410337141e-05,0.0038839858624851336,0.0392156862745098,-0.004421030385609359,-0.001806683896575123,-0.0036595091223716736,per_model_kept_independent_plus_common_union
Qwen_Qwen3-14B,14B,14.0,5120,hidden_dim,exp_c,no_think,gsm8k_test_000247,no_think,canonical,,False,answer_segment,no_think_answer,13,exp_c_segment_sample,51,51,0.0008877175743691624,0.002268754035992292,0.0006597999599762261,0.004738065414130688,1.1367168613758882e-06,0.0022381996654439722,0.09803921568627451,-0.0015452902127221647,-0.0010373718732108292,-0.0036484559532254934,per_model_kept_independent_plus_common_union
Qwen_Qwen3-14B,14B,14.0,5120,hidden_dim,exp_c,no_think,gsm8k_test_000247,no_think,canonical,,False,answer_segment,no_think_answer,20,exp_c_segment_sample,51,51,0.0011801210464909672,0.002380758260294576,0.0005580849829129875,0.005184906534850597,1.3381683251142674e-06,0.0023646386631298814,0.13725490196078433,-0.0015220340350284582,-0.0009568483622458116,-0.0011523542925715446,per_model_kept_independent_plus_common_union
Qwen_Qwen3-14B,14B,14.0,5120,hidden_dim,exp_c,no_think,gsm8k_test_000254,no_think,canonical,,True,answer_segment,no_think_answer,6,exp_c_segment_sample,59,59,0.0005944696255028248,0.002763110544469397,0.0009592520073056221,0.013767467811703682,5.869512910276233e-06,0.0027344224007061586,0.0,-0.0022370066343790915,-0.0019411461350197596,0.002106365282088518,per_model_kept_independent_plus_common_union
Qwen_Qwen3-14B,14B,14.0,5120,hidden_dim,exp_c,no_think,gsm8k_test_000254,no_think,canonical,,True,answer_segment,no_think_answer,13,exp_c_segment_sample,59,59,0.0008877175743691624,0.0022407056294160626,0.0009013661183416843,0.00680803507566452,1.587121402121105e-06,0.002223529369200997,0.0,-0.0008589879917454428,-0.0007154517263794941,-0.0006727238651365042,per_model_kept_independent_plus_common_union
Qwen_Qwen3-14B,14B,14.0,5120,hidden_dim,exp_c,no_think,gsm8k_test_000254,no_think,canonical,,True,answer_segment,no_think_answer,20,exp_c_segment_sample,59,59,0.0011801210464909672,0.002384763173522207,0.0010763965547084808,0.005771753378212452,8.269230501557699e-07,0.0023636001298717895,0.03389830508474576,-0.0007056731418943261,-0.000459101532275478,0.00011931383050978184,per_model_kept_independent_plus_common_union
Qwen_Qwen3-14B,14B,14.0,5120,hidden_dim,exp_c,no_think,gsm8k_test_000257,no_think,canonical,,True,answer_segment,no_think_answer,6,exp_c_segment_sample,59,59,0.0005944696255028248,0.0033180194648408916,0.0008272213744930923,0.016294490545988083,9.701831080330927e-06,0.0032695982141564763,0.0,-0.0017643546740824423,-0.0006449348564880586,0.001135009340941906,per_model_kept_independent_plus_common_union
Qwen_Qwen3-14B,14B,14.0,5120,hidden_dim,exp_c,no_think,gsm8k_test_000257,no_think,canonical,,True,answer_segment,no_think_answer,13,exp_c_segment_sample,59,59,0.0008877175743691624,0.002153171652580722,0.0009759236127138138,0.004548758268356323,6.207963060309619e-07,0.00213652694043864,0.0,-0.0003466949431162532,-9.358151971052128e-05,0.0004226258024573326,per_model_kept_independent_plus_common_union
Qwen_Qwen3-14B,14B,14.0,5120,hidden_dim,exp_c,no_think,gsm8k_test_000257,no_think,canonical,,True,answer_segment,no_think_answer,20,exp_c_segment_sample,59,59,0.0011801210464909672,0.0022568436974848985,0.001239819684997201,0.0037390943616628647,4.086629812847591e-07,0.0022370500213081215,0.0,-0.00028863154525347813,-0.00013848898621896932,0.0006169865373522043,per_model_kept_independent_plus_common_union
Qwen_Qwen3-14B,14B,14.0,5120,hidden_dim,exp_c,no_think,gsm8k_test_000273,no_think,canonical,,True,answer_segment,no_think_answer,6,exp_c_segment_sample,59,59,0.0005944696255028248,0.0029208260051653548,0.0010495849419385195,0.012280115857720375,4.464793557439336e-06,0.002875428707017724,0.0,-0.0008757580525510176,-0.00046553687037279197,0.0022081059869378805,per_model_kept_independent_plus_common_union
Qwen_Qwen3-14B,14B,14.0,5120,hidden_dim,exp_c,no_think,gsm8k_test_000273,no_think,canonical,,True,answer_segment,no_think_answer,13,exp_c_segment_sample,59,59,0.0008877175743691624,0.0023056447399401312,0.0010582486866042018,0.0047852350398898125,9.562113104802495e-07,0.0022834729812718155,0.0,-0.000737795088503322,-0.0006438576771567264,0.0010051352437585592,per_model_kept_independent_plus_common_union
Qwen_Qwen3-14B,14B,14.0,5120,hidden_dim,exp_c,no_think,gsm8k_test_000273,no_think,canonical,,True,answer_segment,no_think_answer,20,exp_c_segment_sample,59,59,0.0011801210464909672,0.00234674737133654,0.0010746116749942303,0.006268274039030075,1.057778533022622e-06,0.0023381957204225636,0.06779661016949153,-0.000597035653210422,-0.0004428314122681817,0.00020969286561012268,per_model_kept_independent_plus_common_union
Qwen_Qwen3-14B,14B,14.0,5120,hidden_dim,exp_c,no_think,gsm8k_test_000310,no_think,canonical,,False,answer_segment,no_think_answer,6,exp_c_segment_sample,65,65,0.0005944696255028248,0.0024741406570403623,0.0008485790458507836,0.008310741744935513,3.5705410449712196e-06,0.002412844938589842,0.0,-0.0011223496351443196,-0.0011826601454659421,-2.143578603863716e-05,per_model_kept_independent_plus_common_union
Qwen_Qwen3-14B,14B,14.0,5120,hidden_dim,exp_c,no_think,gsm8k_test_000310,no_think,canonical,,False,answer_segment,no_think_answer,13,exp_c_segment_sample,65,65,0.0008877175743691624,0.0022508038512359446,0.0010759992292150855,0.005824217107146978,1.2282762204700936e-06,0.0022210670686035883,0.0,-0.001154537465084684,-0.0009974882910575938,-0.0006165122613310814,per_model_kept_independent_plus_common_union
Qwen_Qwen3-14B,14B,14.0,5120,hidden_dim,exp_c,no_think,gsm8k_test_000310,no_think,canonical,,False,answer_segment,no_think_answer,20,exp_c_segment_sample,65,65,0.0011801210464909672,0.00228431501533263,0.0011697154259309173,0.005724961869418621,9.630351942205586e-07,0.002250387367894291,0.015384615384615385,-0.000373118109284687,-0.0003314349964699324,0.0002469539176672697,per_model_kept_independent_plus_common_union
Qwen_Qwen3-14B,14B,14.0,5120,hidden_dim,exp_c,no_think,gsm8k_test_000325,no_think,canonical,,False,answer_segment,no_think_answer,6,exp_c_segment_sample,61,61,0.0005944696255028248,0.0030229060670177712,0.0005582136800512671,0.01843600906431675,1.0918225182729616e-05,0.002973455634977047,0.01639344262295082,-0.00486930017131772,-0.003988842745457077,-0.004756011534482241,per_model_kept_independent_plus_common_union
Qwen_Qwen3-14B,14B,14.0,5120,hidden_dim,exp_c,no_think,gsm8k_test_000325,no_think,canonical,,False,answer_segment,no_think_answer,13,exp_c_segment_sample,61,61,0.0008877175743691624,0.002239908565018998,0.0005500330589711666,0.0055793412029743195,1.2591582920310478e-06,0.0022242096582582842,0.06557377049180328,-0.0014614240053498389,-0.0010187033331021667,-0.002944008447229862,per_model_kept_independent_plus_common_union
Qwen_Qwen3-14B,14B,14.0,5120,hidden_dim,exp_c,no_think,gsm8k_test_000325,no_think,canonical,,False,answer_segment,no_think_answer,20,exp_c_segment_sample,61,61,0.0011801210464909672,0.0024041165969884174,0.0007468789117410779,0.0059745656326413155,1.3340124731074363e-06,0.002379440286313184,0.09836065573770492,-0.001779140669683565,-0.0012440961654647253,0.00013672350905835629,per_model_kept_independent_plus_common_union
Qwen_Qwen3-14B,14B,14.0,5120,hidden_dim,exp_c,no_think,gsm8k_test_000361,no_think,canonical,,False,answer_segment,no_think_answer,6,exp_c_segment_sample,62,62,0.0005944696255028248,0.002944684766736182,0.0006389993941411376,0.010905182920396328,5.797071896001741e-06,0.002895849962054645,0.0,-0.002594418449526919,-0.002292890399985481,-0.005180552136152983,per_model_kept_independent_plus_common_union
Qwen_Qwen3-14B,14B,14.0,5120,hidden_dim,exp_c,no_think,gsm8k_test_000361,no_think,canonical,,False,answer_segment,no_think_answer,13,exp_c_segment_sample,62,62,0.0008877175743691624,0.002368381964192996,0.0007267886539921165,0.006893626414239407,1.7167975867729541e-06,0.002349321413632543,0.016129032258064516,-0.0021131709418309654,-0.0018709519354160875,-0.001561067532747984,per_model_kept_independent_plus_common_union
Qwen_Qwen3-14B,14B,14.0,5120,hidden_dim,exp_c,no_think,gsm8k_test_000361,no_think,canonical,,False,answer_segment,no_think_answer,20,exp_c_segment_sample,62,62,0.0011801210464909672,0.002393978937048345,0.0008513921638950706,0.006173412781208754,9.277254872173312e-07,0.0023731518609327127,0.04838709677419355,-0.001100697359370611,-0.0008503129502059892,-9.570061229169369e-05,per_model_kept_independent_plus_common_union
Qwen_Qwen3-14B,14B,14.0,5120,hidden_dim,exp_c,no_think,gsm8k_test_000364,no_think,canonical,,True,answer_segment,no_think_answer,6,exp_c_segment_sample,44,44,0.0005944696255028248,0.0027694522657177663,0.000605192908551544,0.010822813957929611,4.991188869729678e-06,0.0026989762974513128,0.0,-0.001089837887874719,-0.0004058241240934217,-0.008888870477676392,per_model_kept_independent_plus_common_union
Qwen_Qwen3-14B,14B,14.0,5120,hidden_dim,exp_c,no_think,gsm8k_test_000364,no_think,canonical,,True,answer_segment,no_think_answer,13,exp_c_segment_sample,44,44,0.0008877175743691624,0.0021291595145488495,0.0006908958312124014,0.005360923707485199,1.2347393716937244e-06,0.002105834012645362,0.06818181818181818,-0.0012723136254035937,-0.0008826502281325784,-0.003540345001965761,per_model_kept_independent_plus_common_union
Qwen_Qwen3-14B,14B,14.0,5120,hidden_dim,exp_c,no_think,gsm8k_test_000364,no_think,canonical,,True,answer_segment,no_think_answer,20,exp_c_segment_sample,44,44,0.0011801210464909672,0.002548137150535529,0.0009338668314740062,0.0061876205727458,1.4229995867722585e-06,0.0025218580308002093,0.045454545454545456,-0.001426411589438265,-0.0012897292723540554,-0.00013947254046797752,per_model_kept_independent_plus_common_union
Qwen_Qwen3-14B,14B,14.0,5120,hidden_dim,exp_c,no_think,gsm8k_test_000389,no_think,canonical,,True,answer_segment,no_think_answer,6,exp_c_segment_sample,51,51,0.0005944696255028248,0.003123982186319635,0.0010287599870935082,0.017283154651522636,9.817758412721626e-06,0.003084838569629938,0.0,-0.000585130314717734,-0.0002590533202657336,-0.004020210355520248,per_model_kept_independent_plus_common_union
Qwen_Qwen3-14B,14B,14.0,5120,hidden_dim,exp_c,no_think,gsm8k_test_000389,no_think,canonical,,True,answer_segment,no_think_answer,13,exp_c_segment_sample,51,51,0.0008877175743691624,0.0022967172154298456,0.000883713539224118,0.005981956608593464,8.563983831328467e-07,0.0022888105327729135,0.0196078431372549,-0.00023381985624940208,-0.000160668049759876,-0.003052759449928999,per_model_kept_independent_plus_common_union
Qwen_Qwen3-14B,14B,14.0,5120,hidden_dim,exp_c,no_think,gsm8k_test_000389,no_think,canonical,,True,answer_segment,no_think_answer,20,exp_c_segment_sample,51,51,0.0011801210464909672,0.002734144501315028,0.0011623231694102287,0.00702389981597662,1.6481826276381363e-06,0.002729432750493288,0.0196078431372549,0.00011394406053579204,-1.171914538225299e-05,-0.0013791632372885942,per_model_kept_independent_plus_common_union
Qwen_Qwen3-14B,14B,14.0,5120,hidden_dim,exp_c,no_think,gsm8k_test_000432,no_think,canonical,,True,answer_segment,no_think_answer,6,exp_c_segment_sample,46,46,0.0005944696255028248,0.0034825124059115415,0.0006529055535793304,0.018842153251171112,1.305711439695933e-05,0.0033629333548661736,0.0,-0.002284357229688796,-0.001827752731818085,-0.005054723937064409,per_model_kept_independent_plus_common_union
Qwen_Qwen3-14B,14B,14.0,5120,hidden_dim,exp_c,no_think,gsm8k_test_000432,no_think,canonical,,True,answer_segment,no_think_answer,13,exp_c_segment_sample,46,46,0.0008877175743691624,0.0023879797701501166,0.0009617617470212281,0.005761697888374329,1.5156493769262637e-06,0.0023645441733404168,0.0,-0.0017444720496828476,-0.001381340844091028,-0.0024502193555235863,per_model_kept_independent_plus_common_union
Qwen_Qwen3-14B,14B,14.0,5120,hidden_dim,exp_c,no_think,gsm8k_test_000432,no_think,canonical,,True,answer_segment,no_think_answer,20,exp_c_segment_sample,46,46,0.0011801210464909672,0.0023405244295566304,0.0011172272497788072,0.005259859375655651,9.89981624447716e-07,0.0023220764680041204,0.021739130434782608,-0.001372220766063777,-0.0011827946194292358,-0.0007110161241143942,per_model_kept_independent_plus_common_union
Qwen_Qwen3-14B,14B,14.0,5120,hidden_dim,exp_c,no_think,gsm8k_test_000433,no_think,canonical,,True,answer_segment,no_think_answer,6,exp_c_segment_sample,45,45,0.0005944696255028248,0.0030991876924720903,0.0007525022374466062,0.01164909079670906,6.882009052334978e-06,0.0030294909123437137,0.0,-0.002801669507111974,-0.002623740864995246,-0.015102531760931015,per_model_kept_independent_plus_common_union
Qwen_Qwen3-14B,14B,14.0,5120,hidden_dim,exp_c,no_think,gsm8k_test_000433,no_think,canonical,,True,answer_segment,no_think_answer,13,exp_c_segment_sample,45,45,0.0008877175743691624,0.0024598007155064907,0.0008173965034075081,0.010793996974825859,3.05650533839497e-06,0.0024445149425777013,0.022222222222222223,-0.0023910567063190357,-0.00215425497541825,-0.0036934795789420605,per_model_kept_independent_plus_common_union
Qwen_Qwen3-14B,14B,14.0,5120,hidden_dim,exp_c,no_think,gsm8k_test_000433,no_think,canonical,,True,answer_segment,no_think_answer,20,exp_c_segment_sample,45,45,0.0011801210464909672,0.00270859769726586,0.0009423949522897601,0.008153457194566727,2.5400192127261915e-06,0.0026904087823244154,0.1111111111111111,-0.0016440177204735233,-0.0016255578229902312,-0.0009036592673510313,per_model_kept_independent_plus_common_union
Qwen_Qwen3-14B,14B,14.0,5120,hidden_dim,exp_c,no_think,gsm8k_test_000449,no_think,canonical,,False,answer_segment,no_think_answer,6,exp_c_segment_sample,54,54,0.0005944696255028248,0.00302486022593695,0.0009574474534019828,0.010757236741483212,4.6180461526985966e-06,0.0029764598694559676,0.0,-0.0010644202272294834,-0.0004743973300459659,0.004551700782030821,per_model_kept_independent_plus_common_union
Qwen_Qwen3-14B,14B,14.0,5120,hidden_dim,exp_c,no_think,gsm8k_test_000449,no_think,canonical,,False,answer_segment,no_think_answer,13,exp_c_segment_sample,54,54,0.0008877175743691624,0.0025174616937335857,0.0007615098147653043,0.009480188600718975,2.121050381567413e-06,0.002488055533316549,0.05555555555555555,-0.0016207462984532352,-0.0011334109710462923,0.0017140787094831467,per_model_kept_independent_plus_common_union
Qwen_Qwen3-14B,14B,14.0,5120,hidden_dim,exp_c,no_think,gsm8k_test_000449,no_think,canonical,,False,answer_segment,no_think_answer,20,exp_c_segment_sample,54,54,0.0011801210464909672,0.0024327452971462022,0.0007803168264217675,0.006297210697084665,1.2996867714803107e-06,0.0024005421283567014,0.1111111111111111,-0.0010836544211464706,-0.0010399599892220327,0.0004359111189842224,per_model_kept_independent_plus_common_union
Qwen_Qwen3-14B,14B,14.0,5120,hidden_dim,exp_c,no_think,gsm8k_test_000460,no_think,canonical,,True,answer_segment,no_think_answer,6,exp_c_segment_sample,41,41,0.0005944696255028248,0.003870853908621229,0.0005657995934598148,0.01611480489373207,1.3471662124474847e-05,0.0037162139356951233,0.04878048780487805,-0.0033952238752899266,-0.002830360174729404,0.001625417498871684,per_model_kept_independent_plus_common_union
Qwen_Qwen3-14B,14B,14.0,5120,hidden_dim,exp_c,no_think,gsm8k_test_000460,no_think,canonical,,True,answer_segment,no_think_answer,13,exp_c_segment_sample,41,41,0.0008877175743691624,0.002049033124022549,0.000719295465387404,0.005076573230326176,8.60070972912309e-07,0.002014150837203488,0.0975609756097561,-0.0007504740768868302,-0.0006166881754655731,0.0005643442273139954,per_model_kept_independent_plus_common_union
Qwen_Qwen3-14B,14B,14.0,5120,hidden_dim,exp_c,no_think,gsm8k_test_000460,no_think,canonical,,True,answer_segment,no_think_answer,20,exp_c_segment_sample,41,41,0.0011801210464909672,0.0026293204239819473,0.0007265559397637844,0.00825437530875206,1.7587492412619005e-06,0.002615076428628527,0.12195121951219512,-0.0014567275082153792,-0.0013345595428042793,0.0006176887545734644,per_model_kept_independent_plus_common_union
Qwen_Qwen3-14B,14B,14.0,5120,hidden_dim,exp_c,no_think,gsm8k_test_000472,no_think,canonical,,True,answer_segment,no_think_answer,6,exp_c_segment_sample,44,44,0.0005944696255028248,0.0039037323070012712,0.0006379058468155563,0.016322804614901543,1.0061154447451755e-05,0.0038744623632018644,0.0,-0.0034288065910170044,-0.0028329966960220854,-0.0029606942553073168,per_model_kept_independent_plus_common_union
Qwen_Qwen3-14B,14B,14.0,5120,hidden_dim,exp_c,no_think,gsm8k_test_000472,no_think,canonical,,True,answer_segment,no_think_answer,13,exp_c_segment_sample,44,44,0.0008877175743691624,0.002414701331872493,0.0009287715656682849,0.00550237949937582,1.2604325958172938e-06,0.002401604111371345,0.0,-0.000883056900012448,-0.000654868241822855,-0.0013234104262664914,per_model_kept_independent_plus_common_union
Qwen_Qwen3-14B,14B,14.0,5120,hidden_dim,exp_c,no_think,gsm8k_test_000472,no_think,canonical,,True,answer_segment,no_think_answer,20,exp_c_segment_sample,44,44,0.0011801210464909672,0.0025583988886368884,0.0010666416492313147,0.005443091969937086,1.1971681950407407e-06,0.002565628265539661,0.045454545454545456,-0.0012101499677748592,-0.0010433538435873657,-0.00018171174451708794,per_model_kept_independent_plus_common_union
Qwen_Qwen3-14B,14B,14.0,5120,hidden_dim,exp_c,no_think,gsm8k_test_000534,no_think,canonical,,False,answer_segment,no_think_answer,6,exp_c_segment_sample,40,40,0.0005944696255028248,0.0028709331716527233,0.0006081269821152091,0.009973974898457527,7.707233531526247e-06,0.0028200861236725295,0.0,-0.0023624474187693917,-0.000836792739573866,-0.002435778733342886,per_model_kept_independent_plus_common_union
Qwen_Qwen3-14B,14B,14.0,5120,hidden_dim,exp_c,no_think,gsm8k_test_000534,no_think,canonical,,False,answer_segment,no_think_answer,13,exp_c_segment_sample,40,40,0.0008877175743691624,0.002223575823882129,0.0007540757651440799,0.005733092315495014,1.379771377692469e-06,0.002192179754507752,0.05,-0.0015915954628215395,-0.0011143159936182203,0.0008364180102944374,per_model_kept_independent_plus_common_union
Qwen_Qwen3-14B,14B,14.0,5120,hidden_dim,exp_c,no_think,gsm8k_test_000534,no_think,canonical,,False,answer_segment,no_think_answer,20,exp_c_segment_sample,40,40,0.0011801210464909672,0.0025631746873841623,0.0008963404106907547,0.005716805811971426,1.8781827182434306e-06,0.0025383115922196367,0.075,-0.0009683282341007405,-0.000674214621540159,0.0011407861020416021,per_model_kept_independent_plus_common_union
Qwen_Qwen3-14B,14B,14.0,5120,hidden_dim,exp_c,no_think,gsm8k_test_000543,no_think,canonical,,True,answer_segment,no_think_answer,6,exp_c_segment_sample,50,50,0.0005944696255028248,0.0033899735333397987,0.0010699083795771003,0.011675501242280006,6.934530787830681e-06,0.003345342737869645,0.0,-0.0029905811171321286,-0.0027808865818839804,-0.015061797574162483,per_model_kept_independent_plus_common_union
Qwen_Qwen3-14B,14B,14.0,5120,hidden_dim,exp_c,no_think,gsm8k_test_000543,no_think,canonical,,True,answer_segment,no_think_answer,13,exp_c_segment_sample,50,50,0.0008877175743691624,0.002439146328251809,0.0009170273551717401,0.008117347955703735,1.766250231029842e-06,0.002425046269401756,0.0,-0.0013372511030448721,-0.0012036031291175345,-0.004793178290128708,per_model_kept_independent_plus_common_union
Qwen_Qwen3-14B,14B,14.0,5120,hidden_dim,exp_c,no_think,gsm8k_test_000543,no_think,canonical,,True,answer_segment,no_think_answer,20,exp_c_segment_sample,50,50,0.0011801210464909672,0.002433008991647512,0.001011547283269465,0.005053397733718157,7.498615806852965e-07,0.002419514305965633,0.04,-0.0008194268388016249,-0.000800273372218586,-0.0003857684787362814,per_model_kept_independent_plus_common_union
Qwen_Qwen3-14B,14B,14.0,5120,hidden_dim,exp_c,no_think,gsm8k_test_000564,no_think,canonical,,False,answer_segment,no_think_answer,6,exp_c_segment_sample,55,55,0.0005944696255028248,0.003533663433468477,0.0007866554660722613,0.016065062955021858,9.699796062232155e-06,0.003492691927089321,0.0,-0.003930795795961528,-0.0030096843838691707,-0.0022277729585766792,per_model_kept_independent_plus_common_union
Qwen_Qwen3-14B,14B,14.0,5120,hidden_dim,exp_c,no_think,gsm8k_test_000564,no_think,canonical,,False,answer_segment,no_think_answer,13,exp_c_segment_sample,55,55,0.0008877175743691624,0.002351074085824869,0.0008538517286069691,0.005384969059377909,1.2054406583256886e-06,0.0023232365988574374,0.03636363636363636,-0.001499076664233092,-0.0011808517073015016,-0.0017701999749988317,per_model_kept_independent_plus_common_union
Qwen_Qwen3-14B,14B,14.0,5120,hidden_dim,exp_c,no_think,gsm8k_test_000564,no_think,canonical,,False,answer_segment,no_think_answer,20,exp_c_segment_sample,55,55,0.0011801210464909672,0.002719001232815737,0.0010537850903347135,0.005328877363353968,1.5652124400518065e-06,0.002710553246153587,0.03636363636363636,-0.0011671926792977071,-0.0012551252480729348,0.0004796967841684818,per_model_kept_independent_plus_common_union
Qwen_Qwen3-14B,14B,14.0,5120,hidden_dim,exp_c,no_think,gsm8k_test_000585,no_think,canonical,,False,answer_segment,no_think_answer,6,exp_c_segment_sample,54,54,0.0005944696255028248,0.003664918921896498,0.0008019164088182151,0.01619429513812065,1.5097434042147797e-05,0.003624484625003599,0.0,-0.005282595908537396,-0.003482408617855981,-0.000399633776396513,per_model_kept_independent_plus_common_union
Qwen_Qwen3-14B,14B,14.0,5120,hidden_dim,exp_c,no_think,gsm8k_test_000585,no_think,canonical,,False,answer_segment,no_think_answer,13,exp_c_segment_sample,54,54,0.0008877175743691624,0.002291917043125809,0.000915076001547277,0.005694222636520863,1.0441963293251315e-06,0.0022770261627024497,0.0,-0.0018276714803321726,-0.0014970546430309434,-0.0013847912196069956,per_model_kept_independent_plus_common_union
Qwen_Qwen3-14B,14B,14.0,5120,hidden_dim,exp_c,no_think,gsm8k_test_000585,no_think,canonical,,False,answer_segment,no_think_answer,20,exp_c_segment_sample,54,54,0.0011801210464909672,0.0026792380268926973,0.001015037065371871,0.00658359844237566,1.3850344430162884e-06,0.002658248437515829,0.037037037037037035,-0.0013447591197686376,-0.001384585530364088,-0.000252394936978817,per_model_kept_independent_plus_common_union
Qwen_Qwen3-14B,14B,14.0,5120,hidden_dim,exp_c,no_think,gsm8k_test_000605,no_think,canonical,,False,answer_segment,no_think_answer,6,exp_c_segment_sample,55,55,0.0005944696255028248,0.0032916672083295206,0.0005479617975652218,0.011694974265992641,8.446042722300473e-06,0.003234352638375841,0.03636363636363636,-0.004072042375458275,-0.0031915905752352303,0.0017803816590458155,per_model_kept_independent_plus_common_union
Qwen_Qwen3-14B,14B,14.0,5120,hidden_dim,exp_c,no_think,gsm8k_test_000605,no_think,canonical,,False,answer_segment,no_think_answer,13,exp_c_segment_sample,55,55,0.0008877175743691624,0.0024224937861700626,0.0004922825028188527,0.006658508442342281,1.6642394559631355e-06,0.002392833531808315,0.12727272727272726,-0.001526607313668111,-0.0012523629370012452,0.0015061241574585438,per_model_kept_independent_plus_common_union
Qwen_Qwen3-14B,14B,14.0,5120,hidden_dim,exp_c,no_think,gsm8k_test_000605,no_think,canonical,,False,answer_segment,no_think_answer,20,exp_c_segment_sample,55,55,0.0011801210464909672,0.0024194026905619962,0.0006563407951034606,0.005397277884185314,1.229772168236914e-06,0.002383595976021347,0.12727272727272726,-0.0011337847736144016,-0.0010222323222218881,0.0005073868669569492,per_model_kept_independent_plus_common_union
Qwen_Qwen3-14B,14B,14.0,5120,hidden_dim,exp_c,no_think,gsm8k_test_000625,no_think,canonical,,True,answer_segment,no_think_answer,6,exp_c_segment_sample,51,51,0.0005944696255028248,0.0029691709970197113,0.0009027302148751915,0.011395751498639584,4.935477546732543e-06,0.0029188178980257364,0.0,-0.001315280139273477,-0.0006873990149380495,-0.005277927033603191,per_model_kept_independent_plus_common_union
Qwen_Qwen3-14B,14B,14.0,5120,hidden_dim,exp_c,no_think,gsm8k_test_000625,no_think,canonical,,True,answer_segment,no_think_answer,13,exp_c_segment_sample,51,51,0.0008877175743691624,0.0022087371383117988,0.0008585703326389194,0.00428654532879591,8.213103546278223e-07,0.002186035611666739,0.0196078431372549,-0.0009203963224013326,-0.000989718398509117,-0.002252432517707348,per_model_kept_independent_plus_common_union
Qwen_Qwen3-14B,14B,14.0,5120,hidden_dim,exp_c,no_think,gsm8k_test_000625,no_think,canonical,,True,answer_segment,no_think_answer,20,exp_c_segment_sample,51,51,0.0011801210464909672,0.0023283848981829544,0.0009800181724131107,0.004874419886618853,7.787908102608214e-07,0.0023123968206346032,0.0784313725490196,-0.0008734531565758967,-0.0008785622104859124,-0.0012959183659404516,per_model_kept_independent_plus_common_union
Qwen_Qwen3-14B,14B,14.0,5120,hidden_dim,exp_c,no_think,gsm8k_test_000640,no_think,canonical,,False,answer_segment,no_think_answer,6,exp_c_segment_sample,70,70,0.0005944696255028248,0.0026709199259390254,0.000650133122690022,0.010972267016768456,6.601809150297836e-06,0.0026316478843395803,0.0,-0.00291753328989505,-0.0028044989804685526,-0.004804214462637901,per_model_kept_independent_plus_common_union
Qwen_Qwen3-14B,14B,14.0,5120,hidden_dim,exp_c,no_think,gsm8k_test_000640,no_think,canonical,,False,answer_segment,no_think_answer,13,exp_c_segment_sample,70,70,0.0008877175743691624,0.0021608713340745974,0.0008582111331634223,0.007042251527309418,1.3090903263541317e-06,0.002147531372231796,0.014285714285714285,-0.0009738340014657371,-0.0008713397029269901,-0.0031836971174925566,per_model_kept_independent_plus_common_union
Qwen_Qwen3-14B,14B,14.0,5120,hidden_dim,exp_c,no_think,gsm8k_test_000640,no_think,canonical,,False,answer_segment,no_think_answer,20,exp_c_segment_sample,70,70,0.0011801210464909672,0.0020802739833015948,0.0007461736095137894,0.005223879590630531,8.77487672062975e-07,0.0020726502955675237,0.14285714285714285,-0.0008288472295660041,-0.0008111135329171601,-0.002682923572137952,per_model_kept_independent_plus_common_union
Qwen_Qwen3-14B,14B,14.0,5120,hidden_dim,exp_c,no_think,gsm8k_test_000697,no_think,canonical,,True,answer_segment,no_think_answer,6,exp_c_segment_sample,50,50,0.0005944696255028248,0.002743680579587817,0.0006647519185207784,0.014026617631316185,8.972727338407986e-06,0.002656692287371475,0.0,0.0012688321554485504,0.0012151203476465666,-0.0019391763489693403,per_model_kept_independent_plus_common_union
Qwen_Qwen3-14B,14B,14.0,5120,hidden_dim,exp_c,no_think,gsm8k_test_000697,no_think,canonical,,True,answer_segment,no_think_answer,13,exp_c_segment_sample,50,50,0.0008877175743691624,0.0020136746717616914,0.0008248589001595974,0.004719467833638191,1.0708661785650365e-06,0.00198049609530337,0.06,-0.00045743510455769504,-0.0002518595608237842,-0.00015640584751963615,per_model_kept_independent_plus_common_union
Qwen_Qwen3-14B,14B,14.0,5120,hidden_dim,exp_c,no_think,gsm8k_test_000697,no_think,canonical,,True,answer_segment,no_think_answer,20,exp_c_segment_sample,50,50,0.0011801210464909672,0.0022121416521258654,0.0011926565784960985,0.005856473930180073,9.463771987253184e-07,0.002169382394937684,0.0,-0.0005066430176991751,-0.00038116419007285266,0.00011537759564816952,per_model_kept_independent_plus_common_union
Qwen_Qwen3-14B,14B,14.0,5120,hidden_dim,exp_c,no_think,gsm8k_test_000713,no_think,canonical,,True,answer_segment,no_think_answer,6,exp_c_segment_sample,50,50,0.0005944696255028248,0.002953039985150099,0.0007901693461462855,0.009509559720754623,4.233601089886714e-06,0.002876483687978922,0.0,-0.00011331168606000679,0.00022865463800441797,-0.0008818511851131916,per_model_kept_independent_plus_common_union
Qwen_Qwen3-14B,14B,14.0,5120,hidden_dim,exp_c,no_think,gsm8k_test_000713,no_think,canonical,,True,answer_segment,no_think_answer,13,exp_c_segment_sample,50,50,0.0008877175743691624,0.002436237488873303,0.0008928078459575772,0.007248005364090204,1.8146952384254698e-06,0.0024334476424419152,0.0,-0.0005233308114111404,-0.000277058857206542,-0.00023329141549766064,per_model_kept_independent_plus_common_union
Qwen_Qwen3-14B,14B,14.0,5120,hidden_dim,exp_c,no_think,gsm8k_test_000713,no_think,canonical,,True,answer_segment,no_think_answer,20,exp_c_segment_sample,50,50,0.0011801210464909672,0.0024469973612576724,0.0010167264845222235,0.00550039391964674,1.2087112810885178e-06,0.0024264622265853138,0.06,-0.0005511759555734262,-0.00023972606644607477,0.0002774489112198353,per_model_kept_independent_plus_common_union
Qwen_Qwen3-14B,14B,14.0,5120,hidden_dim,exp_c,no_think,gsm8k_test_000760,no_think,canonical,,False,answer_segment,no_think_answer,6,exp_c_segment_sample,65,65,0.0005944696255028248,0.0028878117508541507,0.000789069919846952,0.009308385662734509,6.683521866374438e-06,0.002831736109328631,0.0,-0.003222252526874104,-0.0026401067871655174,-0.005840587895363569,per_model_kept_independent_plus_common_union
Qwen_Qwen3-14B,14B,14.0,5120,hidden_dim,exp_c,no_think,gsm8k_test_000760,no_think,canonical,,False,answer_segment,no_think_answer,13,exp_c_segment_sample,65,65,0.0008877175743691624,0.002398162720223459,0.0007463000365532935,0.007331558503210545,1.7527281513993827e-06,0.0023622053286089795,0.015384615384615385,-0.001888327195042082,-0.0017873508520150447,-0.0016166307032108307,per_model_kept_independent_plus_common_union
Qwen_Qwen3-14B,14B,14.0,5120,hidden_dim,exp_c,no_think,gsm8k_test_000760,no_think,canonical,,False,answer_segment,no_think_answer,20,exp_c_segment_sample,65,65,0.0011801210464909672,0.0022763464456567396,0.0008572838269174099,0.006480554584413767,8.948374619944644e-07,0.0022419611868826905,0.06153846153846154,-0.0005407478692908818,-0.000676157377550707,-0.0005892077460885048,per_model_kept_independent_plus_common_union
Qwen_Qwen3-14B,14B,14.0,5120,hidden_dim,exp_c,no_think,gsm8k_test_000776,no_think,canonical,,True,answer_segment,no_think_answer,6,exp_c_segment_sample,52,52,0.0005944696255028248,0.002723460400235266,0.0007907428662292659,0.008283608593046665,3.627965537835573e-06,0.0026797289268442374,0.0,-0.001158725408590851,-0.0013297919201879548,0.0007853810675442219,per_model_kept_independent_plus_common_union
Qwen_Qwen3-14B,14B,14.0,5120,hidden_dim,exp_c,no_think,gsm8k_test_000776,no_think,canonical,,True,answer_segment,no_think_answer,13,exp_c_segment_sample,52,52,0.0008877175743691624,0.0023567213905223003,0.0010286930482834578,0.005506761837750673,1.251079613518458e-06,0.0023443055608510675,0.0,-0.00021308518113860345,-0.0003855254841395295,-0.0005953675135970116,per_model_kept_independent_plus_common_union
Qwen_Qwen3-14B,14B,14.0,5120,hidden_dim,exp_c,no_think,gsm8k_test_000776,no_think,canonical,,True,answer_segment,no_think_answer,20,exp_c_segment_sample,52,52,0.0011801210464909672,0.002465775285740025,0.0010318325366824865,0.00753477867692709,1.3887903008585277e-06,0.002453009435888745,0.057692307692307696,-0.00040591350169946966,-0.000585571638881587,-0.0004807033110409975,per_model_kept_independent_plus_common_union
Qwen_Qwen3-14B,14B,14.0,5120,hidden_dim,exp_c,no_think,gsm8k_test_000814,no_think,canonical,,False,answer_segment,no_think_answer,6,exp_c_segment_sample,66,66,0.0005944696255028248,0.0031325769981997314,0.0004345561901573092,0.015229958109557629,1.3231381755242255e-05,0.0030546481582300307,0.09090909090909091,-0.004405366613147681,-0.004222386588534231,0.0029317582957446575,per_model_kept_independent_plus_common_union
Qwen_Qwen3-14B,14B,14.0,5120,hidden_dim,exp_c,no_think,gsm8k_test_000814,no_think,canonical,,False,answer_segment,no_think_answer,13,exp_c_segment_sample,66,66,0.0008877175743691624,0.002078615504697981,0.0005596760893240571,0.006511520594358444,1.2941086756596257e-06,0.002061325445986138,0.12121212121212122,-0.001242246574676739,-0.0009960988810395494,-0.0018188273534178734,per_model_kept_independent_plus_common_union
Qwen_Qwen3-14B,14B,14.0,5120,hidden_dim,exp_c,no_think,gsm8k_test_000814,no_think,canonical,,False,answer_segment,no_think_answer,20,exp_c_segment_sample,66,66,0.0011801210464909672,0.0023550242582463066,0.0008316541207022965,0.006271888967603445,1.169377833883878e-06,0.002352799929212779,0.06060606060606061,-0.0013110190951404407,-0.0009010095039711278,-0.0004872945137321949,per_model_kept_independent_plus_common_union
Qwen_Qwen3-14B,14B,14.0,5120,hidden_dim,exp_c,no_think,gsm8k_test_000875,no_think,canonical,,False,answer_segment,no_think_answer,6,exp_c_segment_sample,57,57,0.0005944696255028248,0.0030638088866365713,0.0008442531106993556,0.012112582102417946,5.810314901583678e-06,0.0030299439936892925,0.0,-0.0021924279947526885,-0.0015094067164075874,-0.0001389537937939167,per_model_kept_independent_plus_common_union
Qwen_Qwen3-14B,14B,14.0,5120,hidden_dim,exp_c,no_think,gsm8k_test_000875,no_think,canonical,,False,answer_segment,no_think_answer,13,exp_c_segment_sample,57,57,0.0008877175743691624,0.002439031204854122,0.0009032123489305377,0.007168998010456562,1.7244936793704444e-06,0.002416541104529253,0.0,-0.001349905749804893,-0.000993990855446706,-0.0004922924563288689,per_model_kept_independent_plus_common_union
Qwen_Qwen3-14B,14B,14.0,5120,hidden_dim,exp_c,no_think,gsm8k_test_000875,no_think,canonical,,False,answer_segment,no_think_answer,20,exp_c_segment_sample,57,57,0.0011801210464909672,0.0024060403525812974,0.0007652076310478151,0.004894516430795193,8.486522030194406e-07,0.002376784924958234,0.07017543859649122,-0.00038594342096321814,-0.00035270192893221974,0.000585947185754776,per_model_kept_independent_plus_common_union
Qwen_Qwen3-14B,14B,14.0,5120,hidden_dim,exp_c,no_think,gsm8k_test_000901,no_think,canonical,,False,answer_segment,no_think_answer,6,exp_c_segment_sample,55,55,0.0005944696255028248,0.004656626450278881,0.000526697316672653,0.013939043506979942,1.2356915105321106e-05,0.004573530630700083,0.07272727272727272,-0.005060272942623717,-0.00355691448203288,-0.002111438661813736,per_model_kept_independent_plus_common_union
Qwen_Qwen3-14B,14B,14.0,5120,hidden_dim,exp_c,no_think,gsm8k_test_000901,no_think,canonical,,False,answer_segment,no_think_answer,13,exp_c_segment_sample,55,55,0.0008877175743691624,0.002763700443954969,0.000552413403056562,0.007121106144040823,2.4583531676767896e-06,0.0027513936522020103,0.10909090909090909,-0.0022281510477232436,-0.0016131459269672632,-0.0019222365226596594,per_model_kept_independent_plus_common_union
Qwen_Qwen3-14B,14B,14.0,5120,hidden_dim,exp_c,no_think,gsm8k_test_000901,no_think,canonical,,False,answer_segment,no_think_answer,20,exp_c_segment_sample,55,55,0.0011801210464909672,0.002794954424131323,0.0008711119298823178,0.0068228826858103275,1.7044329848965811e-06,0.0027940410719667044,0.14545454545454545,-0.0024544049715078935,-0.002054833021247759,-0.0009508177172392607,per_model_kept_independent_plus_common_union
Qwen_Qwen3-14B,14B,14.0,5120,hidden_dim,exp_c,no_think,gsm8k_test_000915,no_think,canonical,,True,answer_segment,no_think_answer,6,exp_c_segment_sample,61,61,0.0005944696255028248,0.002851063371292453,0.000743258569855243,0.021021975204348564,1.1372868311536834e-05,0.0027960630764331047,0.0,-0.00039410168262684204,-2.8957361791981384e-05,0.0025778799317777157,per_model_kept_independent_plus_common_union
Qwen_Qwen3-14B,14B,14.0,5120,hidden_dim,exp_c,no_think,gsm8k_test_000915,no_think,canonical,,True,answer_segment,no_think_answer,13,exp_c_segment_sample,61,61,0.0008877175743691624,0.0021919701620554703,0.0009192746365442872,0.0073018805123865604,1.2922926600425665e-06,0.0021700272811964773,0.0,-0.0003361038329662861,-0.0002951052119897213,0.0007105646654963493,per_model_kept_independent_plus_common_union
Qwen_Qwen3-14B,14B,14.0,5120,hidden_dim,exp_c,no_think,gsm8k_test_000915,no_think,canonical,,True,answer_segment,no_think_answer,20,exp_c_segment_sample,61,61,0.0011801210464909672,0.002419978118745885,0.0009957656729966402,0.006532055325806141,1.0388569874214068e-06,0.0024100370608114955,0.04918032786885246,-0.0006831024047223682,-0.0004407612286740914,-0.00017543090507388115,per_model_kept_independent_plus_common_union
Qwen_Qwen3-14B,14B,14.0,5120,hidden_dim,exp_c,no_think,gsm8k_test_000923,no_think,canonical,,True,answer_segment,no_think_answer,6,exp_c_segment_sample,48,48,0.0005944696255028248,0.004171239961578976,0.0005741638015024364,0.023216653615236282,1.8120889147904365e-05,0.004065160151630481,0.041666666666666664,-0.00276376094641782,-0.0023807040173172327,-0.009784933179616928,per_model_kept_independent_plus_common_union
Qwen_Qwen3-14B,14B,14.0,5120,hidden_dim,exp_c,no_think,gsm8k_test_000923,no_think,canonical,,True,answer_segment,no_think_answer,13,exp_c_segment_sample,48,48,0.0008877175743691624,0.0025408459393171747,0.0006050291704013944,0.006577302701771259,1.6597825763993162e-06,0.002515058831975577,0.10416666666666667,-0.0017749307338892025,-0.001610850973520428,-0.004021765664219856,per_model_kept_independent_plus_common_union
Qwen_Qwen3-14B,14B,14.0,5120,hidden_dim,exp_c,no_think,gsm8k_test_000923,no_think,canonical,,True,answer_segment,no_think_answer,20,exp_c_segment_sample,48,48,0.0011801210464909672,0.002660243540352288,0.0007710416102781892,0.007101499941200018,1.7930002602896373e-06,0.002649802250163432,0.10416666666666667,-0.0015507215280287764,-0.0013976104673929513,-0.005316158290952444,per_model_kept_independent_plus_common_union
Qwen_Qwen3-14B,14B,14.0,5120,hidden_dim,exp_c,no_think,gsm8k_test_000924,no_think,canonical,,True,answer_segment,no_think_answer,6,exp_c_segment_sample,52,52,0.0005944696255028248,0.003583865957737614,0.0006811451748944819,0.016158271580934525,1.0763542695420515e-05,0.00353753818861008,0.0,-0.0035823412932383214,-0.0030416711994733373,-0.003303715493530035,per_model_kept_independent_plus_common_union
Qwen_Qwen3-14B,14B,14.0,5120,hidden_dim,exp_c,no_think,gsm8k_test_000924,no_think,canonical,,True,answer_segment,no_think_answer,13,exp_c_segment_sample,52,52,0.0008877175743691624,0.002395914950354311,0.000955477706156671,0.008598508313298225,1.7228811291572924e-06,0.0023642767919227485,0.0,-0.0010439213580743852,-0.000911113626968402,0.00045463815331459045,per_model_kept_independent_plus_common_union
Qwen_Qwen3-14B,14B,14.0,5120,hidden_dim,exp_c,no_think,gsm8k_test_000924,no_think,canonical,,True,answer_segment,no_think_answer,20,exp_c_segment_sample,52,52,0.0011801210464909672,0.0026997239731896957,0.0012571371626108885,0.007198875304311514,1.3120875092195592e-06,0.0026940575289521726,0.0,-0.0002762062462582022,-0.00013759158229312068,0.0001751445233821869,per_model_kept_independent_plus_common_union
Qwen_Qwen3-14B,14B,14.0,5120,hidden_dim,exp_c,no_think,gsm8k_test_000965,no_think,canonical,,False,answer_segment,no_think_answer,6,exp_c_segment_sample,56,56,0.0005944696255028248,0.0021986445312255193,0.0006108388770371675,0.008715025149285793,2.1231063141532976e-06,0.002149742342193018,0.0,0.00029698662771458263,0.000638366718443909,0.0012869893107563257,per_model_kept_independent_plus_common_union
Qwen_Qwen3-14B,14B,14.0,5120,hidden_dim,exp_c,no_think,gsm8k_test_000965,no_think,canonical,,False,answer_segment,no_think_answer,13,exp_c_segment_sample,56,56,0.0008877175743691624,0.002024606184152487,0.0010635931976139545,0.004029394127428532,5.434784996525532e-07,0.0020006118934940208,0.0,-0.0004414855710430326,-0.00020737499497564763,2.8826063498854637e-05,per_model_kept_independent_plus_common_union
Qwen_Qwen3-14B,14B,14.0,5120,hidden_dim,exp_c,no_think,gsm8k_test_000965,no_think,canonical,,False,answer_segment,no_think_answer,20,exp_c_segment_sample,56,56,0.0011801210464909672,0.0022570018565082656,0.0009416989050805569,0.004395630676299334,5.361675268443936e-07,0.0022488557627763257,0.05357142857142857,-0.0007943372978282662,-0.0004769191727973521,0.0005694534629583359,per_model_kept_independent_plus_common_union
Qwen_Qwen3-14B,14B,14.0,5120,hidden_dim,exp_c,no_think,gsm8k_test_001031,no_think,canonical,,True,answer_segment,no_think_answer,6,exp_c_segment_sample,52,52,0.0005944696255028248,0.002859751501371368,0.0008223530021496117,0.009730072692036629,4.317330754638373e-06,0.0027998771025415726,0.0,-0.001706990861118985,-0.001021488095060564,-0.0029974961653351784,per_model_kept_independent_plus_common_union
Qwen_Qwen3-14B,14B,14.0,5120,hidden_dim,exp_c,no_think,gsm8k_test_001031,no_think,canonical,,True,answer_segment,no_think_answer,13,exp_c_segment_sample,52,52,0.0008877175743691624,0.0022122210178237697,0.0010312363738194108,0.008155351504683495,1.5435226399717806e-06,0.0022031870309957395,0.0,-0.0018047810965035153,-0.0014683595554043467,-0.0013497041072696447,per_model_kept_independent_plus_common_union
Qwen_Qwen3-14B,14B,14.0,5120,hidden_dim,exp_c,no_think,gsm8k_test_001031,no_think,canonical,,True,answer_segment,no_think_answer,20,exp_c_segment_sample,52,52,0.0011801210464909672,0.0024383457583518555,0.0009970443788915873,0.005832253023982048,1.0471099013564333e-06,0.0024350156845506644,0.038461538461538464,-0.0005900418971826068,-0.0003991831416407456,2.215476706624031e-05,per_model_kept_independent_plus_common_union
Qwen_Qwen3-14B,14B,14.0,5120,hidden_dim,exp_c,no_think,gsm8k_test_001038,no_think,canonical,,True,answer_segment,no_think_answer,6,exp_c_segment_sample,68,68,0.0005944696255028248,0.0032509638472487602,0.0004717581032309681,0.010724285617470741,8.067826376770055e-06,0.0031904116509232057,0.08823529411764706,-0.004167523718757028,-0.003277315563001834,-0.0011367984116077423,per_model_kept_independent_plus_common_union
Qwen_Qwen3-14B,14B,14.0,5120,hidden_dim,exp_c,no_think,gsm8k_test_001038,no_think,canonical,,True,answer_segment,no_think_answer,13,exp_c_segment_sample,68,68,0.0008877175743691624,0.002332600369460552,0.00093876663595438,0.006847722921520472,1.753128689231834e-06,0.0023108830227196882,0.0,-0.002113248858287639,-0.0014224701821256211,-0.0032277903519570827,per_model_kept_independent_plus_common_union
Qwen_Qwen3-14B,14B,14.0,5120,hidden_dim,exp_c,no_think,gsm8k_test_001038,no_think,canonical,,True,answer_segment,no_think_answer,20,exp_c_segment_sample,68,68,0.0011801210464909672,0.002578867383657352,0.0008119966951198876,0.006278677843511105,1.4038072457580682e-06,0.0025670286945637263,0.08823529411764706,-0.001450071813683969,-0.0008535082417759389,-0.0006630516145378351,per_model_kept_independent_plus_common_union
Qwen_Qwen3-14B,14B,14.0,5120,hidden_dim,exp_c,no_think,gsm8k_test_001043,no_think,canonical,,True,answer_segment,no_think_answer,6,exp_c_segment_sample,51,51,0.0005944696255028248,0.002593546029518121,0.0007519069476984441,0.01750047132372856,7.669790881504376e-06,0.0024266182922292497,0.0,0.0016088334056527695,0.0017205801559612155,-0.00603239331394434,per_model_kept_independent_plus_common_union
Qwen_Qwen3-14B,14B,14.0,5120,hidden_dim,exp_c,no_think,gsm8k_test_001043,no_think,canonical,,True,answer_segment,no_think_answer,13,exp_c_segment_sample,51,51,0.0008877175743691624,0.0020539180978256114,0.0010202459525316954,0.005227669607847929,7.222737549091086e-07,0.0020173164922744034,0.0,-0.00025856675637034646,3.201082850304944e-05,-0.00340706086717546,per_model_kept_independent_plus_common_union
Qwen_Qwen3-14B,14B,14.0,5120,hidden_dim,exp_c,no_think,gsm8k_test_001043,no_think,canonical,,True,answer_segment,no_think_answer,20,exp_c_segment_sample,51,51,0.0011801210464909672,0.002031344785720256,0.0010087793925777078,0.004741407930850983,5.636287428347435e-07,0.0020136724971234797,0.11764705882352941,-0.00039378610783050014,-0.00019290377027713344,-0.0015468359924852848,per_model_kept_independent_plus_common_union
Qwen_Qwen3-14B,14B,14.0,5120,hidden_dim,exp_c,no_think,gsm8k_test_001058,no_think,canonical,,True,answer_segment,no_think_answer,6,exp_c_segment_sample,58,58,0.0005944696255028248,0.0036147936710943305,0.0008593070087954402,0.030719485133886337,1.96171965763927e-05,0.003567481784174513,0.0,-0.004231620744170927,-0.0033310440757001445,0.0005738101899623871,per_model_kept_independent_plus_common_union
Qwen_Qwen3-14B,14B,14.0,5120,hidden_dim,exp_c,no_think,gsm8k_test_001058,no_think,canonical,,True,answer_segment,no_think_answer,13,exp_c_segment_sample,58,58,0.0008877175743691624,0.0026537626309336387,0.0008887273143045604,0.007936423644423485,2.2922238574159125e-06,0.002634249548958778,0.0,-0.0016699051322872146,-0.001488464523572475,-0.0014776717871427536,per_model_kept_independent_plus_common_union
Qwen_Qwen3-14B,14B,14.0,5120,hidden_dim,exp_c,no_think,gsm8k_test_001058,no_think,canonical,,True,answer_segment,no_think_answer,20,exp_c_segment_sample,58,58,0.0011801210464909672,0.0024772852775640786,0.0011053828056901693,0.006816904991865158,1.3102730316076128e-06,0.002449935340943436,0.034482758620689655,-0.0012783891800219492,-0.0011915023361022273,-0.0004969094879925251,per_model_kept_independent_plus_common_union
Qwen_Qwen3-14B,14B,14.0,5120,hidden_dim,exp_c,no_think,gsm8k_test_001059,no_think,canonical,,True,answer_segment,no_think_answer,6,exp_c_segment_sample,60,60,0.0005944696255028248,0.003894065985029253,0.0008630952797830105,0.015498371794819832,1.109246546136003e-05,0.0038462292957435343,0.0,-0.0032570446907260174,-0.002447728847619146,-0.011655343696475029,per_model_kept_independent_plus_common_union
Qwen_Qwen3-14B,14B,14.0,5120,hidden_dim,exp_c,no_think,gsm8k_test_001059,no_think,canonical,,True,answer_segment,no_think_answer,13,exp_c_segment_sample,60,60,0.0008877175743691624,0.0026318532919200758,0.0010524344397708774,0.0051478431560099125,1.406808591493806e-06,0.0026192552907297667,0.0,-0.0007232594994644872,-0.0004153296739483874,-0.002069626236334443,per_model_kept_independent_plus_common_union
Qwen_Qwen3-14B,14B,14.0,5120,hidden_dim,exp_c,no_think,gsm8k_test_001059,no_think,canonical,,True,answer_segment,no_think_answer,20,exp_c_segment_sample,60,60,0.0011801210464909672,0.0024090081453323363,0.0009811909403651953,0.0061097582802176476,8.914216067806763e-07,0.002395238190636797,0.05,-0.00044368753537963137,-5.207327970614033e-05,-0.0001480479259043932,per_model_kept_independent_plus_common_union
Qwen_Qwen3-14B,14B,14.0,5120,hidden_dim,exp_c,no_think,gsm8k_test_001094,no_think,canonical,,False,answer_segment,no_think_answer,6,exp_c_segment_sample,57,57,0.0005944696255028248,0.0030894138944220907,0.0008424520492553711,0.018740257248282433,9.229977927430489e-06,0.0030253030521894936,0.0,-0.001765550052520641,-0.0010728814716761308,-0.0026930258609354496,per_model_kept_independent_plus_common_union
Qwen_Qwen3-14B,14B,14.0,5120,hidden_dim,exp_c,no_think,gsm8k_test_001094,no_think,canonical,,False,answer_segment,no_think_answer,13,exp_c_segment_sample,57,57,0.0008877175743691624,0.0021632584690100005,0.0007130206795409322,0.006533151026815176,1.0277537938827222e-06,0.0021467310226788478,0.05263157894736842,-0.0008521951101602036,-0.0005422573381414016,-0.0015899091958999634,per_model_kept_independent_plus_common_union
Qwen_Qwen3-14B,14B,14.0,5120,hidden_dim,exp_c,no_think,gsm8k_test_001094,no_think,canonical,,False,answer_segment,no_think_answer,20,exp_c_segment_sample,57,57,0.0011801210464909672,0.002342832358472311,0.0008319399203173816,0.0050955358892679214,7.949156705161986e-07,0.0023254588429283884,0.08771929824561403,0.00022980404663628003,0.00015277130684504927,-0.000677760224789381,per_model_kept_independent_plus_common_union
Qwen_Qwen3-14B,14B,14.0,5120,hidden_dim,exp_c,no_think,gsm8k_test_001096,no_think,canonical,,False,answer_segment,no_think_answer,6,exp_c_segment_sample,62,62,0.0005944696255028248,0.003402287653091574,0.0005995581741444767,0.011825105175375938,7.996753606085112e-06,0.0033708419746215474,0.0,-0.0028537290094609196,-0.0019313145567139145,-0.010142402723431587,per_model_kept_independent_plus_common_union
Qwen_Qwen3-14B,14B,14.0,5120,hidden_dim,exp_c,no_think,gsm8k_test_001096,no_think,canonical,,False,answer_segment,no_think_answer,13,exp_c_segment_sample,62,62,0.0008877175743691624,0.002425263031205583,0.000664360704831779,0.007457303814589977,1.8044146533233139e-06,0.002408832775383089,0.04838709677419355,-0.001602241670721414,-0.001298290524573531,-0.0014983364380896091,per_model_kept_independent_plus_common_union
Qwen_Qwen3-14B,14B,14.0,5120,hidden_dim,exp_c,no_think,gsm8k_test_001096,no_think,canonical,,False,answer_segment,no_think_answer,20,exp_c_segment_sample,62,62,0.0011801210464909672,0.002303956049276636,0.0006580815534107387,0.006383656524121761,1.1201490950401796e-06,0.0022988406565330427,0.11290322580645161,-0.0010837288166556571,-0.000864057623402914,-0.000423079589381814,per_model_kept_independent_plus_common_union
Qwen_Qwen3-14B,14B,14.0,5120,hidden_dim,exp_c,no_think,gsm8k_test_001144,no_think,canonical,,True,answer_segment,no_think_answer,6,exp_c_segment_sample,50,50,0.0005944696255028248,0.0031278760207351297,0.0005409131408669055,0.020122041925787926,1.0494710808593003e-05,0.0030398506763847357,0.02,-0.0010602288867127797,2.1058121302093384e-05,-0.006962032988667488,per_model_kept_independent_plus_common_union
Qwen_Qwen3-14B,14B,14.0,5120,hidden_dim,exp_c,no_think,gsm8k_test_001144,no_think,canonical,,True,answer_segment,no_think_answer,13,exp_c_segment_sample,50,50,0.0008877175743691624,0.002484934327658266,0.0006960046011954546,0.010302713140845299,2.5187688212853343e-06,0.0024588704798180535,0.12,-0.001962760950931729,-0.0015336988278879568,-0.0004158681258559227,per_model_kept_independent_plus_common_union
Qwen_Qwen3-14B,14B,14.0,5120,hidden_dim,exp_c,no_think,gsm8k_test_001144,no_think,canonical,,True,answer_segment,no_think_answer,20,exp_c_segment_sample,50,50,0.0011801210464909672,0.0026308276923373342,0.0008135282550938427,0.007992904633283615,1.6665041821746114e-06,0.002617381762580148,0.1,-0.0009483262543183033,-0.0006115218499102271,0.00019842525944113731,per_model_kept_independent_plus_common_union
Qwen_Qwen3-14B,14B,14.0,5120,hidden_dim,exp_c,no_think,gsm8k_test_001182,no_think,canonical,,True,answer_segment,no_think_answer,6,exp_c_segment_sample,72,72,0.0005944696255028248,0.0028709552861982957,0.0006985939689911902,0.010574614629149437,5.055007926152425e-06,0.00281021618251492,0.0,-0.0013366429772829701,-0.0011744022550475267,-0.0009401445277035236,per_model_kept_independent_plus_common_union
Qwen_Qwen3-14B,14B,14.0,5120,hidden_dim,exp_c,no_think,gsm8k_test_001182,no_think,canonical,,True,answer_segment,no_think_answer,13,exp_c_segment_sample,72,72,0.0008877175743691624,0.002369305258778493,0.0007318304851651192,0.006715542171150446,1.5820637026388165e-06,0.0023478778582525397,0.05555555555555555,-0.0014681982776319125,-0.0013436553805756075,-0.003460960229858756,per_model_kept_independent_plus_common_union
Qwen_Qwen3-14B,14B,14.0,5120,hidden_dim,exp_c,no_think,gsm8k_test_001182,no_think,canonical,,True,answer_segment,no_think_answer,20,exp_c_segment_sample,72,72,0.0011801210464909672,0.0024913454051582245,0.0007726463954895735,0.009200751781463623,1.9973115265968906e-06,0.0024467002933280884,0.08333333333333333,-0.0007731728874371237,-0.00083210945659731,6.686663255095482e-05,per_model_kept_independent_plus_common_union
Qwen_Qwen3-14B,14B,14.0,5120,hidden_dim,exp_c,no_think,gsm8k_test_001201,no_think,canonical,,False,answer_segment,no_think_answer,6,exp_c_segment_sample,59,59,0.0005944696255028248,0.002345982050104856,0.0006833221996203065,0.010298388078808784,3.1045838086686216e-06,0.0022802826665454254,0.0,0.00013910640066615567,0.0004225265234708785,-0.002382858656346798,per_model_kept_independent_plus_common_union
Qwen_Qwen3-14B,14B,14.0,5120,hidden_dim,exp_c,no_think,gsm8k_test_001201,no_think,canonical,,False,answer_segment,no_think_answer,13,exp_c_segment_sample,59,59,0.0008877175743691624,0.0021123826302493274,0.000980390002951026,0.004024678375571966,6.042087101429281e-07,0.0020934766447492713,0.0,-0.00041148070822138517,-0.00036658953564862426,-0.0005652164109051228,per_model_kept_independent_plus_common_union
Qwen_Qwen3-14B,14B,14.0,5120,hidden_dim,exp_c,no_think,gsm8k_test_001201,no_think,canonical,,False,answer_segment,no_think_answer,20,exp_c_segment_sample,59,59,0.0011801210464909672,0.0022571791985498395,0.001120805274695158,0.005558136850595474,5.744470852079164e-07,0.0022434333263061427,0.01694915254237288,-0.0004679094415978875,-0.0004078412506108484,0.0002632010728120804,per_model_kept_independent_plus_common_union
Qwen_Qwen3-14B,14B,14.0,5120,hidden_dim,exp_c,no_think,gsm8k_test_001209,no_think,canonical,,True,answer_segment,no_think_answer,6,exp_c_segment_sample,63,63,0.0005944696255028248,0.0032364659109300684,0.00046192077570594847,0.014345921576023102,8.985357685644944e-06,0.0031383346264896492,0.07936507936507936,-0.004131348218531152,-0.0031906843123579165,0.0014035576023161411,per_model_kept_independent_plus_common_union
Qwen_Qwen3-14B,14B,14.0,5120,hidden_dim,exp_c,no_think,gsm8k_test_001209,no_think,canonical,,True,answer_segment,no_think_answer,13,exp_c_segment_sample,63,63,0.0008877175743691624,0.002635378756427339,0.0005100416019558907,0.006620029918849468,3.0591581991687022e-06,0.002621372842470244,0.1111111111111111,-0.00316157763015889,-0.0026044885380542837,-0.00012705777771770954,per_model_kept_independent_plus_common_union
Qwen_Qwen3-14B,14B,14.0,5120,hidden_dim,exp_c,no_think,gsm8k_test_001209,no_think,canonical,,True,answer_segment,no_think_answer,20,exp_c_segment_sample,63,63,0.0011801210464909672,0.0024146117521302093,0.0006397335091605783,0.006001474801450968,1.2602668038882112e-06,0.0023902495327826224,0.14285714285714285,-0.0017674107442698656,-0.0014418366845347919,4.3268315494060516e-05,per_model_kept_independent_plus_common_union
Qwen_Qwen3-14B,14B,14.0,5120,hidden_dim,exp_c,no_think,gsm8k_test_001247,no_think,canonical,,False,answer_segment,no_think_answer,6,exp_c_segment_sample,50,50,0.0005944696255028248,0.0038679239246994256,0.0006773702916689217,0.016159452497959137,1.2910543029255768e-05,0.003803586834395419,0.0,-0.002800152633229597,-0.0025899026838417808,-0.0005418788641691208,per_model_kept_independent_plus_common_union
Qwen_Qwen3-14B,14B,14.0,5120,hidden_dim,exp_c,no_think,gsm8k_test_001247,no_think,canonical,,False,answer_segment,no_think_answer,13,exp_c_segment_sample,50,50,0.0008877175743691624,0.0025808947696350517,0.0006621325155720115,0.010355280712246895,2.605211466799123e-06,0.0025666934528331066,0.04,-0.0010401821418610565,-0.0010752553890387598,-0.00048331310972571373,per_model_kept_independent_plus_common_union
Qwen_Qwen3-14B,14B,14.0,5120,hidden_dim,exp_c,no_think,gsm8k_test_001247,no_think,canonical,,False,answer_segment,no_think_answer,20,exp_c_segment_sample,50,50,0.0011801210464909672,0.002247750353999436,0.0011071523185819387,0.004186390433460474,4.1294396205342297e-07,0.002242374431094801,0.02,-0.0007068296165808139,-0.0006908956252468319,0.00026928819715976715,per_model_kept_independent_plus_common_union
Qwen_Qwen3-14B,14B,14.0,5120,hidden_dim,exp_c,no_think,gsm8k_test_001307,no_think,canonical,,False,answer_segment,no_think_answer,6,exp_c_segment_sample,45,45,0.0005944696255028248,0.003806612820416275,0.0005429231096059084,0.0184208732098341,1.7088980075874044e-05,0.0037319022058826786,0.08888888888888889,0.001308073424666689,0.0007060506807950633,-0.00043624499812722206,per_model_kept_independent_plus_common_union
Qwen_Qwen3-14B,14B,14.0,5120,hidden_dim,exp_c,no_think,gsm8k_test_001307,no_think,canonical,,False,answer_segment,no_think_answer,13,exp_c_segment_sample,45,45,0.0008877175743691624,0.002363382975777818,0.0009643918601796031,0.005334227345883846,1.5220342244803236e-06,0.002329700602620671,0.0,-0.0001759264962342763,-0.00039000813073168184,-8.017546497285366e-05,per_model_kept_independent_plus_common_union
Qwen_Qwen3-14B,14B,14.0,5120,hidden_dim,exp_c,no_think,gsm8k_test_001307,no_think,canonical,,False,answer_segment,no_think_answer,20,exp_c_segment_sample,45,45,0.0011801210464909672,0.002363139121896691,0.0011925704311579466,0.004631539341062307,8.475021580885171e-07,0.00235330505000258,0.0,-0.0001385738654737015,-0.00042730956920422614,0.000837462954223156,per_model_kept_independent_plus_common_union
Qwen_Qwen3-14B,14B,14.0,5120,hidden_dim,exp_c,think,gsm8k_test_000007,think,canonical,,True,answer_segment,think_answer,6,exp_c_segment_sample,60,60,0.0005944696255028248,0.0033043390411573153,0.0005171075463294983,0.011699390597641468,9.343374325786371e-06,0.0032365502694905817,0.03333333333333333,-0.003931474522305805,-0.002972007244049261,-0.015753380954265594,per_model_kept_independent_plus_common_union
Qwen_Qwen3-14B,14B,14.0,5120,hidden_dim,exp_c,think,gsm8k_test_000007,think,canonical,,True,answer_segment,think_answer,13,exp_c_segment_sample,60,60,0.0008877175743691624,0.0023640566476387905,0.0006511221872642636,0.00651437696069479,1.994899056810167e-06,0.00234862884518422,0.1,-0.0020792153832830907,-0.0016123249428346754,-0.00411486579105258,per_model_kept_independent_plus_common_union
Qwen_Qwen3-14B,14B,14.0,5120,hidden_dim,exp_c,think,gsm8k_test_000007,think,canonical,,True,answer_segment,think_answer,20,exp_c_segment_sample,60,60,0.0011801210464909672,0.0024690681505793086,0.0010987387504428625,0.005270793102681637,1.1422900861759875e-06,0.0024389375762824536,0.06666666666666667,-0.001364645157123869,-0.0009911108762025835,-0.0006334874778985977,per_model_kept_independent_plus_common_union
Qwen_Qwen3-14B,14B,14.0,5120,hidden_dim,exp_c,think,gsm8k_test_000007,think,canonical,,True,thinking_segment,thinking,6,exp_c_segment_sample,256,256,0.0005944696255028248,0.003885360592221332,0.00043253591866232455,0.05224599689245224,4.51111672054139e-05,0.0038080888169786135,0.09375,-0.00010065243895280791,-0.0006558659747497586,-0.015753380954265594,per_model_kept_independent_plus_common_union
Qwen_Qwen3-14B,14B,14.0,5120,hidden_dim,exp_c,think,gsm8k_test_000007,think,canonical,,True,thinking_segment,thinking,13,exp_c_segment_sample,256,256,0.0008877175743691624,0.002772638158830887,0.0006127001252025366,0.01715296134352684,6.345021225474196e-06,0.0027687030375272603,0.08984375,-0.0010686851615535893,-0.0008642164893899462,-0.00411486579105258,per_model_kept_independent_plus_common_union
Qwen_Qwen3-14B,14B,14.0,5120,hidden_dim,exp_c,think,gsm8k_test_000007,think,canonical,,True,thinking_segment,thinking,20,exp_c_segment_sample,256,256,0.0011801210464909672,0.002681530841982749,0.0007060680654831231,0.011739591136574745,2.5947254980448325e-06,0.00269455754679557,0.11328125,-0.0013215486084914548,-0.0010107502985192696,-0.0006334874778985977,per_model_kept_independent_plus_common_union
Qwen_Qwen3-14B,14B,14.0,5120,hidden_dim,exp_c,think,gsm8k_test_000031,think,canonical,,True,answer_segment,think_answer,6,exp_c_segment_sample,56,56,0.0005944696255028248,0.0030457999216326114,0.0005684384959749877,0.016069384291768074,1.0524808202462926e-05,0.002867939911613411,0.07142857142857142,-0.0003957919024991855,-0.00045310234833907887,-0.004742487799376249,per_model_kept_independent_plus_common_union
Qwen_Qwen3-14B,14B,14.0,5120,hidden_dim,exp_c,think,gsm8k_test_000031,think,canonical,,True,answer_segment,think_answer,13,exp_c_segment_sample,56,56,0.0008877175743691624,0.0022514931167409357,0.0006413735682144761,0.005663528107106686,1.947330571087943e-06,0.0022242307493632488,0.08928571428571429,-0.0013667526055316443,-0.0013055683146896107,-0.003927736077457666,per_model_kept_independent_plus_common_union
Qwen_Qwen3-14B,14B,14.0,5120,hidden_dim,exp_c,think,gsm8k_test_000031,think,canonical,,True,answer_segment,think_answer,20,exp_c_segment_sample,56,56,0.0011801210464909672,0.0024866311817147236,0.0006031974917277694,0.008498125709593296,2.7077709812512103e-06,0.002430718242910437,0.125,9.731510275523284e-05,-4.10985417797099e-05,-0.00027296552434563637,per_model_kept_independent_plus_common_union
Qwen_Qwen3-14B,14B,14.0,5120,hidden_dim,exp_c,think,gsm8k_test_000031,think,canonical,,True,thinking_segment,thinking,6,exp_c_segment_sample,256,256,0.0005944696255028248,0.0036180750346375135,0.0005324798403307796,0.044319115579128265,3.7240347093181646e-05,0.003534359945041557,0.015625,-0.00280692574269775,-0.0023319854626606684,-0.004742487799376249,per_model_kept_independent_plus_common_union
Qwen_Qwen3-14B,14B,14.0,5120,hidden_dim,exp_c,think,gsm8k_test_000031,think,canonical,,True,thinking_segment,thinking,13,exp_c_segment_sample,256,256,0.0008877175743691624,0.002632524530099545,0.0007289685308933258,0.015707843005657196,4.547644732019686e-06,0.002601977819081805,0.0390625,-0.000989950276928241,-0.0009299989833380096,-0.003927736077457666,per_model_kept_independent_plus_common_union
Qwen_Qwen3-14B,14B,14.0,5120,hidden_dim,exp_c,think,gsm8k_test_000031,think,canonical,,True,thinking_segment,thinking,20,exp_c_segment_sample,256,256,0.0011801210464909672,0.0024990084509681765,0.0009152937564067543,0.009391702711582184,1.750762140955882e-06,0.0024833517629449012,0.08984375,-0.00032290772406376304,-0.0002507160415916587,-0.00027296552434563637,per_model_kept_independent_plus_common_union
Qwen_Qwen3-14B,14B,14.0,5120,hidden_dim,exp_c,think,gsm8k_test_000042,think,canonical,,True,answer_segment,think_answer,6,exp_c_segment_sample,42,42,0.0005944696255028248,0.003865681534599779,0.000646840431727469,0.02062518149614334,1.2261503519371441e-05,0.0038488426759680054,0.0,-0.004742193969231147,-0.0034218667371367865,-0.00041729817166924477,per_model_kept_independent_plus_common_union
Qwen_Qwen3-14B,14B,14.0,5120,hidden_dim,exp_c,think,gsm8k_test_000042,think,canonical,,True,answer_segment,think_answer,13,exp_c_segment_sample,42,42,0.0008877175743691624,0.002387461456237361,0.0005869507440365851,0.0046705263666808605,1.3161458649056636e-06,0.002381280188096642,0.11904761904761904,-0.002360463872021281,-0.0018948808587579565,-0.0009182342328131199,per_model_kept_independent_plus_common_union
Qwen_Qwen3-14B,14B,14.0,5120,hidden_dim,exp_c,think,gsm8k_test_000042,think,canonical,,True,answer_segment,think_answer,20,exp_c_segment_sample,42,42,0.0011801210464909672,0.0026059119180510087,0.0007817892474122345,0.006997278425842524,1.7809896261178081e-06,0.002587797037870964,0.16666666666666666,-0.0022482462722399703,-0.002070150428070602,0.001237631542608142,per_model_kept_independent_plus_common_union
Qwen_Qwen3-14B,14B,14.0,5120,hidden_dim,exp_c,think,gsm8k_test_000042,think,canonical,,True,thinking_segment,thinking,6,exp_c_segment_sample,82,82,0.0005944696255028248,0.004618285110620669,0.0004098963108845055,0.038618333637714386,3.614001565456419e-05,0.0045708375469131835,0.07317073170731707,-0.005133100629225113,-0.005396320461018365,-0.00041729817166924477,per_model_kept_independent_plus_common_union
Qwen_Qwen3-14B,14B,14.0,5120,hidden_dim,exp_c,think,gsm8k_test_000042,think,canonical,,True,thinking_segment,thinking,13,exp_c_segment_sample,82,82,0.0008877175743691624,0.002992281041437442,0.001207727356813848,0.01507817953824997,4.725123742568665e-06,0.002943633766672402,0.0,-0.0011528450466460937,-0.0015253244422464853,-0.0009182342328131199,per_model_kept_independent_plus_common_union
Qwen_Qwen3-14B,14B,14.0,5120,hidden_dim,exp_c,think,gsm8k_test_000042,think,canonical,,True,thinking_segment,thinking,20,exp_c_segment_sample,82,82,0.0011801210464909672,0.0026305615632204204,0.0012317360378801823,0.005856047850102186,1.0543891785142559e-06,0.0026235160903637237,0.0,-0.0005912069330000694,-0.000777663496722068,0.001237631542608142,per_model_kept_independent_plus_common_union
Qwen_Qwen3-14B,14B,14.0,5120,hidden_dim,exp_c,think,gsm8k_test_000054,think,canonical,,True,answer_segment,think_answer,6,exp_c_segment_sample,48,48,0.0005944696255028248,0.0035188088465171554,0.0006775497458875179,0.015050145797431469,8.81211914548344e-06,0.003375264181894191,0.0,-0.0014660408330145233,-0.0009821358253248032,-0.0014945208095014095,per_model_kept_independent_plus_common_union
Qwen_Qwen3-14B,14B,14.0,5120,hidden_dim,exp_c,think,gsm8k_test_000054,think,canonical,,True,answer_segment,think_answer,13,exp_c_segment_sample,48,48,0.0008877175743691624,0.002306114341384576,0.0006456485716626048,0.005245316307991743,1.1293897757144429e-06,0.0022806882526368857,0.0625,-0.0013194394963722204,-0.0011252496818390985,-0.0005244151689112186,per_model_kept_independent_plus_common_union
Qwen_Qwen3-14B,14B,14.0,5120,hidden_dim,exp_c,think,gsm8k_test_000054,think,canonical,,True,answer_segment,think_answer,20,exp_c_segment_sample,48,48,0.0011801210464909672,0.0023620615053611496,0.0008527585305273533,0.005157445557415485,9.949908257090884e-07,0.0023321848402314996,0.0625,-0.0008084940268510818,-0.0006581392954103649,-0.00015169032849371433,per_model_kept_independent_plus_common_union
Qwen_Qwen3-14B,14B,14.0,5120,hidden_dim,exp_c,think,gsm8k_test_000054,think,canonical,,True,thinking_segment,thinking,6,exp_c_segment_sample,256,256,0.0005944696255028248,0.003423755801009065,0.00038701872108504176,0.06667875498533249,3.9135737342126304e-05,0.003384557447239734,0.0703125,-0.002291655404787699,-0.0020374608987297573,-0.0014945208095014095,per_model_kept_independent_plus_common_union
Qwen_Qwen3-14B,14B,14.0,5120,hidden_dim,exp_c,think,gsm8k_test_000054,think,canonical,,True,thinking_segment,thinking,13,exp_c_segment_sample,256,256,0.0008877175743691624,0.002441608551180252,0.0005572143709287047,0.020847486332058907,5.320077756962332e-06,0.0024183088834684313,0.0859375,-0.0014211991266211864,-0.001292125732960323,-0.0005244151689112186,per_model_kept_independent_plus_common_union
Qwen_Qwen3-14B,14B,14.0,5120,hidden_dim,exp_c,think,gsm8k_test_000054,think,canonical,,True,thinking_segment,thinking,20,exp_c_segment_sample,256,256,0.0011801210464909672,0.0024755915208061197,0.0008334278827533126,0.011152638122439384,2.1115820434065436e-06,0.002469129519274735,0.08984375,-0.0007098028610142458,-0.0006708888954912815,-0.00015169032849371433,per_model_kept_independent_plus_common_union
Qwen_Qwen3-14B,14B,14.0,5120,hidden_dim,exp_c,think,gsm8k_test_000070,think,canonical,,True,answer_segment,think_answer,6,exp_c_segment_sample,56,56,0.0005944696255028248,0.0031719691058762173,0.0003927851212210953,0.021090861409902573,1.2402677321792697e-05,0.003074110744372857,0.05357142857142857,-0.00320661009869869,-0.0019471109844744201,-0.003769876901060343,per_model_kept_independent_plus_common_union
Qwen_Qwen3-14B,14B,14.0,5120,hidden_dim,exp_c,think,gsm8k_test_000070,think,canonical,,True,answer_segment,think_answer,13,exp_c_segment_sample,56,56,0.0008877175743691624,0.0025356460173497908,0.00048091411008499563,0.006714873947203159,2.333475039708435e-06,0.002494356562171809,0.125,-0.001807981390743235,-0.0013943623884447981,-0.0011709558311849833,per_model_kept_independent_plus_common_union
Qwen_Qwen3-14B,14B,14.0,5120,hidden_dim,exp_c,think,gsm8k_test_000070,think,canonical,,True,answer_segment,think_answer,20,exp_c_segment_sample,56,56,0.0011801210464909672,0.0025100903429639792,0.0006788794999010861,0.007743422873318195,1.6374963538327067e-06,0.0024891918874345715,0.125,-0.0011658309215961595,-0.0009334629950379686,-8.624768815934658e-05,per_model_kept_independent_plus_common_union
Qwen_Qwen3-14B,14B,14.0,5120,hidden_dim,exp_c,think,gsm8k_test_000070,think,canonical,,True,thinking_segment,thinking,6,exp_c_segment_sample,256,256,0.0005944696255028248,0.0030579241276882385,0.0004634365322999656,0.08274887502193451,4.9932559279529964e-05,0.00297958514837045,0.08203125,-0.004093545127744451,-0.0028180116878502304,-0.003769876901060343,per_model_kept_independent_plus_common_union
Qwen_Qwen3-14B,14B,14.0,5120,hidden_dim,exp_c,think,gsm8k_test_000070,think,canonical,,True,thinking_segment,thinking,13,exp_c_segment_sample,256,256,0.0008877175743691624,0.0024672239869687473,0.0005695406580343843,0.015078757889568806,5.569390644743599e-06,0.0024511250008572997,0.13671875,-0.001484601473076108,-0.0009087924081541132,-0.0011709558311849833,per_model_kept_independent_plus_common_union
Qwen_Qwen3-14B,14B,14.0,5120,hidden_dim,exp_c,think,gsm8k_test_000070,think,canonical,,True,thinking_segment,thinking,20,exp_c_segment_sample,256,256,0.0011801210464909672,0.002479429567074476,0.0006207775440998375,0.011428485624492168,2.4700135897360087e-06,0.002479892618823517,0.13671875,-0.0008019767148512083,-0.0004757497699756641,-8.624768815934658e-05,per_model_kept_independent_plus_common_union
Qwen_Qwen3-14B,14B,14.0,5120,hidden_dim,exp_c,think,gsm8k_test_000088,think,canonical,,True,answer_segment,think_answer,6,exp_c_segment_sample,56,56,0.0005944696255028248,0.002808463949934646,0.0006497501744888723,0.015058288350701332,9.622217317793242e-06,0.0026923812809400262,0.0,-2.1022008018587174e-05,-7.078065703223883e-05,-0.0007538339123129845,per_model_kept_independent_plus_common_union
Qwen_Qwen3-14B,14B,14.0,5120,hidden_dim,exp_c,think,gsm8k_test_000088,think,canonical,,True,answer_segment,think_answer,13,exp_c_segment_sample,56,56,0.0008877175743691624,0.00224915655832904,0.0006174223963171244,0.006189572624862194,1.4718387947472056e-06,0.0022180249946276574,0.10714285714285714,-0.0008021349986075046,-0.0006447781301436146,-0.0016294193919748068,per_model_kept_independent_plus_common_union
Qwen_Qwen3-14B,14B,14.0,5120,hidden_dim,exp_c,think,gsm8k_test_000088,think,canonical,,True,answer_segment,think_answer,20,exp_c_segment_sample,56,56,0.0011801210464909672,0.0023027250697071266,0.0007565770647488534,0.006552509032189846,1.122619039798642e-06,0.002283840757710013,0.17857142857142858,-0.0010953395379290575,-0.0010057078283612752,0.0007095362525433302,per_model_kept_independent_plus_common_union
Qwen_Qwen3-14B,14B,14.0,5120,hidden_dim,exp_c,think,gsm8k_test_000088,think,canonical,,True,thinking_segment,thinking,6,exp_c_segment_sample,124,124,0.0005944696255028248,0.003625812683059203,0.00039340375224128366,0.024652060121297836,2.2728131968072334e-05,0.003555030738026267,0.22580645161290322,-0.004777907612598356,-0.0038142970231767265,-0.0007538339123129845,per_model_kept_independent_plus_common_union
Qwen_Qwen3-14B,14B,14.0,5120,hidden_dim,exp_c,think,gsm8k_test_000088,think,canonical,,True,thinking_segment,thinking,13,exp_c_segment_sample,124,124,0.0008877175743691624,0.0028914148992513337,0.0006054438417777419,0.021902523934841156,7.520884021101867e-06,0.002820612521031947,0.06451612903225806,-0.0018158948893298341,-0.0014635477507967624,-0.0016294193919748068,per_model_kept_independent_plus_common_union
Qwen_Qwen3-14B,14B,14.0,5120,hidden_dim,exp_c,think,gsm8k_test_000088,think,canonical,,True,thinking_segment,thinking,20,exp_c_segment_sample,124,124,0.0011801210464909672,0.0027230958254339413,0.0009313423070125282,0.008613422513008118,2.4074880267116693e-06,0.002699099840289663,0.08064516129032258,-0.0008301833240059989,-0.0006866111709255603,0.0007095362525433302,per_model_kept_independent_plus_common_union
Qwen_Qwen3-14B,14B,14.0,5120,hidden_dim,exp_c,think,gsm8k_test_000099,think,canonical,,True,answer_segment,think_answer,6,exp_c_segment_sample,43,43,0.0005944696255028248,0.003687962659548015,0.0006617355975322425,0.01072296965867281,8.469597641037622e-06,0.0036075773227605087,0.0,-0.002870155074810867,-0.0021389718855392525,0.0007971129380166531,per_model_kept_independent_plus_common_union
Qwen_Qwen3-14B,14B,14.0,5120,hidden_dim,exp_c,think,gsm8k_test_000099,think,canonical,,True,answer_segment,think_answer,13,exp_c_segment_sample,43,43,0.0008877175743691624,0.0024129150348693824,0.0006595101440325379,0.005292876623570919,1.3576943878309806e-06,0.002387720190676018,0.046511627906976744,-0.0014525639044857311,-0.0010767225599424405,-0.0002811388112604618,per_model_kept_independent_plus_common_union
Qwen_Qwen3-14B,14B,14.0,5120,hidden_dim,exp_c,think,gsm8k_test_000099,think,canonical,,True,answer_segment,think_answer,20,exp_c_segment_sample,43,43,0.0011801210464909672,0.002425994159556319,0.0008749111439101398,0.004885902162641287,7.42026852834445e-07,0.002409322213636534,0.046511627906976744,-0.0005038706446706426,-0.00012599586361003185,6.896490231156349e-05,per_model_kept_independent_plus_common_union
Qwen_Qwen3-14B,14B,14.0,5120,hidden_dim,exp_c,think,gsm8k_test_000099,think,canonical,,True,thinking_segment,thinking,6,exp_c_segment_sample,163,163,0.0005944696255028248,0.003059995141411714,0.00034119386691600084,0.02898060716688633,1.8821907908707804e-05,0.0029997707633474075,0.1165644171779141,-0.0017971641264313948,-0.0012678730531550213,0.0007971129380166531,per_model_kept_independent_plus_common_union
Qwen_Qwen3-14B,14B,14.0,5120,hidden_dim,exp_c,think,gsm8k_test_000099,think,canonical,,True,thinking_segment,thinking,13,exp_c_segment_sample,163,163,0.0008877175743691624,0.002286713456797865,0.0006046461639925838,0.007835600525140762,1.9135619521742366e-06,0.00226185031387564,0.05521472392638037,-0.0002917333853447203,-0.0002063609284871236,-0.0002811388112604618,per_model_kept_independent_plus_common_union
Qwen_Qwen3-14B,14B,14.0,5120,hidden_dim,exp_c,think,gsm8k_test_000099,think,canonical,,True,thinking_segment,thinking,20,exp_c_segment_sample,163,163,0.0011801210464909672,0.002485147106712627,0.0008625091868452728,0.009043330326676369,1.4695097762679067e-06,0.0024720452758943507,0.049079754601226995,-0.00033471351141729165,-0.00020697095471139014,6.896490231156349e-05,per_model_kept_independent_plus_common_union
Qwen_Qwen3-14B,14B,14.0,5120,hidden_dim,exp_c,think,gsm8k_test_000118,think,canonical,,True,answer_segment,think_answer,6,exp_c_segment_sample,51,51,0.0005944696255028248,0.002826550182219887,0.0009397313115186989,0.007621845696121454,2.809629340406654e-06,0.002781786938430742,0.0,-0.0007610776081335674,-0.00028919356499010557,-0.00029111234471201897,per_model_kept_independent_plus_common_union
Qwen_Qwen3-14B,14B,14.0,5120,hidden_dim,exp_c,think,gsm8k_test_000118,think,canonical,,True,answer_segment,think_answer,13,exp_c_segment_sample,51,51,0.0008877175743691624,0.0024750091057891646,0.0009408894693478942,0.0066111586056649685,1.3929363500088945e-06,0.0024726897221989926,0.0,-0.0005066060267253948,-0.0002799447213944332,-0.000739960465580225,per_model_kept_independent_plus_common_union
Qwen_Qwen3-14B,14B,14.0,5120,hidden_dim,exp_c,think,gsm8k_test_000118,think,canonical,,True,answer_segment,think_answer,20,exp_c_segment_sample,51,51,0.0011801210464909672,0.0026621258310864076,0.0011198441497981548,0.004627997521311045,8.021546620226867e-07,0.002640493582002819,0.0196078431372549,-0.00019825178586216225,-0.00014945465283325082,0.0002987466286867857,per_model_kept_independent_plus_common_union
Qwen_Qwen3-14B,14B,14.0,5120,hidden_dim,exp_c,think,gsm8k_test_000118,think,canonical,,True,thinking_segment,thinking,6,exp_c_segment_sample,167,167,0.0005944696255028248,0.003486118451057805,0.00036592024844139814,0.026701441034674644,2.0393843753706276e-05,0.0034353536855589286,0.16766467065868262,-0.0017768589758473086,-0.0007190796979037782,-0.00029111234471201897,per_model_kept_independent_plus_common_union
Qwen_Qwen3-14B,14B,14.0,5120,hidden_dim,exp_c,think,gsm8k_test_000118,think,canonical,,True,thinking_segment,thinking,13,exp_c_segment_sample,167,167,0.0008877175743691624,0.0024028292349623347,0.0006299875094555318,0.00898564700037241,2.2886793695474944e-06,0.002377644134965916,0.0718562874251497,-0.00030701466674407985,1.0650384605729278e-05,-0.000739960465580225,per_model_kept_independent_plus_common_union
Qwen_Qwen3-14B,14B,14.0,5120,hidden_dim,exp_c,think,gsm8k_test_000118,think,canonical,,True,thinking_segment,thinking,20,exp_c_segment_sample,167,167,0.0011801210464909672,0.002519265296841096,0.0009056854760274291,0.006561207585036755,1.167154713740118e-06,0.0025105601490800636,0.05389221556886228,-0.00021278733215107334,-9.857354563705227e-05,0.0002987466286867857,per_model_kept_independent_plus_common_union
Qwen_Qwen3-14B,14B,14.0,5120,hidden_dim,exp_c,think,gsm8k_test_000182,think,canonical,,True,answer_segment,think_answer,6,exp_c_segment_sample,57,57,0.0005944696255028248,0.003695559903382928,0.0003854632959701121,0.022157488390803337,1.674517079053546e-05,0.0036371474177160834,0.07017543859649122,-0.0033015947513867134,-0.0021627383034986754,-0.003319021314382553,per_model_kept_independent_plus_common_union
Qwen_Qwen3-14B,14B,14.0,5120,hidden_dim,exp_c,think,gsm8k_test_000182,think,canonical,,True,answer_segment,think_answer,13,exp_c_segment_sample,57,57,0.0008877175743691624,0.002261630269155527,0.0004311532247811556,0.0067135849967598915,1.6668692702350629e-06,0.0022532964394486044,0.08771929824561403,-0.001247142220149241,-0.0008178683424678941,-0.0036685196682810783,per_model_kept_independent_plus_common_union
Qwen_Qwen3-14B,14B,14.0,5120,hidden_dim,exp_c,think,gsm8k_test_000182,think,canonical,,True,answer_segment,think_answer,20,exp_c_segment_sample,57,57,0.0011801210464909672,0.002372442512862842,0.0005980035639367998,0.004948426969349384,1.1176440511437984e-06,0.002355803266774663,0.12280701754385964,-0.0005028920244770358,-0.00018916659367581223,-0.001654955791309476,per_model_kept_independent_plus_common_union
Qwen_Qwen3-14B,14B,14.0,5120,hidden_dim,exp_c,think,gsm8k_test_000182,think,canonical,,True,thinking_segment,thinking,6,exp_c_segment_sample,256,256,0.0005944696255028248,0.0043614502615128,0.0002602323074825108,0.06834392994642258,8.085353753192282e-05,0.004302702266050756,0.2890625,-0.0032378397838997573,-0.003972535786362222,-0.003319021314382553,per_model_kept_independent_plus_common_union
Qwen_Qwen3-14B,14B,14.0,5120,hidden_dim,exp_c,think,gsm8k_test_000182,think,canonical,,True,thinking_segment,thinking,13,exp_c_segment_sample,256,256,0.0008877175743691624,0.00295667377213249,0.0004565267008729279,0.02023477479815483,1.4282802823123779e-05,0.002949776927423608,0.2890625,-0.0017199072045735446,-0.0018515238771215081,-0.0036685196682810783,per_model_kept_independent_plus_common_union
Qwen_Qwen3-14B,14B,14.0,5120,hidden_dim,exp_c,think,gsm8k_test_000182,think,canonical,,True,thinking_segment,thinking,20,exp_c_segment_sample,256,256,0.0011801210464909672,0.002811955012703038,0.0006958360900171101,0.017095915973186493,5.877872474581743e-06,0.002803438167214312,0.2109375,-0.001127739329877632,-0.0011197453821436142,-0.001654955791309476,per_model_kept_independent_plus_common_union
Qwen_Qwen3-14B,14B,14.0,5120,hidden_dim,exp_c,think,gsm8k_test_000227,think,canonical,,True,answer_segment,think_answer,6,exp_c_segment_sample,76,76,0.0005944696255028248,0.0035916912897128463,0.00035766366636380553,0.02482960931956768,1.949929222614472e-05,0.0034831540616384396,0.3026315789473684,-0.004356548178608633,-0.0046867673426229306,0.002510347170755267,per_model_kept_independent_plus_common_union
Qwen_Qwen3-14B,14B,14.0,5120,hidden_dim,exp_c,think,gsm8k_test_000227,think,canonical,,True,answer_segment,think_answer,13,exp_c_segment_sample,76,76,0.0008877175743691624,0.0025147894078767614,0.0005754658486694098,0.0067037129774689674,3.053000609921763e-06,0.0024698399938642974,0.2236842105263158,-0.0016365480228560851,-0.0016906447769877942,-1.6279518604278564e-06,per_model_kept_independent_plus_common_union
Qwen_Qwen3-14B,14B,14.0,5120,hidden_dim,exp_c,think,gsm8k_test_000227,think,canonical,,True,answer_segment,think_answer,20,exp_c_segment_sample,76,76,0.0011801210464909672,0.0024060328180080673,0.0007512483862228692,0.006467641331255436,1.8888068294968775e-06,0.002387828304587552,0.17105263157894737,-0.0007348227856662622,-0.0009375987206830792,0.00032219942659139633,per_model_kept_independent_plus_common_union
Qwen_Qwen3-14B,14B,14.0,5120,hidden_dim,exp_c,think,gsm8k_test_000227,think,canonical,,True,thinking_segment,thinking,6,exp_c_segment_sample,256,256,0.0005944696255028248,0.002864503645696459,0.0003423506859689951,0.061590492725372314,3.49632541504897e-05,0.002778897252143688,0.1484375,-0.004506206669112545,-0.003010357529498064,0.002510347170755267,per_model_kept_independent_plus_common_union
Qwen_Qwen3-14B,14B,14.0,5120,hidden_dim,exp_c,think,gsm8k_test_000227,think,canonical,,True,thinking_segment,thinking,13,exp_c_segment_sample,256,256,0.0008877175743691624,0.0024662351090682932,0.0004989969311282039,0.01828416995704174,6.593936856245118e-06,0.0024446207692012073,0.16015625,-0.00241516382355077,-0.001709934407307838,-1.6279518604278564e-06,per_model_kept_independent_plus_common_union
Qwen_Qwen3-14B,14B,14.0,5120,hidden_dim,exp_c,think,gsm8k_test_000227,think,canonical,,True,thinking_segment,thinking,20,exp_c_segment_sample,256,256,0.0011801210464909672,0.00237273895436374,0.0007147230207920074,0.009585598483681679,2.0973028860574414e-06,0.0023481307186852007,0.18359375,-0.0019021890819921942,-0.001295814553920466,0.00032219942659139633,per_model_kept_independent_plus_common_union
Qwen_Qwen3-14B,14B,14.0,5120,hidden_dim,exp_c,think,gsm8k_test_000247,think,canonical,,True,answer_segment,think_answer,6,exp_c_segment_sample,43,43,0.0005944696255028248,0.0034127740729546045,0.00031700197723694146,0.021960554644465446,1.5316166271310685e-05,0.003345296077202961,0.09302325581395349,-0.005088657146023417,-0.004321179781320759,-0.0036595091223716736,per_model_kept_independent_plus_common_union
Qwen_Qwen3-14B,14B,14.0,5120,hidden_dim,exp_c,think,gsm8k_test_000247,think,canonical,,True,answer_segment,think_answer,13,exp_c_segment_sample,43,43,0.0008877175743691624,0.0020501617339526326,0.00038223262527026236,0.005497240927070379,1.3106428515856552e-06,0.0020352658563448736,0.11627906976744186,-0.0011130457397709832,-0.0006532055505720732,-0.0036484559532254934,per_model_kept_independent_plus_common_union
Qwen_Qwen3-14B,14B,14.0,5120,hidden_dim,exp_c,think,gsm8k_test_000247,think,canonical,,True,answer_segment,think_answer,20,exp_c_segment_sample,43,43,0.0011801210464909672,0.0022359851119649965,0.00048481201520189643,0.005060003139078617,1.367748303678615e-06,0.002209391170513949,0.18604651162790697,-0.0007288720924899513,-0.000716993622270159,-0.0011523542925715446,per_model_kept_independent_plus_common_union
Qwen_Qwen3-14B,14B,14.0,5120,hidden_dim,exp_c,think,gsm8k_test_000247,think,canonical,,True,thinking_segment,thinking,6,exp_c_segment_sample,221,221,0.0005944696255028248,0.0046798991375472145,0.00038602796848863363,0.038138795644044876,4.2831267348374596e-05,0.00463150193099864,0.08144796380090498,-0.004547831816646038,-0.0030128038373991983,-0.0036595091223716736,per_model_kept_independent_plus_common_union
Qwen_Qwen3-14B,14B,14.0,5120,hidden_dim,exp_c,think,gsm8k_test_000247,think,canonical,,True,thinking_segment,thinking,13,exp_c_segment_sample,221,221,0.0008877175743691624,0.002695849674176509,0.000635062693618238,0.01047805231064558,4.041135524494814e-06,0.002677100468215279,0.049773755656108594,-0.0011712600117642904,-0.0009301172332405777,-0.0036484559532254934,per_model_kept_independent_plus_common_union
Qwen_Qwen3-14B,14B,14.0,5120,hidden_dim,exp_c,think,gsm8k_test_000247,think,canonical,,True,thinking_segment,thinking,20,exp_c_segment_sample,221,221,0.0011801210464909672,0.0025228306728023275,0.000632557668723166,0.01313797663897276,2.5284610653323606e-06,0.0025114672528368165,0.08597285067873303,-0.0011699504708574874,-0.001003745390335098,-0.0011523542925715446,per_model_kept_independent_plus_common_union
Qwen_Qwen3-14B,14B,14.0,5120,hidden_dim,exp_c,think,gsm8k_test_000254,think,canonical,,True,answer_segment,think_answer,6,exp_c_segment_sample,61,61,0.0005944696255028248,0.003977505071279516,0.0006388243054971099,0.03123835101723671,2.499357929223135e-05,0.00393187132916258,0.0,-0.005849001455684164,-0.004286702434910694,0.002106365282088518,per_model_kept_independent_plus_common_union
Qwen_Qwen3-14B,14B,14.0,5120,hidden_dim,exp_c,think,gsm8k_test_000254,think,canonical,,True,answer_segment,think_answer,13,exp_c_segment_sample,61,61,0.0008877175743691624,0.002618183640450178,0.0009192132274620235,0.0072758132591843605,1.942083380979503e-06,0.0025990955521895853,0.0,-0.001853712136233702,-0.0011992133913736325,-0.0006727238651365042,per_model_kept_independent_plus_common_union
Qwen_Qwen3-14B,14B,14.0,5120,hidden_dim,exp_c,think,gsm8k_test_000254,think,canonical,,True,answer_segment,think_answer,20,exp_c_segment_sample,61,61,0.0011801210464909672,0.002451484511438452,0.001027932157739997,0.00669483607634902,1.0235140910661876e-06,0.0024275204127964874,0.04918032786885246,-0.001161248104017382,-0.0008674781711306423,0.00011931383050978184,per_model_kept_independent_plus_common_union
Qwen_Qwen3-14B,14B,14.0,5120,hidden_dim,exp_c,think,gsm8k_test_000254,think,canonical,,True,thinking_segment,thinking,6,exp_c_segment_sample,256,256,0.0005944696255028248,0.00413130327797262,0.0003661279333755374,0.04839972406625748,4.8672209624446664e-05,0.004074433812904994,0.0703125,-0.0005384196683158505,-0.0008698954434294137,0.002106365282088518,per_model_kept_independent_plus_common_union
Qwen_Qwen3-14B,14B,14.0,5120,hidden_dim,exp_c,think,gsm8k_test_000254,think,canonical,,True,thinking_segment,thinking,13,exp_c_segment_sample,256,256,0.0008877175743691624,0.003034423753661031,0.0005030399188399315,0.01726609840989113,8.343352126915928e-06,0.0030256090620539985,0.10546875,-0.0006678298555236001,-0.0006358604805427603,-0.0006727238651365042,per_model_kept_independent_plus_common_union
Qwen_Qwen3-14B,14B,14.0,5120,hidden_dim,exp_c,think,gsm8k_test_000254,think,canonical,,True,thinking_segment,thinking,20,exp_c_segment_sample,256,256,0.0011801210464909672,0.002642967390556805,0.0005493420176208019,0.010874299332499504,3.3091999052107397e-06,0.002649536664536729,0.1484375,-0.00032364402772676776,-0.0003444865296842181,0.00011931383050978184,per_model_kept_independent_plus_common_union
Qwen_Qwen3-14B,14B,14.0,5120,hidden_dim,exp_c,think,gsm8k_test_000257,think,canonical,,True,answer_segment,think_answer,6,exp_c_segment_sample,55,55,0.0005944696255028248,0.0037159203837456353,0.0009122841875068843,0.02355085127055645,1.3803945584560032e-05,0.003650028417016276,0.0,-0.0025624604238795876,-0.0013750557388578144,0.001135009340941906,per_model_kept_independent_plus_common_union
Qwen_Qwen3-14B,14B,14.0,5120,hidden_dim,exp_c,think,gsm8k_test_000257,think,canonical,,True,answer_segment,think_answer,13,exp_c_segment_sample,55,55,0.0008877175743691624,0.0024618048559535634,0.0010752410162240267,0.005132009275257587,1.0608996347087392e-06,0.0024418719630274503,0.0,-0.001224879416570594,-0.0010052190711056547,0.0004226258024573326,per_model_kept_independent_plus_common_union
Qwen_Qwen3-14B,14B,14.0,5120,hidden_dim,exp_c,think,gsm8k_test_000257,think,canonical,,True,answer_segment,think_answer,20,exp_c_segment_sample,55,55,0.0011801210464909672,0.0026311612243510103,0.0009262013481929898,0.005677641369402409,1.046599562278781e-06,0.0026086593840133265,0.07272727272727272,-0.0008984826130236094,-0.000621058329540704,0.0006169865373522043,per_model_kept_independent_plus_common_union
Qwen_Qwen3-14B,14B,14.0,5120,hidden_dim,exp_c,think,gsm8k_test_000257,think,canonical,,True,thinking_segment,thinking,6,exp_c_segment_sample,256,256,0.0005944696255028248,0.0037702445634977266,0.0003650882572401315,0.0481545589864254,3.638839306802859e-05,0.0037745137061973577,0.12109375,-0.0030940032513779125,-0.002040149016011128,0.001135009340941906,per_model_kept_independent_plus_common_union
Qwen_Qwen3-14B,14B,14.0,5120,hidden_dim,exp_c,think,gsm8k_test_000257,think,canonical,,True,thinking_segment,thinking,13,exp_c_segment_sample,256,256,0.0008877175743691624,0.002689654547111786,0.0006041888846084476,0.01310295332223177,4.210984553487629e-06,0.0026906078311857646,0.11328125,-0.0014065999202167384,-0.0007864956924095168,0.0004226258024573326,per_model_kept_independent_plus_common_union
Qwen_Qwen3-14B,14B,14.0,5120,hidden_dim,exp_c,think,gsm8k_test_000257,think,canonical,,True,thinking_segment,thinking,20,exp_c_segment_sample,256,256,0.0011801210464909672,0.0026777530465551536,0.0007090246654115617,0.015089625492691994,2.610896779932212e-06,0.0026805561575509087,0.09765625,-0.0008938994859253144,-0.0003509286452754168,0.0006169865373522043,per_model_kept_independent_plus_common_union
Qwen_Qwen3-14B,14B,14.0,5120,hidden_dim,exp_c,think,gsm8k_test_000273,think,canonical,,True,answer_segment,think_answer,6,exp_c_segment_sample,75,75,0.0005944696255028248,0.003046014377226432,0.000559846987016499,0.010852360166609287,6.97383950464004e-06,0.003004340096250982,0.013333333333333334,-0.0033622979759973933,-0.002180698214368404,0.0022081059869378805,per_model_kept_independent_plus_common_union
Qwen_Qwen3-14B,14B,14.0,5120,hidden_dim,exp_c,think,gsm8k_test_000273,think,canonical,,True,answer_segment,think_answer,13,exp_c_segment_sample,75,75,0.0008877175743691624,0.002409760265921553,0.0006831667269580066,0.006766119040548801,2.158174047045513e-06,0.0024001508875674494,0.09333333333333334,-0.00244784026124858,-0.0016018772240434037,0.0010051352437585592,per_model_kept_independent_plus_common_union
Qwen_Qwen3-14B,14B,14.0,5120,hidden_dim,exp_c,think,gsm8k_test_000273,think,canonical,,True,answer_segment,think_answer,20,exp_c_segment_sample,75,75,0.0011801210464909672,0.0023815585339131457,0.0009091576794162393,0.007444596849381924,1.1596012160458351e-06,0.0023675856166330443,0.04,-0.001187498968241642,-0.0006149865374410232,0.00020969286561012268,per_model_kept_independent_plus_common_union
Qwen_Qwen3-14B,14B,14.0,5120,hidden_dim,exp_c,think,gsm8k_test_000273,think,canonical,,True,thinking_segment,thinking,6,exp_c_segment_sample,202,202,0.0005944696255028248,0.0033152673509038782,0.0003062525938730687,0.03347569331526756,2.6730054542811155e-05,0.003273550457632706,0.12376237623762376,-0.0037801043269246716,-0.0024755005622008708,0.0022081059869378805,per_model_kept_independent_plus_common_union
Qwen_Qwen3-14B,14B,14.0,5120,hidden_dim,exp_c,think,gsm8k_test_000273,think,canonical,,True,thinking_segment,thinking,13,exp_c_segment_sample,202,202,0.0008877175743691624,0.002427709776168173,0.0005021629622206092,0.011104179546236992,2.881735535365653e-06,0.0023976359640906072,0.0891089108910891,-0.0005363076337352787,-0.00018497323731471796,0.0010051352437585592,per_model_kept_independent_plus_common_union
Qwen_Qwen3-14B,14B,14.0,5120,hidden_dim,exp_c,think,gsm8k_test_000273,think,canonical,,True,thinking_segment,thinking,20,exp_c_segment_sample,202,202,0.0011801210464909672,0.0024829899332034265,0.0007094434695318341,0.010223756544291973,1.390906668277669e-06,0.002466193042389715,0.06930693069306931,-0.0003975148823696194,-0.00035080830247013594,0.00020969286561012268,per_model_kept_independent_plus_common_union
Qwen_Qwen3-14B,14B,14.0,5120,hidden_dim,exp_c,think,gsm8k_test_000310,think,canonical,,True,answer_segment,think_answer,6,exp_c_segment_sample,71,71,0.0005944696255028248,0.003237705411304208,0.0005636964342556894,0.02482801117002964,1.8903313311270982e-05,0.0031886162893247924,0.04225352112676056,-0.005748191307448598,-0.005259904784098681,-2.143578603863716e-05,per_model_kept_independent_plus_common_union
Qwen_Qwen3-14B,14B,14.0,5120,hidden_dim,exp_c,think,gsm8k_test_000310,think,canonical,,True,answer_segment,think_answer,13,exp_c_segment_sample,71,71,0.0008877175743691624,0.0026392524538915866,0.000599552528001368,0.0148412911221385,5.214009532983983e-06,0.0026279982686641494,0.056338028169014086,-0.0034542833610673946,-0.0029274858146285014,-0.0006165122613310814,per_model_kept_independent_plus_common_union
Qwen_Qwen3-14B,14B,14.0,5120,hidden_dim,exp_c,think,gsm8k_test_000310,think,canonical,,True,answer_segment,think_answer,20,exp_c_segment_sample,71,71,0.0011801210464909672,0.002380831908224754,0.0009140006150119007,0.007938656955957413,1.7286580945797793e-06,0.002362753040090735,0.07042253521126761,-0.0018786344661633186,-0.0015378312673419714,0.0002469539176672697,per_model_kept_independent_plus_common_union
Qwen_Qwen3-14B,14B,14.0,5120,hidden_dim,exp_c,think,gsm8k_test_000310,think,canonical,,True,thinking_segment,thinking,6,exp_c_segment_sample,238,238,0.0005944696255028248,0.0028788865384442278,0.00030842184787616134,0.04423607140779495,2.0885589942028247e-05,0.00284821367262615,0.08403361344537816,-0.0016436780315722075,-0.001408565655583516,-2.143578603863716e-05,per_model_kept_independent_plus_common_union
Qwen_Qwen3-14B,14B,14.0,5120,hidden_dim,exp_c,think,gsm8k_test_000310,think,canonical,,True,thinking_segment,thinking,13,exp_c_segment_sample,238,238,0.0008877175743691624,0.002429316551111513,0.0003737162915058434,0.0119855972006917,3.540126518300414e-06,0.0024015742898348892,0.09663865546218488,-0.0003073999528631445,-0.0006067736282905872,-0.0006165122613310814,per_model_kept_independent_plus_common_union
Qwen_Qwen3-14B,14B,14.0,5120,hidden_dim,exp_c,think,gsm8k_test_000310,think,canonical,,True,thinking_segment,thinking,20,exp_c_segment_sample,238,238,0.0011801210464909672,0.002609509907705913,0.0005413696053437889,0.008230770006775856,1.6454759394439192e-06,0.002599524570342138,0.06302521008403361,-0.000378124106402349,-0.0004970398362881194,0.0002469539176672697,per_model_kept_independent_plus_common_union
Qwen_Qwen3-14B,14B,14.0,5120,hidden_dim,exp_c,think,gsm8k_test_000325,think,canonical,,True,answer_segment,think_answer,6,exp_c_segment_sample,55,55,0.0005944696255028248,0.003414525664199821,0.000828566204290837,0.0216309055685997,1.3642238126957898e-05,0.00336332229091096,0.0,-0.004480201193712064,-0.003670878442270415,-0.004756011534482241,per_model_kept_independent_plus_common_union
Qwen_Qwen3-14B,14B,14.0,5120,hidden_dim,exp_c,think,gsm8k_test_000325,think,canonical,,True,answer_segment,think_answer,13,exp_c_segment_sample,55,55,0.0008877175743691624,0.002442768324081871,0.0007878266042098403,0.004549085628241301,1.1318400948026803e-06,0.002412880587615762,0.01818181818181818,-0.0013216944276838991,-0.0010588775205958106,-0.002944008447229862,per_model_kept_independent_plus_common_union
Qwen_Qwen3-14B,14B,14.0,5120,hidden_dim,exp_c,think,gsm8k_test_000325,think,canonical,,True,answer_segment,think_answer,20,exp_c_segment_sample,55,55,0.0011801210464909672,0.0024933518831279466,0.0008705274085514247,0.007248349487781525,1.372497269014568e-06,0.0024751507843137474,0.05454545454545454,-0.0016450413902646937,-0.0012406019710137373,0.00013672350905835629,per_model_kept_independent_plus_common_union
Qwen_Qwen3-14B,14B,14.0,5120,hidden_dim,exp_c,think,gsm8k_test_000325,think,canonical,,True,thinking_segment,thinking,6,exp_c_segment_sample,256,256,0.0005944696255028248,0.0034464551655446485,0.0003358195535838604,0.04121669381856918,3.20562689828093e-05,0.003395104331330483,0.12109375,-0.0022282524251627535,-0.0011480887062274492,-0.004756011534482241,per_model_kept_independent_plus_common_union
Qwen_Qwen3-14B,14B,14.0,5120,hidden_dim,exp_c,think,gsm8k_test_000325,think,canonical,,True,thinking_segment,thinking,13,exp_c_segment_sample,256,256,0.0008877175743691624,0.002977257320708304,0.0005474453791975975,0.021604416891932487,8.20040937153452e-06,0.0029343246231100673,0.0625,-0.002308692550156981,-0.0016500796379449846,-0.002944008447229862,per_model_kept_independent_plus_common_union
Qwen_Qwen3-14B,14B,14.0,5120,hidden_dim,exp_c,think,gsm8k_test_000325,think,canonical,,True,thinking_segment,thinking,20,exp_c_segment_sample,256,256,0.0011801210464909672,0.002987922576494384,0.0008819637587293983,0.012642160058021545,3.0805708276792814e-06,0.0029705768850123463,0.04296875,-0.0019627920365629255,-0.001352804809665451,0.00013672350905835629,per_model_kept_independent_plus_common_union
Qwen_Qwen3-14B,14B,14.0,5120,hidden_dim,exp_c,think,gsm8k_test_000361,think,canonical,,True,answer_segment,think_answer,6,exp_c_segment_sample,72,72,0.0005944696255028248,0.003605624414275452,0.0004891971475444734,0.017459558323025703,1.3451895473925636e-05,0.0035036581324111716,0.06944444444444445,-0.0036263459790141814,-0.0033776211235413537,-0.005180552136152983,per_model_kept_independent_plus_common_union
Qwen_Qwen3-14B,14B,14.0,5120,hidden_dim,exp_c,think,gsm8k_test_000361,think,canonical,,True,answer_segment,think_answer,13,exp_c_segment_sample,72,72,0.0008877175743691624,0.002726483941336887,0.0007600398967042565,0.007463106419891119,2.920545299451077e-06,0.0027130621577232655,0.027777777777777776,-0.002382012089442237,-0.002028299062254114,-0.001561067532747984,per_model_kept_independent_plus_common_union
Qwen_Qwen3-14B,14B,14.0,5120,hidden_dim,exp_c,think,gsm8k_test_000361,think,canonical,,True,answer_segment,think_answer,20,exp_c_segment_sample,72,72,0.0011801210464909672,0.002449599114899886,0.0008822044474072754,0.006428643129765987,1.2099291960221064e-06,0.002443934765375468,0.1111111111111111,-0.0014177886820339765,-0.0013421072120157382,-9.570061229169369e-05,per_model_kept_independent_plus_common_union
Qwen_Qwen3-14B,14B,14.0,5120,hidden_dim,exp_c,think,gsm8k_test_000361,think,canonical,,True,thinking_segment,thinking,6,exp_c_segment_sample,256,256,0.0005944696255028248,0.0031884395031056556,0.0003317703667562455,0.031541019678115845,2.3232100520971935e-05,0.003174483136717754,0.07421875,-0.0012151119954926647,-0.0007689647842198605,-0.005180552136152983,per_model_kept_independent_plus_common_union
Qwen_Qwen3-14B,14B,14.0,5120,hidden_dim,exp_c,think,gsm8k_test_000361,think,canonical,,True,thinking_segment,thinking,13,exp_c_segment_sample,256,256,0.0008877175743691624,0.0025434498838876607,0.0005985021125525236,0.010604011826217175,3.53546472735878e-06,0.0025593816824670953,0.05078125,-0.00037440032247678447,-0.0004003763494368354,-0.001561067532747984,per_model_kept_independent_plus_common_union
Qwen_Qwen3-14B,14B,14.0,5120,hidden_dim,exp_c,think,gsm8k_test_000361,think,canonical,,True,thinking_segment,thinking,20,exp_c_segment_sample,256,256,0.0011801210464909672,0.0026534497728789574,0.0008952654898166656,0.00998114887624979,1.7125798790060265e-06,0.0026849048004614342,0.03125,-0.0007103941770915753,-0.000526874870634996,-9.570061229169369e-05,per_model_kept_independent_plus_common_union
Qwen_Qwen3-14B,14B,14.0,5120,hidden_dim,exp_c,think,gsm8k_test_000364,think,canonical,,True,answer_segment,think_answer,6,exp_c_segment_sample,38,38,0.0005944696255028248,0.0028787314337310626,0.0005950247286818922,0.010275458917021751,6.331681292293469e-06,0.002774764555569335,0.0,-0.0013215468325916133,-0.001054817077238113,-0.008888870477676392,per_model_kept_independent_plus_common_union
Qwen_Qwen3-14B,14B,14.0,5120,hidden_dim,exp_c,think,gsm8k_test_000364,think,canonical,,True,answer_segment,think_answer,13,exp_c_segment_sample,38,38,0.0008877175743691624,0.002064051322553209,0.0007528112037107348,0.004299681633710861,9.647645647140914e-07,0.0020505790897594714,0.07894736842105263,-0.0015268710558302718,-0.0013624996645376084,-0.003540345001965761,per_model_kept_independent_plus_common_union
Qwen_Qwen3-14B,14B,14.0,5120,hidden_dim,exp_c,think,gsm8k_test_000364,think,canonical,,True,answer_segment,think_answer,20,exp_c_segment_sample,38,38,0.0011801210464909672,0.0024732737005443164,0.000848366238642484,0.005610272753983736,1.2909937448602178e-06,0.002445852704899939,0.10526315789473684,-0.0016478850720224073,-0.0014944484166335317,-0.00013947254046797752,per_model_kept_independent_plus_common_union
Qwen_Qwen3-14B,14B,14.0,5120,hidden_dim,exp_c,think,gsm8k_test_000364,think,canonical,,True,thinking_segment,thinking,6,exp_c_segment_sample,256,256,0.0005944696255028248,0.003541172264135639,0.0003846379113383591,0.062059156596660614,3.808189127543939e-05,0.0034199245545774274,0.13671875,-0.0007954093944999298,-0.00047833340568104177,-0.008888870477676392,per_model_kept_independent_plus_common_union
Qwen_Qwen3-14B,14B,14.0,5120,hidden_dim,exp_c,think,gsm8k_test_000364,think,canonical,,True,thinking_segment,thinking,13,exp_c_segment_sample,256,256,0.0008877175743691624,0.0024412869963725825,0.0006504537886939943,0.009797127917408943,3.212551267291176e-06,0.002415849300246597,0.1015625,0.00014396143664349622,0.00011060859105782583,-0.003540345001965761,per_model_kept_independent_plus_common_union
Qwen_Qwen3-14B,14B,14.0,5120,hidden_dim,exp_c,think,gsm8k_test_000364,think,canonical,,True,thinking_segment,thinking,20,exp_c_segment_sample,256,256,0.0011801210464909672,0.002401999562380297,0.0007463648216798902,0.006687239743769169,1.0483614683177335e-06,0.0023994686387434636,0.05078125,-0.0006812287513058315,-0.0004910754123557126,-0.00013947254046797752,per_model_kept_independent_plus_common_union
Qwen_Qwen3-14B,14B,14.0,5120,hidden_dim,exp_c,think,gsm8k_test_000389,think,canonical,,True,answer_segment,think_answer,6,exp_c_segment_sample,49,49,0.0005944696255028248,0.003351575272081762,0.0011245653731748462,0.012984481640160084,7.212318684531815e-06,0.0033161588895988343,0.0,-0.00046651206663524835,-0.0008259147781735426,-0.004020210355520248,per_model_kept_independent_plus_common_union
Qwen_Qwen3-14B,14B,14.0,5120,hidden_dim,exp_c,think,gsm8k_test_000389,think,canonical,,True,answer_segment,think_answer,13,exp_c_segment_sample,49,49,0.0008877175743691624,0.002644288565070197,0.0010816971771419048,0.008151240646839142,1.8744000114839526e-06,0.0026331112943201633,0.0,-0.0008028507166142998,-0.0008191898411426405,-0.003052759449928999,per_model_kept_independent_plus_common_union
Qwen_Qwen3-14B,14B,14.0,5120,hidden_dim,exp_c,think,gsm8k_test_000389,think,canonical,,True,answer_segment,think_answer,20,exp_c_segment_sample,49,49,0.0011801210464909672,0.0025757386596227177,0.001290130545385182,0.005668359808623791,8.737139391384528e-07,0.0025887011373318574,0.0,-6.555599369564842e-05,-0.00027700749118454195,-0.0013791632372885942,per_model_kept_independent_plus_common_union
Qwen_Qwen3-14B,14B,14.0,5120,hidden_dim,exp_c,think,gsm8k_test_000389,think,canonical,,True,thinking_segment,thinking,6,exp_c_segment_sample,256,256,0.0005944696255028248,0.003764490415733235,0.00041216908721253276,0.056096963584423065,4.363989132130935e-05,0.003753021887612042,0.171875,-0.003747952099103948,-0.003155695447751966,-0.004020210355520248,per_model_kept_independent_plus_common_union
Qwen_Qwen3-14B,14B,14.0,5120,hidden_dim,exp_c,think,gsm8k_test_000389,think,canonical,,True,thinking_segment,thinking,13,exp_c_segment_sample,256,256,0.0008877175743691624,0.002549545354440852,0.0005506154266186059,0.01566232182085514,5.980849134512234e-06,0.0025297085882600803,0.15234375,-0.0015712040455462017,-0.0015119670496250574,-0.003052759449928999,per_model_kept_independent_plus_common_union
Qwen_Qwen3-14B,14B,14.0,5120,hidden_dim,exp_c,think,gsm8k_test_000389,think,canonical,,True,thinking_segment,thinking,20,exp_c_segment_sample,256,256,0.0011801210464909672,0.0024524202283373597,0.0007878135656937957,0.013713712804019451,3.14820180625367e-06,0.002445515039929005,0.12890625,-0.0013908012411291343,-0.0013107889045316443,-0.0013791632372885942,per_model_kept_independent_plus_common_union
Qwen_Qwen3-14B,14B,14.0,5120,hidden_dim,exp_c,think,gsm8k_test_000432,think,canonical,,True,answer_segment,think_answer,6,exp_c_segment_sample,79,79,0.0005944696255028248,0.0034815675970992143,0.0005185545305721462,0.020785732194781303,1.40146698522063e-05,0.0033627106130529093,0.02531645569620253,-0.0022791164150959635,-0.0014593806467019018,-0.005054723937064409,per_model_kept_independent_plus_common_union
Qwen_Qwen3-14B,14B,14.0,5120,hidden_dim,exp_c,think,gsm8k_test_000432,think,canonical,,True,answer_segment,think_answer,13,exp_c_segment_sample,79,79,0.0008877175743691624,0.0024011810715428164,0.0006764816353097558,0.008006689138710499,1.7001017336953027e-06,0.0023889133582811043,0.0379746835443038,-0.0014454699255514291,-0.0010720390593633054,-0.0024502193555235863,per_model_kept_independent_plus_common_union
Qwen_Qwen3-14B,14B,14.0,5120,hidden_dim,exp_c,think,gsm8k_test_000432,think,canonical,,True,answer_segment,think_answer,20,exp_c_segment_sample,79,79,0.0011801210464909672,0.002326521928174586,0.0010131110902875662,0.005639479495584965,1.0044963445092016e-06,0.0023122008006351124,0.12658227848101267,-0.0010650546948684843,-0.0007711004232987761,-0.0007110161241143942,per_model_kept_independent_plus_common_union
Qwen_Qwen3-14B,14B,14.0,5120,hidden_dim,exp_c,think,gsm8k_test_000432,think,canonical,,True,thinking_segment,thinking,6,exp_c_segment_sample,189,189,0.0005944696255028248,0.002645454901515718,0.0004294673854019493,0.023202920332551003,1.3325197898026888e-05,0.002598769311202404,0.08465608465608465,-0.0016505037740755242,-0.001713980480417376,-0.005054723937064409,per_model_kept_independent_plus_common_union
Qwen_Qwen3-14B,14B,14.0,5120,hidden_dim,exp_c,think,gsm8k_test_000432,think,canonical,,True,thinking_segment,thinking,13,exp_c_segment_sample,189,189,0.0008877175743691624,0.0020797791537858308,0.0006495240959338844,0.010576367378234863,2.2362647415305467e-06,0.0020474246823838217,0.026455026455026454,-0.000675151544547607,-0.0007948492420837283,-0.0024502193555235863,per_model_kept_independent_plus_common_union
Qwen_Qwen3-14B,14B,14.0,5120,hidden_dim,exp_c,think,gsm8k_test_000432,think,canonical,,True,thinking_segment,thinking,20,exp_c_segment_sample,189,189,0.0011801210464909672,0.0022348904010233662,0.0009839170379564166,0.0067235142923891544,9.186896919830557e-07,0.002219470644473752,0.015873015873015872,-0.00031932499761550974,-0.00036021836422150955,-0.0007110161241143942,per_model_kept_independent_plus_common_union
Qwen_Qwen3-14B,14B,14.0,5120,hidden_dim,exp_c,think,gsm8k_test_000433,think,canonical,,True,answer_segment,think_answer,6,exp_c_segment_sample,48,48,0.0005944696255028248,0.003368619133349663,0.0008945280569605529,0.014425906352698803,1.0980008684383035e-05,0.003322101904059503,0.0,-0.002480204183874387,-0.0009183819638565183,-0.015102531760931015,per_model_kept_independent_plus_common_union
Qwen_Qwen3-14B,14B,14.0,5120,hidden_dim,exp_c,think,gsm8k_test_000433,think,canonical,,True,answer_segment,think_answer,13,exp_c_segment_sample,48,48,0.0008877175743691624,0.002704364521681176,0.0010283448500558734,0.010981718078255653,4.862078789625963e-06,0.002698385416767857,0.0,-0.002232987756486891,-0.0016995769789597641,-0.0036934795789420605,per_model_kept_independent_plus_common_union
Qwen_Qwen3-14B,14B,14.0,5120,hidden_dim,exp_c,think,gsm8k_test_000433,think,canonical,,True,answer_segment,think_answer,20,exp_c_segment_sample,48,48,0.0011801210464909672,0.0023905433530065543,0.0010220628464594483,0.006485810969024897,1.460465729898644e-06,0.00236588565662424,0.041666666666666664,-0.0008690046420919596,-0.00036862295625420894,-0.0009036592673510313,per_model_kept_independent_plus_common_union
Qwen_Qwen3-14B,14B,14.0,5120,hidden_dim,exp_c,think,gsm8k_test_000433,think,canonical,,True,thinking_segment,thinking,6,exp_c_segment_sample,196,196,0.0005944696255028248,0.004748460374759482,0.00029219832504168153,0.05261756107211113,7.439318260438152e-05,0.004691201996637317,0.1683673469387755,-0.003614694059282446,-0.003782154766519612,-0.015102531760931015,per_model_kept_independent_plus_common_union
Qwen_Qwen3-14B,14B,14.0,5120,hidden_dim,exp_c,think,gsm8k_test_000433,think,canonical,,True,thinking_segment,thinking,13,exp_c_segment_sample,196,196,0.0008877175743691624,0.0026823343389563033,0.0006836833199486136,0.014249257743358612,4.833578701115713e-06,0.0026574006429515204,0.08163265306122448,-0.0010425283050139117,-0.000949273591538017,-0.0036934795789420605,per_model_kept_independent_plus_common_union
Qwen_Qwen3-14B,14B,14.0,5120,hidden_dim,exp_c,think,gsm8k_test_000433,think,canonical,,True,thinking_segment,thinking,20,exp_c_segment_sample,196,196,0.0011801210464909672,0.0024693829951242413,0.0008744501392357051,0.007235533092170954,1.6968819601061716e-06,0.002460611313999368,0.11734693877551021,-0.00032721093942714933,-0.0002800561060026592,-0.0009036592673510313,per_model_kept_independent_plus_common_union
Qwen_Qwen3-14B,14B,14.0,5120,hidden_dim,exp_c,think,gsm8k_test_000449,think,canonical,,True,answer_segment,think_answer,6,exp_c_segment_sample,62,62,0.0005944696255028248,0.0029259427293812134,0.0003879267314914614,0.01602625846862793,1.1160064132957247e-05,0.002766836696537212,0.08064516129032258,-0.002238985628829185,-0.0016064169321907684,0.004551700782030821,per_model_kept_independent_plus_common_union
Qwen_Qwen3-14B,14B,14.0,5120,hidden_dim,exp_c,think,gsm8k_test_000449,think,canonical,,True,answer_segment,think_answer,13,exp_c_segment_sample,62,62,0.0008877175743691624,0.00250972491865527,0.0005076858797110617,0.010706684552133083,3.7857362318084496e-06,0.002480799533602338,0.12903225806451613,-0.002062583145218402,-0.0015327427463489585,0.0017140787094831467,per_model_kept_independent_plus_common_union
Qwen_Qwen3-14B,14B,14.0,5120,hidden_dim,exp_c,think,gsm8k_test_000449,think,canonical,,True,answer_segment,think_answer,20,exp_c_segment_sample,62,62,0.0011801210464909672,0.002277933162986301,0.00044968491420149803,0.006408037152141333,1.609940527475894e-06,0.0022623004381292972,0.12903225806451613,-0.0012612298949383437,-0.0008910349188226974,0.0004359111189842224,per_model_kept_independent_plus_common_union
Qwen_Qwen3-14B,14B,14.0,5120,hidden_dim,exp_c,think,gsm8k_test_000449,think,canonical,,True,thinking_segment,thinking,6,exp_c_segment_sample,115,115,0.0005944696255028248,0.003530623489464431,0.00042801728704944253,0.030232926830649376,2.4131417386933006e-05,0.003449581013052937,0.09565217391304348,-0.0051061275249575395,-0.0033754563733839013,0.004551700782030821,per_model_kept_independent_plus_common_union
Qwen_Qwen3-14B,14B,14.0,5120,hidden_dim,exp_c,think,gsm8k_test_000449,think,canonical,,True,thinking_segment,thinking,13,exp_c_segment_sample,115,115,0.0008877175743691624,0.002532272207368489,0.0006518546724691987,0.010079195722937584,2.893410663755848e-06,0.002488491199440895,0.05217391304347826,-0.001213179232910094,-0.000827373212187326,0.0017140787094831467,per_model_kept_independent_plus_common_union
Qwen_Qwen3-14B,14B,14.0,5120,hidden_dim,exp_c,think,gsm8k_test_000449,think,canonical,,True,thinking_segment,thinking,20,exp_c_segment_sample,115,115,0.0011801210464909672,0.002548181028206549,0.0008851814200170338,0.006065978202968836,1.7722660184675824e-06,0.0025353456235678636,0.1391304347826087,-0.0008928372551906304,-0.0005491179341835708,0.0004359111189842224,per_model_kept_independent_plus_common_union
Qwen_Qwen3-14B,14B,14.0,5120,hidden_dim,exp_c,think,gsm8k_test_000460,think,canonical,,True,answer_segment,think_answer,6,exp_c_segment_sample,49,49,0.0005944696255028248,0.003908460813679029,0.00044892914593219757,0.014950265176594257,1.3284604526399956e-05,0.0037779719435396455,0.08163265306122448,-0.004084249134460582,-0.0026789778180850237,0.001625417498871684,per_model_kept_independent_plus_common_union
Qwen_Qwen3-14B,14B,14.0,5120,hidden_dim,exp_c,think,gsm8k_test_000460,think,canonical,,True,answer_segment,think_answer,13,exp_c_segment_sample,49,49,0.0008877175743691624,0.0024826819586748145,0.0004647740279324353,0.00782318040728569,2.3387512888492347e-06,0.002472082881164776,0.16326530612244897,-0.0026610477131848447,-0.001845181230097436,0.0005643442273139954,per_model_kept_independent_plus_common_union
Qwen_Qwen3-14B,14B,14.0,5120,hidden_dim,exp_c,think,gsm8k_test_000460,think,canonical,,True,answer_segment,think_answer,20,exp_c_segment_sample,49,49,0.0011801210464909672,0.00245262082661407,0.0005486180307343602,0.007481554057449102,1.5249638285883623e-06,0.002428111344973635,0.16326530612244897,-0.0013364050061232895,-0.0009594869199925317,0.0006176887545734644,per_model_kept_independent_plus_common_union
Qwen_Qwen3-14B,14B,14.0,5120,hidden_dim,exp_c,think,gsm8k_test_000460,think,canonical,,True,thinking_segment,thinking,6,exp_c_segment_sample,217,217,0.0005944696255028248,0.004040330062322061,0.0003124599752482027,0.03641325607895851,3.8785631601672054e-05,0.004000915434045494,0.07834101382488479,-0.0052934181826598155,-0.004455559704431586,0.001625417498871684,per_model_kept_independent_plus_common_union
Qwen_Qwen3-14B,14B,14.0,5120,hidden_dim,exp_c,think,gsm8k_test_000460,think,canonical,,True,thinking_segment,thinking,13,exp_c_segment_sample,217,217,0.0008877175743691624,0.0027296828923635357,0.0005507112364284694,0.01170036569237709,4.341548434040172e-06,0.0027100860984150873,0.06912442396313365,-0.00141255865230753,-0.0011622254218144174,0.0005643442273139954,per_model_kept_independent_plus_common_union
Qwen_Qwen3-14B,14B,14.0,5120,hidden_dim,exp_c,think,gsm8k_test_000460,think,canonical,,True,thinking_segment,thinking,20,exp_c_segment_sample,217,217,0.0011801210464909672,0.002474725725234396,0.0008474903297610581,0.012783506885170937,2.1227887160200763e-06,0.002456066987953684,0.07373271889400922,-0.0004732398330458632,-0.00041980444114993925,0.0006176887545734644,per_model_kept_independent_plus_common_union
Qwen_Qwen3-14B,14B,14.0,5120,hidden_dim,exp_c,think,gsm8k_test_000472,think,canonical,,True,answer_segment,think_answer,6,exp_c_segment_sample,44,44,0.0005944696255028248,0.0037074989377288148,0.0006989313988015056,0.018883133307099342,1.1132616084145059e-05,0.0036533525373331852,0.0,-0.0025685874397767643,-0.0021765548947521233,-0.0029606942553073168,per_model_kept_independent_plus_common_union
Qwen_Qwen3-14B,14B,14.0,5120,hidden_dim,exp_c,think,gsm8k_test_000472,think,canonical,,True,answer_segment,think_answer,13,exp_c_segment_sample,44,44,0.0008877175743691624,0.0024310836200708186,0.0006405177409760654,0.01338579785078764,3.732046278367543e-06,0.002435365839330696,0.06818181818181818,-0.0014009164355229592,-0.0005748446882617747,-0.0013234104262664914,per_model_kept_independent_plus_common_union
Qwen_Qwen3-14B,14B,14.0,5120,hidden_dim,exp_c,think,gsm8k_test_000472,think,canonical,,True,answer_segment,think_answer,20,exp_c_segment_sample,44,44,0.0011801210464909672,0.0023946916692445734,0.0006763414712622762,0.005612880922853947,9.247505321258882e-07,0.002373106714045672,0.09090909090909091,-0.0007917107151694257,-0.0004561009912074287,-0.00018171174451708794,per_model_kept_independent_plus_common_union
Qwen_Qwen3-14B,14B,14.0,5120,hidden_dim,exp_c,think,gsm8k_test_000472,think,canonical,,True,thinking_segment,thinking,6,exp_c_segment_sample,256,256,0.0005944696255028248,0.0038438880561670885,0.0002950889465864748,0.026649046689271927,2.876292679215428e-05,0.003792167023299836,0.09765625,-0.0031550967896826665,-0.002964650115245604,-0.0029606942553073168,per_model_kept_independent_plus_common_union
Qwen_Qwen3-14B,14B,14.0,5120,hidden_dim,exp_c,think,gsm8k_test_000472,think,canonical,,True,thinking_segment,thinking,13,exp_c_segment_sample,256,256,0.0008877175743691624,0.0027695398030118668,0.00045544124441221356,0.013266521506011486,4.540837034182699e-06,0.0027511079578110267,0.12890625,-0.0008132598317040318,-0.0005418643986558891,-0.0013234104262664914,per_model_kept_independent_plus_common_union
Qwen_Qwen3-14B,14B,14.0,5120,hidden_dim,exp_c,think,gsm8k_test_000472,think,canonical,,True,thinking_segment,thinking,20,exp_c_segment_sample,256,256,0.0011801210464909672,0.002626397111271217,0.0006124679348431528,0.011917398311197758,2.258790777029761e-06,0.0026153999457853164,0.12109375,-0.00014337976167906936,-0.00011482368608994875,-0.00018171174451708794,per_model_kept_independent_plus_common_union
Qwen_Qwen3-14B,14B,14.0,5120,hidden_dim,exp_c,think,gsm8k_test_000534,think,canonical,,True,answer_segment,think_answer,6,exp_c_segment_sample,45,45,0.0005944696255028248,0.002671606792137027,0.0007476855535060167,0.009357815608382225,4.159410060861391e-06,0.0026250745590501033,0.0,-0.0006511730199301789,-0.0002889127063099295,-0.002435778733342886,per_model_kept_independent_plus_common_union
Qwen_Qwen3-14B,14B,14.0,5120,hidden_dim,exp_c,think,gsm8k_test_000534,think,canonical,,True,answer_segment,think_answer,13,exp_c_segment_sample,45,45,0.0008877175743691624,0.0024668502246236635,0.0009695545886643231,0.006132864393293858,1.6280288910659737e-06,0.0024360396663806487,0.0,-0.0014942671121705472,-0.0009658781006388988,0.0008364180102944374,per_model_kept_independent_plus_common_union
Qwen_Qwen3-14B,14B,14.0,5120,hidden_dim,exp_c,think,gsm8k_test_000534,think,canonical,,True,answer_segment,think_answer,20,exp_c_segment_sample,45,45,0.0011801210464909672,0.002480812231078744,0.0010141587117686868,0.005919652990996838,1.0795429951226218e-06,0.002462729189904745,0.044444444444444446,-0.001596172029773392,-0.001234522487114494,0.0011407861020416021,per_model_kept_independent_plus_common_union
Qwen_Qwen3-14B,14B,14.0,5120,hidden_dim,exp_c,think,gsm8k_test_000534,think,canonical,,True,thinking_segment,thinking,6,exp_c_segment_sample,256,256,0.0005944696255028248,0.0036152190174334464,0.0002813726314343512,0.044732868671417236,3.554417233777746e-05,0.003526659771349811,0.23828125,-0.0029596914130448552,-0.002016817767980683,-0.002435778733342886,per_model_kept_independent_plus_common_union
Qwen_Qwen3-14B,14B,14.0,5120,hidden_dim,exp_c,think,gsm8k_test_000534,think,canonical,,True,thinking_segment,thinking,13,exp_c_segment_sample,256,256,0.0008877175743691624,0.0027212189424972166,0.0003633006999734789,0.01630311645567417,6.821925746400288e-06,0.002692277254307548,0.234375,-0.002285202364840532,-0.0016776201350694464,0.0008364180102944374,per_model_kept_independent_plus_common_union
Qwen_Qwen3-14B,14B,14.0,5120,hidden_dim,exp_c,think,gsm8k_test_000534,think,canonical,,True,thinking_segment,thinking,20,exp_c_segment_sample,256,256,0.0011801210464909672,0.0027600444279869407,0.0005016311770305037,0.010394688695669174,3.6969728020376025e-06,0.0027384767507395357,0.21484375,-0.0016369939973992016,-0.0012462722470445442,0.0011407861020416021,per_model_kept_independent_plus_common_union
Qwen_Qwen3-14B,14B,14.0,5120,hidden_dim,exp_c,think,gsm8k_test_000543,think,canonical,,True,answer_segment,think_answer,6,exp_c_segment_sample,54,54,0.0005944696255028248,0.0033418086327232973,0.0010650745825842023,0.011212521232664585,6.837349577892784e-06,0.003274909482021236,0.0,-0.002665584629655563,-0.0025837994263773517,-0.015061797574162483,per_model_kept_independent_plus_common_union
Qwen_Qwen3-14B,14B,14.0,5120,hidden_dim,exp_c,think,gsm8k_test_000543,think,canonical,,True,answer_segment,think_answer,13,exp_c_segment_sample,54,54,0.0008877175743691624,0.002642411762348342,0.0005714317667298019,0.010022852569818497,2.6160744767067893e-06,0.00262227943957836,0.09259259259259259,-0.001489658880687197,-0.001037462128026943,-0.004793178290128708,per_model_kept_independent_plus_common_union
Qwen_Qwen3-14B,14B,14.0,5120,hidden_dim,exp_c,think,gsm8k_test_000543,think,canonical,,True,answer_segment,think_answer,20,exp_c_segment_sample,54,54,0.0011801210464909672,0.002351060185227888,0.0006628821138292551,0.004344485700130463,9.607255889335993e-07,0.0023162408220089694,0.12962962962962962,-0.0012489676359109575,-0.0010152917737806483,-0.0003857684787362814,per_model_kept_independent_plus_common_union
Qwen_Qwen3-14B,14B,14.0,5120,hidden_dim,exp_c,think,gsm8k_test_000543,think,canonical,,True,thinking_segment,thinking,6,exp_c_segment_sample,231,231,0.0005944696255028248,0.0031314368172774484,0.00024576883879490197,0.05057387799024582,2.8943917989404938e-05,0.003079762658276394,0.24242424242424243,-0.0013796361480559352,-0.0009084984816707152,-0.015061797574162483,per_model_kept_independent_plus_common_union
Qwen_Qwen3-14B,14B,14.0,5120,hidden_dim,exp_c,think,gsm8k_test_000543,think,canonical,,True,thinking_segment,thinking,13,exp_c_segment_sample,231,231,0.0008877175743691624,0.0027044832874522887,0.0003346598823554814,0.017554502934217453,6.67137191472915e-06,0.002661886215893268,0.18614718614718614,-0.001207706025446095,-0.0008128895916060769,-0.004793178290128708,per_model_kept_independent_plus_common_union
Qwen_Qwen3-14B,14B,14.0,5120,hidden_dim,exp_c,think,gsm8k_test_000543,think,canonical,,True,thinking_segment,thinking,20,exp_c_segment_sample,231,231,0.0011801210464909672,0.0028150409887931853,0.000567737384699285,0.02086961641907692,3.826604240422584e-06,0.002799435077569164,0.09090909090909091,-0.0006163910799148856,-0.00044804738417010895,-0.0003857684787362814,per_model_kept_independent_plus_common_union
Qwen_Qwen3-14B,14B,14.0,5120,hidden_dim,exp_c,think,gsm8k_test_000564,think,canonical,,True,answer_segment,think_answer,6,exp_c_segment_sample,55,55,0.0005944696255028248,0.0035093072230334985,0.0006754981586709619,0.010381033644080162,6.7107263082701265e-06,0.0034762547023732353,0.0,-0.002009416964924105,-0.0017439936221178088,-0.0022277729585766792,per_model_kept_independent_plus_common_union
Qwen_Qwen3-14B,14B,14.0,5120,hidden_dim,exp_c,think,gsm8k_test_000564,think,canonical,,True,answer_segment,think_answer,13,exp_c_segment_sample,55,55,0.0008877175743691624,0.0025371383505196055,0.0006428342312574387,0.00802952703088522,2.314863759467096e-06,0.0025282109757730114,0.05454545454545454,-0.0015697972042419514,-0.0015690126206858884,-0.0017701999749988317,per_model_kept_independent_plus_common_union
Qwen_Qwen3-14B,14B,14.0,5120,hidden_dim,exp_c,think,gsm8k_test_000564,think,canonical,,True,answer_segment,think_answer,20,exp_c_segment_sample,55,55,0.0011801210464909672,0.0024796329671517015,0.0010236722882837057,0.006111463066190481,1.2708212785251497e-06,0.002433434734552132,0.03636363636363636,-0.000941838311067744,-0.0008454452368563841,0.0004796967841684818,per_model_kept_independent_plus_common_union
Qwen_Qwen3-14B,14B,14.0,5120,hidden_dim,exp_c,think,gsm8k_test_000564,think,canonical,,True,thinking_segment,thinking,6,exp_c_segment_sample,256,256,0.0005944696255028248,0.0027393341287051953,0.00033683833316899836,0.030482668429613113,1.5578329213240564e-05,0.0026854273241233863,0.109375,-0.0020444398117187364,-0.0009724594819999766,-0.0022277729585766792,per_model_kept_independent_plus_common_union
Qwen_Qwen3-14B,14B,14.0,5120,hidden_dim,exp_c,think,gsm8k_test_000564,think,canonical,,True,thinking_segment,thinking,13,exp_c_segment_sample,256,256,0.0008877175743691624,0.002338503064265751,0.0005839135264977813,0.012308556586503983,2.84129359623401e-06,0.002308570540257293,0.0703125,-0.0007284954907070281,-0.00045124077496438986,-0.0017701999749988317,per_model_kept_independent_plus_common_union
Qwen_Qwen3-14B,14B,14.0,5120,hidden_dim,exp_c,think,gsm8k_test_000564,think,canonical,,True,thinking_segment,thinking,20,exp_c_segment_sample,256,256,0.0011801210464909672,0.002463274379124414,0.0009172923746518791,0.0071747638285160065,1.3934724217382926e-06,0.002439575375511163,0.06640625,-0.0007613366854687924,-0.0005844274401169969,0.0004796967841684818,per_model_kept_independent_plus_common_union
Qwen_Qwen3-14B,14B,14.0,5120,hidden_dim,exp_c,think,gsm8k_test_000585,think,canonical,,True,answer_segment,think_answer,6,exp_c_segment_sample,60,60,0.0005944696255028248,0.0034799294914895046,0.0005268105887807906,0.021739544346928596,1.6944317104371284e-05,0.0033599854569282316,0.05,-0.0037512127455079664,-0.003708265240614613,-0.000399633776396513,per_model_kept_independent_plus_common_union
Qwen_Qwen3-14B,14B,14.0,5120,hidden_dim,exp_c,think,gsm8k_test_000585,think,canonical,,True,answer_segment,think_answer,13,exp_c_segment_sample,60,60,0.0008877175743691624,0.0024740700415956476,0.0004586647264659405,0.007051756139844656,1.8824474952590254e-06,0.002457699292513021,0.1,-0.001633304799525218,-0.001510226474298785,-0.0013847912196069956,per_model_kept_independent_plus_common_union
Qwen_Qwen3-14B,14B,14.0,5120,hidden_dim,exp_c,think,gsm8k_test_000585,think,canonical,,True,answer_segment,think_answer,20,exp_c_segment_sample,60,60,0.0011801210464909672,0.002328665853322794,0.0006567618111148477,0.0043755145743489265,5.870983176994901e-07,0.0023188747335383193,0.1,-0.0007888021691870233,-0.0006731829062725106,-0.000252394936978817,per_model_kept_independent_plus_common_union
Qwen_Qwen3-14B,14B,14.0,5120,hidden_dim,exp_c,think,gsm8k_test_000585,think,canonical,,True,thinking_segment,thinking,6,exp_c_segment_sample,244,244,0.0005944696255028248,0.003134530153818291,0.0002314861339982599,0.03652476519346237,2.986960147370342e-05,0.003095588318902016,0.3237704918032787,-0.0057913217213105715,-0.005112918898688446,-0.000399633776396513,per_model_kept_independent_plus_common_union
Qwen_Qwen3-14B,14B,14.0,5120,hidden_dim,exp_c,think,gsm8k_test_000585,think,canonical,,True,thinking_segment,thinking,13,exp_c_segment_sample,244,244,0.0008877175743691624,0.0023536524959872325,0.0004453182627912611,0.02037210762500763,6.381075016482368e-06,0.002331073723715219,0.27049180327868855,-0.0018869206087695134,-0.0018536500522072933,-0.0013847912196069956,per_model_kept_independent_plus_common_union
Qwen_Qwen3-14B,14B,14.0,5120,hidden_dim,exp_c,think,gsm8k_test_000585,think,canonical,,True,thinking_segment,thinking,20,exp_c_segment_sample,244,244,0.0011801210464909672,0.0024176491476923653,0.0006993092247284949,0.012318575754761696,2.690944613848876e-06,0.0024062388182767187,0.13934426229508196,-0.0012164650252984696,-0.0012293505142671897,-0.000252394936978817,per_model_kept_independent_plus_common_union
Qwen_Qwen3-14B,14B,14.0,5120,hidden_dim,exp_c,think,gsm8k_test_000605,think,canonical,,True,answer_segment,think_answer,6,exp_c_segment_sample,57,57,0.0005944696255028248,0.003585798187455032,0.0004284285823814571,0.017761968076229095,1.486749075567233e-05,0.0034911795555672143,0.05263157894736842,-0.005480031347022256,-0.0045255295117385685,0.0017803816590458155,per_model_kept_independent_plus_common_union
Qwen_Qwen3-14B,14B,14.0,5120,hidden_dim,exp_c,think,gsm8k_test_000605,think,canonical,,True,answer_segment,think_answer,13,exp_c_segment_sample,57,57,0.0008877175743691624,0.0027141765775077304,0.00039991471567191184,0.0087356548756361,3.3938796636924776e-06,0.0026720426529729074,0.08771929824561403,-0.002851836540852042,-0.002190731256268918,0.0015061241574585438,per_model_kept_independent_plus_common_union
Qwen_Qwen3-14B,14B,14.0,5120,hidden_dim,exp_c,think,gsm8k_test_000605,think,canonical,,True,answer_segment,think_answer,20,exp_c_segment_sample,57,57,0.0011801210464909672,0.002273197074445259,0.0006018243730068207,0.005784175358712673,1.0831351946884299e-06,0.002214076563957081,0.12280701754385964,-0.0011873348269986843,-0.0008866103288407128,0.0005073868669569492,per_model_kept_independent_plus_common_union
Qwen_Qwen3-14B,14B,14.0,5120,hidden_dim,exp_c,think,gsm8k_test_000605,think,canonical,,True,thinking_segment,thinking,6,exp_c_segment_sample,219,219,0.0005944696255028248,0.0028451280144774715,0.0003417645930312574,0.0610831156373024,2.871201239848806e-05,0.002806278726100973,0.1232876712328767,-0.004389498791572434,-0.0025419478923802007,0.0017803816590458155,per_model_kept_independent_plus_common_union
Qwen_Qwen3-14B,14B,14.0,5120,hidden_dim,exp_c,think,gsm8k_test_000605,think,canonical,,True,thinking_segment,thinking,13,exp_c_segment_sample,219,219,0.0008877175743691624,0.0024944606835668967,0.0005418225773610175,0.017284153029322624,5.252426775277829e-06,0.0024712688557658384,0.0730593607305936,-0.0019447346273455963,-0.0010641300098293205,0.0015061241574585438,per_model_kept_independent_plus_common_union
Qwen_Qwen3-14B,14B,14.0,5120,hidden_dim,exp_c,think,gsm8k_test_000605,think,canonical,,True,thinking_segment,thinking,20,exp_c_segment_sample,219,219,0.0011801210464909672,0.002586212172651383,0.0007486130925826728,0.00944333616644144,1.670545313148447e-06,0.002572562882768571,0.0593607305936073,-0.0006471123103316846,-0.00024678489955311505,0.0005073868669569492,per_model_kept_independent_plus_common_union
Qwen_Qwen3-14B,14B,14.0,5120,hidden_dim,exp_c,think,gsm8k_test_000625,think,canonical,,True,answer_segment,think_answer,6,exp_c_segment_sample,48,48,0.0005944696255028248,0.0028546692713765274,0.0008737529860809445,0.01061190478503704,5.044583391842459e-06,0.0027609787116005544,0.0,-0.0007755018434218872,-0.00031702902439671244,-0.005277927033603191,per_model_kept_independent_plus_common_union
Qwen_Qwen3-14B,14B,14.0,5120,hidden_dim,exp_c,think,gsm8k_test_000625,think,canonical,,True,answer_segment,think_answer,13,exp_c_segment_sample,48,48,0.0008877175743691624,0.002175697845814284,0.0008481026743538678,0.004209588281810284,8.929791702185525e-07,0.002156540412118936,0.041666666666666664,-0.0009353855955628313,-0.0008770126538972061,-0.002252432517707348,per_model_kept_independent_plus_common_union
Qwen_Qwen3-14B,14B,14.0,5120,hidden_dim,exp_c,think,gsm8k_test_000625,think,canonical,,True,answer_segment,think_answer,20,exp_c_segment_sample,48,48,0.0011801210464909672,0.002224574206290223,0.000801886257249862,0.0050664241425693035,6.83141846026309e-07,0.002207537715452069,0.10416666666666667,-0.0007066584074316185,-0.0006186526200811688,-0.0012959183659404516,per_model_kept_independent_plus_common_union
Qwen_Qwen3-14B,14B,14.0,5120,hidden_dim,exp_c,think,gsm8k_test_000625,think,canonical,,True,thinking_segment,thinking,6,exp_c_segment_sample,256,256,0.0005944696255028248,0.0037766782342032457,0.0003774238866753876,0.06522335112094879,3.7358670772813776e-05,0.003784878455217258,0.08984375,-0.0026796288336438626,-0.0018698726630645979,-0.005277927033603191,per_model_kept_independent_plus_common_union
Qwen_Qwen3-14B,14B,14.0,5120,hidden_dim,exp_c,think,gsm8k_test_000625,think,canonical,,True,thinking_segment,thinking,13,exp_c_segment_sample,256,256,0.0008877175743691624,0.002901179446325841,0.0005193402175791562,0.017604921013116837,5.53554315548084e-06,0.0029421871892277396,0.12109375,-0.0011935673975775741,-0.0010193062271355302,-0.002252432517707348,per_model_kept_independent_plus_common_union
Qwen_Qwen3-14B,14B,14.0,5120,hidden_dim,exp_c,think,gsm8k_test_000625,think,canonical,,True,thinking_segment,thinking,20,exp_c_segment_sample,256,256,0.0011801210464909672,0.002680436546143028,0.0006411591893993318,0.016382068395614624,3.131061141360581e-06,0.0026950128921555657,0.16015625,-0.000541761257806858,-0.000456098971881147,-0.0012959183659404516,per_model_kept_independent_plus_common_union
Qwen_Qwen3-14B,14B,14.0,5120,hidden_dim,exp_c,think,gsm8k_test_000640,think,canonical,,False,answer_segment,think_answer,6,exp_c_segment_sample,69,69,0.0005944696255028248,0.002562967037944042,0.0006131214322522283,0.012690129689872265,6.1426887100516855e-06,0.002505439631503952,0.0,-0.0013162066924287377,-0.0012647791817370388,-0.004804214462637901,per_model_kept_independent_plus_common_union
Qwen_Qwen3-14B,14B,14.0,5120,hidden_dim,exp_c,think,gsm8k_test_000640,think,canonical,,False,answer_segment,think_answer,13,exp_c_segment_sample,69,69,0.0008877175743691624,0.002238833957075047,0.0008773772278800607,0.008401164785027504,2.1181137180668145e-06,0.0022212661492898513,0.014492753623188406,-0.0009119491769660337,-0.0008756153272568351,-0.0031836971174925566,per_model_kept_independent_plus_common_union
Qwen_Qwen3-14B,14B,14.0,5120,hidden_dim,exp_c,think,gsm8k_test_000640,think,canonical,,False,answer_segment,think_answer,20,exp_c_segment_sample,69,69,0.0011801210464909672,0.0021326725929638073,0.000863390218000859,0.006329244934022427,1.0791522693950917e-06,0.0021228253702728957,0.11594202898550725,-0.0006279478501817723,-0.0006577867574782837,-0.002682923572137952,per_model_kept_independent_plus_common_union
Qwen_Qwen3-14B,14B,14.0,5120,hidden_dim,exp_c,think,gsm8k_test_000640,think,canonical,,False,thinking_segment,thinking,6,exp_c_segment_sample,256,256,0.0005944696255028248,0.0034846900567231387,0.00024091482919175178,0.039309632033109665,3.9663279529322963e-05,0.003397439593694546,0.27734375,-0.0027473639948965532,-0.0026954909908454283,-0.004804214462637901,per_model_kept_independent_plus_common_union
Qwen_Qwen3-14B,14B,14.0,5120,hidden_dim,exp_c,think,gsm8k_test_000640,think,canonical,,False,thinking_segment,thinking,13,exp_c_segment_sample,256,256,0.0008877175743691624,0.0025822930741696837,0.00039587574428878725,0.018571343272924423,8.992068706210825e-06,0.0025589538902202236,0.37109375,-0.0012215285988816831,-0.0013106075271025475,-0.0031836971174925566,per_model_kept_independent_plus_common_union
Qwen_Qwen3-14B,14B,14.0,5120,hidden_dim,exp_c,think,gsm8k_test_000640,think,canonical,,False,thinking_segment,thinking,20,exp_c_segment_sample,256,256,0.0011801210464909672,0.002427107607218204,0.000575152225792408,0.010373728349804878,3.7179543097512818e-06,0.0024053481935417246,0.27734375,-0.0014883377029649637,-0.0011963973156525753,-0.002682923572137952,per_model_kept_independent_plus_common_union
Qwen_Qwen3-14B,14B,14.0,5120,hidden_dim,exp_c,think,gsm8k_test_000697,think,canonical,,True,answer_segment,think_answer,6,exp_c_segment_sample,61,61,0.0005944696255028248,0.0023801433701129233,0.0006998907774686813,0.010899058543145657,4.5405979248825455e-06,0.0023143074436423675,0.0,0.00027919018997932585,0.0004687131768150721,-0.0019391763489693403,per_model_kept_independent_plus_common_union
Qwen_Qwen3-14B,14B,14.0,5120,hidden_dim,exp_c,think,gsm8k_test_000697,think,canonical,,True,answer_segment,think_answer,13,exp_c_segment_sample,61,61,0.0008877175743691624,0.001939064732439755,0.0007414639112539589,0.008132906630635262,1.3744032126380165e-06,0.0019163537508575244,0.03278688524590164,-0.0010767714244188922,-0.0006878949679958168,-0.00015640584751963615,per_model_kept_independent_plus_common_union
Qwen_Qwen3-14B,14B,14.0,5120,hidden_dim,exp_c,think,gsm8k_test_000697,think,canonical,,True,answer_segment,think_answer,20,exp_c_segment_sample,61,61,0.0011801210464909672,0.0019916757429781994,0.0008013959741219878,0.004094928503036499,5.047841013761108e-07,0.0019666798238176853,0.14754098360655737,-0.00046445998510455096,-0.0001596886540937703,0.00011537759564816952,per_model_kept_independent_plus_common_union
Qwen_Qwen3-14B,14B,14.0,5120,hidden_dim,exp_c,think,gsm8k_test_000697,think,canonical,,True,thinking_segment,thinking,6,exp_c_segment_sample,256,256,0.0005944696255028248,0.0029351390711553904,0.00028382849995978177,0.03386176377534866,2.7597511744603128e-05,0.002926327804553022,0.265625,-0.00241742971003181,-0.0016734831233407022,-0.0019391763489693403,per_model_kept_independent_plus_common_union
Qwen_Qwen3-14B,14B,14.0,5120,hidden_dim,exp_c,think,gsm8k_test_000697,think,canonical,,True,thinking_segment,thinking,13,exp_c_segment_sample,256,256,0.0008877175743691624,0.0020112148059752144,0.00039685977390035987,0.019733678549528122,4.697784381031353e-06,0.0020182240628576335,0.3125,-0.001485124063080974,-0.0011306325086479774,-0.00015640584751963615,per_model_kept_independent_plus_common_union
Qwen_Qwen3-14B,14B,14.0,5120,hidden_dim,exp_c,think,gsm8k_test_000697,think,canonical,,True,thinking_segment,thinking,20,exp_c_segment_sample,256,256,0.0011801210464909672,0.0020562642271215736,0.0005408475990407169,0.009769647382199764,1.9947843589584294e-06,0.0020462705137658066,0.25390625,-0.0010163837185490643,-0.0006929387836862588,0.00011537759564816952,per_model_kept_independent_plus_common_union
Qwen_Qwen3-14B,14B,14.0,5120,hidden_dim,exp_c,think,gsm8k_test_000713,think,canonical,,True,answer_segment,think_answer,6,exp_c_segment_sample,49,49,0.0005944696255028248,0.0032035505639066045,0.0006794441724196076,0.012964104302227497,6.5642954259493094e-06,0.0031356171130028088,0.0,-0.0025353705677755066,-0.0015149408808121313,-0.0008818511851131916,per_model_kept_independent_plus_common_union
Qwen_Qwen3-14B,14B,14.0,5120,hidden_dim,exp_c,think,gsm8k_test_000713,think,canonical,,True,answer_segment,think_answer,13,exp_c_segment_sample,49,49,0.0008877175743691624,0.0025336427081908497,0.0006603082292713225,0.0062340740114450455,2.143862713599906e-06,0.0025208464770306214,0.14285714285714285,-0.002669189663565891,-0.0019464110552619856,-0.00023329141549766064,per_model_kept_independent_plus_common_union
Qwen_Qwen3-14B,14B,14.0,5120,hidden_dim,exp_c,think,gsm8k_test_000713,think,canonical,,True,answer_segment,think_answer,20,exp_c_segment_sample,49,49,0.0011801210464909672,0.0024673402777454835,0.000715224479790777,0.005029120482504368,1.0676863402933237e-06,0.002437154734555709,0.10204081632653061,-0.001951023166980216,-0.0014781211368524686,0.0002774489112198353,per_model_kept_independent_plus_common_union
Qwen_Qwen3-14B,14B,14.0,5120,hidden_dim,exp_c,think,gsm8k_test_000713,think,canonical,,True,thinking_segment,thinking,6,exp_c_segment_sample,256,256,0.0005944696255028248,0.003092145879804775,0.0003871438093483448,0.034410905092954636,2.254804381657411e-05,0.003039257184181702,0.11328125,-8.613489703880047e-05,5.3427200943518324e-05,-0.0008818511851131916,per_model_kept_independent_plus_common_union
Qwen_Qwen3-14B,14B,14.0,5120,hidden_dim,exp_c,think,gsm8k_test_000713,think,canonical,,True,thinking_segment,thinking,13,exp_c_segment_sample,256,256,0.0008877175743691624,0.002637623334521777,0.0006676284829154611,0.016540680080652237,5.419317956919488e-06,0.0026657234414285223,0.09765625,-0.00011026655860078365,0.00012653762600026456,-0.00023329141549766064,per_model_kept_independent_plus_common_union
Qwen_Qwen3-14B,14B,14.0,5120,hidden_dim,exp_c,think,gsm8k_test_000713,think,canonical,,True,thinking_segment,thinking,20,exp_c_segment_sample,256,256,0.0011801210464909672,0.0025825776074270834,0.0008412547176703811,0.008961519226431847,1.9581704869863356e-06,0.0025699889263792325,0.04296875,-0.0007193043498600117,-0.0003584217960731343,0.0002774489112198353,per_model_kept_independent_plus_common_union
Qwen_Qwen3-14B,14B,14.0,5120,hidden_dim,exp_c,think,gsm8k_test_000760,think,canonical,,True,answer_segment,think_answer,6,exp_c_segment_sample,71,71,0.0005944696255028248,0.002698729062308623,0.000621634884737432,0.012449519708752632,7.274202482253264e-06,0.0026244820245275536,0.0,-0.0033135128034248174,-0.0025099139731739545,-0.005840587895363569,per_model_kept_independent_plus_common_union
Qwen_Qwen3-14B,14B,14.0,5120,hidden_dim,exp_c,think,gsm8k_test_000760,think,canonical,,True,answer_segment,think_answer,13,exp_c_segment_sample,71,71,0.0008877175743691624,0.0026588780923523536,0.0008593349484726787,0.01242307759821415,4.533653478240291e-06,0.002639990241732448,0.014084507042253521,-0.003423595782686378,-0.00282467372663733,-0.0016166307032108307,per_model_kept_independent_plus_common_union
Qwen_Qwen3-14B,14B,14.0,5120,hidden_dim,exp_c,think,gsm8k_test_000760,think,canonical,,True,answer_segment,think_answer,20,exp_c_segment_sample,71,71,0.0011801210464909672,0.002229065804834097,0.000708579202182591,0.00645914301276207,7.952132703363748e-07,0.002220654908368098,0.07042253521126761,-0.0011820335276184408,-0.0008460176436023582,-0.0005892077460885048,per_model_kept_independent_plus_common_union
Qwen_Qwen3-14B,14B,14.0,5120,hidden_dim,exp_c,think,gsm8k_test_000760,think,canonical,,True,thinking_segment,thinking,6,exp_c_segment_sample,244,244,0.0005944696255028248,0.0030884820547815582,0.0002836106577888131,0.03882712125778198,2.8527959071311128e-05,0.003035680477487291,0.14754098360655737,0.0003333142675128294,-0.0003901430759693453,-0.005840587895363569,per_model_kept_independent_plus_common_union
Qwen_Qwen3-14B,14B,14.0,5120,hidden_dim,exp_c,think,gsm8k_test_000760,think,canonical,,True,thinking_segment,thinking,13,exp_c_segment_sample,244,244,0.0008877175743691624,0.002327718990749954,0.0005219461163505912,0.01553221233189106,3.3660625525545376e-06,0.002288507262423037,0.11475409836065574,-9.679554831885948e-05,-0.0002908891307373271,-0.0016166307032108307,per_model_kept_independent_plus_common_union
Qwen_Qwen3-14B,14B,14.0,5120,hidden_dim,exp_c,think,gsm8k_test_000760,think,canonical,,True,thinking_segment,thinking,20,exp_c_segment_sample,244,244,0.0011801210464909672,0.0022748365283077276,0.0007417775923386216,0.006489184685051441,1.2719652627419577e-06,0.00226530082137688,0.11885245901639344,-0.0002323286521182922,-0.0002348614516897037,-0.0005892077460885048,per_model_kept_independent_plus_common_union
Qwen_Qwen3-14B,14B,14.0,5120,hidden_dim,exp_c,think,gsm8k_test_000776,think,canonical,,True,answer_segment,think_answer,6,exp_c_segment_sample,53,53,0.0005944696255028248,0.0031480305369082345,0.0007320946315303445,0.010683880187571049,7.259177242974434e-06,0.003065142416744493,0.0,-0.000989487759800199,-0.0012202197020607336,0.0007853810675442219,per_model_kept_independent_plus_common_union
Qwen_Qwen3-14B,14B,14.0,5120,hidden_dim,exp_c,think,gsm8k_test_000776,think,canonical,,True,answer_segment,think_answer,13,exp_c_segment_sample,53,53,0.0008877175743691624,0.002475575125503863,0.000906261324416846,0.007035909686237574,1.8523018185045852e-06,0.002461319810558612,0.0,-0.0014424869747719153,-0.001561525880658467,-0.0005953675135970116,per_model_kept_independent_plus_common_union
Qwen_Qwen3-14B,14B,14.0,5120,hidden_dim,exp_c,think,gsm8k_test_000776,think,canonical,,True,answer_segment,think_answer,20,exp_c_segment_sample,53,53,0.0011801210464909672,0.0023690766285894053,0.0009934299159795046,0.006978145334869623,1.1382675777952415e-06,0.002343586887806081,0.07547169811320754,-0.0004294571990002742,-0.0006511242245323956,-0.0004807033110409975,per_model_kept_independent_plus_common_union
Qwen_Qwen3-14B,14B,14.0,5120,hidden_dim,exp_c,think,gsm8k_test_000776,think,canonical,,True,thinking_segment,thinking,6,exp_c_segment_sample,256,256,0.0005944696255028248,0.003784774355153786,0.00039563802420161664,0.04534902796149254,3.794999959326824e-05,0.00389391407692948,0.1328125,-0.0003798234934358326,-0.000912264661565132,0.0007853810675442219,per_model_kept_independent_plus_common_union
Qwen_Qwen3-14B,14B,14.0,5120,hidden_dim,exp_c,think,gsm8k_test_000776,think,canonical,,True,thinking_segment,thinking,13,exp_c_segment_sample,256,256,0.0008877175743691624,0.0029522574625389097,0.0005559849669225514,0.03031890094280243,9.040932325023597e-06,0.0030068483595879604,0.16015625,-8.394123917843383e-05,-0.0003189545495843049,-0.0005953675135970116,per_model_kept_independent_plus_common_union
Qwen_Qwen3-14B,14B,14.0,5120,hidden_dim,exp_c,think,gsm8k_test_000776,think,canonical,,True,thinking_segment,thinking,20,exp_c_segment_sample,256,256,0.0011801210464909672,0.0027927460764658463,0.0007095620967447758,0.011767350137233734,3.0095790609692524e-06,0.0028246880636120645,0.1015625,-0.00018089576359617087,-0.00029019034263910726,-0.0004807033110409975,per_model_kept_independent_plus_common_union
Qwen_Qwen3-14B,14B,14.0,5120,hidden_dim,exp_c,think,gsm8k_test_000814,think,canonical,,False,answer_segment,think_answer,6,exp_c_segment_sample,67,67,0.0005944696255028248,0.004230559042502028,0.0004154691123403609,0.025977909564971924,2.762939239012371e-05,0.0040522329650367755,0.08955223880597014,-0.004578981109971676,-0.0042584288543473705,0.0029317582957446575,per_model_kept_independent_plus_common_union
Qwen_Qwen3-14B,14B,14.0,5120,hidden_dim,exp_c,think,gsm8k_test_000814,think,canonical,,False,answer_segment,think_answer,13,exp_c_segment_sample,67,67,0.0008877175743691624,0.0024539869454161113,0.0006357401725836098,0.006337120197713375,1.942508326253105e-06,0.0024352073166731066,0.07462686567164178,-0.001944773337369192,-0.0016572955064475536,-0.0018188273534178734,per_model_kept_independent_plus_common_union
Qwen_Qwen3-14B,14B,14.0,5120,hidden_dim,exp_c,think,gsm8k_test_000814,think,canonical,,False,answer_segment,think_answer,20,exp_c_segment_sample,67,67,0.0011801210464909672,0.0023729788172475773,0.0008260499453172088,0.007515336386859417,1.4529257414198547e-06,0.0023408845855473464,0.1044776119402985,-0.0012847904771173114,-0.0012042706229669206,-0.0004872945137321949,per_model_kept_independent_plus_common_union
Qwen_Qwen3-14B,14B,14.0,5120,hidden_dim,exp_c,think,gsm8k_test_000814,think,canonical,,False,thinking_segment,thinking,6,exp_c_segment_sample,256,256,0.0005944696255028248,0.004426777863045572,0.00034527076059021056,0.06421511620283127,6.388308870645849e-05,0.0044524358904588805,0.09375,-0.007190629660338392,-0.004257925976617116,0.0029317582957446575,per_model_kept_independent_plus_common_union
Qwen_Qwen3-14B,14B,14.0,5120,hidden_dim,exp_c,think,gsm8k_test_000814,think,canonical,,False,thinking_segment,thinking,13,exp_c_segment_sample,256,256,0.0008877175743691624,0.0029190111670232,0.000492582272272557,0.017620161175727844,6.186827861292376e-06,0.002932454865363326,0.07421875,-0.0022300924169182243,-0.0014572076770491549,-0.0018188273534178734,per_model_kept_independent_plus_common_union
Qwen_Qwen3-14B,14B,14.0,5120,hidden_dim,exp_c,think,gsm8k_test_000814,think,canonical,,False,thinking_segment,thinking,20,exp_c_segment_sample,256,256,0.0011801210464909672,0.0027572585122470628,0.0009500737069174647,0.007787509821355343,1.8720326574022354e-06,0.002780126816054647,0.01953125,-0.0010693372081039074,-0.0007143961884139571,-0.0004872945137321949,per_model_kept_independent_plus_common_union
Qwen_Qwen3-14B,14B,14.0,5120,hidden_dim,exp_c,think,gsm8k_test_000875,think,canonical,,True,answer_segment,think_answer,6,exp_c_segment_sample,53,53,0.0005944696255028248,0.0029800972090770475,0.0007839739555492997,0.009972400963306427,5.616953725603015e-06,0.002899319599516905,0.0,-0.0017183268048841516,-0.0012508817266539806,-0.0001389537937939167,per_model_kept_independent_plus_common_union
Qwen_Qwen3-14B,14B,14.0,5120,hidden_dim,exp_c,think,gsm8k_test_000875,think,canonical,,True,answer_segment,think_answer,13,exp_c_segment_sample,53,53,0.0008877175743691624,0.0025449366614064377,0.0006266425480134785,0.006670034024864435,2.093621191103866e-06,0.002533191892255742,0.05660377358490566,-0.002480339127606406,-0.002278634496698422,-0.0004922924563288689,per_model_kept_independent_plus_common_union
Qwen_Qwen3-14B,14B,14.0,5120,hidden_dim,exp_c,think,gsm8k_test_000875,think,canonical,,True,answer_segment,think_answer,20,exp_c_segment_sample,53,53,0.0011801210464909672,0.002714112854589058,0.0008484174613840878,0.007829787209630013,2.04204312051349e-06,0.002711081708324714,0.07547169811320754,-0.002138881786458926,-0.001787036008733724,0.000585947185754776,per_model_kept_independent_plus_common_union
Qwen_Qwen3-14B,14B,14.0,5120,hidden_dim,exp_c,think,gsm8k_test_000875,think,canonical,,True,thinking_segment,thinking,6,exp_c_segment_sample,247,247,0.0005944696255028248,0.003270448224033655,0.0003634061140473932,0.0366559699177742,2.721195191310899e-05,0.0032317519472576895,0.07692307692307693,-0.00017031425907623634,-0.0009471019016458622,-0.0001389537937939167,per_model_kept_independent_plus_common_union
Qwen_Qwen3-14B,14B,14.0,5120,hidden_dim,exp_c,think,gsm8k_test_000875,think,canonical,,True,thinking_segment,thinking,13,exp_c_segment_sample,247,247,0.0008877175743691624,0.0026875804270323563,0.0007109317230060697,0.012839557603001595,4.071051008054463e-06,0.002664852088338098,0.048582995951417005,-0.000405113082403277,-0.0007211333187672518,-0.0004922924563288689,per_model_kept_independent_plus_common_union
Qwen_Qwen3-14B,14B,14.0,5120,hidden_dim,exp_c,think,gsm8k_test_000875,think,canonical,,True,thinking_segment,thinking,20,exp_c_segment_sample,247,247,0.0011801210464909672,0.002632867151339678,0.000869454350322485,0.0104281697422266,1.9750113280360715e-06,0.002621726392734251,0.06072874493927125,-0.0007667782869722328,-0.0007300932643814913,0.000585947185754776,per_model_kept_independent_plus_common_union
Qwen_Qwen3-14B,14B,14.0,5120,hidden_dim,exp_c,think,gsm8k_test_000901,think,canonical,,True,answer_segment,think_answer,6,exp_c_segment_sample,43,43,0.0005944696255028248,0.004034600737721248,0.0007007214007899165,0.016483359038829803,1.3568043628017507e-05,0.004021761243209421,0.0,-0.005855773107481462,-0.004566587269602513,-0.002111438661813736,per_model_kept_independent_plus_common_union
Qwen_Qwen3-14B,14B,14.0,5120,hidden_dim,exp_c,think,gsm8k_test_000901,think,canonical,,True,answer_segment,think_answer,13,exp_c_segment_sample,43,43,0.0008877175743691624,0.0025179700297844965,0.0007309537031687796,0.005584801081568003,1.3766448817152922e-06,0.002526266931367684,0.09302325581395349,-0.0015787565261105873,-0.0013192388419569895,-0.0019222365226596594,per_model_kept_independent_plus_common_union
Qwen_Qwen3-14B,14B,14.0,5120,hidden_dim,exp_c,think,gsm8k_test_000901,think,canonical,,True,answer_segment,think_answer,20,exp_c_segment_sample,43,43,0.0011801210464909672,0.0024206718865803683,0.0008764796075411141,0.0049037388525903225,1.011099014283298e-06,0.002427320914908446,0.13953488372093023,-0.0015823096655905808,-0.0013384121332571588,-0.0009508177172392607,per_model_kept_independent_plus_common_union
Qwen_Qwen3-14B,14B,14.0,5120,hidden_dim,exp_c,think,gsm8k_test_000901,think,canonical,,True,thinking_segment,thinking,6,exp_c_segment_sample,256,256,0.0005944696255028248,0.004049065273989072,0.0003959331661462784,0.04136521369218826,4.587462401159829e-05,0.0038802633794192435,0.11328125,-0.0033404336373125997,-0.0016801572713750204,-0.002111438661813736,per_model_kept_independent_plus_common_union
Qwen_Qwen3-14B,14B,14.0,5120,hidden_dim,exp_c,think,gsm8k_test_000901,think,canonical,,True,thinking_segment,thinking,13,exp_c_segment_sample,256,256,0.0008877175743691624,0.002875276441955066,0.0005103020230308175,0.022365422919392586,9.471293575182798e-06,0.002853321003005954,0.12890625,-0.0015463133173186834,-0.0009118386526377155,-0.0019222365226596594,per_model_kept_independent_plus_common_union
Qwen_Qwen3-14B,14B,14.0,5120,hidden_dim,exp_c,think,gsm8k_test_000901,think,canonical,,True,thinking_segment,thinking,20,exp_c_segment_sample,256,256,0.0011801210464909672,0.0029104288255439315,0.0008294934523291886,0.022989926859736443,4.852453484070428e-06,0.0029192337355445357,0.12890625,-0.0014532514070348982,-0.0010394163752117983,-0.0009508177172392607,per_model_kept_independent_plus_common_union
Qwen_Qwen3-14B,14B,14.0,5120,hidden_dim,exp_c,think,gsm8k_test_000915,think,canonical,,True,answer_segment,think_answer,6,exp_c_segment_sample,58,58,0.0005944696255028248,0.0028043620976828166,0.0007458394393324852,0.023141030222177505,1.3299663976568887e-05,0.002723338843217087,0.0,0.00010164326321783193,0.00040744790264094855,0.0025778799317777157,per_model_kept_independent_plus_common_union
Qwen_Qwen3-14B,14B,14.0,5120,hidden_dim,exp_c,think,gsm8k_test_000915,think,canonical,,True,answer_segment,think_answer,13,exp_c_segment_sample,58,58,0.0008877175743691624,0.002146587402013869,0.0009592011338099837,0.008150328882038593,1.5308562607164325e-06,0.002133226792099314,0.0,4.545619742848994e-06,0.00016901671576003254,0.0007105646654963493,per_model_kept_independent_plus_common_union
Qwen_Qwen3-14B,14B,14.0,5120,hidden_dim,exp_c,think,gsm8k_test_000915,think,canonical,,True,answer_segment,think_answer,20,exp_c_segment_sample,58,58,0.0011801210464909672,0.0021855007046191342,0.0010367159266024828,0.004232222680002451,6.803880434261417e-07,0.0021739715787892537,0.08620689655172414,0.0005792204158904249,0.0006533352658152579,-0.00017543090507388115,per_model_kept_independent_plus_common_union
Qwen_Qwen3-14B,14B,14.0,5120,hidden_dim,exp_c,think,gsm8k_test_000915,think,canonical,,True,thinking_segment,thinking,6,exp_c_segment_sample,157,157,0.0005944696255028248,0.0031580117944135645,0.00040731090120971203,0.0249371025711298,1.9845738392602623e-05,0.003079383216502791,0.06369426751592357,-4.219840437402971e-05,-0.0007156973450037187,0.0025778799317777157,per_model_kept_independent_plus_common_union
Qwen_Qwen3-14B,14B,14.0,5120,hidden_dim,exp_c,think,gsm8k_test_000915,think,canonical,,True,thinking_segment,thinking,13,exp_c_segment_sample,157,157,0.0008877175743691624,0.0024646403758110374,0.0007674127118662,0.010908035561442375,2.662741278555409e-06,0.002427460314207472,0.025477707006369428,0.00014580389782526426,-9.863929299172005e-05,0.0007105646654963493,per_model_kept_independent_plus_common_union
Qwen_Qwen3-14B,14B,14.0,5120,hidden_dim,exp_c,think,gsm8k_test_000915,think,canonical,,True,thinking_segment,thinking,20,exp_c_segment_sample,157,157,0.0011801210464909672,0.0026128287664406997,0.0009568481473252177,0.008533955551683903,1.8977255526721444e-06,0.0025982674993335823,0.07006369426751592,0.0003995829279522712,0.00013707601465284824,-0.00017543090507388115,per_model_kept_independent_plus_common_union
Qwen_Qwen3-14B,14B,14.0,5120,hidden_dim,exp_c,think,gsm8k_test_000923,think,canonical,,False,answer_segment,think_answer,6,exp_c_segment_sample,59,59,0.0005944696255028248,0.0035362364092873314,0.0007766900234855711,0.012674182653427124,9.533309453598497e-06,0.0034760260344322393,0.0,-0.003080801939654907,-0.002800889429636299,-0.009784933179616928,per_model_kept_independent_plus_common_union
Qwen_Qwen3-14B,14B,14.0,5120,hidden_dim,exp_c,think,gsm8k_test_000923,think,canonical,,False,answer_segment,think_answer,13,exp_c_segment_sample,59,59,0.0008877175743691624,0.0023608942293183153,0.0007738014683127403,0.0059705693274736404,1.3341908231154806e-06,0.002326359899096384,0.01694915254237288,-0.0011940381809342978,-0.000995768808449308,-0.004021765664219856,per_model_kept_independent_plus_common_union
Qwen_Qwen3-14B,14B,14.0,5120,hidden_dim,exp_c,think,gsm8k_test_000923,think,canonical,,False,answer_segment,think_answer,20,exp_c_segment_sample,59,59,0.0011801210464909672,0.0025233905969613817,0.0009015495888888836,0.006033713463693857,1.3435854194383265e-06,0.0025061291877324855,0.1694915254237288,-0.0012686569786283337,-0.0008894035243429245,-0.005316158290952444,per_model_kept_independent_plus_common_union
Qwen_Qwen3-14B,14B,14.0,5120,hidden_dim,exp_c,think,gsm8k_test_000923,think,canonical,,False,thinking_segment,thinking,6,exp_c_segment_sample,256,256,0.0005944696255028248,0.00403804148004383,0.0002717290190048516,0.04793711006641388,5.323986267749697e-05,0.0038728620836009286,0.1875,-0.0014363769736631803,-0.0014520507688757789,-0.009784933179616928,per_model_kept_independent_plus_common_union
Qwen_Qwen3-14B,14B,14.0,5120,hidden_dim,exp_c,think,gsm8k_test_000923,think,canonical,,False,thinking_segment,thinking,13,exp_c_segment_sample,256,256,0.0008877175743691624,0.00257129370390885,0.00045634241541847587,0.015832901000976562,6.829059167177374e-06,0.0025332374315001757,0.22265625,0.00022696026410680016,-6.698537617921829e-06,-0.004021765664219856,per_model_kept_independent_plus_common_union
Qwen_Qwen3-14B,14B,14.0,5120,hidden_dim,exp_c,think,gsm8k_test_000923,think,canonical,,False,thinking_segment,thinking,20,exp_c_segment_sample,256,256,0.0011801210464909672,0.0026378802122053457,0.0007235486409626901,0.014228932559490204,4.323630151201648e-06,0.002609855943524186,0.20703125,0.00047794760603879315,0.00022461643311544321,-0.005316158290952444,per_model_kept_independent_plus_common_union
Qwen_Qwen3-14B,14B,14.0,5120,hidden_dim,exp_c,think,gsm8k_test_000924,think,canonical,,True,answer_segment,think_answer,6,exp_c_segment_sample,47,47,0.0005944696255028248,0.003144061508677662,0.0006986327352933586,0.01089702732861042,5.445183917746406e-06,0.003079066780628636,0.0,-0.0013870671893063773,-0.0005795890756417066,-0.003303715493530035,per_model_kept_independent_plus_common_union
Qwen_Qwen3-14B,14B,14.0,5120,hidden_dim,exp_c,think,gsm8k_test_000924,think,canonical,,True,answer_segment,think_answer,13,exp_c_segment_sample,47,47,0.0008877175743691624,0.002654901176859486,0.0008431961759924889,0.00721710454672575,2.308113983135824e-06,0.0026379482322068802,0.0425531914893617,-0.0017629303202216348,-0.0008899778331397103,0.00045463815331459045,per_model_kept_independent_plus_common_union
Qwen_Qwen3-14B,14B,14.0,5120,hidden_dim,exp_c,think,gsm8k_test_000924,think,canonical,,True,answer_segment,think_answer,20,exp_c_segment_sample,47,47,0.0011801210464909672,0.002538516902008114,0.0008003672701306641,0.008826812729239464,1.6989442953266068e-06,0.00253221794264391,0.10638297872340426,-0.000522331668106107,-0.0005466238750765722,0.0001751445233821869,per_model_kept_independent_plus_common_union
Qwen_Qwen3-14B,14B,14.0,5120,hidden_dim,exp_c,think,gsm8k_test_000924,think,canonical,,True,thinking_segment,thinking,6,exp_c_segment_sample,256,256,0.0005944696255028248,0.004449200722206115,0.00022764262394048274,0.05422468110918999,5.933243697652781e-05,0.004320764201366457,0.125,-0.0020136823560449727,-0.001763695367571927,-0.003303715493530035,per_model_kept_independent_plus_common_union
Qwen_Qwen3-14B,14B,14.0,5120,hidden_dim,exp_c,think,gsm8k_test_000924,think,canonical,,True,thinking_segment,thinking,13,exp_c_segment_sample,256,256,0.0008877175743691624,0.002838151533069322,0.00041253090603277087,0.014283409342169762,5.472301662547468e-06,0.002831470154563499,0.109375,-0.0007548022382807703,-0.0006613120021938812,0.00045463815331459045,per_model_kept_independent_plus_common_union
Qwen_Qwen3-14B,14B,14.0,5120,hidden_dim,exp_c,think,gsm8k_test_000924,think,canonical,,True,thinking_segment,thinking,20,exp_c_segment_sample,256,256,0.0011801210464909672,0.0028791090653612628,0.0006125146173872054,0.010133632458746433,2.760166672462948e-06,0.0028605363167210555,0.12890625,-0.000636027656670766,-0.0005581022996921092,0.0001751445233821869,per_model_kept_independent_plus_common_union
Qwen_Qwen3-14B,14B,14.0,5120,hidden_dim,exp_c,think,gsm8k_test_000965,think,canonical,,True,answer_segment,think_answer,6,exp_c_segment_sample,52,52,0.0005944696255028248,0.0024226562885675007,0.0006086676148697734,0.009397592395544052,4.031615080293354e-06,0.0023506469910453054,0.0,-0.0012102032416359562,-0.0007497891962814792,0.0012869893107563257,per_model_kept_independent_plus_common_union
Qwen_Qwen3-14B,14B,14.0,5120,hidden_dim,exp_c,think,gsm8k_test_000965,think,canonical,,True,answer_segment,think_answer,13,exp_c_segment_sample,52,52,0.0008877175743691624,0.002069604046902476,0.0007971279555931687,0.004290365148335695,8.788312047152786e-07,0.002039020706433803,0.019230769230769232,-0.0014170904429504408,-0.001155441425418338,2.8826063498854637e-05,per_model_kept_independent_plus_common_union
Qwen_Qwen3-14B,14B,14.0,5120,hidden_dim,exp_c,think,gsm8k_test_000965,think,canonical,,True,answer_segment,think_answer,20,exp_c_segment_sample,52,52,0.0011801210464909672,0.002121697756452844,0.0009161800262518227,0.0050966390408575535,6.393956424083693e-07,0.002092979107663839,0.057692307692307696,-0.0010923485240627983,-0.0008740190980741035,0.0005694534629583359,per_model_kept_independent_plus_common_union
Qwen_Qwen3-14B,14B,14.0,5120,hidden_dim,exp_c,think,gsm8k_test_000965,think,canonical,,True,thinking_segment,thinking,6,exp_c_segment_sample,256,256,0.0005944696255028248,0.00326643574476293,0.00040088570676743984,0.03251350671052933,2.1624375894017737e-05,0.003235175735414795,0.10546875,-0.0025473832178320166,-0.0019040693005081266,0.0012869893107563257,per_model_kept_independent_plus_common_union
Qwen_Qwen3-14B,14B,14.0,5120,hidden_dim,exp_c,think,gsm8k_test_000965,think,canonical,,True,thinking_segment,thinking,13,exp_c_segment_sample,256,256,0.0008877175743691624,0.00287850459017136,0.0006570332916453481,0.01751144602894783,6.754864692101447e-06,0.002887159454064513,0.0546875,-0.0018093106596270873,-0.0012913878425024452,2.8826063498854637e-05,per_model_kept_independent_plus_common_union
Qwen_Qwen3-14B,14B,14.0,5120,hidden_dim,exp_c,think,gsm8k_test_000965,think,canonical,,True,thinking_segment,thinking,20,exp_c_segment_sample,256,256,0.0011801210464909672,0.0026442140879225917,0.0008068699389696121,0.012473799288272858,2.5488428630992644e-06,0.002650751232643334,0.046875,-0.001197613983600881,-0.0008973467808503373,0.0005694534629583359,per_model_kept_independent_plus_common_union
Qwen_Qwen3-14B,14B,14.0,5120,hidden_dim,exp_c,think,gsm8k_test_001031,think,canonical,,True,answer_segment,think_answer,6,exp_c_segment_sample,56,56,0.0005944696255028248,0.003174579433107283,0.0005886577419005334,0.012071237899363041,6.4461800216593665e-06,0.003095494990702718,0.017857142857142856,-0.002473656483860231,-0.0019249314500484611,-0.0029974961653351784,per_model_kept_independent_plus_common_union
Qwen_Qwen3-14B,14B,14.0,5120,hidden_dim,exp_c,think,gsm8k_test_001031,think,canonical,,True,answer_segment,think_answer,13,exp_c_segment_sample,56,56,0.0008877175743691624,0.0022139789445126162,0.0006474350229837,0.005515572149306536,1.1137992212039245e-06,0.0022064663850787014,0.08928571428571429,-0.0015437006729364373,-0.0012767243772811654,-0.0013497041072696447,per_model_kept_independent_plus_common_union
Qwen_Qwen3-14B,14B,14.0,5120,hidden_dim,exp_c,think,gsm8k_test_001031,think,canonical,,True,answer_segment,think_answer,20,exp_c_segment_sample,56,56,0.0011801210464909672,0.002367997795642753,0.000740229501388967,0.004541529342532158,8.567120254582378e-07,0.0023475264707072214,0.125,-0.001156133133042743,-0.000891493134466665,2.215476706624031e-05,per_model_kept_independent_plus_common_union
Qwen_Qwen3-14B,14B,14.0,5120,hidden_dim,exp_c,think,gsm8k_test_001031,think,canonical,,True,thinking_segment,thinking,6,exp_c_segment_sample,256,256,0.0005944696255028248,0.003240434060558073,0.0004435533774085343,0.05203505605459213,3.580805380865636e-05,0.0032467158193820794,0.0390625,-0.0015329701350237897,-0.0016531621467947843,-0.0029974961653351784,per_model_kept_independent_plus_common_union
Qwen_Qwen3-14B,14B,14.0,5120,hidden_dim,exp_c,think,gsm8k_test_001031,think,canonical,,True,thinking_segment,thinking,13,exp_c_segment_sample,256,256,0.0008877175743691624,0.0022901420727521327,0.0006706010899506509,0.013658637180924416,2.963370571699237e-06,0.0022700470813618394,0.09765625,-0.0008139779916136307,-0.0008986926568468334,-0.0013497041072696447,per_model_kept_independent_plus_common_union
Qwen_Qwen3-14B,14B,14.0,5120,hidden_dim,exp_c,think,gsm8k_test_001031,think,canonical,,True,thinking_segment,thinking,20,exp_c_segment_sample,256,256,0.0011801210464909672,0.0024577256435804884,0.0008054826175794005,0.009646466933190823,1.727231313312991e-06,0.0024535205322889922,0.05859375,-0.0005273502205896478,-0.0005668103785865242,2.215476706624031e-05,per_model_kept_independent_plus_common_union
Qwen_Qwen3-14B,14B,14.0,5120,hidden_dim,exp_c,think,gsm8k_test_001038,think,canonical,,True,answer_segment,think_answer,6,exp_c_segment_sample,64,64,0.0005944696255028248,0.0030838022676107357,0.00039732916047796607,0.016515428200364113,1.091038421370818e-05,0.003035587568153878,0.140625,-0.004703774408223517,-0.0036625843531510327,-0.0011367984116077423,per_model_kept_independent_plus_common_union
Qwen_Qwen3-14B,14B,14.0,5120,hidden_dim,exp_c,think,gsm8k_test_001038,think,canonical,,True,answer_segment,think_answer,13,exp_c_segment_sample,64,64,0.0008877175743691624,0.0020541409257930354,0.000657778640743345,0.005886397324502468,1.1563869286970745e-06,0.002040922480066203,0.078125,-0.0013144074346760509,-0.001060363127180608,-0.0032277903519570827,per_model_kept_independent_plus_common_union
Qwen_Qwen3-14B,14B,14.0,5120,hidden_dim,exp_c,think,gsm8k_test_001038,think,canonical,,True,answer_segment,think_answer,20,exp_c_segment_sample,64,64,0.0011801210464909672,0.002354978254516027,0.0008386585977859795,0.0070246681571006775,1.1233934233536444e-06,0.0023323472659473143,0.109375,-0.0012595431062576495,-0.0007704393683525268,-0.0006630516145378351,per_model_kept_independent_plus_common_union
Qwen_Qwen3-14B,14B,14.0,5120,hidden_dim,exp_c,think,gsm8k_test_001038,think,canonical,,True,thinking_segment,thinking,6,exp_c_segment_sample,256,256,0.0005944696255028248,0.0037749695511593018,0.00034668747684918344,0.03605077043175697,3.29164261146857e-05,0.003781542225887817,0.1328125,-0.0016317608518772576,-0.0011442896652624768,-0.0011367984116077423,per_model_kept_independent_plus_common_union
Qwen_Qwen3-14B,14B,14.0,5120,hidden_dim,exp_c,think,gsm8k_test_001038,think,canonical,,True,thinking_segment,thinking,13,exp_c_segment_sample,256,256,0.0008877175743691624,0.003055019369639922,0.0005331752472557127,0.02817912958562374,9.72098941111592e-06,0.0030601027048834523,0.08984375,-0.0017442491432559234,-0.0015880055661909864,-0.0032277903519570827,per_model_kept_independent_plus_common_union
Qwen_Qwen3-14B,14B,14.0,5120,hidden_dim,exp_c,think,gsm8k_test_001038,think,canonical,,True,thinking_segment,thinking,20,exp_c_segment_sample,256,256,0.0011801210464909672,0.002714880072971937,0.0007627552258782089,0.011824590153992176,2.7528833740806617e-06,0.0026872227098387186,0.078125,-0.0007445117149099188,-0.0005485358169607935,-0.0006630516145378351,per_model_kept_independent_plus_common_union
Qwen_Qwen3-14B,14B,14.0,5120,hidden_dim,exp_c,think,gsm8k_test_001043,think,canonical,,True,answer_segment,think_answer,6,exp_c_segment_sample,52,52,0.0005944696255028248,0.0026927911094389856,0.0007447382668033242,0.017758946865797043,9.182313270700514e-06,0.002527657174961824,0.0,0.0017414361092157916,0.0019414610936879539,-0.00603239331394434,per_model_kept_independent_plus_common_union
Qwen_Qwen3-14B,14B,14.0,5120,hidden_dim,exp_c,think,gsm8k_test_001043,think,canonical,,True,answer_segment,think_answer,13,exp_c_segment_sample,52,52,0.0008877175743691624,0.002083599112945824,0.0008823812822811306,0.004333567805588245,8.231153639303617e-07,0.0020512507306229247,0.019230769230769232,-0.0005016190945055921,-7.031854385366803e-05,-0.00340706086717546,per_model_kept_independent_plus_common_union
Qwen_Qwen3-14B,14B,14.0,5120,hidden_dim,exp_c,think,gsm8k_test_001043,think,canonical,,True,answer_segment,think_answer,20,exp_c_segment_sample,52,52,0.0011801210464909672,0.0020979549198483047,0.0009624798549339175,0.004076693207025528,5.509618382756759e-07,0.0020807639629507033,0.07692307692307693,-2.699235693452816e-05,9.361178112717765e-05,-0.0015468359924852848,per_model_kept_independent_plus_common_union
Qwen_Qwen3-14B,14B,14.0,5120,hidden_dim,exp_c,think,gsm8k_test_001043,think,canonical,,True,thinking_segment,thinking,6,exp_c_segment_sample,256,256,0.0005944696255028248,0.0027448759636854447,0.0003473908291198313,0.02988319657742977,2.0458183403804886e-05,0.0027094567753017354,0.15234375,-0.0020363854637493123,-0.0019052805155297392,-0.00603239331394434,per_model_kept_independent_plus_common_union
Qwen_Qwen3-14B,14B,14.0,5120,hidden_dim,exp_c,think,gsm8k_test_001043,think,canonical,,True,thinking_segment,thinking,13,exp_c_segment_sample,256,256,0.0008877175743691624,0.002434347834082473,0.00040262978291139007,0.015477953478693962,4.711042618580723e-06,0.002414195553371465,0.1484375,-0.0013159144270881386,-0.0012517179502538056,-0.00340706086717546,per_model_kept_independent_plus_common_union
Qwen_Qwen3-14B,14B,14.0,5120,hidden_dim,exp_c,think,gsm8k_test_001043,think,canonical,,True,thinking_segment,thinking,20,exp_c_segment_sample,256,256,0.0011801210464909672,0.0024547367665945785,0.0006763039855286479,0.013372959569096565,2.236988085902841e-06,0.0024532516235199883,0.140625,-0.0007617679826351884,-0.0007411031010633451,-0.0015468359924852848,per_model_kept_independent_plus_common_union
Qwen_Qwen3-14B,14B,14.0,5120,hidden_dim,exp_c,think,gsm8k_test_001058,think,canonical,,True,answer_segment,think_answer,6,exp_c_segment_sample,61,61,0.0005944696255028248,0.0037098268312249394,0.0007159581873565912,0.036924250423908234,2.8103622380524483e-05,0.003618392029117482,0.0,-0.004335764230148683,-0.003771830266487086,0.0005738101899623871,per_model_kept_independent_plus_common_union
Qwen_Qwen3-14B,14B,14.0,5120,hidden_dim,exp_c,think,gsm8k_test_001058,think,canonical,,True,answer_segment,think_answer,13,exp_c_segment_sample,61,61,0.0008877175743691624,0.002883068209544557,0.0008047947776503861,0.010463833808898926,4.393914760563564e-06,0.002872407318015273,0.01639344262295082,-0.002893546085813565,-0.0025127754524874035,-0.0014776717871427536,per_model_kept_independent_plus_common_union
Qwen_Qwen3-14B,14B,14.0,5120,hidden_dim,exp_c,think,gsm8k_test_001058,think,canonical,,True,answer_segment,think_answer,20,exp_c_segment_sample,61,61,0.0011801210464909672,0.0023541829709085773,0.0010040902998298407,0.005054786801338196,9.980169492885576e-07,0.00233197074655133,0.04918032786885246,-0.00092152086697767,-0.0008839190486469306,-0.0004969094879925251,per_model_kept_independent_plus_common_union
Qwen_Qwen3-14B,14B,14.0,5120,hidden_dim,exp_c,think,gsm8k_test_001058,think,canonical,,True,thinking_segment,thinking,6,exp_c_segment_sample,239,239,0.0005944696255028248,0.0028081754576629145,0.00033176751458086073,0.05275953933596611,3.272375440700158e-05,0.0027563363446231857,0.1799163179916318,-0.0007125438021244612,-0.0004782181660023827,0.0005738101899623871,per_model_kept_independent_plus_common_union
Qwen_Qwen3-14B,14B,14.0,5120,hidden_dim,exp_c,think,gsm8k_test_001058,think,canonical,,True,thinking_segment,thinking,13,exp_c_segment_sample,239,239,0.0008877175743691624,0.0021694807672315904,0.0004961303784511983,0.017758533358573914,5.162801263838831e-06,0.002127250460584985,0.22594142259414227,-0.0009754946834805204,-0.0006363151371867088,-0.0014776717871427536,per_model_kept_independent_plus_common_union
Qwen_Qwen3-14B,14B,14.0,5120,hidden_dim,exp_c,think,gsm8k_test_001058,think,canonical,,True,thinking_segment,thinking,20,exp_c_segment_sample,239,239,0.0011801210464909672,0.0023484157264879496,0.0006794457440264523,0.012158545665442944,2.671861359638719e-06,0.002329459161978967,0.19665271966527198,-0.0008544829910548978,-0.0006201176952648291,-0.0004969094879925251,per_model_kept_independent_plus_common_union
Qwen_Qwen3-14B,14B,14.0,5120,hidden_dim,exp_c,think,gsm8k_test_001059,think,canonical,,True,answer_segment,think_answer,6,exp_c_segment_sample,51,51,0.0005944696255028248,0.0030608744367354493,0.0005336756585165858,0.013506087474524975,7.518407607170171e-06,0.002936199525138364,0.058823529411764705,-0.0015920693019501892,-0.0010033667383070747,-0.011655343696475029,per_model_kept_independent_plus_common_union
Qwen_Qwen3-14B,14B,14.0,5120,hidden_dim,exp_c,think,gsm8k_test_001059,think,canonical,,True,answer_segment,think_answer,13,exp_c_segment_sample,51,51,0.0008877175743691624,0.0022076962244076035,0.0006468839710578322,0.005053292028605938,1.067766919252442e-06,0.002199208181118592,0.0784313725490196,-0.0012971382468045423,-0.0011079003138897512,-0.002069626236334443,per_model_kept_independent_plus_common_union
Qwen_Qwen3-14B,14B,14.0,5120,hidden_dim,exp_c,think,gsm8k_test_001059,think,canonical,,True,answer_segment,think_answer,20,exp_c_segment_sample,51,51,0.0011801210464909672,0.0024559601317342443,0.0008480321848765016,0.005751294083893299,1.0734353613377582e-06,0.0024139701004605735,0.0784313725490196,-0.0010197474579095012,-0.0007557962179327244,-0.0001480479259043932,per_model_kept_independent_plus_common_union
Qwen_Qwen3-14B,14B,14.0,5120,hidden_dim,exp_c,think,gsm8k_test_001059,think,canonical,,True,thinking_segment,thinking,6,exp_c_segment_sample,200,200,0.0005944696255028248,0.004303674917318858,0.00031278011738322675,0.04272615909576416,4.8608133044368734e-05,0.00426244743498295,0.1,-0.0002294787694265707,-0.0017933766014175487,-0.011655343696475029,per_model_kept_independent_plus_common_union
Qwen_Qwen3-14B,14B,14.0,5120,hidden_dim,exp_c,think,gsm8k_test_001059,think,canonical,,True,thinking_segment,thinking,13,exp_c_segment_sample,200,200,0.0008877175743691624,0.0026143859414150938,0.0005238522426225245,0.02147935889661312,4.980807911046767e-06,0.0026020055429673,0.065,-0.001040520883068002,-0.001142020227853209,-0.002069626236334443,per_model_kept_independent_plus_common_union
Qwen_Qwen3-14B,14B,14.0,5120,hidden_dim,exp_c,think,gsm8k_test_001059,think,canonical,,True,thinking_segment,thinking,20,exp_c_segment_sample,200,200,0.0011801210464909672,0.002572636229451746,0.0008565656025893986,0.00929501187056303,2.154554772875214e-06,0.0025659555606731225,0.085,-0.0009468013589763892,-0.0008207799843512474,-0.0001480479259043932,per_model_kept_independent_plus_common_union
Qwen_Qwen3-14B,14B,14.0,5120,hidden_dim,exp_c,think,gsm8k_test_001094,think,canonical,,True,answer_segment,think_answer,6,exp_c_segment_sample,41,41,0.0005944696255028248,0.0033489163090452186,0.0008139341371133924,0.009786499664187431,6.152988385154425e-06,0.003305009662290104,0.0,-0.0015890641366731889,-0.001433784353800795,-0.0026930258609354496,per_model_kept_independent_plus_common_union
Qwen_Qwen3-14B,14B,14.0,5120,hidden_dim,exp_c,think,gsm8k_test_001094,think,canonical,,True,answer_segment,think_answer,13,exp_c_segment_sample,41,41,0.0008877175743691624,0.0024258641940655143,0.0007745148614048958,0.01022561825811863,2.596057185978291e-06,0.002419293942512013,0.07317073170731707,-0.0019932727804829295,-0.0019145094450901854,-0.0015899091958999634,per_model_kept_independent_plus_common_union
Qwen_Qwen3-14B,14B,14.0,5120,hidden_dim,exp_c,think,gsm8k_test_001094,think,canonical,,True,answer_segment,think_answer,20,exp_c_segment_sample,41,41,0.0011801210464909672,0.0023013651796911913,0.0010915795573964715,0.006276242434978485,7.507115077501547e-07,0.002303142327582463,0.024390243902439025,-0.0005061125645628134,-0.0006166163472120056,-0.000677760224789381,per_model_kept_independent_plus_common_union
Qwen_Qwen3-14B,14B,14.0,5120,hidden_dim,exp_c,think,gsm8k_test_001094,think,canonical,,True,thinking_segment,thinking,6,exp_c_segment_sample,256,256,0.0005944696255028248,0.004113742179640667,0.0002082551654893905,0.1162305623292923,8.558071668473381e-05,0.003921395616630895,0.1953125,-0.003860702708897985,-0.003298737769140504,-0.0026930258609354496,per_model_kept_independent_plus_common_union
Qwen_Qwen3-14B,14B,14.0,5120,hidden_dim,exp_c,think,gsm8k_test_001094,think,canonical,,True,thinking_segment,thinking,13,exp_c_segment_sample,256,256,0.0008877175743691624,0.002769807052231954,0.00046129064867272973,0.026509378105401993,8.206430220896156e-06,0.0026958181386341983,0.16015625,-0.0017864001214601697,-0.0017854305378233008,-0.0015899091958999634,per_model_kept_independent_plus_common_union
Qwen_Qwen3-14B,14B,14.0,5120,hidden_dim,exp_c,think,gsm8k_test_001094,think,canonical,,True,thinking_segment,thinking,20,exp_c_segment_sample,256,256,0.0011801210464909672,0.0027519508948898874,0.0005972014041617513,0.01393074356019497,3.3101090727037863e-06,0.0027325133508721393,0.12890625,-0.0010192157328286636,-0.001000633324460628,-0.000677760224789381,per_model_kept_independent_plus_common_union
Qwen_Qwen3-14B,14B,14.0,5120,hidden_dim,exp_c,think,gsm8k_test_001096,think,canonical,,True,answer_segment,think_answer,6,exp_c_segment_sample,61,61,0.0005944696255028248,0.004354561583642833,0.0007963984389789402,0.021242890506982803,1.7389797078350642e-05,0.004310721919561427,0.0,-0.0053301590459966935,-0.00390032738505397,-0.010142402723431587,per_model_kept_independent_plus_common_union
Qwen_Qwen3-14B,14B,14.0,5120,hidden_dim,exp_c,think,gsm8k_test_001096,think,canonical,,True,answer_segment,think_answer,13,exp_c_segment_sample,61,61,0.0008877175743691624,0.002872656837113385,0.0007477207109332085,0.008646050468087196,2.242208937237938e-06,0.002859402710843521,0.03278688524590164,-0.002550370758584057,-0.0019025602450710721,-0.0014983364380896091,per_model_kept_independent_plus_common_union
Qwen_Qwen3-14B,14B,14.0,5120,hidden_dim,exp_c,think,gsm8k_test_001096,think,canonical,,True,answer_segment,think_answer,20,exp_c_segment_sample,61,61,0.0011801210464909672,0.0026804085937328637,0.0007898571784608066,0.005550278816372156,1.3059795786593932e-06,0.002667601653956808,0.06557377049180328,-0.0014903866602201444,-0.0010964391112793237,-0.000423079589381814,per_model_kept_independent_plus_common_union
Qwen_Qwen3-14B,14B,14.0,5120,hidden_dim,exp_c,think,gsm8k_test_001096,think,canonical,,True,thinking_segment,thinking,6,exp_c_segment_sample,256,256,0.0005944696255028248,0.0036968171771150082,0.00043465610360726714,0.051690034568309784,5.1137800650634484e-05,0.003559457745556749,0.140625,-0.0016287831841032625,-0.0015909720386844128,-0.010142402723431587,per_model_kept_independent_plus_common_union
Qwen_Qwen3-14B,14B,14.0,5120,hidden_dim,exp_c,think,gsm8k_test_001096,think,canonical,,True,thinking_segment,thinking,13,exp_c_segment_sample,256,256,0.0008877175743691624,0.0025656403297489305,0.0004781506140716374,0.015767976641654968,6.290917228900589e-06,0.002557965299476766,0.1640625,-0.001475789667716345,-0.0013373864076129394,-0.0014983364380896091,per_model_kept_independent_plus_common_union
Qwen_Qwen3-14B,14B,14.0,5120,hidden_dim,exp_c,think,gsm8k_test_001096,think,canonical,,True,thinking_segment,thinking,20,exp_c_segment_sample,256,256,0.0011801210464909672,0.0025465628430083598,0.0005795860779471695,0.011426105163991451,2.8032917344941978e-06,0.002555493391697216,0.1328125,-0.0010020443825231912,-0.0009985910810428322,-0.000423079589381814,per_model_kept_independent_plus_common_union
Qwen_Qwen3-14B,14B,14.0,5120,hidden_dim,exp_c,think,gsm8k_test_001144,think,canonical,,True,answer_segment,think_answer,6,exp_c_segment_sample,53,53,0.0005944696255028248,0.0034768246751243495,0.0006533408304676414,0.012307999655604362,7.07425251016352e-06,0.003443394149564064,0.0,-0.0028376388512415074,-0.0018341613675667235,-0.006962032988667488,per_model_kept_independent_plus_common_union
Qwen_Qwen3-14B,14B,14.0,5120,hidden_dim,exp_c,think,gsm8k_test_001144,think,canonical,,True,answer_segment,think_answer,13,exp_c_segment_sample,53,53,0.0008877175743691624,0.0029279310036591203,0.0006702138925902545,0.008367236703634262,2.9745893475463022e-06,0.0029291265482942644,0.07547169811320754,-0.0031347650557705647,-0.002545268827816471,-0.0004158681258559227,per_model_kept_independent_plus_common_union
Qwen_Qwen3-14B,14B,14.0,5120,hidden_dim,exp_c,think,gsm8k_test_001144,think,canonical,,True,answer_segment,think_answer,20,exp_c_segment_sample,53,53,0.0011801210464909672,0.002715094973781269,0.0009668447892181575,0.00529913604259491,1.0877540108126004e-06,0.002700870508516136,0.09433962264150944,-0.0016202562299715147,-0.0013187797781678712,0.00019842525944113731,per_model_kept_independent_plus_common_union
Qwen_Qwen3-14B,14B,14.0,5120,hidden_dim,exp_c,think,gsm8k_test_001144,think,canonical,,True,thinking_segment,thinking,6,exp_c_segment_sample,242,242,0.0005944696255028248,0.0033140637288168306,0.00036059453850612044,0.039036884903907776,3.371893396319946e-05,0.0032601607194183875,0.08264462809917356,-0.0010437366985499514,-0.001136887001282093,-0.006962032988667488,per_model_kept_independent_plus_common_union
Qwen_Qwen3-14B,14B,14.0,5120,hidden_dim,exp_c,think,gsm8k_test_001144,think,canonical,,True,thinking_segment,thinking,13,exp_c_segment_sample,242,242,0.0008877175743691624,0.002286882914962586,0.0005373611929826438,0.011031409725546837,2.7063095835632485e-06,0.002262219407690372,0.09090909090909091,-0.0005131971555208565,-0.0003008334143621634,-0.0004158681258559227,per_model_kept_independent_plus_common_union
Qwen_Qwen3-14B,14B,14.0,5120,hidden_dim,exp_c,think,gsm8k_test_001144,think,canonical,,True,thinking_segment,thinking,20,exp_c_segment_sample,242,242,0.0011801210464909672,0.002441413940386539,0.0008369130082428455,0.010021421127021313,1.7043974108591911e-06,0.002432933669678356,0.09090909090909091,-0.00027506325957093997,-0.0001517069739762878,0.00019842525944113731,per_model_kept_independent_plus_common_union
Qwen_Qwen3-14B,14B,14.0,5120,hidden_dim,exp_c,think,gsm8k_test_001182,think,canonical,,True,answer_segment,think_answer,6,exp_c_segment_sample,63,63,0.0005944696255028248,0.002635083188088463,0.0007980013033375144,0.010813547298312187,5.149095286150787e-06,0.0025468184809846386,0.0,-0.0006583929680346045,-0.00027551718449103646,-0.0009401445277035236,per_model_kept_independent_plus_common_union
Qwen_Qwen3-14B,14B,14.0,5120,hidden_dim,exp_c,think,gsm8k_test_001182,think,canonical,,True,answer_segment,think_answer,13,exp_c_segment_sample,63,63,0.0008877175743691624,0.0022880329828088484,0.0009267262066714466,0.006983934435993433,1.3043201120582683e-06,0.002271357531313814,0.0,-0.0016060818202926642,-0.0013611685499199666,-0.003460960229858756,per_model_kept_independent_plus_common_union
Qwen_Qwen3-14B,14B,14.0,5120,hidden_dim,exp_c,think,gsm8k_test_001182,think,canonical,,True,answer_segment,think_answer,20,exp_c_segment_sample,63,63,0.0011801210464909672,0.0023611007195468697,0.0010567114222794771,0.00666783144697547,8.697635131028235e-07,0.0023435243412912375,0.015873015873015872,-0.0009330546291450801,-0.000792248421930708,6.686663255095482e-05,per_model_kept_independent_plus_common_union
Qwen_Qwen3-14B,14B,14.0,5120,hidden_dim,exp_c,think,gsm8k_test_001182,think,canonical,,True,thinking_segment,thinking,6,exp_c_segment_sample,256,256,0.0005944696255028248,0.002922412063412594,0.0003163959481753409,0.029465828090906143,1.975864101532753e-05,0.002912485777952268,0.2265625,-0.0029946841366135547,-0.0030588730055569613,-0.0009401445277035236,per_model_kept_independent_plus_common_union
Qwen_Qwen3-14B,14B,14.0,5120,hidden_dim,exp_c,think,gsm8k_test_001182,think,canonical,,True,thinking_segment,thinking,13,exp_c_segment_sample,256,256,0.0008877175743691624,0.002689403872636831,0.0005702043417841196,0.019875265657901764,7.320501806641808e-06,0.0026429837779431958,0.12890625,-0.0024084263310248113,-0.0022839006305730436,-0.003460960229858756,per_model_kept_independent_plus_common_union
Qwen_Qwen3-14B,14B,14.0,5120,hidden_dim,exp_c,think,gsm8k_test_001182,think,canonical,,True,thinking_segment,thinking,20,exp_c_segment_sample,256,256,0.0011801210464909672,0.0025467182883858186,0.0008535970700904727,0.009549898095428944,1.988651930334664e-06,0.0025340355019204423,0.09765625,-0.0010957360687574762,-0.0010916023693425814,6.686663255095482e-05,per_model_kept_independent_plus_common_union
Qwen_Qwen3-14B,14B,14.0,5120,hidden_dim,exp_c,think,gsm8k_test_001201,think,canonical,,True,answer_segment,think_answer,6,exp_c_segment_sample,67,67,0.0005944696255028248,0.0028626273226326528,0.0006979781901463866,0.018946591764688492,7.72763399703388e-06,0.0027248595954116545,0.0,-0.0006459568871661081,-0.0006798017797443792,-0.002382858656346798,per_model_kept_independent_plus_common_union
Qwen_Qwen3-14B,14B,14.0,5120,hidden_dim,exp_c,think,gsm8k_test_001201,think,canonical,,True,answer_segment,think_answer,13,exp_c_segment_sample,67,67,0.0008877175743691624,0.0025183256105658835,0.0007048343541100621,0.008671650663018227,2.313555676417972e-06,0.0024937102897445475,0.04477611940298507,-0.0013961531029714925,-0.0013055973754757468,-0.0005652164109051228,per_model_kept_independent_plus_common_union
Qwen_Qwen3-14B,14B,14.0,5120,hidden_dim,exp_c,think,gsm8k_test_001201,think,canonical,,True,answer_segment,think_answer,20,exp_c_segment_sample,67,67,0.0011801210464909672,0.002419277710263242,0.0008145422907546163,0.00524804275482893,1.0094614664073138e-06,0.0024007106699035366,0.07462686567164178,-0.0008054768510859499,-0.0007518005543662343,0.0002632010728120804,per_model_kept_independent_plus_common_union
Qwen_Qwen3-14B,14B,14.0,5120,hidden_dim,exp_c,think,gsm8k_test_001201,think,canonical,,True,thinking_segment,thinking,6,exp_c_segment_sample,256,256,0.0005944696255028248,0.003400985375719756,0.0003255736664868891,0.03277891129255295,3.077980364871742e-05,0.003316621491211226,0.16015625,0.000807896628296895,0.0008157407742146461,-0.002382858656346798,per_model_kept_independent_plus_common_union
Qwen_Qwen3-14B,14B,14.0,5120,hidden_dim,exp_c,think,gsm8k_test_001201,think,canonical,,True,thinking_segment,thinking,13,exp_c_segment_sample,256,256,0.0008877175743691624,0.002714833490244928,0.0004984628176316619,0.018258072435855865,8.060662170758174e-06,0.0026755136754622482,0.19921875,0.000555733635590736,0.00033992257431236794,-0.0005652164109051228,per_model_kept_independent_plus_common_union
Qwen_Qwen3-14B,14B,14.0,5120,hidden_dim,exp_c,think,gsm8k_test_001201,think,canonical,,True,thinking_segment,thinking,20,exp_c_segment_sample,256,256,0.0011801210464909672,0.002873132508739218,0.0006691777962259948,0.013777457177639008,4.181250521805016e-06,0.0028623658349033135,0.12890625,-0.0009532332286026647,-0.0006999630613790941,0.0002632010728120804,per_model_kept_independent_plus_common_union
Qwen_Qwen3-14B,14B,14.0,5120,hidden_dim,exp_c,think,gsm8k_test_001209,think,canonical,,True,answer_segment,think_answer,6,exp_c_segment_sample,57,57,0.0005944696255028248,0.003747364956468932,0.0004217198002152145,0.015417573973536491,1.3906386842892011e-05,0.0036218665450828023,0.05263157894736842,-0.0054622221393290996,-0.005001411247455205,0.0014035576023161411,per_model_kept_independent_plus_common_union
Qwen_Qwen3-14B,14B,14.0,5120,hidden_dim,exp_c,think,gsm8k_test_001209,think,canonical,,True,answer_segment,think_answer,13,exp_c_segment_sample,57,57,0.0008877175743691624,0.002667577970944541,0.0004668408655561507,0.01033877395093441,4.0855927487588245e-06,0.0026580047009961815,0.12280701754385964,-0.003011811845986592,-0.0028123877787341674,-0.00012705777771770954,per_model_kept_independent_plus_common_union
Qwen_Qwen3-14B,14B,14.0,5120,hidden_dim,exp_c,think,gsm8k_test_001209,think,canonical,,True,answer_segment,think_answer,20,exp_c_segment_sample,57,57,0.0011801210464909672,0.0022674619011875045,0.0005381905357353389,0.006767272017896175,1.2036416186265138e-06,0.002258892961045993,0.10526315789473684,-0.0016333738596731309,-0.0015674535611954828,4.3268315494060516e-05,per_model_kept_independent_plus_common_union
Qwen_Qwen3-14B,14B,14.0,5120,hidden_dim,exp_c,think,gsm8k_test_001209,think,canonical,,True,thinking_segment,thinking,6,exp_c_segment_sample,247,247,0.0005944696255028248,0.0033150788181911975,0.00028916692826896906,0.039924316108226776,2.8052327183712027e-05,0.003269023250251803,0.11336032388663968,-0.004574691099842747,-0.003991249490589384,0.0014035576023161411,per_model_kept_independent_plus_common_union
Qwen_Qwen3-14B,14B,14.0,5120,hidden_dim,exp_c,think,gsm8k_test_001209,think,canonical,,True,thinking_segment,thinking,13,exp_c_segment_sample,247,247,0.0008877175743691624,0.002605262486997479,0.0004926249966956675,0.019458604976534843,6.738872232505795e-06,0.0025797602032004603,0.11336032388663968,-0.0028798544903946405,-0.002510537981100741,-0.00012705777771770954,per_model_kept_independent_plus_common_union
Qwen_Qwen3-14B,14B,14.0,5120,hidden_dim,exp_c,think,gsm8k_test_001209,think,canonical,,True,thinking_segment,thinking,20,exp_c_segment_sample,247,247,0.0011801210464909672,0.0024188453350913698,0.0009197165491059422,0.011485080234706402,2.0793090887400176e-06,0.002403133267932382,0.10121457489878542,-0.001337799928095423,-0.0012281206558503572,4.3268315494060516e-05,per_model_kept_independent_plus_common_union
Qwen_Qwen3-14B,14B,14.0,5120,hidden_dim,exp_c,think,gsm8k_test_001247,think,canonical,,True,answer_segment,think_answer,6,exp_c_segment_sample,56,56,0.0005944696255028248,0.00408698852697853,0.0005528934998437762,0.02703145146369934,2.3273292326375324e-05,0.003818128594535995,0.03571428571428571,-0.000994572237386069,-0.0012384313616036835,-0.0005418788641691208,per_model_kept_independent_plus_common_union
Qwen_Qwen3-14B,14B,14.0,5120,hidden_dim,exp_c,think,gsm8k_test_001247,think,canonical,,True,answer_segment,think_answer,13,exp_c_segment_sample,56,56,0.0008877175743691624,0.002416324065831889,0.0005719562177546322,0.0069368742406368256,1.83413089905768e-06,0.0023959860755977305,0.10714285714285714,-0.001119771765727075,-0.0011045142850239897,-0.00048331310972571373,per_model_kept_independent_plus_common_union
Qwen_Qwen3-14B,14B,14.0,5120,hidden_dim,exp_c,think,gsm8k_test_001247,think,canonical,,True,answer_segment,think_answer,20,exp_c_segment_sample,56,56,0.0011801210464909672,0.00235001889398388,0.0010445190127938986,0.005203444045037031,9.395424108965322e-07,0.0023203076053918766,0.07142857142857142,-0.00024231491917639297,-0.00042865283986819654,0.00026928819715976715,per_model_kept_independent_plus_common_union
Qwen_Qwen3-14B,14B,14.0,5120,hidden_dim,exp_c,think,gsm8k_test_001247,think,canonical,,True,thinking_segment,thinking,6,exp_c_segment_sample,133,133,0.0005944696255028248,0.004459841929190561,0.00041556591168046,0.06300891935825348,4.5347758903879475e-05,0.004389434724351193,0.10526315789473684,-0.002022459702864653,-0.0016879624634063527,-0.0005418788641691208,per_model_kept_independent_plus_common_union
Qwen_Qwen3-14B,14B,14.0,5120,hidden_dim,exp_c,think,gsm8k_test_001247,think,canonical,,True,thinking_segment,thinking,13,exp_c_segment_sample,133,133,0.0008877175743691624,0.0026212451192620385,0.0007367396028712392,0.008652579970657825,2.9574591738131195e-06,0.002588973194096153,0.05263157894736842,-0.00038459363257931203,-0.0003386217011960551,-0.00048331310972571373,per_model_kept_independent_plus_common_union
Qwen_Qwen3-14B,14B,14.0,5120,hidden_dim,exp_c,think,gsm8k_test_001247,think,canonical,,True,thinking_segment,thinking,20,exp_c_segment_sample,133,133,0.0011801210464909672,0.0025459309572465998,0.0008259947644546628,0.010095388628542423,2.231483466868887e-06,0.0025315997552366534,0.10526315789473684,-0.0003798584878192157,-0.0002527400947121136,0.00026928819715976715,per_model_kept_independent_plus_common_union
Qwen_Qwen3-14B,14B,14.0,5120,hidden_dim,exp_c,think,gsm8k_test_001307,think,canonical,,True,answer_segment,think_answer,6,exp_c_segment_sample,48,48,0.0005944696255028248,0.0033606910825862237,0.0005160327418707311,0.019323594868183136,1.256074536849475e-05,0.003232472130355049,0.0625,-0.002376512276265318,-0.002043807044780503,-0.00043624499812722206,per_model_kept_independent_plus_common_union
Qwen_Qwen3-14B,14B,14.0,5120,hidden_dim,exp_c,think,gsm8k_test_001307,think,canonical,,True,answer_segment,think_answer,13,exp_c_segment_sample,48,48,0.0008877175743691624,0.0025480611426852797,0.000529531214851886,0.009007832035422325,3.525708437237089e-06,0.0025473875947237172,0.10416666666666667,-0.002916977175229886,-0.0027707874881646903,-8.017546497285366e-05,per_model_kept_independent_plus_common_union
Qwen_Qwen3-14B,14B,14.0,5120,hidden_dim,exp_c,think,gsm8k_test_001307,think,canonical,,True,answer_segment,think_answer,20,exp_c_segment_sample,48,48,0.0011801210464909672,0.002408281345803213,0.000524338276591152,0.00537464115768671,1.2955503213730098e-06,0.0023880635024088022,0.14583333333333334,-0.0016123799787423282,-0.0014799434138694778,0.000837462954223156,per_model_kept_independent_plus_common_union
Qwen_Qwen3-14B,14B,14.0,5120,hidden_dim,exp_c,think,gsm8k_test_001307,think,canonical,,True,thinking_segment,thinking,6,exp_c_segment_sample,149,149,0.0005944696255028248,0.0034987211562208707,0.0003792914212681353,0.020923424512147903,2.1888017286301752e-05,0.003418073106306996,0.14093959731543623,0.0010490100941270757,-0.0001661362965885353,-0.00043624499812722206,per_model_kept_independent_plus_common_union
Qwen_Qwen3-14B,14B,14.0,5120,hidden_dim,exp_c,think,gsm8k_test_001307,think,canonical,,True,thinking_segment,thinking,13,exp_c_segment_sample,149,149,0.0008877175743691624,0.0023177933922950054,0.0007503858068957925,0.01100538857281208,2.3973360672985575e-06,0.0022774322235302354,0.04697986577181208,0.0003199843279767384,-7.344038826168336e-05,-8.017546497285366e-05,per_model_kept_independent_plus_common_union
Qwen_Qwen3-14B,14B,14.0,5120,hidden_dim,exp_c,think,gsm8k_test_001307,think,canonical,,True,thinking_segment,thinking,20,exp_c_segment_sample,149,149,0.0011801210464909672,0.0023539556423202157,0.000981552409939468,0.007233479525893927,1.1723150576373284e-06,0.002335270974514503,0.040268456375838924,-0.0001263342988396047,-0.0003864333603384074,0.000837462954223156,per_model_kept_independent_plus_common_union
Qwen_Qwen3-32B,32B,32.0,5120,hidden_dim,exp_c,no_think,gsm8k_test_000007,no_think,canonical,,False,answer_segment,no_think_answer,6,exp_c_segment_sample,62,62,0.0004981414065696299,0.0030125073268033203,0.0005225311033427715,0.014884546399116516,9.505482327477853e-06,0.002984780851621792,0.0,-0.003099238995613587,-0.002337878820981132,-0.02120445854961872,per_model_kept_independent_plus_common_union
Qwen_Qwen3-32B,32B,32.0,5120,hidden_dim,exp_c,no_think,gsm8k_test_000007,no_think,canonical,,False,answer_segment,no_think_answer,13,exp_c_segment_sample,62,62,0.0007371394545771182,0.002537115216968701,0.0005002316320315003,0.008525220677256584,2.795857345309594e-06,0.0025067015610192524,0.06451612903225806,-0.001813403087451387,-0.0015112923210836016,-0.005804732907563448,per_model_kept_independent_plus_common_union
Qwen_Qwen3-32B,32B,32.0,5120,hidden_dim,exp_c,no_think,gsm8k_test_000007,no_think,canonical,,False,answer_segment,no_think_answer,20,exp_c_segment_sample,62,62,0.0011159397661685943,0.002436958025247159,0.0006592856952920556,0.006368338130414486,1.519978702309065e-06,0.002417607628931215,0.04838709677419355,-0.0018333126537783662,-0.00137875706423074,-0.0047655897215008736,per_model_kept_independent_plus_common_union
Qwen_Qwen3-32B,32B,32.0,5120,hidden_dim,exp_c,no_think,gsm8k_test_000031,no_think,canonical,,False,answer_segment,no_think_answer,6,exp_c_segment_sample,80,80,0.0004981414065696299,0.002378994574974058,0.0004011791606899351,0.010064003989100456,4.270704562976632e-06,0.0023568000377721717,0.0625,-0.0014114574723795082,-0.0008377080826903693,-0.0035702185705304146,per_model_kept_independent_plus_common_union
Qwen_Qwen3-32B,32B,32.0,5120,hidden_dim,exp_c,no_think,gsm8k_test_000031,no_think,canonical,,False,answer_segment,no_think_answer,13,exp_c_segment_sample,80,80,0.0007371394545771182,0.0026607935833453666,0.00044490303844213486,0.012216621078550816,4.011829803540494e-06,0.002586656714984086,0.1375,-0.0005419737351648678,-0.00036607805523090073,-0.002873822581022978,per_model_kept_independent_plus_common_union
Qwen_Qwen3-32B,32B,32.0,5120,hidden_dim,exp_c,no_think,gsm8k_test_000031,no_think,canonical,,False,answer_segment,no_think_answer,20,exp_c_segment_sample,80,80,0.0011159397661685943,0.0026116315078979825,0.0005446282448247075,0.009845083579421043,2.2940956841296034e-06,0.0025905938575904864,0.1125,-0.000473385009455441,-0.00029689572984352734,-0.005270464811474085,per_model_kept_independent_plus_common_union
Qwen_Qwen3-32B,32B,32.0,5120,hidden_dim,exp_c,no_think,gsm8k_test_000048,no_think,canonical,,True,answer_segment,no_think_answer,6,exp_c_segment_sample,42,42,0.0004981414065696299,0.002531399175668845,0.0007969892467372119,0.006395308766514063,1.9071137437231852e-06,0.0024820135909178094,0.0,0.0004967693879541336,0.00022512544687329408,-0.010270819067955017,per_model_kept_independent_plus_common_union
Qwen_Qwen3-32B,32B,32.0,5120,hidden_dim,exp_c,no_think,gsm8k_test_000048,no_think,canonical,,True,answer_segment,no_think_answer,13,exp_c_segment_sample,42,42,0.0007371394545771182,0.0024282703553104683,0.0008794585010036826,0.006971207447350025,1.5326853713794186e-06,0.002364833083957797,0.0,-0.0003124578914719548,-0.0003598210169002414,-0.005796494428068399,per_model_kept_independent_plus_common_union
Qwen_Qwen3-32B,32B,32.0,5120,hidden_dim,exp_c,no_think,gsm8k_test_000048,no_think,canonical,,True,answer_segment,no_think_answer,20,exp_c_segment_sample,42,42,0.0011159397661685943,0.0021657017946598075,0.001127792289480567,0.005371777340769768,6.17165341024216e-07,0.002134606256376861,0.0,-0.0001356401627703858,-0.00017290073446929455,-0.005749809090048075,per_model_kept_independent_plus_common_union
Qwen_Qwen3-32B,32B,32.0,5120,hidden_dim,exp_c,no_think,gsm8k_test_000054,no_think,canonical,,False,answer_segment,no_think_answer,6,exp_c_segment_sample,39,39,0.0004981414065696299,0.002730391688274745,0.0006963163614273071,0.00770428404211998,3.888103017262513e-06,0.002650579518797857,0.0,0.00042459741637755497,0.0008629597839899359,-0.010643897578120232,per_model_kept_independent_plus_common_union
Qwen_Qwen3-32B,32B,32.0,5120,hidden_dim,exp_c,no_think,gsm8k_test_000054,no_think,canonical,,False,answer_segment,no_think_answer,13,exp_c_segment_sample,39,39,0.0007371394545771182,0.002961338188749953,0.0008279429748654366,0.011474558152258396,4.266464739354938e-06,0.002923236609938996,0.0,-0.0014318108115381053,-0.000707989907823503,-0.009069898165762424,per_model_kept_independent_plus_common_union
Qwen_Qwen3-32B,32B,32.0,5120,hidden_dim,exp_c,no_think,gsm8k_test_000054,no_think,canonical,,False,answer_segment,no_think_answer,20,exp_c_segment_sample,39,39,0.0011159397661685943,0.002734841956482388,0.0009713416802696884,0.008926084265112877,2.9333471542274594e-06,0.002725644148947475,0.07692307692307693,-0.0015982441133998617,-0.0011051215929910544,-0.004285474773496389,per_model_kept_independent_plus_common_union
Qwen_Qwen3-32B,32B,32.0,5120,hidden_dim,exp_c,no_think,gsm8k_test_000099,no_think,canonical,,True,answer_segment,no_think_answer,6,exp_c_segment_sample,53,53,0.0004981414065696299,0.0033088600370628795,0.000622616964392364,0.01830371841788292,7.496367176058128e-06,0.0032949979280461924,0.0,-0.0013093123204158744,-0.001283834260123383,-0.01097080484032631,per_model_kept_independent_plus_common_union
Qwen_Qwen3-32B,32B,32.0,5120,hidden_dim,exp_c,no_think,gsm8k_test_000099,no_think,canonical,,True,answer_segment,no_think_answer,13,exp_c_segment_sample,53,53,0.0007371394545771182,0.0028327026257273864,0.0007255774107761681,0.007677359972149134,2.085859121573367e-06,0.0027994996937475386,0.018867924528301886,-0.0011551485055729545,-0.0010014118410513867,-0.0031919730827212334,per_model_kept_independent_plus_common_union
Qwen_Qwen3-32B,32B,32.0,5120,hidden_dim,exp_c,no_think,gsm8k_test_000099,no_think,canonical,,True,answer_segment,no_think_answer,20,exp_c_segment_sample,53,53,0.0011159397661685943,0.002639610515819546,0.0009904911275953054,0.0060692341066896915,1.437969950189349e-06,0.0026039376523560626,0.03773584905660377,-0.0004971364978700861,-0.0005567740715507947,-0.0005745985545217991,per_model_kept_independent_plus_common_union
Qwen_Qwen3-32B,32B,32.0,5120,hidden_dim,exp_c,no_think,gsm8k_test_000109,no_think,canonical,,True,answer_segment,no_think_answer,6,exp_c_segment_sample,52,52,0.0004981414065696299,0.002909163258244427,0.0008796068141236901,0.011661510914564133,5.0647708533032575e-06,0.0028793435947805208,0.0,-0.0012607075487643979,-0.0010974352391293417,-0.009080460295081139,per_model_kept_independent_plus_common_union
Qwen_Qwen3-32B,32B,32.0,5120,hidden_dim,exp_c,no_think,gsm8k_test_000109,no_think,canonical,,True,answer_segment,no_think_answer,13,exp_c_segment_sample,52,52,0.0007371394545771182,0.002836097881439715,0.0007355193956755102,0.01160184945911169,3.911419938641117e-06,0.00278061153207376,0.019230769230769232,-0.0008187040096336038,-0.0012189969241332547,-0.009669264778494835,per_model_kept_independent_plus_common_union
Qwen_Qwen3-32B,32B,32.0,5120,hidden_dim,exp_c,no_think,gsm8k_test_000109,no_think,canonical,,True,answer_segment,no_think_answer,20,exp_c_segment_sample,52,52,0.0011159397661685943,0.002756592713502379,0.000724752782844007,0.0071667456068098545,1.6720837498950748e-06,0.0027359607207187104,0.07692307692307693,-0.0006975477405655472,-0.0008235295715097049,-0.006287196651101112,per_model_kept_independent_plus_common_union
Qwen_Qwen3-32B,32B,32.0,5120,hidden_dim,exp_c,no_think,gsm8k_test_000112,no_think,canonical,,True,answer_segment,no_think_answer,6,exp_c_segment_sample,42,42,0.0004981414065696299,0.0024784117614174085,0.00040793651714921,0.007742234971374273,3.969664085848384e-06,0.0024248283042674662,0.09523809523809523,-0.0003329814407638777,-7.378773774359025e-05,-0.00698355957865715,per_model_kept_independent_plus_common_union
Qwen_Qwen3-32B,32B,32.0,5120,hidden_dim,exp_c,no_think,gsm8k_test_000112,no_think,canonical,,True,answer_segment,no_think_answer,13,exp_c_segment_sample,42,42,0.0007371394545771182,0.002352401867808242,0.0005089594633318484,0.008864461444318295,2.29019714621044e-06,0.0023170831973846184,0.11904761904761904,-0.0014923304252471908,-0.0010201058149422436,-0.007574551273137331,per_model_kept_independent_plus_common_union
Qwen_Qwen3-32B,32B,32.0,5120,hidden_dim,exp_c,no_think,gsm8k_test_000112,no_think,canonical,,True,answer_segment,no_think_answer,20,exp_c_segment_sample,42,42,0.0011159397661685943,0.0022730821690943445,0.0006810307968407869,0.005522529594600201,1.3408141942789813e-06,0.0022577925417685838,0.16666666666666666,-0.001599550260922429,-0.0013828860828652978,-0.0029761018231511116,per_model_kept_independent_plus_common_union
Qwen_Qwen3-32B,32B,32.0,5120,hidden_dim,exp_c,no_think,gsm8k_test_000118,no_think,canonical,,True,answer_segment,no_think_answer,6,exp_c_segment_sample,52,52,0.0004981414065696299,0.0025782226707983334,0.0005647732177749276,0.010336554609239101,3.6919371909293503e-06,0.00255988798601845,0.0,0.00042942460082810713,-0.000232161304806001,-0.01609177142381668,per_model_kept_independent_plus_common_union
Qwen_Qwen3-32B,32B,32.0,5120,hidden_dim,exp_c,no_think,gsm8k_test_000118,no_think,canonical,,True,answer_segment,no_think_answer,13,exp_c_segment_sample,52,52,0.0007371394545771182,0.0024707303516781675,0.0007645458681508899,0.010101580992341042,2.3358358126566636e-06,0.0023792467180493416,0.0,-9.406065419302776e-05,-0.00018670241563365983,-0.006780614145100117,per_model_kept_independent_plus_common_union
Qwen_Qwen3-32B,32B,32.0,5120,hidden_dim,exp_c,no_think,gsm8k_test_000118,no_think,canonical,,True,answer_segment,no_think_answer,20,exp_c_segment_sample,52,52,0.0011159397661685943,0.002454818253262112,0.0007959837093949318,0.005122520960867405,1.1684193935853962e-06,0.0024140925858827196,0.07692307692307693,-0.00012571744215965014,-0.0002827252207610472,-0.007509717717766762,per_model_kept_independent_plus_common_union
Qwen_Qwen3-32B,32B,32.0,5120,hidden_dim,exp_c,no_think,gsm8k_test_000133,no_think,canonical,,False,answer_segment,no_think_answer,6,exp_c_segment_sample,45,45,0.0004981414065696299,0.002494537989453723,0.0006530700484290719,0.012132460251450539,4.067927277224102e-06,0.0024612791934156444,0.0,-0.0005086824021207667,-0.0001999995050330954,-0.00011616479605436325,per_model_kept_independent_plus_common_union
Qwen_Qwen3-32B,32B,32.0,5120,hidden_dim,exp_c,no_think,gsm8k_test_000133,no_think,canonical,,False,answer_segment,no_think_answer,13,exp_c_segment_sample,45,45,0.0007371394545771182,0.0023813555637995404,0.000855639751534909,0.007484255824238062,1.2566507777363505e-06,0.00230639210679907,0.0,-0.00010054485865639028,-9.557722175183251e-06,-0.00823963899165392,per_model_kept_independent_plus_common_union
Qwen_Qwen3-32B,32B,32.0,5120,hidden_dim,exp_c,no_think,gsm8k_test_000133,no_think,canonical,,False,answer_segment,no_think_answer,20,exp_c_segment_sample,45,45,0.0011159397661685943,0.0022328824606827565,0.0007029433036223054,0.004754625726491213,7.13194330252257e-07,0.0022041991337160157,0.06666666666666667,-0.0006244445266876948,-0.0004620014127188674,-0.003146733157336712,per_model_kept_independent_plus_common_union
Qwen_Qwen3-32B,32B,32.0,5120,hidden_dim,exp_c,no_think,gsm8k_test_000172,no_think,canonical,,False,answer_segment,no_think_answer,6,exp_c_segment_sample,55,55,0.0004981414065696299,0.0025107486591547388,0.0003713048645295203,0.008471320383250713,4.900924442146441e-06,0.002472117846654901,0.09090909090909091,-0.0014481227662015129,-0.0005431678083758535,-0.006739461794495583,per_model_kept_independent_plus_common_union
Qwen_Qwen3-32B,32B,32.0,5120,hidden_dim,exp_c,no_think,gsm8k_test_000172,no_think,canonical,,False,answer_segment,no_think_answer,13,exp_c_segment_sample,55,55,0.0007371394545771182,0.002651701734761115,0.00035050412407144904,0.009156892076134682,2.8370501580959982e-06,0.0025987923818993975,0.07272727272727272,-0.001722876130461132,-0.001262339925493247,-0.007703382521867752,per_model_kept_independent_plus_common_union
Qwen_Qwen3-32B,32B,32.0,5120,hidden_dim,exp_c,no_think,gsm8k_test_000172,no_think,canonical,,False,answer_segment,no_think_answer,20,exp_c_segment_sample,55,55,0.0011159397661685943,0.002402195206377655,0.00045007740845903754,0.0054034823551774025,1.1308513068633934e-06,0.0023683934349618438,0.10909090909090909,-0.0006744462219611168,-0.0005043563432991505,-0.006371441297233105,per_model_kept_independent_plus_common_union
Qwen_Qwen3-32B,32B,32.0,5120,hidden_dim,exp_c,no_think,gsm8k_test_000182,no_think,canonical,,False,answer_segment,no_think_answer,6,exp_c_segment_sample,61,61,0.0004981414065696299,0.0033459655566476895,0.0005932760541327298,0.012590423226356506,6.8542674870391965e-06,0.0032820751386073727,0.0,-0.000944330242692946,-0.0005162134621059522,-0.009501434862613678,per_model_kept_independent_plus_common_union
Qwen_Qwen3-32B,32B,32.0,5120,hidden_dim,exp_c,no_think,gsm8k_test_000182,no_think,canonical,,False,answer_segment,no_think_answer,13,exp_c_segment_sample,61,61,0.0007371394545771182,0.0027711395103652337,0.0007770026568323374,0.009666899219155312,2.7352113445797256e-06,0.0027266485490448156,0.0,-0.0011910333572470704,-0.0006351300435198937,-0.00586348120123148,per_model_kept_independent_plus_common_union
Qwen_Qwen3-32B,32B,32.0,5120,hidden_dim,exp_c,no_think,gsm8k_test_000182,no_think,canonical,,False,answer_segment,no_think_answer,20,exp_c_segment_sample,61,61,0.0011159397661685943,0.00265329467995306,0.0007897253963164985,0.006580042187124491,1.3737194936083977e-06,0.0026287168031558393,0.06557377049180328,-0.0007474887919735829,-0.0004664803927880712,-0.00268941861577332,per_model_kept_independent_plus_common_union
Qwen_Qwen3-32B,32B,32.0,5120,hidden_dim,exp_c,no_think,gsm8k_test_000199,no_think,canonical,,True,answer_segment,no_think_answer,6,exp_c_segment_sample,47,47,0.0004981414065696299,0.0029620098103670047,0.0007245391607284546,0.01252705603837967,8.251577844407207e-06,0.002933984635013115,0.0,-0.0043104920050803,-0.0036058606832132987,-0.008786438964307308,per_model_kept_independent_plus_common_union
Qwen_Qwen3-32B,32B,32.0,5120,hidden_dim,exp_c,no_think,gsm8k_test_000199,no_think,canonical,,True,answer_segment,no_think_answer,13,exp_c_segment_sample,47,47,0.0007371394545771182,0.002389062527923825,0.0007229628972709179,0.00634239986538887,1.4944086553737842e-06,0.0023453102811523104,0.02127659574468085,-0.001432189249131394,-0.001061649207258597,-0.00937389675527811,per_model_kept_independent_plus_common_union
Qwen_Qwen3-32B,32B,32.0,5120,hidden_dim,exp_c,no_think,gsm8k_test_000199,no_think,canonical,,True,answer_segment,no_think_answer,20,exp_c_segment_sample,47,47,0.0011159397661685943,0.0025810261648346452,0.0010846664663404226,0.009723266586661339,2.1831310840127013e-06,0.0025683157449669165,0.0425531914893617,-0.0023341898687500922,-0.001630898826988414,-0.003779758233577013,per_model_kept_independent_plus_common_union
Qwen_Qwen3-32B,32B,32.0,5120,hidden_dim,exp_c,no_think,gsm8k_test_000247,no_think,canonical,,False,answer_segment,no_think_answer,6,exp_c_segment_sample,47,47,0.0004981414065696299,0.003037975077452931,0.00027195431175641716,0.014433709904551506,8.431087387279643e-06,0.003001650134177433,0.0851063829787234,-0.0025786662146392108,-0.0014154905220493674,-0.008859348483383656,per_model_kept_independent_plus_common_union
Qwen_Qwen3-32B,32B,32.0,5120,hidden_dim,exp_c,no_think,gsm8k_test_000247,no_think,canonical,,False,answer_segment,no_think_answer,13,exp_c_segment_sample,47,47,0.0007371394545771182,0.002609094451899898,0.0003124598297290504,0.008400185965001583,2.4142818154375286e-06,0.0025625553990602907,0.10638297872340426,-0.0015129819578934525,-0.0009561881549113123,-0.0024959794245660305,per_model_kept_independent_plus_common_union
Qwen_Qwen3-32B,32B,32.0,5120,hidden_dim,exp_c,no_think,gsm8k_test_000247,no_think,canonical,,False,answer_segment,no_think_answer,20,exp_c_segment_sample,47,47,0.0011159397661685943,0.0023784816656459836,0.0004937619669362903,0.007211313582956791,1.7815065975357584e-06,0.002349883191408994,0.1276595744680851,-0.0015520738769679303,-0.001266448040648053,-0.0055987960658967495,per_model_kept_independent_plus_common_union
Qwen_Qwen3-32B,32B,32.0,5120,hidden_dim,exp_c,no_think,gsm8k_test_000254,no_think,canonical,,True,answer_segment,no_think_answer,6,exp_c_segment_sample,49,49,0.0004981414065696299,0.0028774699573975286,0.0007904155063442886,0.008442645892500877,3.7091819929067893e-06,0.0028587608285306487,0.0,-0.002821371705955542,-0.0018105669699322717,-0.005800307262688875,per_model_kept_independent_plus_common_union
Qwen_Qwen3-32B,32B,32.0,5120,hidden_dim,exp_c,no_think,gsm8k_test_000254,no_think,canonical,,True,answer_segment,no_think_answer,13,exp_c_segment_sample,49,49,0.0007371394545771182,0.0026742221397936953,0.0009381737327203155,0.008243246003985405,2.4552496952360653e-06,0.002659815669176169,0.0,-0.0017201169597327113,-0.0008604360404066169,-0.005339453928172588,per_model_kept_independent_plus_common_union
Qwen_Qwen3-32B,32B,32.0,5120,hidden_dim,exp_c,no_think,gsm8k_test_000254,no_think,canonical,,True,answer_segment,no_think_answer,20,exp_c_segment_sample,49,49,0.0011159397661685943,0.0022796871596757248,0.0011638872092589736,0.00396792171522975,5.250468846427392e-07,0.0022607358599392073,0.0,-0.0012447976168929334,-0.0008781840397904697,-0.0012730732560157776,per_model_kept_independent_plus_common_union
Qwen_Qwen3-32B,32B,32.0,5120,hidden_dim,exp_c,no_think,gsm8k_test_000343,no_think,canonical,,True,answer_segment,no_think_answer,6,exp_c_segment_sample,57,57,0.0004981414065696299,0.0028465530250973083,0.0004966298583894968,0.011654714122414589,5.669696105508264e-06,0.002844176546204835,0.017543859649122806,-0.003942074832217452,-0.003312859439756721,-0.004948585294187069,per_model_kept_independent_plus_common_union
Qwen_Qwen3-32B,32B,32.0,5120,hidden_dim,exp_c,no_think,gsm8k_test_000343,no_think,canonical,,True,answer_segment,no_think_answer,13,exp_c_segment_sample,57,57,0.0007371394545771182,0.003127322503643339,0.0007185955764725804,0.014177354983985424,6.3352227189607085e-06,0.0030808232841081917,0.017543859649122806,-0.00316830746852328,-0.0030403218775366743,-0.004250494763255119,per_model_kept_independent_plus_common_union
Qwen_Qwen3-32B,32B,32.0,5120,hidden_dim,exp_c,no_think,gsm8k_test_000343,no_think,canonical,,True,answer_segment,no_think_answer,20,exp_c_segment_sample,57,57,0.0011159397661685943,0.002786705024303509,0.000914537173230201,0.011662486009299755,4.33470036056466e-06,0.002743476248204908,0.05263157894736842,-0.002578806783243367,-0.0026465307377899682,-0.000663029495626688,per_model_kept_independent_plus_common_union
Qwen_Qwen3-32B,32B,32.0,5120,hidden_dim,exp_c,no_think,gsm8k_test_000361,no_think,canonical,,True,answer_segment,no_think_answer,6,exp_c_segment_sample,75,75,0.0004981414065696299,0.0031025807481879987,0.0004723313613794744,0.016192322596907616,7.60554254759848e-06,0.003051671197927381,0.04,-0.0023946265296054727,-0.0017723331754831107,-0.004264232702553272,per_model_kept_independent_plus_common_union
Qwen_Qwen3-32B,32B,32.0,5120,hidden_dim,exp_c,no_think,gsm8k_test_000361,no_think,canonical,,True,answer_segment,no_think_answer,13,exp_c_segment_sample,75,75,0.0007371394545771182,0.0028561341917763155,0.0005744154332205653,0.008482338860630989,2.838120310832369e-06,0.0028043652009974054,0.05333333333333334,-0.0018881909549236314,-0.0016372842701936241,-0.004113595001399517,per_model_kept_independent_plus_common_union
Qwen_Qwen3-32B,32B,32.0,5120,hidden_dim,exp_c,no_think,gsm8k_test_000361,no_think,canonical,,True,answer_segment,no_think_answer,20,exp_c_segment_sample,75,75,0.0011159397661685943,0.0027404994789200525,0.0008478133822791278,0.00863744132220745,2.119400928912058e-06,0.0027011743679051163,0.04,-0.0013479614054392071,-0.0011302044026945766,-0.005355507135391235,per_model_kept_independent_plus_common_union
Qwen_Qwen3-32B,32B,32.0,5120,hidden_dim,exp_c,no_think,gsm8k_test_000433,no_think,canonical,,True,answer_segment,no_think_answer,6,exp_c_segment_sample,57,57,0.0004981414065696299,0.0031767653703705916,0.0005108572077006102,0.01541948039084673,5.671143136990079e-06,0.0031632720627905136,0.0,-9.635989655640926e-05,-0.0003946707583963871,-0.02017713151872158,per_model_kept_independent_plus_common_union
Qwen_Qwen3-32B,32B,32.0,5120,hidden_dim,exp_c,no_think,gsm8k_test_000433,no_think,canonical,,True,answer_segment,no_think_answer,13,exp_c_segment_sample,57,57,0.0007371394545771182,0.003016477040211229,0.0006077860598452389,0.013365061953663826,5.67405330861103e-06,0.002978750766487792,0.05263157894736842,-0.0005950889218017189,-0.0005830183198365074,-0.015552034601569176,per_model_kept_independent_plus_common_union
Qwen_Qwen3-32B,32B,32.0,5120,hidden_dim,exp_c,no_think,gsm8k_test_000433,no_think,canonical,,True,answer_segment,no_think_answer,20,exp_c_segment_sample,57,57,0.0011159397661685943,0.002782956704195066,0.000674944487400353,0.00868900679051876,2.1969235391753515e-06,0.0027607537038940267,0.08771929824561403,-0.00034857400356641695,-0.00036073237424716353,-0.004142374265938997,per_model_kept_independent_plus_common_union
Qwen_Qwen3-32B,32B,32.0,5120,hidden_dim,exp_c,no_think,gsm8k_test_000449,no_think,canonical,,True,answer_segment,no_think_answer,6,exp_c_segment_sample,48,48,0.0004981414065696299,0.0028558649440431814,0.0008070410112850368,0.00906339567154646,4.181796468379547e-06,0.002764422435343187,0.0,3.321626510504084e-05,0.00040317846772571376,-0.010713886469602585,per_model_kept_independent_plus_common_union
Qwen_Qwen3-32B,32B,32.0,5120,hidden_dim,exp_c,no_think,gsm8k_test_000449,no_think,canonical,,True,answer_segment,no_think_answer,13,exp_c_segment_sample,48,48,0.0007371394545771182,0.0027525672145808735,0.0007549329311586916,0.008668158203363419,2.850075388672897e-06,0.0027095311707717945,0.0,-0.0010199909403145679,-0.0008457894922078895,-0.007552744820713997,per_model_kept_independent_plus_common_union
Qwen_Qwen3-32B,32B,32.0,5120,hidden_dim,exp_c,no_think,gsm8k_test_000449,no_think,canonical,,True,answer_segment,no_think_answer,20,exp_c_segment_sample,48,48,0.0011159397661685943,0.002537515276344493,0.0010251740459352732,0.00667814165353775,1.4230034390632762e-06,0.0025265918489783363,0.0625,-0.000589339055444058,-0.00044686052327354763,-0.004389985464513302,per_model_kept_independent_plus_common_union
Qwen_Qwen3-32B,32B,32.0,5120,hidden_dim,exp_c,no_think,gsm8k_test_000460,no_think,canonical,,True,answer_segment,no_think_answer,6,exp_c_segment_sample,41,41,0.0004981414065696299,0.002719933382894208,0.0003726438735611737,0.009473374113440514,5.140730376383893e-06,0.0026732386962976308,0.07317073170731707,-0.0026405716557477516,-0.0019414853410456667,-0.020105009898543358,per_model_kept_independent_plus_common_union
Qwen_Qwen3-32B,32B,32.0,5120,hidden_dim,exp_c,no_think,gsm8k_test_000460,no_think,canonical,,True,answer_segment,no_think_answer,13,exp_c_segment_sample,41,41,0.0007371394545771182,0.00260753708851819,0.00035402353387326,0.008154349401593208,2.874597039825216e-06,0.002584290433151182,0.0975609756097561,-0.002135567783048688,-0.0017601965122263541,-0.013666302897036076,per_model_kept_independent_plus_common_union
Qwen_Qwen3-32B,32B,32.0,5120,hidden_dim,exp_c,no_think,gsm8k_test_000460,no_think,canonical,,True,answer_segment,no_think_answer,20,exp_c_segment_sample,41,41,0.0011159397661685943,0.0026836677556630315,0.0005530208582058549,0.006129279732704163,1.6262429001199813e-06,0.0026734367944300174,0.12195121951219512,-0.0019730600968120037,-0.0014390264616601848,-0.005020575597882271,per_model_kept_independent_plus_common_union
Qwen_Qwen3-32B,32B,32.0,5120,hidden_dim,exp_c,no_think,gsm8k_test_000514,no_think,canonical,,True,answer_segment,no_think_answer,6,exp_c_segment_sample,46,46,0.0004981414065696299,0.0027262272854821513,0.0005341289797797799,0.007770964410156012,3.962351100211326e-06,0.002669618687488967,0.0,-0.0018113901892290996,-0.0013043709720174474,-0.004606283735483885,per_model_kept_independent_plus_common_union
Qwen_Qwen3-32B,32B,32.0,5120,hidden_dim,exp_c,no_think,gsm8k_test_000514,no_think,canonical,,True,answer_segment,no_think_answer,13,exp_c_segment_sample,46,46,0.0007371394545771182,0.002372207602172199,0.000793810177128762,0.007907458581030369,1.6945820210272426e-06,0.002300291556295835,0.0,-0.0008183370491771495,-0.0004690606874646619,-0.0072722663171589375,per_model_kept_independent_plus_common_union
Qwen_Qwen3-32B,32B,32.0,5120,hidden_dim,exp_c,no_think,gsm8k_test_000514,no_think,canonical,,True,answer_segment,no_think_answer,20,exp_c_segment_sample,46,46,0.0011159397661685943,0.0021490030251342155,0.0009167544776573777,0.004927909467369318,8.854892611051819e-07,0.0021187954621079068,0.13043478260869565,-0.001394593173943401,-0.0009233827828817691,-0.004184553865343332,per_model_kept_independent_plus_common_union
Qwen_Qwen3-32B,32B,32.0,5120,hidden_dim,exp_c,no_think,gsm8k_test_000534,no_think,canonical,,True,answer_segment,no_think_answer,6,exp_c_segment_sample,48,48,0.0004981414065696299,0.0032619615194562357,0.0006048291688784957,0.025515764951705933,1.547077419640975e-05,0.0032513442491379353,0.0,-0.0033850633464718024,-0.0035278495439949134,-0.005527091212570667,per_model_kept_independent_plus_common_union
Qwen_Qwen3-32B,32B,32.0,5120,hidden_dim,exp_c,no_think,gsm8k_test_000534,no_think,canonical,,True,answer_segment,no_think_answer,13,exp_c_segment_sample,48,48,0.0007371394545771182,0.002755393668242808,0.0008603104506619275,0.009363340213894844,2.9578658469647613e-06,0.0027200117362960376,0.0,-0.0015395362940153652,-0.0012730928089392064,-0.0035967519506812096,per_model_kept_independent_plus_common_union
Qwen_Qwen3-32B,32B,32.0,5120,hidden_dim,exp_c,no_think,gsm8k_test_000534,no_think,canonical,,True,answer_segment,no_think_answer,20,exp_c_segment_sample,48,48,0.0011159397661685943,0.0026366788600474442,0.0008203950710594654,0.007717631757259369,2.2256398251875334e-06,0.0026145254873591373,0.08333333333333333,-0.0014397899445908974,-0.0011378614241645362,-0.0017736968584358692,per_model_kept_independent_plus_common_union
Qwen_Qwen3-32B,32B,32.0,5120,hidden_dim,exp_c,no_think,gsm8k_test_000543,no_think,canonical,,True,answer_segment,no_think_answer,6,exp_c_segment_sample,49,49,0.0004981414065696299,0.0027517186898300995,0.0007272708462551236,0.007636506110429764,3.2232515419673307e-06,0.0027246525581479846,0.0,-0.0014522880333836905,-0.0011353056179359555,-0.008796519599854946,per_model_kept_independent_plus_common_union
Qwen_Qwen3-32B,32B,32.0,5120,hidden_dim,exp_c,no_think,gsm8k_test_000543,no_think,canonical,,True,answer_segment,no_think_answer,13,exp_c_segment_sample,49,49,0.0007371394545771182,0.002787028501114371,0.0008732384303584695,0.007195133715867996,2.568873984837189e-06,0.002736390662903432,0.0,-0.0010301100521595502,-0.0008970113524880549,-0.006371867842972279,per_model_kept_independent_plus_common_union
Qwen_Qwen3-32B,32B,32.0,5120,hidden_dim,exp_c,no_think,gsm8k_test_000543,no_think,canonical,,True,answer_segment,no_think_answer,20,exp_c_segment_sample,49,49,0.0011159397661685943,0.00264944499168469,0.000876458827406168,0.006221463903784752,1.4555744076823256e-06,0.0026176789009089894,0.04081632653061224,-0.0004840055957664652,-0.0003610860216073119,-0.007748127914965153,per_model_kept_independent_plus_common_union
Qwen_Qwen3-32B,32B,32.0,5120,hidden_dim,exp_c,no_think,gsm8k_test_000585,no_think,canonical,,False,answer_segment,no_think_answer,6,exp_c_segment_sample,55,55,0.0004981414065696299,0.0034620583840561186,0.0010645122965797782,0.012040977366268635,5.623383024956417e-06,0.0034430386666725915,0.0,-0.003901139479100264,-0.0025998244943496373,-0.006025631912052631,per_model_kept_independent_plus_common_union
Qwen_Qwen3-32B,32B,32.0,5120,hidden_dim,exp_c,no_think,gsm8k_test_000585,no_think,canonical,,False,answer_segment,no_think_answer,13,exp_c_segment_sample,55,55,0.0007371394545771182,0.002807026462290775,0.0012740195961669087,0.01237800158560276,3.1421285498966264e-06,0.002713664225733805,0.0,-0.0005896199512742903,-0.0004181456419506246,-0.0059246476739645,per_model_kept_independent_plus_common_union
Qwen_Qwen3-32B,32B,32.0,5120,hidden_dim,exp_c,no_think,gsm8k_test_000585,no_think,canonical,,False,answer_segment,no_think_answer,20,exp_c_segment_sample,55,55,0.0011159397661685943,0.0025499007283625278,0.0011034023482352495,0.005360719282180071,7.923996909543261e-07,0.0025165243035492803,0.01818181818181818,-0.0006421050150552149,-0.00042241244643394455,-0.004063848871737719,per_model_kept_independent_plus_common_union
Qwen_Qwen3-32B,32B,32.0,5120,hidden_dim,exp_c,no_think,gsm8k_test_000625,no_think,canonical,,True,answer_segment,no_think_answer,6,exp_c_segment_sample,48,48,0.0004981414065696299,0.0030176013703263984,0.0010027408134192228,0.008611409924924374,3.986127748307934e-06,0.0029961681612668202,0.0,-0.0007178817304891866,-0.00016234871388102557,-0.014322023838758469,per_model_kept_independent_plus_common_union
Qwen_Qwen3-32B,32B,32.0,5120,hidden_dim,exp_c,no_think,gsm8k_test_000625,no_think,canonical,,True,answer_segment,no_think_answer,13,exp_c_segment_sample,48,48,0.0007371394545771182,0.002601288848381955,0.0011926761362701654,0.007271984126418829,1.5865892464076917e-06,0.0025505069890951228,0.0,-0.0006680608847610926,-0.0003039450675714761,-0.008402860723435879,per_model_kept_independent_plus_common_union
Qwen_Qwen3-32B,32B,32.0,5120,hidden_dim,exp_c,no_think,gsm8k_test_000625,no_think,canonical,,True,answer_segment,no_think_answer,20,exp_c_segment_sample,48,48,0.0011159397661685943,0.0022246595205312283,0.001097024418413639,0.004901099018752575,6.981159665978525e-07,0.0021869094517240496,0.020833333333333332,-0.0004950368480533568,-0.00019089738877179708,-0.004748523235321045,per_model_kept_independent_plus_common_union
Qwen_Qwen3-32B,32B,32.0,5120,hidden_dim,exp_c,no_think,gsm8k_test_000629,no_think,canonical,,True,answer_segment,no_think_answer,6,exp_c_segment_sample,61,61,0.0004981414065696299,0.0025596777358871015,0.0005528649780899286,0.010397271253168583,4.54393885032526e-06,0.002525294956285507,0.0,-0.0019694233561547317,-0.001283192599657923,-0.004997034557163715,per_model_kept_independent_plus_common_union
Qwen_Qwen3-32B,32B,32.0,5120,hidden_dim,exp_c,no_think,gsm8k_test_000629,no_think,canonical,,True,answer_segment,no_think_answer,13,exp_c_segment_sample,61,61,0.0007371394545771182,0.002486652445590093,0.0008098069811239839,0.009026605635881424,2.4518610302168515e-06,0.0024342777624648685,0.0,-0.0012283233466687676,-0.0007851544469303917,-0.01835969090461731,per_model_kept_independent_plus_common_union
Qwen_Qwen3-32B,32B,32.0,5120,hidden_dim,exp_c,no_think,gsm8k_test_000629,no_think,canonical,,True,answer_segment,no_think_answer,20,exp_c_segment_sample,61,61,0.0011159397661685943,0.0025346393775210153,0.0009411799837835133,0.010801213793456554,2.29875449628792e-06,0.002493662085422936,0.06557377049180328,-0.00171109775104917,-0.0013164604170015082,-0.005276100244373083,per_model_kept_independent_plus_common_union
Qwen_Qwen3-32B,32B,32.0,5120,hidden_dim,exp_c,no_think,gsm8k_test_000640,no_think,canonical,,False,answer_segment,no_think_answer,6,exp_c_segment_sample,79,79,0.0004981414065696299,0.0022611986385964893,0.0004609267634805292,0.010251687839627266,5.001590960074777e-06,0.0022158203706240808,0.05063291139240506,-0.0012541061672499965,-0.0008569514713599349,-0.006370170973241329,per_model_kept_independent_plus_common_union
Qwen_Qwen3-32B,32B,32.0,5120,hidden_dim,exp_c,no_think,gsm8k_test_000640,no_think,canonical,,False,answer_segment,no_think_answer,13,exp_c_segment_sample,79,79,0.0007371394545771182,0.0024939750430256692,0.0005541773862205446,0.00917357113212347,3.255952710009783e-06,0.002454878217600382,0.08860759493670886,-0.0016980480690799158,-0.0014957954059354964,-0.0068398998118937016,per_model_kept_independent_plus_common_union
Qwen_Qwen3-32B,32B,32.0,5120,hidden_dim,exp_c,no_think,gsm8k_test_000640,no_think,canonical,,False,answer_segment,no_think_answer,20,exp_c_segment_sample,79,79,0.0011159397661685943,0.0023554398860971006,0.000811425328720361,0.006796686910092831,1.540186978716982e-06,0.0023158665400189464,0.0759493670886076,-0.0009266089732741024,-0.0008957839745562524,-0.0037145649548619986,per_model_kept_independent_plus_common_union
Qwen_Qwen3-32B,32B,32.0,5120,hidden_dim,exp_c,no_think,gsm8k_test_000695,no_think,canonical,,True,answer_segment,no_think_answer,6,exp_c_segment_sample,46,46,0.0004981414065696299,0.0021566959862273347,0.0003751742478925735,0.012237927876412868,5.4018120359404685e-06,0.0020860973564493985,0.13043478260869565,0.000719143265061801,0.0010282059981060836,-0.006543057505041361,per_model_kept_independent_plus_common_union
Qwen_Qwen3-32B,32B,32.0,5120,hidden_dim,exp_c,no_think,gsm8k_test_000695,no_think,canonical,,True,answer_segment,no_think_answer,13,exp_c_segment_sample,46,46,0.0007371394545771182,0.0023838921004663343,0.0006404320010915399,0.011812466196715832,4.052175441443557e-06,0.002306908581198917,0.10869565217391304,0.00022613118117490903,0.00038473425956908613,-0.005302406847476959,per_model_kept_independent_plus_common_union
Qwen_Qwen3-32B,32B,32.0,5120,hidden_dim,exp_c,no_think,gsm8k_test_000695,no_think,canonical,,True,answer_segment,no_think_answer,20,exp_c_segment_sample,46,46,0.0011159397661685943,0.0024485141570355904,0.0007320675067603588,0.008451348170638084,2.394613216388759e-06,0.0023950986201978393,0.10869565217391304,0.00048305719837143143,0.0004871845400581756,-0.005079980473965406,per_model_kept_independent_plus_common_union
Qwen_Qwen3-32B,32B,32.0,5120,hidden_dim,exp_c,no_think,gsm8k_test_000697,no_think,canonical,,True,answer_segment,no_think_answer,6,exp_c_segment_sample,39,39,0.0004981414065696299,0.002483084363540491,0.0005937236128374934,0.008642526343464851,3.8543160397783555e-06,0.0024615940561297503,0.0,-0.001506112346676393,-0.0015116994094569237,-0.005348131991922855,per_model_kept_independent_plus_common_union
Qwen_Qwen3-32B,32B,32.0,5120,hidden_dim,exp_c,no_think,gsm8k_test_000697,no_think,canonical,,True,answer_segment,no_think_answer,13,exp_c_segment_sample,39,39,0.0007371394545771182,0.0025462115090937377,0.0008201032760553062,0.007315997965633869,2.288115324256199e-06,0.002482405515988112,0.0,-0.000874060665955767,-0.0008143724291585384,-0.004469750449061394,per_model_kept_independent_plus_common_union
Qwen_Qwen3-32B,32B,32.0,5120,hidden_dim,exp_c,no_think,gsm8k_test_000697,no_think,canonical,,True,answer_segment,no_think_answer,20,exp_c_segment_sample,39,39,0.0011159397661685943,0.0023300611691621062,0.000839400920085609,0.006581573281437159,1.489651789913431e-06,0.002286875634270377,0.1282051282051282,-0.0009036489977286397,-0.0007779633335303518,-0.0028420202434062958,per_model_kept_independent_plus_common_union
Qwen_Qwen3-32B,32B,32.0,5120,hidden_dim,exp_c,no_think,gsm8k_test_000713,no_think,canonical,,True,answer_segment,no_think_answer,6,exp_c_segment_sample,46,46,0.0004981414065696299,0.0031340339172975687,0.0006494921981357038,0.012060914188623428,5.4672852695504045e-06,0.003077643611727076,0.0,-0.0015410322776847408,-0.0009132754445696869,-0.0027104103937745094,per_model_kept_independent_plus_common_union
Qwen_Qwen3-32B,32B,32.0,5120,hidden_dim,exp_c,no_think,gsm8k_test_000713,no_think,canonical,,True,answer_segment,no_think_answer,13,exp_c_segment_sample,46,46,0.0007371394545771182,0.003091575417151351,0.000561912776902318,0.011544564738869667,4.254775923231045e-06,0.0030363672063685957,0.043478260869565216,-0.0016606882249330817,-0.0010563503456069157,-0.0030284877866506577,per_model_kept_independent_plus_common_union
Qwen_Qwen3-32B,32B,32.0,5120,hidden_dim,exp_c,no_think,gsm8k_test_000713,no_think,canonical,,True,answer_segment,no_think_answer,20,exp_c_segment_sample,46,46,0.0011159397661685943,0.0025377749432505957,0.0007896226015873253,0.005630578380078077,9.224851604263586e-07,0.002527444389286554,0.06521739130434782,-0.000814015903476984,-0.0007324391432727375,-0.003111706580966711,per_model_kept_independent_plus_common_union
Qwen_Qwen3-32B,32B,32.0,5120,hidden_dim,exp_c,no_think,gsm8k_test_000759,no_think,canonical,,True,answer_segment,no_think_answer,6,exp_c_segment_sample,47,47,0.0004981414065696299,0.0025635559168802773,0.0005196352140046656,0.008975155651569366,4.0204404338561175e-06,0.0025079949017431913,0.0,-0.00039061903953552105,-0.00010255906090606004,-0.013061365112662315,per_model_kept_independent_plus_common_union
Qwen_Qwen3-32B,32B,32.0,5120,hidden_dim,exp_c,no_think,gsm8k_test_000759,no_think,canonical,,True,answer_segment,no_think_answer,13,exp_c_segment_sample,47,47,0.0007371394545771182,0.0026169816648805556,0.0005892092594876885,0.006920369807630777,2.3299187975275828e-06,0.002575515535326026,0.0425531914893617,-0.0016057229987246583,-0.0011813376574233794,-0.003876016242429614,per_model_kept_independent_plus_common_union
Qwen_Qwen3-32B,32B,32.0,5120,hidden_dim,exp_c,no_think,gsm8k_test_000759,no_think,canonical,,True,answer_segment,no_think_answer,20,exp_c_segment_sample,47,47,0.0011159397661685943,0.0023936471626895698,0.0007925649406388402,0.007287164218723774,1.989933153950943e-06,0.0023693997152250913,0.14893617021276595,-0.0011728910297066216,-0.0009245228526803357,-0.001616576686501503,per_model_kept_independent_plus_common_union
Qwen_Qwen3-32B,32B,32.0,5120,hidden_dim,exp_c,no_think,gsm8k_test_000814,no_think,canonical,,False,answer_segment,no_think_answer,6,exp_c_segment_sample,63,63,0.0004981414065696299,0.002899979631091276,0.0003282896941527724,0.012600774876773357,6.086416877167351e-06,0.0028555611159742592,0.047619047619047616,-0.002402951657131781,-0.0012831316780648194,-0.0036272425204515457,per_model_kept_independent_plus_common_union
Qwen_Qwen3-32B,32B,32.0,5120,hidden_dim,exp_c,no_think,gsm8k_test_000814,no_think,canonical,,False,answer_segment,no_think_answer,13,exp_c_segment_sample,63,63,0.0007371394545771182,0.0029059753250626342,0.00040651363087818027,0.020117932930588722,6.578238687910281e-06,0.0028532262921573655,0.07936507936507936,-0.0016893342373285635,-0.0006567208292835858,-0.008801545947790146,per_model_kept_independent_plus_common_union
Qwen_Qwen3-32B,32B,32.0,5120,hidden_dim,exp_c,no_think,gsm8k_test_000814,no_think,canonical,,False,answer_segment,no_think_answer,20,exp_c_segment_sample,63,63,0.0011159397661685943,0.0026419165965524457,0.0006751106120646,0.008361458778381348,1.7229946310244682e-06,0.002616607927672204,0.09523809523809523,-0.0005558422278790224,-0.0005296213348628953,-0.002458403818309307,per_model_kept_independent_plus_common_union
Qwen_Qwen3-32B,32B,32.0,5120,hidden_dim,exp_c,no_think,gsm8k_test_000830,no_think,canonical,,False,answer_segment,no_think_answer,6,exp_c_segment_sample,56,56,0.0004981414065696299,0.0035848279497128844,0.00026986212469637394,0.019986921921372414,1.3588648804234226e-05,0.003555456581208008,0.10714285714285714,-0.0052671700095538124,-0.004323254220902786,-0.008444065228104591,per_model_kept_independent_plus_common_union
Qwen_Qwen3-32B,32B,32.0,5120,hidden_dim,exp_c,no_think,gsm8k_test_000830,no_think,canonical,,False,answer_segment,no_think_answer,13,exp_c_segment_sample,56,56,0.0007371394545771182,0.0030764253881768256,0.0002600923180580139,0.007086082361638546,3.309039087764563e-06,0.0030592467704660853,0.10714285714285714,-0.0019219199847495636,-0.0015989064642261447,-0.006899760104715824,per_model_kept_independent_plus_common_union
Qwen_Qwen3-32B,32B,32.0,5120,hidden_dim,exp_c,no_think,gsm8k_test_000830,no_think,canonical,,False,answer_segment,no_think_answer,20,exp_c_segment_sample,56,56,0.0011159397661685943,0.0033839357415022925,0.0003775141085498035,0.01219271868467331,5.736695783467793e-06,0.0033847828972449695,0.10714285714285714,-0.003949389734059917,-0.002848993664624037,-0.0041617113165557384,per_model_kept_independent_plus_common_union
Qwen_Qwen3-32B,32B,32.0,5120,hidden_dim,exp_c,no_think,gsm8k_test_000900,no_think,canonical,,True,answer_segment,no_think_answer,6,exp_c_segment_sample,47,47,0.0004981414065696299,0.0030000314743139165,0.0007034335867501795,0.010343806818127632,6.028991598849143e-06,0.00298196374079334,0.0,-0.0038625712495946166,-0.003153480730058315,-0.02112405002117157,per_model_kept_independent_plus_common_union
Qwen_Qwen3-32B,32B,32.0,5120,hidden_dim,exp_c,no_think,gsm8k_test_000900,no_think,canonical,,True,answer_segment,no_think_answer,13,exp_c_segment_sample,47,47,0.0007371394545771182,0.002947214698577498,0.0007768585928715765,0.01012086309492588,4.457607988811506e-06,0.0028943495506056297,0.0,-0.003125409684837499,-0.0028912427854569005,-0.004860861226916313,per_model_kept_independent_plus_common_union
Qwen_Qwen3-32B,32B,32.0,5120,hidden_dim,exp_c,no_think,gsm8k_test_000900,no_think,canonical,,True,answer_segment,no_think_answer,20,exp_c_segment_sample,47,47,0.0011159397661685943,0.002755270961255945,0.0010706479661166668,0.007278797682374716,2.391804161522005e-06,0.002706125452000972,0.0425531914893617,-0.0017569705997494626,-0.0015493146784137934,-0.003913681022822857,per_model_kept_independent_plus_common_union
Qwen_Qwen3-32B,32B,32.0,5120,hidden_dim,exp_c,no_think,gsm8k_test_000901,no_think,canonical,,False,answer_segment,no_think_answer,6,exp_c_segment_sample,46,46,0.0004981414065696299,0.003345336480339503,0.0005265227518975735,0.014574078842997551,8.050460140906591e-06,0.003306952384041829,0.0,-0.002295492435075348,-0.002355845606264969,-0.013296609744429588,per_model_kept_independent_plus_common_union
Qwen_Qwen3-32B,32B,32.0,5120,hidden_dim,exp_c,no_think,gsm8k_test_000901,no_think,canonical,,False,answer_segment,no_think_answer,13,exp_c_segment_sample,46,46,0.0007371394545771182,0.0025570439276002025,0.0005470820469781756,0.006599279586225748,2.1743616790915138e-06,0.002509977130426301,0.06521739130434782,-0.0019251270838698694,-0.0017682990534619118,-0.004162506200373173,per_model_kept_independent_plus_common_union
Qwen_Qwen3-32B,32B,32.0,5120,hidden_dim,exp_c,no_think,gsm8k_test_000901,no_think,canonical,,False,answer_segment,no_think_answer,20,exp_c_segment_sample,46,46,0.0011159397661685943,0.002714909020932796,0.0007049966952763498,0.006537882145494223,1.8084699971013388e-06,0.002689195835652451,0.13043478260869565,-0.0015747590641173221,-0.001564131681031237,-0.0026724543422460556,per_model_kept_independent_plus_common_union
Qwen_Qwen3-32B,32B,32.0,5120,hidden_dim,exp_c,no_think,gsm8k_test_000914,no_think,canonical,,True,answer_segment,no_think_answer,6,exp_c_segment_sample,41,41,0.0004981414065696299,0.003081818903432932,0.0009113607229664922,0.010088946670293808,5.212384562141936e-06,0.003051902027800679,0.0,-0.00212383170884738,-0.001286153247664598,-0.00535301910713315,per_model_kept_independent_plus_common_union
Qwen_Qwen3-32B,32B,32.0,5120,hidden_dim,exp_c,no_think,gsm8k_test_000914,no_think,canonical,,True,answer_segment,no_think_answer,13,exp_c_segment_sample,41,41,0.0007371394545771182,0.002759235067770067,0.000963810714893043,0.00875190831720829,3.1321965850035144e-06,0.002694951757439412,0.0,-0.0017833825215398682,-0.0010592548324811187,-0.00580236641690135,per_model_kept_independent_plus_common_union
Qwen_Qwen3-32B,32B,32.0,5120,hidden_dim,exp_c,no_think,gsm8k_test_000914,no_think,canonical,,True,answer_segment,no_think_answer,20,exp_c_segment_sample,41,41,0.0011159397661685943,0.0025665866546105685,0.001035567605867982,0.0059537505730986595,1.2417902333311149e-06,0.0025226464233128352,0.04878048780487805,-0.001316379616199258,-0.0008279605112461882,-0.0036575670819729567,per_model_kept_independent_plus_common_union
Qwen_Qwen3-32B,32B,32.0,5120,hidden_dim,exp_c,no_think,gsm8k_test_000915,no_think,canonical,,False,answer_segment,no_think_answer,6,exp_c_segment_sample,45,45,0.0004981414065696299,0.00274826192504002,0.0005224185297265649,0.011113245040178299,6.170629066636205e-06,0.002723742001266642,0.0,-0.002288858915773636,-0.001573478633266253,-0.015989243984222412,per_model_kept_independent_plus_common_union
Qwen_Qwen3-32B,32B,32.0,5120,hidden_dim,exp_c,no_think,gsm8k_test_000915,no_think,canonical,,False,answer_segment,no_think_answer,13,exp_c_segment_sample,45,45,0.0007371394545771182,0.002726792436765714,0.0005897542578168213,0.011559510603547096,3.5587162338116556e-06,0.002671882299843921,0.06666666666666667,-0.0020895949456894727,-0.0016679944819770753,-0.007320651784539223,per_model_kept_independent_plus_common_union
Qwen_Qwen3-32B,32B,32.0,5120,hidden_dim,exp_c,no_think,gsm8k_test_000915,no_think,canonical,,False,answer_segment,no_think_answer,20,exp_c_segment_sample,45,45,0.0011159397661685943,0.0026526955823000108,0.0008344096131622791,0.014897692017257214,4.09185987127021e-06,0.002630818453987806,0.08888888888888889,-0.002176704088671374,-0.001794862027357643,-0.0036341219674795866,per_model_kept_independent_plus_common_union
Qwen_Qwen3-32B,32B,32.0,5120,hidden_dim,exp_c,no_think,gsm8k_test_000921,no_think,canonical,,True,answer_segment,no_think_answer,6,exp_c_segment_sample,47,47,0.0004981414065696299,0.0035697037671157655,0.0007528522401116788,0.016599563881754875,8.4217523081254e-06,0.003566596168599537,0.0,-0.003288925934379845,-0.0021749878311917805,-0.009025845676660538,per_model_kept_independent_plus_common_union
Qwen_Qwen3-32B,32B,32.0,5120,hidden_dim,exp_c,no_think,gsm8k_test_000921,no_think,canonical,,True,answer_segment,no_think_answer,13,exp_c_segment_sample,47,47,0.0007371394545771182,0.0026722697422225427,0.000944540195632726,0.00601586839184165,1.5973709861414057e-06,0.002629143160605885,0.0,-0.0017656415417304952,-0.0013834340546357757,-0.007182172033935785,per_model_kept_independent_plus_common_union
Qwen_Qwen3-32B,32B,32.0,5120,hidden_dim,exp_c,no_think,gsm8k_test_000921,no_think,canonical,,True,answer_segment,no_think_answer,20,exp_c_segment_sample,47,47,0.0011159397661685943,0.002491371852266503,0.0011366753606125712,0.005494202487170696,9.459644003141169e-07,0.00247543136862552,0.0,-0.0008233333603439325,-0.0004645833008301756,-0.0056894682347774506,per_model_kept_independent_plus_common_union
Qwen_Qwen3-32B,32B,32.0,5120,hidden_dim,exp_c,no_think,gsm8k_test_000923,no_think,canonical,,True,answer_segment,no_think_answer,6,exp_c_segment_sample,46,46,0.0004981414065696299,0.003458271612939627,0.0005837582284584641,0.01968970336019993,9.317535008722412e-06,0.0034317281899145908,0.0,-0.0026479309679342403,-0.0022869293510060134,-0.015093673020601273,per_model_kept_independent_plus_common_union
Qwen_Qwen3-32B,32B,32.0,5120,hidden_dim,exp_c,no_think,gsm8k_test_000923,no_think,canonical,,True,answer_segment,no_think_answer,13,exp_c_segment_sample,46,46,0.0007371394545771182,0.002917691986785149,0.0006816957611590624,0.013814441859722137,4.740976379781056e-06,0.0028998873015451767,0.043478260869565216,-0.002032868064652222,-0.001508745054403941,-0.009171627461910248,per_model_kept_independent_plus_common_union
Qwen_Qwen3-32B,32B,32.0,5120,hidden_dim,exp_c,no_think,gsm8k_test_000923,no_think,canonical,,True,answer_segment,no_think_answer,20,exp_c_segment_sample,46,46,0.0011159397661685943,0.0029400713936648453,0.0007403366034850478,0.006924579385668039,2.1225921575227884e-06,0.0029295797938377493,0.08695652173913043,-0.0017717855763974867,-0.001348734256074143,-0.004158089868724346,per_model_kept_independent_plus_common_union
Qwen_Qwen3-32B,32B,32.0,5120,hidden_dim,exp_c,no_think,gsm8k_test_000924,no_think,canonical,,True,answer_segment,no_think_answer,6,exp_c_segment_sample,40,40,0.0004981414065696299,0.0030159250774886457,0.0008681114995852113,0.007701304741203785,3.6623771941637623e-06,0.0029844558791806684,0.0,-0.00012320639542872075,0.0006100993952713909,0.0023500006645917892,per_model_kept_independent_plus_common_union
Qwen_Qwen3-32B,32B,32.0,5120,hidden_dim,exp_c,no_think,gsm8k_test_000924,no_think,canonical,,True,answer_segment,no_think_answer,13,exp_c_segment_sample,40,40,0.0007371394545771182,0.0024990950390929357,0.001009653089568019,0.006666200701147318,2.061579352521412e-06,0.002440950537745196,0.0,-0.0009644108300562961,-0.00027937184786424023,-0.005664140917360783,per_model_kept_independent_plus_common_union
Qwen_Qwen3-32B,32B,32.0,5120,hidden_dim,exp_c,no_think,gsm8k_test_000924,no_think,canonical,,True,answer_segment,no_think_answer,20,exp_c_segment_sample,40,40,0.0011159397661685943,0.0025279702123953028,0.0009678377537056804,0.006060861051082611,1.3681147344724345e-06,0.0024972691958865677,0.075,-0.00020893485662981927,-3.131072735413926e-05,-0.002172888955101371,per_model_kept_independent_plus_common_union
Qwen_Qwen3-32B,32B,32.0,5120,hidden_dim,exp_c,no_think,gsm8k_test_000965,no_think,canonical,,False,answer_segment,no_think_answer,6,exp_c_segment_sample,51,51,0.0004981414065696299,0.0023965109676104403,0.0004933125455863774,0.007149804383516312,3.05480406689634e-06,0.002352399387164042,0.0196078431372549,-0.000447651059777639,-0.0001246255840389775,-0.018636472523212433,per_model_kept_independent_plus_common_union
Qwen_Qwen3-32B,32B,32.0,5120,hidden_dim,exp_c,no_think,gsm8k_test_000965,no_think,canonical,,False,answer_segment,no_think_answer,13,exp_c_segment_sample,51,51,0.0007371394545771182,0.0022409653631221575,0.0005195006961002946,0.00573831656947732,1.0388175088272453e-06,0.002198496015043929,0.058823529411764705,-3.1662774082626546e-05,-0.00022444246748748887,-0.00859893299639225,per_model_kept_independent_plus_common_union
Qwen_Qwen3-32B,32B,32.0,5120,hidden_dim,exp_c,no_think,gsm8k_test_000965,no_think,canonical,,False,answer_segment,no_think_answer,20,exp_c_segment_sample,51,51,0.0011159397661685943,0.0023233576645782473,0.000642913393676281,0.00463807862251997,7.760415384218191e-07,0.002304323744028807,0.058823529411764705,-0.0012790599097265967,-0.0010426351531910207,-0.016920145601034164,per_model_kept_independent_plus_common_union
Qwen_Qwen3-32B,32B,32.0,5120,hidden_dim,exp_c,no_think,gsm8k_test_000990,no_think,canonical,,True,answer_segment,no_think_answer,6,exp_c_segment_sample,46,46,0.0004981414065696299,0.0030772975214463454,0.0004678571131080389,0.012015528976917267,6.9166778127223046e-06,0.003042357737690003,0.043478260869565216,-0.001788256117979506,-0.0012542498152470212,-0.007335169706493616,per_model_kept_independent_plus_common_union
Qwen_Qwen3-32B,32B,32.0,5120,hidden_dim,exp_c,no_think,gsm8k_test_000990,no_think,canonical,,True,answer_segment,no_think_answer,13,exp_c_segment_sample,46,46,0.0007371394545771182,0.002365918496608451,0.0004677112738136202,0.007153866346925497,1.659640801950568e-06,0.0023157952670266645,0.06521739130434782,-0.0011990949876120132,-0.0011523549425570914,-0.002899207640439272,per_model_kept_independent_plus_common_union
Qwen_Qwen3-32B,32B,32.0,5120,hidden_dim,exp_c,no_think,gsm8k_test_000990,no_think,canonical,,True,answer_segment,no_think_answer,20,exp_c_segment_sample,46,46,0.0011159397661685943,0.00240065901712312,0.0006828292971476912,0.004976656753569841,8.58123514342273e-07,0.0023625147632426687,0.08695652173913043,-0.001170999974345791,-0.001030309334358511,-0.0024832487106323242,per_model_kept_independent_plus_common_union
Qwen_Qwen3-32B,32B,32.0,5120,hidden_dim,exp_c,no_think,gsm8k_test_001031,no_think,canonical,,True,answer_segment,no_think_answer,6,exp_c_segment_sample,50,50,0.0004981414065696299,0.002622330008307472,0.0006324318237602711,0.009312232956290245,3.7257045947524487e-06,0.0026020976816950258,0.0,-0.0010518021874732393,-0.00036069697951181603,-0.007268398534506559,per_model_kept_independent_plus_common_union
Qwen_Qwen3-32B,32B,32.0,5120,hidden_dim,exp_c,no_think,gsm8k_test_001031,no_think,canonical,,True,answer_segment,no_think_answer,13,exp_c_segment_sample,50,50,0.0007371394545771182,0.0024146611418109387,0.0007039615884423256,0.007606205530464649,2.2766878662681515e-06,0.002374879247271361,0.04,-0.0019054712383898293,-0.0013972515679107835,-0.007771603763103485,per_model_kept_independent_plus_common_union
Qwen_Qwen3-32B,32B,32.0,5120,hidden_dim,exp_c,no_think,gsm8k_test_001031,no_think,canonical,,True,answer_segment,no_think_answer,20,exp_c_segment_sample,50,50,0.0011159397661685943,0.0023479556920938194,0.0008446456049568951,0.007200159132480621,1.5708125378261107e-06,0.002333656335914774,0.08,-0.0018117509519352628,-0.0014131548187623802,-0.006039291620254517,per_model_kept_independent_plus_common_union
Qwen_Qwen3-32B,32B,32.0,5120,hidden_dim,exp_c,no_think,gsm8k_test_001038,no_think,canonical,,True,answer_segment,no_think_answer,6,exp_c_segment_sample,67,67,0.0004981414065696299,0.002700400461421918,0.00041911526932381094,0.009668842889368534,6.2935842735345195e-06,0.002669304361475181,0.07462686567164178,-0.0029702370654829642,-0.0021833438299568918,-0.007831943221390247,per_model_kept_independent_plus_common_union
Qwen_Qwen3-32B,32B,32.0,5120,hidden_dim,exp_c,no_think,gsm8k_test_001038,no_think,canonical,,True,answer_segment,no_think_answer,13,exp_c_segment_sample,67,67,0.0007371394545771182,0.0023731714090221186,0.0006353064673021436,0.01049683429300785,3.171598708673691e-06,0.0023329217978188717,0.029850746268656716,-0.0018107954878666666,-0.0011378370382932618,-0.008748270571231842,per_model_kept_independent_plus_common_union
Qwen_Qwen3-32B,32B,32.0,5120,hidden_dim,exp_c,no_think,gsm8k_test_001038,no_think,canonical,,True,answer_segment,no_think_answer,20,exp_c_segment_sample,67,67,0.0011159397661685943,0.0022746811893685206,0.0007581334793940187,0.007436736486852169,1.4946159457837149e-06,0.002253175735170248,0.08955223880597014,-0.001161090609056614,-0.0008062088334768571,-0.003710345830768347,per_model_kept_independent_plus_common_union
Qwen_Qwen3-32B,32B,32.0,5120,hidden_dim,exp_c,no_think,gsm8k_test_001043,no_think,canonical,,True,answer_segment,no_think_answer,6,exp_c_segment_sample,50,50,0.0004981414065696299,0.002099237267393619,0.0005233409465290606,0.008963646367192268,3.0079531639404423e-06,0.002014695989842318,0.0,0.00037796463296913165,0.0005629860903494633,-0.011910764500498772,per_model_kept_independent_plus_common_union
Qwen_Qwen3-32B,32B,32.0,5120,hidden_dim,exp_c,no_think,gsm8k_test_001043,no_think,canonical,,True,answer_segment,no_think_answer,13,exp_c_segment_sample,50,50,0.0007371394545771182,0.0022680398728698492,0.0006912319222465158,0.007083769887685776,1.2440390055553565e-06,0.002198958731427484,0.02,0.00016982585684779852,0.00029483409777570236,-0.004931378643959761,per_model_kept_independent_plus_common_union
Qwen_Qwen3-32B,32B,32.0,5120,hidden_dim,exp_c,no_think,gsm8k_test_001043,no_think,canonical,,True,answer_segment,no_think_answer,20,exp_c_segment_sample,50,50,0.0011159397661685943,0.0020896624168381095,0.0007989901932887733,0.0049090939573943615,9.188988092315005e-07,0.002052114000638985,0.06,-0.0004699809046681304,-0.0002565615398522755,-0.002570994198322296,per_model_kept_independent_plus_common_union
Qwen_Qwen3-32B,32B,32.0,5120,hidden_dim,exp_c,no_think,gsm8k_test_001059,no_think,canonical,,False,answer_segment,no_think_answer,6,exp_c_segment_sample,42,42,0.0004981414065696299,0.002999897443390052,0.0006608081166632473,0.010859671048820019,4.867487342138863e-06,0.002962146018256956,0.0,-0.0005101738913383865,-3.2423688522116665e-05,-0.009071920067071915,per_model_kept_independent_plus_common_union
Qwen_Qwen3-32B,32B,32.0,5120,hidden_dim,exp_c,no_think,gsm8k_test_001059,no_think,canonical,,False,answer_segment,no_think_answer,13,exp_c_segment_sample,42,42,0.0007371394545771182,0.0027671592930952706,0.0008194632828235626,0.007873447611927986,1.9938631752021525e-06,0.0027224456709696023,0.0,-0.0008041667937613595,-0.0008483669371344149,-0.005739792715758085,per_model_kept_independent_plus_common_union
Qwen_Qwen3-32B,32B,32.0,5120,hidden_dim,exp_c,no_think,gsm8k_test_001059,no_think,canonical,,False,answer_segment,no_think_answer,20,exp_c_segment_sample,42,42,0.0011159397661685943,0.0023993033031556046,0.0008886445430107415,0.007524009793996811,1.3954721977891434e-06,0.0023782775331311293,0.07142857142857142,-0.0002573362462287547,-0.0003902399700812316,-0.004848008044064045,per_model_kept_independent_plus_common_union
Qwen_Qwen3-32B,32B,32.0,5120,hidden_dim,exp_c,no_think,gsm8k_test_001088,no_think,canonical,,False,answer_segment,no_think_answer,6,exp_c_segment_sample,77,77,0.0004981414065696299,0.0026756527141196195,0.0002767775731626898,0.013880657963454723,8.471827739617262e-06,0.002646575308110761,0.09090909090909091,-0.002499244504047187,-0.002424534290912561,-0.00511493906378746,per_model_kept_independent_plus_common_union
Qwen_Qwen3-32B,32B,32.0,5120,hidden_dim,exp_c,no_think,gsm8k_test_001088,no_think,canonical,,False,answer_segment,no_think_answer,13,exp_c_segment_sample,77,77,0.0007371394545771182,0.0030600469062020156,0.0002667376829776913,0.015996219590306282,7.936288408959888e-06,0.00302686019552455,0.09090909090909091,-0.0021305454901994567,-0.0022108606295660137,-0.0011828811839222908,per_model_kept_independent_plus_common_union
Qwen_Qwen3-32B,32B,32.0,5120,hidden_dim,exp_c,no_think,gsm8k_test_001088,no_think,canonical,,False,answer_segment,no_think_answer,20,exp_c_segment_sample,77,77,0.0011159397661685943,0.0031726822077883287,0.00040120951598510146,0.017114296555519104,6.845228630591623e-06,0.003151276967975336,0.09090909090909091,-0.001575372634643035,-0.0013969546591397377,-0.006703672930598259,per_model_kept_independent_plus_common_union
Qwen_Qwen3-32B,32B,32.0,5120,hidden_dim,exp_c,no_think,gsm8k_test_001108,no_think,canonical,,True,answer_segment,no_think_answer,6,exp_c_segment_sample,39,39,0.0004981414065696299,0.003205582898002691,0.0005478847306221724,0.011987924575805664,7.582020678247746e-06,0.003155113711009586,0.0,-0.0009574699134995721,-0.00021476277033798423,-0.011665520258247852,per_model_kept_independent_plus_common_union
Qwen_Qwen3-32B,32B,32.0,5120,hidden_dim,exp_c,no_think,gsm8k_test_001108,no_think,canonical,,True,answer_segment,no_think_answer,13,exp_c_segment_sample,39,39,0.0007371394545771182,0.002617396390399872,0.0008140987483784556,0.011023392900824547,4.667681482303902e-06,0.002569508404887625,0.0,-0.001740231981071143,-0.0015724327124189584,-0.006425037980079651,per_model_kept_independent_plus_common_union
Qwen_Qwen3-32B,32B,32.0,5120,hidden_dim,exp_c,no_think,gsm8k_test_001108,no_think,canonical,,True,answer_segment,no_think_answer,20,exp_c_segment_sample,39,39,0.0011159397661685943,0.002248083232328869,0.000978628289885819,0.008849422447383404,2.0935583472046838e-06,0.0022124876176301198,0.1282051282051282,-0.0014766230301644946,-0.0012537892907857897,-0.003001847304403782,per_model_kept_independent_plus_common_union
Qwen_Qwen3-32B,32B,32.0,5120,hidden_dim,exp_c,no_think,gsm8k_test_001144,no_think,canonical,,False,answer_segment,no_think_answer,6,exp_c_segment_sample,45,45,0.0004981414065696299,0.003070049859686858,0.0006326569127850235,0.009684791788458824,4.348325475892907e-06,0.0030408536390909412,0.0,-0.0015853199284469705,-0.0010523700184421614,-0.013559287413954735,per_model_kept_independent_plus_common_union
Qwen_Qwen3-32B,32B,32.0,5120,hidden_dim,exp_c,no_think,gsm8k_test_001144,no_think,canonical,,False,answer_segment,no_think_answer,13,exp_c_segment_sample,45,45,0.0007371394545771182,0.0025236415392201807,0.0006915481644682586,0.005576440133154392,1.632167827628069e-06,0.0024847431923262775,0.044444444444444446,-0.0007690929780727702,-0.0006322263846717155,-0.008720958605408669,per_model_kept_independent_plus_common_union
Qwen_Qwen3-32B,32B,32.0,5120,hidden_dim,exp_c,no_think,gsm8k_test_001144,no_think,canonical,,False,answer_segment,no_think_answer,20,exp_c_segment_sample,45,45,0.0011159397661685943,0.0024263089238148595,0.001040291739627719,0.00466332770884037,8.506096453036885e-07,0.0024033007264899257,0.1111111111111111,-0.0008010839544020686,-0.0006344880384858695,-0.004573365207761526,per_model_kept_independent_plus_common_union
Qwen_Qwen3-32B,32B,32.0,5120,hidden_dim,exp_c,no_think,gsm8k_test_001178,no_think,canonical,,True,answer_segment,no_think_answer,6,exp_c_segment_sample,45,45,0.0004981414065696299,0.0031662546253452698,0.0005817781202495098,0.016749437898397446,9.597744022188228e-06,0.0031072602803099226,0.0,-0.0027386933696739667,-0.0022175786046621697,-0.0018803374841809273,per_model_kept_independent_plus_common_union
Qwen_Qwen3-32B,32B,32.0,5120,hidden_dim,exp_c,no_think,gsm8k_test_001178,no_think,canonical,,True,answer_segment,no_think_answer,13,exp_c_segment_sample,45,45,0.0007371394545771182,0.002448936551809311,0.0006135757430456579,0.007438709493726492,2.0975547130499622e-06,0.0024080150972374463,0.044444444444444446,-0.0015879263855057986,-0.0013176726448970535,-0.002547571435570717,per_model_kept_independent_plus_common_union
Qwen_Qwen3-32B,32B,32.0,5120,hidden_dim,exp_c,no_think,gsm8k_test_001178,no_think,canonical,,True,answer_segment,no_think_answer,20,exp_c_segment_sample,45,45,0.0011159397661685943,0.002319560335793843,0.0007210153853520751,0.008103001862764359,1.5296225138384628e-06,0.002307654605829157,0.1111111111111111,-0.0013645238769443126,-0.0009704097416639947,-0.0038026717957109213,per_model_kept_independent_plus_common_union
Qwen_Qwen3-32B,32B,32.0,5120,hidden_dim,exp_c,no_think,gsm8k_test_001182,no_think,canonical,,False,answer_segment,no_think_answer,6,exp_c_segment_sample,53,53,0.0004981414065696299,0.0028299594864706103,0.0009121204493567348,0.009486859664320946,4.469895416613579e-06,0.0027940515003417837,0.0,-0.0016273948289766348,-0.0010454118143700592,-0.010177708230912685,per_model_kept_independent_plus_common_union
Qwen_Qwen3-32B,32B,32.0,5120,hidden_dim,exp_c,no_think,gsm8k_test_001182,no_think,canonical,,False,answer_segment,no_think_answer,13,exp_c_segment_sample,53,53,0.0007371394545771182,0.0025425794642014465,0.000893284275662154,0.007765243761241436,1.936055031092287e-06,0.0024954431047752644,0.0,-0.0012746072597352599,-0.001216215459862724,-0.003496843157336116,per_model_kept_independent_plus_common_union
Qwen_Qwen3-32B,32B,32.0,5120,hidden_dim,exp_c,no_think,gsm8k_test_001182,no_think,canonical,,False,answer_segment,no_think_answer,20,exp_c_segment_sample,53,53,0.0011159397661685943,0.002439228251119548,0.0009454909013584256,0.007047254592180252,1.6270438888832993e-06,0.002414367320642878,0.03773584905660377,-0.001484699887506646,-0.0014761809974775783,-0.003958404064178467,per_model_kept_independent_plus_common_union
Qwen_Qwen3-32B,32B,32.0,5120,hidden_dim,exp_c,no_think,gsm8k_test_001209,no_think,canonical,,True,answer_segment,no_think_answer,6,exp_c_segment_sample,59,59,0.0004981414065696299,0.0028912098377832543,0.00046565354568883777,0.012489241547882557,6.9513000448556375e-06,0.002787158191244215,0.01694915254237288,-0.0003454929026301536,0.0001263919674480956,-0.015058009885251522,per_model_kept_independent_plus_common_union
Qwen_Qwen3-32B,32B,32.0,5120,hidden_dim,exp_c,no_think,gsm8k_test_001209,no_think,canonical,,True,answer_segment,no_think_answer,13,exp_c_segment_sample,59,59,0.0007371394545771182,0.002511511683085207,0.000510275480337441,0.008109192363917828,2.420041173932354e-06,0.0024751052380828508,0.05084745762711865,-0.0013120624657041596,-0.0008135976231036083,-0.006490882020443678,per_model_kept_independent_plus_common_union
Qwen_Qwen3-32B,32B,32.0,5120,hidden_dim,exp_c,no_think,gsm8k_test_001209,no_think,canonical,,True,answer_segment,no_think_answer,20,exp_c_segment_sample,59,59,0.0011159397661685943,0.002463547039335057,0.0006810323102399707,0.006371161434799433,1.2070702890640435e-06,0.002444388385027133,0.05084745762711865,-0.0008306308649480363,-0.0006397127949943145,-0.003216723445802927,per_model_kept_independent_plus_common_union
Qwen_Qwen3-32B,32B,32.0,5120,hidden_dim,exp_c,no_think,gsm8k_test_001246,no_think,canonical,,True,answer_segment,no_think_answer,6,exp_c_segment_sample,40,40,0.0004981414065696299,0.0023966515451320446,0.00046480848686769605,0.0066996426321566105,2.43904254640246e-06,0.002336520213597955,0.05,-1.6650211750303765e-05,0.00022593956091441223,-0.006233540829271078,per_model_kept_independent_plus_common_union
Qwen_Qwen3-32B,32B,32.0,5120,hidden_dim,exp_c,no_think,gsm8k_test_001246,no_think,canonical,,True,answer_segment,no_think_answer,13,exp_c_segment_sample,40,40,0.0007371394545771182,0.0026727505319286138,0.0006025348557159305,0.008426581509411335,3.0447405555611937e-06,0.0026304960155334226,0.05,-0.0012575890888777998,-0.0008408382127527148,-0.0052206129767000675,per_model_kept_independent_plus_common_union
Qwen_Qwen3-32B,32B,32.0,5120,hidden_dim,exp_c,no_think,gsm8k_test_001246,no_think,canonical,,True,answer_segment,no_think_answer,20,exp_c_segment_sample,40,40,0.0011159397661685943,0.00240795203280868,0.0007864562794566154,0.006467924918979406,1.7915970132727685e-06,0.0023880174476056336,0.125,-0.002069393201892993,-0.0015912937640678137,-0.003358549904078245,per_model_kept_independent_plus_common_union
Qwen_Qwen3-32B,32B,32.0,5120,hidden_dim,exp_c,no_think,gsm8k_test_001307,no_think,canonical,,True,answer_segment,no_think_answer,6,exp_c_segment_sample,57,57,0.0004981414065696299,0.0027503704222270465,0.000401549186790362,0.014836291782557964,6.3854803639742625e-06,0.002720403771361037,0.08771929824561403,-0.0014235374294627075,-0.0008895431955655412,-0.010151194408535957,per_model_kept_independent_plus_common_union
Qwen_Qwen3-32B,32B,32.0,5120,hidden_dim,exp_c,no_think,gsm8k_test_001307,no_think,canonical,,True,answer_segment,no_think_answer,13,exp_c_segment_sample,57,57,0.0007371394545771182,0.0026433966204262617,0.000650073285214603,0.007756298873573542,2.4437568946766734e-06,0.0026008356986234765,0.07017543859649122,-0.0012662730495802067,-0.0010951405235876638,-0.005664466880261898,per_model_kept_independent_plus_common_union
Qwen_Qwen3-32B,32B,32.0,5120,hidden_dim,exp_c,no_think,gsm8k_test_001307,no_think,canonical,,True,answer_segment,no_think_answer,20,exp_c_segment_sample,57,57,0.0011159397661685943,0.002445468422752527,0.0006661940133199096,0.005075887311249971,8.997463078875095e-07,0.002418758517056371,0.10526315789473684,-0.0005099517897535429,-0.00042821279882142944,-0.002080393023788929,per_model_kept_independent_plus_common_union
Qwen_Qwen3-32B,32B,32.0,5120,hidden_dim,exp_c,no_think,gsm8k_test_001311,no_think,canonical,,True,answer_segment,no_think_answer,6,exp_c_segment_sample,40,40,0.0004981414065696299,0.0029289142272318712,0.0009746614960022271,0.007013601250946522,3.0502631716026163e-06,0.0028920038737571584,0.0,0.00041976367349156907,0.0005461349210236222,-0.006305962335318327,per_model_kept_independent_plus_common_union
Qwen_Qwen3-32B,32B,32.0,5120,hidden_dim,exp_c,no_think,gsm8k_test_001311,no_think,canonical,,True,answer_segment,no_think_answer,13,exp_c_segment_sample,40,40,0.0007371394545771182,0.002413377506309189,0.0010543095413595438,0.006012624595314264,1.3655371998288597e-06,0.002364360628864513,0.0,0.0002585482333570975,0.00018844333244487626,-0.014944029971957207,per_model_kept_independent_plus_common_union
Qwen_Qwen3-32B,32B,32.0,5120,hidden_dim,exp_c,no_think,gsm8k_test_001311,no_think,canonical,,True,answer_segment,no_think_answer,20,exp_c_segment_sample,40,40,0.0011159397661685943,0.002117943382472731,0.0010169862071052194,0.004002155736088753,5.70012436368898e-07,0.002086476133300517,0.025,-0.0005487477712094707,-0.0004984936560504137,-0.007280557416379452,per_model_kept_independent_plus_common_union
Qwen_Qwen3-32B,32B,32.0,5120,hidden_dim,exp_c,think,gsm8k_test_000007,think,canonical,,True,answer_segment,think_answer,6,exp_c_segment_sample,63,63,0.0004981414065696299,0.0028649790744696346,0.000667187909130007,0.014197692275047302,7.0504303600155866e-06,0.0028032276651731897,0.0,-0.00017589328854228267,0.0006484956466010772,-0.02120445854961872,per_model_kept_independent_plus_common_union
Qwen_Qwen3-32B,32B,32.0,5120,hidden_dim,exp_c,think,gsm8k_test_000007,think,canonical,,True,answer_segment,think_answer,13,exp_c_segment_sample,63,63,0.0007371394545771182,0.0024914742430805097,0.0006523289484903216,0.007506132125854492,1.6090890085251114e-06,0.002471445243798136,0.047619047619047616,-0.0007338955247611188,-0.00018375603394815698,-0.005804732907563448,per_model_kept_independent_plus_common_union
Qwen_Qwen3-32B,32B,32.0,5120,hidden_dim,exp_c,think,gsm8k_test_000007,think,canonical,,True,answer_segment,think_answer,20,exp_c_segment_sample,63,63,0.0011159397661685943,0.002466673537763575,0.0009081150637939572,0.00617770804092288,8.466517722491102e-07,0.0024593103275213747,0.047619047619047616,-0.0012494765642692245,-0.0008569940182496794,-0.0047655897215008736,per_model_kept_independent_plus_common_union
Qwen_Qwen3-32B,32B,32.0,5120,hidden_dim,exp_c,think,gsm8k_test_000007,think,canonical,,True,thinking_segment,thinking,6,exp_c_segment_sample,256,256,0.0004981414065696299,0.00507666163889553,0.0003260131925344467,0.08267384022474289,0.00011635535531770121,0.004900353925623169,0.0859375,-0.0015167269676195484,-0.0016977356822280854,-0.02120445854961872,per_model_kept_independent_plus_common_union
Qwen_Qwen3-32B,32B,32.0,5120,hidden_dim,exp_c,think,gsm8k_test_000007,think,canonical,,True,thinking_segment,thinking,13,exp_c_segment_sample,256,256,0.0007371394545771182,0.0030031914195660647,0.000500777387060225,0.026679325848817825,1.248339552446763e-05,0.002940939346807583,0.10546875,-0.00023666257003139536,-0.00047578134217474144,-0.005804732907563448,per_model_kept_independent_plus_common_union
Qwen_Qwen3-32B,32B,32.0,5120,hidden_dim,exp_c,think,gsm8k_test_000007,think,canonical,,True,thinking_segment,thinking,20,exp_c_segment_sample,256,256,0.0011159397661685943,0.0028931930189628474,0.0009071971289813519,0.01818462461233139,3.5381792644163773e-06,0.0028733907603959285,0.03515625,-7.747940842343142e-05,-0.0003623958791649784,-0.0047655897215008736,per_model_kept_independent_plus_common_union
Qwen_Qwen3-32B,32B,32.0,5120,hidden_dim,exp_c,think,gsm8k_test_000031,think,canonical,,True,answer_segment,think_answer,6,exp_c_segment_sample,76,76,0.0004981414065696299,0.002563995574172096,0.0003863958700094372,0.00892534852027893,5.408234368257272e-06,0.0025130195744956538,0.07894736842105263,-0.0010940072263989809,-0.0006184494352629898,-0.0035702185705304146,per_model_kept_independent_plus_common_union
Qwen_Qwen3-32B,32B,32.0,5120,hidden_dim,exp_c,think,gsm8k_test_000031,think,canonical,,True,answer_segment,think_answer,13,exp_c_segment_sample,76,76,0.0007371394545771182,0.0025574152869491003,0.000524443166796118,0.012023350223898888,3.296344963432858e-06,0.0024932679176951447,0.10526315789473684,-0.0003482375157263679,-0.0003717626279563105,-0.002873822581022978,per_model_kept_independent_plus_common_union
Qwen_Qwen3-32B,32B,32.0,5120,hidden_dim,exp_c,think,gsm8k_test_000031,think,canonical,,True,answer_segment,think_answer,20,exp_c_segment_sample,76,76,0.0011159397661685943,0.002638235758671439,0.0008427671273238957,0.01607346162199974,3.4618418079686607e-06,0.002615773618842164,0.07894736842105263,-0.0012406115530769174,-0.0010078158015140188,-0.005270464811474085,per_model_kept_independent_plus_common_union
Qwen_Qwen3-32B,32B,32.0,5120,hidden_dim,exp_c,think,gsm8k_test_000031,think,canonical,,True,thinking_segment,thinking,6,exp_c_segment_sample,256,256,0.0004981414065696299,0.004001506141889877,0.000405127095291391,0.12212047725915909,8.894578043596348e-05,0.003904410952789372,0.046875,-0.004089255285908802,-0.0028662852587331145,-0.0035702185705304146,per_model_kept_independent_plus_common_union
Qwen_Qwen3-32B,32B,32.0,5120,hidden_dim,exp_c,think,gsm8k_test_000031,think,canonical,,True,thinking_segment,thinking,13,exp_c_segment_sample,256,256,0.0007371394545771182,0.0032305909824117407,0.0005478616221807897,0.031181830912828445,1.7599949470476564e-05,0.003237733502678679,0.03515625,-0.002462390598408659,-0.0017407397517672507,-0.002873822581022978,per_model_kept_independent_plus_common_union
Qwen_Qwen3-32B,32B,32.0,5120,hidden_dim,exp_c,think,gsm8k_test_000031,think,canonical,,True,thinking_segment,thinking,20,exp_c_segment_sample,256,256,0.0011159397661685943,0.0031148684745403443,0.0007055544410832226,0.033665742725133896,9.212835472779181e-06,0.0031381916020259155,0.05078125,-0.0004706740655166834,-0.00039038566592353163,-0.005270464811474085,per_model_kept_independent_plus_common_union
Qwen_Qwen3-32B,32B,32.0,5120,hidden_dim,exp_c,think,gsm8k_test_000048,think,canonical,,True,answer_segment,think_answer,6,exp_c_segment_sample,41,41,0.0004981414065696299,0.002822329792784663,0.0006448535714298487,0.008966179564595222,3.2654266221065024e-06,0.0028068219660781326,0.0,-0.0008754905561497887,-0.0007593539458784189,-0.010270819067955017,per_model_kept_independent_plus_common_union
Qwen_Qwen3-32B,32B,32.0,5120,hidden_dim,exp_c,think,gsm8k_test_000048,think,canonical,,True,answer_segment,think_answer,13,exp_c_segment_sample,41,41,0.0007371394545771182,0.0026060136690985686,0.0008492037886753678,0.007926064543426037,2.0438043941260384e-06,0.0025683385843876753,0.0,-0.0010105583845971943,-0.0009271356393583119,-0.005796494428068399,per_model_kept_independent_plus_common_union
Qwen_Qwen3-32B,32B,32.0,5120,hidden_dim,exp_c,think,gsm8k_test_000048,think,canonical,,True,answer_segment,think_answer,20,exp_c_segment_sample,41,41,0.0011159397661685943,0.002313305757281075,0.0008324850350618362,0.005426086485385895,9.012722878682133e-07,0.0023097726167179648,0.07317073170731707,-0.0009282455071385031,-0.0009224505470642314,-0.005749809090048075,per_model_kept_independent_plus_common_union
Qwen_Qwen3-32B,32B,32.0,5120,hidden_dim,exp_c,think,gsm8k_test_000048,think,canonical,,True,thinking_segment,thinking,6,exp_c_segment_sample,218,218,0.0004981414065696299,0.004523646139722412,0.00026531057665124536,0.0543489046394825,5.2388191832354926e-05,0.0043984779052399885,0.08256880733944955,-0.0009981473587075353,-0.0008232915138995109,-0.010270819067955017,per_model_kept_independent_plus_common_union
Qwen_Qwen3-32B,32B,32.0,5120,hidden_dim,exp_c,think,gsm8k_test_000048,think,canonical,,True,thinking_segment,thinking,13,exp_c_segment_sample,218,218,0.0007371394545771182,0.0030611791763317966,0.0005614575347863138,0.029772192239761353,8.335058694738965e-06,0.002997599884412736,0.0779816513761468,4.508400864833619e-06,-0.00023327945117754007,-0.005796494428068399,per_model_kept_independent_plus_common_union
Qwen_Qwen3-32B,32B,32.0,5120,hidden_dim,exp_c,think,gsm8k_test_000048,think,canonical,,True,thinking_segment,thinking,20,exp_c_segment_sample,218,218,0.0011159397661685943,0.0030722032232239943,0.000622419232968241,0.027967920526862144,5.356704144423486e-06,0.0030133218688499774,0.07339449541284404,0.0003160095813768925,1.1491041037846924e-05,-0.005749809090048075,per_model_kept_independent_plus_common_union
Qwen_Qwen3-32B,32B,32.0,5120,hidden_dim,exp_c,think,gsm8k_test_000054,think,canonical,,True,answer_segment,think_answer,6,exp_c_segment_sample,53,53,0.0004981414065696299,0.003731164304794357,0.0007091802544891834,0.019069729372859,1.43598947792587e-05,0.003713500100555114,0.0,-0.0017077945733142187,-0.00039726879081821874,-0.010643897578120232,per_model_kept_independent_plus_common_union
Qwen_Qwen3-32B,32B,32.0,5120,hidden_dim,exp_c,think,gsm8k_test_000054,think,canonical,,True,answer_segment,think_answer,13,exp_c_segment_sample,53,53,0.0007371394545771182,0.0030054185948035906,0.0008834481122903526,0.007232544012367725,2.6666914417443954e-06,0.002973140850931836,0.0,-0.00022649501969713504,-7.690449794089168e-05,-0.009069898165762424,per_model_kept_independent_plus_common_union
Qwen_Qwen3-32B,32B,32.0,5120,hidden_dim,exp_c,think,gsm8k_test_000054,think,canonical,,True,answer_segment,think_answer,20,exp_c_segment_sample,53,53,0.0011159397661685943,0.002699803679584051,0.0009273003088310361,0.007118244655430317,1.2870292489747517e-06,0.002687488646747974,0.05660377358490566,-0.0005977819458946606,-0.0004353433697750525,-0.004285474773496389,per_model_kept_independent_plus_common_union
Qwen_Qwen3-32B,32B,32.0,5120,hidden_dim,exp_c,think,gsm8k_test_000054,think,canonical,,True,thinking_segment,thinking,6,exp_c_segment_sample,239,239,0.0004981414065696299,0.004105128503560915,0.0002323735097888857,0.09291031956672668,6.30319931858566e-05,0.004000329580600667,0.07112970711297072,0.0002566183719616708,-1.5963397405963954e-05,-0.010643897578120232,per_model_kept_independent_plus_common_union
Qwen_Qwen3-32B,32B,32.0,5120,hidden_dim,exp_c,think,gsm8k_test_000054,think,canonical,,True,thinking_segment,thinking,13,exp_c_segment_sample,239,239,0.0007371394545771182,0.002865403996917875,0.00040355412056669593,0.04526294395327568,1.1548388324550765e-05,0.0027715554804503993,0.05439330543933055,0.0009203887564543156,0.0006913153440109457,-0.009069898165762424,per_model_kept_independent_plus_common_union
Qwen_Qwen3-32B,32B,32.0,5120,hidden_dim,exp_c,think,gsm8k_test_000054,think,canonical,,True,thinking_segment,thinking,20,exp_c_segment_sample,239,239,0.0011159397661685943,0.002761583129396062,0.0006482687313109636,0.023380035534501076,3.7992754074644803e-06,0.0027149804562580674,0.058577405857740586,0.00023306966190582952,0.00015838838298805075,-0.004285474773496389,per_model_kept_independent_plus_common_union
Qwen_Qwen3-32B,32B,32.0,5120,hidden_dim,exp_c,think,gsm8k_test_000099,think,canonical,,True,answer_segment,think_answer,6,exp_c_segment_sample,44,44,0.0004981414065696299,0.0032608105327447197,0.0006860183202661574,0.018102973699569702,9.641013893399069e-06,0.003253040264014068,0.0,-0.003185287850139889,-0.002758418601429598,-0.01097080484032631,per_model_kept_independent_plus_common_union
Qwen_Qwen3-32B,32B,32.0,5120,hidden_dim,exp_c,think,gsm8k_test_000099,think,canonical,,True,answer_segment,think_answer,13,exp_c_segment_sample,44,44,0.0007371394545771182,0.0027870060108729044,0.0006115426658652723,0.009575361385941505,2.8849855420470457e-06,0.0027660352183332625,0.045454545454545456,-0.0021111675580455496,-0.0018250825814902787,-0.0031919730827212334,per_model_kept_independent_plus_common_union
Qwen_Qwen3-32B,32B,32.0,5120,hidden_dim,exp_c,think,gsm8k_test_000099,think,canonical,,True,answer_segment,think_answer,20,exp_c_segment_sample,44,44,0.0011159397661685943,0.0029922532677036625,0.0008557483670301735,0.009243106469511986,3.3431563685191293e-06,0.002997875461344023,0.09090909090909091,-0.0027217108108964043,-0.0021507822569798336,-0.0005745985545217991,per_model_kept_independent_plus_common_union
Qwen_Qwen3-32B,32B,32.0,5120,hidden_dim,exp_c,think,gsm8k_test_000099,think,canonical,,True,thinking_segment,thinking,6,exp_c_segment_sample,170,170,0.0004981414065696299,0.0045182900200255545,0.00035048258723691106,0.046389639377593994,5.712792279483546e-05,0.0043758316233839575,0.041176470588235294,0.0006669822790704604,-0.00014096104775468844,-0.01097080484032631,per_model_kept_independent_plus_common_union
Qwen_Qwen3-32B,32B,32.0,5120,hidden_dim,exp_c,think,gsm8k_test_000099,think,canonical,,True,thinking_segment,thinking,13,exp_c_segment_sample,170,170,0.0007371394545771182,0.002693458228125511,0.0005549079505726695,0.021323364228010178,5.378477006440289e-06,0.002635896637120984,0.041176470588235294,-0.0007536071486015698,-0.0006314042947514979,-0.0031919730827212334,per_model_kept_independent_plus_common_union
Qwen_Qwen3-32B,32B,32.0,5120,hidden_dim,exp_c,think,gsm8k_test_000099,think,canonical,,True,thinking_segment,thinking,20,exp_c_segment_sample,170,170,0.0011159397661685943,0.0027591615459909113,0.0007151775062084198,0.011771488934755325,2.437317810864658e-06,0.0027336061091063073,0.052941176470588235,-0.00020561574693236977,-2.5168407795041117e-05,-0.0005745985545217991,per_model_kept_independent_plus_common_union
Qwen_Qwen3-32B,32B,32.0,5120,hidden_dim,exp_c,think,gsm8k_test_000109,think,canonical,,True,answer_segment,think_answer,6,exp_c_segment_sample,56,56,0.0004981414065696299,0.00332427192708045,0.0007869199616834521,0.01469448208808899,1.0956021902975717e-05,0.003324719060170041,0.0,-0.004104239895788397,-0.002960546703044591,-0.009080460295081139,per_model_kept_independent_plus_common_union
Qwen_Qwen3-32B,32B,32.0,5120,hidden_dim,exp_c,think,gsm8k_test_000109,think,canonical,,True,answer_segment,think_answer,13,exp_c_segment_sample,56,56,0.0007371394545771182,0.0028985837686507565,0.0009803026914596558,0.008763422258198261,3.763251222147109e-06,0.002867621401409534,0.0,-0.0024833496993922287,-0.001964485522226564,-0.009669264778494835,per_model_kept_independent_plus_common_union
Qwen_Qwen3-32B,32B,32.0,5120,hidden_dim,exp_c,think,gsm8k_test_000109,think,canonical,,True,answer_segment,think_answer,20,exp_c_segment_sample,56,56,0.0011159397661685943,0.0027830503614885466,0.0012670605210587382,0.007120476569980383,1.7242935717023733e-06,0.002770113932307471,0.0,-0.0021861641557495066,-0.0017542800633236766,-0.006287196651101112,per_model_kept_independent_plus_common_union
Qwen_Qwen3-32B,32B,32.0,5120,hidden_dim,exp_c,think,gsm8k_test_000109,think,canonical,,True,thinking_segment,thinking,6,exp_c_segment_sample,185,185,0.0004981414065696299,0.0041854833211825305,0.0003000504511874169,0.03634197264909744,4.72599645657453e-05,0.004054713820590656,0.13513513513513514,-0.0015268761563742494,-0.000677367007889923,-0.009080460295081139,per_model_kept_independent_plus_common_union
Qwen_Qwen3-32B,32B,32.0,5120,hidden_dim,exp_c,think,gsm8k_test_000109,think,canonical,,True,thinking_segment,thinking,13,exp_c_segment_sample,185,185,0.0007371394545771182,0.002908774689815284,0.0004359343438409269,0.05078602582216263,1.7909309995793735e-05,0.0027699418150523743,0.12432432432432433,0.0009776487982033704,0.000598579859410591,-0.009669264778494835,per_model_kept_independent_plus_common_union
Qwen_Qwen3-32B,32B,32.0,5120,hidden_dim,exp_c,think,gsm8k_test_000109,think,canonical,,True,thinking_segment,thinking,20,exp_c_segment_sample,185,185,0.0011159397661685943,0.0028307318070752395,0.0006433935486711562,0.03635406494140625,9.990818823812944e-06,0.0027364772825461364,0.14054054054054055,0.0009349628632568263,0.0004253101663941397,-0.006287196651101112,per_model_kept_independent_plus_common_union
Qwen_Qwen3-32B,32B,32.0,5120,hidden_dim,exp_c,think,gsm8k_test_000112,think,canonical,,True,answer_segment,think_answer,6,exp_c_segment_sample,44,44,0.0004981414065696299,0.0026388265766647896,0.0005025413702242076,0.009498190134763718,4.473301674575208e-06,0.002598298251964585,0.0,-0.00044824656991598487,-8.29201466827226e-06,-0.00698355957865715,per_model_kept_independent_plus_common_union
Qwen_Qwen3-32B,32B,32.0,5120,hidden_dim,exp_c,think,gsm8k_test_000112,think,canonical,,True,answer_segment,think_answer,13,exp_c_segment_sample,44,44,0.0007371394545771182,0.002303173823747784,0.0005981720751151443,0.006655492819845676,1.8471143460282384e-06,0.002269978829941084,0.13636363636363635,-0.001326726224259333,-0.0009232739473439076,-0.007574551273137331,per_model_kept_independent_plus_common_union
Qwen_Qwen3-32B,32B,32.0,5120,hidden_dim,exp_c,think,gsm8k_test_000112,think,canonical,,True,answer_segment,think_answer,20,exp_c_segment_sample,44,44,0.0011159397661685943,0.0022330432005798107,0.0006517038564197719,0.007579667028039694,1.6401955810520963e-06,0.0022380237567758317,0.1590909090909091,-0.0016229160195287086,-0.0011091682509603827,-0.0029761018231511116,per_model_kept_independent_plus_common_union
Qwen_Qwen3-32B,32B,32.0,5120,hidden_dim,exp_c,think,gsm8k_test_000112,think,canonical,,True,thinking_segment,thinking,6,exp_c_segment_sample,246,246,0.0004981414065696299,0.0035345081871231577,0.00030503416201099753,0.046353913843631744,3.893435405499561e-05,0.0034153453354742775,0.11788617886178862,-0.0009135501921936403,0.0005415764434503448,-0.00698355957865715,per_model_kept_independent_plus_common_union
Qwen_Qwen3-32B,32B,32.0,5120,hidden_dim,exp_c,think,gsm8k_test_000112,think,canonical,,True,thinking_segment,thinking,13,exp_c_segment_sample,246,246,0.0007371394545771182,0.0024968413938957503,0.0004883095389232039,0.045380037277936935,1.0664926154286607e-05,0.002401758018614991,0.0975609756097561,0.00027835069653619706,0.0004525013463271238,-0.007574551273137331,per_model_kept_independent_plus_common_union
Qwen_Qwen3-32B,32B,32.0,5120,hidden_dim,exp_c,think,gsm8k_test_000112,think,canonical,,True,thinking_segment,thinking,20,exp_c_segment_sample,246,246,0.0011159397661685943,0.002490822966418767,0.0007347423234023154,0.01645534485578537,2.4511468517439824e-06,0.002458415606667345,0.10569105691056911,0.00021519370852197376,0.0001265907654493686,-0.0029761018231511116,per_model_kept_independent_plus_common_union
Qwen_Qwen3-32B,32B,32.0,5120,hidden_dim,exp_c,think,gsm8k_test_000118,think,canonical,,True,answer_segment,think_answer,6,exp_c_segment_sample,50,50,0.0004981414065696299,0.003068338092416525,0.0008314360165968537,0.008575554005801678,3.4383987604301595e-06,0.003047426905939165,0.0,0.0012411491331808708,0.0010174248197402517,-0.01609177142381668,per_model_kept_independent_plus_common_union
Qwen_Qwen3-32B,32B,32.0,5120,hidden_dim,exp_c,think,gsm8k_test_000118,think,canonical,,True,answer_segment,think_answer,13,exp_c_segment_sample,50,50,0.0007371394545771182,0.0027491909428499638,0.0009337019873782992,0.007635279558598995,1.912650577036021e-06,0.0027073496068846814,0.0,0.00039541788700529567,2.221447917131244e-05,-0.006780614145100117,per_model_kept_independent_plus_common_union
Qwen_Qwen3-32B,32B,32.0,5120,hidden_dim,exp_c,think,gsm8k_test_000118,think,canonical,,True,answer_segment,think_answer,20,exp_c_segment_sample,50,50,0.0011159397661685943,0.0027371181652415546,0.0008772332221269608,0.006007758900523186,1.4481136549045922e-06,0.0027416391424093466,0.04,0.0004227199176709881,0.00020048332561810453,-0.007509717717766762,per_model_kept_independent_plus_common_union
Qwen_Qwen3-32B,32B,32.0,5120,hidden_dim,exp_c,think,gsm8k_test_000118,think,canonical,,True,thinking_segment,thinking,6,exp_c_segment_sample,211,211,0.0004981414065696299,0.0042026341269046546,0.00020236796990502626,0.05027696490287781,4.826942311249389e-05,0.004071164485815511,0.20853080568720378,0.0015215297091574589,0.0017877741041922727,-0.01609177142381668,per_model_kept_independent_plus_common_union
Qwen_Qwen3-32B,32B,32.0,5120,hidden_dim,exp_c,think,gsm8k_test_000118,think,canonical,,True,thinking_segment,thinking,13,exp_c_segment_sample,211,211,0.0007371394545771182,0.0028916264246096526,0.000373801653040573,0.028859654441475868,8.837157079490345e-06,0.0028234055846474973,0.12322274881516587,0.0003539525886735845,0.0004764339888802256,-0.006780614145100117,per_model_kept_independent_plus_common_union
Qwen_Qwen3-32B,32B,32.0,5120,hidden_dim,exp_c,think,gsm8k_test_000118,think,canonical,,True,thinking_segment,thinking,20,exp_c_segment_sample,211,211,0.0011159397661685943,0.002873641916581593,0.0007488701376132667,0.034401923418045044,6.675837471779178e-06,0.0027958842094189355,0.08056872037914692,0.0012529925583142842,0.0010831567056846085,-0.007509717717766762,per_model_kept_independent_plus_common_union
Qwen_Qwen3-32B,32B,32.0,5120,hidden_dim,exp_c,think,gsm8k_test_000133,think,canonical,,True,answer_segment,think_answer,6,exp_c_segment_sample,49,49,0.0004981414065696299,0.003113813467836958,0.0006059965817257762,0.02039787359535694,9.584873494935337e-06,0.0030907023246982135,0.0,-0.0013212979083158532,-0.0010142121061037937,-0.00011616479605436325,per_model_kept_independent_plus_common_union
Qwen_Qwen3-32B,32B,32.0,5120,hidden_dim,exp_c,think,gsm8k_test_000133,think,canonical,,True,answer_segment,think_answer,13,exp_c_segment_sample,49,49,0.0007371394545771182,0.0026844065976139083,0.0008139827405102551,0.0064415535889565945,1.8481778902209483e-06,0.002647640555854499,0.0,-0.0006560473928075977,-0.0005243342916051359,-0.00823963899165392,per_model_kept_independent_plus_common_union
Qwen_Qwen3-32B,32B,32.0,5120,hidden_dim,exp_c,think,gsm8k_test_000133,think,canonical,,True,answer_segment,think_answer,20,exp_c_segment_sample,49,49,0.0011159397661685943,0.002659137743259115,0.0008169015636667609,0.00628349045291543,1.4121922855172983e-06,0.0026637903501978144,0.08163265306122448,-0.0010732954088598504,-0.0008351717574092057,-0.003146733157336712,per_model_kept_independent_plus_common_union
Qwen_Qwen3-32B,32B,32.0,5120,hidden_dim,exp_c,think,gsm8k_test_000133,think,canonical,,True,thinking_segment,thinking,6,exp_c_segment_sample,110,110,0.0004981414065696299,0.0032856226901375606,0.00034100498305633664,0.04408247023820877,3.4962070879364344e-05,0.0031450170889569425,0.1,-0.0021436453099718273,-0.0022602935849655686,-0.00011616479605436325,per_model_kept_independent_plus_common_union
Qwen_Qwen3-32B,32B,32.0,5120,hidden_dim,exp_c,think,gsm8k_test_000133,think,canonical,,True,thinking_segment,thinking,13,exp_c_segment_sample,110,110,0.0007371394545771182,0.0030609352101402527,0.0006532622501254082,0.05222192406654358,2.8724575051810953e-05,0.0028249118701392474,0.03636363636363636,0.000901479115915611,9.761651745066047e-05,-0.00823963899165392,per_model_kept_independent_plus_common_union
Qwen_Qwen3-32B,32B,32.0,5120,hidden_dim,exp_c,think,gsm8k_test_000133,think,canonical,,True,thinking_segment,thinking,20,exp_c_segment_sample,110,110,0.0011159397661685943,0.0028861918338489805,0.0009356491500511765,0.01906384341418743,4.879572536547691e-06,0.002806675287151555,0.05454545454545454,0.000429135530784327,-0.00015466251560220792,-0.003146733157336712,per_model_kept_independent_plus_common_union
Qwen_Qwen3-32B,32B,32.0,5120,hidden_dim,exp_c,think,gsm8k_test_000172,think,canonical,,True,answer_segment,think_answer,6,exp_c_segment_sample,47,47,0.0004981414065696299,0.0031786601141496422,0.0002318901679245755,0.012835174798965454,7.910757842494615e-06,0.0031333582165129683,0.19148936170212766,-0.0021101578944232664,-0.0013644929155513332,-0.006739461794495583,per_model_kept_independent_plus_common_union
Qwen_Qwen3-32B,32B,32.0,5120,hidden_dim,exp_c,think,gsm8k_test_000172,think,canonical,,True,answer_segment,think_answer,13,exp_c_segment_sample,47,47,0.0007371394545771182,0.0028558686397910276,0.0002927275199908763,0.007939559407532215,3.333034434705048e-06,0.0028413938872171966,0.10638297872340426,-0.002005071299208793,-0.00131471700539502,-0.007703382521867752,per_model_kept_independent_plus_common_union
Qwen_Qwen3-32B,32B,32.0,5120,hidden_dim,exp_c,think,gsm8k_test_000172,think,canonical,,True,answer_segment,think_answer,20,exp_c_segment_sample,47,47,0.0011159397661685943,0.002560604382256799,0.000406006263801828,0.007233652286231518,1.834001924073235e-06,0.002545674158128626,0.14893617021276595,-0.0018123377325382337,-0.0011552830158810439,-0.006371441297233105,per_model_kept_independent_plus_common_union
Qwen_Qwen3-32B,32B,32.0,5120,hidden_dim,exp_c,think,gsm8k_test_000172,think,canonical,,True,thinking_segment,thinking,6,exp_c_segment_sample,256,256,0.0004981414065696299,0.003694473357768402,0.00024881536955945194,0.04387538880109787,4.767080067169034e-05,0.0035969349722546427,0.171875,-0.0011206460340006112,-0.0010113464845744602,-0.006739461794495583,per_model_kept_independent_plus_common_union
Qwen_Qwen3-32B,32B,32.0,5120,hidden_dim,exp_c,think,gsm8k_test_000172,think,canonical,,True,thinking_segment,thinking,13,exp_c_segment_sample,256,256,0.0007371394545771182,0.0028376023400369377,0.00034347220207564533,0.03226036578416824,1.2684439269497895e-05,0.002794769428340232,0.19921875,-0.001777836988541162,-0.001175713730390271,-0.007703382521867752,per_model_kept_independent_plus_common_union
Qwen_Qwen3-32B,32B,32.0,5120,hidden_dim,exp_c,think,gsm8k_test_000172,think,canonical,,True,thinking_segment,thinking,20,exp_c_segment_sample,256,256,0.0011159397661685943,0.0026308660721952037,0.0006246480043046176,0.0260616447776556,5.245695016102909e-06,0.002611175643255515,0.17578125,-0.0007620320030164198,-0.0004952049885105225,-0.006371441297233105,per_model_kept_independent_plus_common_union
Qwen_Qwen3-32B,32B,32.0,5120,hidden_dim,exp_c,think,gsm8k_test_000182,think,canonical,,True,answer_segment,think_answer,6,exp_c_segment_sample,54,54,0.0004981414065696299,0.0040942869996393304,0.0005993489176034927,0.01481139101088047,1.5954463074901643e-05,0.004104944757067265,0.0,-0.0036681332523144346,-0.002871839396123375,-0.009501434862613678,per_model_kept_independent_plus_common_union
Qwen_Qwen3-32B,32B,32.0,5120,hidden_dim,exp_c,think,gsm8k_test_000182,think,canonical,,True,answer_segment,think_answer,13,exp_c_segment_sample,54,54,0.0007371394545771182,0.002881178803767802,0.0008372419397346675,0.010089007206261158,3.790675179722443e-06,0.0028526731173701162,0.0,-0.0010894257623485935,-0.000868808328440147,-0.00586348120123148,per_model_kept_independent_plus_common_union
Qwen_Qwen3-32B,32B,32.0,5120,hidden_dim,exp_c,think,gsm8k_test_000182,think,canonical,,True,answer_segment,think_answer,20,exp_c_segment_sample,54,54,0.0011159397661685943,0.00257695443428087,0.0007884663646109402,0.0055211447179317474,1.3952131784414585e-06,0.0025648289340337352,0.05555555555555555,-0.0008944978159052706,-0.0006258069063603345,-0.00268941861577332,per_model_kept_independent_plus_common_union
Qwen_Qwen3-32B,32B,32.0,5120,hidden_dim,exp_c,think,gsm8k_test_000182,think,canonical,,True,thinking_segment,thinking,6,exp_c_segment_sample,256,256,0.0004981414065696299,0.004163063663838784,0.0002150417276425287,0.06766130030155182,7.06538500755108e-05,0.003995373134978286,0.2578125,-0.004682408495547802,-0.004469714608148934,-0.009501434862613678,per_model_kept_independent_plus_common_union
Qwen_Qwen3-32B,32B,32.0,5120,hidden_dim,exp_c,think,gsm8k_test_000182,think,canonical,,True,thinking_segment,thinking,13,exp_c_segment_sample,256,256,0.0007371394545771182,0.003562765417200353,0.0002544878516346216,0.03554004803299904,2.4714498732356504e-05,0.0034667474308371594,0.296875,-0.004184946147056049,-0.0038339249995260616,-0.00586348120123148,per_model_kept_independent_plus_common_union
Qwen_Qwen3-32B,32B,32.0,5120,hidden_dim,exp_c,think,gsm8k_test_000182,think,canonical,,True,thinking_segment,thinking,20,exp_c_segment_sample,256,256,0.0011159397661685943,0.0033416953436926633,0.0004550608282443136,0.016595572233200073,1.0015924932260427e-05,0.0033043484705260664,0.2109375,-0.002672220028984615,-0.0024108493794301467,-0.00268941861577332,per_model_kept_independent_plus_common_union
Qwen_Qwen3-32B,32B,32.0,5120,hidden_dim,exp_c,think,gsm8k_test_000199,think,canonical,,True,answer_segment,think_answer,6,exp_c_segment_sample,56,56,0.0004981414065696299,0.00258714979281649,0.0007277738768607378,0.00823001004755497,3.737306030670828e-06,0.0025653373894535684,0.0,-0.002038120801553578,-0.0013377807502235684,-0.008786438964307308,per_model_kept_independent_plus_common_union
Qwen_Qwen3-32B,32B,32.0,5120,hidden_dim,exp_c,think,gsm8k_test_000199,think,canonical,,True,answer_segment,think_answer,13,exp_c_segment_sample,56,56,0.0007371394545771182,0.002510529866932692,0.0007765498594380915,0.0064834365621209145,1.7509107427756647e-06,0.002484575162684037,0.0,-0.0019460807724451439,-0.0016306814962133232,-0.00937389675527811,per_model_kept_independent_plus_common_union
Qwen_Qwen3-32B,32B,32.0,5120,hidden_dim,exp_c,think,gsm8k_test_000199,think,canonical,,True,answer_segment,think_answer,20,exp_c_segment_sample,56,56,0.0011159397661685943,0.002768838998495734,0.0009602661011740565,0.008578537032008171,2.4369143932768933e-06,0.0027642233530059458,0.07142857142857142,-0.0029058018996891435,-0.0023862663656473155,-0.003779758233577013,per_model_kept_independent_plus_common_union
Qwen_Qwen3-32B,32B,32.0,5120,hidden_dim,exp_c,think,gsm8k_test_000199,think,canonical,,True,thinking_segment,thinking,6,exp_c_segment_sample,163,163,0.0004981414065696299,0.0038956246914433465,0.0003019489231519401,0.03209161013364792,3.1808123410588814e-05,0.0037831357000453125,0.20245398773006135,0.0007537231234413868,0.0003356489362819799,-0.008786438964307308,per_model_kept_independent_plus_common_union
Qwen_Qwen3-32B,32B,32.0,5120,hidden_dim,exp_c,think,gsm8k_test_000199,think,canonical,,True,thinking_segment,thinking,13,exp_c_segment_sample,163,163,0.0007371394545771182,0.002870816353171424,0.0004883304354734719,0.04345906525850296,1.5275040005809465e-05,0.002734818822060377,0.15337423312883436,0.0013156409938754915,0.0007832278369744195,-0.00937389675527811,per_model_kept_independent_plus_common_union
Qwen_Qwen3-32B,32B,32.0,5120,hidden_dim,exp_c,think,gsm8k_test_000199,think,canonical,,True,thinking_segment,thinking,20,exp_c_segment_sample,163,163,0.0011159397661685943,0.0028145662133947607,0.0009120033937506378,0.01691332273185253,3.979284456567001e-06,0.0027676665861544733,0.05521472392638037,0.0005299992012230016,0.0002011305414049364,-0.003779758233577013,per_model_kept_independent_plus_common_union
Qwen_Qwen3-32B,32B,32.0,5120,hidden_dim,exp_c,think,gsm8k_test_000247,think,canonical,,True,answer_segment,think_answer,6,exp_c_segment_sample,45,45,0.0004981414065696299,0.0030640640179626644,0.00026511354371905327,0.009711080230772495,6.010459376599829e-06,0.00303246747220824,0.08888888888888889,-0.001561620605070198,-0.001109083901004245,-0.008859348483383656,per_model_kept_independent_plus_common_union
Qwen_Qwen3-32B,32B,32.0,5120,hidden_dim,exp_c,think,gsm8k_test_000247,think,canonical,,True,answer_segment,think_answer,13,exp_c_segment_sample,45,45,0.0007371394545771182,0.0030088567588892248,0.00032882243976928294,0.007865969091653824,3.372190837940153e-06,0.002984617705806159,0.08888888888888889,-0.0009421697954404264,-0.000627737759108034,-0.0024959794245660305,per_model_kept_independent_plus_common_union
Qwen_Qwen3-32B,32B,32.0,5120,hidden_dim,exp_c,think,gsm8k_test_000247,think,canonical,,True,answer_segment,think_answer,20,exp_c_segment_sample,45,45,0.0011159397661685943,0.0025360158062539993,0.00047437837929464877,0.008086606860160828,2.317593988786688e-06,0.0025226827168477357,0.1111111111111111,-0.0012673973379170758,-0.0011572103248909116,-0.0055987960658967495,per_model_kept_independent_plus_common_union
Qwen_Qwen3-32B,32B,32.0,5120,hidden_dim,exp_c,think,gsm8k_test_000247,think,canonical,,True,thinking_segment,thinking,6,exp_c_segment_sample,256,256,0.0004981414065696299,0.004149158016161891,0.0003745693829841912,0.05894384905695915,5.611930242096542e-05,0.0038627876926219146,0.0703125,-0.003168016882428306,-0.0014847459847260325,-0.008859348483383656,per_model_kept_independent_plus_common_union
Qwen_Qwen3-32B,32B,32.0,5120,hidden_dim,exp_c,think,gsm8k_test_000247,think,canonical,,True,thinking_segment,thinking,13,exp_c_segment_sample,256,256,0.0007371394545771182,0.002937603254622445,0.0004753922112286091,0.023906702175736427,8.88648823064513e-06,0.0028515082714913225,0.09765625,-0.0022178072094198122,-0.0010661105716280872,-0.0024959794245660305,per_model_kept_independent_plus_common_union
Qwen_Qwen3-32B,32B,32.0,5120,hidden_dim,exp_c,think,gsm8k_test_000247,think,canonical,,True,thinking_segment,thinking,20,exp_c_segment_sample,256,256,0.0011159397661685943,0.0029935436755295086,0.000498520617838949,0.0309620164334774,7.141387961073336e-06,0.002898473134179758,0.10546875,-0.0006804484844785038,-0.0001640916425458272,-0.0055987960658967495,per_model_kept_independent_plus_common_union
Qwen_Qwen3-32B,32B,32.0,5120,hidden_dim,exp_c,think,gsm8k_test_000254,think,canonical,,True,answer_segment,think_answer,6,exp_c_segment_sample,59,59,0.0004981414065696299,0.003290632526563891,0.0005700990441255271,0.014136369340121746,8.314490284410073e-06,0.003290799352067426,0.0,-0.0031671802412671216,-0.002125829982105643,-0.005800307262688875,per_model_kept_independent_plus_common_union
Qwen_Qwen3-32B,32B,32.0,5120,hidden_dim,exp_c,think,gsm8k_test_000254,think,canonical,,True,answer_segment,think_answer,13,exp_c_segment_sample,59,59,0.0007371394545771182,0.0027733642156078024,0.0006470264634117484,0.010121197439730167,3.4115469453926436e-06,0.002746712444510696,0.03389830508474576,-0.0018762167505683171,-0.0011303983473529419,-0.005339453928172588,per_model_kept_independent_plus_common_union
Qwen_Qwen3-32B,32B,32.0,5120,hidden_dim,exp_c,think,gsm8k_test_000254,think,canonical,,True,answer_segment,think_answer,20,exp_c_segment_sample,59,59,0.0011159397661685943,0.002758720334248333,0.0007714471430517733,0.008970964699983597,3.0459781089198603e-06,0.002759368631563246,0.1016949152542373,-0.0022908581355665604,-0.0014152009699804086,-0.0012730732560157776,per_model_kept_independent_plus_common_union
Qwen_Qwen3-32B,32B,32.0,5120,hidden_dim,exp_c,think,gsm8k_test_000254,think,canonical,,True,thinking_segment,thinking,6,exp_c_segment_sample,256,256,0.0004981414065696299,0.0033491437573047733,0.0003050103841815144,0.05145522952079773,3.9937226054724426e-05,0.003140741900183825,0.1640625,-0.002955222435430043,-0.0030841010006952274,-0.005800307262688875,per_model_kept_independent_plus_common_union
Qwen_Qwen3-32B,32B,32.0,5120,hidden_dim,exp_c,think,gsm8k_test_000254,think,canonical,,True,thinking_segment,thinking,13,exp_c_segment_sample,256,256,0.0007371394545771182,0.002680233222690731,0.0003449109790381044,0.04148765280842781,1.6200881423840126e-05,0.0026114942689422953,0.19921875,-0.001779314356354126,-0.0015915537005639635,-0.005339453928172588,per_model_kept_independent_plus_common_union
Qwen_Qwen3-32B,32B,32.0,5120,hidden_dim,exp_c,think,gsm8k_test_000254,think,canonical,,True,thinking_segment,thinking,20,exp_c_segment_sample,256,256,0.0011159397661685943,0.002595666941942909,0.0005588429630734026,0.018286945298314095,3.8009058831149214e-06,0.0025624888847284215,0.125,-0.0008385015417136365,-0.0007465535627488862,-0.0012730732560157776,per_model_kept_independent_plus_common_union
Qwen_Qwen3-32B,32B,32.0,5120,hidden_dim,exp_c,think,gsm8k_test_000343,think,canonical,,True,answer_segment,think_answer,6,exp_c_segment_sample,62,62,0.0004981414065696299,0.0026392325131793415,0.00038512476021423936,0.017332930117845535,6.785774010574369e-06,0.002628009243425531,0.08064516129032258,-0.002402682084008658,-0.0014607039047405124,-0.004948585294187069,per_model_kept_independent_plus_common_union
Qwen_Qwen3-32B,32B,32.0,5120,hidden_dim,exp_c,think,gsm8k_test_000343,think,canonical,,True,answer_segment,think_answer,13,exp_c_segment_sample,62,62,0.0007371394545771182,0.002645322864296876,0.0008265280048362911,0.014676232822239399,4.785875375222937e-06,0.0026215931074312104,0.0,-0.002592559977625563,-0.0017918303019541781,-0.004250494763255119,per_model_kept_independent_plus_common_union
Qwen_Qwen3-32B,32B,32.0,5120,hidden_dim,exp_c,think,gsm8k_test_000343,think,canonical,,True,answer_segment,think_answer,20,exp_c_segment_sample,62,62,0.0011159397661685943,0.002582027482980442,0.0009859494166448712,0.007252504117786884,2.0961517307225208e-06,0.002573472533573504,0.0967741935483871,-0.0025086577787863723,-0.0019357691489858553,-0.000663029495626688,per_model_kept_independent_plus_common_union
Qwen_Qwen3-32B,32B,32.0,5120,hidden_dim,exp_c,think,gsm8k_test_000343,think,canonical,,True,thinking_segment,thinking,6,exp_c_segment_sample,206,206,0.0004981414065696299,0.0042988546558563115,0.00030856698867864907,0.06699621677398682,5.493666538894462e-05,0.004188302336913738,0.06310679611650485,-0.0038176886502820626,-0.002970533413015521,-0.004948585294187069,per_model_kept_independent_plus_common_union
Qwen_Qwen3-32B,32B,32.0,5120,hidden_dim,exp_c,think,gsm8k_test_000343,think,canonical,,True,thinking_segment,thinking,13,exp_c_segment_sample,206,206,0.0007371394545771182,0.002880482856145816,0.0004335556586738676,0.028172502294182777,9.29614874741908e-06,0.0028124800607811926,0.10679611650485436,-0.000823116988796803,-0.000531376114500185,-0.004250494763255119,per_model_kept_independent_plus_common_union
Qwen_Qwen3-32B,32B,32.0,5120,hidden_dim,exp_c,think,gsm8k_test_000343,think,canonical,,True,thinking_segment,thinking,20,exp_c_segment_sample,206,206,0.0011159397661685943,0.0029268359818531977,0.0007185271242633462,0.014396315440535545,4.2305345170591874e-06,0.0029010389630523756,0.10194174757281553,-0.0007345305052655983,-0.00046092674221234536,-0.000663029495626688,per_model_kept_independent_plus_common_union
Qwen_Qwen3-32B,32B,32.0,5120,hidden_dim,exp_c,think,gsm8k_test_000361,think,canonical,,True,answer_segment,think_answer,6,exp_c_segment_sample,76,76,0.0004981414065696299,0.0028460147939193504,0.0004055607132613659,0.01443844847381115,7.023479189156515e-06,0.0027946939513397726,0.09210526315789473,-0.0006087886317598397,-0.001277610497230566,-0.004264232702553272,per_model_kept_independent_plus_common_union
Qwen_Qwen3-32B,32B,32.0,5120,hidden_dim,exp_c,think,gsm8k_test_000361,think,canonical,,True,answer_segment,think_answer,13,exp_c_segment_sample,76,76,0.0007371394545771182,0.003101179900113493,0.0005677990848198533,0.010947748087346554,4.363809760830416e-06,0.003080061261231701,0.06578947368421052,-0.0012672112488616909,-0.0016225781444901308,-0.004113595001399517,per_model_kept_independent_plus_common_union
Qwen_Qwen3-32B,32B,32.0,5120,hidden_dim,exp_c,think,gsm8k_test_000361,think,canonical,,True,answer_segment,think_answer,20,exp_c_segment_sample,76,76,0.0011159397661685943,0.0030496793126650644,0.000726644997484982,0.01472722552716732,4.491408713151418e-06,0.003023207644776752,0.07894736842105263,-0.0023164021440532446,-0.002217289090989844,-0.005355507135391235,per_model_kept_independent_plus_common_union
Qwen_Qwen3-32B,32B,32.0,5120,hidden_dim,exp_c,think,gsm8k_test_000361,think,canonical,,True,thinking_segment,thinking,6,exp_c_segment_sample,256,256,0.0004981414065696299,0.0031358054122847534,0.00018350526806898415,0.03626415133476257,2.4189743333214106e-05,0.0030962336152853395,0.109375,-0.0007736939578786513,-0.0009459880525355402,-0.004264232702553272,per_model_kept_independent_plus_common_union
Qwen_Qwen3-32B,32B,32.0,5120,hidden_dim,exp_c,think,gsm8k_test_000361,think,canonical,,True,thinking_segment,thinking,13,exp_c_segment_sample,256,256,0.0007371394545771182,0.0030557108866560156,0.00034874313860200346,0.027430985122919083,1.2645595999391282e-05,0.003022995398654512,0.0859375,-0.0010193099159316625,-0.0010701698006414517,-0.004113595001399517,per_model_kept_independent_plus_common_union
Qwen_Qwen3-32B,32B,32.0,5120,hidden_dim,exp_c,think,gsm8k_test_000361,think,canonical,,True,thinking_segment,thinking,20,exp_c_segment_sample,256,256,0.0011159397661685943,0.003363505844163228,0.0005903572891838849,0.030207816511392593,7.48855033892848e-06,0.0033341519785879186,0.078125,-0.00018015872290658646,-0.000400035143684363,-0.005355507135391235,per_model_kept_independent_plus_common_union
Qwen_Qwen3-32B,32B,32.0,5120,hidden_dim,exp_c,think,gsm8k_test_000433,think,canonical,,True,answer_segment,think_answer,6,exp_c_segment_sample,58,58,0.0004981414065696299,0.003372864003879307,0.0007217236561700702,0.01365980040282011,7.785543197834282e-06,0.003360914198167034,0.0,-0.0024618204296397825,-0.0018889013949471211,-0.02017713151872158,per_model_kept_independent_plus_common_union
Qwen_Qwen3-32B,32B,32.0,5120,hidden_dim,exp_c,think,gsm8k_test_000433,think,canonical,,True,answer_segment,think_answer,13,exp_c_segment_sample,58,58,0.0007371394545771182,0.002723091455569876,0.0008171958033926785,0.008041046559810638,2.6574336146618647e-06,0.0026866105444353534,0.0,-0.0012055716494276307,-0.0008190706643896799,-0.015552034601569176,per_model_kept_independent_plus_common_union
Qwen_Qwen3-32B,32B,32.0,5120,hidden_dim,exp_c,think,gsm8k_test_000433,think,canonical,,True,answer_segment,think_answer,20,exp_c_segment_sample,58,58,0.0011159397661685943,0.0027443979694186872,0.0008830270962789655,0.008894754573702812,2.197429455149008e-06,0.002745451677280168,0.034482758620689655,-0.0012853613982906807,-0.0008006402989849445,-0.004142374265938997,per_model_kept_independent_plus_common_union
Qwen_Qwen3-32B,32B,32.0,5120,hidden_dim,exp_c,think,gsm8k_test_000433,think,canonical,,True,thinking_segment,thinking,6,exp_c_segment_sample,226,226,0.0004981414065696299,0.005488709021790831,0.00023128718021325767,0.15698297321796417,0.00017993259018302251,0.0053298499213350545,0.16371681415929204,-0.002326171715273145,-0.004071832942141203,-0.02017713151872158,per_model_kept_independent_plus_common_union
Qwen_Qwen3-32B,32B,32.0,5120,hidden_dim,exp_c,think,gsm8k_test_000433,think,canonical,,True,thinking_segment,thinking,13,exp_c_segment_sample,226,226,0.0007371394545771182,0.0032895738288576805,0.00037130239070393145,0.06601313501596451,3.0979900916736906e-05,0.003144800327588909,0.15486725663716813,-0.00019046498724874833,-0.0008312170929888158,-0.015552034601569176,per_model_kept_independent_plus_common_union
Qwen_Qwen3-32B,32B,32.0,5120,hidden_dim,exp_c,think,gsm8k_test_000433,think,canonical,,True,thinking_segment,thinking,20,exp_c_segment_sample,226,226,0.0011159397661685943,0.003026283443472719,0.0007548751891590655,0.017356637865304947,5.109641774329665e-06,0.002992845937713153,0.11946902654867257,-0.0005691281445599657,-0.0006618042999322997,-0.004142374265938997,per_model_kept_independent_plus_common_union
Qwen_Qwen3-32B,32B,32.0,5120,hidden_dim,exp_c,think,gsm8k_test_000449,think,canonical,,True,answer_segment,think_answer,6,exp_c_segment_sample,54,54,0.0004981414065696299,0.0030798060265455948,0.000425700971391052,0.009544671513140202,5.2290745157921575e-06,0.0030341443050002576,0.037037037037037035,-0.0016384514797751736,-0.0015621345747993997,-0.010713886469602585,per_model_kept_independent_plus_common_union
Qwen_Qwen3-32B,32B,32.0,5120,hidden_dim,exp_c,think,gsm8k_test_000449,think,canonical,,True,answer_segment,think_answer,13,exp_c_segment_sample,54,54,0.0007371394545771182,0.0031300284619512103,0.0005223964108154178,0.014644011855125427,6.054460890858507e-06,0.0031119115575972307,0.05555555555555555,-0.0024747300124021657,-0.0025193981086236556,-0.007552744820713997,per_model_kept_independent_plus_common_union
Qwen_Qwen3-32B,32B,32.0,5120,hidden_dim,exp_c,think,gsm8k_test_000449,think,canonical,,True,answer_segment,think_answer,20,exp_c_segment_sample,54,54,0.0011159397661685943,0.002732357819762978,0.0006248856661841273,0.008113526739180088,1.990467344249643e-06,0.0027298697211147055,0.09259259259259259,-0.0013643192986938924,-0.0011877884847178522,-0.004389985464513302,per_model_kept_independent_plus_common_union
Qwen_Qwen3-32B,32B,32.0,5120,hidden_dim,exp_c,think,gsm8k_test_000449,think,canonical,,True,thinking_segment,thinking,6,exp_c_segment_sample,240,240,0.0004981414065696299,0.003998842114985261,0.00030108692590147257,0.055071473121643066,4.79646845892387e-05,0.0038749137029946063,0.07916666666666666,-0.0008089658380149114,-0.0016362820334810146,-0.010713886469602585,per_model_kept_independent_plus_common_union
Qwen_Qwen3-32B,32B,32.0,5120,hidden_dim,exp_c,think,gsm8k_test_000449,think,canonical,,True,thinking_segment,thinking,13,exp_c_segment_sample,240,240,0.0007371394545771182,0.002774141997845921,0.000549571996089071,0.037649694830179214,1.0332490375981622e-05,0.0026938120269988145,0.05,-0.0002926224212346234,-0.0005322333405880877,-0.007552744820713997,per_model_kept_independent_plus_common_union
Qwen_Qwen3-32B,32B,32.0,5120,hidden_dim,exp_c,think,gsm8k_test_000449,think,canonical,,True,thinking_segment,thinking,20,exp_c_segment_sample,240,240,0.0011159397661685943,0.002955878681920391,0.0007672639912925661,0.02190084382891655,5.423309043166868e-06,0.002913064719616165,0.0625,4.1584624213031504e-05,-0.0002319887028230977,-0.004389985464513302,per_model_kept_independent_plus_common_union
Qwen_Qwen3-32B,32B,32.0,5120,hidden_dim,exp_c,think,gsm8k_test_000460,think,canonical,,True,answer_segment,think_answer,6,exp_c_segment_sample,47,47,0.0004981414065696299,0.003401852547230714,0.00043637416092678905,0.013836296275258064,8.284206383315323e-06,0.0034009445769935037,0.10638297872340426,-0.003949551829948101,-0.002749409368940784,-0.020105009898543358,per_model_kept_independent_plus_common_union
Qwen_Qwen3-32B,32B,32.0,5120,hidden_dim,exp_c,think,gsm8k_test_000460,think,canonical,,True,answer_segment,think_answer,13,exp_c_segment_sample,47,47,0.0007371394545771182,0.0028129934569810855,0.00046757320524193347,0.007204739842563868,2.803244156139072e-06,0.002791353855054299,0.10638297872340426,-0.002406048390920216,-0.0017118680843850598,-0.013666302897036076,per_model_kept_independent_plus_common_union
Qwen_Qwen3-32B,32B,32.0,5120,hidden_dim,exp_c,think,gsm8k_test_000460,think,canonical,,True,answer_segment,think_answer,20,exp_c_segment_sample,47,47,0.0011159397661685943,0.0027565815414183157,0.0005895771319046617,0.0063807787373661995,2.1563779404813716e-06,0.0027607484535901285,0.14893617021276595,-0.002029420634263514,-0.0017401491447041433,-0.005020575597882271,per_model_kept_independent_plus_common_union
Qwen_Qwen3-32B,32B,32.0,5120,hidden_dim,exp_c,think,gsm8k_test_000460,think,canonical,,True,thinking_segment,thinking,6,exp_c_segment_sample,220,220,0.0004981414065696299,0.00500846829963848,0.0002681175828911364,0.08503545820713043,0.00010018427908784016,0.004846701346397334,0.08636363636363636,-0.005741405314278845,-0.005166790255514735,-0.020105009898543358,per_model_kept_independent_plus_common_union
Qwen_Qwen3-32B,32B,32.0,5120,hidden_dim,exp_c,think,gsm8k_test_000460,think,canonical,,True,thinking_segment,thinking,13,exp_c_segment_sample,220,220,0.0007371394545771182,0.0032590725256754507,0.0003670201695058495,0.06716248393058777,2.6274395973578402e-05,0.0031095696059023747,0.10909090909090909,-0.0005110065610269551,-0.0004899343814362186,-0.013666302897036076,per_model_kept_independent_plus_common_union
Qwen_Qwen3-32B,32B,32.0,5120,hidden_dim,exp_c,think,gsm8k_test_000460,think,canonical,,True,thinking_segment,thinking,20,exp_c_segment_sample,220,220,0.0011159397661685943,0.0031080117826191287,0.00042262719944119453,0.026640262454748154,6.485303182293621e-06,0.003052413992644352,0.07727272727272727,-0.0007562386455651337,-0.0006920304625633767,-0.005020575597882271,per_model_kept_independent_plus_common_union
Qwen_Qwen3-32B,32B,32.0,5120,hidden_dim,exp_c,think,gsm8k_test_000514,think,canonical,,True,answer_segment,think_answer,6,exp_c_segment_sample,49,49,0.0004981414065696299,0.00356852173762472,0.000585417787078768,0.01447942852973938,9.757550936715679e-06,0.0035732901609056475,0.0,-0.0038608507344461244,-0.0022689024470030116,-0.004606283735483885,per_model_kept_independent_plus_common_union
Qwen_Qwen3-32B,32B,32.0,5120,hidden_dim,exp_c,think,gsm8k_test_000514,think,canonical,,True,answer_segment,think_answer,13,exp_c_segment_sample,49,49,0.0007371394545771182,0.002712776219206197,0.0009546247310936451,0.006231449544429779,2.324316691200176e-06,0.0026840296801916947,0.0,-0.0021167846611339827,-0.001474057386915844,-0.0072722663171589375,per_model_kept_independent_plus_common_union
Qwen_Qwen3-32B,32B,32.0,5120,hidden_dim,exp_c,think,gsm8k_test_000514,think,canonical,,True,answer_segment,think_answer,20,exp_c_segment_sample,49,49,0.0011159397661685943,0.002503367746724006,0.0009775946382433176,0.005614284425973892,1.2967991776948132e-06,0.0025049102077900898,0.061224489795918366,-0.0018033585564366415,-0.0013570674032402725,-0.004184553865343332,per_model_kept_independent_plus_common_union
Qwen_Qwen3-32B,32B,32.0,5120,hidden_dim,exp_c,think,gsm8k_test_000514,think,canonical,,True,thinking_segment,thinking,6,exp_c_segment_sample,227,227,0.0004981414065696299,0.003994608607572926,0.00025542714865878224,0.042331866919994354,4.600684065565091e-05,0.0038518381934248293,0.23348017621145375,-0.0046527862472428,-0.0036458532640449054,-0.004606283735483885,per_model_kept_independent_plus_common_union
Qwen_Qwen3-32B,32B,32.0,5120,hidden_dim,exp_c,think,gsm8k_test_000514,think,canonical,,True,thinking_segment,thinking,13,exp_c_segment_sample,227,227,0.0007371394545771182,0.0027306183086942045,0.0002676416770555079,0.04730734974145889,1.4911325831546614e-05,0.002615986490545926,0.23348017621145375,-0.0013532529395392586,-0.0008052519441933553,-0.0072722663171589375,per_model_kept_independent_plus_common_union
Qwen_Qwen3-32B,32B,32.0,5120,hidden_dim,exp_c,think,gsm8k_test_000514,think,canonical,,True,thinking_segment,thinking,20,exp_c_segment_sample,227,227,0.0011159397661685943,0.002768700735721458,0.000498949084430933,0.024860728532075882,4.7816782979279685e-06,0.002709335915896778,0.13656387665198239,-0.0005341348069699016,-0.0002693805237006593,-0.004184553865343332,per_model_kept_independent_plus_common_union
Qwen_Qwen3-32B,32B,32.0,5120,hidden_dim,exp_c,think,gsm8k_test_000534,think,canonical,,True,answer_segment,think_answer,6,exp_c_segment_sample,40,40,0.0004981414065696299,0.0027066613023635,0.0005779814091511071,0.008541414514183998,3.4559733504141683e-06,0.002654982342695197,0.0,-7.765823790644707e-05,0.0004324246838223189,-0.005527091212570667,per_model_kept_independent_plus_common_union
Qwen_Qwen3-32B,32B,32.0,5120,hidden_dim,exp_c,think,gsm8k_test_000534,think,canonical,,True,answer_segment,think_answer,13,exp_c_segment_sample,40,40,0.0007371394545771182,0.0024237889505457134,0.0007949848659336567,0.006708730943500996,1.5019100592825689e-06,0.002386762688939388,0.0,-0.0008549885906665261,-0.00040997794130817047,-0.0035967519506812096,per_model_kept_independent_plus_common_union
Qwen_Qwen3-32B,32B,32.0,5120,hidden_dim,exp_c,think,gsm8k_test_000534,think,canonical,,True,answer_segment,think_answer,20,exp_c_segment_sample,40,40,0.0011159397661685943,0.0023493448621593415,0.0007445941446349025,0.0075347451493144035,1.6859526414578244e-06,0.0023429252607270307,0.125,-0.0010539819449527082,-0.0005095585365779698,-0.0017736968584358692,per_model_kept_independent_plus_common_union
Qwen_Qwen3-32B,32B,32.0,5120,hidden_dim,exp_c,think,gsm8k_test_000534,think,canonical,,True,thinking_segment,thinking,6,exp_c_segment_sample,256,256,0.0004981414065696299,0.0040718316566881185,0.0002522801805753261,0.08631526678800583,8.057669948247301e-05,0.003982816679712989,0.16015625,-0.0014729796110885792,-0.0013878702152396727,-0.005527091212570667,per_model_kept_independent_plus_common_union
Qwen_Qwen3-32B,32B,32.0,5120,hidden_dim,exp_c,think,gsm8k_test_000534,think,canonical,,True,thinking_segment,thinking,13,exp_c_segment_sample,256,256,0.0007371394545771182,0.002924874713016834,0.0003281805547885597,0.03642347455024719,1.7148114695022044e-05,0.0028239296418188153,0.19921875,-0.00042618918346271344,-0.0004727247874143359,-0.0035967519506812096,per_model_kept_independent_plus_common_union
Qwen_Qwen3-32B,32B,32.0,5120,hidden_dim,exp_c,think,gsm8k_test_000534,think,canonical,,True,thinking_segment,thinking,20,exp_c_segment_sample,256,256,0.0011159397661685943,0.0027583007336033916,0.0004806554061360657,0.015988361090421677,5.492196049754416e-06,0.002703966821987085,0.21484375,-0.00030389499763973084,-0.00012926252657052828,-0.0017736968584358692,per_model_kept_independent_plus_common_union
Qwen_Qwen3-32B,32B,32.0,5120,hidden_dim,exp_c,think,gsm8k_test_000543,think,canonical,,True,answer_segment,think_answer,6,exp_c_segment_sample,43,43,0.0004981414065696299,0.0029124320162525184,0.0008687939262017608,0.009153762832283974,3.910212484810957e-06,0.002874667513727521,0.0,-0.00032334103289377434,-0.00025208268462764954,-0.008796519599854946,per_model_kept_independent_plus_common_union
Qwen_Qwen3-32B,32B,32.0,5120,hidden_dim,exp_c,think,gsm8k_test_000543,think,canonical,,True,answer_segment,think_answer,13,exp_c_segment_sample,43,43,0.0007371394545771182,0.002488351026333349,0.0011193190002813935,0.006448827683925629,1.4780536389921888e-06,0.002446483549041053,0.0,-0.000252657367141001,-0.0004505701257254591,-0.006371867842972279,per_model_kept_independent_plus_common_union
Qwen_Qwen3-32B,32B,32.0,5120,hidden_dim,exp_c,think,gsm8k_test_000543,think,canonical,,True,answer_segment,think_answer,20,exp_c_segment_sample,43,43,0.0011159397661685943,0.0025178106369039173,0.0009706622804515064,0.0074800462462008,1.5998352712672394e-06,0.002505487528175027,0.046511627906976744,-0.001365801585783068,-0.0012904671285386112,-0.007748127914965153,per_model_kept_independent_plus_common_union
Qwen_Qwen3-32B,32B,32.0,5120,hidden_dim,exp_c,think,gsm8k_test_000543,think,canonical,,True,thinking_segment,thinking,6,exp_c_segment_sample,256,256,0.0004981414065696299,0.003383543983488835,0.00018600105249788612,0.05214216187596321,3.346805732782565e-05,0.0032880012038879226,0.18359375,-0.00011572419846797112,0.00012741792602355417,-0.008796519599854946,per_model_kept_independent_plus_common_union
Qwen_Qwen3-32B,32B,32.0,5120,hidden_dim,exp_c,think,gsm8k_test_000543,think,canonical,,True,thinking_segment,thinking,13,exp_c_segment_sample,256,256,0.0007371394545771182,0.0029308200296327414,0.00032234471291303635,0.031241869553923607,1.2079188704075375e-05,0.0028840131367504932,0.19921875,-0.0001289896279226554,0.00022767669997847406,-0.006371867842972279,per_model_kept_independent_plus_common_union
Qwen_Qwen3-32B,32B,32.0,5120,hidden_dim,exp_c,think,gsm8k_test_000543,think,canonical,,True,thinking_segment,thinking,20,exp_c_segment_sample,256,256,0.0011159397661685943,0.0030788483068135974,0.0005698519526049495,0.035063229501247406,9.142732791911935e-06,0.0030015506214987123,0.16796875,0.0001798080868364908,8.589961362304166e-05,-0.007748127914965153,per_model_kept_independent_plus_common_union
Qwen_Qwen3-32B,32B,32.0,5120,hidden_dim,exp_c,think,gsm8k_test_000585,think,canonical,,True,answer_segment,think_answer,6,exp_c_segment_sample,67,67,0.0004981414065696299,0.0030292013309089773,0.0005914207431487739,0.014666914939880371,7.915087460402339e-06,0.0029162124494288223,0.0,-0.0024533487765524887,-0.0021006796810337726,-0.006025631912052631,per_model_kept_independent_plus_common_union
Qwen_Qwen3-32B,32B,32.0,5120,hidden_dim,exp_c,think,gsm8k_test_000585,think,canonical,,True,answer_segment,think_answer,13,exp_c_segment_sample,67,67,0.0007371394545771182,0.0027046315780312603,0.0007217791862785816,0.00805591233074665,2.6169867481151803e-06,0.0026656710657389886,0.014925373134328358,-0.0022472383423677343,-0.0020477476543472968,-0.0059246476739645,per_model_kept_independent_plus_common_union
Qwen_Qwen3-32B,32B,32.0,5120,hidden_dim,exp_c,think,gsm8k_test_000585,think,canonical,,True,answer_segment,think_answer,20,exp_c_segment_sample,67,67,0.0011159397661685943,0.002559448190123788,0.0008388960850425065,0.005677353590726852,1.010436193712004e-06,0.002544892751647047,0.029850746268656716,-0.0015339629089499048,-0.001295511576566188,-0.004063848871737719,per_model_kept_independent_plus_common_union
Qwen_Qwen3-32B,32B,32.0,5120,hidden_dim,exp_c,think,gsm8k_test_000585,think,canonical,,True,thinking_segment,thinking,6,exp_c_segment_sample,256,256,0.0004981414065696299,0.004230154105073325,0.0001787572109606117,0.18751919269561768,0.00018709376279846547,0.00400706147022077,0.22265625,-0.006354470692118066,-0.00509006247313944,-0.006025631912052631,per_model_kept_independent_plus_common_union
Qwen_Qwen3-32B,32B,32.0,5120,hidden_dim,exp_c,think,gsm8k_test_000585,think,canonical,,True,thinking_segment,thinking,13,exp_c_segment_sample,256,256,0.0007371394545771182,0.002764232495565011,0.00033386677387170494,0.03077564761042595,1.561947761968836e-05,0.002734061012191421,0.24609375,-0.0009196373421493892,-0.0009693388164473266,-0.0059246476739645,per_model_kept_independent_plus_common_union
Qwen_Qwen3-32B,32B,32.0,5120,hidden_dim,exp_c,think,gsm8k_test_000585,think,canonical,,True,thinking_segment,thinking,20,exp_c_segment_sample,256,256,0.0011159397661685943,0.0026278823875145463,0.0005128159536980093,0.020508529618382454,5.408721094530733e-06,0.002614859690998686,0.18359375,-0.001168808212819848,-0.0009533719419358442,-0.004063848871737719,per_model_kept_independent_plus_common_union
Qwen_Qwen3-32B,32B,32.0,5120,hidden_dim,exp_c,think,gsm8k_test_000625,think,canonical,,True,answer_segment,think_answer,6,exp_c_segment_sample,48,48,0.0004981414065696299,0.0026981454830092844,0.0008717969758436084,0.008968358859419823,4.623859293018773e-06,0.00267932421968695,0.0,-0.0011405008914821071,-0.0007154144065376995,-0.014322023838758469,per_model_kept_independent_plus_common_union
Qwen_Qwen3-32B,32B,32.0,5120,hidden_dim,exp_c,think,gsm8k_test_000625,think,canonical,,True,answer_segment,think_answer,13,exp_c_segment_sample,48,48,0.0007371394545771182,0.002463582402318328,0.0008754508453421295,0.007401651237159967,1.784009280134253e-06,0.002413081586053793,0.0,-0.0002773275489892757,-0.0002780492310800282,-0.008402860723435879,per_model_kept_independent_plus_common_union
Qwen_Qwen3-32B,32B,32.0,5120,hidden_dim,exp_c,think,gsm8k_test_000625,think,canonical,,True,answer_segment,think_answer,20,exp_c_segment_sample,48,48,0.0011159397661685943,0.0025325071837869473,0.0009381779236719012,0.004929187707602978,1.2439123956395768e-06,0.0025295835642262974,0.041666666666666664,-0.0007605008523773451,-0.0008250582031905653,-0.004748523235321045,per_model_kept_independent_plus_common_union
Qwen_Qwen3-32B,32B,32.0,5120,hidden_dim,exp_c,think,gsm8k_test_000625,think,canonical,,True,thinking_segment,thinking,6,exp_c_segment_sample,226,226,0.0004981414065696299,0.004502580185375481,0.0003234560717828572,0.045216552913188934,5.087246814969327e-05,0.004370959559972914,0.05752212389380531,-0.0004226574385808636,-0.0002501988436275143,-0.014322023838758469,per_model_kept_independent_plus_common_union
Qwen_Qwen3-32B,32B,32.0,5120,hidden_dim,exp_c,think,gsm8k_test_000625,think,canonical,,True,thinking_segment,thinking,13,exp_c_segment_sample,226,226,0.0007371394545771182,0.0030156075356907283,0.0005589639768004417,0.03537026792764664,9.789477734965977e-06,0.0029369482936130635,0.030973451327433628,0.00018005768017941397,6.958728210935223e-05,-0.008402860723435879,per_model_kept_independent_plus_common_union
Qwen_Qwen3-32B,32B,32.0,5120,hidden_dim,exp_c,think,gsm8k_test_000625,think,canonical,,True,thinking_segment,thinking,20,exp_c_segment_sample,226,226,0.0011159397661685943,0.0030593948896698226,0.0007771678501740098,0.018601786345243454,4.434782858471748e-06,0.0030206975809091503,0.048672566371681415,0.0004005503515198193,0.00025273231675096777,-0.004748523235321045,per_model_kept_independent_plus_common_union
Qwen_Qwen3-32B,32B,32.0,5120,hidden_dim,exp_c,think,gsm8k_test_000629,think,canonical,,True,answer_segment,think_answer,6,exp_c_segment_sample,63,63,0.0004981414065696299,0.0026546540357808156,0.0005016645882278681,0.010013693943619728,5.671736958138582e-06,0.002628916445481141,0.0,-0.002322690476354354,-0.0016258844989351928,-0.004997034557163715,per_model_kept_independent_plus_common_union
Qwen_Qwen3-32B,32B,32.0,5120,hidden_dim,exp_c,think,gsm8k_test_000629,think,canonical,,True,answer_segment,think_answer,13,exp_c_segment_sample,63,63,0.0007371394545771182,0.002653226680454931,0.000522107700817287,0.008712616749107838,4.281413079460616e-06,0.002621521462588721,0.07936507936507936,-0.002778286365355596,-0.0019500039852573536,-0.01835969090461731,per_model_kept_independent_plus_common_union
Qwen_Qwen3-32B,32B,32.0,5120,hidden_dim,exp_c,think,gsm8k_test_000629,think,canonical,,True,answer_segment,think_answer,20,exp_c_segment_sample,63,63,0.0011159397661685943,0.0029733008178438815,0.0006334646604955196,0.011805539950728416,5.144353171900363e-06,0.0029522995642882084,0.07936507936507936,-0.0034981110291569346,-0.0022810548907727934,-0.005276100244373083,per_model_kept_independent_plus_common_union
Qwen_Qwen3-32B,32B,32.0,5120,hidden_dim,exp_c,think,gsm8k_test_000629,think,canonical,,True,thinking_segment,thinking,6,exp_c_segment_sample,256,256,0.0004981414065696299,0.0026012555078409605,0.00024148290685843676,0.041805531829595566,2.9573538841439218e-05,0.002481613316123446,0.3359375,-0.00045694226030724554,-0.0011295512781543948,-0.004997034557163715,per_model_kept_independent_plus_common_union
Qwen_Qwen3-32B,32B,32.0,5120,hidden_dim,exp_c,think,gsm8k_test_000629,think,canonical,,True,thinking_segment,thinking,13,exp_c_segment_sample,256,256,0.0007371394545771182,0.0028480177448955146,0.00027381788822822273,0.10428903251886368,5.849389407512754e-05,0.0025700006211489663,0.3359375,0.0007368441981833964,-6.195506875883439e-05,-0.01835969090461731,per_model_kept_independent_plus_common_union
Qwen_Qwen3-32B,32B,32.0,5120,hidden_dim,exp_c,think,gsm8k_test_000629,think,canonical,,True,thinking_segment,thinking,20,exp_c_segment_sample,256,256,0.0011159397661685943,0.0026655352103261976,0.0004940057406201959,0.0370522178709507,8.011354034826317e-06,0.002559060570833321,0.2109375,-0.0004963392440785289,-0.0005655939703501645,-0.005276100244373083,per_model_kept_independent_plus_common_union
Qwen_Qwen3-32B,32B,32.0,5120,hidden_dim,exp_c,think,gsm8k_test_000640,think,canonical,,True,answer_segment,think_answer,6,exp_c_segment_sample,77,77,0.0004981414065696299,0.002265020958510796,0.0004198517126496881,0.009519393555819988,4.224427290073395e-06,0.0022207878845572275,0.09090909090909091,-0.0009713459100069984,-0.0010129980524652637,-0.006370170973241329,per_model_kept_independent_plus_common_union
Qwen_Qwen3-32B,32B,32.0,5120,hidden_dim,exp_c,think,gsm8k_test_000640,think,canonical,,True,answer_segment,think_answer,13,exp_c_segment_sample,77,77,0.0007371394545771182,0.0025040704285266336,0.0005092882784083486,0.012711407616734505,3.819700039406298e-06,0.00248609692176902,0.11688311688311688,-0.0005756151540526811,-0.0006346898502670225,-0.0068398998118937016,per_model_kept_independent_plus_common_union
Qwen_Qwen3-32B,32B,32.0,5120,hidden_dim,exp_c,think,gsm8k_test_000640,think,canonical,,True,answer_segment,think_answer,20,exp_c_segment_sample,77,77,0.0011159397661685943,0.0023499774147889446,0.0007655398221686482,0.006821975111961365,1.4059974430296162e-06,0.002324576756157177,0.09090909090909091,-0.0013204757081154922,-0.0012439991696737707,-0.0037145649548619986,per_model_kept_independent_plus_common_union
Qwen_Qwen3-32B,32B,32.0,5120,hidden_dim,exp_c,think,gsm8k_test_000640,think,canonical,,True,thinking_segment,thinking,6,exp_c_segment_sample,256,256,0.0004981414065696299,0.0031239653347938656,0.0002302238717675209,0.04817834496498108,3.6070162728911765e-05,0.0030588024476161475,0.16015625,-0.0037146928021281242,-0.002554173441239982,-0.006370170973241329,per_model_kept_independent_plus_common_union
Qwen_Qwen3-32B,32B,32.0,5120,hidden_dim,exp_c,think,gsm8k_test_000640,think,canonical,,True,thinking_segment,thinking,13,exp_c_segment_sample,256,256,0.0007371394545771182,0.0031241622261859447,0.00036338320933282375,0.0451795794069767,2.2912864115353782e-05,0.0030617631417468563,0.1875,-0.002733585449142412,-0.00171966263314971,-0.0068398998118937016,per_model_kept_independent_plus_common_union
Qwen_Qwen3-32B,32B,32.0,5120,hidden_dim,exp_c,think,gsm8k_test_000640,think,canonical,,True,thinking_segment,thinking,20,exp_c_segment_sample,256,256,0.0011159397661685943,0.003001797131219064,0.0006545258802361786,0.025377068668603897,9.425247075603799e-06,0.0029496289160178485,0.09765625,-0.002106576549427162,-0.00147567016119865,-0.0037145649548619986,per_model_kept_independent_plus_common_union
Qwen_Qwen3-32B,32B,32.0,5120,hidden_dim,exp_c,think,gsm8k_test_000695,think,canonical,,True,answer_segment,think_answer,6,exp_c_segment_sample,46,46,0.0004981414065696299,0.002632960648043081,0.0005068421014584601,0.012788305059075356,6.424292541465028e-06,0.0026116661947324054,0.0,-0.0017232741367620668,-0.0009704014034165693,-0.006543057505041361,per_model_kept_independent_plus_common_union
Qwen_Qwen3-32B,32B,32.0,5120,hidden_dim,exp_c,think,gsm8k_test_000695,think,canonical,,True,answer_segment,think_answer,13,exp_c_segment_sample,46,46,0.0007371394545771182,0.002313205609148692,0.0008294263971038163,0.008868326433002949,2.5052991238511972e-06,0.0022400697292242616,0.0,-0.00039411404519664974,-0.00019761705091999194,-0.005302406847476959,per_model_kept_independent_plus_common_union
Qwen_Qwen3-32B,32B,32.0,5120,hidden_dim,exp_c,think,gsm8k_test_000695,think,canonical,,True,answer_segment,think_answer,20,exp_c_segment_sample,46,46,0.0011159397661685943,0.0023217144619633,0.0011099488474428654,0.007155237253755331,1.0738073916391815e-06,0.002296506403945387,0.021739130434782608,-0.0008587859187380285,-0.0005679558962583542,-0.005079980473965406,per_model_kept_independent_plus_common_union
Qwen_Qwen3-32B,32B,32.0,5120,hidden_dim,exp_c,think,gsm8k_test_000695,think,canonical,,True,thinking_segment,thinking,6,exp_c_segment_sample,117,117,0.0004981414065696299,0.0035581756291142865,0.00037221808452159166,0.05260100215673447,4.708372742023264e-05,0.0034410242452426686,0.13675213675213677,-0.002872485616013673,-0.0021593226954185717,-0.006543057505041361,per_model_kept_independent_plus_common_union
Qwen_Qwen3-32B,32B,32.0,5120,hidden_dim,exp_c,think,gsm8k_test_000695,think,canonical,,True,thinking_segment,thinking,13,exp_c_segment_sample,117,117,0.0007371394545771182,0.0024930292697679093,0.0005227116635069251,0.017149176448583603,5.542410627427884e-06,0.0024195919581086788,0.06837606837606838,-0.00020043464597704766,-3.381829786424815e-05,-0.005302406847476959,per_model_kept_independent_plus_common_union
Qwen_Qwen3-32B,32B,32.0,5120,hidden_dim,exp_c,think,gsm8k_test_000695,think,canonical,,True,thinking_segment,thinking,20,exp_c_segment_sample,117,117,0.0011159397661685943,0.002826939826994402,0.0008236838621087372,0.02278057113289833,5.622322595350303e-06,0.002737695554468042,0.042735042735042736,0.00030614870163477985,0.00020719357610990592,-0.005079980473965406,per_model_kept_independent_plus_common_union
Qwen_Qwen3-32B,32B,32.0,5120,hidden_dim,exp_c,think,gsm8k_test_000697,think,canonical,,True,answer_segment,think_answer,6,exp_c_segment_sample,52,52,0.0004981414065696299,0.0023914019861527216,0.0005661423783749342,0.01006988063454628,4.568581198309362e-06,0.0023512314610164976,0.0,0.0007472155218709439,0.0008355806707046353,-0.005348131991922855,per_model_kept_independent_plus_common_union
Qwen_Qwen3-32B,32B,32.0,5120,hidden_dim,exp_c,think,gsm8k_test_000697,think,canonical,,True,answer_segment,think_answer,13,exp_c_segment_sample,52,52,0.0007371394545771182,0.002178729912534786,0.0007776859565638006,0.00725856889039278,1.9247571803273404e-06,0.002147880643058349,0.0,-0.0003437871620814598,-0.00024812140663226043,-0.004469750449061394,per_model_kept_independent_plus_common_union
Qwen_Qwen3-32B,32B,32.0,5120,hidden_dim,exp_c,think,gsm8k_test_000697,think,canonical,,True,answer_segment,think_answer,20,exp_c_segment_sample,52,52,0.0011159397661685943,0.002362559287576005,0.0007810593815520406,0.006942336447536945,1.5644080605361435e-06,0.002349471232817307,0.09615384615384616,-0.0004781639800374553,-0.0003023802866944326,-0.0028420202434062958,per_model_kept_independent_plus_common_union
Qwen_Qwen3-32B,32B,32.0,5120,hidden_dim,exp_c,think,gsm8k_test_000697,think,canonical,,True,thinking_segment,thinking,6,exp_c_segment_sample,170,170,0.0004981414065696299,0.002796310990507824,0.000297841674182564,0.03665758669376373,3.117907088478063e-05,0.0026558603054345105,0.14705882352941177,-0.0020390803868927114,-0.001277876198210558,-0.005348131991922855,per_model_kept_independent_plus_common_union
Qwen_Qwen3-32B,32B,32.0,5120,hidden_dim,exp_c,think,gsm8k_test_000697,think,canonical,,True,thinking_segment,thinking,13,exp_c_segment_sample,170,170,0.0007371394545771182,0.002149807184982552,0.00038605526788160205,0.03028576448559761,7.425444521792449e-06,0.0020600227505098148,0.15294117647058825,-0.0003187097444872316,-0.0001894556152428565,-0.004469750449061394,per_model_kept_independent_plus_common_union
Qwen_Qwen3-32B,32B,32.0,5120,hidden_dim,exp_c,think,gsm8k_test_000697,think,canonical,,True,thinking_segment,thinking,20,exp_c_segment_sample,170,170,0.0011159397661685943,0.002271304902730181,0.0005090131307952106,0.019068341702222824,3.1492088014989595e-06,0.0022168669583738825,0.1588235294117647,-0.00015274195137008256,-1.3526729416360461e-06,-0.0028420202434062958,per_model_kept_independent_plus_common_union
Qwen_Qwen3-32B,32B,32.0,5120,hidden_dim,exp_c,think,gsm8k_test_000713,think,canonical,,True,answer_segment,think_answer,6,exp_c_segment_sample,51,51,0.0004981414065696299,0.003174719086839069,0.0005581634468398988,0.018528766930103302,8.593526862338507e-06,0.003154201103607193,0.0,-0.0016834492562338682,-0.0005717737098725941,-0.0027104103937745094,per_model_kept_independent_plus_common_union
Qwen_Qwen3-32B,32B,32.0,5120,hidden_dim,exp_c,think,gsm8k_test_000713,think,canonical,,True,answer_segment,think_answer,13,exp_c_segment_sample,51,51,0.0007371394545771182,0.0025083448865688314,0.000651496578939259,0.007273322436958551,1.7879014670762861e-06,0.002484576900023967,0.0392156862745098,-0.0009495038760413005,-0.0005424013540435298,-0.0030284877866506577,per_model_kept_independent_plus_common_union
Qwen_Qwen3-32B,32B,32.0,5120,hidden_dim,exp_c,think,gsm8k_test_000713,think,canonical,,True,answer_segment,think_answer,20,exp_c_segment_sample,51,51,0.0011159397661685943,0.002580264937041291,0.000683179940097034,0.008533951826393604,2.2328685064053846e-06,0.002579884944716468,0.0784313725490196,-0.0004055715641175367,-5.859094492804539e-05,-0.003111706580966711,per_model_kept_independent_plus_common_union
Qwen_Qwen3-32B,32B,32.0,5120,hidden_dim,exp_c,think,gsm8k_test_000713,think,canonical,,True,thinking_segment,thinking,6,exp_c_segment_sample,256,256,0.0004981414065696299,0.0036356470327518764,0.0002996132243424654,0.05036617070436478,4.479603183260931e-05,0.003661267966825834,0.06640625,2.955677188687366e-05,-0.00042032529063362745,-0.0027104103937745094,per_model_kept_independent_plus_common_union
Qwen_Qwen3-32B,32B,32.0,5120,hidden_dim,exp_c,think,gsm8k_test_000713,think,canonical,,True,thinking_segment,thinking,13,exp_c_segment_sample,256,256,0.0007371394545771182,0.0028917188301420538,0.00043190986616536975,0.03474673256278038,1.2782701536937043e-05,0.0028835471702926448,0.08203125,-0.0006517950046794411,-0.0006087243723413849,-0.0030284877866506577,per_model_kept_independent_plus_common_union
Qwen_Qwen3-32B,32B,32.0,5120,hidden_dim,exp_c,think,gsm8k_test_000713,think,canonical,,True,thinking_segment,thinking,20,exp_c_segment_sample,256,256,0.0011159397661685943,0.0029639367739946465,0.0007168787997215986,0.022443076595664024,5.5264331501099876e-06,0.0029370102399966175,0.08984375,-0.0005429548025243048,-0.0003351163577463012,-0.003111706580966711,per_model_kept_independent_plus_common_union
Qwen_Qwen3-32B,32B,32.0,5120,hidden_dim,exp_c,think,gsm8k_test_000759,think,canonical,,True,answer_segment,think_answer,6,exp_c_segment_sample,52,52,0.0004981414065696299,0.0022729221656426,0.00044271815568208694,0.008175929076969624,3.2423863579343993e-06,0.002247320785410885,0.038461538461538464,-0.001099071398333319,-0.0004997653483699719,-0.013061365112662315,per_model_kept_independent_plus_common_union
Qwen_Qwen3-32B,32B,32.0,5120,hidden_dim,exp_c,think,gsm8k_test_000759,think,canonical,,True,answer_segment,think_answer,13,exp_c_segment_sample,52,52,0.0007371394545771182,0.0023789636907167733,0.000571784854400903,0.007511069532483816,2.2324378405965565e-06,0.0023508521410928783,0.07692307692307693,-0.002231085526145973,-0.001659133811839498,-0.003876016242429614,per_model_kept_independent_plus_common_union
Qwen_Qwen3-32B,32B,32.0,5120,hidden_dim,exp_c,think,gsm8k_test_000759,think,canonical,,True,answer_segment,think_answer,20,exp_c_segment_sample,52,52,0.0011159397661685943,0.0028516024904092774,0.0006968300440348685,0.011367146857082844,4.308154646707981e-06,0.002847663381401741,0.1346153846153846,-0.0033759733518644347,-0.0028574818637795174,-0.001616576686501503,per_model_kept_independent_plus_common_union
Qwen_Qwen3-32B,32B,32.0,5120,hidden_dim,exp_c,think,gsm8k_test_000759,think,canonical,,True,thinking_segment,thinking,6,exp_c_segment_sample,256,256,0.0004981414065696299,0.004285324109105204,0.00036822701804339886,0.07095038145780563,6.283971026449652e-05,0.004057049844814702,0.03515625,-0.0006112307929356958,-0.001518643081922514,-0.013061365112662315,per_model_kept_independent_plus_common_union
Qwen_Qwen3-32B,32B,32.0,5120,hidden_dim,exp_c,think,gsm8k_test_000759,think,canonical,,True,thinking_segment,thinking,13,exp_c_segment_sample,256,256,0.0007371394545771182,0.0027076737858351407,0.0005016742506995797,0.026920953765511513,7.1484271943986774e-06,0.0026594628527190243,0.0703125,7.995526205152424e-05,-0.00022081098375985276,-0.003876016242429614,per_model_kept_independent_plus_common_union
Qwen_Qwen3-32B,32B,32.0,5120,hidden_dim,exp_c,think,gsm8k_test_000759,think,canonical,,True,thinking_segment,thinking,20,exp_c_segment_sample,256,256,0.0011159397661685943,0.0028623249781958293,0.000741901807487011,0.01566007360816002,4.037295928524906e-06,0.0028453576624219677,0.1015625,-0.00037543467570670235,-0.0004761359726007169,-0.001616576686501503,per_model_kept_independent_plus_common_union
Qwen_Qwen3-32B,32B,32.0,5120,hidden_dim,exp_c,think,gsm8k_test_000814,think,canonical,,False,answer_segment,think_answer,6,exp_c_segment_sample,77,77,0.0004981414065696299,0.0030819703949548838,0.00036052442737855017,0.026492496952414513,1.5789646005235817e-05,0.003051011563097984,0.03896103896103896,-0.002301435158997364,-0.0017548515403177593,-0.0036272425204515457,per_model_kept_independent_plus_common_union
Qwen_Qwen3-32B,32B,32.0,5120,hidden_dim,exp_c,think,gsm8k_test_000814,think,canonical,,False,answer_segment,think_answer,13,exp_c_segment_sample,77,77,0.0007371394545771182,0.002671352090985309,0.0004168165905866772,0.008415689691901207,2.91911177461409e-06,0.0026388891986387436,0.05194805194805195,-0.0007175002363394135,-0.0007688959012739356,-0.008801545947790146,per_model_kept_independent_plus_common_union
Qwen_Qwen3-32B,32B,32.0,5120,hidden_dim,exp_c,think,gsm8k_test_000814,think,canonical,,False,answer_segment,think_answer,20,exp_c_segment_sample,77,77,0.0011159397661685943,0.002661484723015652,0.0006625005044043064,0.008290419355034828,2.132224304630601e-06,0.002643129869523507,0.09090909090909091,-0.0016469423362350717,-0.0013794569415040312,-0.002458403818309307,per_model_kept_independent_plus_common_union
Qwen_Qwen3-32B,32B,32.0,5120,hidden_dim,exp_c,think,gsm8k_test_000814,think,canonical,,False,thinking_segment,thinking,6,exp_c_segment_sample,256,256,0.0004981414065696299,0.003906893824364488,0.0003021774464286864,0.05940965563058853,5.3657149005120896e-05,0.0037698189760980378,0.10546875,-0.002148646038479764,-0.002070435182758956,-0.0036272425204515457,per_model_kept_independent_plus_common_union
Qwen_Qwen3-32B,32B,32.0,5120,hidden_dim,exp_c,think,gsm8k_test_000814,think,canonical,,False,thinking_segment,thinking,13,exp_c_segment_sample,256,256,0.0007371394545771182,0.0031615963467857,0.0004333391261752695,0.04640189930796623,1.509156686714647e-05,0.003086473304281018,0.0546875,-0.0010382703990164468,-0.000841330941511842,-0.008801545947790146,per_model_kept_independent_plus_common_union
Qwen_Qwen3-32B,32B,32.0,5120,hidden_dim,exp_c,think,gsm8k_test_000814,think,canonical,,False,thinking_segment,thinking,20,exp_c_segment_sample,256,256,0.0011159397661685943,0.0031716771536594024,0.0007561154197901487,0.01711045391857624,4.295175956788589e-06,0.0031759442046028694,0.0546875,-0.0006125318551014631,-0.0003444147496338701,-0.002458403818309307,per_model_kept_independent_plus_common_union
Qwen_Qwen3-32B,32B,32.0,5120,hidden_dim,exp_c,think,gsm8k_test_000830,think,canonical,,True,answer_segment,think_answer,6,exp_c_segment_sample,52,52,0.0004981414065696299,0.0035026136331278114,0.000498430454172194,0.01400052011013031,8.958255955002027e-06,0.003515822670249013,0.0,-0.0036096613166407008,-0.002504668592546995,-0.008444065228104591,per_model_kept_independent_plus_common_union
Qwen_Qwen3-32B,32B,32.0,5120,hidden_dim,exp_c,think,gsm8k_test_000830,think,canonical,,True,answer_segment,think_answer,13,exp_c_segment_sample,52,52,0.0007371394545771182,0.0030635927609042623,0.0006596115999855101,0.00756161380559206,3.6313112764113955e-06,0.0030355512189642326,0.038461538461538464,-0.0018360573727538184,-0.001431370704757193,-0.006899760104715824,per_model_kept_independent_plus_common_union
Qwen_Qwen3-32B,32B,32.0,5120,hidden_dim,exp_c,think,gsm8k_test_000830,think,canonical,,True,answer_segment,think_answer,20,exp_c_segment_sample,52,52,0.0011159397661685943,0.0027518031946293865,0.0006780733237974346,0.006957469042390585,1.6876362821418321e-06,0.002724038241841995,0.09615384615384616,-0.001977887111018154,-0.00172331200267833,-0.0041617113165557384,per_model_kept_independent_plus_common_union
Qwen_Qwen3-32B,32B,32.0,5120,hidden_dim,exp_c,think,gsm8k_test_000830,think,canonical,,True,thinking_segment,thinking,6,exp_c_segment_sample,256,256,0.0004981414065696299,0.004650871958233438,0.00025127024855464697,0.07220853865146637,9.636835016783087e-05,0.004474815012056328,0.11328125,0.0001310590699170273,-0.0012208359466967522,-0.008444065228104591,per_model_kept_independent_plus_common_union
Qwen_Qwen3-32B,32B,32.0,5120,hidden_dim,exp_c,think,gsm8k_test_000830,think,canonical,,True,thinking_segment,thinking,13,exp_c_segment_sample,256,256,0.0007371394545771182,0.0035757657300337087,0.0004383093328215182,0.04956747964024544,2.737354446322035e-05,0.0034755263882634718,0.11328125,-6.558493734236102e-05,-0.0005173238946554193,-0.006899760104715824,per_model_kept_independent_plus_common_union
Qwen_Qwen3-32B,32B,32.0,5120,hidden_dim,exp_c,think,gsm8k_test_000830,think,canonical,,True,thinking_segment,thinking,20,exp_c_segment_sample,256,256,0.0011159397661685943,0.003470231630899434,0.0006863223388791084,0.03166602924466133,1.1583623438472756e-05,0.0034003153121776033,0.125,0.00019928973897328286,-0.0001240871833942947,-0.0041617113165557384,per_model_kept_independent_plus_common_union
Qwen_Qwen3-32B,32B,32.0,5120,hidden_dim,exp_c,think,gsm8k_test_000900,think,canonical,,True,answer_segment,think_answer,6,exp_c_segment_sample,50,50,0.0004981414065696299,0.0029644992493558673,0.0005093890940770507,0.009708570316433907,5.5268520307642315e-06,0.002945805889107667,0.0,-0.002384310052319264,-0.001404655358503358,-0.02112405002117157,per_model_kept_independent_plus_common_union
Qwen_Qwen3-32B,32B,32.0,5120,hidden_dim,exp_c,think,gsm8k_test_000900,think,canonical,,True,answer_segment,think_answer,13,exp_c_segment_sample,50,50,0.0007371394545771182,0.002653536016587168,0.0007073407177813351,0.008713362738490105,2.8176940172545977e-06,0.002621545903004554,0.02,-0.0019393985699314414,-0.001504911512781221,-0.004860861226916313,per_model_kept_independent_plus_common_union
Qwen_Qwen3-32B,32B,32.0,5120,hidden_dim,exp_c,think,gsm8k_test_000900,think,canonical,,True,answer_segment,think_answer,20,exp_c_segment_sample,50,50,0.0011159397661685943,0.002732059578411281,0.0008287911186926067,0.007373590022325516,1.7567818897834717e-06,0.0027133037421700297,0.08,-0.001955708263934973,-0.0015638296564037982,-0.003913681022822857,per_model_kept_independent_plus_common_union
Qwen_Qwen3-32B,32B,32.0,5120,hidden_dim,exp_c,think,gsm8k_test_000900,think,canonical,,True,thinking_segment,thinking,6,exp_c_segment_sample,256,256,0.0004981414065696299,0.003292292572950828,0.00016251184570137411,0.06680793315172195,4.681316695277531e-05,0.003148301023893128,0.29296875,0.001049943168332937,0.0008996278575068573,-0.02112405002117157,per_model_kept_independent_plus_common_union
Qwen_Qwen3-32B,32B,32.0,5120,hidden_dim,exp_c,think,gsm8k_test_000900,think,canonical,,True,thinking_segment,thinking,13,exp_c_segment_sample,256,256,0.0007371394545771182,0.002518713050903898,0.0003055769484490156,0.021277625113725662,7.96657320296834e-06,0.002478778175273696,0.234375,-0.0003436321504245024,-0.00023216754698296427,-0.004860861226916313,per_model_kept_independent_plus_common_union
Qwen_Qwen3-32B,32B,32.0,5120,hidden_dim,exp_c,think,gsm8k_test_000900,think,canonical,,True,thinking_segment,thinking,20,exp_c_segment_sample,256,256,0.0011159397661685943,0.0029040873716894566,0.0005629694787785411,0.020563209429383278,7.213168150890817e-06,0.0028794543234224633,0.12109375,-0.0002219381017512055,-0.0001363546743959887,-0.003913681022822857,per_model_kept_independent_plus_common_union
Qwen_Qwen3-32B,32B,32.0,5120,hidden_dim,exp_c,think,gsm8k_test_000901,think,canonical,,True,answer_segment,think_answer,6,exp_c_segment_sample,46,46,0.0004981414065696299,0.003432805110882644,0.0006715787458233535,0.014334526844322681,7.693430114663521e-06,0.003417390684545453,0.0,-0.002968694631976939,-0.00238455719469736,-0.013296609744429588,per_model_kept_independent_plus_common_union
Qwen_Qwen3-32B,32B,32.0,5120,hidden_dim,exp_c,think,gsm8k_test_000901,think,canonical,,True,answer_segment,think_answer,13,exp_c_segment_sample,46,46,0.0007371394545771182,0.002551498805152495,0.0006134560680948198,0.008107929490506649,2.147497138791183e-06,0.002525996976894223,0.043478260869565216,-0.0016902226634421804,-0.0015964608755894007,-0.004162506200373173,per_model_kept_independent_plus_common_union
Qwen_Qwen3-32B,32B,32.0,5120,hidden_dim,exp_c,think,gsm8k_test_000901,think,canonical,,True,answer_segment,think_answer,20,exp_c_segment_sample,46,46,0.0011159397661685943,0.002444905616120314,0.0009344634599983692,0.0077858068980276585,1.3850734770572676e-06,0.0024444010548500556,0.06521739130434782,-0.0017546645655778337,-0.001631142891710624,-0.0026724543422460556,per_model_kept_independent_plus_common_union
Qwen_Qwen3-32B,32B,32.0,5120,hidden_dim,exp_c,think,gsm8k_test_000901,think,canonical,,True,thinking_segment,thinking,6,exp_c_segment_sample,256,256,0.0004981414065696299,0.004926577813193944,0.00023814835003577173,0.09611682593822479,0.0001241300938507283,0.00469045740705523,0.16015625,-7.929995002125539e-05,-0.0008154094143719703,-0.013296609744429588,per_model_kept_independent_plus_common_union
Qwen_Qwen3-32B,32B,32.0,5120,hidden_dim,exp_c,think,gsm8k_test_000901,think,canonical,,True,thinking_segment,thinking,13,exp_c_segment_sample,256,256,0.0007371394545771182,0.003189848722172428,0.0004037134349346161,0.034583620727062225,1.3622212116683175e-05,0.003127414780239181,0.14453125,-0.0009531540913528274,-0.001057860612490913,-0.004162506200373173,per_model_kept_independent_plus_common_union
Qwen_Qwen3-32B,32B,32.0,5120,hidden_dim,exp_c,think,gsm8k_test_000901,think,canonical,,True,thinking_segment,thinking,20,exp_c_segment_sample,256,256,0.0011159397661685943,0.00360070801434631,0.0005532089853659272,0.021681951358914375,8.239842368613008e-06,0.003564715470357206,0.1328125,-0.0016693658860915358,-0.0011644428559520748,-0.0026724543422460556,per_model_kept_independent_plus_common_union
Qwen_Qwen3-32B,32B,32.0,5120,hidden_dim,exp_c,think,gsm8k_test_000914,think,canonical,,True,answer_segment,think_answer,6,exp_c_segment_sample,42,42,0.0004981414065696299,0.0035054136131380106,0.0007231853087432683,0.013940153643488884,9.99007646978094e-06,0.003523583383378914,0.0,-0.004377266377994971,-0.0035944218609736045,-0.00535301910713315,per_model_kept_independent_plus_common_union
Qwen_Qwen3-32B,32B,32.0,5120,hidden_dim,exp_c,think,gsm8k_test_000914,think,canonical,,True,answer_segment,think_answer,13,exp_c_segment_sample,42,42,0.0007371394545771182,0.0027837655174412896,0.0008437833748757839,0.006473444402217865,2.1455548803631337e-06,0.0027714093476988197,0.0,-0.0020982970420172146,-0.0014311403237198565,-0.00580236641690135,per_model_kept_independent_plus_common_union
Qwen_Qwen3-32B,32B,32.0,5120,hidden_dim,exp_c,think,gsm8k_test_000914,think,canonical,,True,answer_segment,think_answer,20,exp_c_segment_sample,42,42,0.0011159397661685943,0.0025512622766351947,0.0009739983943291008,0.006498446222394705,1.5287896568312295e-06,0.0025463323804504443,0.047619047619047616,-0.0019693131285156464,-0.0014148781880397691,-0.0036575670819729567,per_model_kept_independent_plus_common_union
Qwen_Qwen3-32B,32B,32.0,5120,hidden_dim,exp_c,think,gsm8k_test_000914,think,canonical,,True,thinking_segment,thinking,6,exp_c_segment_sample,245,245,0.0004981414065696299,0.005139198123622324,0.00021786040451843292,0.1173112615942955,0.00012309725531133318,0.005045895788975565,0.13877551020408163,-0.0023317046200584507,-0.0006529400423225468,-0.00535301910713315,per_model_kept_independent_plus_common_union
Qwen_Qwen3-32B,32B,32.0,5120,hidden_dim,exp_c,think,gsm8k_test_000914,think,canonical,,True,thinking_segment,thinking,13,exp_c_segment_sample,245,245,0.0007371394545771182,0.0028104999922310974,0.0004108406137675047,0.034341901540756226,9.965379975867308e-06,0.0027339310047968636,0.15510204081632653,-0.00010645340942913004,0.00028977392338997397,-0.00580236641690135,per_model_kept_independent_plus_common_union
Qwen_Qwen3-32B,32B,32.0,5120,hidden_dim,exp_c,think,gsm8k_test_000914,think,canonical,,True,thinking_segment,thinking,20,exp_c_segment_sample,245,245,0.0011159397661685943,0.002809079949107325,0.000691930006723851,0.020723264664411545,4.643198843165021e-06,0.0027705578820027997,0.053061224489795916,0.0005350053632579036,0.0006565919930806323,-0.0036575670819729567,per_model_kept_independent_plus_common_union
Qwen_Qwen3-32B,32B,32.0,5120,hidden_dim,exp_c,think,gsm8k_test_000915,think,canonical,,True,answer_segment,think_answer,6,exp_c_segment_sample,57,57,0.0004981414065696299,0.0030542478060325315,0.000486054370412603,0.01248452253639698,7.89129433868658e-06,0.0030350353445101064,0.017543859649122806,-0.0029234782329501923,-0.002843816196157907,-0.015989243984222412,per_model_kept_independent_plus_common_union
Qwen_Qwen3-32B,32B,32.0,5120,hidden_dim,exp_c,think,gsm8k_test_000915,think,canonical,,True,answer_segment,think_answer,13,exp_c_segment_sample,57,57,0.0007371394545771182,0.0025907580458902216,0.0006143933278508484,0.0070755863562226295,2.227155794038969e-06,0.0025578611457603984,0.03508771929824561,-0.0014628349934804347,-0.0015696184981303912,-0.007320651784539223,per_model_kept_independent_plus_common_union
Qwen_Qwen3-32B,32B,32.0,5120,hidden_dim,exp_c,think,gsm8k_test_000915,think,canonical,,True,answer_segment,think_answer,20,exp_c_segment_sample,57,57,0.0011159397661685943,0.002482658735141485,0.0007828486268408597,0.004989021457731724,9.025930862356175e-07,0.0024749656877247617,0.07017543859649122,-0.001212777309592972,-0.0010828043761042256,-0.0036341219674795866,per_model_kept_independent_plus_common_union
Qwen_Qwen3-32B,32B,32.0,5120,hidden_dim,exp_c,think,gsm8k_test_000915,think,canonical,,True,thinking_segment,thinking,6,exp_c_segment_sample,123,123,0.0004981414065696299,0.00437993376953073,0.00036070484202355146,0.05833086371421814,6.34785249435628e-05,0.0042420985786908415,0.0975609756097561,0.001976061875126443,0.0004192923520496411,-0.015989243984222412,per_model_kept_independent_plus_common_union
Qwen_Qwen3-32B,32B,32.0,5120,hidden_dim,exp_c,think,gsm8k_test_000915,think,canonical,,True,thinking_segment,thinking,13,exp_c_segment_sample,123,123,0.0007371394545771182,0.0028782159575579187,0.0005515379598364234,0.03872904181480408,1.552467921238603e-05,0.0027149151462000478,0.032520325203252036,7.267624342573643e-05,-0.0002845371697819043,-0.007320651784539223,per_model_kept_independent_plus_common_union
Qwen_Qwen3-32B,32B,32.0,5120,hidden_dim,exp_c,think,gsm8k_test_000915,think,canonical,,True,thinking_segment,thinking,20,exp_c_segment_sample,123,123,0.0011159397661685943,0.002745695279653722,0.000756308319978416,0.02000640518963337,4.510681665546441e-06,0.0026718383582431033,0.06504065040650407,0.000459691188065516,0.00027999201143581037,-0.0036341219674795866,per_model_kept_independent_plus_common_union
Qwen_Qwen3-32B,32B,32.0,5120,hidden_dim,exp_c,think,gsm8k_test_000921,think,canonical,,True,answer_segment,think_answer,6,exp_c_segment_sample,50,50,0.0004981414065696299,0.0034209987055510284,0.0005553637747652829,0.014934802427887917,7.495278737146103e-06,0.0034027212223380204,0.0,-0.00230296599213034,-0.002240340283606201,-0.009025845676660538,per_model_kept_independent_plus_common_union
Qwen_Qwen3-32B,32B,32.0,5120,hidden_dim,exp_c,think,gsm8k_test_000921,think,canonical,,True,answer_segment,think_answer,13,exp_c_segment_sample,50,50,0.0007371394545771182,0.0030487797153182328,0.0007683507865294814,0.008448034524917603,3.269843600521374e-06,0.003016775934861935,0.0,-0.0019362334964577758,-0.00151393189578532,-0.007182172033935785,per_model_kept_independent_plus_common_union
Qwen_Qwen3-32B,32B,32.0,5120,hidden_dim,exp_c,think,gsm8k_test_000921,think,canonical,,True,answer_segment,think_answer,20,exp_c_segment_sample,50,50,0.0011159397661685943,0.0026893070072401314,0.0007767573115415871,0.006268895231187344,1.7579210508363456e-06,0.0026893469526394448,0.1,-0.0015990491251132496,-0.0014098459550251179,-0.0056894682347774506,per_model_kept_independent_plus_common_union
Qwen_Qwen3-32B,32B,32.0,5120,hidden_dim,exp_c,think,gsm8k_test_000921,think,canonical,,True,thinking_segment,thinking,6,exp_c_segment_sample,155,155,0.0004981414065696299,0.004376799643467811,0.0002648673835210502,0.05742577463388443,4.897832186789648e-05,0.004187994343478098,0.2129032258064516,0.00024740688692576773,0.00027950808781987153,-0.009025845676660538,per_model_kept_independent_plus_common_union
Qwen_Qwen3-32B,32B,32.0,5120,hidden_dim,exp_c,think,gsm8k_test_000921,think,canonical,,True,thinking_segment,thinking,13,exp_c_segment_sample,155,155,0.0007371394545771182,0.0031718672576150106,0.0005134761449880898,0.04245435446500778,1.605999711534946e-05,0.003038632424167272,0.0967741935483871,0.0009689709101745789,0.0006259189014179776,-0.007182172033935785,per_model_kept_independent_plus_common_union
Qwen_Qwen3-32B,32B,32.0,5120,hidden_dim,exp_c,think,gsm8k_test_000921,think,canonical,,True,thinking_segment,thinking,20,exp_c_segment_sample,155,155,0.0011159397661685943,0.003000217838768637,0.0009022086160257459,0.0266219824552536,6.345331507204572e-06,0.0029251054159891727,0.04516129032258064,0.0013714163377823265,0.0009071254395306683,-0.0056894682347774506,per_model_kept_independent_plus_common_union
Qwen_Qwen3-32B,32B,32.0,5120,hidden_dim,exp_c,think,gsm8k_test_000923,think,canonical,,True,answer_segment,think_answer,6,exp_c_segment_sample,41,41,0.0004981414065696299,0.0040354218501484065,0.0005675926804542542,0.018405063077807426,1.3834571853819933e-05,0.004066843551117927,0.0,-0.0037078838057179944,-0.0029091762685724957,-0.015093673020601273,per_model_kept_independent_plus_common_union
Qwen_Qwen3-32B,32B,32.0,5120,hidden_dim,exp_c,think,gsm8k_test_000923,think,canonical,,True,answer_segment,think_answer,13,exp_c_segment_sample,41,41,0.0007371394545771182,0.0034579309555361182,0.000739351671654731,0.012548893690109253,7.123779913166155e-06,0.0034437132941093295,0.0,-0.0029582845826733833,-0.002084474380932409,-0.009171627461910248,per_model_kept_independent_plus_common_union
Qwen_Qwen3-32B,32B,32.0,5120,hidden_dim,exp_c,think,gsm8k_test_000923,think,canonical,,True,answer_segment,think_answer,20,exp_c_segment_sample,41,41,0.0011159397661685943,0.002885962965636991,0.000774325046222657,0.009475644677877426,3.141636038733976e-06,0.002862406671920326,0.0975609756097561,-0.0015832663360392497,-0.0009561176940968089,-0.004158089868724346,per_model_kept_independent_plus_common_union
Qwen_Qwen3-32B,32B,32.0,5120,hidden_dim,exp_c,think,gsm8k_test_000923,think,canonical,,True,thinking_segment,thinking,6,exp_c_segment_sample,256,256,0.0004981414065696299,0.0038367517727806444,0.0002116234682034701,0.08451686799526215,8.405054199354169e-05,0.00361511215704201,0.2734375,0.001219140510421288,0.0016896219199225015,-0.015093673020601273,per_model_kept_independent_plus_common_union
Qwen_Qwen3-32B,32B,32.0,5120,hidden_dim,exp_c,think,gsm8k_test_000923,think,canonical,,True,thinking_segment,thinking,13,exp_c_segment_sample,256,256,0.0007371394545771182,0.002777114029868244,0.0002550302888266742,0.05423489958047867,2.2958826028707446e-05,0.0026525387891747974,0.26171875,0.00025298109767460283,0.0002689778407329868,-0.009171627461910248,per_model_kept_independent_plus_common_union
Qwen_Qwen3-32B,32B,32.0,5120,hidden_dim,exp_c,think,gsm8k_test_000923,think,canonical,,True,thinking_segment,thinking,20,exp_c_segment_sample,256,256,0.0011159397661685943,0.002767304806525317,0.0003710795717779547,0.025035366415977478,7.328583855652091e-06,0.0027129290273483864,0.2890625,-0.00011214224202660093,-6.96360243637173e-05,-0.004158089868724346,per_model_kept_independent_plus_common_union
Qwen_Qwen3-32B,32B,32.0,5120,hidden_dim,exp_c,think,gsm8k_test_000924,think,canonical,,True,answer_segment,think_answer,6,exp_c_segment_sample,60,60,0.0004981414065696299,0.003702588480276366,0.0005576176918111742,0.04029958322644234,3.253039180600836e-05,0.0036943983839098677,0.0,-0.005246282224428887,-0.003969805897213519,0.0023500006645917892,per_model_kept_independent_plus_common_union
Qwen_Qwen3-32B,32B,32.0,5120,hidden_dim,exp_c,think,gsm8k_test_000924,think,canonical,,True,answer_segment,think_answer,13,exp_c_segment_sample,60,60,0.0007371394545771182,0.002783160289012206,0.0007070440915413201,0.010430514812469482,3.3900817912640905e-06,0.002756812652154683,0.016666666666666666,-0.0013683693221060258,-0.0008426419110037389,-0.005664140917360783,per_model_kept_independent_plus_common_union
Qwen_Qwen3-32B,32B,32.0,5120,hidden_dim,exp_c,think,gsm8k_test_000924,think,canonical,,True,answer_segment,think_answer,20,exp_c_segment_sample,60,60,0.0011159397661685943,0.0027653354132780804,0.0008926967857405543,0.011171074584126472,2.6088312003629185e-06,0.0027626624027014533,0.08333333333333333,-0.0012991058906410495,-0.0008301494371456405,-0.002172888955101371,per_model_kept_independent_plus_common_union
Qwen_Qwen3-32B,32B,32.0,5120,hidden_dim,exp_c,think,gsm8k_test_000924,think,canonical,,True,thinking_segment,thinking,6,exp_c_segment_sample,245,245,0.0004981414065696299,0.004512095439594657,0.000257677398622036,0.04047762602567673,6.0625132690074894e-05,0.004397274166384718,0.11020408163265306,-0.0011510523305227804,-0.0012064516913303505,0.0023500006645917892,per_model_kept_independent_plus_common_union
Qwen_Qwen3-32B,32B,32.0,5120,hidden_dim,exp_c,think,gsm8k_test_000924,think,canonical,,True,thinking_segment,thinking,13,exp_c_segment_sample,245,245,0.0007371394545771182,0.0028139977867962145,0.0004868142423219979,0.03877370059490204,1.0121846680030796e-05,0.0027350630290562,0.06938775510204082,0.0005654581736345801,0.00030139672397185274,-0.005664140917360783,per_model_kept_independent_plus_common_union
Qwen_Qwen3-32B,32B,32.0,5120,hidden_dim,exp_c,think,gsm8k_test_000924,think,canonical,,True,thinking_segment,thinking,20,exp_c_segment_sample,245,245,0.0011159397661685943,0.0026957083396062405,0.0007849380490370095,0.01545502059161663,2.8423371398562783e-06,0.002667862583919367,0.07755102040816327,0.0003895553456588773,0.0002888291492126882,-0.002172888955101371,per_model_kept_independent_plus_common_union
Qwen_Qwen3-32B,32B,32.0,5120,hidden_dim,exp_c,think,gsm8k_test_000965,think,canonical,,True,answer_segment,think_answer,6,exp_c_segment_sample,47,47,0.0004981414065696299,0.002695891488482185,0.0005115069216117263,0.014773920178413391,7.0117588152306155e-06,0.002680297191862179,0.0,-0.0018590013564693092,-0.00118050421103059,-0.018636472523212433,per_model_kept_independent_plus_common_union
Qwen_Qwen3-32B,32B,32.0,5120,hidden_dim,exp_c,think,gsm8k_test_000965,think,canonical,,True,answer_segment,think_answer,13,exp_c_segment_sample,47,47,0.0007371394545771182,0.002466105159986368,0.0008403678657487035,0.008222606033086777,1.7585237361280529e-06,0.0023931064946657943,0.0,-0.00033999367015178684,-0.00021857054283221577,-0.00859893299639225,per_model_kept_independent_plus_common_union
Qwen_Qwen3-32B,32B,32.0,5120,hidden_dim,exp_c,think,gsm8k_test_000965,think,canonical,,True,answer_segment,think_answer,20,exp_c_segment_sample,47,47,0.0011159397661685943,0.0022398823738454822,0.0011160742724314332,0.0065077729523181915,1.0350502770284715e-06,0.002214948656847296,0.0,-0.0011555949582698513,-0.0008765190723352134,-0.016920145601034164,per_model_kept_independent_plus_common_union
Qwen_Qwen3-32B,32B,32.0,5120,hidden_dim,exp_c,think,gsm8k_test_000965,think,canonical,,True,thinking_segment,thinking,6,exp_c_segment_sample,256,256,0.0004981414065696299,0.004143777721083097,0.00026979620452038944,0.061774302273988724,6.765386633728241e-05,0.004022877624435029,0.125,-0.00034587865314372946,0.0008107449816634471,-0.018636472523212433,per_model_kept_independent_plus_common_union
Qwen_Qwen3-32B,32B,32.0,5120,hidden_dim,exp_c,think,gsm8k_test_000965,think,canonical,,True,thinking_segment,thinking,13,exp_c_segment_sample,256,256,0.0007371394545771182,0.002587487428854729,0.00038944510743021965,0.03750663250684738,1.0976886632547823e-05,0.002550987631748911,0.12109375,0.0007511760455570839,0.0010208888602392108,-0.00859893299639225,per_model_kept_independent_plus_common_union
Qwen_Qwen3-32B,32B,32.0,5120,hidden_dim,exp_c,think,gsm8k_test_000965,think,canonical,,True,thinking_segment,thinking,20,exp_c_segment_sample,256,256,0.0011159397661685943,0.002922599298244677,0.0006417919648811221,0.07802630960941315,2.5492816100703413e-05,0.0028051956862829427,0.140625,0.00182005251886959,0.00149548880472139,-0.016920145601034164,per_model_kept_independent_plus_common_union
Qwen_Qwen3-32B,32B,32.0,5120,hidden_dim,exp_c,think,gsm8k_test_000990,think,canonical,,True,answer_segment,think_answer,6,exp_c_segment_sample,46,46,0.0004981414065696299,0.0035090572504407687,0.0007441053749062121,0.017825251445174217,1.3143066217073645e-05,0.0035000700244887,0.0,-0.004957326140041939,-0.0040162825607694685,-0.007335169706493616,per_model_kept_independent_plus_common_union
Qwen_Qwen3-32B,32B,32.0,5120,hidden_dim,exp_c,think,gsm8k_test_000990,think,canonical,,True,answer_segment,think_answer,13,exp_c_segment_sample,46,46,0.0007371394545771182,0.002813113056143503,0.0007878710748627782,0.008286578580737114,2.9932256066684796e-06,0.0027894069156092073,0.0,-0.002897101905451919,-0.002519460695718104,-0.002899207640439272,per_model_kept_independent_plus_common_union
Qwen_Qwen3-32B,32B,32.0,5120,hidden_dim,exp_c,think,gsm8k_test_000990,think,canonical,,True,answer_segment,think_answer,20,exp_c_segment_sample,46,46,0.0011159397661685943,0.0031448578811250627,0.0009716384811326861,0.011437082663178444,4.866498775341976e-06,0.0031508090983455384,0.043478260869565216,-0.003568362449054589,-0.0028844147648972775,-0.0024832487106323242,per_model_kept_independent_plus_common_union
Qwen_Qwen3-32B,32B,32.0,5120,hidden_dim,exp_c,think,gsm8k_test_000990,think,canonical,,True,thinking_segment,thinking,6,exp_c_segment_sample,256,256,0.0004981414065696299,0.004410993624446746,0.00020196012337692082,0.06550952047109604,8.912259728469858e-05,0.004427706752690694,0.14453125,-0.0035089238793381892,-0.002742224519579395,-0.007335169706493616,per_model_kept_independent_plus_common_union
Qwen_Qwen3-32B,32B,32.0,5120,hidden_dim,exp_c,think,gsm8k_test_000990,think,canonical,,True,thinking_segment,thinking,13,exp_c_segment_sample,256,256,0.0007371394545771182,0.0030052570352836483,0.00030487135518342257,0.0224265418946743,9.739454561583242e-06,0.003032929835024339,0.1171875,-0.0019377415036120969,-0.0016410811626883515,-0.002899207640439272,per_model_kept_independent_plus_common_union
Qwen_Qwen3-32B,32B,32.0,5120,hidden_dim,exp_c,think,gsm8k_test_000990,think,canonical,,True,thinking_segment,thinking,20,exp_c_segment_sample,256,256,0.0011159397661685943,0.00298775030159959,0.0005162819288671017,0.017025919631123543,4.044927599775746e-06,0.002977549121189265,0.12109375,-0.00038443701884447715,-0.0004640617071345332,-0.0024832487106323242,per_model_kept_independent_plus_common_union
Qwen_Qwen3-32B,32B,32.0,5120,hidden_dim,exp_c,think,gsm8k_test_001031,think,canonical,,True,answer_segment,think_answer,6,exp_c_segment_sample,56,56,0.0004981414065696299,0.0026793796101368833,0.000462281983345747,0.011562610976397991,5.47934658846327e-06,0.002658110695086758,0.03571428571428571,-0.0015313814351942626,-0.0011812269471452707,-0.007268398534506559,per_model_kept_independent_plus_common_union
Qwen_Qwen3-32B,32B,32.0,5120,hidden_dim,exp_c,think,gsm8k_test_001031,think,canonical,,True,answer_segment,think_answer,13,exp_c_segment_sample,56,56,0.0007371394545771182,0.002282333597707163,0.0006002603331580758,0.0069586122408509254,1.296606874312979e-06,0.002246172664771703,0.03571428571428571,-0.000794649709504504,-0.0006310816762769328,-0.007771603763103485,per_model_kept_independent_plus_common_union
Qwen_Qwen3-32B,32B,32.0,5120,hidden_dim,exp_c,think,gsm8k_test_001031,think,canonical,,True,answer_segment,think_answer,20,exp_c_segment_sample,56,56,0.0011159397661685943,0.00235515514837711,0.0008350390125997365,0.005238920450210571,8.682992456390333e-07,0.00235699372027408,0.07142857142857142,-0.0011829635064044078,-0.0011650293475083478,-0.006039291620254517,per_model_kept_independent_plus_common_union
Qwen_Qwen3-32B,32B,32.0,5120,hidden_dim,exp_c,think,gsm8k_test_001031,think,canonical,,True,thinking_segment,thinking,6,exp_c_segment_sample,256,256,0.0004981414065696299,0.004085744938834068,0.00023643075837753713,0.052741069346666336,5.660244695921551e-05,0.003941316870581808,0.12890625,-0.004825811889820734,-0.004280175414351106,-0.007268398534506559,per_model_kept_independent_plus_common_union
Qwen_Qwen3-32B,32B,32.0,5120,hidden_dim,exp_c,think,gsm8k_test_001031,think,canonical,,True,thinking_segment,thinking,13,exp_c_segment_sample,256,256,0.0007371394545771182,0.003073620972372737,0.0003155910817440599,0.04143457114696503,1.9462555200055886e-05,0.0029842670262075466,0.1640625,-0.0018935425059571356,-0.0018273093983225408,-0.007771603763103485,per_model_kept_independent_plus_common_union
Qwen_Qwen3-32B,32B,32.0,5120,hidden_dim,exp_c,think,gsm8k_test_001031,think,canonical,,True,thinking_segment,thinking,20,exp_c_segment_sample,256,256,0.0011159397661685943,0.0029113541222614003,0.0006489692605100572,0.02956995740532875,7.572723254946422e-06,0.0028453731774737215,0.12109375,-0.00047415752264257826,-0.0006261513681238284,-0.006039291620254517,per_model_kept_independent_plus_common_union
Qwen_Qwen3-32B,32B,32.0,5120,hidden_dim,exp_c,think,gsm8k_test_001038,think,canonical,,True,answer_segment,think_answer,6,exp_c_segment_sample,61,61,0.0004981414065696299,0.002511351563028808,0.0003909143269993365,0.00893181748688221,4.7701006385837246e-06,0.0024922399383892,0.08196721311475409,-0.0020706801166627885,-0.0017781095993996132,-0.007831943221390247,per_model_kept_independent_plus_common_union
Qwen_Qwen3-32B,32B,32.0,5120,hidden_dim,exp_c,think,gsm8k_test_001038,think,canonical,,True,answer_segment,think_answer,13,exp_c_segment_sample,61,61,0.0007371394545771182,0.0023955987331258956,0.000567740760743618,0.008556908927857876,2.5717047731765743e-06,0.0023458710658208776,0.03278688524590164,-0.0008617277783629821,-0.0007713984196016099,-0.008748270571231842,per_model_kept_independent_plus_common_union
Qwen_Qwen3-32B,32B,32.0,5120,hidden_dim,exp_c,think,gsm8k_test_001038,think,canonical,,True,answer_segment,think_answer,20,exp_c_segment_sample,61,61,0.0011159397661685943,0.0023575139615577873,0.0007712719962000847,0.005038062576204538,1.0467460670548644e-06,0.002337542999885045,0.11475409836065574,-0.0006176363565357689,-0.0006681721170025412,-0.003710345830768347,per_model_kept_independent_plus_common_union
Qwen_Qwen3-32B,32B,32.0,5120,hidden_dim,exp_c,think,gsm8k_test_001038,think,canonical,,True,thinking_segment,thinking,6,exp_c_segment_sample,255,255,0.0004981414065696299,0.003802065420827335,0.0003448484349064529,0.0642298012971878,5.006264562766867e-05,0.0036846528639402753,0.10588235294117647,-0.0008045824738634461,-0.0006594035576199531,-0.007831943221390247,per_model_kept_independent_plus_common_union
Qwen_Qwen3-32B,32B,32.0,5120,hidden_dim,exp_c,think,gsm8k_test_001038,think,canonical,,True,thinking_segment,thinking,13,exp_c_segment_sample,255,255,0.0007371394545771182,0.0029324176193981926,0.0004248152836225927,0.045158643275499344,1.3497985860112011e-05,0.0028422604148609807,0.07058823529411765,0.0006444697801057117,0.00048859852267924,-0.008748270571231842,per_model_kept_independent_plus_common_union
Qwen_Qwen3-32B,32B,32.0,5120,hidden_dim,exp_c,think,gsm8k_test_001038,think,canonical,,True,thinking_segment,thinking,20,exp_c_segment_sample,255,255,0.0011159397661685943,0.0028862242993223024,0.0006152378628030419,0.02011989988386631,3.972031220751218e-06,0.002850741291909999,0.07058823529411765,0.0004742150863689043,0.0005045049474574625,-0.003710345830768347,per_model_kept_independent_plus_common_union
Qwen_Qwen3-32B,32B,32.0,5120,hidden_dim,exp_c,think,gsm8k_test_001043,think,canonical,,True,answer_segment,think_answer,6,exp_c_segment_sample,46,46,0.0004981414065696299,0.0025420305964476224,0.0005287284730002284,0.009432506747543812,4.2107356129805586e-06,0.0024924481999025576,0.0,-0.00040336126130148574,-4.296000891675566e-05,-0.011910764500498772,per_model_kept_independent_plus_common_union
Qwen_Qwen3-32B,32B,32.0,5120,hidden_dim,exp_c,think,gsm8k_test_001043,think,canonical,,True,answer_segment,think_answer,13,exp_c_segment_sample,46,46,0.0007371394545771182,0.002506673200632972,0.0005640705348923802,0.015538720414042473,4.618557233978081e-06,0.0024806120833899413,0.043478260869565216,-0.0009506836669346372,-0.00015547648460293795,-0.004931378643959761,per_model_kept_independent_plus_common_union
Qwen_Qwen3-32B,32B,32.0,5120,hidden_dim,exp_c,think,gsm8k_test_001043,think,canonical,,True,answer_segment,think_answer,20,exp_c_segment_sample,46,46,0.0011159397661685943,0.0026497453888979458,0.0006758150993846357,0.010433613322675228,3.6839654518997336e-06,0.0026562532267740205,0.15217391304347827,-0.0027947584947353183,-0.0019559725575769944,-0.002570994198322296,per_model_kept_independent_plus_common_union
Qwen_Qwen3-32B,32B,32.0,5120,hidden_dim,exp_c,think,gsm8k_test_001043,think,canonical,,True,thinking_segment,thinking,6,exp_c_segment_sample,256,256,0.0004981414065696299,0.003548929615249108,0.00037898175651207566,0.0560845211148262,3.7274159331693695e-05,0.0033898093282886694,0.12109375,-0.00043722015201555487,-0.0005111515511089237,-0.011910764500498772,per_model_kept_independent_plus_common_union
Qwen_Qwen3-32B,32B,32.0,5120,hidden_dim,exp_c,think,gsm8k_test_001043,think,canonical,,True,thinking_segment,thinking,13,exp_c_segment_sample,256,256,0.0007371394545771182,0.002643787189754221,0.0004890280542895198,0.022046368569135666,6.332903891301108e-06,0.0025780623572530166,0.109375,-0.0008261839760406712,-0.0006344046105368761,-0.004931378643959761,per_model_kept_independent_plus_common_union
Qwen_Qwen3-32B,32B,32.0,5120,hidden_dim,exp_c,think,gsm8k_test_001043,think,canonical,,True,thinking_segment,thinking,20,exp_c_segment_sample,256,256,0.0011159397661685943,0.00276427880794472,0.0006775336223654449,0.020639915019273758,4.74276978384342e-06,0.002713245260933562,0.10546875,-0.0007930954132187151,-0.0005192201206227764,-0.002570994198322296,per_model_kept_independent_plus_common_union
Qwen_Qwen3-32B,32B,32.0,5120,hidden_dim,exp_c,think,gsm8k_test_001059,think,canonical,,False,answer_segment,think_answer,6,exp_c_segment_sample,48,48,0.0004981414065696299,0.0035849297431317004,0.0005638978909701109,0.015696588903665543,1.0247083157317279e-05,0.003587167532965937,0.0,-0.002284720846676335,-0.0006807479609657698,-0.009071920067071915,per_model_kept_independent_plus_common_union
Qwen_Qwen3-32B,32B,32.0,5120,hidden_dim,exp_c,think,gsm8k_test_001059,think,canonical,,False,answer_segment,think_answer,13,exp_c_segment_sample,48,48,0.0007371394545771182,0.003001139410722923,0.0007592319743707776,0.012582963332533836,5.717646831425587e-06,0.0029674739480276212,0.0,-0.0018642721458620951,-0.00017908606969285756,-0.005739792715758085,per_model_kept_independent_plus_common_union
Qwen_Qwen3-32B,32B,32.0,5120,hidden_dim,exp_c,think,gsm8k_test_001059,think,canonical,,False,answer_segment,think_answer,20,exp_c_segment_sample,48,48,0.0011159397661685943,0.002754392091446789,0.0007589850574731827,0.007826381362974644,3.364596513675334e-06,0.002750161172019595,0.125,-0.001856471650208567,-0.00039958719571586677,-0.004848008044064045,per_model_kept_independent_plus_common_union
Qwen_Qwen3-32B,32B,32.0,5120,hidden_dim,exp_c,think,gsm8k_test_001059,think,canonical,,False,thinking_segment,thinking,6,exp_c_segment_sample,256,256,0.0004981414065696299,0.003692820397759533,0.000161589021445252,0.07499003410339355,7.37559059781151e-05,0.0036358927091108234,0.1953125,-0.0026106630509071644,-0.0009892284841043876,-0.009071920067071915,per_model_kept_independent_plus_common_union
Qwen_Qwen3-32B,32B,32.0,5120,hidden_dim,exp_c,think,gsm8k_test_001059,think,canonical,,False,thinking_segment,thinking,13,exp_c_segment_sample,256,256,0.0007371394545771182,0.002375781681848821,0.0002238616580143571,0.03519453480839729,1.1176374189430986e-05,0.0023153642493222533,0.25390625,-0.0008626333092662263,-0.0003143910529056133,-0.005739792715758085,per_model_kept_independent_plus_common_union
Qwen_Qwen3-32B,32B,32.0,5120,hidden_dim,exp_c,think,gsm8k_test_001059,think,canonical,,False,thinking_segment,thinking,20,exp_c_segment_sample,256,256,0.0011159397661685943,0.002438041350160347,0.0004511669394560158,0.022133629769086838,4.971746091573545e-06,0.0023958521039457994,0.26171875,-0.00020433199222077896,-4.5344219184838795e-05,-0.004848008044064045,per_model_kept_independent_plus_common_union
Qwen_Qwen3-32B,32B,32.0,5120,hidden_dim,exp_c,think,gsm8k_test_001088,think,canonical,,True,answer_segment,think_answer,6,exp_c_segment_sample,76,76,0.0004981414065696299,0.0033737390672046643,0.00028822352760471404,0.015390870161354542,1.1970482760137691e-05,0.003340259852120652,0.09210526315789473,-0.004133606858094197,-0.003536982878454422,-0.00511493906378746,per_model_kept_independent_plus_common_union
Qwen_Qwen3-32B,32B,32.0,5120,hidden_dim,exp_c,think,gsm8k_test_001088,think,canonical,,True,answer_segment,think_answer,13,exp_c_segment_sample,76,76,0.0007371394545771182,0.0038127240174952405,0.00031114136800169945,0.01634913869202137,1.3508039400070903e-05,0.0037995127604032557,0.09210526315789473,-0.004377184313242451,-0.00388248792641159,-0.0011828811839222908,per_model_kept_independent_plus_common_union
Qwen_Qwen3-32B,32B,32.0,5120,hidden_dim,exp_c,think,gsm8k_test_001088,think,canonical,,True,answer_segment,think_answer,20,exp_c_segment_sample,76,76,0.0011159397661685943,0.0032914647186101462,0.0005008677253499627,0.012720756232738495,7.4887916813975236e-06,0.0032539255249624446,0.09210526315789473,-0.004047978480458862,-0.0034889729607752275,-0.006703672930598259,per_model_kept_independent_plus_common_union
Qwen_Qwen3-32B,32B,32.0,5120,hidden_dim,exp_c,think,gsm8k_test_001088,think,canonical,,True,thinking_segment,thinking,6,exp_c_segment_sample,256,256,0.0004981414065696299,0.004036360599798172,0.00026510085444897413,0.06243670731782913,6.864189088994657e-05,0.0038951979605279085,0.109375,-0.004414369966680603,-0.00279848292530005,-0.00511493906378746,per_model_kept_independent_plus_common_union
Qwen_Qwen3-32B,32B,32.0,5120,hidden_dim,exp_c,think,gsm8k_test_001088,think,canonical,,True,thinking_segment,thinking,13,exp_c_segment_sample,256,256,0.0007371394545771182,0.0032071618667259827,0.0003576880553737283,0.02472386136651039,1.4207318211807146e-05,0.003177768732088485,0.17578125,-0.002447939434252239,-0.0016309930397255812,-0.0011828811839222908,per_model_kept_independent_plus_common_union
Qwen_Qwen3-32B,32B,32.0,5120,hidden_dim,exp_c,think,gsm8k_test_001088,think,canonical,,True,thinking_segment,thinking,20,exp_c_segment_sample,256,256,0.0011159397661685943,0.003850373644127103,0.000648871180601418,0.048432108014822006,1.798545367962256e-05,0.003762116410344251,0.13671875,-0.0018129388352566803,-0.0013315532278284081,-0.006703672930598259,per_model_kept_independent_plus_common_union
Qwen_Qwen3-32B,32B,32.0,5120,hidden_dim,exp_c,think,gsm8k_test_001108,think,canonical,,True,answer_segment,think_answer,6,exp_c_segment_sample,35,35,0.0004981414065696299,0.003556826709037913,0.0005317381583154202,0.016004715114831924,1.1432490833259003e-05,0.0035349615654387675,0.0,-0.002560608410498217,-0.000976060931053427,-0.011665520258247852,per_model_kept_independent_plus_common_union
Qwen_Qwen3-32B,32B,32.0,5120,hidden_dim,exp_c,think,gsm8k_test_001108,think,canonical,,True,answer_segment,think_answer,13,exp_c_segment_sample,35,35,0.0007371394545771182,0.002513905779259013,0.0006789885810576379,0.0059611122123897076,1.5107853473337834e-06,0.0024879723153871424,0.02857142857142857,-0.0008229990567391124,-0.0001957415176245072,-0.006425037980079651,per_model_kept_independent_plus_common_union
Qwen_Qwen3-32B,32B,32.0,5120,hidden_dim,exp_c,think,gsm8k_test_001108,think,canonical,,True,answer_segment,think_answer,20,exp_c_segment_sample,35,35,0.0011159397661685943,0.002179464970582298,0.0009315040661022067,0.005226704757660627,7.554755256066205e-07,0.002161765138974742,0.11428571428571428,-0.0009290644732703065,-0.0004944840265024039,-0.003001847304403782,per_model_kept_independent_plus_common_union
Qwen_Qwen3-32B,32B,32.0,5120,hidden_dim,exp_c,think,gsm8k_test_001108,think,canonical,,True,thinking_segment,thinking,6,exp_c_segment_sample,154,154,0.0004981414065696299,0.004801041602917536,0.0003745793073903769,0.038851991295814514,4.1434710086388456e-05,0.004668368996551649,0.06493506493506493,0.0003533467483057368,-4.541509387752038e-05,-0.011665520258247852,per_model_kept_independent_plus_common_union
Qwen_Qwen3-32B,32B,32.0,5120,hidden_dim,exp_c,think,gsm8k_test_001108,think,canonical,,True,thinking_segment,thinking,13,exp_c_segment_sample,154,154,0.0007371394545771182,0.00353285573822047,0.0006969658425077796,0.025435898452997208,1.3210984376318699e-05,0.0034549698276213963,0.006493506493506494,-0.00040351654002798005,-0.0007630362166450005,-0.006425037980079651,per_model_kept_independent_plus_common_union
Qwen_Qwen3-32B,32B,32.0,5120,hidden_dim,exp_c,think,gsm8k_test_001108,think,canonical,,True,thinking_segment,thinking,20,exp_c_segment_sample,154,154,0.0011159397661685943,0.0030101831097536806,0.0009619601187296212,0.014470532536506653,3.4741165676445726e-06,0.0029700496351936817,0.025974025974025976,0.00012170380559524532,-0.00019604996748220829,-0.003001847304403782,per_model_kept_independent_plus_common_union
Qwen_Qwen3-32B,32B,32.0,5120,hidden_dim,exp_c,think,gsm8k_test_001144,think,canonical,,True,answer_segment,think_answer,6,exp_c_segment_sample,50,50,0.0004981414065696299,0.0031965964403934777,0.0005089746555313468,0.009016482159495354,5.987047764435873e-06,0.0031577431268952033,0.0,-0.001488208821426856,-0.0007052217529585152,-0.013559287413954735,per_model_kept_independent_plus_common_union
Qwen_Qwen3-32B,32B,32.0,5120,hidden_dim,exp_c,think,gsm8k_test_001144,think,canonical,,True,answer_segment,think_answer,13,exp_c_segment_sample,50,50,0.0007371394545771182,0.0025911057007033376,0.000735847745090723,0.007638684008270502,2.383044241065135e-06,0.002542040632724078,0.02,-0.0009016726556343632,-0.0005084741591977388,-0.008720958605408669,per_model_kept_independent_plus_common_union
Qwen_Qwen3-32B,32B,32.0,5120,hidden_dim,exp_c,think,gsm8k_test_001144,think,canonical,,True,answer_segment,think_answer,20,exp_c_segment_sample,50,50,0.0011159397661685943,0.002718304294394329,0.0008178542484529316,0.006669378373771906,1.920932257109178e-06,0.0027172468989916446,0.08,-0.0015285732464262228,-0.0009856860538443122,-0.004573365207761526,per_model_kept_independent_plus_common_union
Qwen_Qwen3-32B,32B,32.0,5120,hidden_dim,exp_c,think,gsm8k_test_001144,think,canonical,,True,thinking_segment,thinking,6,exp_c_segment_sample,256,256,0.0004981414065696299,0.003908400506020371,0.0003217215125914663,0.04905695468187332,5.0796657652130236e-05,0.0037850727149398634,0.0859375,0.0012863660760504406,0.0005455106388581044,-0.013559287413954735,per_model_kept_independent_plus_common_union
Qwen_Qwen3-32B,32B,32.0,5120,hidden_dim,exp_c,think,gsm8k_test_001144,think,canonical,,True,thinking_segment,thinking,13,exp_c_segment_sample,256,256,0.0007371394545771182,0.0028713225633509865,0.0004452126449905336,0.03359692916274071,1.106439143173411e-05,0.002789773162486728,0.07421875,0.00026094016116865696,-8.266669283329975e-06,-0.008720958605408669,per_model_kept_independent_plus_common_union
Qwen_Qwen3-32B,32B,32.0,5120,hidden_dim,exp_c,think,gsm8k_test_001144,think,canonical,,True,thinking_segment,thinking,20,exp_c_segment_sample,256,256,0.0011159397661685943,0.0027626511634935014,0.0006046713679097593,0.021609317511320114,4.726311735408341e-06,0.0027136630819153944,0.0859375,0.0004029849542895129,0.00019051245362788904,-0.004573365207761526,per_model_kept_independent_plus_common_union
Qwen_Qwen3-32B,32B,32.0,5120,hidden_dim,exp_c,think,gsm8k_test_001178,think,canonical,,True,answer_segment,think_answer,6,exp_c_segment_sample,32,32,0.0004981414065696299,0.0036151652839180315,0.0005950664053671062,0.00996953621506691,8.145263756902248e-06,0.0035978663926793924,0.0,-0.0036173921732618234,-0.00266848429600941,-0.0018803374841809273,per_model_kept_independent_plus_common_union
Qwen_Qwen3-32B,32B,32.0,5120,hidden_dim,exp_c,think,gsm8k_test_001178,think,canonical,,True,answer_segment,think_answer,13,exp_c_segment_sample,32,32,0.0007371394545771182,0.0023880665921751643,0.0006304954877123237,0.005298504140228033,1.5829626632457566e-06,0.0023598564026366562,0.03125,-0.0014722572003930416,-0.0008348246483365074,-0.002547571435570717,per_model_kept_independent_plus_common_union
Qwen_Qwen3-32B,32B,32.0,5120,hidden_dim,exp_c,think,gsm8k_test_001178,think,canonical,,True,answer_segment,think_answer,20,exp_c_segment_sample,32,32,0.0011159397661685943,0.0020776061337528517,0.0006739076343365014,0.005103380419313908,9.996397824762998e-07,0.002074515229211219,0.125,-0.0016021829515838436,-0.0010286435644957237,-0.0038026717957109213,per_model_kept_independent_plus_common_union
Qwen_Qwen3-32B,32B,32.0,5120,hidden_dim,exp_c,think,gsm8k_test_001178,think,canonical,,True,thinking_segment,thinking,6,exp_c_segment_sample,160,160,0.0004981414065696299,0.004120032462742529,0.0002398989163339138,0.02853870391845703,3.5872232403197176e-05,0.00402862116739845,0.0625,-0.00048615409760256886,-0.0016871623891347547,-0.0018803374841809273,per_model_kept_independent_plus_common_union
Qwen_Qwen3-32B,32B,32.0,5120,hidden_dim,exp_c,think,gsm8k_test_001178,think,canonical,,True,thinking_segment,thinking,13,exp_c_segment_sample,160,160,0.0007371394545771182,0.002942011235245445,0.00039234268479049206,0.0190529003739357,7.5355935616035696e-06,0.002876915808425888,0.05,0.00034114718019843905,-0.0002525727846659719,-0.002547571435570717,per_model_kept_independent_plus_common_union
Qwen_Qwen3-32B,32B,32.0,5120,hidden_dim,exp_c,think,gsm8k_test_001178,think,canonical,,True,thinking_segment,thinking,20,exp_c_segment_sample,160,160,0.0011159397661685943,0.0028801161839510313,0.0006830295897088945,0.016734883189201355,4.437541416371419e-06,0.0028324709566743492,0.1,0.0009638897847942415,0.0005919725314015522,-0.0038026717957109213,per_model_kept_independent_plus_common_union
Qwen_Qwen3-32B,32B,32.0,5120,hidden_dim,exp_c,think,gsm8k_test_001182,think,canonical,,True,answer_segment,think_answer,6,exp_c_segment_sample,54,54,0.0004981414065696299,0.002631420957321232,0.0007110221777111292,0.008899133652448654,3.6099491529959557e-06,0.002612700468403691,0.0,-0.0013193756878150246,-0.0008044544998223758,-0.010177708230912685,per_model_kept_independent_plus_common_union
Qwen_Qwen3-32B,32B,32.0,5120,hidden_dim,exp_c,think,gsm8k_test_001182,think,canonical,,True,answer_segment,think_answer,13,exp_c_segment_sample,54,54,0.0007371394545771182,0.002481499194227918,0.0008641976164653897,0.007495943456888199,1.8041634401611082e-06,0.002437322078720789,0.0,-0.00119913970484784,-0.0011733721642355832,-0.003496843157336116,per_model_kept_independent_plus_common_union
Qwen_Qwen3-32B,32B,32.0,5120,hidden_dim,exp_c,think,gsm8k_test_001182,think,canonical,,True,answer_segment,think_answer,20,exp_c_segment_sample,54,54,0.0011159397661685943,0.002315064429745285,0.000929419242311269,0.005547952838242054,1.1231928687112018e-06,0.0022996832091660008,0.037037037037037035,-0.0012489262082839782,-0.001242786196858755,-0.003958404064178467,per_model_kept_independent_plus_common_union
Qwen_Qwen3-32B,32B,32.0,5120,hidden_dim,exp_c,think,gsm8k_test_001182,think,canonical,,True,thinking_segment,thinking,6,exp_c_segment_sample,256,256,0.0004981414065696299,0.0033968525360705826,0.00026921776589006186,0.062231309711933136,5.0959575501857566e-05,0.003217122999280141,0.09765625,-0.0011341665413232675,-0.0010017327838935533,-0.010177708230912685,per_model_kept_independent_plus_common_union
Qwen_Qwen3-32B,32B,32.0,5120,hidden_dim,exp_c,think,gsm8k_test_001182,think,canonical,,True,thinking_segment,thinking,13,exp_c_segment_sample,256,256,0.0007371394545771182,0.0025762062639387295,0.0005206872010603547,0.0246431902050972,7.065358050158472e-06,0.0025260542025481456,0.06640625,-0.0012850118679574175,-0.0009660393554860583,-0.003496843157336116,per_model_kept_independent_plus_common_union
Qwen_Qwen3-32B,32B,32.0,5120,hidden_dim,exp_c,think,gsm8k_test_001182,think,canonical,,True,thinking_segment,thinking,20,exp_c_segment_sample,256,256,0.0011159397661685943,0.0029739994615738397,0.0007729313801974058,0.022305820137262344,5.7571711445729645e-06,0.0029488224174950596,0.046875,-0.00034907226222767406,-0.00029392321414958974,-0.003958404064178467,per_model_kept_independent_plus_common_union
Qwen_Qwen3-32B,32B,32.0,5120,hidden_dim,exp_c,think,gsm8k_test_001209,think,canonical,,True,answer_segment,think_answer,6,exp_c_segment_sample,64,64,0.0004981414065696299,0.0027695342014339985,0.00027198539464734495,0.012552423402667046,7.968865484093058e-06,0.002713584505568539,0.109375,-0.003193975736856097,-0.0024924244371504756,-0.015058009885251522,per_model_kept_independent_plus_common_union
Qwen_Qwen3-32B,32B,32.0,5120,hidden_dim,exp_c,think,gsm8k_test_001209,think,canonical,,True,answer_segment,think_answer,13,exp_c_segment_sample,64,64,0.0007371394545771182,0.0032346740858884004,0.0003092438564635813,0.012964040040969849,6.871436145666341e-06,0.003219842743997033,0.109375,-0.0036923004548113547,-0.0031241166434483603,-0.006490882020443678,per_model_kept_independent_plus_common_union
Qwen_Qwen3-32B,32B,32.0,5120,hidden_dim,exp_c,think,gsm8k_test_001209,think,canonical,,True,answer_segment,think_answer,20,exp_c_segment_sample,64,64,0.0011159397661685943,0.00304353501269361,0.0004593161283992231,0.010424841195344925,4.338552037930633e-06,0.003017482129738681,0.109375,-0.0033248097006435278,-0.0031465948650293285,-0.003216723445802927,per_model_kept_independent_plus_common_union
Qwen_Qwen3-32B,32B,32.0,5120,hidden_dim,exp_c,think,gsm8k_test_001209,think,canonical,,True,thinking_segment,thinking,6,exp_c_segment_sample,210,210,0.0004981414065696299,0.005284452241834342,0.0002512232167646289,0.14676478505134583,0.0001676608535045767,0.005100880988759908,0.08095238095238096,-0.0038085992925752416,-0.004731379395552893,-0.015058009885251522,per_model_kept_independent_plus_common_union
Qwen_Qwen3-32B,32B,32.0,5120,hidden_dim,exp_c,think,gsm8k_test_001209,think,canonical,,True,thinking_segment,thinking,13,exp_c_segment_sample,210,210,0.0007371394545771182,0.0031390604360716505,0.0003829598135780543,0.030117085203528404,1.3987996057620724e-05,0.0030626972764619042,0.10952380952380952,-3.5045994382628635e-05,-0.0007574534936553253,-0.006490882020443678,per_model_kept_independent_plus_common_union
Qwen_Qwen3-32B,32B,32.0,5120,hidden_dim,exp_c,think,gsm8k_test_001209,think,canonical,,True,thinking_segment,thinking,20,exp_c_segment_sample,210,210,0.0011159397661685943,0.0032721350554354668,0.0005369160207919776,0.020632248371839523,6.667401984097129e-06,0.0032235264427777225,0.08571428571428572,-0.00037297648123131745,-0.0006913879110899599,-0.003216723445802927,per_model_kept_independent_plus_common_union
Qwen_Qwen3-32B,32B,32.0,5120,hidden_dim,exp_c,think,gsm8k_test_001246,think,canonical,,True,answer_segment,think_answer,6,exp_c_segment_sample,43,43,0.0004981414065696299,0.002534290582082386,0.0005554960225708783,0.007384252734482288,2.6680426434183203e-06,0.002507591543863306,0.0,-0.0003952781605065645,8.895458780567743e-05,-0.006233540829271078,per_model_kept_independent_plus_common_union
Qwen_Qwen3-32B,32B,32.0,5120,hidden_dim,exp_c,think,gsm8k_test_001246,think,canonical,,True,answer_segment,think_answer,13,exp_c_segment_sample,43,43,0.0007371394545771182,0.0024594826675236746,0.0005937677924521267,0.006564348004758358,1.5304869857835526e-06,0.002437567317558985,0.046511627906976744,-0.0007665265775108454,-0.0005662234140221367,-0.0052206129767000675,per_model_kept_independent_plus_common_union
Qwen_Qwen3-32B,32B,32.0,5120,hidden_dim,exp_c,think,gsm8k_test_001246,think,canonical,,True,answer_segment,think_answer,20,exp_c_segment_sample,43,43,0.0011159397661685943,0.002272744443765733,0.000798846478573978,0.005262913182377815,1.0235170199072704e-06,0.00227341898356653,0.11627906976744186,-0.001471557197393358,-0.0010180650808086448,-0.003358549904078245,per_model_kept_independent_plus_common_union
Qwen_Qwen3-32B,32B,32.0,5120,hidden_dim,exp_c,think,gsm8k_test_001246,think,canonical,,True,thinking_segment,thinking,6,exp_c_segment_sample,195,195,0.0004981414065696299,0.004152877247169948,0.0003556700539775193,0.1271405667066574,0.00010990995641742182,0.004030306502359382,0.1076923076923077,-0.005884518617794456,-0.004756988535815737,-0.006233540829271078,per_model_kept_independent_plus_common_union
Qwen_Qwen3-32B,32B,32.0,5120,hidden_dim,exp_c,think,gsm8k_test_001246,think,canonical,,True,thinking_segment,thinking,13,exp_c_segment_sample,195,195,0.0007371394545771182,0.002878055283620667,0.0005299311596900225,0.03394981473684311,1.2167752827761666e-05,0.002788015840798328,0.07179487179487179,-0.0009516601268716706,-0.0009131753527350265,-0.0052206129767000675,per_model_kept_independent_plus_common_union
Qwen_Qwen3-32B,32B,32.0,5120,hidden_dim,exp_c,think,gsm8k_test_001246,think,canonical,,True,thinking_segment,thinking,20,exp_c_segment_sample,195,195,0.0011159397661685943,0.002924721719076236,0.0006636838079430163,0.023219777271151543,5.4000129522557975e-06,0.0028659968886562844,0.07179487179487179,-0.0003415448074280243,-0.0003347797022315163,-0.003358549904078245,per_model_kept_independent_plus_common_union
Qwen_Qwen3-32B,32B,32.0,5120,hidden_dim,exp_c,think,gsm8k_test_001307,think,canonical,,True,answer_segment,think_answer,6,exp_c_segment_sample,43,43,0.0004981414065696299,0.0034079078157150814,0.0005744234658777714,0.015689821913838387,9.141321710046787e-06,0.003413461838915413,0.0,-0.003319308753410873,-0.00289407210551541,-0.010151194408535957,per_model_kept_independent_plus_common_union
Qwen_Qwen3-32B,32B,32.0,5120,hidden_dim,exp_c,think,gsm8k_test_001307,think,canonical,,True,answer_segment,think_answer,13,exp_c_segment_sample,43,43,0.0007371394545771182,0.0027748011418098455,0.0006547685479745269,0.008969714865088463,2.5428262465026304e-06,0.0027244986309337303,0.046511627906976744,-0.001676684877752519,-0.0014972944362935691,-0.005664466880261898,per_model_kept_independent_plus_common_union
Qwen_Qwen3-32B,32B,32.0,5120,hidden_dim,exp_c,think,gsm8k_test_001307,think,canonical,,True,answer_segment,think_answer,20,exp_c_segment_sample,43,43,0.0011159397661685943,0.0026229631729683903,0.000821412424556911,0.008795347064733505,2.0774527722747968e-06,0.0026285323020558624,0.06976744186046512,-0.0020339813599772522,-0.0016038925175301056,-0.002080393023788929,per_model_kept_independent_plus_common_union
Qwen_Qwen3-32B,32B,32.0,5120,hidden_dim,exp_c,think,gsm8k_test_001307,think,canonical,,True,thinking_segment,thinking,6,exp_c_segment_sample,139,139,0.0004981414065696299,0.003407473858276704,0.00027373278862796724,0.030539682134985924,2.9880415031223993e-05,0.0032580661453708217,0.1366906474820144,-1.6691492076478902e-05,-0.0009925364508360092,-0.010151194408535957,per_model_kept_independent_plus_common_union
Qwen_Qwen3-32B,32B,32.0,5120,hidden_dim,exp_c,think,gsm8k_test_001307,think,canonical,,True,thinking_segment,thinking,13,exp_c_segment_sample,139,139,0.0007371394545771182,0.0026051163377756215,0.00047631392953917384,0.027795767411589622,7.857585600703184e-06,0.0025068500844350056,0.05755395683453238,0.0003484907273977466,-0.0003779283508525363,-0.005664466880261898,per_model_kept_independent_plus_common_union
Qwen_Qwen3-32B,32B,32.0,5120,hidden_dim,exp_c,think,gsm8k_test_001307,think,canonical,,True,thinking_segment,thinking,20,exp_c_segment_sample,139,139,0.0011159397661685943,0.0024757060936732526,0.0007040976779535413,0.013502408750355244,2.1197197805740287e-06,0.0024285119409045287,0.07913669064748201,-2.2304614798624606e-05,-0.00030915044979857535,-0.002080393023788929,per_model_kept_independent_plus_common_union
Qwen_Qwen3-32B,32B,32.0,5120,hidden_dim,exp_c,think,gsm8k_test_001311,think,canonical,,True,answer_segment,think_answer,6,exp_c_segment_sample,35,35,0.0004981414065696299,0.0031469626618283136,0.0009522234904579818,0.013371000066399574,7.034251155199815e-06,0.0031422538415747975,0.0,-0.0023108350201731655,-0.0018894057785574761,-0.006305962335318327,per_model_kept_independent_plus_common_union
Qwen_Qwen3-32B,32B,32.0,5120,hidden_dim,exp_c,think,gsm8k_test_001311,think,canonical,,True,answer_segment,think_answer,13,exp_c_segment_sample,35,35,0.0007371394545771182,0.002543113290864442,0.0009775684447959065,0.006925498601049185,2.0072436465101592e-06,0.002511039677569095,0.0,-0.0013765826333491584,-0.0009553450444299318,-0.014944029971957207,per_model_kept_independent_plus_common_union
Qwen_Qwen3-32B,32B,32.0,5120,hidden_dim,exp_c,think,gsm8k_test_001311,think,canonical,,True,answer_segment,think_answer,20,exp_c_segment_sample,35,35,0.0011159397661685943,0.002370285405777395,0.0010973401367664337,0.004318860359489918,7.707056774510747e-07,0.0023463418063543297,0.02857142857142857,-0.0011284611697885262,-0.0008980385027825832,-0.007280557416379452,per_model_kept_independent_plus_common_union
Qwen_Qwen3-32B,32B,32.0,5120,hidden_dim,exp_c,think,gsm8k_test_001311,think,canonical,,True,thinking_segment,thinking,6,exp_c_segment_sample,225,225,0.0004981414065696299,0.003888175188589634,0.0003009857900906354,0.04151381179690361,3.6558722886104944e-05,0.003773650486177104,0.09333333333333334,0.0021753922545840066,0.0025057986280635786,-0.006305962335318327,per_model_kept_independent_plus_common_union
Qwen_Qwen3-32B,32B,32.0,5120,hidden_dim,exp_c,think,gsm8k_test_001311,think,canonical,,True,thinking_segment,thinking,13,exp_c_segment_sample,225,225,0.0007371394545771182,0.003079635775130656,0.0005181215237826109,0.06255138665437698,2.085214186496397e-05,0.0029437878017363663,0.04888888888888889,0.002828358916708635,0.0024520925403441903,-0.014944029971957207,per_model_kept_independent_plus_common_union
Qwen_Qwen3-32B,32B,32.0,5120,hidden_dim,exp_c,think,gsm8k_test_001311,think,canonical,,True,thinking_segment,thinking,20,exp_c_segment_sample,225,225,0.0011159397661685943,0.0027792414570123785,0.0007811576942913234,0.031637709587812424,5.4717469200084996e-06,0.002713043100551918,0.07111111111111111,0.0014883096658578005,0.0013122251512597133,-0.007280557416379452,per_model_kept_independent_plus_common_union
Qwen_Qwen3-4B,4B,4.0,2560,hidden_dim,exp_c,no_think,gsm8k_test_000007,no_think,canonical,,False,answer_segment,no_think_answer,6,exp_c_segment_sample,41,41,0.0010959284845739605,0.004426840931268,0.0012329054297879338,0.013967436738312244,9.591076636015574e-06,0.004215258220210671,0.0,-0.0018486748506292264,-0.0013799947601827707,-0.0024157045409083366,per_model_kept_independent_plus_common_union
Qwen_Qwen3-4B,4B,4.0,2560,hidden_dim,exp_c,no_think,gsm8k_test_000007,no_think,canonical,,False,answer_segment,no_think_answer,13,exp_c_segment_sample,41,41,0.0016793986549600958,0.004216300738157659,0.0013802170287817717,0.009155883453786373,4.078320639346723e-06,0.0041485965775791556,0.04878048780487805,-0.0012719587695489512,-0.0010947567537765612,-0.0001353137195110321,per_model_kept_independent_plus_common_union
Qwen_Qwen3-4B,4B,4.0,2560,hidden_dim,exp_c,no_think,gsm8k_test_000007,no_think,canonical,,False,answer_segment,no_think_answer,20,exp_c_segment_sample,41,41,0.0022439768072217703,0.004429755300828596,0.002302719047293067,0.009099872782826424,2.0756827789827677e-06,0.004387683840468525,0.0,-0.00044334530246277845,-0.0006558202334087009,-0.000632409006357193,per_model_kept_independent_plus_common_union
Qwen_Qwen3-4B,4B,4.0,2560,hidden_dim,exp_c,no_think,gsm8k_test_000031,no_think,canonical,,False,answer_segment,no_think_answer,6,exp_c_segment_sample,69,69,0.0010959284845739605,0.005301283437090561,0.0007064415840432048,0.03282535448670387,4.440743023657412e-05,0.005142213989850408,0.07246376811594203,-0.003830902504457035,-0.0027582591186122345,-0.002039053477346897,per_model_kept_independent_plus_common_union
Qwen_Qwen3-4B,4B,4.0,2560,hidden_dim,exp_c,no_think,gsm8k_test_000031,no_think,canonical,,False,answer_segment,no_think_answer,13,exp_c_segment_sample,69,69,0.0016793986549600958,0.003920477011875398,0.0013599384110420942,0.011057829484343529,5.825403176522434e-06,0.0038581340957213853,0.07246376811594203,0.0001611975640613835,0.00013417596670074576,-0.0017282860353589058,per_model_kept_independent_plus_common_union
Qwen_Qwen3-4B,4B,4.0,2560,hidden_dim,exp_c,no_think,gsm8k_test_000031,no_think,canonical,,False,answer_segment,no_think_answer,20,exp_c_segment_sample,69,69,0.0022439768072217703,0.003991508768682463,0.001804125728085637,0.01577441394329071,3.6972464523073932e-06,0.003892323553479989,0.057971014492753624,0.00029286582497243553,0.00024194992147386074,0.0015823831781744957,per_model_kept_independent_plus_common_union
Qwen_Qwen3-4B,4B,4.0,2560,hidden_dim,exp_c,no_think,gsm8k_test_000054,no_think,canonical,,False,answer_segment,no_think_answer,6,exp_c_segment_sample,46,46,0.0010959284845739605,0.004636720556806287,0.0012985870707780123,0.017599960789084435,1.1549165556579763e-05,0.0045039136324905695,0.0,-0.0016230940986786545,-0.0013643174024764448,-0.0038030953146517277,per_model_kept_independent_plus_common_union
Qwen_Qwen3-4B,4B,4.0,2560,hidden_dim,exp_c,no_think,gsm8k_test_000054,no_think,canonical,,False,answer_segment,no_think_answer,13,exp_c_segment_sample,46,46,0.0016793986549600958,0.004231427401385229,0.0019138827919960022,0.009552845731377602,2.6262894664775994e-06,0.004183810323269831,0.0,-0.0005270540352417971,-0.0007235131148869787,0.00012007541954517365,per_model_kept_independent_plus_common_union
Qwen_Qwen3-4B,4B,4.0,2560,hidden_dim,exp_c,no_think,gsm8k_test_000054,no_think,canonical,,False,answer_segment,no_think_answer,20,exp_c_segment_sample,46,46,0.0022439768072217703,0.004594858776292075,0.002790983999148011,0.009515595622360706,2.0851535471884984e-06,0.00456096952677601,0.0,-2.0940762244089244e-05,-6.894390874852795e-05,-0.0006414675153791904,per_model_kept_independent_plus_common_union
Qwen_Qwen3-4B,4B,4.0,2560,hidden_dim,exp_c,no_think,gsm8k_test_000099,no_think,canonical,,False,answer_segment,no_think_answer,6,exp_c_segment_sample,48,48,0.0010959284845739605,0.005532643886302442,0.0013355053961277008,0.015003885142505169,1.1939124252388543e-05,0.005381676955445807,0.0,-0.002389331621756993,-0.0016384628737190123,-0.0009637312032282352,per_model_kept_independent_plus_common_union
Qwen_Qwen3-4B,4B,4.0,2560,hidden_dim,exp_c,no_think,gsm8k_test_000099,no_think,canonical,,False,answer_segment,no_think_answer,13,exp_c_segment_sample,48,48,0.0016793986549600958,0.004647994409121263,0.0020608524791896343,0.008001198060810566,2.7644910091381984e-06,0.004621558470968553,0.0,-0.0010771116815573984,-0.0010924303205683832,8.783023804426193e-05,per_model_kept_independent_plus_common_union
Qwen_Qwen3-4B,4B,4.0,2560,hidden_dim,exp_c,no_think,gsm8k_test_000099,no_think,canonical,,False,answer_segment,no_think_answer,20,exp_c_segment_sample,48,48,0.0022439768072217703,0.004830218749702908,0.0027266577817499638,0.010413696058094501,3.676516018167747e-06,0.004815764343762334,0.0,3.024481940031707e-08,-0.0004667131967532141,-0.0005163522437214851,per_model_kept_independent_plus_common_union
Qwen_Qwen3-4B,4B,4.0,2560,hidden_dim,exp_c,no_think,gsm8k_test_000118,no_think,canonical,,True,answer_segment,no_think_answer,6,exp_c_segment_sample,47,47,0.0010959284845739605,0.005054816489722183,0.0010045927483588457,0.014331375248730183,1.066492936135891e-05,0.004854643256808431,0.0425531914893617,-0.0015424741463032278,-0.000342090575334927,0.0019512076396495104,per_model_kept_independent_plus_common_union
Qwen_Qwen3-4B,4B,4.0,2560,hidden_dim,exp_c,no_think,gsm8k_test_000118,no_think,canonical,,True,answer_segment,no_think_answer,13,exp_c_segment_sample,47,47,0.0016793986549600958,0.005228604190051556,0.0015913021052256227,0.011199122294783592,6.6554150892399185e-06,0.005191964193490213,0.02127659574468085,-0.001429179926066004,-0.0007281866467868294,0.0022407129872590303,per_model_kept_independent_plus_common_union
Qwen_Qwen3-4B,4B,4.0,2560,hidden_dim,exp_c,no_think,gsm8k_test_000118,no_think,canonical,,True,answer_segment,no_think_answer,20,exp_c_segment_sample,47,47,0.0022439768072217703,0.00523329524204452,0.0024773962795734406,0.023888256400823593,9.479462078472035e-06,0.005222918384748956,0.0,0.0010007576226811622,0.0013244429719634354,0.0006748726591467857,per_model_kept_independent_plus_common_union
Qwen_Qwen3-4B,4B,4.0,2560,hidden_dim,exp_c,no_think,gsm8k_test_000176,no_think,canonical,,True,answer_segment,no_think_answer,6,exp_c_segment_sample,65,65,0.0010959284845739605,0.004121010474717387,0.0009162867208942771,0.023060834035277367,1.679482786338346e-05,0.003948318564653164,0.06153846153846154,0.0018342472534704853,0.0016010575516916372,-0.006675543263554573,per_model_kept_independent_plus_common_union
Qwen_Qwen3-4B,4B,4.0,2560,hidden_dim,exp_c,no_think,gsm8k_test_000176,no_think,canonical,,True,answer_segment,no_think_answer,13,exp_c_segment_sample,65,65,0.0016793986549600958,0.0037456897947077566,0.0012508518993854523,0.009240994229912758,4.407856857494704e-06,0.00368822761811316,0.09230769230769231,0.0008124270290787592,0.0005188071278526504,-0.001241256482899189,per_model_kept_independent_plus_common_union
Qwen_Qwen3-4B,4B,4.0,2560,hidden_dim,exp_c,no_think,gsm8k_test_000176,no_think,canonical,,True,answer_segment,no_think_answer,20,exp_c_segment_sample,65,65,0.0022439768072217703,0.004231838926744576,0.0018996339058503509,0.009196838364005089,3.0833396853503363e-06,0.004199169479761622,0.06153846153846154,3.659691974207833e-05,0.00023227986222242557,0.00036135129630565643,per_model_kept_independent_plus_common_union
Qwen_Qwen3-4B,4B,4.0,2560,hidden_dim,exp_c,no_think,gsm8k_test_000182,no_think,canonical,,False,answer_segment,no_think_answer,6,exp_c_segment_sample,45,45,0.0010959284845739605,0.004352992447093129,0.0018849847838282585,0.011981151066720486,4.9751885579522735e-06,0.004237479969478127,0.0,0.00012074613241830005,5.773744002605507e-05,0.002846555085852742,per_model_kept_independent_plus_common_union
Qwen_Qwen3-4B,4B,4.0,2560,hidden_dim,exp_c,no_think,gsm8k_test_000182,no_think,canonical,,False,answer_segment,no_think_answer,13,exp_c_segment_sample,45,45,0.0016793986549600958,0.0038327832111260955,0.0018370564794167876,0.0072487457655370235,1.6679578996791445e-06,0.003797307549658316,0.0,0.0006824964319990181,0.0004946107704502842,0.000964585691690445,per_model_kept_independent_plus_common_union
Qwen_Qwen3-4B,4B,4.0,2560,hidden_dim,exp_c,no_think,gsm8k_test_000182,no_think,canonical,,False,answer_segment,no_think_answer,20,exp_c_segment_sample,45,45,0.0022439768072217703,0.004068333490027322,0.0022378782741725445,0.007973588071763515,1.436028060939683e-06,0.004028943499592556,0.022222222222222223,0.0004083788616285816,0.00021764641860499978,0.001297680428251624,per_model_kept_independent_plus_common_union
Qwen_Qwen3-4B,4B,4.0,2560,hidden_dim,exp_c,no_think,gsm8k_test_000192,no_think,canonical,,False,answer_segment,no_think_answer,6,exp_c_segment_sample,73,73,0.0010959284845739605,0.006646058837921448,0.0007281348225660622,0.032680757343769073,3.849669964977876e-05,0.006443680467782542,0.0684931506849315,-0.005073942451669547,-0.0032766186417766694,0.00472898269072175,per_model_kept_independent_plus_common_union
Qwen_Qwen3-4B,4B,4.0,2560,hidden_dim,exp_c,no_think,gsm8k_test_000192,no_think,canonical,,False,answer_segment,no_think_answer,13,exp_c_segment_sample,73,73,0.0016793986549600958,0.005162611825404408,0.0013691975036635995,0.013007248751819134,6.035215447322402e-06,0.005127851578031873,0.0410958904109589,-0.0022382353751767385,-0.0019456953312711493,0.0035658148117363453,per_model_kept_independent_plus_common_union
Qwen_Qwen3-4B,4B,4.0,2560,hidden_dim,exp_c,no_think,gsm8k_test_000192,no_think,canonical,,False,answer_segment,no_think_answer,20,exp_c_segment_sample,73,73,0.0022439768072217703,0.0048288875929245806,0.0022392352111637592,0.01364724338054657,4.044536119090956e-06,0.004760634500093551,0.0136986301369863,-0.0002498800762174257,-0.00040045699202700697,0.0014409595169126987,per_model_kept_independent_plus_common_union
Qwen_Qwen3-4B,4B,4.0,2560,hidden_dim,exp_c,no_think,gsm8k_test_000217,no_think,canonical,,True,answer_segment,no_think_answer,6,exp_c_segment_sample,40,40,0.0010959284845739605,0.0047194875922286885,0.001493530930019915,0.011164361611008644,7.739820818172246e-06,0.004577331892692317,0.0,4.7414552664561166e-05,2.438951050862722e-05,0.004076988436281681,per_model_kept_independent_plus_common_union
Qwen_Qwen3-4B,4B,4.0,2560,hidden_dim,exp_c,no_think,gsm8k_test_000217,no_think,canonical,,True,answer_segment,no_think_answer,13,exp_c_segment_sample,40,40,0.0016793986549600958,0.004299482749775052,0.0017734160646796227,0.009186679497361183,2.56710830493772e-06,0.004270999525219967,0.0,-0.00014129933310536735,-0.0004150282824411985,0.001165471039712429,per_model_kept_independent_plus_common_union
Qwen_Qwen3-4B,4B,4.0,2560,hidden_dim,exp_c,no_think,gsm8k_test_000217,no_think,canonical,,True,answer_segment,no_think_answer,20,exp_c_segment_sample,40,40,0.0022439768072217703,0.004597082204418257,0.0021358367521315813,0.011550946161150932,3.0322265054833114e-06,0.004578063580900049,0.075,0.0012220600242272177,0.00044055529870092903,0.0007896008901298046,per_model_kept_independent_plus_common_union
Qwen_Qwen3-4B,4B,4.0,2560,hidden_dim,exp_c,no_think,gsm8k_test_000247,no_think,canonical,,True,answer_segment,no_think_answer,6,exp_c_segment_sample,47,47,0.0010959284845739605,0.005219629748991908,0.0006986793014220893,0.025922786444425583,2.1126451950837866e-05,0.005084932509698377,0.0851063829787234,-0.004499719033582497,-0.0037258110630015535,-0.0026148371398448944,per_model_kept_independent_plus_common_union
Qwen_Qwen3-4B,4B,4.0,2560,hidden_dim,exp_c,no_think,gsm8k_test_000247,no_think,canonical,,True,answer_segment,no_think_answer,13,exp_c_segment_sample,47,47,0.0016793986549600958,0.0041543872917982495,0.0010920398635789752,0.00952189601957798,4.6079671129664865e-06,0.0040915127408326325,0.0851063829787234,-0.00191364020228069,-0.0009917010223337757,-0.0013468624092638493,per_model_kept_independent_plus_common_union
Qwen_Qwen3-4B,4B,4.0,2560,hidden_dim,exp_c,no_think,gsm8k_test_000247,no_think,canonical,,True,answer_segment,no_think_answer,20,exp_c_segment_sample,47,47,0.0022439768072217703,0.004444502152879029,0.0016420207684859633,0.011187837459146976,4.089282369045939e-06,0.0043959823340865905,0.1276595744680851,-0.0008961937224314073,-0.0004994248835525168,0.0003918684087693691,per_model_kept_independent_plus_common_union
Qwen_Qwen3-4B,4B,4.0,2560,hidden_dim,exp_c,no_think,gsm8k_test_000254,no_think,canonical,,True,answer_segment,no_think_answer,6,exp_c_segment_sample,51,51,0.0010959284845739605,0.004602225143553726,0.0016201914986595511,0.01164990197867155,5.107155107467919e-06,0.004536183539312333,0.0,-0.0024478899786982006,-0.0022126995027065277,-0.008545823395252228,per_model_kept_independent_plus_common_union
Qwen_Qwen3-4B,4B,4.0,2560,hidden_dim,exp_c,no_think,gsm8k_test_000254,no_think,canonical,,True,answer_segment,no_think_answer,13,exp_c_segment_sample,51,51,0.0016793986549600958,0.004925015811607533,0.002033209428191185,0.01266700029373169,4.725926956396119e-06,0.004902084306813777,0.0,-0.002454386685861113,-0.0017682218279402983,-0.0016769138164818287,per_model_kept_independent_plus_common_union
Qwen_Qwen3-4B,4B,4.0,2560,hidden_dim,exp_c,no_think,gsm8k_test_000254,no_think,canonical,,True,answer_segment,no_think_answer,20,exp_c_segment_sample,51,51,0.0022439768072217703,0.004751340326323521,0.0025451178662478924,0.009366522543132305,1.8717060035517463e-06,0.00472485505975783,0.0,-0.0012181905030833322,-0.0009091970904801898,-0.0009534042328596115,per_model_kept_independent_plus_common_union
Qwen_Qwen3-4B,4B,4.0,2560,hidden_dim,exp_c,no_think,gsm8k_test_000276,no_think,canonical,,False,answer_segment,no_think_answer,6,exp_c_segment_sample,153,153,0.0010959284845739605,0.0033439871928505477,0.00045090774074196815,0.04723731800913811,2.4416635117314587e-05,0.003177427477854315,0.33986928104575165,-0.0028131991579297584,-0.0031167498016610546,0.0010012672282755375,per_model_kept_independent_plus_common_union
Qwen_Qwen3-4B,4B,4.0,2560,hidden_dim,exp_c,no_think,gsm8k_test_000276,no_think,canonical,,False,answer_segment,no_think_answer,13,exp_c_segment_sample,153,153,0.0016793986549600958,0.003390999041038133,0.0008625051123090088,0.01669100485742092,5.980596266422676e-06,0.003339473735985321,0.27450980392156865,-0.0026178299634368003,-0.0025705332279754565,-0.0011187824420630932,per_model_kept_independent_plus_common_union
Qwen_Qwen3-4B,4B,4.0,2560,hidden_dim,exp_c,no_think,gsm8k_test_000276,no_think,canonical,,False,answer_segment,no_think_answer,20,exp_c_segment_sample,153,153,0.0022439768072217703,0.0037264912084865025,0.00125639617908746,0.016304785385727882,3.854320609820427e-06,0.003680118523525858,0.20261437908496732,-0.0009903071883630397,-0.0010470049545312156,0.00021520350128412247,per_model_kept_independent_plus_common_union
Qwen_Qwen3-4B,4B,4.0,2560,hidden_dim,exp_c,no_think,gsm8k_test_000343,no_think,canonical,,True,answer_segment,no_think_answer,6,exp_c_segment_sample,72,72,0.0010959284845739605,0.0049503372057289295,0.0009094590204767883,0.021973341703414917,2.0519160007253213e-05,0.004826608615678171,0.08333333333333333,-0.00514965260135047,-0.004817007073951472,-0.00033718207851052284,per_model_kept_independent_plus_common_union
Qwen_Qwen3-4B,4B,4.0,2560,hidden_dim,exp_c,no_think,gsm8k_test_000343,no_think,canonical,,True,answer_segment,no_think_answer,13,exp_c_segment_sample,72,72,0.0016793986549600958,0.004637164146212551,0.0015884131425991654,0.015130209736526012,7.850852211906944e-06,0.004624383929054398,0.013888888888888888,-0.0038456015750504215,-0.0037459798428850872,-0.0009214128367602825,per_model_kept_independent_plus_common_union
Qwen_Qwen3-4B,4B,4.0,2560,hidden_dim,exp_c,no_think,gsm8k_test_000343,no_think,canonical,,True,answer_segment,no_think_answer,20,exp_c_segment_sample,72,72,0.0022439768072217703,0.004530552310623332,0.0017624363536015153,0.015292847529053688,5.484326911271026e-06,0.004462941361158353,0.05555555555555555,-0.0008458456490454586,-0.0014260219112556018,0.0008087316527962685,per_model_kept_independent_plus_common_union
Qwen_Qwen3-4B,4B,4.0,2560,hidden_dim,exp_c,no_think,gsm8k_test_000361,no_think,canonical,,False,answer_segment,no_think_answer,6,exp_c_segment_sample,59,59,0.0010959284845739605,0.005377887827107462,0.0011440152302384377,0.021204499527812004,1.7423134687096283e-05,0.005194845914455324,0.0,-0.0020938674860113064,-0.002061967078285913,-0.014128575101494789,per_model_kept_independent_plus_common_union
Qwen_Qwen3-4B,4B,4.0,2560,hidden_dim,exp_c,no_think,gsm8k_test_000361,no_think,canonical,,False,answer_segment,no_think_answer,13,exp_c_segment_sample,59,59,0.0016793986549600958,0.004282805103792856,0.001929434365592897,0.01016232930123806,3.1661658963183927e-06,0.004230375965687864,0.0,-0.0009267351408568026,-0.0011129594252755242,-0.004045830573886633,per_model_kept_independent_plus_common_union
Qwen_Qwen3-4B,4B,4.0,2560,hidden_dim,exp_c,no_think,gsm8k_test_000361,no_think,canonical,,False,answer_segment,no_think_answer,20,exp_c_segment_sample,59,59,0.0022439768072217703,0.0044415172157903846,0.002020889427512884,0.010917896404862404,2.840402390245196e-06,0.0044177793536399465,0.03389830508474576,-0.001289846519229277,-0.0011774511542171242,-0.0005194954574108124,per_model_kept_independent_plus_common_union
Qwen_Qwen3-4B,4B,4.0,2560,hidden_dim,exp_c,no_think,gsm8k_test_000432,no_think,canonical,,True,answer_segment,no_think_answer,6,exp_c_segment_sample,66,66,0.0010959284845739605,0.005893962665912554,0.0015277250204235315,0.02554483339190483,2.0335540124693124e-05,0.005695234901773241,0.0,-0.003164515528875925,-0.0030125743394498437,-0.005231249146163464,per_model_kept_independent_plus_common_union
Qwen_Qwen3-4B,4B,4.0,2560,hidden_dim,exp_c,no_think,gsm8k_test_000432,no_think,canonical,,True,answer_segment,no_think_answer,13,exp_c_segment_sample,66,66,0.0016793986549600958,0.004827985547087861,0.0015457224799320102,0.01808021031320095,8.155865242115103e-06,0.004742165497289254,0.015151515151515152,-0.0026438779177414633,-0.002345802385688704,-0.0003665904514491558,per_model_kept_independent_plus_common_union
Qwen_Qwen3-4B,4B,4.0,2560,hidden_dim,exp_c,no_think,gsm8k_test_000432,no_think,canonical,,True,answer_segment,no_think_answer,20,exp_c_segment_sample,66,66,0.0022439768072217703,0.004413928559656735,0.0016106063267216086,0.011203501373529434,2.9301303090634507e-06,0.004368706439765027,0.030303030303030304,-0.0009005820876861858,-0.001116328811108628,0.0007943152450025082,per_model_kept_independent_plus_common_union
Qwen_Qwen3-4B,4B,4.0,2560,hidden_dim,exp_c,no_think,gsm8k_test_000433,no_think,canonical,,True,answer_segment,no_think_answer,6,exp_c_segment_sample,53,53,0.0010959284845739605,0.004892140769680857,0.0017149156192317605,0.015912583097815514,1.0517852994725866e-05,0.004729567644132587,0.0,-0.0013551882412518863,-0.000984266633167863,0.0019943478982895613,per_model_kept_independent_plus_common_union
Qwen_Qwen3-4B,4B,4.0,2560,hidden_dim,exp_c,no_think,gsm8k_test_000433,no_think,canonical,,True,answer_segment,no_think_answer,13,exp_c_segment_sample,53,53,0.0016793986549600958,0.004880296549636801,0.0022813333198428154,0.013006714172661304,4.845393346761548e-06,0.00486597554005969,0.0,-0.0018360316753387442,-0.001683690684980579,-0.000182838412001729,per_model_kept_independent_plus_common_union
Qwen_Qwen3-4B,4B,4.0,2560,hidden_dim,exp_c,no_think,gsm8k_test_000433,no_think,canonical,,True,answer_segment,no_think_answer,20,exp_c_segment_sample,53,53,0.0022439768072217703,0.004947714674514982,0.0022669669706374407,0.011381281539797783,3.6443059146484084e-06,0.004909391246306208,0.0,-0.0008613655657997525,-0.0004870891238429719,0.0011830925941467285,per_model_kept_independent_plus_common_union
Qwen_Qwen3-4B,4B,4.0,2560,hidden_dim,exp_c,no_think,gsm8k_test_000449,no_think,canonical,,True,answer_segment,no_think_answer,6,exp_c_segment_sample,43,43,0.0010959284845739605,0.0042083673801836235,0.001239280914887786,0.012004509568214417,4.988125757120175e-06,0.004069447470274532,0.0,-8.710693955878188e-05,0.0005837389564310961,0.0018573957495391369,per_model_kept_independent_plus_common_union
Qwen_Qwen3-4B,4B,4.0,2560,hidden_dim,exp_c,no_think,gsm8k_test_000449,no_think,canonical,,True,answer_segment,no_think_answer,13,exp_c_segment_sample,43,43,0.0016793986549600958,0.004461314006665245,0.0017702585319057107,0.01087634451687336,3.1393624522347803e-06,0.004417081831932245,0.0,-0.0008234111405121484,-0.00030833590691062545,0.002335699275135994,per_model_kept_independent_plus_common_union
Qwen_Qwen3-4B,4B,4.0,2560,hidden_dim,exp_c,no_think,gsm8k_test_000449,no_think,canonical,,True,answer_segment,no_think_answer,20,exp_c_segment_sample,43,43,0.0022439768072217703,0.004504520592258074,0.0023825017269700766,0.013231635093688965,4.002286031746188e-06,0.004484599339775741,0.0,-0.0011468616586934651,-0.0005133600101213569,0.0006223907694220543,per_model_kept_independent_plus_common_union
Qwen_Qwen3-4B,4B,4.0,2560,hidden_dim,exp_c,no_think,gsm8k_test_000460,no_think,canonical,,False,answer_segment,no_think_answer,6,exp_c_segment_sample,47,47,0.0010959284845739605,0.00593832188578164,0.0008334321901202202,0.018318550661206245,2.2007628234523964e-05,0.00580261849023847,0.0851063829787234,-0.0060385130067167735,-0.004003865721945962,-0.009118998423218727,per_model_kept_independent_plus_common_union
Qwen_Qwen3-4B,4B,4.0,2560,hidden_dim,exp_c,no_think,gsm8k_test_000460,no_think,canonical,,False,answer_segment,no_think_answer,13,exp_c_segment_sample,47,47,0.0016793986549600958,0.005219019627436362,0.0011293638963252306,0.016866330057382584,8.788692312689918e-06,0.0052025951799410195,0.06382978723404255,-0.0036442946200506794,-0.002369346426955114,-0.00154171884059906,per_model_kept_independent_plus_common_union
Qwen_Qwen3-4B,4B,4.0,2560,hidden_dim,exp_c,no_think,gsm8k_test_000460,no_think,canonical,,False,answer_segment,no_think_answer,20,exp_c_segment_sample,47,47,0.0022439768072217703,0.004301820609203362,0.001474389573559165,0.008460739627480507,2.3810904344054414e-06,0.004245988569100914,0.0851063829787234,-0.0017301082311376463,-0.0012073193017082913,-0.002028448972851038,per_model_kept_independent_plus_common_union
Qwen_Qwen3-4B,4B,4.0,2560,hidden_dim,exp_c,no_think,gsm8k_test_000514,no_think,canonical,,False,answer_segment,no_think_answer,6,exp_c_segment_sample,44,44,0.0010959284845739605,0.004097779477226802,0.0010272949002683163,0.012246455997228622,8.031821477166692e-06,0.003942659000194697,0.045454545454545456,-0.00045514949103534993,0.00021851841698993305,0.0016012981068342924,per_model_kept_independent_plus_common_union
Qwen_Qwen3-4B,4B,4.0,2560,hidden_dim,exp_c,no_think,gsm8k_test_000514,no_think,canonical,,False,answer_segment,no_think_answer,13,exp_c_segment_sample,44,44,0.0016793986549600958,0.0037484280950262805,0.0016025364166125655,0.010636232793331146,3.5060485760459096e-06,0.0036880685054415537,0.045454545454545456,-0.0017538642860017715,-0.0013205198549919505,-0.00010265037417411804,per_model_kept_independent_plus_common_union
Qwen_Qwen3-4B,4B,4.0,2560,hidden_dim,exp_c,no_think,gsm8k_test_000514,no_think,canonical,,False,answer_segment,no_think_answer,20,exp_c_segment_sample,44,44,0.0022439768072217703,0.0039802550454624,0.001941916299983859,0.008846168406307697,2.5022192180644846e-06,0.003913198456947887,0.06818181818181818,-0.0010625715106443473,-0.0011187653819268403,0.000516421627253294,per_model_kept_independent_plus_common_union
Qwen_Qwen3-4B,4B,4.0,2560,hidden_dim,exp_c,no_think,gsm8k_test_000534,no_think,canonical,,True,answer_segment,no_think_answer,6,exp_c_segment_sample,52,52,0.0010959284845739605,0.004395289747313095,0.0012572009582072496,0.01316504180431366,9.86579791856147e-06,0.004271916403690828,0.0,-0.0010089700495322694,-0.0007817354680110626,0.002814240287989378,per_model_kept_independent_plus_common_union
Qwen_Qwen3-4B,4B,4.0,2560,hidden_dim,exp_c,no_think,gsm8k_test_000534,no_think,canonical,,True,answer_segment,no_think_answer,13,exp_c_segment_sample,52,52,0.0016793986549600958,0.004128967062570155,0.00210082670673728,0.007398319896310568,2.106920761755472e-06,0.004093117400200344,0.0,-0.001048467718118853,-0.0010731962616913598,0.0021607449743896723,per_model_kept_independent_plus_common_union
Qwen_Qwen3-4B,4B,4.0,2560,hidden_dim,exp_c,no_think,gsm8k_test_000534,no_think,canonical,,True,answer_segment,no_think_answer,20,exp_c_segment_sample,52,52,0.0022439768072217703,0.004211816377042292,0.0020740306936204433,0.014865852892398834,4.189540216337532e-06,0.004192286371892574,0.038461538461538464,-0.0005387731890987551,-0.0008153033156234482,0.0017119492404162884,per_model_kept_independent_plus_common_union
Qwen_Qwen3-4B,4B,4.0,2560,hidden_dim,exp_c,no_think,gsm8k_test_000543,no_think,canonical,,True,answer_segment,no_think_answer,6,exp_c_segment_sample,45,45,0.0010959284845739605,0.00448196222488251,0.0013692912179976702,0.014195067808032036,6.712799785728095e-06,0.004359433951321989,0.0,-0.001478193157716935,-0.0009647834037120146,-0.0013974127359688282,per_model_kept_independent_plus_common_union
Qwen_Qwen3-4B,4B,4.0,2560,hidden_dim,exp_c,no_think,gsm8k_test_000543,no_think,canonical,,True,answer_segment,no_think_answer,13,exp_c_segment_sample,45,45,0.0016793986549600958,0.005128146154392096,0.0017137972172349691,0.015567997470498085,6.379483099671189e-06,0.005099142462396147,0.0,-0.001946176982660221,-0.0011446613352745771,0.0005880487151443958,per_model_kept_independent_plus_common_union
Qwen_Qwen3-4B,4B,4.0,2560,hidden_dim,exp_c,no_think,gsm8k_test_000543,no_think,canonical,,True,answer_segment,no_think_answer,20,exp_c_segment_sample,45,45,0.0022439768072217703,0.0049237023211187786,0.0021867374889552593,0.008853745646774769,2.0683165512855943e-06,0.004879987332969903,0.022222222222222223,-0.0010061459170411448,-0.0008995349829395609,-3.943685442209244e-06,per_model_kept_independent_plus_common_union
Qwen_Qwen3-4B,4B,4.0,2560,hidden_dim,exp_c,no_think,gsm8k_test_000560,no_think,canonical,,True,answer_segment,no_think_answer,6,exp_c_segment_sample,52,52,0.0010959284845739605,0.004669776097916138,0.0008659266750328243,0.01501099206507206,1.1618315374533053e-05,0.004486726835488761,0.09615384615384616,-0.0027595433921107733,-0.0028331799325175006,-0.009045198559761047,per_model_kept_independent_plus_common_union
Qwen_Qwen3-4B,4B,4.0,2560,hidden_dim,exp_c,no_think,gsm8k_test_000560,no_think,canonical,,True,answer_segment,no_think_answer,13,exp_c_segment_sample,52,52,0.0016793986549600958,0.004156745775477388,0.0018065836047753692,0.007677243556827307,2.338403751597099e-06,0.004116475511360548,0.0,-0.002037512515864166,-0.0017375742855410162,0.0010006846860051155,per_model_kept_independent_plus_common_union
Qwen_Qwen3-4B,4B,4.0,2560,hidden_dim,exp_c,no_think,gsm8k_test_000560,no_think,canonical,,True,answer_segment,no_think_answer,20,exp_c_segment_sample,52,52,0.0022439768072217703,0.004217537321472684,0.002281161490827799,0.008942016400396824,1.7260605283483487e-06,0.004159706635583266,0.0,-0.001188550719414144,-0.0011043500405951193,-9.010545909404755e-06,per_model_kept_independent_plus_common_union
Qwen_Qwen3-4B,4B,4.0,2560,hidden_dim,exp_c,no_think,gsm8k_test_000585,no_think,canonical,,False,answer_segment,no_think_answer,6,exp_c_segment_sample,52,52,0.0010959284845739605,0.004753062938107178,0.0010169473243877292,0.02608698606491089,2.1344496260346816e-05,0.004491855241997423,0.038461538461538464,-0.001782377777064918,-0.0014864922447416643,0.002310119103640318,per_model_kept_independent_plus_common_union
Qwen_Qwen3-4B,4B,4.0,2560,hidden_dim,exp_c,no_think,gsm8k_test_000585,no_think,canonical,,False,answer_segment,no_think_answer,13,exp_c_segment_sample,52,52,0.0016793986549600958,0.004236108137634941,0.0012605249648913741,0.010621460154652596,4.68628595344302e-06,0.004153446566003065,0.07692307692307693,-0.0022011720792509334,-0.0017218965356453108,-0.00047086598351597786,per_model_kept_independent_plus_common_union
Qwen_Qwen3-4B,4B,4.0,2560,hidden_dim,exp_c,no_think,gsm8k_test_000585,no_think,canonical,,False,answer_segment,no_think_answer,20,exp_c_segment_sample,52,52,0.0022439768072217703,0.004470414179825009,0.0018851995700970292,0.009036177769303322,2.4631823771088597e-06,0.004418312496615244,0.019230769230769232,-0.0012235812036386806,-0.0010933032295165155,-0.000610114075243473,per_model_kept_independent_plus_common_union
Qwen_Qwen3-4B,4B,4.0,2560,hidden_dim,exp_c,no_think,gsm8k_test_000595,no_think,canonical,,False,answer_segment,no_think_answer,6,exp_c_segment_sample,37,37,0.0010959284845739605,0.004358450318938373,0.001222784980200231,0.010136930271983147,5.631563910429102e-06,0.0041988524640651625,0.0,-0.0014061375221722393,-0.0012555230176076295,-0.008223513141274452,per_model_kept_independent_plus_common_union
Qwen_Qwen3-4B,4B,4.0,2560,hidden_dim,exp_c,no_think,gsm8k_test_000595,no_think,canonical,,False,answer_segment,no_think_answer,13,exp_c_segment_sample,37,37,0.0016793986549600958,0.004464970643606943,0.001997146522626281,0.009711997583508492,3.568343860864718e-06,0.004429582183042334,0.0,-0.0012814915119001291,-0.0015649583656340833,-0.00030445121228694916,per_model_kept_independent_plus_common_union
Qwen_Qwen3-4B,4B,4.0,2560,hidden_dim,exp_c,no_think,gsm8k_test_000595,no_think,canonical,,False,answer_segment,no_think_answer,20,exp_c_segment_sample,37,37,0.0022439768072217703,0.004228266654536128,0.0024919386487454176,0.0074555473402142525,1.393461584038631e-06,0.0041698749733364415,0.0,-0.00016721078508651454,-0.0002966660540550947,0.0003094766288995743,per_model_kept_independent_plus_common_union
Qwen_Qwen3-4B,4B,4.0,2560,hidden_dim,exp_c,no_think,gsm8k_test_000640,no_think,canonical,,False,answer_segment,no_think_answer,6,exp_c_segment_sample,77,77,0.0010959284845739605,0.004499068037703537,0.0007327327039092779,0.018739968538284302,1.4809478375184468e-05,0.0043336531701865365,0.06493506493506493,-0.0033931328386364186,-0.0027180189266800886,0.001229702029377222,per_model_kept_independent_plus_common_union
Qwen_Qwen3-4B,4B,4.0,2560,hidden_dim,exp_c,no_think,gsm8k_test_000640,no_think,canonical,,False,answer_segment,no_think_answer,13,exp_c_segment_sample,77,77,0.0016793986549600958,0.0038060800719691753,0.0015050912043079734,0.008744689635932446,2.531256815582551e-06,0.0037685912209685503,0.012987012987012988,-0.0009612006772138342,-0.0007811397721525287,-0.00184156047180295,per_model_kept_independent_plus_common_union
Qwen_Qwen3-4B,4B,4.0,2560,hidden_dim,exp_c,no_think,gsm8k_test_000640,no_think,canonical,,False,answer_segment,no_think_answer,20,exp_c_segment_sample,77,77,0.0022439768072217703,0.0037969489424646676,0.0019205936696380377,0.013448188081383705,2.998498779745882e-06,0.003726890488331648,0.07792207792207792,0.0003742753131711465,9.323885897174426e-05,-0.001041563693434,per_model_kept_independent_plus_common_union
Qwen_Qwen3-4B,4B,4.0,2560,hidden_dim,exp_c,no_think,gsm8k_test_000697,no_think,canonical,,True,answer_segment,no_think_answer,6,exp_c_segment_sample,42,42,0.0010959284845739605,0.004575257247779518,0.0011123139411211014,0.012834521941840649,1.1384532180623234e-05,0.004411531115382365,0.0,-0.0031652833459638904,-0.00236575979612429,0.002208427991718054,per_model_kept_independent_plus_common_union
Qwen_Qwen3-4B,4B,4.0,2560,hidden_dim,exp_c,no_think,gsm8k_test_000697,no_think,canonical,,True,answer_segment,no_think_answer,13,exp_c_segment_sample,42,42,0.0016793986549600958,0.004141129265051512,0.0016960101202130318,0.008509194478392601,3.690744332637318e-06,0.004098405385753368,0.0,-0.001508789685434134,-0.0011235767425122585,0.0011416503693908453,per_model_kept_independent_plus_common_union
Qwen_Qwen3-4B,4B,4.0,2560,hidden_dim,exp_c,no_think,gsm8k_test_000697,no_think,canonical,,True,answer_segment,no_think_answer,20,exp_c_segment_sample,42,42,0.0022439768072217703,0.004046744162527223,0.0023344492074102163,0.009545750916004181,2.395466124360841e-06,0.003993674192759322,0.0,-0.0003476216081851641,-0.0003509578845379024,0.0005531124770641327,per_model_kept_independent_plus_common_union
Qwen_Qwen3-4B,4B,4.0,2560,hidden_dim,exp_c,no_think,gsm8k_test_000713,no_think,canonical,,True,answer_segment,no_think_answer,6,exp_c_segment_sample,45,45,0.0010959284845739605,0.004811942921434012,0.0012468963395804167,0.01699855551123619,8.585844874618729e-06,0.0047064420095094565,0.0,-0.0014463739165955227,-0.0012858799794533598,-0.01389792189002037,per_model_kept_independent_plus_common_union
Qwen_Qwen3-4B,4B,4.0,2560,hidden_dim,exp_c,no_think,gsm8k_test_000713,no_think,canonical,,True,answer_segment,no_think_answer,13,exp_c_segment_sample,45,45,0.0016793986549600958,0.00466906507499516,0.002070689108222723,0.008796537294983864,2.8530070056579175e-06,0.00465480366256088,0.0,-0.0015340004764173318,-0.0012563201598823075,-0.0010748272761702538,per_model_kept_independent_plus_common_union
Qwen_Qwen3-4B,4B,4.0,2560,hidden_dim,exp_c,no_think,gsm8k_test_000713,no_think,canonical,,True,answer_segment,no_think_answer,20,exp_c_segment_sample,45,45,0.0022439768072217703,0.004462184477597475,0.0024040895514190197,0.013585031032562256,3.6526961930125524e-06,0.004398069852455096,0.0,-0.001367478098288393,-0.0009053981242080527,-0.0007050600834190845,per_model_kept_independent_plus_common_union
Qwen_Qwen3-4B,4B,4.0,2560,hidden_dim,exp_c,no_think,gsm8k_test_000795,no_think,canonical,,False,answer_segment,no_think_answer,6,exp_c_segment_sample,60,60,0.0010959284845739605,0.005918989280083527,0.001347859506495297,0.018866969272494316,2.0566364035559593e-05,0.005768035258308557,0.0,-0.002865445597066735,-0.002830733801238239,0.001865096390247345,per_model_kept_independent_plus_common_union
Qwen_Qwen3-4B,4B,4.0,2560,hidden_dim,exp_c,no_think,gsm8k_test_000795,no_think,canonical,,False,answer_segment,no_think_answer,13,exp_c_segment_sample,60,60,0.0016793986549600958,0.005253332641829426,0.0018177733290940523,0.018809569999575615,1.079086835871095e-05,0.00524273082432416,0.0,-0.001403070394461208,-0.0019267551212882,0.0001464448869228363,per_model_kept_independent_plus_common_union
Qwen_Qwen3-4B,4B,4.0,2560,hidden_dim,exp_c,no_think,gsm8k_test_000795,no_think,canonical,,False,answer_segment,no_think_answer,20,exp_c_segment_sample,60,60,0.0022439768072217703,0.004653943857798974,0.002083424013108015,0.009330039843916893,2.416115990743266e-06,0.0046062066961648105,0.03333333333333333,-0.0006192690105040022,-0.0007071897387504571,0.0003959638997912407,per_model_kept_independent_plus_common_union
Qwen_Qwen3-4B,4B,4.0,2560,hidden_dim,exp_c,no_think,gsm8k_test_000814,no_think,canonical,,False,answer_segment,no_think_answer,6,exp_c_segment_sample,61,61,0.0010959284845739605,0.00573864247798767,0.0009269699221476912,0.034995872527360916,2.8565179156067858e-05,0.005587491058395243,0.04918032786885246,-0.005320113484643292,-0.004934740107273683,0.0053031789138913155,per_model_kept_independent_plus_common_union
Qwen_Qwen3-4B,4B,4.0,2560,hidden_dim,exp_c,no_think,gsm8k_test_000814,no_think,canonical,,False,answer_segment,no_think_answer,13,exp_c_segment_sample,61,61,0.0016793986549600958,0.004860684710753257,0.0015239727217704058,0.012089623138308525,4.848899330483193e-06,0.004817367438226939,0.04918032786885246,-0.002966419179022055,-0.0024139065644703805,-0.001819587778300047,per_model_kept_independent_plus_common_union
Qwen_Qwen3-4B,4B,4.0,2560,hidden_dim,exp_c,no_think,gsm8k_test_000814,no_think,canonical,,False,answer_segment,no_think_answer,20,exp_c_segment_sample,61,61,0.0022439768072217703,0.004834431200669926,0.002217316534370184,0.01115985307842493,3.6974069800440066e-06,0.0048066844639834015,0.01639344262295082,-0.0018440635460180161,-0.0014804691745666787,5.792547017335892e-05,per_model_kept_independent_plus_common_union
Qwen_Qwen3-4B,4B,4.0,2560,hidden_dim,exp_c,no_think,gsm8k_test_000900,no_think,canonical,,True,answer_segment,no_think_answer,6,exp_c_segment_sample,47,47,0.0010959284845739605,0.0055364714266653075,0.001068612327799201,0.021936722099781036,2.1556519375771288e-05,0.005313414141394037,0.02127659574468085,-0.002028635133335252,-0.0017619449645280838,0.0013837385922670364,per_model_kept_independent_plus_common_union
Qwen_Qwen3-4B,4B,4.0,2560,hidden_dim,exp_c,no_think,gsm8k_test_000900,no_think,canonical,,True,answer_segment,no_think_answer,13,exp_c_segment_sample,47,47,0.0016793986549600958,0.004466462157111853,0.0016659023240208626,0.009041664190590382,3.291105381335814e-06,0.0044077334459871045,0.02127659574468085,-0.0012398561291852392,-0.0011979684544106322,0.00019613001495599747,per_model_kept_independent_plus_common_union
Qwen_Qwen3-4B,4B,4.0,2560,hidden_dim,exp_c,no_think,gsm8k_test_000900,no_think,canonical,,True,answer_segment,no_think_answer,20,exp_c_segment_sample,47,47,0.0022439768072217703,0.004364374797157151,0.002209424041211605,0.010378257371485233,2.8297203958471123e-06,0.004292469238862395,0.02127659574468085,0.0002484740825627531,1.248891931027174e-05,0.0010224804282188416,per_model_kept_independent_plus_common_union
Qwen_Qwen3-4B,4B,4.0,2560,hidden_dim,exp_c,no_think,gsm8k_test_000901,no_think,canonical,,False,answer_segment,no_think_answer,6,exp_c_segment_sample,53,53,0.0010959284845739605,0.004819972275861732,0.001688894466497004,0.015273146331310272,7.228577021653513e-06,0.004676989684902275,0.0,0.00044342027576855234,0.0007148355860928336,0.0001432974822819233,per_model_kept_independent_plus_common_union
Qwen_Qwen3-4B,4B,4.0,2560,hidden_dim,exp_c,no_think,gsm8k_test_000901,no_think,canonical,,False,answer_segment,no_think_answer,13,exp_c_segment_sample,53,53,0.0016793986549600958,0.004552363620122087,0.0017307235393673182,0.008770370855927467,3.1065240435741773e-06,0.004526334272948309,0.0,4.076438934485873e-05,0.0001849194522947073,-0.000546193914487958,per_model_kept_independent_plus_common_union
Qwen_Qwen3-4B,4B,4.0,2560,hidden_dim,exp_c,no_think,gsm8k_test_000901,no_think,canonical,,False,answer_segment,no_think_answer,20,exp_c_segment_sample,53,53,0.0022439768072217703,0.005105049665665852,0.00243770657107234,0.010832635685801506,3.7717991585853393e-06,0.005056779267481313,0.0,0.0009721274550152907,0.0007370006392842954,-0.001423798967152834,per_model_kept_independent_plus_common_union
Qwen_Qwen3-4B,4B,4.0,2560,hidden_dim,exp_c,no_think,gsm8k_test_000917,no_think,canonical,,True,answer_segment,no_think_answer,6,exp_c_segment_sample,36,36,0.0010959284845739605,0.005990090458201141,0.0008182089077308774,0.017435599118471146,2.720264049979311e-05,0.0057509437619176285,0.1111111111111111,-0.006190813427344212,-0.005502275941479538,0.003913540858775377,per_model_kept_independent_plus_common_union
Qwen_Qwen3-4B,4B,4.0,2560,hidden_dim,exp_c,no_think,gsm8k_test_000917,no_think,canonical,,True,answer_segment,no_think_answer,13,exp_c_segment_sample,36,36,0.0016793986549600958,0.0053118325465927934,0.0013363359030336142,0.021058281883597374,1.4430171395875041e-05,0.00524208974425814,0.1111111111111111,-0.00523423486303219,-0.004721220983709726,0.005106059834361076,per_model_kept_independent_plus_common_union
Qwen_Qwen3-4B,4B,4.0,2560,hidden_dim,exp_c,no_think,gsm8k_test_000917,no_think,canonical,,True,answer_segment,no_think_answer,20,exp_c_segment_sample,36,36,0.0022439768072217703,0.004497706178679234,0.0018998505547642708,0.010502917692065239,3.439345286429272e-06,0.004451897653884121,0.1111111111111111,-0.0020977611263358078,-0.0021137421071115462,0.0016151927411556244,per_model_kept_independent_plus_common_union
Qwen_Qwen3-4B,4B,4.0,2560,hidden_dim,exp_c,no_think,gsm8k_test_000923,no_think,canonical,,True,answer_segment,no_think_answer,6,exp_c_segment_sample,64,64,0.0010959284845739605,0.006807655772718135,0.0010726505424827337,0.028276458382606506,2.68758178337642e-05,0.0067201395341683,0.015625,-0.00424930569950868,-0.002295416852575727,-0.0004361998289823532,per_model_kept_independent_plus_common_union
Qwen_Qwen3-4B,4B,4.0,2560,hidden_dim,exp_c,no_think,gsm8k_test_000923,no_think,canonical,,True,answer_segment,no_think_answer,13,exp_c_segment_sample,64,64,0.0016793986549600958,0.005473176252053236,0.0017574805533513427,0.01336997002363205,6.36013181568962e-06,0.005430295777004508,0.0,-0.0010049268778507588,-0.00011691526015056297,0.000976654700934887,per_model_kept_independent_plus_common_union
Qwen_Qwen3-4B,4B,4.0,2560,hidden_dim,exp_c,no_think,gsm8k_test_000923,no_think,canonical,,True,answer_segment,no_think_answer,20,exp_c_segment_sample,64,64,0.0022439768072217703,0.005057347359979758,0.002285743597894907,0.01203225925564766,4.99092318683987e-06,0.005035574126633859,0.0,-0.0010293951736037798,-0.00040195308974944055,0.0015568179078400135,per_model_kept_independent_plus_common_union
Qwen_Qwen3-4B,4B,4.0,2560,hidden_dim,exp_c,no_think,gsm8k_test_000924,no_think,canonical,,False,answer_segment,no_think_answer,6,exp_c_segment_sample,53,53,0.0010959284845739605,0.0051222306693781096,0.0013480898924171925,0.02240253984928131,1.6172887313597547e-05,0.0049464627025792235,0.0,-0.0015695256784370832,-0.00132920963889254,-0.003072652965784073,per_model_kept_independent_plus_common_union
Qwen_Qwen3-4B,4B,4.0,2560,hidden_dim,exp_c,no_think,gsm8k_test_000924,no_think,canonical,,False,answer_segment,no_think_answer,13,exp_c_segment_sample,53,53,0.0016793986549600958,0.004257491425136631,0.0020836559124290943,0.009924005717039108,3.5918850316057373e-06,0.00422297042901986,0.0,-0.000541524551574537,-0.0007438513816201264,-0.0010007712990045547,per_model_kept_independent_plus_common_union
Qwen_Qwen3-4B,4B,4.0,2560,hidden_dim,exp_c,no_think,gsm8k_test_000924,no_think,canonical,,False,answer_segment,no_think_answer,20,exp_c_segment_sample,53,53,0.0022439768072217703,0.004665904072166051,0.0023469883017241955,0.009227997623383999,2.6132969875266857e-06,0.004632832374996863,0.0,0.0008452562781234339,0.00032548581449581056,-0.0006282837130129337,per_model_kept_independent_plus_common_union
Qwen_Qwen3-4B,4B,4.0,2560,hidden_dim,exp_c,no_think,gsm8k_test_000965,no_think,canonical,,False,answer_segment,no_think_answer,6,exp_c_segment_sample,51,51,0.0010959284845739605,0.004239248369783894,0.0011238593142479658,0.015754282474517822,8.3108258684872e-06,0.004062795659992844,0.0,0.00037936724741349223,0.0004109555336001972,-0.0005367053672671318,per_model_kept_independent_plus_common_union
Qwen_Qwen3-4B,4B,4.0,2560,hidden_dim,exp_c,no_think,gsm8k_test_000965,no_think,canonical,,False,answer_segment,no_think_answer,13,exp_c_segment_sample,51,51,0.0016793986549600958,0.003900792262535177,0.0020461089443415403,0.008467760868370533,2.0020359092477904e-06,0.003845761395059526,0.0,-0.0007694962000415325,-0.0006244936062452882,-0.001516509335488081,per_model_kept_independent_plus_common_union
Qwen_Qwen3-4B,4B,4.0,2560,hidden_dim,exp_c,no_think,gsm8k_test_000965,no_think,canonical,,False,answer_segment,no_think_answer,20,exp_c_segment_sample,51,51,0.0022439768072217703,0.004272912345899671,0.002564899157732725,0.01159638725221157,2.814674016565749e-06,0.0041935892775654795,0.0,-0.00014629358914575145,-0.000232830607833771,0.0002479148097336292,per_model_kept_independent_plus_common_union
Qwen_Qwen3-4B,4B,4.0,2560,hidden_dim,exp_c,no_think,gsm8k_test_000977,no_think,canonical,,False,answer_segment,no_think_answer,6,exp_c_segment_sample,46,46,0.0010959284845739605,0.004525433322313525,0.0013772748643532395,0.010014405474066734,5.095978958794367e-06,0.004441387436559632,0.0,-0.0021705630981250497,-0.001515392999863252,-0.008653732016682625,per_model_kept_independent_plus_common_union
Qwen_Qwen3-4B,4B,4.0,2560,hidden_dim,exp_c,no_think,gsm8k_test_000977,no_think,canonical,,False,answer_segment,no_think_answer,13,exp_c_segment_sample,46,46,0.0016793986549600958,0.0050412626056324525,0.002001261105760932,0.014937600120902061,6.754899014625025e-06,0.0050205589453172356,0.0,-0.0021025057885085932,-0.0013255850062705572,-0.00031750090420246124,per_model_kept_independent_plus_common_union
Qwen_Qwen3-4B,4B,4.0,2560,hidden_dim,exp_c,no_think,gsm8k_test_000977,no_think,canonical,,False,answer_segment,no_think_answer,20,exp_c_segment_sample,46,46,0.0022439768072217703,0.0051882094298691854,0.00216919113881886,0.01422861684113741,5.437396476610679e-06,0.005158681432820028,0.043478260869565216,-0.0006820869775942106,-0.0008425803971476853,1.2329313904047012e-05,per_model_kept_independent_plus_common_union
Qwen_Qwen3-4B,4B,4.0,2560,hidden_dim,exp_c,no_think,gsm8k_test_001009,no_think,canonical,,False,answer_segment,no_think_answer,6,exp_c_segment_sample,58,58,0.0010959284845739605,0.004522916439374716,0.0011342777870595455,0.020002717152237892,1.4795580357517267e-05,0.004357864765711782,0.0,-0.0009687269300555527,-0.0014325345090279978,0.002713300520554185,per_model_kept_independent_plus_common_union
Qwen_Qwen3-4B,4B,4.0,2560,hidden_dim,exp_c,no_think,gsm8k_test_001009,no_think,canonical,,False,answer_segment,no_think_answer,13,exp_c_segment_sample,58,58,0.0016793986549600958,0.003814623406124783,0.0016583858523517847,0.007903801277279854,2.7655016467318855e-06,0.003765766353656848,0.017241379310344827,-0.0011456589025898673,-0.001367797361065944,0.0016005025245249271,per_model_kept_independent_plus_common_union
Qwen_Qwen3-4B,4B,4.0,2560,hidden_dim,exp_c,no_think,gsm8k_test_001009,no_think,canonical,,False,answer_segment,no_think_answer,20,exp_c_segment_sample,58,58,0.0022439768072217703,0.004128002549585854,0.0023212763480842113,0.012326257303357124,2.454070260997149e-06,0.00405067157637524,0.0,0.00011141448143449106,-0.00021972299243013058,0.00034732697531580925,per_model_kept_independent_plus_common_union
Qwen_Qwen3-4B,4B,4.0,2560,hidden_dim,exp_c,no_think,gsm8k_test_001017,no_think,canonical,,True,answer_segment,no_think_answer,6,exp_c_segment_sample,55,55,0.0010959284845739605,0.004570603053170172,0.001429753378033638,0.020321041345596313,1.107393644863715e-05,0.004479469640904831,0.0,-0.0005186290150605004,-8.577335393056273e-05,-0.005860720761120319,per_model_kept_independent_plus_common_union
Qwen_Qwen3-4B,4B,4.0,2560,hidden_dim,exp_c,no_think,gsm8k_test_001017,no_think,canonical,,True,answer_segment,no_think_answer,13,exp_c_segment_sample,55,55,0.0016793986549600958,0.004407914452762766,0.001698334701359272,0.010455882176756859,3.4573981452677544e-06,0.004390280585977492,0.0,-0.00021451442931814688,5.869254735963673e-05,5.12395054101944e-05,per_model_kept_independent_plus_common_union
Qwen_Qwen3-4B,4B,4.0,2560,hidden_dim,exp_c,no_think,gsm8k_test_001017,no_think,canonical,,True,answer_segment,no_think_answer,20,exp_c_segment_sample,55,55,0.0022439768072217703,0.0051323164423758335,0.002278552856296301,0.019462909549474716,5.975912458567218e-06,0.005108962792696223,0.0,0.0011422880474695762,0.0012865461508876509,0.0023479629307985306,per_model_kept_independent_plus_common_union
Qwen_Qwen3-4B,4B,4.0,2560,hidden_dim,exp_c,no_think,gsm8k_test_001031,no_think,canonical,,False,answer_segment,no_think_answer,6,exp_c_segment_sample,49,49,0.0010959284845739605,0.0046040693830166545,0.001157016260549426,0.012138442136347294,7.3748871664663405e-06,0.00448000065322655,0.0,-0.00022310190130861535,-9.887066419021415e-05,-0.0018805400468409061,per_model_kept_independent_plus_common_union
Qwen_Qwen3-4B,4B,4.0,2560,hidden_dim,exp_c,no_think,gsm8k_test_001031,no_think,canonical,,False,answer_segment,no_think_answer,13,exp_c_segment_sample,49,49,0.0016793986549600958,0.004451900815629229,0.002183455042541027,0.009478161111474037,3.0741376966411284e-06,0.004417456919327378,0.0,-0.0013572728474225357,-0.001057117640112455,-0.0003622579388320446,per_model_kept_independent_plus_common_union
Qwen_Qwen3-4B,4B,4.0,2560,hidden_dim,exp_c,no_think,gsm8k_test_001031,no_think,canonical,,False,answer_segment,no_think_answer,20,exp_c_segment_sample,49,49,0.0022439768072217703,0.004852239883561827,0.0026262528263032436,0.01075680460780859,3.4348428359143007e-06,0.00481019148719497,0.0,-0.00019468480455024048,-0.0004409959432310779,0.001400562934577465,per_model_kept_independent_plus_common_union
Qwen_Qwen3-4B,4B,4.0,2560,hidden_dim,exp_c,no_think,gsm8k_test_001038,no_think,canonical,,False,answer_segment,no_think_answer,6,exp_c_segment_sample,74,74,0.0010959284845739605,0.0059464673505391225,0.0008673298871144652,0.027854809537529945,2.5201598734601626e-05,0.005755468019705318,0.04054054054054054,-0.005172756252105573,-0.0030812056073428774,0.0013236184604465961,per_model_kept_independent_plus_common_union
Qwen_Qwen3-4B,4B,4.0,2560,hidden_dim,exp_c,no_think,gsm8k_test_001038,no_think,canonical,,False,answer_segment,no_think_answer,13,exp_c_segment_sample,74,74,0.0016793986549600958,0.005287961389340863,0.0013533012242987752,0.015155608765780926,8.738201568341227e-06,0.0052575005747837154,0.06756756756756757,-0.002654272049313058,-0.0012940166542600648,0.0010858266614377499,per_model_kept_independent_plus_common_union
Qwen_Qwen3-4B,4B,4.0,2560,hidden_dim,exp_c,no_think,gsm8k_test_001038,no_think,canonical,,False,answer_segment,no_think_answer,20,exp_c_segment_sample,74,74,0.0022439768072217703,0.005103994484965665,0.002536306856200099,0.022644955664873123,7.180163858290905e-06,0.005062716206127447,0.0,-0.0003794440961870805,-2.418424149877238e-06,-1.8084421753883362e-05,per_model_kept_independent_plus_common_union
Qwen_Qwen3-4B,4B,4.0,2560,hidden_dim,exp_c,no_think,gsm8k_test_001043,no_think,canonical,,True,answer_segment,no_think_answer,6,exp_c_segment_sample,50,50,0.0010959284845739605,0.0051994780940003696,0.001259123906493187,0.017574677243828773,1.7081123539054686e-05,0.00504421934304873,0.0,-0.0037654324130648154,-0.002402855844523471,0.0026003955863416195,per_model_kept_independent_plus_common_union
Qwen_Qwen3-4B,4B,4.0,2560,hidden_dim,exp_c,no_think,gsm8k_test_001043,no_think,canonical,,True,answer_segment,no_think_answer,13,exp_c_segment_sample,50,50,0.0016793986549600958,0.004278016998432577,0.0017265884671360254,0.010563376359641552,4.50652338252e-06,0.004231943349753108,0.0,-0.0028658588981146315,-0.002417442782853658,0.0011976384557783604,per_model_kept_independent_plus_common_union
Qwen_Qwen3-4B,4B,4.0,2560,hidden_dim,exp_c,no_think,gsm8k_test_001043,no_think,canonical,,True,answer_segment,no_think_answer,20,exp_c_segment_sample,50,50,0.0022439768072217703,0.004429988951887936,0.0016982217784970999,0.012268404476344585,3.5216751774462336e-06,0.004346815329900353,0.1,-0.001410861615475045,-0.0012567926717635533,0.0005107372999191284,per_model_kept_independent_plus_common_union
Qwen_Qwen3-4B,4B,4.0,2560,hidden_dim,exp_c,no_think,gsm8k_test_001059,no_think,canonical,,True,answer_segment,no_think_answer,6,exp_c_segment_sample,45,45,0.0010959284845739605,0.004650169295362301,0.0013240007683634758,0.02037956938147545,1.3606896792619655e-05,0.004360969575248997,0.0,0.0013468353165502593,0.0009414088563062251,-0.0014160024002194405,per_model_kept_independent_plus_common_union
Qwen_Qwen3-4B,4B,4.0,2560,hidden_dim,exp_c,no_think,gsm8k_test_001059,no_think,canonical,,True,answer_segment,no_think_answer,13,exp_c_segment_sample,45,45,0.0016793986549600958,0.004162417515181005,0.001744361245073378,0.008360318839550018,1.9353898147602983e-06,0.004119583749508654,0.0,0.0005802764807004448,0.00032339842679599863,-0.0009855562821030617,per_model_kept_independent_plus_common_union
Qwen_Qwen3-4B,4B,4.0,2560,hidden_dim,exp_c,no_think,gsm8k_test_001059,no_think,canonical,,True,answer_segment,no_think_answer,20,exp_c_segment_sample,45,45,0.0022439768072217703,0.004517561440459556,0.0024171581026166677,0.010010498575866222,2.4514490687176496e-06,0.0044833396730775184,0.0,4.651058141304495e-05,-0.00019205216085538268,-0.0021912558004260063,per_model_kept_independent_plus_common_union
Qwen_Qwen3-4B,4B,4.0,2560,hidden_dim,exp_c,no_think,gsm8k_test_001082,no_think,canonical,,False,answer_segment,no_think_answer,6,exp_c_segment_sample,49,49,0.0010959284845739605,0.005213530608262791,0.001618306851014495,0.021741878241300583,1.5022653888683403e-05,0.004997900180266395,0.0,0.001605631104499405,0.0012096785492478656,0.0023485971614718437,per_model_kept_independent_plus_common_union
Qwen_Qwen3-4B,4B,4.0,2560,hidden_dim,exp_c,no_think,gsm8k_test_001082,no_think,canonical,,False,answer_segment,no_think_answer,13,exp_c_segment_sample,49,49,0.0016793986549600958,0.004096514588145882,0.0016919911140576005,0.009853558614850044,2.4582303461616374e-06,0.0040381849733724575,0.0,-0.0005838402833941642,-0.0005374080591047043,-0.00030217552557587624,per_model_kept_independent_plus_common_union
Qwen_Qwen3-4B,4B,4.0,2560,hidden_dim,exp_c,no_think,gsm8k_test_001082,no_think,canonical,,False,answer_segment,no_think_answer,20,exp_c_segment_sample,49,49,0.0022439768072217703,0.004202051910248642,0.0020033293403685093,0.0155419260263443,4.48731435070396e-06,0.004091055595684642,0.08163265306122448,0.0002701186464757311,-3.197346813976765e-05,0.0002656741999089718,per_model_kept_independent_plus_common_union
Qwen_Qwen3-4B,4B,4.0,2560,hidden_dim,exp_c,no_think,gsm8k_test_001088,no_think,canonical,,False,answer_segment,no_think_answer,6,exp_c_segment_sample,58,58,0.0010959284845739605,0.006037525654015741,0.000836416962556541,0.022301144897937775,2.4274806756123022e-05,0.005845718173587923,0.06896551724137931,-0.0040967046453419895,-0.0026803408594181146,0.006265605334192514,per_model_kept_independent_plus_common_union
Qwen_Qwen3-4B,4B,4.0,2560,hidden_dim,exp_c,no_think,gsm8k_test_001088,no_think,canonical,,False,answer_segment,no_think_answer,13,exp_c_segment_sample,58,58,0.0016793986549600958,0.005282245146849289,0.001193184987641871,0.012753148563206196,6.956436707237787e-06,0.005242653219682867,0.08620689655172414,-0.003373346198540697,-0.002417790827651819,0.0019385898485779762,per_model_kept_independent_plus_common_union
Qwen_Qwen3-4B,4B,4.0,2560,hidden_dim,exp_c,no_think,gsm8k_test_001088,no_think,canonical,,False,answer_segment,no_think_answer,20,exp_c_segment_sample,58,58,0.0022439768072217703,0.004749755242614654,0.0021059659775346518,0.009298814460635185,2.766296533528282e-06,0.00470732935508223,0.017241379310344827,-0.0016299444437190282,-0.0009261382278054958,-0.0013242815621197224,per_model_kept_independent_plus_common_union
Qwen_Qwen3-4B,4B,4.0,2560,hidden_dim,exp_c,no_think,gsm8k_test_001108,no_think,canonical,,True,answer_segment,no_think_answer,6,exp_c_segment_sample,38,38,0.0010959284845739605,0.005056391176032393,0.0011448709992691875,0.01586904749274254,1.2015806550339311e-05,0.004911080002784729,0.0,-0.0011931932446460132,0.00011269575916230627,-0.001275758258998394,per_model_kept_independent_plus_common_union
Qwen_Qwen3-4B,4B,4.0,2560,hidden_dim,exp_c,no_think,gsm8k_test_001108,no_think,canonical,,True,answer_segment,no_think_answer,13,exp_c_segment_sample,38,38,0.0016793986549600958,0.004374193793505822,0.001822926104068756,0.00907428003847599,2.339093858460865e-06,0.00430689671555081,0.0,0.000170830800292281,0.00022298982366919518,0.0004836106672883034,per_model_kept_independent_plus_common_union
Qwen_Qwen3-4B,4B,4.0,2560,hidden_dim,exp_c,no_think,gsm8k_test_001108,no_think,canonical,,True,answer_segment,no_think_answer,20,exp_c_segment_sample,38,38,0.0022439768072217703,0.004379004197146155,0.0026462264358997345,0.008017240092158318,1.7234897541915353e-06,0.004342301591374987,0.0,7.241219941993994e-05,9.168926626443915e-05,0.0008445624262094498,per_model_kept_independent_plus_common_union
Qwen_Qwen3-4B,4B,4.0,2560,hidden_dim,exp_c,no_think,gsm8k_test_001136,no_think,canonical,,False,answer_segment,no_think_answer,6,exp_c_segment_sample,40,40,0.0010959284845739605,0.004270777115016245,0.0009952659020200372,0.01296977512538433,7.02631320089251e-06,0.004087356393798613,0.05,-0.00018638064076828835,0.000174954673275351,0.005087774246931076,per_model_kept_independent_plus_common_union
Qwen_Qwen3-4B,4B,4.0,2560,hidden_dim,exp_c,no_think,gsm8k_test_001136,no_think,canonical,,False,answer_segment,no_think_answer,13,exp_c_segment_sample,40,40,0.0016793986549600958,0.004580698034260422,0.001808100612834096,0.009122084826231003,4.024397304137251e-06,0.004531391997797749,0.0,-0.0011983848199611782,-0.0009039018303155901,0.004886918235570192,per_model_kept_independent_plus_common_union
Qwen_Qwen3-4B,4B,4.0,2560,hidden_dim,exp_c,no_think,gsm8k_test_001136,no_think,canonical,,False,answer_segment,no_think_answer,20,exp_c_segment_sample,40,40,0.0022439768072217703,0.005061648431001231,0.00206362665630877,0.011251701042056084,5.320236465776307e-06,0.0050136046782613556,0.05,-0.00017165264835944898,-0.0004780506016686557,0.0015175268054008484,per_model_kept_independent_plus_common_union
Qwen_Qwen3-4B,4B,4.0,2560,hidden_dim,exp_c,no_think,gsm8k_test_001164,no_think,canonical,,True,answer_segment,no_think_answer,6,exp_c_segment_sample,43,43,0.0010959284845739605,0.004803808117664398,0.0008780946955084801,0.017432665452361107,1.1993275825795555e-05,0.004582605739068684,0.09302325581395349,-0.0033955033414457656,-0.0026692478727041316,-0.014554642140865326,per_model_kept_independent_plus_common_union
Qwen_Qwen3-4B,4B,4.0,2560,hidden_dim,exp_c,no_think,gsm8k_test_001164,no_think,canonical,,True,answer_segment,no_think_answer,13,exp_c_segment_sample,43,43,0.0016793986549600958,0.004644995539037641,0.0015129083767533302,0.009182147681713104,4.782595141979299e-06,0.004594361769878083,0.046511627906976744,-0.001678199928901678,-0.000856328977864574,-0.0011691302061080933,per_model_kept_independent_plus_common_union
Qwen_Qwen3-4B,4B,4.0,2560,hidden_dim,exp_c,no_think,gsm8k_test_001164,no_think,canonical,,True,answer_segment,no_think_answer,20,exp_c_segment_sample,43,43,0.0022439768072217703,0.004643323893528865,0.0017129586776718497,0.010138557292521,4.006162555864034e-06,0.004607502329495868,0.06976744186046512,-0.002269838007027185,-0.0011795240200378684,-0.0009180009365081787,per_model_kept_independent_plus_common_union
Qwen_Qwen3-4B,4B,4.0,2560,hidden_dim,exp_c,no_think,gsm8k_test_001181,no_think,canonical,,False,answer_segment,no_think_answer,6,exp_c_segment_sample,56,56,0.0010959284845739605,0.003810818319574797,0.0011938752140849829,0.017346572130918503,6.8378546535499894e-06,0.003652840649539774,0.0,0.0007951203794953859,0.000672459868448121,-0.0016448390670120716,per_model_kept_independent_plus_common_union
Qwen_Qwen3-4B,4B,4.0,2560,hidden_dim,exp_c,no_think,gsm8k_test_001181,no_think,canonical,,False,answer_segment,no_think_answer,13,exp_c_segment_sample,56,56,0.0016793986549600958,0.0037452201317397077,0.0018090087687596679,0.00810981448739767,1.5023847272966606e-06,0.003697660666975108,0.0,0.0004710965357454763,8.414112796474799e-05,-0.0019401293247938156,per_model_kept_independent_plus_common_union
Qwen_Qwen3-4B,4B,4.0,2560,hidden_dim,exp_c,no_think,gsm8k_test_001181,no_think,canonical,,False,answer_segment,no_think_answer,20,exp_c_segment_sample,56,56,0.0022439768072217703,0.00404826138817173,0.0021040746942162514,0.007892554625868797,1.3877919519427595e-06,0.004024635348469019,0.017857142857142856,0.00034765926009408256,6.989178447318941e-05,-5.935179069638252e-05,per_model_kept_independent_plus_common_union
Qwen_Qwen3-4B,4B,4.0,2560,hidden_dim,exp_c,no_think,gsm8k_test_001182,no_think,canonical,,False,answer_segment,no_think_answer,6,exp_c_segment_sample,46,46,0.0010959284845739605,0.00450867839390412,0.0010488579282537103,0.014349965378642082,9.345811992213278e-06,0.004322384264216654,0.021739130434782608,-0.0012079203826789746,-0.0005752313882112503,0.0017720125615596771,per_model_kept_independent_plus_common_union
Qwen_Qwen3-4B,4B,4.0,2560,hidden_dim,exp_c,no_think,gsm8k_test_001182,no_think,canonical,,False,answer_segment,no_think_answer,13,exp_c_segment_sample,46,46,0.0016793986549600958,0.004559520930659188,0.002064100932329893,0.011642416939139366,4.564805387523725e-06,0.004545518776608839,0.0,-0.001075241705023655,-0.0007517009895915781,0.0018852325156331062,per_model_kept_independent_plus_common_union
Qwen_Qwen3-4B,4B,4.0,2560,hidden_dim,exp_c,no_think,gsm8k_test_001182,no_think,canonical,,False,answer_segment,no_think_answer,20,exp_c_segment_sample,46,46,0.0022439768072217703,0.004350331829577361,0.0024297344498336315,0.00997404009103775,2.304405174504921e-06,0.004306967075293262,0.0,-0.0005075906454624269,-0.0006339407215515775,0.0012040999718010426,per_model_kept_independent_plus_common_union
Qwen_Qwen3-4B,4B,4.0,2560,hidden_dim,exp_c,no_think,gsm8k_test_001208,no_think,canonical,,False,answer_segment,no_think_answer,6,exp_c_segment_sample,44,44,0.0010959284845739605,0.0046917346269103955,0.0013302902225404978,0.012966235168278217,1.0051965450854273e-05,0.004516004955634301,0.0,-0.0007442460010872404,-0.0007411774819378143,-0.0006203954108059406,per_model_kept_independent_plus_common_union
Qwen_Qwen3-4B,4B,4.0,2560,hidden_dim,exp_c,no_think,gsm8k_test_001208,no_think,canonical,,False,answer_segment,no_think_answer,13,exp_c_segment_sample,44,44,0.0016793986549600958,0.0047442063435234804,0.0019271636847406626,0.014678691513836384,5.512403471643409e-06,0.004709710935563889,0.0,2.683444710617712e-05,-0.0006243365986103359,-0.0003748098388314247,per_model_kept_independent_plus_common_union
Qwen_Qwen3-4B,4B,4.0,2560,hidden_dim,exp_c,no_think,gsm8k_test_001208,no_think,canonical,,False,answer_segment,no_think_answer,20,exp_c_segment_sample,44,44,0.0022439768072217703,0.004846121031071313,0.001965831033885479,0.011314915493130684,3.7732745724619324e-06,0.004822168878257969,0.022727272727272728,-0.000508436098497247,-0.0014907590282911601,0.001490481197834015,per_model_kept_independent_plus_common_union
Qwen_Qwen3-4B,4B,4.0,2560,hidden_dim,exp_c,no_think,gsm8k_test_001209,no_think,canonical,,True,answer_segment,no_think_answer,6,exp_c_segment_sample,53,53,0.0010959284845739605,0.004654981518814445,0.0010276921093463898,0.01685960777103901,1.1875957042896539e-05,0.004470565685411343,0.03773584905660377,-0.0014856926329527614,-0.0002280231232621834,-0.0038677696138620377,per_model_kept_independent_plus_common_union
Qwen_Qwen3-4B,4B,4.0,2560,hidden_dim,exp_c,no_think,gsm8k_test_001209,no_think,canonical,,True,answer_segment,no_think_answer,13,exp_c_segment_sample,53,53,0.0016793986549600958,0.004339074922444404,0.0018615443259477615,0.011564338579773903,4.464410628086114e-06,0.0043030016016788195,0.0,-0.001693183354119647,-0.0005699095781892538,-0.0009463313035666943,per_model_kept_independent_plus_common_union
Qwen_Qwen3-4B,4B,4.0,2560,hidden_dim,exp_c,no_think,gsm8k_test_001209,no_think,canonical,,True,answer_segment,no_think_answer,20,exp_c_segment_sample,53,53,0.0022439768072217703,0.0041332359443295675,0.0021733941975980997,0.008889023214578629,2.7340158086547257e-06,0.004078641238335807,0.018867924528301886,0.0006867888123890426,0.0007678764938775979,0.0006473823450505733,per_model_kept_independent_plus_common_union
Qwen_Qwen3-4B,4B,4.0,2560,hidden_dim,exp_c,no_think,gsm8k_test_001221,no_think,canonical,,True,answer_segment,no_think_answer,6,exp_c_segment_sample,54,54,0.0010959284845739605,0.00459944562451845,0.001271554036065936,0.019079426303505898,1.1900932801669152e-05,0.004479022428639375,0.0,0.000918907338207721,0.001129949581809342,-0.003648717887699604,per_model_kept_independent_plus_common_union
Qwen_Qwen3-4B,4B,4.0,2560,hidden_dim,exp_c,no_think,gsm8k_test_001221,no_think,canonical,,True,answer_segment,no_think_answer,13,exp_c_segment_sample,54,54,0.0016793986549600958,0.004563693090824893,0.0019940785132348537,0.014393377117812634,6.083423574174206e-06,0.0045300054864711925,0.0,0.0006904973182827204,0.001111182733438909,-0.005394017323851585,per_model_kept_independent_plus_common_union
Qwen_Qwen3-4B,4B,4.0,2560,hidden_dim,exp_c,no_think,gsm8k_test_001221,no_think,canonical,,True,answer_segment,no_think_answer,20,exp_c_segment_sample,54,54,0.0022439768072217703,0.004862993886625326,0.0020149166230112314,0.013864049687981606,5.103513925236617e-06,0.004790285000366703,0.037037037037037035,0.0017772764607210342,0.0014022342095683727,-0.0001128222793340683,per_model_kept_independent_plus_common_union
Qwen_Qwen3-4B,4B,4.0,2560,hidden_dim,exp_c,no_think,gsm8k_test_001275,no_think,canonical,,False,answer_segment,no_think_answer,6,exp_c_segment_sample,59,59,0.0010959284845739605,0.006127653921701772,0.0012271599844098091,0.03359527140855789,2.9625553321306635e-05,0.005934614794537553,0.0,-0.003610986055238022,-0.003648847993463278,-0.009813361801207066,per_model_kept_independent_plus_common_union
Qwen_Qwen3-4B,4B,4.0,2560,hidden_dim,exp_c,no_think,gsm8k_test_001275,no_think,canonical,,False,answer_segment,no_think_answer,13,exp_c_segment_sample,59,59,0.0016793986549600958,0.004224265296154229,0.0018861707067117095,0.011281010694801807,2.9775055839941523e-06,0.004193292226208824,0.0,-0.0005151621283079386,-0.00015549877037604725,-0.0005966536700725555,per_model_kept_independent_plus_common_union
Qwen_Qwen3-4B,4B,4.0,2560,hidden_dim,exp_c,no_think,gsm8k_test_001275,no_think,canonical,,False,answer_segment,no_think_answer,20,exp_c_segment_sample,59,59,0.0022439768072217703,0.0045450896427224755,0.002045299857854843,0.0143058393150568,5.281301990535454e-06,0.004459439210818502,0.05084745762711865,-0.00013996438928327393,-8.349724424382057e-05,-0.0017678774893283844,per_model_kept_independent_plus_common_union
Qwen_Qwen3-4B,4B,4.0,2560,hidden_dim,exp_c,no_think,gsm8k_test_001289,no_think,canonical,,False,answer_segment,no_think_answer,6,exp_c_segment_sample,60,60,0.0010959284845739605,0.004848709363917199,0.000917509663850069,0.015777206048369408,1.3140838548699602e-05,0.0047309996937085885,0.03333333333333333,-0.0033068430735004417,-0.0016829876500802738,0.002114774426445365,per_model_kept_independent_plus_common_union
Qwen_Qwen3-4B,4B,4.0,2560,hidden_dim,exp_c,no_think,gsm8k_test_001289,no_think,canonical,,False,answer_segment,no_think_answer,13,exp_c_segment_sample,60,60,0.0016793986549600958,0.004338849134122332,0.0017151938518509269,0.01410646177828312,4.4842342658542025e-06,0.00431716684409875,0.0,-0.002045834434340844,-0.0009623427797729768,0.00012404005974531174,per_model_kept_independent_plus_common_union
Qwen_Qwen3-4B,4B,4.0,2560,hidden_dim,exp_c,no_think,gsm8k_test_001289,no_think,canonical,,False,answer_segment,no_think_answer,20,exp_c_segment_sample,60,60,0.0022439768072217703,0.0040121603252676625,0.0022909685503691435,0.008233476430177689,1.603351799544116e-06,0.0039649471143355305,0.0,-0.0004957044020020309,1.6023109977444244e-05,0.0005147391930222511,per_model_kept_independent_plus_common_union
Qwen_Qwen3-4B,4B,4.0,2560,hidden_dim,exp_c,no_think,gsm8k_test_001291,no_think,canonical,,True,answer_segment,no_think_answer,6,exp_c_segment_sample,33,33,0.0010959284845739605,0.003945953219733907,0.0017889521550387144,0.009850926697254181,2.452469490066814e-06,0.003822359118203167,0.0,-0.0004294869554712154,-0.00034534393085373753,-0.00985238142311573,per_model_kept_independent_plus_common_union
Qwen_Qwen3-4B,4B,4.0,2560,hidden_dim,exp_c,no_think,gsm8k_test_001291,no_think,canonical,,True,answer_segment,no_think_answer,13,exp_c_segment_sample,33,33,0.0016793986549600958,0.004265636121007529,0.0018037032568827271,0.010188818909227848,2.6072784902221167e-06,0.004245309275574982,0.0,-0.00025418175030798455,-0.00037614897721343623,-0.0016293791122734547,per_model_kept_independent_plus_common_union
Qwen_Qwen3-4B,4B,4.0,2560,hidden_dim,exp_c,no_think,gsm8k_test_001291,no_think,canonical,,True,answer_segment,no_think_answer,20,exp_c_segment_sample,33,33,0.0022439768072217703,0.004295902884085522,0.0025734819937497377,0.006346249021589756,1.2289483665143244e-06,0.0042646228830562904,0.0,0.00013782189820300708,-0.00028135229109062156,-0.001003136858344078,per_model_kept_independent_plus_common_union
Qwen_Qwen3-4B,4B,4.0,2560,hidden_dim,exp_c,no_think,gsm8k_test_001307,no_think,canonical,,True,answer_segment,no_think_answer,6,exp_c_segment_sample,44,44,0.0010959284845739605,0.00472801732592581,0.0009120584581978619,0.01460230816155672,1.0842827227348537e-05,0.00455201963412164,0.045454545454545456,-0.0027419850697642106,-0.00169641366863454,0.0007152091711759567,per_model_kept_independent_plus_common_union
Qwen_Qwen3-4B,4B,4.0,2560,hidden_dim,exp_c,no_think,gsm8k_test_001307,no_think,canonical,,True,answer_segment,no_think_answer,13,exp_c_segment_sample,44,44,0.0016793986549600958,0.004821845997040245,0.0017527081072330475,0.011084279045462608,5.372327648457307e-06,0.0047995243600548005,0.0,-0.0023872183156058665,-0.0014750794084234667,0.0010800748132169247,per_model_kept_independent_plus_common_union
Qwen_Qwen3-4B,4B,4.0,2560,hidden_dim,exp_c,no_think,gsm8k_test_001307,no_think,canonical,,True,answer_segment,no_think_answer,20,exp_c_segment_sample,44,44,0.0022439768072217703,0.004508553792468526,0.0026570542249828577,0.014911542646586895,4.063823129828386e-06,0.004471202765396514,0.0,-0.0011852038770236743,-0.00019637761976231283,0.00018837815150618553,per_model_kept_independent_plus_common_union
Qwen_Qwen3-4B,4B,4.0,2560,hidden_dim,exp_c,no_think,gsm8k_test_001311,no_think,canonical,,True,answer_segment,no_think_answer,6,exp_c_segment_sample,36,36,0.0010959284845739605,0.004188944284881775,0.0011158912675455213,0.01049906574189663,7.188671948742141e-06,0.004023637007256704,0.0,0.0003615130595904833,0.00029447086207154676,-0.003976304549723864,per_model_kept_independent_plus_common_union
Qwen_Qwen3-4B,4B,4.0,2560,hidden_dim,exp_c,no_think,gsm8k_test_001311,no_think,canonical,,True,answer_segment,no_think_answer,13,exp_c_segment_sample,36,36,0.0016793986549600958,0.0044956209344996344,0.001981795532628894,0.009106570854783058,3.0101984954425312e-06,0.004432021992813264,0.0,-0.0009521132855264961,-0.001188165922131803,0.0006824219599366188,per_model_kept_independent_plus_common_union
Qwen_Qwen3-4B,4B,4.0,2560,hidden_dim,exp_c,no_think,gsm8k_test_001311,no_think,canonical,,True,answer_segment,no_think_answer,20,exp_c_segment_sample,36,36,0.0022439768072217703,0.004528739463744892,0.0023279364686459303,0.009505911730229855,2.409262397677694e-06,0.00448970860535545,0.0,-0.0009697061892061853,-0.0013611479662358765,0.0009908913634717464,per_model_kept_independent_plus_common_union
Qwen_Qwen3-4B,4B,4.0,2560,hidden_dim,exp_c,no_think,gsm8k_test_001317,no_think,canonical,,False,answer_segment,no_think_answer,6,exp_c_segment_sample,61,61,0.0010959284845739605,0.005143757922895497,0.0013324579922482371,0.018022196367383003,1.6110958834006343e-05,0.00497191316098906,0.0,-0.0035390257108946694,-0.0025547719196765684,-0.0035882387310266495,per_model_kept_independent_plus_common_union
Qwen_Qwen3-4B,4B,4.0,2560,hidden_dim,exp_c,no_think,gsm8k_test_001317,no_think,canonical,,False,answer_segment,no_think_answer,13,exp_c_segment_sample,61,61,0.0016793986549600958,0.004555204455725482,0.0016950899735093117,0.011196176521480083,4.203641736404243e-06,0.004531591016954432,0.0,-0.0019011453246192457,-0.001410385375493206,-0.0032045142725110054,per_model_kept_independent_plus_common_union
Qwen_Qwen3-4B,4B,4.0,2560,hidden_dim,exp_c,no_think,gsm8k_test_001317,no_think,canonical,,False,answer_segment,no_think_answer,20,exp_c_segment_sample,61,61,0.0022439768072217703,0.004593531478990297,0.002438066992908716,0.00908476673066616,2.5611646328565288e-06,0.004549873457290233,0.0,-0.0003949179792297008,-0.000330661132466048,-0.0012146560475230217,per_model_kept_independent_plus_common_union
Qwen_Qwen3-4B,4B,4.0,2560,hidden_dim,exp_c,think,gsm8k_test_000007,think,canonical,,True,answer_segment,think_answer,6,exp_c_segment_sample,56,56,0.0010959284845739605,0.005437321774869426,0.0009569853427819908,0.02078945003449917,1.942376053859992e-05,0.005375459966969422,0.03571428571428571,-0.004328164551560279,-0.0037199402826705143,-0.0024157045409083366,per_model_kept_independent_plus_common_union
Qwen_Qwen3-4B,4B,4.0,2560,hidden_dim,exp_c,think,gsm8k_test_000007,think,canonical,,True,answer_segment,think_answer,13,exp_c_segment_sample,56,56,0.0016793986549600958,0.004491617826196099,0.0018478811252862215,0.014888511970639229,5.482346148353414e-06,0.0044481939191676,0.0,-0.0027427072266967543,-0.0020219873736745542,-0.0001353137195110321,per_model_kept_independent_plus_common_union
Qwen_Qwen3-4B,4B,4.0,2560,hidden_dim,exp_c,think,gsm8k_test_000007,think,canonical,,True,answer_segment,think_answer,20,exp_c_segment_sample,56,56,0.0022439768072217703,0.004462451412109658,0.0025151940062642097,0.009532163850963116,2.024708920391454e-06,0.00439644986340268,0.0,-0.0012290413448538032,-0.0008434986895216367,-0.000632409006357193,per_model_kept_independent_plus_common_union
Qwen_Qwen3-4B,4B,4.0,2560,hidden_dim,exp_c,think,gsm8k_test_000007,think,canonical,,True,thinking_segment,thinking,6,exp_c_segment_sample,256,256,0.0010959284845739605,0.006319996942238504,0.0006749484455212951,0.06196054816246033,9.543809858828633e-05,0.006243653636122772,0.140625,-0.005902327553321933,-0.00488841779770155,-0.0024157045409083366,per_model_kept_independent_plus_common_union
Qwen_Qwen3-4B,4B,4.0,2560,hidden_dim,exp_c,think,gsm8k_test_000007,think,canonical,,True,thinking_segment,thinking,13,exp_c_segment_sample,256,256,0.0016793986549600958,0.004608935117630608,0.0011979222763329744,0.026024261489510536,1.3192489541524012e-05,0.004570323810772409,0.0859375,-0.002293507952178563,-0.0015714727524027694,-0.0001353137195110321,per_model_kept_independent_plus_common_union
Qwen_Qwen3-4B,4B,4.0,2560,hidden_dim,exp_c,think,gsm8k_test_000007,think,canonical,,True,thinking_segment,thinking,20,exp_c_segment_sample,256,256,0.0022439768072217703,0.00495654217320407,0.0018091651145368814,0.02454335428774357,9.233740023801869e-06,0.004947663363243218,0.0625,-0.001745255975896192,-0.0011538400231074775,-0.000632409006357193,per_model_kept_independent_plus_common_union
Qwen_Qwen3-4B,4B,4.0,2560,hidden_dim,exp_c,think,gsm8k_test_000031,think,canonical,,True,answer_segment,think_answer,6,exp_c_segment_sample,60,60,0.0010959284845739605,0.006047648463087777,0.0008593786624260247,0.031027019023895264,4.747003750558337e-05,0.005906470609292135,0.08333333333333333,-0.0043058402368753,-0.0035695402999408555,-0.002039053477346897,per_model_kept_independent_plus_common_union
Qwen_Qwen3-4B,4B,4.0,2560,hidden_dim,exp_c,think,gsm8k_test_000031,think,canonical,,True,answer_segment,think_answer,13,exp_c_segment_sample,60,60,0.0016793986549600958,0.004057818889850751,0.0009825171437114477,0.01489013247191906,5.969618408436598e-06,0.00402117128902257,0.08333333333333333,-0.0009461623927593569,-0.0010843363202487424,-0.0017282860353589058,per_model_kept_independent_plus_common_union
Qwen_Qwen3-4B,4B,4.0,2560,hidden_dim,exp_c,think,gsm8k_test_000031,think,canonical,,True,answer_segment,think_answer,20,exp_c_segment_sample,60,60,0.0022439768072217703,0.004302903270581737,0.0012950121890753508,0.009384412318468094,3.1270506228765714e-06,0.004256383194272422,0.08333333333333333,-0.0011120279069577656,-0.0010479082974294823,0.0015823831781744957,per_model_kept_independent_plus_common_union
Qwen_Qwen3-4B,4B,4.0,2560,hidden_dim,exp_c,think,gsm8k_test_000031,think,canonical,,True,thinking_segment,thinking,6,exp_c_segment_sample,256,256,0.0010959284845739605,0.006451022184592148,0.0007259574485942721,0.06732381880283356,0.00010818898210173785,0.006449286640615,0.04296875,-0.00812416309388938,-0.006798176246775256,-0.002039053477346897,per_model_kept_independent_plus_common_union
Qwen_Qwen3-4B,4B,4.0,2560,hidden_dim,exp_c,think,gsm8k_test_000031,think,canonical,,True,thinking_segment,thinking,13,exp_c_segment_sample,256,256,0.0016793986549600958,0.00456048156001998,0.00110720656812191,0.01995304971933365,1.1189540951033407e-05,0.004608263754174921,0.05078125,-0.0020984495249065024,-0.0016737184923840687,-0.0017282860353589058,per_model_kept_independent_plus_common_union
Qwen_Qwen3-4B,4B,4.0,2560,hidden_dim,exp_c,think,gsm8k_test_000031,think,canonical,,True,thinking_segment,thinking,20,exp_c_segment_sample,256,256,0.0022439768072217703,0.004192498630800401,0.001388297532685101,0.017112568020820618,4.388010414250643e-06,0.004189647764004498,0.09765625,-0.0014455215923381468,-0.0012228597879584413,0.0015823831781744957,per_model_kept_independent_plus_common_union
Qwen_Qwen3-4B,4B,4.0,2560,hidden_dim,exp_c,think,gsm8k_test_000054,think,canonical,,True,answer_segment,think_answer,6,exp_c_segment_sample,51,51,0.0010959284845739605,0.004707714608943492,0.0016806817147880793,0.01656365767121315,1.0034981871766287e-05,0.004633451320696622,0.0,-0.0017796014361842023,-0.0016093265730887651,-0.0038030953146517277,per_model_kept_independent_plus_common_union
Qwen_Qwen3-4B,4B,4.0,2560,hidden_dim,exp_c,think,gsm8k_test_000054,think,canonical,,True,answer_segment,think_answer,13,exp_c_segment_sample,51,51,0.0016793986549600958,0.0044511422473827705,0.0019394600531086326,0.012856719084084034,4.7915936371804524e-06,0.00442230048822239,0.0,-0.001268065008292672,-0.0011811051875925986,0.00012007541954517365,per_model_kept_independent_plus_common_union
Qwen_Qwen3-4B,4B,4.0,2560,hidden_dim,exp_c,think,gsm8k_test_000054,think,canonical,,True,answer_segment,think_answer,20,exp_c_segment_sample,51,51,0.0022439768072217703,0.0041571881019455545,0.0025243733543902636,0.010026311501860619,2.2999442850284313e-06,0.004095254149287939,0.0,-0.0009281872223843537,-0.0007444946990849879,-0.0006414675153791904,per_model_kept_independent_plus_common_union
Qwen_Qwen3-4B,4B,4.0,2560,hidden_dim,exp_c,think,gsm8k_test_000054,think,canonical,,True,thinking_segment,thinking,6,exp_c_segment_sample,256,256,0.0010959284845739605,0.0044931049551451,0.0005705544026568532,0.05626280978322029,6.764913433357858e-05,0.0046727539459321555,0.23828125,-0.005400163950399771,-0.004424458405082987,-0.0038030953146517277,per_model_kept_independent_plus_common_union
Qwen_Qwen3-4B,4B,4.0,2560,hidden_dim,exp_c,think,gsm8k_test_000054,think,canonical,,True,thinking_segment,thinking,13,exp_c_segment_sample,256,256,0.0016793986549600958,0.0035592024198649597,0.0008776571485213935,0.030711760744452477,1.2056106163043311e-05,0.0035673045825163198,0.28125,-0.0038577696664625046,-0.003087536477323738,0.00012007541954517365,per_model_kept_independent_plus_common_union
Qwen_Qwen3-4B,4B,4.0,2560,hidden_dim,exp_c,think,gsm8k_test_000054,think,canonical,,True,thinking_segment,thinking,20,exp_c_segment_sample,256,256,0.0022439768072217703,0.003935655794066406,0.001213356968946755,0.021793020889163017,8.649592862550956e-06,0.00400557934037791,0.33984375,-0.0033422895973652424,-0.0029562963973148726,-0.0006414675153791904,per_model_kept_independent_plus_common_union
Qwen_Qwen3-4B,4B,4.0,2560,hidden_dim,exp_c,think,gsm8k_test_000099,think,canonical,,True,answer_segment,think_answer,6,exp_c_segment_sample,43,43,0.0010959284845739605,0.004822307786102905,0.0012582559138536453,0.011349211446940899,7.1563605284955284e-06,0.004774563050540608,0.0,-0.0026640971043554755,-0.0020747934679754753,-0.0009637312032282352,per_model_kept_independent_plus_common_union
Qwen_Qwen3-4B,4B,4.0,2560,hidden_dim,exp_c,think,gsm8k_test_000099,think,canonical,,True,answer_segment,think_answer,13,exp_c_segment_sample,43,43,0.0016793986549600958,0.004733075431093227,0.0019521098583936691,0.010500557720661163,4.827137976263306e-06,0.004707210436685099,0.0,-0.001878444895927991,-0.002082546876574105,8.783023804426193e-05,per_model_kept_independent_plus_common_union
Qwen_Qwen3-4B,4B,4.0,2560,hidden_dim,exp_c,think,gsm8k_test_000099,think,canonical,,True,answer_segment,think_answer,20,exp_c_segment_sample,43,43,0.0022439768072217703,0.004301229697587185,0.0019593522883951664,0.006963017396628857,1.6154725779208148e-06,0.004248890781863815,0.046511627906976744,-0.00040945169628139205,-0.0005796647376634856,-0.0005163522437214851,per_model_kept_independent_plus_common_union
Qwen_Qwen3-4B,4B,4.0,2560,hidden_dim,exp_c,think,gsm8k_test_000099,think,canonical,,True,thinking_segment,thinking,6,exp_c_segment_sample,256,256,0.0010959284845739605,0.00433030018257341,0.0006098456215113401,0.049946799874305725,4.3370573090090554e-05,0.004310653480202573,0.1484375,-0.0034483019379620127,-0.00264992018128396,-0.0009637312032282352,per_model_kept_independent_plus_common_union
Qwen_Qwen3-4B,4B,4.0,2560,hidden_dim,exp_c,think,gsm8k_test_000099,think,canonical,,True,thinking_segment,thinking,13,exp_c_segment_sample,256,256,0.0016793986549600958,0.003840398183228899,0.0008857807843014598,0.020741047337651253,1.0328680192589895e-05,0.0038262657942012674,0.125,-0.0018251213491693688,-0.0011125259807158727,8.783023804426193e-05,per_model_kept_independent_plus_common_union
Qwen_Qwen3-4B,4B,4.0,2560,hidden_dim,exp_c,think,gsm8k_test_000099,think,canonical,,True,thinking_segment,thinking,20,exp_c_segment_sample,256,256,0.0022439768072217703,0.004418032465764554,0.0011952872155234218,0.020263884216547012,7.597776455388684e-06,0.004408796449528315,0.1640625,-0.001361186023770212,-0.000711300128386938,-0.0005163522437214851,per_model_kept_independent_plus_common_union
Qwen_Qwen3-4B,4B,4.0,2560,hidden_dim,exp_c,think,gsm8k_test_000118,think,canonical,,True,answer_segment,think_answer,6,exp_c_segment_sample,46,46,0.0010959284845739605,0.004580485631974981,0.0013676026137545705,0.01347989123314619,7.752174866918147e-06,0.00448880683268524,0.0,0.0007782001699864595,0.0008039194120404627,0.0019512076396495104,per_model_kept_independent_plus_common_union
Qwen_Qwen3-4B,4B,4.0,2560,hidden_dim,exp_c,think,gsm8k_test_000118,think,canonical,,True,answer_segment,think_answer,13,exp_c_segment_sample,46,46,0.0016793986549600958,0.004660830640679468,0.0024478877894580364,0.015864022076129913,5.3953393913275494e-06,0.004661377312408553,0.0,-0.0001909091214026462,-2.3181705425183267e-05,0.0022407129872590303,per_model_kept_independent_plus_common_union
Qwen_Qwen3-4B,4B,4.0,2560,hidden_dim,exp_c,think,gsm8k_test_000118,think,canonical,,True,answer_segment,think_answer,20,exp_c_segment_sample,46,46,0.0022439768072217703,0.004478592010538863,0.001970859942957759,0.008871549740433693,2.1372774137638297e-06,0.00447538935372399,0.043478260869565216,0.0004709110436762883,0.000175157911144197,0.0006748726591467857,per_model_kept_independent_plus_common_union
Qwen_Qwen3-4B,4B,4.0,2560,hidden_dim,exp_c,think,gsm8k_test_000118,think,canonical,,True,thinking_segment,thinking,6,exp_c_segment_sample,175,175,0.0010959284845739605,0.0060215581517799625,0.00080898153828457,0.050020504742860794,5.633216943078241e-05,0.006013956710752423,0.12,-0.004534584647052103,-0.0034757166047876863,0.0019512076396495104,per_model_kept_independent_plus_common_union
Qwen_Qwen3-4B,4B,4.0,2560,hidden_dim,exp_c,think,gsm8k_test_000118,think,canonical,,True,thinking_segment,thinking,13,exp_c_segment_sample,175,175,0.0016793986549600958,0.004500437881132322,0.0012919660657644272,0.019409989938139915,8.764261130629475e-06,0.004491204638756683,0.06285714285714286,-0.001970382899139686,-0.0014500228809827768,0.0022407129872590303,per_model_kept_independent_plus_common_union
Qwen_Qwen3-4B,4B,4.0,2560,hidden_dim,exp_c,think,gsm8k_test_000118,think,canonical,,True,thinking_segment,thinking,20,exp_c_segment_sample,175,175,0.0022439768072217703,0.0044370508965637006,0.0020510803442448378,0.011657368391752243,2.926419913253024e-06,0.004424045607715246,0.022857142857142857,-0.000259915071073925,-0.00035621714778244495,0.0006748726591467857,per_model_kept_independent_plus_common_union
Qwen_Qwen3-4B,4B,4.0,2560,hidden_dim,exp_c,think,gsm8k_test_000176,think,canonical,,True,answer_segment,think_answer,6,exp_c_segment_sample,50,50,0.0010959284845739605,0.0046536862850189206,0.0011861620005220175,0.014943048357963562,7.631219373060045e-06,0.0045859978097129855,0.0,-0.0016032270364025043,-0.0005869759389987364,-0.006675543263554573,per_model_kept_independent_plus_common_union
Qwen_Qwen3-4B,4B,4.0,2560,hidden_dim,exp_c,think,gsm8k_test_000176,think,canonical,,True,answer_segment,think_answer,13,exp_c_segment_sample,50,50,0.0016793986549600958,0.004492621538229286,0.0022115169558674097,0.01696598157286644,6.197480001367246e-06,0.004470318579590138,0.0,-0.0015943064370795201,-0.0012495857842553118,-0.001241256482899189,per_model_kept_independent_plus_common_union
Qwen_Qwen3-4B,4B,4.0,2560,hidden_dim,exp_c,think,gsm8k_test_000176,think,canonical,,True,answer_segment,think_answer,20,exp_c_segment_sample,50,50,0.0022439768072217703,0.004560152138583362,0.002008643699809909,0.01303503941744566,3.5501648391044467e-06,0.004491793196078162,0.02,-0.0018686117894728379,-0.001305265155119392,0.00036135129630565643,per_model_kept_independent_plus_common_union
Qwen_Qwen3-4B,4B,4.0,2560,hidden_dim,exp_c,think,gsm8k_test_000176,think,canonical,,True,thinking_segment,thinking,6,exp_c_segment_sample,190,190,0.0010959284845739605,0.00567439307219741,0.0007426252122968435,0.03466349467635155,4.387066638111687e-05,0.005664915817471901,0.10526315789473684,-0.004983244311710793,-0.004813334745752703,-0.006675543263554573,per_model_kept_independent_plus_common_union
Qwen_Qwen3-4B,4B,4.0,2560,hidden_dim,exp_c,think,gsm8k_test_000176,think,canonical,,True,thinking_segment,thinking,13,exp_c_segment_sample,190,190,0.0016793986549600958,0.004561628182541187,0.001152238342911005,0.017227737233042717,1.0040081564599664e-05,0.004547581209052137,0.05789473684210526,-0.003530934708572494,-0.0030466069050210836,-0.001241256482899189,per_model_kept_independent_plus_common_union
Qwen_Qwen3-4B,4B,4.0,2560,hidden_dim,exp_c,think,gsm8k_test_000176,think,canonical,,True,thinking_segment,thinking,20,exp_c_segment_sample,190,190,0.0022439768072217703,0.004667502258120007,0.0017403906676918268,0.019937586039304733,5.1213814091510095e-06,0.004653150560679259,0.05789473684210526,-0.002607260039204523,-0.0019066303163223588,0.00036135129630565643,per_model_kept_independent_plus_common_union
Qwen_Qwen3-4B,4B,4.0,2560,hidden_dim,exp_c,think,gsm8k_test_000182,think,canonical,,True,answer_segment,think_answer,6,exp_c_segment_sample,49,49,0.0010959284845739605,0.004559862634110056,0.0009843048173934221,0.013866211287677288,7.631394750367716e-06,0.004473314234928694,0.04081632653061224,-0.0018454734665550832,-0.0012236987777913986,0.002846555085852742,per_model_kept_independent_plus_common_union
Qwen_Qwen3-4B,4B,4.0,2560,hidden_dim,exp_c,think,gsm8k_test_000182,think,canonical,,True,answer_segment,think_answer,13,exp_c_segment_sample,49,49,0.0016793986549600958,0.0042296971422525085,0.0016841385513544083,0.00922703742980957,2.9341831084417526e-06,0.00419686551807293,0.0,-0.0010432665148863995,-0.0003796013860175246,0.000964585691690445,per_model_kept_independent_plus_common_union
Qwen_Qwen3-4B,4B,4.0,2560,hidden_dim,exp_c,think,gsm8k_test_000182,think,canonical,,True,answer_segment,think_answer,20,exp_c_segment_sample,49,49,0.0022439768072217703,0.004178166864629911,0.002408672356978059,0.008175337687134743,1.4418318842055587e-06,0.004120207915548235,0.0,-0.0006584578653683502,-0.0005090022817827188,0.001297680428251624,per_model_kept_independent_plus_common_union
Qwen_Qwen3-4B,4B,4.0,2560,hidden_dim,exp_c,think,gsm8k_test_000182,think,canonical,,True,thinking_segment,thinking,6,exp_c_segment_sample,256,256,0.0010959284845739605,0.007551068031830255,0.00037005453486926854,0.09904447197914124,0.00019142079535245,0.007653458389941758,0.21484375,-0.0003465297015686108,-0.0015459071155419224,0.002846555085852742,per_model_kept_independent_plus_common_union
Qwen_Qwen3-4B,4B,4.0,2560,hidden_dim,exp_c,think,gsm8k_test_000182,think,canonical,,True,thinking_segment,thinking,13,exp_c_segment_sample,256,256,0.0016793986549600958,0.0046319311434217525,0.0006798903923481703,0.02893310785293579,2.189253397437063e-05,0.004627369392700512,0.22265625,-0.0015947243159157541,-0.0015022991683508735,0.000964585691690445,per_model_kept_independent_plus_common_union
Qwen_Qwen3-4B,4B,4.0,2560,hidden_dim,exp_c,think,gsm8k_test_000182,think,canonical,,True,thinking_segment,thinking,20,exp_c_segment_sample,256,256,0.0022439768072217703,0.004751885527639388,0.0010923140216618776,0.02378644421696663,1.0215143456700437e-05,0.004748699373518177,0.1796875,-0.0013346351587828968,-0.0012425775403244188,0.001297680428251624,per_model_kept_independent_plus_common_union
Qwen_Qwen3-4B,4B,4.0,2560,hidden_dim,exp_c,think,gsm8k_test_000192,think,canonical,,True,answer_segment,think_answer,6,exp_c_segment_sample,65,65,0.0010959284845739605,0.005627743516547176,0.0011873393086716533,0.019806362688541412,2.386981796272154e-05,0.005530489321245113,0.0,-0.0038529141216662633,-0.0029621902332805546,0.00472898269072175,per_model_kept_independent_plus_common_union
Qwen_Qwen3-4B,4B,4.0,2560,hidden_dim,exp_c,think,gsm8k_test_000192,think,canonical,,True,answer_segment,think_answer,13,exp_c_segment_sample,65,65,0.0016793986549600958,0.005094270827248693,0.0014104952570050955,0.018216505646705627,8.745063918646497e-06,0.0050574150154716335,0.03076923076923077,-0.003888405833745026,-0.0027698591789778546,0.0035658148117363453,per_model_kept_independent_plus_common_union
Qwen_Qwen3-4B,4B,4.0,2560,hidden_dim,exp_c,think,gsm8k_test_000192,think,canonical,,True,answer_segment,think_answer,20,exp_c_segment_sample,65,65,0.0022439768072217703,0.0047637690145235796,0.0020574736408889294,0.010037216357886791,3.865477217637788e-06,0.004691448986704927,0.015384615384615385,-0.001639269334036156,-0.0013545641456456751,0.0014409595169126987,per_model_kept_independent_plus_common_union
Qwen_Qwen3-4B,4B,4.0,2560,hidden_dim,exp_c,think,gsm8k_test_000192,think,canonical,,True,thinking_segment,thinking,6,exp_c_segment_sample,135,135,0.0010959284845739605,0.00683127925472541,0.000758781679905951,0.047443076968193054,6.599627479790005e-05,0.006823223762721547,0.05925925925925926,-0.008742377741621465,-0.007796082578887068,0.00472898269072175,per_model_kept_independent_plus_common_union
Qwen_Qwen3-4B,4B,4.0,2560,hidden_dim,exp_c,think,gsm8k_test_000192,think,canonical,,True,thinking_segment,thinking,13,exp_c_segment_sample,135,135,0.0016793986549600958,0.005281008252253135,0.0019155340269207954,0.020505782216787338,9.677246797375116e-06,0.005269597161130339,0.0,-0.00298887537921676,-0.002299949492547004,0.0035658148117363453,per_model_kept_independent_plus_common_union
Qwen_Qwen3-4B,4B,4.0,2560,hidden_dim,exp_c,think,gsm8k_test_000192,think,canonical,,True,thinking_segment,thinking,20,exp_c_segment_sample,135,135,0.0022439768072217703,0.004740936905835514,0.0019222854170948267,0.01710679940879345,4.460342759186054e-06,0.004724963277981464,0.022222222222222223,-0.001473544164274646,-0.0010185985935523226,0.0014409595169126987,per_model_kept_independent_plus_common_union
Qwen_Qwen3-4B,4B,4.0,2560,hidden_dim,exp_c,think,gsm8k_test_000217,think,canonical,,True,answer_segment,think_answer,6,exp_c_segment_sample,43,43,0.0010959284845739605,0.005040063969466055,0.0013550494331866503,0.016088563948869705,1.2804678685929235e-05,0.004954754333344421,0.0,-0.001282748290245082,-0.00028775693764063453,0.004076988436281681,per_model_kept_independent_plus_common_union
Qwen_Qwen3-4B,4B,4.0,2560,hidden_dim,exp_c,think,gsm8k_test_000217,think,canonical,,True,answer_segment,think_answer,13,exp_c_segment_sample,43,43,0.0016793986549600958,0.004545132234302717,0.002073416020721197,0.011368979699909687,3.679506675629398e-06,0.00454014839349492,0.0,-0.0005598477610676381,0.00010521544820883081,0.001165471039712429,per_model_kept_independent_plus_common_union
Qwen_Qwen3-4B,4B,4.0,2560,hidden_dim,exp_c,think,gsm8k_test_000217,think,canonical,,True,answer_segment,think_answer,20,exp_c_segment_sample,43,43,0.0022439768072217703,0.004497062750593867,0.002254233229905367,0.008012127131223679,1.5500682721132092e-06,0.004480237939528057,0.0,-0.000741194269125671,-0.0005056240003217354,0.0007896008901298046,per_model_kept_independent_plus_common_union
Qwen_Qwen3-4B,4B,4.0,2560,hidden_dim,exp_c,think,gsm8k_test_000217,think,canonical,,True,thinking_segment,thinking,6,exp_c_segment_sample,116,116,0.0010959284845739605,0.005217871491211177,0.0012497231364250183,0.026874085888266563,2.595783256173346e-05,0.005204817287259452,0.0,-0.004724243763724295,-0.0030316933869095194,0.004076988436281681,per_model_kept_independent_plus_common_union
Qwen_Qwen3-4B,4B,4.0,2560,hidden_dim,exp_c,think,gsm8k_test_000217,think,canonical,,True,thinking_segment,thinking,13,exp_c_segment_sample,116,116,0.0016793986549600958,0.0045875301915782925,0.0016173811163753271,0.016405794769525528,8.534759765126802e-06,0.004575604017135566,0.02586206896551724,-0.00237291981152173,-0.0015094964805155483,0.001165471039712429,per_model_kept_independent_plus_common_union
Qwen_Qwen3-4B,4B,4.0,2560,hidden_dim,exp_c,think,gsm8k_test_000217,think,canonical,,True,thinking_segment,thinking,20,exp_c_segment_sample,116,116,0.0022439768072217703,0.004718105290647082,0.0018648853292688727,0.011627955362200737,3.907449639929574e-06,0.004702042363098135,0.07758620689655173,-0.0007102195112566578,-0.00033382834577611823,0.0007896008901298046,per_model_kept_independent_plus_common_union
Qwen_Qwen3-4B,4B,4.0,2560,hidden_dim,exp_c,think,gsm8k_test_000247,think,canonical,,True,answer_segment,think_answer,6,exp_c_segment_sample,51,51,0.0010959284845739605,0.005776107257606425,0.0008002921240404248,0.024931775406003,2.3982586032392815e-05,0.005657667295308785,0.058823529411764705,-0.0014457242358981628,-0.0012903657222453216,-0.0026148371398448944,per_model_kept_independent_plus_common_union
Qwen_Qwen3-4B,4B,4.0,2560,hidden_dim,exp_c,think,gsm8k_test_000247,think,canonical,,True,answer_segment,think_answer,13,exp_c_segment_sample,51,51,0.0016793986549600958,0.0043372162731875686,0.0012233982561156154,0.010906528681516647,4.66346216415999e-06,0.00430952216265723,0.0784313725490196,-0.0016561844254468793,-0.0006921768743688101,-0.0013468624092638493,per_model_kept_independent_plus_common_union
Qwen_Qwen3-4B,4B,4.0,2560,hidden_dim,exp_c,think,gsm8k_test_000247,think,canonical,,True,answer_segment,think_answer,20,exp_c_segment_sample,51,51,0.0022439768072217703,0.004305861474873096,0.00103019829839468,0.009114798158407211,3.5298014270063242e-06,0.004257471309974789,0.1568627450980392,-0.0009180000768257991,-0.00014688604726241158,0.0003918684087693691,per_model_kept_independent_plus_common_union
Qwen_Qwen3-4B,4B,4.0,2560,hidden_dim,exp_c,think,gsm8k_test_000247,think,canonical,,True,thinking_segment,thinking,6,exp_c_segment_sample,247,247,0.0010959284845739605,0.007078991202271811,0.0008094655349850655,0.05120459198951721,7.131453072950168e-05,0.007075441253042162,0.020242914979757085,-0.000760802711354142,0.00023477217426613566,-0.0026148371398448944,per_model_kept_independent_plus_common_union
Qwen_Qwen3-4B,4B,4.0,2560,hidden_dim,exp_c,think,gsm8k_test_000247,think,canonical,,True,thinking_segment,thinking,13,exp_c_segment_sample,247,247,0.0016793986549600958,0.004598508566110829,0.0009320300887338817,0.016067905351519585,7.540855799523708e-06,0.004589538194752123,0.06072874493927125,0.00016226725460349878,0.00013631078669981613,-0.0013468624092638493,per_model_kept_independent_plus_common_union
Qwen_Qwen3-4B,4B,4.0,2560,hidden_dim,exp_c,think,gsm8k_test_000247,think,canonical,,True,thinking_segment,thinking,20,exp_c_segment_sample,247,247,0.0022439768072217703,0.013465267930345737,0.0013040131889283657,2.243351697921753,0.02021665422169012,0.013492488841776127,0.07692307692307693,0.04117674422766299,0.0361323963527778,0.0003918684087693691,per_model_kept_independent_plus_common_union
Qwen_Qwen3-4B,4B,4.0,2560,hidden_dim,exp_c,think,gsm8k_test_000254,think,canonical,,True,answer_segment,think_answer,6,exp_c_segment_sample,59,59,0.0010959284845739605,0.005159585866919261,0.0015531780663877726,0.018869269639253616,1.322595715403672e-05,0.0050742489060965085,0.0,-0.0007747252436228543,-0.0004922055716936793,-0.008545823395252228,per_model_kept_independent_plus_common_union
Qwen_Qwen3-4B,4B,4.0,2560,hidden_dim,exp_c,think,gsm8k_test_000254,think,canonical,,True,answer_segment,think_answer,13,exp_c_segment_sample,59,59,0.0016793986549600958,0.004551930650989762,0.0019446577643975616,0.012618985958397388,4.8583604831804306e-06,0.0045126581038669525,0.0,-0.000238429597121181,2.055516621718781e-05,-0.0016769138164818287,per_model_kept_independent_plus_common_union
Qwen_Qwen3-4B,4B,4.0,2560,hidden_dim,exp_c,think,gsm8k_test_000254,think,canonical,,True,answer_segment,think_answer,20,exp_c_segment_sample,59,59,0.0022439768072217703,0.004088530352465429,0.002159228315576911,0.007478829473257065,1.6472585346717044e-06,0.004054572260617439,0.05084745762711865,-0.00016447625722799657,4.180106334388239e-05,-0.0009534042328596115,per_model_kept_independent_plus_common_union
Qwen_Qwen3-4B,4B,4.0,2560,hidden_dim,exp_c,think,gsm8k_test_000254,think,canonical,,True,thinking_segment,thinking,6,exp_c_segment_sample,165,165,0.0010959284845739605,0.0052395892601149775,0.0007898918120190501,0.031888701021671295,4.1707396009483946e-05,0.005225332262542484,0.10909090909090909,-0.0016289002692014703,-0.0015342816810256675,-0.008545823395252228,per_model_kept_independent_plus_common_union
Qwen_Qwen3-4B,4B,4.0,2560,hidden_dim,exp_c,think,gsm8k_test_000254,think,canonical,,True,thinking_segment,thinking,13,exp_c_segment_sample,165,165,0.0016793986549600958,0.00432839868519681,0.001040925970301032,0.01839618757367134,1.0463032546596518e-05,0.004314265213196915,0.12727272727272726,-0.0014284133369986398,-0.0009933865124670165,-0.0016769138164818287,per_model_kept_independent_plus_common_union
Qwen_Qwen3-4B,4B,4.0,2560,hidden_dim,exp_c,think,gsm8k_test_000254,think,canonical,,True,thinking_segment,thinking,20,exp_c_segment_sample,165,165,0.0022439768072217703,0.004105423131223881,0.001231249189004302,0.013470823876559734,3.292428715750251e-06,0.004089915098497508,0.07878787878787878,-0.00029470526454164215,-2.513281513182898e-05,-0.0009534042328596115,per_model_kept_independent_plus_common_union
Qwen_Qwen3-4B,4B,4.0,2560,hidden_dim,exp_c,think,gsm8k_test_000276,think,canonical,,True,answer_segment,think_answer,6,exp_c_segment_sample,90,90,0.0010959284845739605,0.0038424380944990033,0.0006073350086808205,0.03432343155145645,3.26659176246475e-05,0.0037824153223891196,0.4,-0.005153192228410769,-0.004567353452211651,0.0010012672282755375,per_model_kept_independent_plus_common_union
Qwen_Qwen3-4B,4B,4.0,2560,hidden_dim,exp_c,think,gsm8k_test_000276,think,canonical,,True,answer_segment,think_answer,13,exp_c_segment_sample,90,90,0.0016793986549600958,0.0031872689905059004,0.0012535515706986189,0.009671461768448353,3.3293877277080436e-06,0.0031456710807351257,0.16666666666666666,-0.001863131229680424,-0.0016139529432858462,-0.0011187824420630932,per_model_kept_independent_plus_common_union
Qwen_Qwen3-4B,4B,4.0,2560,hidden_dim,exp_c,think,gsm8k_test_000276,think,canonical,,True,answer_segment,think_answer,20,exp_c_segment_sample,90,90,0.0022439768072217703,0.0035991000399614374,0.0016260758275166154,0.010260915383696556,2.4299962544310205e-06,0.0035589589643177013,0.1111111111111111,-0.0013175099538877968,-0.0008937439061296377,0.00021520350128412247,per_model_kept_independent_plus_common_union
Qwen_Qwen3-4B,4B,4.0,2560,hidden_dim,exp_c,think,gsm8k_test_000276,think,canonical,,True,thinking_segment,thinking,6,exp_c_segment_sample,151,151,0.0010959284845739605,0.003780955675795107,0.0007148621371015906,0.02618425525724888,1.6761385034910586e-05,0.0037541671008026853,0.16556291390728478,-0.002472521647867427,-0.0015291379593116673,0.0010012672282755375,per_model_kept_independent_plus_common_union
Qwen_Qwen3-4B,4B,4.0,2560,hidden_dim,exp_c,think,gsm8k_test_000276,think,canonical,,True,thinking_segment,thinking,13,exp_c_segment_sample,151,151,0.0016793986549600958,0.0035927040897161754,0.0010147010907530785,0.016526415944099426,7.65345534480904e-06,0.0035756330067912736,0.2052980132450331,-0.001496996107729859,-0.0008161844054580124,-0.0011187824420630932,per_model_kept_independent_plus_common_union
Qwen_Qwen3-4B,4B,4.0,2560,hidden_dim,exp_c,think,gsm8k_test_000276,think,canonical,,True,thinking_segment,thinking,20,exp_c_segment_sample,151,151,0.0022439768072217703,0.0037798048189798036,0.0017663933103904128,0.014338676817715168,3.3108244865710046e-06,0.0037636192135202394,0.11920529801324503,-0.0010932377667920122,-0.000592106656097856,0.00021520350128412247,per_model_kept_independent_plus_common_union
Qwen_Qwen3-4B,4B,4.0,2560,hidden_dim,exp_c,think,gsm8k_test_000343,think,canonical,,True,answer_segment,think_answer,6,exp_c_segment_sample,49,49,0.0010959284845739605,0.005276525388376749,0.0013304798630997539,0.014639648608863354,1.3288314734394183e-05,0.005200975387803435,0.0,-0.0027494808668460788,-0.0022962912111184923,-0.00033718207851052284,per_model_kept_independent_plus_common_union
Qwen_Qwen3-4B,4B,4.0,2560,hidden_dim,exp_c,think,gsm8k_test_000343,think,canonical,,True,answer_segment,think_answer,13,exp_c_segment_sample,49,49,0.0016793986549600958,0.004731402547117703,0.0021116884890943766,0.009777464903891087,3.905870238190271e-06,0.004712685923247289,0.0,-0.002905220523932759,-0.0027111227301737434,-0.0009214128367602825,per_model_kept_independent_plus_common_union
Qwen_Qwen3-4B,4B,4.0,2560,hidden_dim,exp_c,think,gsm8k_test_000343,think,canonical,,True,answer_segment,think_answer,20,exp_c_segment_sample,49,49,0.0022439768072217703,0.004582896199058361,0.001563920290209353,0.011509263888001442,3.321756612936571e-06,0.0044863304089327975,0.08163265306122448,-0.0015203291601596446,-0.001121975203904395,0.0008087316527962685,per_model_kept_independent_plus_common_union
Qwen_Qwen3-4B,4B,4.0,2560,hidden_dim,exp_c,think,gsm8k_test_000343,think,canonical,,True,thinking_segment,thinking,6,exp_c_segment_sample,256,256,0.0010959284845739605,0.007136627530826445,0.0005776725010946393,0.0754900872707367,0.00013867782363737426,0.007058042571640857,0.20703125,-0.008502957568427704,-0.006177227409520687,-0.00033718207851052284,per_model_kept_independent_plus_common_union
Qwen_Qwen3-4B,4B,4.0,2560,hidden_dim,exp_c,think,gsm8k_test_000343,think,canonical,,True,thinking_segment,thinking,13,exp_c_segment_sample,256,256,0.0016793986549600958,0.005172221877046468,0.0009340096148662269,0.03416978567838669,2.5356407554095282e-05,0.005175402051528571,0.21484375,-0.0048241228622440185,-0.003432694643449325,-0.0009214128367602825,per_model_kept_independent_plus_common_union
Qwen_Qwen3-4B,4B,4.0,2560,hidden_dim,exp_c,think,gsm8k_test_000343,think,canonical,,True,thinking_segment,thinking,20,exp_c_segment_sample,256,256,0.0022439768072217703,0.0117597420344282,0.0012704507680609822,1.7780555486679077,0.012247681863301017,0.012754485878109047,0.203125,0.019523707243919036,0.025408004867271163,0.0008087316527962685,per_model_kept_independent_plus_common_union
Qwen_Qwen3-4B,4B,4.0,2560,hidden_dim,exp_c,think,gsm8k_test_000361,think,canonical,,True,answer_segment,think_answer,6,exp_c_segment_sample,60,60,0.0010959284845739605,0.006834276903343077,0.0011140417773276567,0.05461360141634941,7.015025255293463e-05,0.006447635111556845,0.0,-0.0010860875563802903,-0.002128765142212311,-0.014128575101494789,per_model_kept_independent_plus_common_union
Qwen_Qwen3-4B,4B,4.0,2560,hidden_dim,exp_c,think,gsm8k_test_000361,think,canonical,,True,answer_segment,think_answer,13,exp_c_segment_sample,60,60,0.0016793986549600958,0.004843089225081106,0.0017626192420721054,0.012254252098500729,6.609167630316054e-06,0.004802270208374928,0.0,-0.002493753436128379,-0.0024735560795913136,-0.004045830573886633,per_model_kept_independent_plus_common_union
Qwen_Qwen3-4B,4B,4.0,2560,hidden_dim,exp_c,think,gsm8k_test_000361,think,canonical,,True,answer_segment,think_answer,20,exp_c_segment_sample,60,60,0.0022439768072217703,0.004821752069983631,0.0019232749473303556,0.013441954739391804,4.612459002401277e-06,0.004735164111480117,0.016666666666666666,-0.0009640949721005317,-0.0016908104841907821,-0.0005194954574108124,per_model_kept_independent_plus_common_union
Qwen_Qwen3-4B,4B,4.0,2560,hidden_dim,exp_c,think,gsm8k_test_000361,think,canonical,,True,thinking_segment,thinking,6,exp_c_segment_sample,256,256,0.0010959284845739605,0.005723981782011833,0.0007300080615095794,0.0448172427713871,6.733477921115842e-05,0.005730009172881693,0.09765625,-0.003448047490124359,-0.0023356767887889873,-0.014128575101494789,per_model_kept_independent_plus_common_union
Qwen_Qwen3-4B,4B,4.0,2560,hidden_dim,exp_c,think,gsm8k_test_000361,think,canonical,,True,thinking_segment,thinking,13,exp_c_segment_sample,256,256,0.0016793986549600958,0.004894459465504042,0.0010897570755332708,0.02692728117108345,1.5850912288272343e-05,0.004902958472027745,0.09765625,-0.002737783943544772,-0.002106885034663719,-0.004045830573886633,per_model_kept_independent_plus_common_union
Qwen_Qwen3-4B,4B,4.0,2560,hidden_dim,exp_c,think,gsm8k_test_000361,think,canonical,,True,thinking_segment,thinking,20,exp_c_segment_sample,256,256,0.0022439768072217703,0.012861507332672772,0.0017660062294453382,2.104735851287842,0.017166638456084984,0.012989045080122703,0.09375,0.0185290132107016,-0.0017333105624857126,-0.0005194954574108124,per_model_kept_independent_plus_common_union
Qwen_Qwen3-4B,4B,4.0,2560,hidden_dim,exp_c,think,gsm8k_test_000432,think,canonical,,True,answer_segment,think_answer,6,exp_c_segment_sample,59,59,0.0010959284845739605,0.005942880278611082,0.0018525691702961922,0.03193310648202896,2.5576794106858243e-05,0.005725063126662682,0.0,-0.002323262505549,-0.0020644802910586195,-0.005231249146163464,per_model_kept_independent_plus_common_union
Qwen_Qwen3-4B,4B,4.0,2560,hidden_dim,exp_c,think,gsm8k_test_000432,think,canonical,,True,answer_segment,think_answer,13,exp_c_segment_sample,59,59,0.0016793986549600958,0.0048675231982843355,0.0017480708193033934,0.010481059551239014,4.689649857022757e-06,0.004807610996067525,0.0,-0.0022951544286146566,-0.0016000805577884112,-0.0003665904514491558,per_model_kept_independent_plus_common_union
Qwen_Qwen3-4B,4B,4.0,2560,hidden_dim,exp_c,think,gsm8k_test_000432,think,canonical,,True,answer_segment,think_answer,20,exp_c_segment_sample,59,59,0.0022439768072217703,0.004523448882845498,0.0023768446408212185,0.009512774646282196,2.1729780082362964e-06,0.004462611146977749,0.0,-0.002182163912171533,-0.0017208087258040912,0.0007943152450025082,per_model_kept_independent_plus_common_union
Qwen_Qwen3-4B,4B,4.0,2560,hidden_dim,exp_c,think,gsm8k_test_000432,think,canonical,,True,thinking_segment,thinking,6,exp_c_segment_sample,206,206,0.0010959284845739605,0.005241472347248436,0.000837257131934166,0.051003724336624146,5.580584646750653e-05,0.005228900261757121,0.06796116504854369,-0.006150404193843965,-0.005442136957963857,-0.005231249146163464,per_model_kept_independent_plus_common_union
Qwen_Qwen3-4B,4B,4.0,2560,hidden_dim,exp_c,think,gsm8k_test_000432,think,canonical,,True,thinking_segment,thinking,13,exp_c_segment_sample,206,206,0.0016793986549600958,0.004181328701483791,0.0011686966754496098,0.039857737720012665,1.3700300125107115e-05,0.004167613445599449,0.06310679611650485,-0.0031284821866668783,-0.0026001428979305695,-0.0003665904514491558,per_model_kept_independent_plus_common_union
Qwen_Qwen3-4B,4B,4.0,2560,hidden_dim,exp_c,think,gsm8k_test_000432,think,canonical,,True,thinking_segment,thinking,20,exp_c_segment_sample,206,206,0.0022439768072217703,0.0038183628003908665,0.0017581454012542963,0.01491111796349287,3.085301137095836e-06,0.0038034424929675164,0.09223300970873786,-0.0012068040441113367,-0.0010620709396719644,0.0007943152450025082,per_model_kept_independent_plus_common_union
Qwen_Qwen3-4B,4B,4.0,2560,hidden_dim,exp_c,think,gsm8k_test_000433,think,canonical,,True,answer_segment,think_answer,6,exp_c_segment_sample,49,49,0.0010959284845739605,0.005508899845525014,0.0013726935721933842,0.016446039080619812,1.4356357996130532e-05,0.005402594528277405,0.0,-0.0010799195288623512,-4.583177192566453e-05,0.0019943478982895613,per_model_kept_independent_plus_common_union
Qwen_Qwen3-4B,4B,4.0,2560,hidden_dim,exp_c,think,gsm8k_test_000433,think,canonical,,True,answer_segment,think_answer,13,exp_c_segment_sample,49,49,0.0016793986549600958,0.0048768178806925305,0.0020304759964346886,0.011389610357582569,4.203270044355841e-06,0.004889059171546251,0.0,-0.0008050796419990344,-0.00013498981626561095,-0.000182838412001729,per_model_kept_independent_plus_common_union
Qwen_Qwen3-4B,4B,4.0,2560,hidden_dim,exp_c,think,gsm8k_test_000433,think,canonical,,True,answer_segment,think_answer,20,exp_c_segment_sample,49,49,0.0022439768072217703,0.004827283332314418,0.002343487460166216,0.009190213866531849,3.3662334869806344e-06,0.0047565370332449675,0.0,-0.0012165706502083643,-4.541510357879662e-05,0.0011830925941467285,per_model_kept_independent_plus_common_union
Qwen_Qwen3-4B,4B,4.0,2560,hidden_dim,exp_c,think,gsm8k_test_000433,think,canonical,,True,thinking_segment,thinking,6,exp_c_segment_sample,200,200,0.0010959284845739605,0.0055651993496576325,0.0007858931785449386,0.040962375700473785,5.132222755462e-05,0.005554817640924609,0.11,-0.005418288026164889,-0.004795624003745615,0.0019943478982895613,per_model_kept_independent_plus_common_union
Qwen_Qwen3-4B,4B,4.0,2560,hidden_dim,exp_c,think,gsm8k_test_000433,think,canonical,,True,thinking_segment,thinking,13,exp_c_segment_sample,200,200,0.0016793986549600958,0.004573683884227648,0.0012042054440826178,0.01896883174777031,1.0211160263841119e-05,0.004563403086521517,0.1,-0.004043506785476614,-0.00326433391077444,-0.000182838412001729,per_model_kept_independent_plus_common_union
Qwen_Qwen3-4B,4B,4.0,2560,hidden_dim,exp_c,think,gsm8k_test_000433,think,canonical,,True,thinking_segment,thinking,20,exp_c_segment_sample,200,200,0.0022439768072217703,0.004236505585722626,0.0014292537234723568,0.01131545938551426,2.975822469962455e-06,0.004221387704759461,0.08,-0.00166063391575729,-0.0012842829572036864,0.0011830925941467285,per_model_kept_independent_plus_common_union
Qwen_Qwen3-4B,4B,4.0,2560,hidden_dim,exp_c,think,gsm8k_test_000449,think,canonical,,True,answer_segment,think_answer,6,exp_c_segment_sample,50,50,0.0010959284845739605,0.0045283452305011455,0.0013610303867608309,0.015450531616806984,7.426511995649403e-06,0.004426052786732968,0.0,-0.000456984062569545,-0.0006852543805367676,0.0018573957495391369,per_model_kept_independent_plus_common_union
Qwen_Qwen3-4B,4B,4.0,2560,hidden_dim,exp_c,think,gsm8k_test_000449,think,canonical,,True,answer_segment,think_answer,13,exp_c_segment_sample,50,50,0.0016793986549600958,0.005020761163905263,0.0014823147794231772,0.014210599474608898,7.477285421156087e-06,0.00496726355762506,0.06,-0.0021557627004735605,-0.002127348427445843,0.002335699275135994,per_model_kept_independent_plus_common_union
Qwen_Qwen3-4B,4B,4.0,2560,hidden_dim,exp_c,think,gsm8k_test_000449,think,canonical,,True,answer_segment,think_answer,20,exp_c_segment_sample,50,50,0.0022439768072217703,0.00399342040065676,0.0015156492590904236,0.0069669513031840324,1.4497862441229635e-06,0.003946916485319332,0.08,-0.0013494640473714664,-0.0010551041386161857,0.0006223907694220543,per_model_kept_independent_plus_common_union
Qwen_Qwen3-4B,4B,4.0,2560,hidden_dim,exp_c,think,gsm8k_test_000449,think,canonical,,True,thinking_segment,thinking,6,exp_c_segment_sample,167,167,0.0010959284845739605,0.005569304319371854,0.0011023186380043626,0.03451256826519966,3.677041444226966e-05,0.005555455572201858,0.0,-0.006327315460802088,-0.004594980004531819,0.0018573957495391369,per_model_kept_independent_plus_common_union
Qwen_Qwen3-4B,4B,4.0,2560,hidden_dim,exp_c,think,gsm8k_test_000449,think,canonical,,True,thinking_segment,thinking,13,exp_c_segment_sample,167,167,0.0016793986549600958,0.004474311185203225,0.0013610690366476774,0.016827289015054703,9.046985666684504e-06,0.00446337785400697,0.023952095808383235,-0.0022979010818876626,-0.0018751862447797542,0.002335699275135994,per_model_kept_independent_plus_common_union
Qwen_Qwen3-4B,4B,4.0,2560,hidden_dim,exp_c,think,gsm8k_test_000449,think,canonical,,True,thinking_segment,thinking,20,exp_c_segment_sample,167,167,0.0022439768072217703,0.004250698688741171,0.0018034754320979118,0.011283657513558865,3.5590745300166595e-06,0.004235781941714371,0.0718562874251497,-0.0005669361798983396,-0.0006875297126715035,0.0006223907694220543,per_model_kept_independent_plus_common_union
Qwen_Qwen3-4B,4B,4.0,2560,hidden_dim,exp_c,think,gsm8k_test_000460,think,canonical,,True,answer_segment,think_answer,6,exp_c_segment_sample,40,40,0.0010959284845739605,0.005074405710911378,0.0020828174892812967,0.010878162458539009,7.757897894562728e-06,0.005018252891321212,0.0,-0.0027277499195983326,-0.0018464399967342612,-0.009118998423218727,per_model_kept_independent_plus_common_union
Qwen_Qwen3-4B,4B,4.0,2560,hidden_dim,exp_c,think,gsm8k_test_000460,think,canonical,,True,answer_segment,think_answer,13,exp_c_segment_sample,40,40,0.0016793986549600958,0.004758681112434715,0.002019710373133421,0.009973306208848953,3.5836307052587336e-06,0.0047705597453153665,0.0,-0.0019638427925046304,-0.0015066268155351278,-0.00154171884059906,per_model_kept_independent_plus_common_union
Qwen_Qwen3-4B,4B,4.0,2560,hidden_dim,exp_c,think,gsm8k_test_000460,think,canonical,,True,answer_segment,think_answer,20,exp_c_segment_sample,40,40,0.0022439768072217703,0.004175764985848218,0.0022859848104417324,0.007560403551906347,1.475520703114719e-06,0.004173067365534221,0.0,-0.0011843944269391469,-0.0006992126815021037,-0.002028448972851038,per_model_kept_independent_plus_common_union
Qwen_Qwen3-4B,4B,4.0,2560,hidden_dim,exp_c,think,gsm8k_test_000460,think,canonical,,True,thinking_segment,thinking,6,exp_c_segment_sample,256,256,0.0010959284845739605,0.005224006152502625,0.000527924217749387,0.04528912156820297,6.249121800921042e-05,0.005210980208474506,0.234375,-0.0032404000765776843,-0.002875570503420022,-0.009118998423218727,per_model_kept_independent_plus_common_union
Qwen_Qwen3-4B,4B,4.0,2560,hidden_dim,exp_c,think,gsm8k_test_000460,think,canonical,,True,thinking_segment,thinking,13,exp_c_segment_sample,256,256,0.0016793986549600958,0.004024652676889673,0.0008231182582676411,0.030842315405607224,1.5447125203166333e-05,0.004001410127244541,0.296875,-0.0023385543789864586,-0.0022548082824869198,-0.00154171884059906,per_model_kept_independent_plus_common_union
Qwen_Qwen3-4B,4B,4.0,2560,hidden_dim,exp_c,think,gsm8k_test_000460,think,canonical,,True,thinking_segment,thinking,20,exp_c_segment_sample,256,256,0.0022439768072217703,0.0041975614867624245,0.0011470100143924356,0.01938517764210701,7.72522196858007e-06,0.004183436530341108,0.24609375,-0.001810029885564237,-0.0016410881326009985,-0.002028448972851038,per_model_kept_independent_plus_common_union
Qwen_Qwen3-4B,4B,4.0,2560,hidden_dim,exp_c,think,gsm8k_test_000514,think,canonical,,True,answer_segment,think_answer,6,exp_c_segment_sample,64,64,0.0010959284845739605,0.004915072489893646,0.0011556197423487902,0.017315831035375595,1.4119604773016036e-05,0.004849248497362528,0.0,-0.0024794658043202425,-0.0015723234682809561,0.0016012981068342924,per_model_kept_independent_plus_common_union
Qwen_Qwen3-4B,4B,4.0,2560,hidden_dim,exp_c,think,gsm8k_test_000514,think,canonical,,True,answer_segment,think_answer,13,exp_c_segment_sample,64,64,0.0016793986549600958,0.004735311464173719,0.0016054585576057434,0.014847096987068653,5.950607656256648e-06,0.004700912007441124,0.03125,-0.0024395733126976516,-0.0019263780995970592,-0.00010265037417411804,per_model_kept_independent_plus_common_union
Qwen_Qwen3-4B,4B,4.0,2560,hidden_dim,exp_c,think,gsm8k_test_000514,think,canonical,,True,answer_segment,think_answer,20,exp_c_segment_sample,64,64,0.0022439768072217703,0.004548040336885606,0.0017618415877223015,0.017298098653554916,4.677432002177665e-06,0.004530172589944588,0.0625,-0.0022710675723479137,-0.001406196468451526,0.000516421627253294,per_model_kept_independent_plus_common_union
Qwen_Qwen3-4B,4B,4.0,2560,hidden_dim,exp_c,think,gsm8k_test_000514,think,canonical,,True,thinking_segment,thinking,6,exp_c_segment_sample,228,228,0.0010959284845739605,0.005422235324084268,0.000550243363250047,0.042934346944093704,4.4753348986789625e-05,0.005411120532142069,0.19298245614035087,-0.006152895176124473,-0.003868935273331181,0.0016012981068342924,per_model_kept_independent_plus_common_union
Qwen_Qwen3-4B,4B,4.0,2560,hidden_dim,exp_c,think,gsm8k_test_000514,think,canonical,,True,thinking_segment,thinking,13,exp_c_segment_sample,228,228,0.0016793986549600958,0.004535245928421142,0.0008327548275701702,0.016427908092737198,8.17686123537186e-06,0.004527479963785341,0.08771929824561403,-0.002355253859253204,-0.0016469280858393432,-0.00010265037417411804,per_model_kept_independent_plus_common_union
Qwen_Qwen3-4B,4B,4.0,2560,hidden_dim,exp_c,think,gsm8k_test_000514,think,canonical,,True,thinking_segment,thinking,20,exp_c_segment_sample,228,228,0.0022439768072217703,0.004722000044063877,0.0015175247099250555,0.014092035591602325,4.733610782585123e-06,0.004712344188805227,0.09210526315789473,-0.0019182960358026708,-0.0014562459944404277,0.000516421627253294,per_model_kept_independent_plus_common_union
Qwen_Qwen3-4B,4B,4.0,2560,hidden_dim,exp_c,think,gsm8k_test_000534,think,canonical,,True,answer_segment,think_answer,6,exp_c_segment_sample,46,46,0.0010959284845739605,0.005001925111687539,0.0014292182167991996,0.01580243930220604,1.0710618470678004e-05,0.004895382573724621,0.0,-0.0034184315398888567,-0.0023039838221545015,0.002814240287989378,per_model_kept_independent_plus_common_union
Qwen_Qwen3-4B,4B,4.0,2560,hidden_dim,exp_c,think,gsm8k_test_000534,think,canonical,,True,answer_segment,think_answer,13,exp_c_segment_sample,46,46,0.0016793986549600958,0.004968254913009056,0.0018085155170410872,0.018371932208538055,8.53506267591133e-06,0.00494591223800348,0.0,-0.004160559801884498,-0.0032723491700987024,0.0021607449743896723,per_model_kept_independent_plus_common_union
Qwen_Qwen3-4B,4B,4.0,2560,hidden_dim,exp_c,think,gsm8k_test_000534,think,canonical,,True,answer_segment,think_answer,20,exp_c_segment_sample,46,46,0.0022439768072217703,0.004310312820092329,0.0017287501832470298,0.007922994904220104,1.903532926566388e-06,0.004265513346116576,0.043478260869565216,-0.002053773450961545,-0.0015610810854317,0.0017119492404162884,per_model_kept_independent_plus_common_union
Qwen_Qwen3-4B,4B,4.0,2560,hidden_dim,exp_c,think,gsm8k_test_000534,think,canonical,,True,thinking_segment,thinking,6,exp_c_segment_sample,256,256,0.0010959284845739605,0.004860439887352186,0.0006506500649265945,0.060586117208004,5.4156728348460565e-05,0.00479803810970483,0.15234375,-0.007606592251308283,-0.0060316829221847,0.002814240287989378,per_model_kept_independent_plus_common_union
Qwen_Qwen3-4B,4B,4.0,2560,hidden_dim,exp_c,think,gsm8k_test_000534,think,canonical,,True,thinking_segment,thinking,13,exp_c_segment_sample,256,256,0.0016793986549600958,0.004049380944479708,0.0009213674929924309,0.017683932557702065,1.0366785050605041e-05,0.004002316002828512,0.15625,-0.0035426628030733273,-0.0026181347984675085,0.0021607449743896723,per_model_kept_independent_plus_common_union
Qwen_Qwen3-4B,4B,4.0,2560,hidden_dim,exp_c,think,gsm8k_test_000534,think,canonical,,True,thinking_segment,thinking,20,exp_c_segment_sample,256,256,0.0022439768072217703,0.004186782817214407,0.0010804709745571017,0.02401983179152012,6.977996119583848e-06,0.004152374637418004,0.171875,-0.002687096703725612,-0.0020931781036779284,0.0017119492404162884,per_model_kept_independent_plus_common_union
Qwen_Qwen3-4B,4B,4.0,2560,hidden_dim,exp_c,think,gsm8k_test_000543,think,canonical,,True,answer_segment,think_answer,6,exp_c_segment_sample,57,57,0.0010959284845739605,0.005974219707576067,0.0015925125917419791,0.022209621965885162,2.098772748819213e-05,0.005892028431324954,0.0,-0.0035394602417168426,-0.001927376499709984,-0.0013974127359688282,per_model_kept_independent_plus_common_union
Qwen_Qwen3-4B,4B,4.0,2560,hidden_dim,exp_c,think,gsm8k_test_000543,think,canonical,,True,answer_segment,think_answer,13,exp_c_segment_sample,57,57,0.0016793986549600958,0.005215460207852486,0.0014435198390856385,0.01307294238358736,6.255923631856646e-06,0.005177943757319424,0.07017543859649122,-0.0033519029437298997,-0.002459218764367203,0.0005880487151443958,per_model_kept_independent_plus_common_union
Qwen_Qwen3-4B,4B,4.0,2560,hidden_dim,exp_c,think,gsm8k_test_000543,think,canonical,,True,answer_segment,think_answer,20,exp_c_segment_sample,57,57,0.0022439768072217703,0.004617331520932024,0.001384945004247129,0.015590732917189598,3.91070452934405e-06,0.004499688220676035,0.07017543859649122,-0.00022150011870084146,-0.0004335704570015272,-3.943685442209244e-06,per_model_kept_independent_plus_common_union
Qwen_Qwen3-4B,4B,4.0,2560,hidden_dim,exp_c,think,gsm8k_test_000543,think,canonical,,True,thinking_segment,thinking,6,exp_c_segment_sample,219,219,0.0010959284845739605,0.005901385410731343,0.0008120803395286202,0.05394350364804268,5.2757032075592145e-05,0.005891107090582234,0.0684931506849315,-0.0025265807717207035,-0.0016881675025532871,-0.0013974127359688282,per_model_kept_independent_plus_common_union
Qwen_Qwen3-4B,4B,4.0,2560,hidden_dim,exp_c,think,gsm8k_test_000543,think,canonical,,True,thinking_segment,thinking,13,exp_c_segment_sample,219,219,0.0016793986549600958,0.0045624191338009285,0.0011015946511179209,0.016580482944846153,8.588145079356914e-06,0.004550628503464127,0.0547945205479452,-0.0001032259005874626,-1.772672403603775e-05,0.0005880487151443958,per_model_kept_independent_plus_common_union
Qwen_Qwen3-4B,4B,4.0,2560,hidden_dim,exp_c,think,gsm8k_test_000543,think,canonical,,True,thinking_segment,thinking,20,exp_c_segment_sample,219,219,0.0022439768072217703,0.004684434804457269,0.0013342872262001038,0.016615895554423332,5.2710012767439e-06,0.004677811375319309,0.0593607305936073,0.00010125868745579493,-1.0775626552375281e-05,-3.943685442209244e-06,per_model_kept_independent_plus_common_union
Qwen_Qwen3-4B,4B,4.0,2560,hidden_dim,exp_c,think,gsm8k_test_000560,think,canonical,,True,answer_segment,think_answer,6,exp_c_segment_sample,47,47,0.0010959284845739605,0.005133352482671592,0.0017864794936031103,0.015633560717105865,9.23231811293302e-06,0.00502591000859747,0.0,-0.0031886138554484147,-0.0025476471249324577,-0.009045198559761047,per_model_kept_independent_plus_common_union
Qwen_Qwen3-4B,4B,4.0,2560,hidden_dim,exp_c,think,gsm8k_test_000560,think,canonical,,True,answer_segment,think_answer,13,exp_c_segment_sample,47,47,0.0016793986549600958,0.004719500499282112,0.0019665248692035675,0.013313665986061096,6.406953301597947e-06,0.0046809117775410405,0.0,-0.003229359257718588,-0.002635725444027533,0.0010006846860051155,per_model_kept_independent_plus_common_union
Qwen_Qwen3-4B,4B,4.0,2560,hidden_dim,exp_c,think,gsm8k_test_000560,think,canonical,,True,answer_segment,think_answer,20,exp_c_segment_sample,47,47,0.0022439768072217703,0.004138150029478872,0.0023079768288880587,0.0070563191547989845,1.2528201113211618e-06,0.004084770456361382,0.0,-0.0008918866750467183,-0.0008244666387327015,-9.010545909404755e-06,per_model_kept_independent_plus_common_union
Qwen_Qwen3-4B,4B,4.0,2560,hidden_dim,exp_c,think,gsm8k_test_000560,think,canonical,,True,thinking_segment,thinking,6,exp_c_segment_sample,245,245,0.0010959284845739605,0.004968929118761907,0.0007258856785483658,0.04064127057790756,4.4308112687107424e-05,0.004957368953313801,0.08979591836734693,-0.003690664267138251,-0.0024858219408234877,-0.009045198559761047,per_model_kept_independent_plus_common_union
Qwen_Qwen3-4B,4B,4.0,2560,hidden_dim,exp_c,think,gsm8k_test_000560,think,canonical,,True,thinking_segment,thinking,13,exp_c_segment_sample,245,245,0.0016793986549600958,0.004035806552297911,0.0007048721890896559,0.01606615260243416,8.141670633883723e-06,0.004024589190938984,0.11428571428571428,-0.002562242424052493,-0.0016211017707152475,0.0010006846860051155,per_model_kept_independent_plus_common_union
Qwen_Qwen3-4B,4B,4.0,2560,hidden_dim,exp_c,think,gsm8k_test_000560,think,canonical,,True,thinking_segment,thinking,20,exp_c_segment_sample,245,245,0.0022439768072217703,0.004014092359254707,0.0012823964934796095,0.016643665730953217,3.814979966906219e-06,0.004001540264026948,0.14285714285714285,-0.0013503332608673826,-0.0009785268414435125,-9.010545909404755e-06,per_model_kept_independent_plus_common_union
Qwen_Qwen3-4B,4B,4.0,2560,hidden_dim,exp_c,think,gsm8k_test_000585,think,canonical,,True,answer_segment,think_answer,6,exp_c_segment_sample,57,57,0.0010959284845739605,0.005933969212173109,0.001781947328709066,0.017185945063829422,1.6496534825781534e-05,0.005848887613475589,0.0,-0.004474175980267295,-0.003163636048945288,0.002310119103640318,per_model_kept_independent_plus_common_union
Qwen_Qwen3-4B,4B,4.0,2560,hidden_dim,exp_c,think,gsm8k_test_000585,think,canonical,,True,answer_segment,think_answer,13,exp_c_segment_sample,57,57,0.0016793986549600958,0.004782961942909057,0.0023114564828574657,0.012298854067921638,5.053760309620294e-06,0.004737026220287328,0.0,-0.001966326260861493,-0.0016284736339002848,-0.00047086598351597786,per_model_kept_independent_plus_common_union
Qwen_Qwen3-4B,4B,4.0,2560,hidden_dim,exp_c,think,gsm8k_test_000585,think,canonical,,True,answer_segment,think_answer,20,exp_c_segment_sample,57,57,0.0022439768072217703,0.004891806204492847,0.002429001731798053,0.011831400915980339,3.6091133883313108e-06,0.0048205168859567485,0.0,-0.0013875651364290802,-0.001200743826727072,-0.000610114075243473,per_model_kept_independent_plus_common_union
Qwen_Qwen3-4B,4B,4.0,2560,hidden_dim,exp_c,think,gsm8k_test_000585,think,canonical,,True,thinking_segment,thinking,6,exp_c_segment_sample,222,222,0.0010959284845739605,0.004864674718077252,0.0005457309307530522,0.04430381581187248,4.5642943898922525e-05,0.004851292760840434,0.21171171171171171,-0.008240791272682194,-0.006972067007154692,0.002310119103640318,per_model_kept_independent_plus_common_union
Qwen_Qwen3-4B,4B,4.0,2560,hidden_dim,exp_c,think,gsm8k_test_000585,think,canonical,,True,thinking_segment,thinking,13,exp_c_segment_sample,222,222,0.0016793986549600958,0.003802674576306615,0.000937074248213321,0.0179084911942482,8.74403691961879e-06,0.0037914416544683003,0.20270270270270271,-0.003648138360241753,-0.0030604665038741325,-0.00047086598351597786,per_model_kept_independent_plus_common_union
Qwen_Qwen3-4B,4B,4.0,2560,hidden_dim,exp_c,think,gsm8k_test_000585,think,canonical,,True,thinking_segment,thinking,20,exp_c_segment_sample,222,222,0.0022439768072217703,0.004061337367962912,0.0016357677523046732,0.014194635674357414,3.478260213833595e-06,0.004050363875542055,0.06306306306306306,-0.00184647529909437,-0.0014241332225667846,-0.000610114075243473,per_model_kept_independent_plus_common_union
Qwen_Qwen3-4B,4B,4.0,2560,hidden_dim,exp_c,think,gsm8k_test_000595,think,canonical,,True,answer_segment,think_answer,6,exp_c_segment_sample,44,44,0.0010959284845739605,0.004751751519506797,0.001442544860765338,0.011108235456049442,6.156422776681171e-06,0.004694651024481065,0.0,-0.002532055165096552,-0.002017218206839805,-0.008223513141274452,per_model_kept_independent_plus_common_union
Qwen_Qwen3-4B,4B,4.0,2560,hidden_dim,exp_c,think,gsm8k_test_000595,think,canonical,,True,answer_segment,think_answer,13,exp_c_segment_sample,44,44,0.0016793986549600958,0.005060592758871446,0.0017647292697802186,0.011236024089157581,4.413024252821984e-06,0.0050633171827770595,0.0,-0.003089833239474418,-0.0026887992650947786,-0.00030445121228694916,per_model_kept_independent_plus_common_union
Qwen_Qwen3-4B,4B,4.0,2560,hidden_dim,exp_c,think,gsm8k_test_000595,think,canonical,,True,answer_segment,think_answer,20,exp_c_segment_sample,44,44,0.0022439768072217703,0.00481694397537715,0.0020562210120260715,0.009502716362476349,2.646271435411303e-06,0.004765648985021682,0.022727272727272728,-0.0012815476726797037,-0.0013348850082944737,0.0003094766288995743,per_model_kept_independent_plus_common_union
Qwen_Qwen3-4B,4B,4.0,2560,hidden_dim,exp_c,think,gsm8k_test_000595,think,canonical,,True,thinking_segment,thinking,6,exp_c_segment_sample,218,218,0.0010959284845739605,0.005508440057266453,0.0005380413495004177,0.03519350290298462,4.41305347550003e-05,0.005495002872819165,0.06880733944954129,-0.0002543697697097578,-0.0006312475634992799,-0.008223513141274452,per_model_kept_independent_plus_common_union
Qwen_Qwen3-4B,4B,4.0,2560,hidden_dim,exp_c,think,gsm8k_test_000595,think,canonical,,True,thinking_segment,thinking,13,exp_c_segment_sample,218,218,0.0016793986549600958,0.004408854841139304,0.0011318700853735209,0.01832977496087551,1.0175724830117324e-05,0.004393895866439471,0.0779816513761468,-0.0015672150066843847,-0.0013843452684919938,-0.00030445121228694916,per_model_kept_independent_plus_common_union
Qwen_Qwen3-4B,4B,4.0,2560,hidden_dim,exp_c,think,gsm8k_test_000595,think,canonical,,True,thinking_segment,thinking,20,exp_c_segment_sample,218,218,0.0022439768072217703,0.016591778184701644,0.0015746569260954857,2.6138975620269775,0.03109282389205268,0.016635895361758992,0.0779816513761468,0.0637350244907369,0.04676263685634529,0.0003094766288995743,per_model_kept_independent_plus_common_union
Qwen_Qwen3-4B,4B,4.0,2560,hidden_dim,exp_c,think,gsm8k_test_000640,think,canonical,,False,answer_segment,think_answer,6,exp_c_segment_sample,75,75,0.0010959284845739605,0.004176213733541469,0.0012554341228678823,0.012647402472794056,9.944134327881978e-06,0.0041207089073125374,0.0,-0.0024871834727788473,-0.0023250419916094923,0.001229702029377222,per_model_kept_independent_plus_common_union
Qwen_Qwen3-4B,4B,4.0,2560,hidden_dim,exp_c,think,gsm8k_test_000640,think,canonical,,False,answer_segment,think_answer,13,exp_c_segment_sample,75,75,0.0016793986549600958,0.0038348903181031346,0.0016476716846227646,0.010863497853279114,2.5663156727061735e-06,0.0038193916269527698,0.013333333333333334,-0.0010138816332542608,-0.0010872847817249985,-0.00184156047180295,per_model_kept_independent_plus_common_union
Qwen_Qwen3-4B,4B,4.0,2560,hidden_dim,exp_c,think,gsm8k_test_000640,think,canonical,,False,answer_segment,think_answer,20,exp_c_segment_sample,75,75,0.0022439768072217703,0.003783603693979482,0.001834200113080442,0.0071980515494942665,1.3285927515009674e-06,0.003761874875242545,0.06666666666666667,-0.00017233241128882348,-0.0001815856851049161,-0.001041563693434,per_model_kept_independent_plus_common_union
Qwen_Qwen3-4B,4B,4.0,2560,hidden_dim,exp_c,think,gsm8k_test_000640,think,canonical,,False,thinking_segment,thinking,6,exp_c_segment_sample,256,256,0.0010959284845739605,0.004072141487313274,0.0004866980598308146,0.03633761778473854,4.038506529156453e-05,0.004022835329214481,0.34375,-0.0006771959127856564,-0.0005251629172562389,0.001229702029377222,per_model_kept_independent_plus_common_union
Qwen_Qwen3-4B,4B,4.0,2560,hidden_dim,exp_c,think,gsm8k_test_000640,think,canonical,,False,thinking_segment,thinking,13,exp_c_segment_sample,256,256,0.0016793986549600958,0.004055773907793991,0.0008281507762148976,0.03730163723230362,2.4945024018009372e-05,0.003991775208318036,0.37109375,-0.002738915261124875,-0.0022753820194338914,-0.00184156047180295,per_model_kept_independent_plus_common_union
Qwen_Qwen3-4B,4B,4.0,2560,hidden_dim,exp_c,think,gsm8k_test_000640,think,canonical,,False,thinking_segment,thinking,20,exp_c_segment_sample,256,256,0.0022439768072217703,0.003939689408980485,0.001026201993227005,0.020302284508943558,9.486325133717587e-06,0.0038896703856160274,0.36328125,-0.0009511711909346223,-0.0011824849170807283,-0.001041563693434,per_model_kept_independent_plus_common_union
Qwen_Qwen3-4B,4B,4.0,2560,hidden_dim,exp_c,think,gsm8k_test_000697,think,canonical,,True,answer_segment,think_answer,6,exp_c_segment_sample,56,56,0.0010959284845739605,0.0044051083844221595,0.001213272218592465,0.017653869464993477,1.4206638930745665e-05,0.004291802062653005,0.0,-0.001147774308552279,-0.0006298132856110373,0.002208427991718054,per_model_kept_independent_plus_common_union
Qwen_Qwen3-4B,4B,4.0,2560,hidden_dim,exp_c,think,gsm8k_test_000697,think,canonical,,True,answer_segment,think_answer,13,exp_c_segment_sample,56,56,0.0016793986549600958,0.003980203305088382,0.0016375917475670576,0.009297455660998821,3.5908266446054474e-06,0.003935446812432598,0.017857142857142856,-0.0018884804972037793,-0.0011024170422128266,0.0011416503693908453,per_model_kept_independent_plus_common_union
Qwen_Qwen3-4B,4B,4.0,2560,hidden_dim,exp_c,think,gsm8k_test_000697,think,canonical,,True,answer_segment,think_answer,20,exp_c_segment_sample,56,56,0.0022439768072217703,0.003908785762697724,0.0021179737523198128,0.008683117106556892,2.371512658803048e-06,0.003844837476076051,0.05357142857142857,-0.0006565096997305819,-0.00014575484341808765,0.0005531124770641327,per_model_kept_independent_plus_common_union
Qwen_Qwen3-4B,4B,4.0,2560,hidden_dim,exp_c,think,gsm8k_test_000697,think,canonical,,True,thinking_segment,thinking,6,exp_c_segment_sample,208,208,0.0010959284845739605,0.004251590428444056,0.0006705215782858431,0.036457207053899765,3.29309783996438e-05,0.004236472502872707,0.14903846153846154,-0.0023758684432892987,-0.0010012658268141635,0.002208427991718054,per_model_kept_independent_plus_common_union
Qwen_Qwen3-4B,4B,4.0,2560,hidden_dim,exp_c,think,gsm8k_test_000697,think,canonical,,True,thinking_segment,thinking,13,exp_c_segment_sample,208,208,0.0016793986549600958,0.003413557669633659,0.0008471572655253112,0.02671092189848423,9.925351819196427e-06,0.003397782026409905,0.23557692307692307,-0.0017646857360494276,-0.0012003470362217813,0.0011416503693908453,per_model_kept_independent_plus_common_union
Qwen_Qwen3-4B,4B,4.0,2560,hidden_dim,exp_c,think,gsm8k_test_000697,think,canonical,,True,thinking_segment,thinking,20,exp_c_segment_sample,208,208,0.0022439768072217703,0.0034705886394546656,0.0012142076157033443,0.015033446252346039,3.773338341706612e-06,0.0034544406552092684,0.28846153846153844,-0.0005515289560035688,-0.00016887057035301764,0.0005531124770641327,per_model_kept_independent_plus_common_union
Qwen_Qwen3-4B,4B,4.0,2560,hidden_dim,exp_c,think,gsm8k_test_000713,think,canonical,,True,answer_segment,think_answer,6,exp_c_segment_sample,44,44,0.0010959284845739605,0.00462732471218756,0.00146572501398623,0.00975098554044962,5.3482857229892055e-06,0.004575075947159771,0.0,-0.002186845417600127,-0.00133757915517146,-0.01389792189002037,per_model_kept_independent_plus_common_union
Qwen_Qwen3-4B,4B,4.0,2560,hidden_dim,exp_c,think,gsm8k_test_000713,think,canonical,,True,answer_segment,think_answer,13,exp_c_segment_sample,44,44,0.0016793986549600958,0.00492773526771502,0.0020847644191235304,0.008334971964359283,3.4637627221608285e-06,0.00492600244903114,0.0,-0.002248413201816606,-0.001545187361030416,-0.0010748272761702538,per_model_kept_independent_plus_common_union
Qwen_Qwen3-4B,4B,4.0,2560,hidden_dim,exp_c,think,gsm8k_test_000713,think,canonical,,True,answer_segment,think_answer,20,exp_c_segment_sample,44,44,0.0022439768072217703,0.004510941274929792,0.0020729764364659786,0.006718779914081097,1.5120988019215707e-06,0.004480994192796736,0.022727272727272728,-0.0021911501722184563,-0.0016730173533274365,-0.0007050600834190845,per_model_kept_independent_plus_common_union
Qwen_Qwen3-4B,4B,4.0,2560,hidden_dim,exp_c,think,gsm8k_test_000713,think,canonical,,True,thinking_segment,thinking,6,exp_c_segment_sample,229,229,0.0010959284845739605,0.006201234352561405,0.0005765513051301241,0.05157580226659775,7.998487775220578e-05,0.0061949194113319495,0.08733624454148471,-0.005086728935194478,-0.0032679422824755952,-0.01389792189002037,per_model_kept_independent_plus_common_union
Qwen_Qwen3-4B,4B,4.0,2560,hidden_dim,exp_c,think,gsm8k_test_000713,think,canonical,,True,thinking_segment,thinking,13,exp_c_segment_sample,229,229,0.0016793986549600958,0.0042804233500058865,0.0011452438775449991,0.022958558052778244,8.901042086522e-06,0.004269093277112564,0.07423580786026202,-0.0035799534816152727,-0.0023420659668647262,-0.0010748272761702538,per_model_kept_independent_plus_common_union
Qwen_Qwen3-4B,4B,4.0,2560,hidden_dim,exp_c,think,gsm8k_test_000713,think,canonical,,True,thinking_segment,thinking,20,exp_c_segment_sample,229,229,0.0022439768072217703,0.004573793569376375,0.0017226736526936293,0.01501406915485859,4.670586509209604e-06,0.00456095271613122,0.06550218340611354,-0.002253973662187684,-0.001715416124829187,-0.0007050600834190845,per_model_kept_independent_plus_common_union
Qwen_Qwen3-4B,4B,4.0,2560,hidden_dim,exp_c,think,gsm8k_test_000795,think,canonical,,True,answer_segment,think_answer,6,exp_c_segment_sample,52,52,0.0010959284845739605,0.005121829583703612,0.0014891783939674497,0.017634131014347076,1.5583504596838183e-05,0.005045202200063596,0.0,-0.0004319712576755077,0.0006035821458611349,0.001865096390247345,per_model_kept_independent_plus_common_union
Qwen_Qwen3-4B,4B,4.0,2560,hidden_dim,exp_c,think,gsm8k_test_000795,think,canonical,,True,answer_segment,think_answer,13,exp_c_segment_sample,52,52,0.0016793986549600958,0.0046054975134141455,0.001690769218839705,0.011368749663233757,4.389206564564958e-06,0.004589750000056537,0.0,-0.001084113282273851,-0.00028728853123119284,0.0001464448869228363,per_model_kept_independent_plus_common_union
Qwen_Qwen3-4B,4B,4.0,2560,hidden_dim,exp_c,think,gsm8k_test_000795,think,canonical,,True,answer_segment,think_answer,20,exp_c_segment_sample,52,52,0.0022439768072217703,0.004295451965075559,0.002182916272431612,0.008975248783826828,2.5327838910440676e-06,0.0042300593591861274,0.019230769230769232,-0.0008501673324428275,-2.3398602094788085e-05,0.0003959638997912407,per_model_kept_independent_plus_common_union
Qwen_Qwen3-4B,4B,4.0,2560,hidden_dim,exp_c,think,gsm8k_test_000795,think,canonical,,True,thinking_segment,thinking,6,exp_c_segment_sample,132,132,0.0010959284845739605,0.0066463802456079675,0.0008766792598180473,0.05442265793681145,6.368724960352886e-05,0.006644217470724792,0.030303030303030304,-0.0064005916280514665,-0.005835425925342309,0.001865096390247345,per_model_kept_independent_plus_common_union
Qwen_Qwen3-4B,4B,4.0,2560,hidden_dim,exp_c,think,gsm8k_test_000795,think,canonical,,True,thinking_segment,thinking,13,exp_c_segment_sample,132,132,0.0016793986549600958,0.0043434079844067155,0.000995213515125215,0.011054160073399544,5.303411593029633e-06,0.004335869886585377,0.06060606060606061,-0.002255106405493496,-0.0018954380965706978,0.0001464448869228363,per_model_kept_independent_plus_common_union
Qwen_Qwen3-4B,4B,4.0,2560,hidden_dim,exp_c,think,gsm8k_test_000795,think,canonical,,True,thinking_segment,thinking,20,exp_c_segment_sample,132,132,0.0022439768072217703,0.004563776950817555,0.0017859289655461907,0.01755537837743759,4.775909501526094e-06,0.0045560906651849285,0.06818181818181818,-0.0010821007603368197,-0.0009004207059853907,0.0003959638997912407,per_model_kept_independent_plus_common_union
Qwen_Qwen3-4B,4B,4.0,2560,hidden_dim,exp_c,think,gsm8k_test_000814,think,canonical,,False,answer_segment,think_answer,6,exp_c_segment_sample,97,97,0.0010959284845739605,0.006571575909248102,0.0005248320521786809,0.03857669606804848,6.682244868796327e-05,0.006428557010319006,0.08247422680412371,-0.009014972128591653,-0.00822847134433687,0.0053031789138913155,per_model_kept_independent_plus_common_union
Qwen_Qwen3-4B,4B,4.0,2560,hidden_dim,exp_c,think,gsm8k_test_000814,think,canonical,,False,answer_segment,think_answer,13,exp_c_segment_sample,97,97,0.0016793986549600958,0.004684074823840608,0.001253861584700644,0.025867942720651627,1.3452698475037222e-05,0.004651738753940055,0.05154639175257732,-0.004973144904652943,-0.004037919277325273,-0.001819587778300047,per_model_kept_independent_plus_common_union
Qwen_Qwen3-4B,4B,4.0,2560,hidden_dim,exp_c,think,gsm8k_test_000814,think,canonical,,False,answer_segment,think_answer,20,exp_c_segment_sample,97,97,0.0022439768072217703,0.004346113054312228,0.0018485989421606064,0.011586874723434448,3.2978264045809224e-06,0.004304373857545821,0.020618556701030927,-0.0015611077302997514,-0.0012820503674447533,5.792547017335892e-05,per_model_kept_independent_plus_common_union
Qwen_Qwen3-4B,4B,4.0,2560,hidden_dim,exp_c,think,gsm8k_test_000814,think,canonical,,False,thinking_segment,thinking,6,exp_c_segment_sample,256,256,0.0010959284845739605,0.006945591885937574,0.00039840483805164695,0.07252056896686554,0.00013643669446592303,0.006901479760419984,0.19140625,-0.005825393395324282,-0.005299113995988591,0.0053031789138913155,per_model_kept_independent_plus_common_union
Qwen_Qwen3-4B,4B,4.0,2560,hidden_dim,exp_c,think,gsm8k_test_000814,think,canonical,,False,thinking_segment,thinking,13,exp_c_segment_sample,256,256,0.0016793986549600958,0.004852789327742357,0.0006643678643740714,0.032580770552158356,2.787978753036782e-05,0.00481194820398915,0.2421875,-0.0036265238310877164,-0.0027333629195709364,-0.001819587778300047,per_model_kept_independent_plus_common_union
Qwen_Qwen3-4B,4B,4.0,2560,hidden_dim,exp_c,think,gsm8k_test_000814,think,canonical,,False,thinking_segment,thinking,20,exp_c_segment_sample,256,256,0.0022439768072217703,0.005286798398628889,0.001025944366119802,0.04449135437607765,2.5232831240280155e-05,0.005238596023401685,0.2109375,-0.0038729217026313633,-0.0027549603164516157,5.792547017335892e-05,per_model_kept_independent_plus_common_union
Qwen_Qwen3-4B,4B,4.0,2560,hidden_dim,exp_c,think,gsm8k_test_000900,think,canonical,,True,answer_segment,think_answer,6,exp_c_segment_sample,42,42,0.0010959284845739605,0.00397174478885496,0.0012233144370839,0.01099089439958334,5.568805058718994e-06,0.0038874189755538613,0.0,-0.0006957292592344805,-0.000915868250145154,0.0013837385922670364,per_model_kept_independent_plus_common_union
Qwen_Qwen3-4B,4B,4.0,2560,hidden_dim,exp_c,think,gsm8k_test_000900,think,canonical,,True,answer_segment,think_answer,13,exp_c_segment_sample,42,42,0.0016793986549600958,0.004644862714312261,0.0013944059610366821,0.01034686528146267,4.86604543175501e-06,0.0046072679219722025,0.09523809523809523,-0.0022309607187242704,-0.002254778434607116,0.00019613001495599747,per_model_kept_independent_plus_common_union
Qwen_Qwen3-4B,4B,4.0,2560,hidden_dim,exp_c,think,gsm8k_test_000900,think,canonical,,True,answer_segment,think_answer,20,exp_c_segment_sample,42,42,0.0022439768072217703,0.0043774189848807595,0.001520955702289939,0.009926004335284233,3.2890497245330325e-06,0.004328767502135256,0.047619047619047616,-0.0014276075118106848,-0.0012001562016931448,0.0010224804282188416,per_model_kept_independent_plus_common_union
Qwen_Qwen3-4B,4B,4.0,2560,hidden_dim,exp_c,think,gsm8k_test_000900,think,canonical,,True,thinking_segment,thinking,6,exp_c_segment_sample,244,244,0.0010959284845739605,0.0053498352742773,0.0006232416490092874,0.04448268935084343,6.526357116719812e-05,0.0053371045733188755,0.1557377049180328,-0.0007385997763681717,-0.0017858244608477004,0.0013837385922670364,per_model_kept_independent_plus_common_union
Qwen_Qwen3-4B,4B,4.0,2560,hidden_dim,exp_c,think,gsm8k_test_000900,think,canonical,,True,thinking_segment,thinking,13,exp_c_segment_sample,244,244,0.0016793986549600958,0.004337751135787331,0.0009420393034815788,0.03783519193530083,1.8577055764841446e-05,0.004324528671333511,0.13934426229508196,-0.0016431454019546219,-0.0012439360296292628,0.00019613001495599747,per_model_kept_independent_plus_common_union
Qwen_Qwen3-4B,4B,4.0,2560,hidden_dim,exp_c,think,gsm8k_test_000900,think,canonical,,True,thinking_segment,thinking,20,exp_c_segment_sample,244,244,0.0022439768072217703,0.0047471877278141734,0.001590736210346222,0.02737061306834221,8.075321125354408e-06,0.00473772992098267,0.045081967213114756,-0.0023735827257348476,-0.0018856961234304751,0.0010224804282188416,per_model_kept_independent_plus_common_union
Qwen_Qwen3-4B,4B,4.0,2560,hidden_dim,exp_c,think,gsm8k_test_000901,think,canonical,,False,answer_segment,think_answer,6,exp_c_segment_sample,37,37,0.0010959284845739605,0.004635589272790664,0.0015085909981280565,0.012420523911714554,7.20598133927259e-06,0.004589893289246699,0.0,-0.002570461675559157,-0.0017861663945950568,0.0001432974822819233,per_model_kept_independent_plus_common_union
Qwen_Qwen3-4B,4B,4.0,2560,hidden_dim,exp_c,think,gsm8k_test_000901,think,canonical,,False,answer_segment,think_answer,13,exp_c_segment_sample,37,37,0.0016793986549600958,0.004617652132150692,0.002051072893664241,0.009115632623434067,3.819732088673205e-06,0.004613711860858731,0.0,-0.0013108667082936199,-0.0009238659869879482,-0.000546193914487958,per_model_kept_independent_plus_common_union
Qwen_Qwen3-4B,4B,4.0,2560,hidden_dim,exp_c,think,gsm8k_test_000901,think,canonical,,False,answer_segment,think_answer,20,exp_c_segment_sample,37,37,0.0022439768072217703,0.004956201039808425,0.0024808491580188274,0.010427615605294704,2.919149931756425e-06,0.004945693459982674,0.0,-0.001978830460215234,-0.0014791843015700577,-0.001423798967152834,per_model_kept_independent_plus_common_union
Qwen_Qwen3-4B,4B,4.0,2560,hidden_dim,exp_c,think,gsm8k_test_000901,think,canonical,,False,thinking_segment,thinking,6,exp_c_segment_sample,256,256,0.0010959284845739605,0.005878360251585946,0.0004570751916617155,0.08563569188117981,9.164823121922714e-05,0.00584184369421791,0.171875,-0.0058948131278089965,-0.006018741508796666,0.0001432974822819233,per_model_kept_independent_plus_common_union
Qwen_Qwen3-4B,4B,4.0,2560,hidden_dim,exp_c,think,gsm8k_test_000901,think,canonical,,False,thinking_segment,thinking,13,exp_c_segment_sample,256,256,0.0016793986549600958,0.004660560194452046,0.0006345389992929995,0.028527934104204178,2.033927201454227e-05,0.004622245660325381,0.23828125,-0.002504371594260276,-0.002615658313516178,-0.000546193914487958,per_model_kept_independent_plus_common_union
Qwen_Qwen3-4B,4B,4.0,2560,hidden_dim,exp_c,think,gsm8k_test_000901,think,canonical,,False,thinking_segment,thinking,20,exp_c_segment_sample,256,256,0.0022439768072217703,0.005062407271452685,0.0011503479909151793,0.020425880327820778,1.3573027699332727e-05,0.005027455154971581,0.21875,-0.0024904117050160157,-0.002329347860722919,-0.001423798967152834,per_model_kept_independent_plus_common_union
Qwen_Qwen3-4B,4B,4.0,2560,hidden_dim,exp_c,think,gsm8k_test_000917,think,canonical,,True,answer_segment,think_answer,6,exp_c_segment_sample,38,38,0.0010959284845739605,0.005433433980215341,0.0009326407453045249,0.01652306690812111,1.7660774179493963e-05,0.005313294005227853,0.07894736842105263,-0.0021809318856060994,-0.0017642878112383194,0.003913540858775377,per_model_kept_independent_plus_common_union
Qwen_Qwen3-4B,4B,4.0,2560,hidden_dim,exp_c,think,gsm8k_test_000917,think,canonical,,True,answer_segment,think_answer,13,exp_c_segment_sample,38,38,0.0016793986549600958,0.005425699995708112,0.001400354434736073,0.016323281452059746,1.3726670080599718e-05,0.005393839047944827,0.05263157894736842,-0.0050389271871439465,-0.0044778501265682275,0.005106059834361076,per_model_kept_independent_plus_common_union
Qwen_Qwen3-4B,4B,4.0,2560,hidden_dim,exp_c,think,gsm8k_test_000917,think,canonical,,True,answer_segment,think_answer,20,exp_c_segment_sample,38,38,0.0022439768072217703,0.004443204312242176,0.0020682362373918295,0.00797080248594284,2.833773058698516e-06,0.004354192516640635,0.13157894736842105,-0.0025256162467846306,-0.0021898348815739157,0.0016151927411556244,per_model_kept_independent_plus_common_union
Qwen_Qwen3-4B,4B,4.0,2560,hidden_dim,exp_c,think,gsm8k_test_000917,think,canonical,,True,thinking_segment,thinking,6,exp_c_segment_sample,156,156,0.0010959284845739605,0.006560864046407051,0.0011288990499451756,0.031182721257209778,4.505724654238373e-05,0.0065545490296978134,0.0,-0.0047141643769109155,-0.004235508953197263,0.003913540858775377,per_model_kept_independent_plus_common_union
Qwen_Qwen3-4B,4B,4.0,2560,hidden_dim,exp_c,think,gsm8k_test_000917,think,canonical,,True,thinking_segment,thinking,13,exp_c_segment_sample,156,156,0.0016793986549600958,0.004560739372839005,0.0014386815018951893,0.0185492355376482,9.60933822085697e-06,0.004549203013190099,0.04487179487179487,-0.0025211123295645374,-0.0022175818478736356,0.005106059834361076,per_model_kept_independent_plus_common_union
Qwen_Qwen3-4B,4B,4.0,2560,hidden_dim,exp_c,think,gsm8k_test_000917,think,canonical,,True,thinking_segment,thinking,20,exp_c_segment_sample,156,156,0.0022439768072217703,0.004610110485466579,0.0013770300429314375,0.013573089614510536,5.773006251531349e-06,0.004598732838677542,0.07692307692307693,-0.001863941831596606,-0.0017563907745986795,0.0016151927411556244,per_model_kept_independent_plus_common_union
Qwen_Qwen3-4B,4B,4.0,2560,hidden_dim,exp_c,think,gsm8k_test_000923,think,canonical,,True,answer_segment,think_answer,6,exp_c_segment_sample,49,49,0.0010959284845739605,0.006074317329449161,0.00105117482598871,0.01953827403485775,2.000145183503759e-05,0.005977965059476748,0.02040816326530612,-0.002791975312961308,-0.0013054928813989349,-0.0004361998289823532,per_model_kept_independent_plus_common_union
Qwen_Qwen3-4B,4B,4.0,2560,hidden_dim,exp_c,think,gsm8k_test_000923,think,canonical,,True,answer_segment,think_answer,13,exp_c_segment_sample,49,49,0.0016793986549600958,0.005614557593338647,0.0016474751755595207,0.011317393742501736,5.9516106329032865e-06,0.005563093121357572,0.02040816326530612,-0.00254012606733916,-0.001465870497318414,0.000976654700934887,per_model_kept_independent_plus_common_union
Qwen_Qwen3-4B,4B,4.0,2560,hidden_dim,exp_c,think,gsm8k_test_000923,think,canonical,,True,answer_segment,think_answer,20,exp_c_segment_sample,49,49,0.0022439768072217703,0.004988433006789764,0.0017222914611920714,0.0084785595536232,2.5526852036426256e-06,0.0049419413674816805,0.02040816326530612,-0.0016659016753261806,-0.0009799922386614177,0.0015568179078400135,per_model_kept_independent_plus_common_union
Qwen_Qwen3-4B,4B,4.0,2560,hidden_dim,exp_c,think,gsm8k_test_000923,think,canonical,,True,thinking_segment,thinking,6,exp_c_segment_sample,256,256,0.0010959284845739605,0.005234825361640105,0.00038941053207963705,0.05288434028625488,6.212766966742055e-05,0.005083989773848343,0.2578125,-0.00404663345879642,-0.004270427577012015,-0.0004361998289823532,per_model_kept_independent_plus_common_union
Qwen_Qwen3-4B,4B,4.0,2560,hidden_dim,exp_c,think,gsm8k_test_000923,think,canonical,,True,thinking_segment,thinking,13,exp_c_segment_sample,256,256,0.0016793986549600958,0.004123673136518846,0.0007094160537235439,0.030806466937065125,1.542424636201594e-05,0.004126916810648943,0.21484375,-0.003065615722222566,-0.0028786964876417187,0.000976654700934887,per_model_kept_independent_plus_common_union
Qwen_Qwen3-4B,4B,4.0,2560,hidden_dim,exp_c,think,gsm8k_test_000923,think,canonical,,True,thinking_segment,thinking,20,exp_c_segment_sample,256,256,0.0022439768072217703,0.004178889852710199,0.0008972216164693236,0.017994513735175133,6.597912370010464e-06,0.004213403701740457,0.21875,-0.0016007385760254428,-0.001510570935352007,0.0015568179078400135,per_model_kept_independent_plus_common_union
Qwen_Qwen3-4B,4B,4.0,2560,hidden_dim,exp_c,think,gsm8k_test_000924,think,canonical,,True,answer_segment,think_answer,6,exp_c_segment_sample,42,42,0.0010959284845739605,0.004125148842355148,0.001237442484125495,0.011477584019303322,5.7375305065427804e-06,0.004028478214267369,0.0,-0.0011786910835993908,-0.0006228188285604119,-0.003072652965784073,per_model_kept_independent_plus_common_union
Qwen_Qwen3-4B,4B,4.0,2560,hidden_dim,exp_c,think,gsm8k_test_000924,think,canonical,,True,answer_segment,think_answer,13,exp_c_segment_sample,42,42,0.0016793986549600958,0.004615105084320973,0.0019524889066815376,0.011425469070672989,4.561074389199484e-06,0.004589712886117036,0.0,-0.0020760939420940384,-0.001284165456044403,-0.0010007712990045547,per_model_kept_independent_plus_common_union
Qwen_Qwen3-4B,4B,4.0,2560,hidden_dim,exp_c,think,gsm8k_test_000924,think,canonical,,True,answer_segment,think_answer,20,exp_c_segment_sample,42,42,0.0022439768072217703,0.0047059513218257396,0.0021725508850067854,0.011567198671400547,3.7106547799197743e-06,0.004652864833521408,0.023809523809523808,-7.95776657203186e-05,7.407142865386868e-05,-0.0006282837130129337,per_model_kept_independent_plus_common_union
Qwen_Qwen3-4B,4B,4.0,2560,hidden_dim,exp_c,think,gsm8k_test_000924,think,canonical,,True,thinking_segment,thinking,6,exp_c_segment_sample,256,256,0.0010959284845739605,0.005506246019649552,0.0004955056356266141,0.1297493875026703,0.00013745328205764636,0.005714134033009575,0.25,-0.006646024014981412,-0.005412957483293632,-0.003072652965784073,per_model_kept_independent_plus_common_union
Qwen_Qwen3-4B,4B,4.0,2560,hidden_dim,exp_c,think,gsm8k_test_000924,think,canonical,,True,thinking_segment,thinking,13,exp_c_segment_sample,256,256,0.0016793986549600958,0.0040510619876386045,0.0007651784690096974,0.030931223183870316,1.9433699301436197e-05,0.004074552198289893,0.328125,-0.0030218680975847827,-0.0025044525095906395,-0.0010007712990045547,per_model_kept_independent_plus_common_union
Qwen_Qwen3-4B,4B,4.0,2560,hidden_dim,exp_c,think,gsm8k_test_000924,think,canonical,,True,thinking_segment,thinking,20,exp_c_segment_sample,256,256,0.0022439768072217703,0.004034086360661604,0.000970579800195992,0.01721860095858574,9.125593850227294e-06,0.004089209707752612,0.359375,-0.0024471431739610597,-0.0022480940267157095,-0.0006282837130129337,per_model_kept_independent_plus_common_union
Qwen_Qwen3-4B,4B,4.0,2560,hidden_dim,exp_c,think,gsm8k_test_000965,think,canonical,,True,answer_segment,think_answer,6,exp_c_segment_sample,54,54,0.0010959284845739605,0.005372494668268633,0.0015207359101623297,0.015061345882713795,1.1248922227287902e-05,0.005302533755553359,0.0,-0.0006133833253342273,-0.0008941026753745973,-0.0005367053672671318,per_model_kept_independent_plus_common_union
Qwen_Qwen3-4B,4B,4.0,2560,hidden_dim,exp_c,think,gsm8k_test_000965,think,canonical,,True,answer_segment,think_answer,13,exp_c_segment_sample,54,54,0.0016793986549600958,0.004570000830830799,0.0019046241650357842,0.013670235872268677,5.1626884032790644e-06,0.004536841987228054,0.0,-0.002176554828901033,-0.0021702218883936954,-0.001516509335488081,per_model_kept_independent_plus_common_union
Qwen_Qwen3-4B,4B,4.0,2560,hidden_dim,exp_c,think,gsm8k_test_000965,think,canonical,,True,answer_segment,think_answer,20,exp_c_segment_sample,54,54,0.0022439768072217703,0.004342241482205551,0.0018292473396286368,0.011604205705225468,2.8227234525626273e-06,0.004244499222621463,0.037037037037037035,-0.0013945409654159888,-0.00130520696984604,0.0002479148097336292,per_model_kept_independent_plus_common_union
Qwen_Qwen3-4B,4B,4.0,2560,hidden_dim,exp_c,think,gsm8k_test_000965,think,canonical,,True,thinking_segment,thinking,6,exp_c_segment_sample,256,256,0.0010959284845739605,0.005720600893937444,0.0006240324582904577,0.05011322349309921,5.9564417332535325e-05,0.00576433933412282,0.05859375,-0.005002267828940579,-0.0032140425021330325,-0.0005367053672671318,per_model_kept_independent_plus_common_union
Qwen_Qwen3-4B,4B,4.0,2560,hidden_dim,exp_c,think,gsm8k_test_000965,think,canonical,,True,thinking_segment,thinking,13,exp_c_segment_sample,256,256,0.0016793986549600958,0.004570049610720162,0.0010498784249648452,0.03658275678753853,1.595345021742491e-05,0.004579593710505843,0.08203125,-0.003486050370019689,-0.0023467640965603867,-0.001516509335488081,per_model_kept_independent_plus_common_union
Qwen_Qwen3-4B,4B,4.0,2560,hidden_dim,exp_c,think,gsm8k_test_000965,think,canonical,,True,thinking_segment,thinking,20,exp_c_segment_sample,256,256,0.0022439768072217703,0.004697863987075834,0.0017126885941252112,0.020431717857718468,5.9661614981542706e-06,0.0046988398232693475,0.078125,-0.0010263113506568432,-0.0006921851792587681,0.0002479148097336292,per_model_kept_independent_plus_common_union
Qwen_Qwen3-4B,4B,4.0,2560,hidden_dim,exp_c,think,gsm8k_test_000977,think,canonical,,True,answer_segment,think_answer,6,exp_c_segment_sample,46,46,0.0010959284845739605,0.004227616090287009,0.001115652616135776,0.010252697393298149,5.65101318976991e-06,0.00418840980467697,0.0,-0.0021828598395389693,-0.0020934008061885834,-0.008653732016682625,per_model_kept_independent_plus_common_union
Qwen_Qwen3-4B,4B,4.0,2560,hidden_dim,exp_c,think,gsm8k_test_000977,think,canonical,,True,answer_segment,think_answer,13,exp_c_segment_sample,46,46,0.0016793986549600958,0.00455949188756716,0.0019515289459377527,0.008734999224543571,3.4771094260366806e-06,0.004542690717304746,0.0,-0.0026123745327730975,-0.0025166630706128976,-0.00031750090420246124,per_model_kept_independent_plus_common_union
Qwen_Qwen3-4B,4B,4.0,2560,hidden_dim,exp_c,think,gsm8k_test_000977,think,canonical,,True,answer_segment,think_answer,20,exp_c_segment_sample,46,46,0.0022439768072217703,0.004947924908027862,0.001906195073388517,0.011539284139871597,2.7606347423070667e-06,0.004920808989037242,0.06521739130434782,-0.002516213771206512,-0.002136193943442777,1.2329313904047012e-05,per_model_kept_independent_plus_common_union
Qwen_Qwen3-4B,4B,4.0,2560,hidden_dim,exp_c,think,gsm8k_test_000977,think,canonical,,True,thinking_segment,thinking,6,exp_c_segment_sample,166,166,0.0010959284845739605,0.005810060863402751,0.0009089095401577652,0.03083076700568199,5.09724792869766e-05,0.0057980148767290485,0.04819277108433735,-0.004191158087405582,-0.0025640865122633317,-0.008653732016682625,per_model_kept_independent_plus_common_union
Qwen_Qwen3-4B,4B,4.0,2560,hidden_dim,exp_c,think,gsm8k_test_000977,think,canonical,,True,thinking_segment,thinking,13,exp_c_segment_sample,166,166,0.0016793986549600958,0.004355103638673942,0.0014170705107972026,0.025247300043702126,1.095298578948623e-05,0.0043445010937637465,0.060240963855421686,-0.0019670543264567767,-0.0012702199885444273,-0.00031750090420246124,per_model_kept_independent_plus_common_union
Qwen_Qwen3-4B,4B,4.0,2560,hidden_dim,exp_c,think,gsm8k_test_000977,think,canonical,,True,thinking_segment,thinking,20,exp_c_segment_sample,166,166,0.0022439768072217703,0.004423935545597181,0.0020511336624622345,0.01423720270395279,4.0162945939078924e-06,0.004417095066640866,0.04216867469879518,-0.0010560239607863462,-0.0006348339763159547,1.2329313904047012e-05,per_model_kept_independent_plus_common_union
Qwen_Qwen3-4B,4B,4.0,2560,hidden_dim,exp_c,think,gsm8k_test_001009,think,canonical,,True,answer_segment,think_answer,6,exp_c_segment_sample,71,71,0.0010959284845739605,0.004203469080942303,0.0007847471861168742,0.02075287327170372,1.4498176319664482e-05,0.00407928435431261,0.16901408450704225,-0.0020981590381600533,-0.0018198111728351153,0.002713300520554185,per_model_kept_independent_plus_common_union
Qwen_Qwen3-4B,4B,4.0,2560,hidden_dim,exp_c,think,gsm8k_test_001009,think,canonical,,True,answer_segment,think_answer,13,exp_c_segment_sample,71,71,0.0016793986549600958,0.004141897882964514,0.0014252883847802877,0.010810966603457928,5.431560774194815e-06,0.004071816836949437,0.07042253521126761,-0.0028303969269421665,-0.0023884162591356365,0.0016005025245249271,per_model_kept_independent_plus_common_union
Qwen_Qwen3-4B,4B,4.0,2560,hidden_dim,exp_c,think,gsm8k_test_001009,think,canonical,,True,answer_segment,think_answer,20,exp_c_segment_sample,71,71,0.0022439768072217703,0.0040067208842308796,0.0019148109713569283,0.012499639764428139,2.8163228468494577e-06,0.00391412187267893,0.07042253521126761,-0.0011363575661865381,-0.0010407752965369988,0.00034732697531580925,per_model_kept_independent_plus_common_union
Qwen_Qwen3-4B,4B,4.0,2560,hidden_dim,exp_c,think,gsm8k_test_001009,think,canonical,,True,thinking_segment,thinking,6,exp_c_segment_sample,251,251,0.0010959284845739605,0.00454552153884192,0.0005824094405397773,0.05880403518676758,5.2793594816514505e-05,0.0045320963445119565,0.1752988047808765,-0.008226962202684299,-0.005969929579083646,0.002713300520554185,per_model_kept_independent_plus_common_union
Qwen_Qwen3-4B,4B,4.0,2560,hidden_dim,exp_c,think,gsm8k_test_001009,think,canonical,,True,thinking_segment,thinking,13,exp_c_segment_sample,251,251,0.0016793986549600958,0.004003308174957288,0.0011956205125898123,0.017423229292035103,1.0005889701030768e-05,0.00399105970049277,0.14741035856573706,-0.0037289674255044317,-0.002785674479257848,0.0016005025245249271,per_model_kept_independent_plus_common_union
Qwen_Qwen3-4B,4B,4.0,2560,hidden_dim,exp_c,think,gsm8k_test_001009,think,canonical,,True,thinking_segment,thinking,20,exp_c_segment_sample,251,251,0.0022439768072217703,0.010420339678755526,0.0017313522985205054,1.5693563222885132,0.009724717504248817,0.010433588295709346,0.055776892430278883,0.018009157747710867,0.02397293354465907,0.00034732697531580925,per_model_kept_independent_plus_common_union
Qwen_Qwen3-4B,4B,4.0,2560,hidden_dim,exp_c,think,gsm8k_test_001017,think,canonical,,True,answer_segment,think_answer,6,exp_c_segment_sample,53,53,0.0010959284845739605,0.004799811070661922,0.0015345059800893068,0.019553979858756065,1.0822276037890092e-05,0.0047363487493175165,0.0,-0.0009844646661247521,-0.0007826305559969372,-0.005860720761120319,per_model_kept_independent_plus_common_union
Qwen_Qwen3-4B,4B,4.0,2560,hidden_dim,exp_c,think,gsm8k_test_001017,think,canonical,,True,answer_segment,think_answer,13,exp_c_segment_sample,53,53,0.0016793986549600958,0.004943865136120398,0.002040676772594452,0.01682141050696373,6.942471997554384e-06,0.004930812771467922,0.0,-0.0019578293309521605,-0.0013413194766534221,5.12395054101944e-05,per_model_kept_independent_plus_common_union
Qwen_Qwen3-4B,4B,4.0,2560,hidden_dim,exp_c,think,gsm8k_test_001017,think,canonical,,True,answer_segment,think_answer,20,exp_c_segment_sample,53,53,0.0022439768072217703,0.004884154447969401,0.002346070483326912,0.012445570901036263,3.183058026802556e-06,0.00483281885793146,0.0,-0.00100576848014252,-0.0007393296442127651,0.0023479629307985306,per_model_kept_independent_plus_common_union
Qwen_Qwen3-4B,4B,4.0,2560,hidden_dim,exp_c,think,gsm8k_test_001017,think,canonical,,True,thinking_segment,thinking,6,exp_c_segment_sample,138,138,0.0010959284845739605,0.006116511235671604,0.0009433825616724789,0.03433698043227196,4.3591573151674826e-05,0.006106450599295353,0.028985507246376812,-0.0028945254757503803,-0.0009469910158908792,-0.005860720761120319,per_model_kept_independent_plus_common_union
Qwen_Qwen3-4B,4B,4.0,2560,hidden_dim,exp_c,think,gsm8k_test_001017,think,canonical,,True,thinking_segment,thinking,13,exp_c_segment_sample,138,138,0.0016793986549600958,0.004994460562939175,0.0018618181347846985,0.018558243289589882,9.443272802874965e-06,0.004985281435371696,0.0,-0.002784819909707036,-0.0017474300560674496,5.12395054101944e-05,per_model_kept_independent_plus_common_union
Qwen_Qwen3-4B,4B,4.0,2560,hidden_dim,exp_c,think,gsm8k_test_001017,think,canonical,,True,thinking_segment,thinking,20,exp_c_segment_sample,138,138,0.0022439768072217703,0.004723951834645392,0.0016435235738754272,0.01482132077217102,4.8243056889586516e-06,0.0047116524584074745,0.043478260869565216,-0.0017596071284214285,-0.001222188105540616,0.0023479629307985306,per_model_kept_independent_plus_common_union
Qwen_Qwen3-4B,4B,4.0,2560,hidden_dim,exp_c,think,gsm8k_test_001031,think,canonical,,True,answer_segment,think_answer,6,exp_c_segment_sample,55,55,0.0010959284845739605,0.004755637079307979,0.0013714287197217345,0.016011234372854233,1.0170431943536966e-05,0.004678703212886358,0.0,-0.0024262151126024072,-0.0016665294450441646,-0.0018805400468409061,per_model_kept_independent_plus_common_union
Qwen_Qwen3-4B,4B,4.0,2560,hidden_dim,exp_c,think,gsm8k_test_001031,think,canonical,,True,answer_segment,think_answer,13,exp_c_segment_sample,55,55,0.0016793986549600958,0.004688960224898024,0.001784471096470952,0.01444188505411148,5.278197192387917e-06,0.004672832993997468,0.0,-0.0023727688753928987,-0.001441878133586475,-0.0003622579388320446,per_model_kept_independent_plus_common_union
Qwen_Qwen3-4B,4B,4.0,2560,hidden_dim,exp_c,think,gsm8k_test_001031,think,canonical,,True,answer_segment,think_answer,20,exp_c_segment_sample,55,55,0.0022439768072217703,0.004595941893587059,0.0019195114728063345,0.009185479953885078,2.6597965837197556e-06,0.0045547340996563435,0.01818181818181818,-0.001562408617600891,-0.0008680957668860045,0.001400562934577465,per_model_kept_independent_plus_common_union
Qwen_Qwen3-4B,4B,4.0,2560,hidden_dim,exp_c,think,gsm8k_test_001031,think,canonical,,True,thinking_segment,thinking,6,exp_c_segment_sample,256,256,0.0010959284845739605,0.005452104990808948,0.0006125541985966265,0.03462962433695793,4.7545405149025934e-05,0.005550611889009008,0.15625,-0.005943657204234172,-0.005191155926695501,-0.0018805400468409061,per_model_kept_independent_plus_common_union
Qwen_Qwen3-4B,4B,4.0,2560,hidden_dim,exp_c,think,gsm8k_test_001031,think,canonical,,True,thinking_segment,thinking,13,exp_c_segment_sample,256,256,0.0016793986549600958,0.004351275546923716,0.0010884254006668925,0.023499367758631706,1.0816086077170993e-05,0.004415375126735387,0.09375,-0.0021984446228750392,-0.0020143622023169883,-0.0003622579388320446,per_model_kept_independent_plus_common_union
Qwen_Qwen3-4B,4B,4.0,2560,hidden_dim,exp_c,think,gsm8k_test_001031,think,canonical,,True,thinking_segment,thinking,20,exp_c_segment_sample,256,256,0.0022439768072217703,0.004375681246528984,0.0014932507183402777,0.015234855934977531,4.141851794708145e-06,0.004401084458490648,0.078125,-0.0013206041354221374,-0.0013227776489657117,0.001400562934577465,per_model_kept_independent_plus_common_union
Qwen_Qwen3-4B,4B,4.0,2560,hidden_dim,exp_c,think,gsm8k_test_001038,think,canonical,,True,answer_segment,think_answer,6,exp_c_segment_sample,56,56,0.0010959284845739605,0.004672954633341371,0.0008034489001147449,0.016551800072193146,1.6590696531175265e-05,0.004571592012970624,0.08928571428571429,-0.00489327871720779,-0.004211281422093244,0.0013236184604465961,per_model_kept_independent_plus_common_union
Qwen_Qwen3-4B,4B,4.0,2560,hidden_dim,exp_c,think,gsm8k_test_001038,think,canonical,,True,answer_segment,think_answer,13,exp_c_segment_sample,56,56,0.0016793986549600958,0.0042895655580131075,0.00206280080601573,0.009363782592117786,4.006636862864522e-06,0.004262548037381334,0.0,-0.002152250265646585,-0.0018510661487068448,0.0010858266614377499,per_model_kept_independent_plus_common_union
Qwen_Qwen3-4B,4B,4.0,2560,hidden_dim,exp_c,think,gsm8k_test_001038,think,canonical,,True,answer_segment,think_answer,20,exp_c_segment_sample,56,56,0.0022439768072217703,0.004071382392014909,0.0016721353167667985,0.00677095353603363,1.623343459021301e-06,0.004052800814282488,0.05357142857142857,-0.001155917579789564,-0.0007662708272359198,-1.8084421753883362e-05,per_model_kept_independent_plus_common_union
Qwen_Qwen3-4B,4B,4.0,2560,hidden_dim,exp_c,think,gsm8k_test_001038,think,canonical,,True,thinking_segment,thinking,6,exp_c_segment_sample,256,256,0.0010959284845739605,0.004902193486486794,0.0006020396831445396,0.06081034615635872,6.202269794499517e-05,0.004901970905149966,0.1640625,-0.004136279247221684,-0.0030873261221131543,0.0013236184604465961,per_model_kept_independent_plus_common_union
Qwen_Qwen3-4B,4B,4.0,2560,hidden_dim,exp_c,think,gsm8k_test_001038,think,canonical,,True,thinking_segment,thinking,13,exp_c_segment_sample,256,256,0.0016793986549600958,0.004437183326444938,0.001046634279191494,0.03079211711883545,1.68615471490547e-05,0.004442751069134388,0.1015625,-0.0032764793329520293,-0.002391207242908422,0.0010858266614377499,per_model_kept_independent_plus_common_union
Qwen_Qwen3-4B,4B,4.0,2560,hidden_dim,exp_c,think,gsm8k_test_001038,think,canonical,,True,thinking_segment,thinking,20,exp_c_segment_sample,256,256,0.0022439768072217703,0.004824908693990437,0.001236874726600945,0.02110123261809349,7.713817279085835e-06,0.004820108287241042,0.109375,-0.0027064614736392384,-0.0019695288137882017,-1.8084421753883362e-05,per_model_kept_independent_plus_common_union
Qwen_Qwen3-4B,4B,4.0,2560,hidden_dim,exp_c,think,gsm8k_test_001043,think,canonical,,True,answer_segment,think_answer,6,exp_c_segment_sample,49,49,0.0010959284845739605,0.005030000173695841,0.001147841801866889,0.020570728927850723,1.4542152357246586e-05,0.0048763280889640255,0.0,-0.001211466214296467,-4.612021327305305e-05,0.0026003955863416195,per_model_kept_independent_plus_common_union
Qwen_Qwen3-4B,4B,4.0,2560,hidden_dim,exp_c,think,gsm8k_test_001043,think,canonical,,True,answer_segment,think_answer,13,exp_c_segment_sample,49,49,0.0016793986549600958,0.0045909124060666984,0.0014393602032214403,0.013531878590583801,5.595512024244288e-06,0.004533171156557121,0.02040816326530612,-0.0012320968138092039,-0.00035360258502455805,0.0011976384557783604,per_model_kept_independent_plus_common_union
Qwen_Qwen3-4B,4B,4.0,2560,hidden_dim,exp_c,think,gsm8k_test_001043,think,canonical,,True,answer_segment,think_answer,20,exp_c_segment_sample,49,49,0.0022439768072217703,0.004198144372951772,0.0015637179603800178,0.00981924682855606,2.974951703309643e-06,0.004127299502821794,0.08163265306122448,-0.0006756354799988323,-0.00045489745501142275,0.0005107372999191284,per_model_kept_independent_plus_common_union
Qwen_Qwen3-4B,4B,4.0,2560,hidden_dim,exp_c,think,gsm8k_test_001043,think,canonical,,True,thinking_segment,thinking,6,exp_c_segment_sample,256,256,0.0010959284845739605,0.005786547850448187,0.0007464091759175062,0.04317545145750046,6.370060717366606e-05,0.0057947630790014335,0.05859375,-0.005460680367481692,-0.002975154880004993,0.0026003955863416195,per_model_kept_independent_plus_common_union
Qwen_Qwen3-4B,4B,4.0,2560,hidden_dim,exp_c,think,gsm8k_test_001043,think,canonical,,True,thinking_segment,thinking,13,exp_c_segment_sample,256,256,0.0016793986549600958,0.004368919956050377,0.0010313631501048803,0.03920440003275871,1.4420342071872322e-05,0.0044043357023621915,0.09375,-0.00277543890174761,-0.0014777991782466415,0.0011976384557783604,per_model_kept_independent_plus_common_union
Qwen_Qwen3-4B,4B,4.0,2560,hidden_dim,exp_c,think,gsm8k_test_001043,think,canonical,,True,thinking_segment,thinking,20,exp_c_segment_sample,256,256,0.0022439768072217703,0.009874152774045797,0.0014193363022059202,1.3778444528579712,0.00734392644748656,0.011113240194717997,0.09765625,0.003329739472886528,-0.001145783120591659,0.0005107372999191284,per_model_kept_independent_plus_common_union
Qwen_Qwen3-4B,4B,4.0,2560,hidden_dim,exp_c,think,gsm8k_test_001059,think,canonical,,False,answer_segment,think_answer,6,exp_c_segment_sample,39,39,0.0010959284845739605,0.004039300960870698,0.0015271255979314446,0.008770270273089409,3.8088651274115952e-06,0.003997953706666043,0.0,-8.929534457050797e-05,-0.0003528053173795344,-0.0014160024002194405,per_model_kept_independent_plus_common_union
Qwen_Qwen3-4B,4B,4.0,2560,hidden_dim,exp_c,think,gsm8k_test_001059,think,canonical,,False,answer_segment,think_answer,13,exp_c_segment_sample,39,39,0.0016793986549600958,0.004332288437021466,0.0020379822235554457,0.009350815787911415,2.219640600240056e-06,0.004312034206170785,0.0,-0.0006237140176101379,-0.0003947107354179023,-0.0009855562821030617,per_model_kept_independent_plus_common_union
Qwen_Qwen3-4B,4B,4.0,2560,hidden_dim,exp_c,think,gsm8k_test_001059,think,canonical,,False,answer_segment,think_answer,20,exp_c_segment_sample,39,39,0.0022439768072217703,0.004276169869953241,0.002553109545260668,0.010113888420164585,1.8227085372211606e-06,0.004267228148436468,0.0,-0.001016979635908053,-0.0007148395292460924,-0.0021912558004260063,per_model_kept_independent_plus_common_union
Qwen_Qwen3-4B,4B,4.0,2560,hidden_dim,exp_c,think,gsm8k_test_001059,think,canonical,,False,thinking_segment,thinking,6,exp_c_segment_sample,256,256,0.0010959284845739605,0.006909688935138547,0.00041979202069342136,0.08688460290431976,0.0001524316653466431,0.006869625653896833,0.17578125,-0.010135291617190817,-0.007984113091879408,-0.0014160024002194405,per_model_kept_independent_plus_common_union
Qwen_Qwen3-4B,4B,4.0,2560,hidden_dim,exp_c,think,gsm8k_test_001059,think,canonical,,False,thinking_segment,thinking,13,exp_c_segment_sample,256,256,0.0016793986549600958,0.00455090356308574,0.000852361146826297,0.03451557829976082,1.9181582405771218e-05,0.004509535356929443,0.21484375,-0.0037719873755792128,-0.002604120307296398,-0.0009855562821030617,per_model_kept_independent_plus_common_union
Qwen_Qwen3-4B,4B,4.0,2560,hidden_dim,exp_c,think,gsm8k_test_001059,think,canonical,,False,thinking_segment,thinking,20,exp_c_segment_sample,256,256,0.0022439768072217703,0.004827263972401852,0.0009815681260079145,0.021381447091698647,1.0810208760645833e-05,0.004792663921737321,0.1875,-0.004104417716841266,-0.003136254774290137,-0.0021912558004260063,per_model_kept_independent_plus_common_union
Qwen_Qwen3-4B,4B,4.0,2560,hidden_dim,exp_c,think,gsm8k_test_001082,think,canonical,,False,answer_segment,think_answer,6,exp_c_segment_sample,44,44,0.0010959284845739605,0.0054810684523545206,0.0012373884674161673,0.015886340290308,1.2882902664832412e-05,0.005395369918280562,0.0,-0.0020925914325440904,-0.002095767699012703,0.0023485971614718437,per_model_kept_independent_plus_common_union
Qwen_Qwen3-4B,4B,4.0,2560,hidden_dim,exp_c,think,gsm8k_test_001082,think,canonical,,False,answer_segment,think_answer,13,exp_c_segment_sample,44,44,0.0016793986549600958,0.004634306316306306,0.0017403911333531141,0.011124412529170513,3.3292865765729327e-06,0.0046239615862019535,0.0,-0.0007290915720108333,-0.0012769687878475947,-0.00030217552557587624,per_model_kept_independent_plus_common_union
Qwen_Qwen3-4B,4B,4.0,2560,hidden_dim,exp_c,think,gsm8k_test_001082,think,canonical,,False,answer_segment,think_answer,20,exp_c_segment_sample,44,44,0.0022439768072217703,0.0045704300864599645,0.0023060827516019344,0.010382471606135368,2.1850934019450717e-06,0.004556189366984507,0.0,-0.0004992678429874974,-0.0009875475767661228,0.0002656741999089718,per_model_kept_independent_plus_common_union
Qwen_Qwen3-4B,4B,4.0,2560,hidden_dim,exp_c,think,gsm8k_test_001082,think,canonical,,False,thinking_segment,thinking,6,exp_c_segment_sample,256,256,0.0010959284845739605,0.0055584924840559324,0.00038069210131652653,0.05041773244738579,8.978331630164104e-05,0.005512324071225582,0.328125,-0.006599892492310394,-0.005240777439666999,0.0023485971614718437,per_model_kept_independent_plus_common_union
Qwen_Qwen3-4B,4B,4.0,2560,hidden_dim,exp_c,think,gsm8k_test_001082,think,canonical,,False,thinking_segment,thinking,13,exp_c_segment_sample,256,256,0.0016793986549600958,0.004011949627965805,0.0006157962488941848,0.025461221113801003,2.2299460151297783e-05,0.003966060782894836,0.37890625,-0.0024643595036772147,-0.00196048179986974,-0.00030217552557587624,per_model_kept_independent_plus_common_union
Qwen_Qwen3-4B,4B,4.0,2560,hidden_dim,exp_c,think,gsm8k_test_001082,think,canonical,,False,thinking_segment,thinking,20,exp_c_segment_sample,256,256,0.0022439768072217703,0.0136733431711491,0.0007349095540121198,2.4569015502929688,0.023426863954656128,0.013600879756665242,0.4296875,-0.009275107514285095,-0.002083612626847753,0.0002656741999089718,per_model_kept_independent_plus_common_union
Qwen_Qwen3-4B,4B,4.0,2560,hidden_dim,exp_c,think,gsm8k_test_001088,think,canonical,,False,answer_segment,think_answer,6,exp_c_segment_sample,80,80,0.0010959284845739605,0.008407180460926611,0.0006850960780866444,0.0668172836303711,0.00013508801322282133,0.008029957332860535,0.075,-0.004067774322121054,-0.004763125604949892,0.006265605334192514,per_model_kept_independent_plus_common_union
Qwen_Qwen3-4B,4B,4.0,2560,hidden_dim,exp_c,think,gsm8k_test_001088,think,canonical,,False,answer_segment,think_answer,13,exp_c_segment_sample,80,80,0.0016793986549600958,0.004501675872597843,0.0011369071435183287,0.019625971093773842,9.599359420350733e-06,0.004478514580574782,0.0375,-0.00393314014266555,-0.003169561107642949,0.0019385898485779762,per_model_kept_independent_plus_common_union
Qwen_Qwen3-4B,4B,4.0,2560,hidden_dim,exp_c,think,gsm8k_test_001088,think,canonical,,False,answer_segment,think_answer,20,exp_c_segment_sample,80,80,0.0022439768072217703,0.00418702500173822,0.0016809037188068032,0.014700892381370068,3.93598117527868e-06,0.004101879847577855,0.0625,-0.0010259609505603132,-0.0010417694458737968,-0.0013242815621197224,per_model_kept_independent_plus_common_union
Qwen_Qwen3-4B,4B,4.0,2560,hidden_dim,exp_c,think,gsm8k_test_001088,think,canonical,,False,thinking_segment,thinking,6,exp_c_segment_sample,256,256,0.0010959284845739605,0.004746864473986534,0.0004399514873512089,0.04672166705131531,4.416227468660307e-05,0.004747229591615637,0.19921875,-0.0027657374789013555,-0.002106423728946538,0.006265605334192514,per_model_kept_independent_plus_common_union
Qwen_Qwen3-4B,4B,4.0,2560,hidden_dim,exp_c,think,gsm8k_test_001088,think,canonical,,False,thinking_segment,thinking,13,exp_c_segment_sample,256,256,0.0016793986549600958,0.004741261175695399,0.0006327623268589377,0.04728343337774277,2.7681534076728163e-05,0.0047213878043696695,0.20703125,-0.0008973925343807018,-0.000301549806863477,0.0019385898485779762,per_model_kept_independent_plus_common_union
Qwen_Qwen3-4B,4B,4.0,2560,hidden_dim,exp_c,think,gsm8k_test_001088,think,canonical,,False,thinking_segment,thinking,20,exp_c_segment_sample,256,256,0.0022439768072217703,0.004703917378037659,0.0009100505849346519,0.023240817710757256,1.0894838599435115e-05,0.004694596717686014,0.1953125,-0.0006760736700154636,-0.0005933196243859129,-0.0013242815621197224,per_model_kept_independent_plus_common_union
Qwen_Qwen3-4B,4B,4.0,2560,hidden_dim,exp_c,think,gsm8k_test_001108,think,canonical,,True,answer_segment,think_answer,6,exp_c_segment_sample,43,43,0.0010959284845739605,0.006397771148206016,0.0012906489428132772,0.0237361378967762,2.563739994586875e-05,0.006351970493726965,0.0,-0.005144305181163851,-0.0022220704916187314,-0.001275758258998394,per_model_kept_independent_plus_common_union
Qwen_Qwen3-4B,4B,4.0,2560,hidden_dim,exp_c,think,gsm8k_test_001108,think,canonical,,True,answer_segment,think_answer,13,exp_c_segment_sample,43,43,0.0016793986549600958,0.00511822275286757,0.0016944799572229385,0.012352692894637585,7.1069319567210495e-06,0.005093728627322153,0.0,-0.0019133386879482083,-0.0002690990434282203,0.0004836106672883034,per_model_kept_independent_plus_common_union
Qwen_Qwen3-4B,4B,4.0,2560,hidden_dim,exp_c,think,gsm8k_test_001108,think,canonical,,True,answer_segment,think_answer,20,exp_c_segment_sample,43,43,0.0022439768072217703,0.004405064616612223,0.002462351229041815,0.009493015706539154,2.0989728456872412e-06,0.004318566937443046,0.0,-0.000938324798705809,-0.00014086516404693793,0.0008445624262094498,per_model_kept_independent_plus_common_union
Qwen_Qwen3-4B,4B,4.0,2560,hidden_dim,exp_c,think,gsm8k_test_001108,think,canonical,,True,thinking_segment,thinking,6,exp_c_segment_sample,137,137,0.0010959284845739605,0.008174936259063436,0.001007503247819841,0.04548061266541481,8.179472436394426e-05,0.008180762534132503,0.043795620437956206,-0.007999197316646542,-0.006422533706894942,-0.001275758258998394,per_model_kept_independent_plus_common_union
Qwen_Qwen3-4B,4B,4.0,2560,hidden_dim,exp_c,think,gsm8k_test_001108,think,canonical,,True,thinking_segment,thinking,13,exp_c_segment_sample,137,137,0.0016793986549600958,0.00502302261055821,0.0012597062159329653,0.017817776650190353,1.2227034227983308e-05,0.005015083395204891,0.08759124087591241,-0.004320187583936352,-0.003436978543842478,0.0004836106672883034,per_model_kept_independent_plus_common_union
Qwen_Qwen3-4B,4B,4.0,2560,hidden_dim,exp_c,think,gsm8k_test_001108,think,canonical,,True,thinking_segment,thinking,20,exp_c_segment_sample,137,137,0.0022439768072217703,0.004629027242024504,0.0017571535427123308,0.0193786658346653,5.972005987044434e-06,0.0046065452702083245,0.058394160583941604,-0.0031442874713003715,-0.0023996946934078424,0.0008445624262094498,per_model_kept_independent_plus_common_union
Qwen_Qwen3-4B,4B,4.0,2560,hidden_dim,exp_c,think,gsm8k_test_001136,think,canonical,,True,answer_segment,think_answer,6,exp_c_segment_sample,58,58,0.0010959284845739605,0.006326561143364886,0.0009793847566470504,0.04952486604452133,5.306945274061486e-05,0.0062331492877810415,0.017241379310344827,-0.005308858385801643,-0.0052776683898021785,0.005087774246931076,per_model_kept_independent_plus_common_union
Qwen_Qwen3-4B,4B,4.0,2560,hidden_dim,exp_c,think,gsm8k_test_001136,think,canonical,,True,answer_segment,think_answer,13,exp_c_segment_sample,58,58,0.0016793986549600958,0.005071436083104847,0.001712949015200138,0.016441741958260536,1.0576131988759484e-05,0.0050332205361899056,0.0,-0.004172190304378548,-0.003547484862307707,0.004886918235570192,per_model_kept_independent_plus_common_union
Qwen_Qwen3-4B,4B,4.0,2560,hidden_dim,exp_c,think,gsm8k_test_001136,think,canonical,,True,answer_segment,think_answer,20,exp_c_segment_sample,58,58,0.0022439768072217703,0.004538979280964825,0.002244185423478484,0.009101880714297295,2.2365780528151526e-06,0.0044724514765109415,0.0,-0.0008145485342491641,-0.0006559221539646385,0.0015175268054008484,per_model_kept_independent_plus_common_union
Qwen_Qwen3-4B,4B,4.0,2560,hidden_dim,exp_c,think,gsm8k_test_001136,think,canonical,,True,thinking_segment,thinking,6,exp_c_segment_sample,226,226,0.0010959284845739605,0.005198293858500346,0.000864522357005626,0.12253445386886597,9.20087988114102e-05,0.005186585273283223,0.06637168141592921,-0.0032823365821058833,-0.0039059563372447564,0.005087774246931076,per_model_kept_independent_plus_common_union
Qwen_Qwen3-4B,4B,4.0,2560,hidden_dim,exp_c,think,gsm8k_test_001136,think,canonical,,True,thinking_segment,thinking,13,exp_c_segment_sample,226,226,0.0016793986549600958,0.0039683140333189705,0.001173090422526002,0.020787745714187622,8.76203784572534e-06,0.003955745268095698,0.08849557522123894,-0.0018193196409465576,-0.001745144134027916,0.004886918235570192,per_model_kept_independent_plus_common_union
Qwen_Qwen3-4B,4B,4.0,2560,hidden_dim,exp_c,think,gsm8k_test_001136,think,canonical,,True,thinking_segment,thinking,20,exp_c_segment_sample,226,226,0.0022439768072217703,0.004123419692195886,0.0015997126465663314,0.0162581168115139,4.202150761369864e-06,0.004109381797413031,0.12831858407079647,-0.0016062201992687948,-0.0013724154662014105,0.0015175268054008484,per_model_kept_independent_plus_common_union
Qwen_Qwen3-4B,4B,4.0,2560,hidden_dim,exp_c,think,gsm8k_test_001164,think,canonical,,True,answer_segment,think_answer,6,exp_c_segment_sample,57,57,0.0010959284845739605,0.004177325656392465,0.0010114817414432764,0.020777221769094467,1.4806404216246079e-05,0.004070306539818246,0.03508771929824561,-0.003025942519239526,-0.0025855245456720384,-0.014554642140865326,per_model_kept_independent_plus_common_union
Qwen_Qwen3-4B,4B,4.0,2560,hidden_dim,exp_c,think,gsm8k_test_001164,think,canonical,,True,answer_segment,think_answer,13,exp_c_segment_sample,57,57,0.0016793986549600958,0.0041630830934369254,0.0017874675104394555,0.01242845319211483,4.652244380328621e-06,0.004131046435629417,0.0,-0.0025185143533661414,-0.0018529715792586412,-0.0011691302061080933,per_model_kept_independent_plus_common_union
Qwen_Qwen3-4B,4B,4.0,2560,hidden_dim,exp_c,think,gsm8k_test_001164,think,canonical,,True,answer_segment,think_answer,20,exp_c_segment_sample,57,57,0.0022439768072217703,0.004273988531183517,0.002122338628396392,0.011048420332372189,3.0321899316142123e-06,0.0042465875989624435,0.017543859649122806,-0.002005967620875141,-0.0017047255920867128,-0.0009180009365081787,per_model_kept_independent_plus_common_union
Qwen_Qwen3-4B,4B,4.0,2560,hidden_dim,exp_c,think,gsm8k_test_001164,think,canonical,,True,thinking_segment,thinking,6,exp_c_segment_sample,256,256,0.0010959284845739605,0.006687164067898266,0.000859107996802777,0.05079765245318413,7.106749610606675e-05,0.006719976737286295,0.015625,-0.0035901979457868315,-0.002819501368321653,-0.014554642140865326,per_model_kept_independent_plus_common_union
Qwen_Qwen3-4B,4B,4.0,2560,hidden_dim,exp_c,think,gsm8k_test_001164,think,canonical,,True,thinking_segment,thinking,13,exp_c_segment_sample,256,256,0.0016793986549600958,0.0047822542692301795,0.0012414718512445688,0.01766124740242958,1.0451403138338117e-05,0.004782782916484748,0.0625,-0.002240544242849407,-0.0017019609658746049,-0.0011691302061080933,per_model_kept_independent_plus_common_union
Qwen_Qwen3-4B,4B,4.0,2560,hidden_dim,exp_c,think,gsm8k_test_001164,think,canonical,,True,thinking_segment,thinking,20,exp_c_segment_sample,256,256,0.0022439768072217703,0.009805688231153908,0.0016934897284954786,1.3427507877349854,0.006972873749070177,0.011390047923117225,0.046875,0.01981715646619402,0.01976971365729696,-0.0009180009365081787,per_model_kept_independent_plus_common_union
Qwen_Qwen3-4B,4B,4.0,2560,hidden_dim,exp_c,think,gsm8k_test_001181,think,canonical,,True,answer_segment,think_answer,6,exp_c_segment_sample,60,60,0.0010959284845739605,0.005890503791548932,0.0013916024472564459,0.03309841454029083,3.0685618984963175e-05,0.005798685457162812,0.0,-0.00047512133090497004,0.0007038240165760119,-0.0016448390670120716,per_model_kept_independent_plus_common_union
Qwen_Qwen3-4B,4B,4.0,2560,hidden_dim,exp_c,think,gsm8k_test_001181,think,canonical,,True,answer_segment,think_answer,13,exp_c_segment_sample,60,60,0.0016793986549600958,0.004528992089520519,0.0014750973787158728,0.008886037394404411,3.3790446069752936e-06,0.004508138438923505,0.03333333333333333,-0.00030331291911024155,0.00012130124960094656,-0.0019401293247938156,per_model_kept_independent_plus_common_union
Qwen_Qwen3-4B,4B,4.0,2560,hidden_dim,exp_c,think,gsm8k_test_001181,think,canonical,,True,answer_segment,think_answer,20,exp_c_segment_sample,60,60,0.0022439768072217703,0.004221356865794708,0.0018944938201457262,0.00874422863125801,1.6221962278262363e-06,0.004165905283101029,0.03333333333333333,-0.0003155395545095921,3.2008004685179364e-07,-5.935179069638252e-05,per_model_kept_independent_plus_common_union
Qwen_Qwen3-4B,4B,4.0,2560,hidden_dim,exp_c,think,gsm8k_test_001181,think,canonical,,True,thinking_segment,thinking,6,exp_c_segment_sample,256,256,0.0010959284845739605,0.007148445783059287,0.0004445913655217737,0.07648526132106781,0.0001454747576714103,0.0071495576862470175,0.21484375,2.1056867733053824e-05,-0.0002772809677900603,-0.0016448390670120716,per_model_kept_independent_plus_common_union
Qwen_Qwen3-4B,4B,4.0,2560,hidden_dim,exp_c,think,gsm8k_test_001181,think,canonical,,True,thinking_segment,thinking,13,exp_c_segment_sample,256,256,0.0016793986549600958,0.0050268956131276354,0.0008617059211246669,0.03703839331865311,2.3912536854586825e-05,0.0050471897688581634,0.15625,5.7124069071488015e-05,-0.0005354145067170838,-0.0019401293247938156,per_model_kept_independent_plus_common_union
Qwen_Qwen3-4B,4B,4.0,2560,hidden_dim,exp_c,think,gsm8k_test_001181,think,canonical,,True,thinking_segment,thinking,20,exp_c_segment_sample,256,256,0.0022439768072217703,0.004966392954884213,0.0012609006371349096,0.020563272759318352,9.245823821379985e-06,0.004965142208675388,0.140625,0.0008417216801313282,0.00022770115532554092,-5.935179069638252e-05,per_model_kept_independent_plus_common_union
Qwen_Qwen3-4B,4B,4.0,2560,hidden_dim,exp_c,think,gsm8k_test_001182,think,canonical,,True,answer_segment,think_answer,6,exp_c_segment_sample,57,57,0.0010959284845739605,0.004669418797436121,0.0012866731267422438,0.01692092977464199,1.1886668416258912e-05,0.004562889822409489,0.0,-0.0015905573144352303,-0.0014061485339576995,0.0017720125615596771,per_model_kept_independent_plus_common_union
Qwen_Qwen3-4B,4B,4.0,2560,hidden_dim,exp_c,think,gsm8k_test_001182,think,canonical,,True,answer_segment,think_answer,13,exp_c_segment_sample,57,57,0.0016793986549600958,0.004544231615829886,0.001946394331753254,0.01711760088801384,5.898253920340595e-06,0.004511824393245791,0.0,-0.0023105789589511426,-0.002134379868706067,0.0018852325156331062,per_model_kept_independent_plus_common_union
Qwen_Qwen3-4B,4B,4.0,2560,hidden_dim,exp_c,think,gsm8k_test_001182,think,canonical,,True,answer_segment,think_answer,20,exp_c_segment_sample,57,57,0.0022439768072217703,0.004277835171179552,0.002316428814083338,0.008620974607765675,1.5454796495797496e-06,0.004217784311289766,0.0,-0.0005420518991708123,-0.000470107374712825,0.0012040999718010426,per_model_kept_independent_plus_common_union
Qwen_Qwen3-4B,4B,4.0,2560,hidden_dim,exp_c,think,gsm8k_test_001182,think,canonical,,True,thinking_segment,thinking,6,exp_c_segment_sample,256,256,0.0010959284845739605,0.005385706500874221,0.000751967600081116,0.042829059064388275,5.0910162199357195e-05,0.005411895915059115,0.125,-0.004929181217512696,-0.003952997285523452,0.0017720125615596771,per_model_kept_independent_plus_common_union
Qwen_Qwen3-4B,4B,4.0,2560,hidden_dim,exp_c,think,gsm8k_test_001182,think,canonical,,True,thinking_segment,thinking,13,exp_c_segment_sample,256,256,0.0016793986549600958,0.004307286485982331,0.0011997335823252797,0.0227053165435791,8.3644610695684e-06,0.00432198006608307,0.078125,-0.0026872560085906476,-0.0018677215066418285,0.0018852325156331062,per_model_kept_independent_plus_common_union
Qwen_Qwen3-4B,4B,4.0,2560,hidden_dim,exp_c,think,gsm8k_test_001182,think,canonical,,True,thinking_segment,thinking,20,exp_c_segment_sample,256,256,0.0022439768072217703,0.004925139788610977,0.0014295389410108328,0.01516482513397932,7.0854351557168945e-06,0.004953937016043076,0.0859375,-0.0026350046246787946,-0.0015478125897061545,0.0012040999718010426,per_model_kept_independent_plus_common_union
Qwen_Qwen3-4B,4B,4.0,2560,hidden_dim,exp_c,think,gsm8k_test_001208,think,canonical,,True,answer_segment,think_answer,6,exp_c_segment_sample,50,50,0.0010959284845739605,0.005803454290144145,0.0015505297342315316,0.026279237121343613,2.597093488734899e-05,0.005705870455130936,0.0,-0.00024878400049227326,0.0009687312681657765,-0.0006203954108059406,per_model_kept_independent_plus_common_union
Qwen_Qwen3-4B,4B,4.0,2560,hidden_dim,exp_c,think,gsm8k_test_001208,think,canonical,,True,answer_segment,think_answer,13,exp_c_segment_sample,50,50,0.0016793986549600958,0.004921081336215138,0.001860952004790306,0.011057245545089245,6.5779201788959706e-06,0.0048935954430501674,0.0,-0.001235270856277031,-3.261880304377806e-05,-0.0003748098388314247,per_model_kept_independent_plus_common_union
Qwen_Qwen3-4B,4B,4.0,2560,hidden_dim,exp_c,think,gsm8k_test_001208,think,canonical,,True,answer_segment,think_answer,20,exp_c_segment_sample,50,50,0.0022439768072217703,0.00441737032495439,0.0022329497151076794,0.008548500947654247,2.2128102379330326e-06,0.004342811457736759,0.02,-0.0006003139540553065,-8.560998293642794e-05,0.001490481197834015,per_model_kept_independent_plus_common_union
Qwen_Qwen3-4B,4B,4.0,2560,hidden_dim,exp_c,think,gsm8k_test_001208,think,canonical,,True,thinking_segment,thinking,6,exp_c_segment_sample,256,256,0.0010959284845739605,0.0046722329752810765,0.0005088843172416091,0.04521753266453743,4.994955306890374e-05,0.00458205319352731,0.17578125,-0.004386887453489181,-0.001975124472608933,-0.0006203954108059406,per_model_kept_independent_plus_common_union
Qwen_Qwen3-4B,4B,4.0,2560,hidden_dim,exp_c,think,gsm8k_test_001208,think,canonical,,True,thinking_segment,thinking,13,exp_c_segment_sample,256,256,0.0016793986549600958,0.004160749833999944,0.0007294676033779979,0.025688454508781433,1.312203244260889e-05,0.004148666570004676,0.1953125,-0.0029915763509479696,-0.0016901923253988993,-0.0003748098388314247,per_model_kept_independent_plus_common_union
Qwen_Qwen3-4B,4B,4.0,2560,hidden_dim,exp_c,think,gsm8k_test_001208,think,canonical,,True,thinking_segment,thinking,20,exp_c_segment_sample,256,256,0.0022439768072217703,0.004102401411273604,0.0009626486571505666,0.020798468962311745,7.207422199279808e-06,0.0041175626663191795,0.203125,-0.0009443549994294512,-0.00032738373937228615,0.001490481197834015,per_model_kept_independent_plus_common_union
Qwen_Qwen3-4B,4B,4.0,2560,hidden_dim,exp_c,think,gsm8k_test_001209,think,canonical,,True,answer_segment,think_answer,6,exp_c_segment_sample,55,55,0.0010959284845739605,0.005309628065548498,0.0009556754375807941,0.016767345368862152,1.4272475466779284e-05,0.005216998292814456,0.03636363636363636,-0.005367977866243761,-0.004124446738777416,-0.0038677696138620377,per_model_kept_independent_plus_common_union
Qwen_Qwen3-4B,4B,4.0,2560,hidden_dim,exp_c,think,gsm8k_test_001209,think,canonical,,True,answer_segment,think_answer,13,exp_c_segment_sample,55,55,0.0016793986549600958,0.004687845844521441,0.0018621390918269753,0.009406678378582,5.01252964467465e-06,0.004671500540873104,0.0,-0.004016335349826306,-0.0029543438244477977,-0.0009463313035666943,per_model_kept_independent_plus_common_union
Qwen_Qwen3-4B,4B,4.0,2560,hidden_dim,exp_c,think,gsm8k_test_001209,think,canonical,,True,answer_segment,think_answer,20,exp_c_segment_sample,55,55,0.0022439768072217703,0.00440809369425882,0.0021779353264719248,0.010076633654534817,3.039724400681305e-06,0.004334550764825609,0.01818181818181818,-0.001955958809582635,-0.00109152274671942,0.0006473823450505733,per_model_kept_independent_plus_common_union
Qwen_Qwen3-4B,4B,4.0,2560,hidden_dim,exp_c,think,gsm8k_test_001209,think,canonical,,True,thinking_segment,thinking,6,exp_c_segment_sample,252,252,0.0010959284845739605,0.006539111946328794,0.0005413381149992347,0.04251812398433685,7.799295462766008e-05,0.00653273359254611,0.09523809523809523,-0.007365308757066358,-0.005792771873530001,-0.0038677696138620377,per_model_kept_independent_plus_common_union
Qwen_Qwen3-4B,4B,4.0,2560,hidden_dim,exp_c,think,gsm8k_test_001209,think,canonical,,True,thinking_segment,thinking,13,exp_c_segment_sample,252,252,0.0016793986549600958,0.004702747737552734,0.0010124988621100783,0.02323167584836483,1.4893835768925529e-05,0.004692222202285767,0.1111111111111111,-0.004554307696801473,-0.0033254131087146342,-0.0009463313035666943,per_model_kept_independent_plus_common_union
Qwen_Qwen3-4B,4B,4.0,2560,hidden_dim,exp_c,think,gsm8k_test_001209,think,canonical,,True,thinking_segment,thinking,20,exp_c_segment_sample,252,252,0.0022439768072217703,0.004238412860089854,0.0014816457405686378,0.015036419034004211,4.406212613497476e-06,0.0042274883689462734,0.10317460317460317,-0.0013946216150739824,-0.0012304578752567372,0.0006473823450505733,per_model_kept_independent_plus_common_union
Qwen_Qwen3-4B,4B,4.0,2560,hidden_dim,exp_c,think,gsm8k_test_001221,think,canonical,,True,answer_segment,think_answer,6,exp_c_segment_sample,55,55,0.0010959284845739605,0.004742996532215991,0.0014146290486678481,0.014440854080021381,1.1239502024337957e-05,0.004667095227718907,0.0,-0.0009033516555867237,0.00028137599916330455,-0.003648717887699604,per_model_kept_independent_plus_common_union
Qwen_Qwen3-4B,4B,4.0,2560,hidden_dim,exp_c,think,gsm8k_test_001221,think,canonical,,True,answer_segment,think_answer,13,exp_c_segment_sample,55,55,0.0016793986549600958,0.004359334806742316,0.0018522614846006036,0.010327857919037342,3.882503875673429e-06,0.004340897363834772,0.0,-0.001367935569134428,-0.0008080530429391995,-0.005394017323851585,per_model_kept_independent_plus_common_union
Qwen_Qwen3-4B,4B,4.0,2560,hidden_dim,exp_c,think,gsm8k_test_001221,think,canonical,,True,answer_segment,think_answer,20,exp_c_segment_sample,55,55,0.0022439768072217703,0.004482703482393514,0.0019760464783757925,0.009772569872438908,3.256465618758056e-06,0.0044342091703718466,0.05454545454545454,0.0005221483067839212,0.00034086883533746004,-0.0001128222793340683,per_model_kept_independent_plus_common_union
Qwen_Qwen3-4B,4B,4.0,2560,hidden_dim,exp_c,think,gsm8k_test_001221,think,canonical,,True,thinking_segment,thinking,6,exp_c_segment_sample,112,112,0.0010959284845739605,0.006456066008208187,0.0009722397662699223,0.03970998898148537,4.754840074848707e-05,0.006446768756251076,0.044642857142857144,-0.006194195077859336,-0.005101236423277962,-0.003648717887699604,per_model_kept_independent_plus_common_union
Qwen_Qwen3-4B,4B,4.0,2560,hidden_dim,exp_c,think,gsm8k_test_001221,think,canonical,,True,thinking_segment,thinking,13,exp_c_segment_sample,112,112,0.0016793986549600958,0.004874888565349725,0.0012861212017014623,0.0148945152759552,8.295413137938415e-06,0.004863649502874831,0.05357142857142857,-0.0019351270678946153,-0.0017527349118608981,-0.005394017323851585,per_model_kept_independent_plus_common_union
Qwen_Qwen3-4B,4B,4.0,2560,hidden_dim,exp_c,think,gsm8k_test_001221,think,canonical,,True,thinking_segment,thinking,20,exp_c_segment_sample,112,112,0.0022439768072217703,0.004892851733269968,0.002198950620368123,0.017805207520723343,4.921836492151708e-06,0.004883913505772078,0.008928571428571428,-0.0019202318077691496,-0.0014862978049287844,-0.0001128222793340683,per_model_kept_independent_plus_common_union
Qwen_Qwen3-4B,4B,4.0,2560,hidden_dim,exp_c,think,gsm8k_test_001275,think,canonical,,True,answer_segment,think_answer,6,exp_c_segment_sample,66,66,0.0010959284845739605,0.005140113122196812,0.0010086731053888798,0.03158184140920639,3.30271038724143e-05,0.004998486184586698,0.015151515151515152,-0.0024307089705485297,-0.00205842311740579,-0.009813361801207066,per_model_kept_independent_plus_common_union
Qwen_Qwen3-4B,4B,4.0,2560,hidden_dim,exp_c,think,gsm8k_test_001275,think,canonical,,True,answer_segment,think_answer,13,exp_c_segment_sample,66,66,0.0016793986549600958,0.003913495666700218,0.0015182081842795014,0.014650744386017323,5.0497116397930165e-06,0.003871514685810186,0.06060606060606061,-0.0026242923163057,-0.002300932763746994,-0.0005966536700725555,per_model_kept_independent_plus_common_union
Qwen_Qwen3-4B,4B,4.0,2560,hidden_dim,exp_c,think,gsm8k_test_001275,think,canonical,,True,answer_segment,think_answer,20,exp_c_segment_sample,66,66,0.0022439768072217703,0.00420538885660018,0.0017281845211982727,0.011147763580083847,3.535826861869041e-06,0.0041240423487929195,0.13636363636363635,-5.387913263838686e-05,-0.00028097539154045646,-0.0017678774893283844,per_model_kept_independent_plus_common_union
Qwen_Qwen3-4B,4B,4.0,2560,hidden_dim,exp_c,think,gsm8k_test_001275,think,canonical,,True,thinking_segment,thinking,6,exp_c_segment_sample,256,256,0.0010959284845739605,0.0066266211356378335,0.000823661801405251,0.09176631271839142,0.00010653455877145633,0.006578467283217268,0.08984375,-0.006831245548540161,-0.0069381244111355045,-0.009813361801207066,per_model_kept_independent_plus_common_union
Qwen_Qwen3-4B,4B,4.0,2560,hidden_dim,exp_c,think,gsm8k_test_001275,think,canonical,,True,thinking_segment,thinking,13,exp_c_segment_sample,256,256,0.0016793986549600958,0.0045188021354078955,0.0012336119543761015,0.025132369250059128,1.0418374645576641e-05,0.004536427927588852,0.0703125,-0.002988961407633781,-0.0027191122608201113,-0.0005966536700725555,per_model_kept_independent_plus_common_union
Qwen_Qwen3-4B,4B,4.0,2560,hidden_dim,exp_c,think,gsm8k_test_001275,think,canonical,,True,thinking_segment,thinking,20,exp_c_segment_sample,256,256,0.0022439768072217703,0.004277530256331374,0.0013296677498146892,0.012517593801021576,3.958362191810982e-06,0.004279284618578145,0.10546875,-0.0012320754520305163,-0.001373232882542652,-0.0017678774893283844,per_model_kept_independent_plus_common_union
Qwen_Qwen3-4B,4B,4.0,2560,hidden_dim,exp_c,think,gsm8k_test_001289,think,canonical,,True,answer_segment,think_answer,6,exp_c_segment_sample,60,60,0.0010959284845739605,0.005738679342903197,0.0011188267963007092,0.02681044302880764,2.5458187244949986e-05,0.005665476035358289,0.0,-0.004296604387431602,-0.0017753105765829476,0.002114774426445365,per_model_kept_independent_plus_common_union
Qwen_Qwen3-4B,4B,4.0,2560,hidden_dim,exp_c,think,gsm8k_test_001289,think,canonical,,True,answer_segment,think_answer,13,exp_c_segment_sample,60,60,0.0016793986549600958,0.0045131819943586985,0.0017530780751258135,0.010293485596776009,4.6344541346222305e-06,0.004478670064738745,0.0,-0.002625277992643293,-0.001564054610207677,0.00012404005974531174,per_model_kept_independent_plus_common_union
Qwen_Qwen3-4B,4B,4.0,2560,hidden_dim,exp_c,think,gsm8k_test_001289,think,canonical,,True,answer_segment,think_answer,20,exp_c_segment_sample,60,60,0.0022439768072217703,0.00408470972130696,0.0021061392035335302,0.007853884249925613,1.6703637863914983e-06,0.004039295514950814,0.03333333333333333,-0.0017690440914669948,-0.0009746638592332602,0.0005147391930222511,per_model_kept_independent_plus_common_union
Qwen_Qwen3-4B,4B,4.0,2560,hidden_dim,exp_c,think,gsm8k_test_001289,think,canonical,,True,thinking_segment,thinking,6,exp_c_segment_sample,232,232,0.0010959284845739605,0.006582682868234957,0.0008478079689666629,0.0415850505232811,5.6898313588647924e-05,0.006577730513716047,0.05172413793103448,-0.009127416110187279,-0.006199724018846734,0.002114774426445365,per_model_kept_independent_plus_common_union
Qwen_Qwen3-4B,4B,4.0,2560,hidden_dim,exp_c,think,gsm8k_test_001289,think,canonical,,True,thinking_segment,thinking,13,exp_c_segment_sample,232,232,0.0016793986549600958,0.004676665642081985,0.000988126965239644,0.018601784482598305,9.693165319077308e-06,0.0046676614017374975,0.0603448275862069,-0.004184363148885628,-0.0028286188066102055,0.00012404005974531174,per_model_kept_independent_plus_common_union
Qwen_Qwen3-4B,4B,4.0,2560,hidden_dim,exp_c,think,gsm8k_test_001289,think,canonical,,True,thinking_segment,thinking,20,exp_c_segment_sample,232,232,0.0022439768072217703,0.004404591762757828,0.0013188505545258522,0.015810923650860786,3.8186603520533975e-06,0.004392887400140688,0.05603448275862069,-0.0024081694607057708,-0.0017708479326443167,0.0005147391930222511,per_model_kept_independent_plus_common_union
Qwen_Qwen3-4B,4B,4.0,2560,hidden_dim,exp_c,think,gsm8k_test_001291,think,canonical,,True,answer_segment,think_answer,6,exp_c_segment_sample,43,43,0.0010959284845739605,0.0045534689818660535,0.0018585935467854142,0.012235432863235474,7.311304482032414e-06,0.004488406916304182,0.0,-0.0008929052501404972,-0.0007137195207178593,-0.00985238142311573,per_model_kept_independent_plus_common_union
Qwen_Qwen3-4B,4B,4.0,2560,hidden_dim,exp_c,think,gsm8k_test_001291,think,canonical,,True,answer_segment,think_answer,13,exp_c_segment_sample,43,43,0.0016793986549600958,0.0046302211730805945,0.001986596267670393,0.008990244939923286,2.869581343092153e-06,0.004636832851073927,0.0,0.0004825093684989726,0.00023390613072975155,-0.0016293791122734547,per_model_kept_independent_plus_common_union
Qwen_Qwen3-4B,4B,4.0,2560,hidden_dim,exp_c,think,gsm8k_test_001291,think,canonical,,True,answer_segment,think_answer,20,exp_c_segment_sample,43,43,0.0022439768072217703,0.004382091455248206,0.0025596315972507,0.010482560843229294,2.041464063435389e-06,0.0043731249669300655,0.0,-0.00021011258985445565,-0.0004698684735392981,-0.001003136858344078,per_model_kept_independent_plus_common_union
Qwen_Qwen3-4B,4B,4.0,2560,hidden_dim,exp_c,think,gsm8k_test_001291,think,canonical,,True,thinking_segment,thinking,6,exp_c_segment_sample,173,173,0.0010959284845739605,0.005289220341650845,0.0006730615277774632,0.036639124155044556,4.142500915302513e-05,0.005273763545542456,0.1329479768786127,-0.003259172435784565,-0.0037298672263701028,-0.00985238142311573,per_model_kept_independent_plus_common_union
Qwen_Qwen3-4B,4B,4.0,2560,hidden_dim,exp_c,think,gsm8k_test_001291,think,canonical,,True,thinking_segment,thinking,13,exp_c_segment_sample,173,173,0.0016793986549600958,0.004322898987346905,0.0010156836360692978,0.021740131080150604,1.2333315166394066e-05,0.004308823505578952,0.15606936416184972,-0.0021060415818260412,-0.0018483635768379,-0.0016293791122734547,per_model_kept_independent_plus_common_union
Qwen_Qwen3-4B,4B,4.0,2560,hidden_dim,exp_c,think,gsm8k_test_001291,think,canonical,,True,thinking_segment,thinking,20,exp_c_segment_sample,173,173,0.0022439768072217703,0.0042166266095087016,0.001994543708860874,0.010404989123344421,2.9154829923824527e-06,0.004201853075227158,0.03468208092485549,-0.0008279217666251547,-0.0006802914801731022,-0.001003136858344078,per_model_kept_independent_plus_common_union
Qwen_Qwen3-4B,4B,4.0,2560,hidden_dim,exp_c,think,gsm8k_test_001307,think,canonical,,True,answer_segment,think_answer,6,exp_c_segment_sample,37,37,0.0010959284845739605,0.004571586932257019,0.0014318180037662387,0.013270555064082146,8.952267224595159e-06,0.004524684407644802,0.0,-0.0023393899611042434,-0.0018600407871417705,0.0007152091711759567,per_model_kept_independent_plus_common_union
Qwen_Qwen3-4B,4B,4.0,2560,hidden_dim,exp_c,think,gsm8k_test_001307,think,canonical,,True,answer_segment,think_answer,13,exp_c_segment_sample,37,37,0.0016793986549600958,0.004706107076836398,0.001875431858934462,0.009429567493498325,3.6757181409624085e-06,0.004658855746836506,0.0,-0.0015448403715621023,-0.0011800886364653701,0.0010800748132169247,per_model_kept_independent_plus_common_union
Qwen_Qwen3-4B,4B,4.0,2560,hidden_dim,exp_c,think,gsm8k_test_001307,think,canonical,,True,answer_segment,think_answer,20,exp_c_segment_sample,37,37,0.0022439768072217703,0.004553964021741538,0.0018246110994368792,0.014751801267266273,5.40267453653978e-06,0.004535666459964381,0.05405405405405406,-0.0032410281882548483,-0.0023634008364751937,0.00018837815150618553,per_model_kept_independent_plus_common_union
Qwen_Qwen3-4B,4B,4.0,2560,hidden_dim,exp_c,think,gsm8k_test_001307,think,canonical,,True,thinking_segment,thinking,6,exp_c_segment_sample,170,170,0.0010959284845739605,0.006050270392134895,0.0008457860676571727,0.049780189990997314,5.522788622224952e-05,0.006043278454105815,0.1,-0.0034106935941618137,-0.004322671150073929,0.0007152091711759567,per_model_kept_independent_plus_common_union
Qwen_Qwen3-4B,4B,4.0,2560,hidden_dim,exp_c,think,gsm8k_test_001307,think,canonical,,True,thinking_segment,thinking,13,exp_c_segment_sample,170,170,0.0016793986549600958,0.004449544400524567,0.0010363977635279298,0.016484444960951805,9.761259751770462e-06,0.0044409838799916255,0.07647058823529412,-0.0021342688348717173,-0.002423544996418059,0.0010800748132169247,per_model_kept_independent_plus_common_union
Qwen_Qwen3-4B,4B,4.0,2560,hidden_dim,exp_c,think,gsm8k_test_001307,think,canonical,,True,thinking_segment,thinking,20,exp_c_segment_sample,170,170,0.0022439768072217703,0.004245809838860569,0.0016796421259641647,0.012096893042325974,3.4819831029319905e-06,0.004233957839352712,0.08235294117647059,-0.0014698652570521355,-0.001519930394647946,0.00018837815150618553,per_model_kept_independent_plus_common_union
Qwen_Qwen3-4B,4B,4.0,2560,hidden_dim,exp_c,think,gsm8k_test_001311,think,canonical,,True,answer_segment,think_answer,6,exp_c_segment_sample,42,42,0.0010959284845739605,0.00530864421134105,0.001210097107104957,0.013315990567207336,1.1147974859129948e-05,0.005231251576688232,0.0,-0.0013575285933818957,-0.0013882658994671965,-0.003976304549723864,per_model_kept_independent_plus_common_union
Qwen_Qwen3-4B,4B,4.0,2560,hidden_dim,exp_c,think,gsm8k_test_001311,think,canonical,,True,answer_segment,think_answer,13,exp_c_segment_sample,42,42,0.0016793986549600958,0.005045945562111835,0.0018862737342715263,0.010876628570258617,5.781674724980499e-06,0.005056750443877606,0.0,-0.0027304613193886978,-0.002641380637545477,0.0006824219599366188,per_model_kept_independent_plus_common_union
Qwen_Qwen3-4B,4B,4.0,2560,hidden_dim,exp_c,think,gsm8k_test_001311,think,canonical,,True,answer_segment,think_answer,20,exp_c_segment_sample,42,42,0.0022439768072217703,0.004564181984668332,0.002337480429559946,0.010477536357939243,2.721297858997662e-06,0.004478225098332254,0.0,-0.0013050103406932363,-0.0008623820560222329,0.0009908913634717464,per_model_kept_independent_plus_common_union
Qwen_Qwen3-4B,4B,4.0,2560,hidden_dim,exp_c,think,gsm8k_test_001311,think,canonical,,True,thinking_segment,thinking,6,exp_c_segment_sample,202,202,0.0010959284845739605,0.005760601922261095,0.0007161169196479023,0.046932708472013474,4.344305170395201e-05,0.00574985019102767,0.04950495049504951,-0.003525030444166902,-0.002487360668715601,-0.003976304549723864,per_model_kept_independent_plus_common_union
Qwen_Qwen3-4B,4B,4.0,2560,hidden_dim,exp_c,think,gsm8k_test_001311,think,canonical,,True,thinking_segment,thinking,13,exp_c_segment_sample,202,202,0.0016793986549600958,0.0043595716452899174,0.0012940859887748957,0.028398126363754272,9.157505499306804e-06,0.004344906531093615,0.034653465346534656,-0.001741007969948906,-0.0010811129183161492,0.0006824219599366188,per_model_kept_independent_plus_common_union
Qwen_Qwen3-4B,4B,4.0,2560,hidden_dim,exp_c,think,gsm8k_test_001311,think,canonical,,True,thinking_segment,thinking,20,exp_c_segment_sample,202,202,0.0022439768072217703,0.004325705631705241,0.0015677150804549456,0.011353829875588417,3.1429733524972068e-06,0.0043155776437566575,0.039603960396039604,-0.0011899507119834207,-0.0008972520236948545,0.0009908913634717464,per_model_kept_independent_plus_common_union
Qwen_Qwen3-4B,4B,4.0,2560,hidden_dim,exp_c,think,gsm8k_test_001317,think,canonical,,True,answer_segment,think_answer,6,exp_c_segment_sample,51,51,0.0010959284845739605,0.00572694120152543,0.0014093175996094942,0.017060210928320885,1.3361594415803156e-05,0.005635348798241466,0.0,-0.0011026524734257684,-0.0008969869142254954,-0.0035882387310266495,per_model_kept_independent_plus_common_union
Qwen_Qwen3-4B,4B,4.0,2560,hidden_dim,exp_c,think,gsm8k_test_001317,think,canonical,,True,answer_segment,think_answer,13,exp_c_segment_sample,51,51,0.0016793986549600958,0.004957497133599485,0.002139617456123233,0.010207231156527996,3.954192768153124e-06,0.004925092477351427,0.0,-0.001096295898704374,-0.0009957044027172597,-0.0032045142725110054,per_model_kept_independent_plus_common_union
Qwen_Qwen3-4B,4B,4.0,2560,hidden_dim,exp_c,think,gsm8k_test_001317,think,canonical,,True,answer_segment,think_answer,20,exp_c_segment_sample,51,51,0.0022439768072217703,0.004508651724523481,0.002582920016720891,0.008374037221074104,1.6989841594788603e-06,0.0045008900808170445,0.0,-0.0003506613187323319,-0.00021312373260466005,-0.0012146560475230217,per_model_kept_independent_plus_common_union
Qwen_Qwen3-4B,4B,4.0,2560,hidden_dim,exp_c,think,gsm8k_test_001317,think,canonical,,True,thinking_segment,thinking,6,exp_c_segment_sample,256,256,0.0010959284845739605,0.007479506112531453,0.0008165285107679665,0.09163711220026016,0.00011907238321921767,0.007627791102610229,0.0390625,-0.0043866718280421374,-0.0029879525482941144,-0.0035882387310266495,per_model_kept_independent_plus_common_union
Qwen_Qwen3-4B,4B,4.0,2560,hidden_dim,exp_c,think,gsm8k_test_001317,think,canonical,,True,thinking_segment,thinking,13,exp_c_segment_sample,256,256,0.0016793986549600958,0.005074638663245423,0.001229815068654716,0.016533643007278442,9.052748097015915e-06,0.005109008592911099,0.03125,-0.0023660829144566214,-0.0017430269553397717,-0.0032045142725110054,per_model_kept_independent_plus_common_union
Qwen_Qwen3-4B,4B,4.0,2560,hidden_dim,exp_c,think,gsm8k_test_001317,think,canonical,,True,thinking_segment,thinking,20,exp_c_segment_sample,256,256,0.0022439768072217703,0.004777052462486608,0.0013991036685183644,0.01739901304244995,4.20695639590925e-06,0.004793387963941478,0.05078125,-0.0009822545412787828,-0.0009853631866952551,-0.0012146560475230217,per_model_kept_independent_plus_common_union
Qwen_Qwen3-8B,8B,8.0,4096,hidden_dim,exp_c,no_think,gsm8k_test_000007,no_think,canonical,,False,answer_segment,no_think_answer,6,exp_c_segment_sample,44,44,0.0007245007436722517,0.0031908510652349583,0.0008800096111372113,0.007801802363246679,4.413431918512856e-06,0.0031007950256448672,0.0,-0.002853622514874478,-0.002368953407064758,-0.004431096836924553,per_model_kept_independent_plus_common_union
Qwen_Qwen3-8B,8B,8.0,4096,hidden_dim,exp_c,no_think,gsm8k_test_000007,no_think,canonical,,False,answer_segment,no_think_answer,13,exp_c_segment_sample,44,44,0.0011393683264032007,0.003292113301788711,0.0015576692530885339,0.011307618580758572,3.2299058501836092e-06,0.0032525805101275094,0.0,-0.001328028091158942,-0.001231943553482944,-0.002782757394015789,per_model_kept_independent_plus_common_union
Qwen_Qwen3-8B,8B,8.0,4096,hidden_dim,exp_c,no_think,gsm8k_test_000007,no_think,canonical,,False,answer_segment,no_think_answer,20,exp_c_segment_sample,44,44,0.0014959154883399605,0.002997033747802065,0.00131649908144027,0.008625941351056099,2.239106724360639e-06,0.0029547740840677955,0.06818181818181818,-0.0006409646498716701,-0.000610307377593761,-0.005017031449824572,per_model_kept_independent_plus_common_union
Qwen_Qwen3-8B,8B,8.0,4096,hidden_dim,exp_c,no_think,gsm8k_test_000031,no_think,canonical,,False,answer_segment,no_think_answer,6,exp_c_segment_sample,80,80,0.0007245007436722517,0.004367877123877406,0.0006419042474590242,0.021065933629870415,1.761873515084022e-05,0.004216384236948399,0.025,-0.0008682881961619734,-0.0005195139907300467,-0.001364290714263916,per_model_kept_independent_plus_common_union
Qwen_Qwen3-8B,8B,8.0,4096,hidden_dim,exp_c,no_think,gsm8k_test_000031,no_think,canonical,,False,answer_segment,no_think_answer,13,exp_c_segment_sample,80,80,0.0011393683264032007,0.0030928106782084795,0.0009218480554409325,0.008271635510027409,2.596181390664746e-06,0.003053106951875069,0.0625,0.00016111138107522443,0.00020025922858621934,7.27532897144556e-05,per_model_kept_independent_plus_common_union
Qwen_Qwen3-8B,8B,8.0,4096,hidden_dim,exp_c,no_think,gsm8k_test_000031,no_think,canonical,,False,answer_segment,no_think_answer,20,exp_c_segment_sample,80,80,0.0014959154883399605,0.003026697610039264,0.0011822020169347525,0.013426726683974266,3.0980475005944365e-06,0.0029540754282917784,0.075,0.0010925646448783864,0.0008144211547914896,-0.0004570838063955307,per_model_kept_independent_plus_common_union
Qwen_Qwen3-8B,8B,8.0,4096,hidden_dim,exp_c,no_think,gsm8k_test_000054,no_think,canonical,,False,answer_segment,no_think_answer,6,exp_c_segment_sample,51,51,0.0007245007436722517,0.003473939912795436,0.0008548760088160634,0.019946452230215073,9.959191306307917e-06,0.0033865378843620417,0.0,-0.0013198876222469133,-0.0005295765317546632,0.007906295359134674,per_model_kept_independent_plus_common_union
Qwen_Qwen3-8B,8B,8.0,4096,hidden_dim,exp_c,no_think,gsm8k_test_000054,no_think,canonical,,False,answer_segment,no_think_answer,13,exp_c_segment_sample,51,51,0.0011393683264032007,0.00297508619990492,0.001427460229024291,0.007691213395446539,1.365634175910779e-06,0.0029212774359621105,0.0,9.524723097715864e-05,-8.02558004999389e-05,-0.0010887454263865948,per_model_kept_independent_plus_common_union
Qwen_Qwen3-8B,8B,8.0,4096,hidden_dim,exp_c,no_think,gsm8k_test_000054,no_think,canonical,,False,answer_segment,no_think_answer,20,exp_c_segment_sample,51,51,0.0014959154883399605,0.0030583355931893866,0.0013348815264180303,0.00659220339730382,1.4040622914044118e-06,0.0030188544862903652,0.0196078431372549,0.0015910071472540436,0.0010778540208076057,-0.0010563998948782682,per_model_kept_independent_plus_common_union
Qwen_Qwen3-8B,8B,8.0,4096,hidden_dim,exp_c,no_think,gsm8k_test_000099,no_think,canonical,,True,answer_segment,no_think_answer,6,exp_c_segment_sample,57,57,0.0007245007436722517,0.0031876651357794017,0.0006894423859193921,0.014398121275007725,7.786264455544926e-06,0.003104552044533193,0.017543859649122806,-0.002911163420887993,-0.002268883042658369,-0.0017627584747970104,per_model_kept_independent_plus_common_union
Qwen_Qwen3-8B,8B,8.0,4096,hidden_dim,exp_c,no_think,gsm8k_test_000099,no_think,canonical,,True,answer_segment,no_think_answer,13,exp_c_segment_sample,57,57,0.0011393683264032007,0.002775723067635115,0.0012643984518945217,0.008903633803129196,1.6080317849667475e-06,0.0027451803117790924,0.0,-0.0011443334222583624,-0.0009382383199408651,-0.0001974678598344326,per_model_kept_independent_plus_common_union
Qwen_Qwen3-8B,8B,8.0,4096,hidden_dim,exp_c,no_think,gsm8k_test_000099,no_think,canonical,,True,answer_segment,no_think_answer,20,exp_c_segment_sample,57,57,0.0014959154883399605,0.0029742656675935315,0.0014075934886932373,0.010099850594997406,1.6366473160627213e-06,0.002911883984259995,0.017543859649122806,8.903723294608166e-05,5.229819410790997e-05,-8.332100696861744e-05,per_model_kept_independent_plus_common_union
Qwen_Qwen3-8B,8B,8.0,4096,hidden_dim,exp_c,no_think,gsm8k_test_000118,no_think,canonical,,True,answer_segment,no_think_answer,6,exp_c_segment_sample,54,54,0.0007245007436722517,0.003749895129456288,0.0009524676715955138,0.013951565138995647,6.400958768229374e-06,0.0036279483048139876,0.0,0.0004220073238353834,-0.00030196054805336266,-0.002063340973109007,per_model_kept_independent_plus_common_union
Qwen_Qwen3-8B,8B,8.0,4096,hidden_dim,exp_c,no_think,gsm8k_test_000118,no_think,canonical,,True,answer_segment,no_think_answer,13,exp_c_segment_sample,54,54,0.0011393683264032007,0.0032673508200484016,0.0014857412315905094,0.009643740020692348,2.913247844316701e-06,0.0032321487131686706,0.0,-0.00032147778964817977,-0.0005181457381695509,-0.0013724863529205322,per_model_kept_independent_plus_common_union
Qwen_Qwen3-8B,8B,8.0,4096,hidden_dim,exp_c,no_think,gsm8k_test_000118,no_think,canonical,,True,answer_segment,no_think_answer,20,exp_c_segment_sample,54,54,0.0014959154883399605,0.0030378070465909937,0.0016736582620069385,0.006240098271518946,1.080539339141856e-06,0.003000097032987847,0.0,0.00021120125846467,0.00014128808730414942,-0.0009596904274076223,per_model_kept_independent_plus_common_union
Qwen_Qwen3-8B,8B,8.0,4096,hidden_dim,exp_c,no_think,gsm8k_test_000135,no_think,canonical,,True,answer_segment,no_think_answer,6,exp_c_segment_sample,51,51,0.0007245007436722517,0.0032360452756870026,0.0007077252957969904,0.011447908356785774,5.9945300474163084e-06,0.003147312821820379,0.0196078431372549,-0.0014531982913023296,-0.0013240779964969712,-0.0016556461341679096,per_model_kept_independent_plus_common_union
Qwen_Qwen3-8B,8B,8.0,4096,hidden_dim,exp_c,no_think,gsm8k_test_000135,no_think,canonical,,True,answer_segment,no_think_answer,13,exp_c_segment_sample,51,51,0.0011393683264032007,0.003053371561691165,0.0013238969258964062,0.011082406155765057,2.3651048366698754e-06,0.0029655419406481092,0.0,0.00021349185470879444,1.7984501587656795e-05,-0.0006062581669539213,per_model_kept_independent_plus_common_union
Qwen_Qwen3-8B,8B,8.0,4096,hidden_dim,exp_c,no_think,gsm8k_test_000135,no_think,canonical,,True,answer_segment,no_think_answer,20,exp_c_segment_sample,51,51,0.0014959154883399605,0.0030981567733939373,0.001325489953160286,0.008002074435353279,1.5754488170422184e-06,0.0030388263193890453,0.0392156862745098,0.00033082250912349373,0.0002691279649018096,-0.0004227075260132551,per_model_kept_independent_plus_common_union
Qwen_Qwen3-8B,8B,8.0,4096,hidden_dim,exp_c,no_think,gsm8k_test_000182,no_think,canonical,,False,answer_segment,no_think_answer,6,exp_c_segment_sample,74,74,0.0007245007436722517,0.002724595877618806,0.0005220813327468932,0.011178570799529552,4.295984389175769e-06,0.002636607729970184,0.06756756756756757,-1.1483062864154966e-05,-0.00018175209468034546,-0.00814862735569477,per_model_kept_independent_plus_common_union
Qwen_Qwen3-8B,8B,8.0,4096,hidden_dim,exp_c,no_think,gsm8k_test_000182,no_think,canonical,,False,answer_segment,no_think_answer,13,exp_c_segment_sample,74,74,0.0011393683264032007,0.00257641586909272,0.0009863638551905751,0.00666913902387023,1.1838260081989834e-06,0.0025389119520247594,0.02702702702702703,0.00027240086460133677,0.0001643254777024452,-0.006288208533078432,per_model_kept_independent_plus_common_union
Qwen_Qwen3-8B,8B,8.0,4096,hidden_dim,exp_c,no_think,gsm8k_test_000182,no_think,canonical,,False,answer_segment,no_think_answer,20,exp_c_segment_sample,74,74,0.0014959154883399605,0.00277781138209173,0.0016601566458120942,0.005981116089969873,7.550652791711768e-07,0.0027495424298263375,0.0,0.00032035340731208304,0.0003196756281938994,-0.00251706107519567,per_model_kept_independent_plus_common_union
Qwen_Qwen3-8B,8B,8.0,4096,hidden_dim,exp_c,no_think,gsm8k_test_000247,no_think,canonical,,True,answer_segment,no_think_answer,6,exp_c_segment_sample,46,46,0.0007245007436722517,0.003919480524769903,0.0004453364235814661,0.01375457551330328,1.2260515141089392e-05,0.003759361445877908,0.10869565217391304,-0.002735647024328552,-0.0023122766821567593,-0.010926424525678158,per_model_kept_independent_plus_common_union
Qwen_Qwen3-8B,8B,8.0,4096,hidden_dim,exp_c,no_think,gsm8k_test_000247,no_think,canonical,,True,answer_segment,no_think_answer,13,exp_c_segment_sample,46,46,0.0011393683264032007,0.0025750874116530886,0.0008723310893401504,0.006053087767213583,1.5971640897893792e-06,0.0025170905515551566,0.10869565217391304,-0.0005469016976754465,-0.00014732827548868954,-0.0016407137736678123,per_model_kept_independent_plus_common_union
Qwen_Qwen3-8B,8B,8.0,4096,hidden_dim,exp_c,no_think,gsm8k_test_000247,no_think,canonical,,True,answer_segment,no_think_answer,20,exp_c_segment_sample,46,46,0.0014959154883399605,0.0030873720913761012,0.0011754416627809405,0.011979815550148487,2.9494474661480526e-06,0.0029837186267185544,0.10869565217391304,0.0013135280056273304,0.0011449342224902162,6.381189450621605e-06,per_model_kept_independent_plus_common_union
Qwen_Qwen3-8B,8B,8.0,4096,hidden_dim,exp_c,no_think,gsm8k_test_000252,no_think,canonical,,False,answer_segment,no_think_answer,6,exp_c_segment_sample,51,51,0.0007245007436722517,0.002947954555708623,0.0006290504825301468,0.00806060153990984,3.4862945578099943e-06,0.0028886956942733378,0.058823529411764705,-0.002693153780040105,-0.0020755989647183856,-0.01715156063437462,per_model_kept_independent_plus_common_union
Qwen_Qwen3-8B,8B,8.0,4096,hidden_dim,exp_c,no_think,gsm8k_test_000252,no_think,canonical,,False,answer_segment,no_think_answer,13,exp_c_segment_sample,51,51,0.0011393683264032007,0.002924736787784187,0.0010989743750542402,0.007339912466704845,1.7363567480007126e-06,0.002892648845445365,0.0196078431372549,-0.001007494389720058,-0.0005214037194561502,-0.0058309780433773994,per_model_kept_independent_plus_common_union
Qwen_Qwen3-8B,8B,8.0,4096,hidden_dim,exp_c,no_think,gsm8k_test_000252,no_think,canonical,,False,answer_segment,no_think_answer,20,exp_c_segment_sample,51,51,0.0014959154883399605,0.003031416898867225,0.00138225092086941,0.007448316551744938,1.663855433470509e-06,0.0029880286310799416,0.0392156862745098,0.0003007930077662973,0.00023959361267491012,-0.0058419425040483475,per_model_kept_independent_plus_common_union
Qwen_Qwen3-8B,8B,8.0,4096,hidden_dim,exp_c,no_think,gsm8k_test_000254,no_think,canonical,,False,answer_segment,no_think_answer,6,exp_c_segment_sample,57,57,0.0007245007436722517,0.0033175775070527665,0.0010242300340905786,0.009746633470058441,4.853694928234376e-06,0.0032429832291589787,0.0,-0.0010260539167406854,-0.0007805000447357693,-0.0034534698352217674,per_model_kept_independent_plus_common_union
Qwen_Qwen3-8B,8B,8.0,4096,hidden_dim,exp_c,no_think,gsm8k_test_000254,no_think,canonical,,False,answer_segment,no_think_answer,13,exp_c_segment_sample,57,57,0.0011393683264032007,0.0029512585075408744,0.0014565555611625314,0.006837551016360521,1.4678561187360088e-06,0.0029204457948383477,0.0,-0.00046653419643464785,-0.0005871337838470937,-0.0014915219508111477,per_model_kept_independent_plus_common_union
Qwen_Qwen3-8B,8B,8.0,4096,hidden_dim,exp_c,no_think,gsm8k_test_000254,no_think,canonical,,False,answer_segment,no_think_answer,20,exp_c_segment_sample,57,57,0.0014959154883399605,0.002855968300106102,0.0016420187894254923,0.009110352955758572,1.2759715260476481e-06,0.0027978987054666504,0.0,0.0005243421813638726,0.00038782503300656846,-0.00030120089650154114,per_model_kept_independent_plus_common_union
Qwen_Qwen3-8B,8B,8.0,4096,hidden_dim,exp_c,no_think,gsm8k_test_000310,no_think,canonical,,False,answer_segment,no_think_answer,6,exp_c_segment_sample,73,73,0.0007245007436722517,0.004243570635468406,0.00044244236778467894,0.024458428844809532,1.9861125358773338e-05,0.004062149712909659,0.0821917808219178,-0.002910263983917936,-0.002543332837950928,-0.00041066762059926987,per_model_kept_independent_plus_common_union
Qwen_Qwen3-8B,8B,8.0,4096,hidden_dim,exp_c,no_think,gsm8k_test_000310,no_think,canonical,,False,answer_segment,no_think_answer,13,exp_c_segment_sample,73,73,0.0011393683264032007,0.0034066785289587017,0.0006379102705977857,0.016145460307598114,5.968852506052313e-06,0.003372008629311394,0.1095890410958904,-0.0006310485918192097,-0.0002639170423591212,-0.00573373818770051,per_model_kept_independent_plus_common_union
Qwen_Qwen3-8B,8B,8.0,4096,hidden_dim,exp_c,no_think,gsm8k_test_000310,no_think,canonical,,False,answer_segment,no_think_answer,20,exp_c_segment_sample,73,73,0.0014959154883399605,0.002942103589565991,0.0010461133206263185,0.015866730362176895,3.457942042054269e-06,0.0028502247086079377,0.0410958904109589,0.0007993827010368703,0.0005414654856155578,-0.0034061961341649294,per_model_kept_independent_plus_common_union
Qwen_Qwen3-8B,8B,8.0,4096,hidden_dim,exp_c,no_think,gsm8k_test_000343,no_think,canonical,,True,answer_segment,no_think_answer,6,exp_c_segment_sample,66,66,0.0007245007436722517,0.0032835081775291737,0.0008110293420031667,0.015274752862751484,6.84533361306061e-06,0.0032204574108338703,0.0,-0.003197984133447107,-0.001976072079474654,-0.00818430632352829,per_model_kept_independent_plus_common_union
Qwen_Qwen3-8B,8B,8.0,4096,hidden_dim,exp_c,no_think,gsm8k_test_000343,no_think,canonical,,True,answer_segment,no_think_answer,13,exp_c_segment_sample,66,66,0.0011393683264032007,0.002980591819240627,0.0008529691258445382,0.008668833412230015,2.6906619707413e-06,0.0029442698820135913,0.030303030303030304,-0.0019062806290146023,-0.0009555910946801305,-0.0018710424192249775,per_model_kept_independent_plus_common_union
Qwen_Qwen3-8B,8B,8.0,4096,hidden_dim,exp_c,no_think,gsm8k_test_000343,no_think,canonical,,True,answer_segment,no_think_answer,20,exp_c_segment_sample,66,66,0.0014959154883399605,0.0029585261910335357,0.0013234663056209683,0.013706725090742111,3.1512291797405673e-06,0.002878743519361775,0.12121212121212122,-0.0005134731849271367,-0.0003570144009940766,-0.0005240142345428467,per_model_kept_independent_plus_common_union
Qwen_Qwen3-8B,8B,8.0,4096,hidden_dim,exp_c,no_think,gsm8k_test_000361,no_think,canonical,,False,answer_segment,no_think_answer,6,exp_c_segment_sample,66,66,0.0007245007436722517,0.004426505369007249,0.000750120438169688,0.02345440536737442,2.1354918408403258e-05,0.004277919227472292,0.0,-0.004629221329720772,-0.00381190434906303,-0.001319181639701128,per_model_kept_independent_plus_common_union
Qwen_Qwen3-8B,8B,8.0,4096,hidden_dim,exp_c,no_think,gsm8k_test_000361,no_think,canonical,,False,answer_segment,no_think_answer,13,exp_c_segment_sample,66,66,0.0011393683264032007,0.002838515058322104,0.0009331233450211585,0.007952103391289711,1.7414067543290625e-06,0.002792261864166134,0.030303030303030304,-0.0013298635563580646,-0.0010777817189912583,-0.000536587554961443,per_model_kept_independent_plus_common_union
Qwen_Qwen3-8B,8B,8.0,4096,hidden_dim,exp_c,no_think,gsm8k_test_000361,no_think,canonical,,False,answer_segment,no_think_answer,20,exp_c_segment_sample,66,66,0.0014959154883399605,0.0029439372363302746,0.0015040216967463493,0.007572791539132595,1.4236652984015185e-06,0.0029020783115321627,0.0,-0.0006217248601967858,-0.0006715004565194249,-0.0005072962958365679,per_model_kept_independent_plus_common_union
Qwen_Qwen3-8B,8B,8.0,4096,hidden_dim,exp_c,no_think,gsm8k_test_000433,no_think,canonical,,False,answer_segment,no_think_answer,6,exp_c_segment_sample,55,55,0.0007245007436722517,0.00391076707217673,0.0008884223061613739,0.010943736881017685,8.247758342267855e-06,0.0038119317776161336,0.0,-0.0013830296080650187,-0.0011086380275498542,-0.001282648416236043,per_model_kept_independent_plus_common_union
Qwen_Qwen3-8B,8B,8.0,4096,hidden_dim,exp_c,no_think,gsm8k_test_000433,no_think,canonical,,False,answer_segment,no_think_answer,13,exp_c_segment_sample,55,55,0.0011393683264032007,0.002999001042917371,0.0011118825059384108,0.006642901338636875,1.7547890441485458e-06,0.002962630382238853,0.03636363636363636,-0.00019589908414991818,-0.00026296074169554874,-0.0010630041360855103,per_model_kept_independent_plus_common_union
Qwen_Qwen3-8B,8B,8.0,4096,hidden_dim,exp_c,no_think,gsm8k_test_000433,no_think,canonical,,False,answer_segment,no_think_answer,20,exp_c_segment_sample,55,55,0.0014959154883399605,0.00290378194979646,0.0013640518300235271,0.007074642460793257,1.234905214423734e-06,0.002874408225546142,0.01818181818181818,0.00027501996797086513,0.00014446886156552598,-0.0009935791604220867,per_model_kept_independent_plus_common_union
Qwen_Qwen3-8B,8B,8.0,4096,hidden_dim,exp_c,no_think,gsm8k_test_000449,no_think,canonical,,True,answer_segment,no_think_answer,6,exp_c_segment_sample,49,49,0.0007245007436722517,0.003012744522159349,0.0011241355678066611,0.009368380531668663,3.0622769860400647e-06,0.00294542539389416,0.0,-0.0013762448832620768,-0.0009332191951286336,-0.007396053522825241,per_model_kept_independent_plus_common_union
Qwen_Qwen3-8B,8B,8.0,4096,hidden_dim,exp_c,no_think,gsm8k_test_000449,no_think,canonical,,True,answer_segment,no_think_answer,13,exp_c_segment_sample,49,49,0.0011393683264032007,0.0028881370398805154,0.001252447720617056,0.00906258076429367,1.615205394303593e-06,0.0028511944741088273,0.0,-0.0009199611823625728,-0.0006261499007590688,-0.002469938714057207,per_model_kept_independent_plus_common_union
Qwen_Qwen3-8B,8B,8.0,4096,hidden_dim,exp_c,no_think,gsm8k_test_000449,no_think,canonical,,True,answer_segment,no_think_answer,20,exp_c_segment_sample,49,49,0.0014959154883399605,0.002838194175452298,0.0013747219927608967,0.006182622630149126,8.800296485445225e-07,0.0028011730149349505,0.02040816326530612,-0.0005476644551571549,-0.00040643273566204775,-0.0018877917900681496,per_model_kept_independent_plus_common_union
Qwen_Qwen3-8B,8B,8.0,4096,hidden_dim,exp_c,no_think,gsm8k_test_000460,no_think,canonical,,False,answer_segment,no_think_answer,6,exp_c_segment_sample,63,63,0.0007245007436722517,0.0035633423360108976,0.0005121012218296528,0.010231520049273968,5.870680040833079e-06,0.003500815173949024,0.07936507936507936,-0.0033366028425613576,-0.002297672053828137,-0.0010702286381274462,per_model_kept_independent_plus_common_union
Qwen_Qwen3-8B,8B,8.0,4096,hidden_dim,exp_c,no_think,gsm8k_test_000460,no_think,canonical,,False,answer_segment,no_think_answer,13,exp_c_segment_sample,63,63,0.0011393683264032007,0.0031107179580315476,0.001000176533125341,0.009968306869268417,2.297105559955161e-06,0.0030421015727634146,0.047619047619047616,-0.0007634276671091184,-0.0004914804230793379,-4.148110747337341e-05,per_model_kept_independent_plus_common_union
Qwen_Qwen3-8B,8B,8.0,4096,hidden_dim,exp_c,no_think,gsm8k_test_000460,no_think,canonical,,False,answer_segment,no_think_answer,20,exp_c_segment_sample,63,63,0.0014959154883399605,0.0029894625638715094,0.0016980054788291454,0.008986680768430233,1.2230103661715793e-06,0.00294331569157,0.0,-0.00021161389269677626,-0.00021973177354084328,-0.0001447591930627823,per_model_kept_independent_plus_common_union
Qwen_Qwen3-8B,8B,8.0,4096,hidden_dim,exp_c,no_think,gsm8k_test_000472,no_think,canonical,,True,answer_segment,no_think_answer,6,exp_c_segment_sample,41,41,0.0007245007436722517,0.0029657966565204467,0.0007792935357429087,0.0073493411764502525,2.7949774564767503e-06,0.002884591018664651,0.0,-0.0015735414137946907,-0.0016431651363911274,-0.004498839378356934,per_model_kept_independent_plus_common_union
Qwen_Qwen3-8B,8B,8.0,4096,hidden_dim,exp_c,no_think,gsm8k_test_000472,no_think,canonical,,True,answer_segment,no_think_answer,13,exp_c_segment_sample,41,41,0.0011393683264032007,0.0027586777677486947,0.001032165251672268,0.004961972590535879,9.211306389829089e-07,0.0027210085740080104,0.07317073170731707,-0.0010413342311277368,-0.0008298674894666133,-0.0008846265263855457,per_model_kept_independent_plus_common_union
Qwen_Qwen3-8B,8B,8.0,4096,hidden_dim,exp_c,no_think,gsm8k_test_000472,no_think,canonical,,True,answer_segment,no_think_answer,20,exp_c_segment_sample,41,41,0.0014959154883399605,0.002971701786807943,0.0016788827488198876,0.008247188292443752,1.5005702041358099e-06,0.0029433325136778874,0.0,0.00021856386970586303,-0.00015078796158460046,-0.0002591691445559263,per_model_kept_independent_plus_common_union
Qwen_Qwen3-8B,8B,8.0,4096,hidden_dim,exp_c,no_think,gsm8k_test_000514,no_think,canonical,,True,answer_segment,no_think_answer,6,exp_c_segment_sample,59,59,0.0007245007436722517,0.003332905603525371,0.0008383688982576132,0.010513539426028728,6.5375216804822815e-06,0.003244531154231136,0.0,-0.0019668679431838524,-0.0018578018527477982,-0.009500861167907715,per_model_kept_independent_plus_common_union
Qwen_Qwen3-8B,8B,8.0,4096,hidden_dim,exp_c,no_think,gsm8k_test_000514,no_think,canonical,,True,answer_segment,no_think_answer,13,exp_c_segment_sample,59,59,0.0011393683264032007,0.0028808181474016883,0.0010023919166997075,0.011367110535502434,2.7124700772601103e-06,0.002852566086622919,0.03389830508474576,-0.0016514120970742207,-0.0018824209226295354,-0.003154852893203497,per_model_kept_independent_plus_common_union
Qwen_Qwen3-8B,8B,8.0,4096,hidden_dim,exp_c,no_think,gsm8k_test_000514,no_think,canonical,,True,answer_segment,no_think_answer,20,exp_c_segment_sample,59,59,0.0014959154883399605,0.002702247025839732,0.001075433799996972,0.009598420932888985,1.6381053833916964e-06,0.0026396212111837397,0.06779661016949153,8.929347011686659e-05,-7.773243511716502e-05,-0.0008322801440954208,per_model_kept_independent_plus_common_union
Qwen_Qwen3-8B,8B,8.0,4096,hidden_dim,exp_c,no_think,gsm8k_test_000534,no_think,canonical,,True,answer_segment,no_think_answer,6,exp_c_segment_sample,48,48,0.0007245007436722517,0.002975392127458084,0.000653326977044344,0.013817929662764072,5.044348128330234e-06,0.0028240101652200087,0.0625,-7.162162127111444e-05,0.00011962898618852113,0.0019386995118111372,per_model_kept_independent_plus_common_union
Qwen_Qwen3-8B,8B,8.0,4096,hidden_dim,exp_c,no_think,gsm8k_test_000534,no_think,canonical,,True,answer_segment,no_think_answer,13,exp_c_segment_sample,48,48,0.0011393683264032007,0.0028380722554478175,0.0009856721153482795,0.007820313796401024,1.7399713807711104e-06,0.0028032279682365497,0.041666666666666664,-0.0014207355876462756,-0.0010576385150973993,-0.00024106213822960854,per_model_kept_independent_plus_common_union
Qwen_Qwen3-8B,8B,8.0,4096,hidden_dim,exp_c,no_think,gsm8k_test_000534,no_think,canonical,,True,answer_segment,no_think_answer,20,exp_c_segment_sample,48,48,0.0014959154883399605,0.0031722330265135192,0.0015550475800409913,0.008267855271697044,1.8614406305798123e-06,0.003111836148742983,0.0,-0.00034883682798993594,-0.00025732527137733996,-0.0014837200287729502,per_model_kept_independent_plus_common_union
Qwen_Qwen3-8B,8B,8.0,4096,hidden_dim,exp_c,no_think,gsm8k_test_000543,no_think,canonical,,True,answer_segment,no_think_answer,6,exp_c_segment_sample,55,55,0.0007245007436722517,0.003447559756353836,0.0008840366499498487,0.01142248697578907,5.7749919393498876e-06,0.003355972370762309,0.0,-0.0018080839262851905,-0.0015825564914848655,-0.003880410687997937,per_model_kept_independent_plus_common_union
Qwen_Qwen3-8B,8B,8.0,4096,hidden_dim,exp_c,no_think,gsm8k_test_000543,no_think,canonical,,True,answer_segment,no_think_answer,13,exp_c_segment_sample,55,55,0.0011393683264032007,0.0032850537470287895,0.0011397066991776228,0.010053344070911407,3.333968355246741e-06,0.0032512609333800228,0.0,-0.0012727817233240625,-0.0009986633085645735,-0.001292479457333684,per_model_kept_independent_plus_common_union
Qwen_Qwen3-8B,8B,8.0,4096,hidden_dim,exp_c,no_think,gsm8k_test_000543,no_think,canonical,,True,answer_segment,no_think_answer,20,exp_c_segment_sample,55,55,0.0014959154883399605,0.0031590782254087655,0.0015712347812950611,0.009491603821516037,1.5822621793562155e-06,0.0030938008416409564,0.0,-0.0002194956728172536,-0.00041913032431953713,-0.0003556697629392147,per_model_kept_independent_plus_common_union
Qwen_Qwen3-8B,8B,8.0,4096,hidden_dim,exp_c,no_think,gsm8k_test_000549,no_think,canonical,,False,answer_segment,no_think_answer,6,exp_c_segment_sample,47,47,0.0007245007436722517,0.0036173406542536427,0.0005575336399488151,0.009355183690786362,5.342650538600888e-06,0.003524332874171112,0.06382978723404255,-0.0010908609791782668,-0.00047503588818168874,-0.002158799674361944,per_model_kept_independent_plus_common_union
Qwen_Qwen3-8B,8B,8.0,4096,hidden_dim,exp_c,no_think,gsm8k_test_000549,no_think,canonical,,False,answer_segment,no_think_answer,13,exp_c_segment_sample,47,47,0.0011393683264032007,0.002921709078710843,0.00080228375736624,0.006010796409100294,1.5939965879919676e-06,0.0028875809296985853,0.0851063829787234,-0.0005118686741743072,-0.0007121058879420161,0.0002166412305086851,per_model_kept_independent_plus_common_union
Qwen_Qwen3-8B,8B,8.0,4096,hidden_dim,exp_c,no_think,gsm8k_test_000549,no_think,canonical,,False,answer_segment,no_think_answer,20,exp_c_segment_sample,47,47,0.0014959154883399605,0.0029485191817970034,0.0010785767808556557,0.011111226864159107,2.265292344341926e-06,0.0028696891866907804,0.10638297872340426,0.0005052422087867449,0.0002610814214373631,-0.0003479663282632828,per_model_kept_independent_plus_common_union
Qwen_Qwen3-8B,8B,8.0,4096,hidden_dim,exp_c,no_think,gsm8k_test_000585,no_think,canonical,,False,answer_segment,no_think_answer,6,exp_c_segment_sample,50,50,0.0007245007436722517,0.0030533879692666234,0.0010532323503866792,0.009686841629445553,4.136819839491249e-06,0.002950636059406917,0.0,-0.0002813798482255885,-0.0003354021419699374,-0.008393840864300728,per_model_kept_independent_plus_common_union
Qwen_Qwen3-8B,8B,8.0,4096,hidden_dim,exp_c,no_think,gsm8k_test_000585,no_think,canonical,,False,answer_segment,no_think_answer,13,exp_c_segment_sample,50,50,0.0011393683264032007,0.002859938011970371,0.0012841451680287719,0.008259830065071583,1.807776595528791e-06,0.0027996155822991716,0.0,-0.00010952743400326383,-6.412669049146074e-05,-0.0035707219503819942,per_model_kept_independent_plus_common_union
Qwen_Qwen3-8B,8B,8.0,4096,hidden_dim,exp_c,no_think,gsm8k_test_000585,no_think,canonical,,False,answer_segment,no_think_answer,20,exp_c_segment_sample,50,50,0.0014959154883399605,0.002944214195013046,0.0017398340860381722,0.012760401703417301,2.9664597766548146e-06,0.0028518321092373565,0.0,0.001040344354970492,0.0006938649323553992,-0.0010738382115960121,per_model_kept_independent_plus_common_union
Qwen_Qwen3-8B,8B,8.0,4096,hidden_dim,exp_c,no_think,gsm8k_test_000604,no_think,canonical,,True,answer_segment,no_think_answer,6,exp_c_segment_sample,49,49,0.0007245007436722517,0.0038018215861057446,0.0006251837476156652,0.013316255994141102,1.1561888701440539e-05,0.0036842837168175424,0.14285714285714285,-0.0025230474193219336,-0.002252415194211957,-0.0003584618680179119,per_model_kept_independent_plus_common_union
Qwen_Qwen3-8B,8B,8.0,4096,hidden_dim,exp_c,no_think,gsm8k_test_000604,no_think,canonical,,True,answer_segment,no_think_answer,13,exp_c_segment_sample,49,49,0.0011393683264032007,0.0034168627141613742,0.0009917375864461064,0.011576545424759388,4.5610419253988775e-06,0.0033874461344870115,0.061224489795918366,-0.002685632837023966,-0.0024822533596307044,-0.000766650540754199,per_model_kept_independent_plus_common_union
Qwen_Qwen3-8B,8B,8.0,4096,hidden_dim,exp_c,no_think,gsm8k_test_000604,no_think,canonical,,True,answer_segment,no_think_answer,20,exp_c_segment_sample,49,49,0.0014959154883399605,0.0029174352078983673,0.0013746937038376927,0.0073022483848035336,1.6121599025332157e-06,0.0028907797095598653,0.061224489795918366,-0.0003353047211255362,-0.000479640018266554,0.00020963256247341633,per_model_kept_independent_plus_common_union
Qwen_Qwen3-8B,8B,8.0,4096,hidden_dim,exp_c,no_think,gsm8k_test_000629,no_think,canonical,,False,answer_segment,no_think_answer,6,exp_c_segment_sample,62,62,0.0007245007436722517,0.003028555017437846,0.0009258695063181221,0.011420353315770626,4.7505646270768865e-06,0.0029355318382855698,0.0,-0.0015656695004299425,-0.0012992185475013684,-0.0046037971042096615,per_model_kept_independent_plus_common_union
Qwen_Qwen3-8B,8B,8.0,4096,hidden_dim,exp_c,no_think,gsm8k_test_000629,no_think,canonical,,False,answer_segment,no_think_answer,13,exp_c_segment_sample,62,62,0.0011393683264032007,0.0027336458874595983,0.001213512965478003,0.006900156382471323,1.8282342792823716e-06,0.0026932857381027258,0.0,-0.0017928878922292978,-0.0012743715924443677,-0.002001100219786167,per_model_kept_independent_plus_common_union
Qwen_Qwen3-8B,8B,8.0,4096,hidden_dim,exp_c,no_think,gsm8k_test_000629,no_think,canonical,,False,answer_segment,no_think_answer,20,exp_c_segment_sample,62,62,0.0014959154883399605,0.0028019052922665594,0.0016094603342935443,0.009279568679630756,1.0929296717995194e-06,0.0027488489314669473,0.0,0.0002923778457833158,0.00018187391833635047,-0.0019405130296945572,per_model_kept_independent_plus_common_union
Qwen_Qwen3-8B,8B,8.0,4096,hidden_dim,exp_c,no_think,gsm8k_test_000640,no_think,canonical,,False,answer_segment,no_think_answer,6,exp_c_segment_sample,76,76,0.0007245007436722517,0.003177009468536677,0.0005393763422034681,0.02055954560637474,1.3479185300834141e-05,0.003032815022549281,0.09210526315789473,-0.0027947677836299254,-0.002703162633176697,-0.0069654230028390884,per_model_kept_independent_plus_common_union
Qwen_Qwen3-8B,8B,8.0,4096,hidden_dim,exp_c,no_think,gsm8k_test_000640,no_think,canonical,,False,answer_segment,no_think_answer,13,exp_c_segment_sample,76,76,0.0011393683264032007,0.0025907628725307355,0.0009119987953454256,0.007724375929683447,1.5872116736130154e-06,0.002551734369869033,0.039473684210526314,-0.0008257189028328558,-0.0007592306386581377,-0.003060235409066081,per_model_kept_independent_plus_common_union
Qwen_Qwen3-8B,8B,8.0,4096,hidden_dim,exp_c,no_think,gsm8k_test_000640,no_think,canonical,,False,answer_segment,no_think_answer,20,exp_c_segment_sample,76,76,0.0014959154883399605,0.00252250457905527,0.0013542259112000465,0.007728935219347477,8.938942658528585e-07,0.0024920579061533015,0.039473684210526314,0.0002321206100548591,5.992212773937942e-05,-0.001568749314174056,per_model_kept_independent_plus_common_union
Qwen_Qwen3-8B,8B,8.0,4096,hidden_dim,exp_c,no_think,gsm8k_test_000641,no_think,canonical,,False,answer_segment,no_think_answer,6,exp_c_segment_sample,53,53,0.0007245007436722517,0.0032251595161451063,0.000782026385422796,0.011447426863014698,6.012180811032034e-06,0.0031560930757013224,0.0,-0.001333958143758853,-0.0011253112045648906,-0.00751496572047472,per_model_kept_independent_plus_common_union
Qwen_Qwen3-8B,8B,8.0,4096,hidden_dim,exp_c,no_think,gsm8k_test_000641,no_think,canonical,,False,answer_segment,no_think_answer,13,exp_c_segment_sample,53,53,0.0011393683264032007,0.0029581704721698223,0.0010549606522545218,0.009762497618794441,2.43031020725977e-06,0.0028932266532837483,0.018867924528301886,-0.00014765798680452927,-0.00021010740394038826,-0.0037588481791317463,per_model_kept_independent_plus_common_union
Qwen_Qwen3-8B,8B,8.0,4096,hidden_dim,exp_c,no_think,gsm8k_test_000641,no_think,canonical,,False,answer_segment,no_think_answer,20,exp_c_segment_sample,53,53,0.0014959154883399605,0.0028228117460560686,0.0012690748553723097,0.009145654737949371,1.8882051336585076e-06,0.0027723167832636344,0.03773584905660377,-3.1300073594978454e-05,-0.00023386530977274672,-0.0034758576657623053,per_model_kept_independent_plus_common_union
Qwen_Qwen3-8B,8B,8.0,4096,hidden_dim,exp_c,no_think,gsm8k_test_000645,no_think,canonical,,True,answer_segment,no_think_answer,6,exp_c_segment_sample,45,45,0.0007245007436722517,0.0031894115330134,0.0009185133385472,0.0118855657055974,5.798849574663943e-06,0.003101582603201016,0.0,-0.0013866870464973016,-0.0013849925356529034,-0.001384145114570856,per_model_kept_independent_plus_common_union
Qwen_Qwen3-8B,8B,8.0,4096,hidden_dim,exp_c,no_think,gsm8k_test_000645,no_think,canonical,,True,answer_segment,no_think_answer,13,exp_c_segment_sample,45,45,0.0011393683264032007,0.002713318733084533,0.001381437643431127,0.006142043974250555,1.1305243927720292e-06,0.0026673083140684125,0.0,-0.00019343050831145846,-0.00024424628160583505,-9.292014874517918e-05,per_model_kept_independent_plus_common_union
Qwen_Qwen3-8B,8B,8.0,4096,hidden_dim,exp_c,no_think,gsm8k_test_000645,no_think,canonical,,True,answer_segment,no_think_answer,20,exp_c_segment_sample,45,45,0.0014959154883399605,0.0029491635479239955,0.0016191278118640184,0.006153608672320843,1.3190499741726304e-06,0.0029120049518744718,0.0,0.0003587518319271632,0.000391788906805838,-0.0004719826392829418,per_model_kept_independent_plus_common_union
Qwen_Qwen3-8B,8B,8.0,4096,hidden_dim,exp_c,no_think,gsm8k_test_000655,no_think,canonical,,True,answer_segment,no_think_answer,6,exp_c_segment_sample,46,46,0.0007245007436722517,0.0036501588120185975,0.0007032557623460889,0.013559726066887379,6.701596936578249e-06,0.003571754571102145,0.021739130434782608,-0.002113800840316621,-0.0010703597169291847,-0.0005354289896786213,per_model_kept_independent_plus_common_union
Qwen_Qwen3-8B,8B,8.0,4096,hidden_dim,exp_c,no_think,gsm8k_test_000655,no_think,canonical,,True,answer_segment,no_think_answer,13,exp_c_segment_sample,46,46,0.0011393683264032007,0.0031417225659622445,0.0010424481006339192,0.0061777266673743725,1.764624782577298e-06,0.0031286714934847418,0.021739130434782608,-0.0005610737584317642,-0.00015865524377052997,-0.00014024856500327587,per_model_kept_independent_plus_common_union
Qwen_Qwen3-8B,8B,8.0,4096,hidden_dim,exp_c,no_think,gsm8k_test_000655,no_think,canonical,,True,answer_segment,no_think_answer,20,exp_c_segment_sample,46,46,0.0014959154883399605,0.0029875239655982864,0.0014478539815172553,0.007059334311634302,1.5644305664132423e-06,0.0029336824107708205,0.043478260869565216,-1.865428832345119e-05,-8.92691508245962e-05,-0.00015376205556094646,per_model_kept_independent_plus_common_union
Qwen_Qwen3-8B,8B,8.0,4096,hidden_dim,exp_c,no_think,gsm8k_test_000697,no_think,canonical,,True,answer_segment,no_think_answer,6,exp_c_segment_sample,55,55,0.0007245007436722517,0.0036035323684865776,0.0007086763507686555,0.013977237045764923,9.476636498453126e-06,0.0035097113318948285,0.01818181818181818,-0.0038726772575536305,-0.0027293170403156963,-0.00485208397731185,per_model_kept_independent_plus_common_union
Qwen_Qwen3-8B,8B,8.0,4096,hidden_dim,exp_c,no_think,gsm8k_test_000697,no_think,canonical,,True,answer_segment,no_think_answer,13,exp_c_segment_sample,55,55,0.0011393683264032007,0.002769182369493964,0.0009297799551859498,0.0068452931009233,1.7485599222251015e-06,0.002730513324624756,0.07272727272727272,-0.0019816722549262198,-0.001290871553854751,-0.0017292406409978867,per_model_kept_independent_plus_common_union
Qwen_Qwen3-8B,8B,8.0,4096,hidden_dim,exp_c,no_think,gsm8k_test_000697,no_think,canonical,,True,answer_segment,no_think_answer,20,exp_c_segment_sample,55,55,0.0014959154883399605,0.0027878819202834908,0.0017231277888640761,0.0051382966339588165,7.478828258633463e-07,0.0027726421400007827,0.0,-0.0006042881834006241,-0.00023457055379237472,-0.0011488033924251795,per_model_kept_independent_plus_common_union
Qwen_Qwen3-8B,8B,8.0,4096,hidden_dim,exp_c,no_think,gsm8k_test_000713,no_think,canonical,,True,answer_segment,no_think_answer,6,exp_c_segment_sample,48,48,0.0007245007436722517,0.003951312113107027,0.0006916519487276673,0.01850317232310772,9.322620790336977e-06,0.003761807726597058,0.020833333333333332,0.000774390379273405,0.0004912822720749927,-0.0017504571005702019,per_model_kept_independent_plus_common_union
Qwen_Qwen3-8B,8B,8.0,4096,hidden_dim,exp_c,no_think,gsm8k_test_000713,no_think,canonical,,True,answer_segment,no_think_answer,13,exp_c_segment_sample,48,48,0.0011393683264032007,0.0030039025393004217,0.0009290189482271671,0.008914990350604057,2.3346951614153125e-06,0.002938046692276096,0.0625,-0.00021623194749866245,8.927432160514082e-05,0.0002632297109812498,per_model_kept_independent_plus_common_union
Qwen_Qwen3-8B,8B,8.0,4096,hidden_dim,exp_c,no_think,gsm8k_test_000713,no_think,canonical,,True,answer_segment,no_think_answer,20,exp_c_segment_sample,48,48,0.0014959154883399605,0.002891637467352363,0.0014948089374229312,0.012460182420909405,2.5489601512170493e-06,0.0027982097817584872,0.020833333333333332,0.0011345216819104176,0.0006950867051879563,-0.0008963488508015871,per_model_kept_independent_plus_common_union
Qwen_Qwen3-8B,8B,8.0,4096,hidden_dim,exp_c,no_think,gsm8k_test_000759,no_think,canonical,,True,answer_segment,no_think_answer,6,exp_c_segment_sample,60,60,0.0007245007436722517,0.002632333742803894,0.0007968198042362928,0.008841018192470074,2.5935930115671294e-06,0.0025734684708275655,0.0,-0.0003399666414985465,0.00017144503071904156,-0.002226094249635935,per_model_kept_independent_plus_common_union
Qwen_Qwen3-8B,8B,8.0,4096,hidden_dim,exp_c,no_think,gsm8k_test_000759,no_think,canonical,,True,answer_segment,no_think_answer,13,exp_c_segment_sample,60,60,0.0011393683264032007,0.002416206896305084,0.0011686654761433601,0.00523187592625618,9.586543111212564e-07,0.0023926988547920414,0.0,-0.0005280578997535781,-0.00022444854645679423,2.6387860998511314e-05,per_model_kept_independent_plus_common_union
Qwen_Qwen3-8B,8B,8.0,4096,hidden_dim,exp_c,no_think,gsm8k_test_000759,no_think,canonical,,True,answer_segment,no_think_answer,20,exp_c_segment_sample,60,60,0.0014959154883399605,0.002708132064435631,0.0009996395092457533,0.008381785824894905,1.4000894609575234e-06,0.002649194008465541,0.06666666666666667,-0.00021981915123149928,-0.00011794561675439273,-0.00010679056867957115,per_model_kept_independent_plus_common_union
Qwen_Qwen3-8B,8B,8.0,4096,hidden_dim,exp_c,no_think,gsm8k_test_000760,no_think,canonical,,False,answer_segment,no_think_answer,6,exp_c_segment_sample,76,76,0.0007245007436722517,0.003315979267139674,0.0006051849341019988,0.013984539546072483,7.841812154470386e-06,0.003225819451423983,0.039473684210526314,-0.003366706331181888,-0.00248122752313257,-0.0036530187353491783,per_model_kept_independent_plus_common_union
Qwen_Qwen3-8B,8B,8.0,4096,hidden_dim,exp_c,no_think,gsm8k_test_000760,no_think,canonical,,False,answer_segment,no_think_answer,13,exp_c_segment_sample,76,76,0.0011393683264032007,0.0028261007238669614,0.0007869125111028552,0.008692104369401932,1.7708909872996405e-06,0.0027785792760550974,0.05263157894736842,-0.0007627691696566671,-0.00044799053820928454,-0.002153905341401696,per_model_kept_independent_plus_common_union
Qwen_Qwen3-8B,8B,8.0,4096,hidden_dim,exp_c,no_think,gsm8k_test_000760,no_think,canonical,,False,answer_segment,no_think_answer,20,exp_c_segment_sample,76,76,0.0014959154883399605,0.002893184285647677,0.0015194506850093603,0.008004437200725079,1.7037118038186728e-06,0.002856941930949688,0.0,-0.00040467254142229216,-0.00042482149958806593,-0.0012416320387274027,per_model_kept_independent_plus_common_union
Qwen_Qwen3-8B,8B,8.0,4096,hidden_dim,exp_c,no_think,gsm8k_test_000814,no_think,canonical,,False,answer_segment,no_think_answer,6,exp_c_segment_sample,53,53,0.0007245007436722517,0.0038032277546524297,0.0007250182097777724,0.013396934606134892,8.165806803278453e-06,0.0036943356871443726,0.0,-0.0025595329102495777,-0.0019700176115813005,-0.0047224173322319984,per_model_kept_independent_plus_common_union
Qwen_Qwen3-8B,8B,8.0,4096,hidden_dim,exp_c,no_think,gsm8k_test_000814,no_think,canonical,,False,answer_segment,no_think_answer,13,exp_c_segment_sample,53,53,0.0011393683264032007,0.0030857910542696153,0.0010280003771185875,0.009268480353057384,2.33515484383518e-06,0.003045736046400494,0.05660377358490566,-0.0012541814976658819,-0.0010007224794078085,-0.003227418288588524,per_model_kept_independent_plus_common_union
Qwen_Qwen3-8B,8B,8.0,4096,hidden_dim,exp_c,no_think,gsm8k_test_000814,no_think,canonical,,False,answer_segment,no_think_answer,20,exp_c_segment_sample,53,53,0.0014959154883399605,0.003305200788297884,0.0016550327418372035,0.01479367259889841,3.5045198012781324e-06,0.0032029496416306267,0.0,0.00013594609095599812,-2.9283110052347183e-05,-0.0009844433516263962,per_model_kept_independent_plus_common_union
Qwen_Qwen3-8B,8B,8.0,4096,hidden_dim,exp_c,no_think,gsm8k_test_000901,no_think,canonical,,False,answer_segment,no_think_answer,6,exp_c_segment_sample,51,51,0.0007245007436722517,0.004541490270354438,0.0007292283698916435,0.02133982628583908,2.25096649076249e-05,0.004468747612554581,0.0,-0.004280053557958702,-0.0037215226419413322,-0.001538674347102642,per_model_kept_independent_plus_common_union
Qwen_Qwen3-8B,8B,8.0,4096,hidden_dim,exp_c,no_think,gsm8k_test_000901,no_think,canonical,,False,answer_segment,no_think_answer,13,exp_c_segment_sample,51,51,0.0011393683264032007,0.003240400840820489,0.0010826830985024571,0.013788103125989437,4.085317250571667e-06,0.003185850798618049,0.0196078431372549,-0.0005120445064972739,-0.0006392013747245073,-0.0009194824378937483,per_model_kept_independent_plus_common_union
Qwen_Qwen3-8B,8B,8.0,4096,hidden_dim,exp_c,no_think,gsm8k_test_000901,no_think,canonical,,False,answer_segment,no_think_answer,20,exp_c_segment_sample,51,51,0.0014959154883399605,0.002876489048860237,0.0016826755600050092,0.006084746215492487,1.0484180379289811e-06,0.002849525571800768,0.0,-0.00011950819879534195,-0.0001871751603455497,-0.0013542443048208952,per_model_kept_independent_plus_common_union
Qwen_Qwen3-8B,8B,8.0,4096,hidden_dim,exp_c,no_think,gsm8k_test_000923,no_think,canonical,,True,answer_segment,no_think_answer,6,exp_c_segment_sample,68,68,0.0007245007436722517,0.005008684513193336,0.0007541304803453386,0.02593049965798855,2.031122537515873e-05,0.004938043925890338,0.0,-0.006259662737010552,-0.005384894125574432,-0.0072395713068544865,per_model_kept_independent_plus_common_union
Qwen_Qwen3-8B,8B,8.0,4096,hidden_dim,exp_c,no_think,gsm8k_test_000923,no_think,canonical,,True,answer_segment,no_think_answer,13,exp_c_segment_sample,68,68,0.0011393683264032007,0.0037002579843187157,0.0011797731276601553,0.013818172737956047,5.927085135183994e-06,0.0036632900591939688,0.0,-0.0024503994896255313,-0.002178908373667475,-0.007542506325989962,per_model_kept_independent_plus_common_union
Qwen_Qwen3-8B,8B,8.0,4096,hidden_dim,exp_c,no_think,gsm8k_test_000923,no_think,canonical,,True,answer_segment,no_think_answer,20,exp_c_segment_sample,68,68,0.0014959154883399605,0.0030881801880348254,0.001159013481810689,0.011403459124267101,1.9930818839942177e-06,0.003027862139435402,0.029411764705882353,-4.7759772540380356e-05,-0.00016388812732389757,-0.004934179130941629,per_model_kept_independent_plus_common_union
Qwen_Qwen3-8B,8B,8.0,4096,hidden_dim,exp_c,no_think,gsm8k_test_000924,no_think,canonical,,True,answer_segment,no_think_answer,6,exp_c_segment_sample,53,53,0.0007245007436722517,0.004219970821824698,0.0010641051921993494,0.014348641969263554,1.1739993200023937e-05,0.004107269151763132,0.0,-0.0020513161655663775,-0.001474612691838826,-0.0027701291255652905,per_model_kept_independent_plus_common_union
Qwen_Qwen3-8B,8B,8.0,4096,hidden_dim,exp_c,no_think,gsm8k_test_000924,no_think,canonical,,True,answer_segment,no_think_answer,13,exp_c_segment_sample,53,53,0.0011393683264032007,0.003399204812012613,0.0013675683876499534,0.008696573786437511,3.142468045645705e-06,0.003344752237003727,0.0,-0.0009700009951746746,-0.0007574051186176284,-0.0007152589969336987,per_model_kept_independent_plus_common_union
Qwen_Qwen3-8B,8B,8.0,4096,hidden_dim,exp_c,no_think,gsm8k_test_000924,no_think,canonical,,True,answer_segment,no_think_answer,20,exp_c_segment_sample,53,53,0.0014959154883399605,0.0030748586715111195,0.0016103183152154088,0.009136231616139412,2.337966888996234e-06,0.003022257840851895,0.0,0.0009860445782386056,0.0005142585806814687,-0.0010563100222498178,per_model_kept_independent_plus_common_union
Qwen_Qwen3-8B,8B,8.0,4096,hidden_dim,exp_c,no_think,gsm8k_test_000965,no_think,canonical,,False,answer_segment,no_think_answer,6,exp_c_segment_sample,55,55,0.0007245007436722517,0.003851600759133527,0.00047461758367717266,0.014963029883801937,8.899557443861035e-06,0.00371545658142875,0.10909090909090909,-0.001570291864548126,-0.001254050792860133,-0.004288745112717152,per_model_kept_independent_plus_common_union
Qwen_Qwen3-8B,8B,8.0,4096,hidden_dim,exp_c,no_think,gsm8k_test_000965,no_think,canonical,,False,answer_segment,no_think_answer,13,exp_c_segment_sample,55,55,0.0011393683264032007,0.0029101947438903153,0.0009400639100931585,0.0074814679101109505,2.1656100512177114e-06,0.0028570623436718493,0.07272727272727272,-0.0012362534829639114,-0.0008647214687828508,-0.002988236490637064,per_model_kept_independent_plus_common_union
Qwen_Qwen3-8B,8B,8.0,4096,hidden_dim,exp_c,no_think,gsm8k_test_000965,no_think,canonical,,False,answer_segment,no_think_answer,20,exp_c_segment_sample,55,55,0.0014959154883399605,0.0027640435738827693,0.0015840301057323813,0.0073453099466860294,1.3296081340347375e-06,0.002725828786087394,0.0,0.0009024929840347527,0.0007266837721025305,-0.0014125481247901917,per_model_kept_independent_plus_common_union
Qwen_Qwen3-8B,8B,8.0,4096,hidden_dim,exp_c,no_think,gsm8k_test_000990,no_think,canonical,,True,answer_segment,no_think_answer,6,exp_c_segment_sample,50,50,0.0007245007436722517,0.0035718629718758167,0.0006516774301417172,0.013322997838258743,8.907144210865839e-06,0.003420342855174475,0.1,-0.002642073316554371,-0.0024267832990377573,-0.001881877426058054,per_model_kept_independent_plus_common_union
Qwen_Qwen3-8B,8B,8.0,4096,hidden_dim,exp_c,no_think,gsm8k_test_000990,no_think,canonical,,True,answer_segment,no_think_answer,13,exp_c_segment_sample,50,50,0.0011393683264032007,0.0026629707030951977,0.0008133735391311347,0.007260813377797604,1.5895652583125566e-06,0.0026014388862008954,0.08,-0.000279516513075898,-0.00025319319236307173,0.000990056898444891,per_model_kept_independent_plus_common_union
Qwen_Qwen3-8B,8B,8.0,4096,hidden_dim,exp_c,no_think,gsm8k_test_000990,no_think,canonical,,True,answer_segment,no_think_answer,20,exp_c_segment_sample,50,50,0.0014959154883399605,0.0027743118442595006,0.0015729267615824938,0.006626791786402464,9.447318422523981e-07,0.0027331101033380447,0.0,-0.0008363703030216331,-0.0009198937153157135,-0.00028094020672142506,per_model_kept_independent_plus_common_union
Qwen_Qwen3-8B,8B,8.0,4096,hidden_dim,exp_c,no_think,gsm8k_test_001017,no_think,canonical,,True,answer_segment,no_think_answer,6,exp_c_segment_sample,56,56,0.0007245007436722517,0.0039059228812610464,0.0010881945490837097,0.014999713748693466,7.188306188487644e-06,0.0037735367744145066,0.0,-0.0005165578751943834,-0.00018075770432395607,-0.0018752790056169033,per_model_kept_independent_plus_common_union
Qwen_Qwen3-8B,8B,8.0,4096,hidden_dim,exp_c,no_think,gsm8k_test_001017,no_think,canonical,,True,answer_segment,no_think_answer,13,exp_c_segment_sample,56,56,0.0011393683264032007,0.0030912585373568746,0.0013975441688671708,0.007345275953412056,1.861950455766815e-06,0.0030530189206315708,0.0,-0.0008764795480204976,-0.0008246647277181701,-0.0004947192501276731,per_model_kept_independent_plus_common_union
Qwen_Qwen3-8B,8B,8.0,4096,hidden_dim,exp_c,no_think,gsm8k_test_001017,no_think,canonical,,True,answer_segment,no_think_answer,20,exp_c_segment_sample,56,56,0.0014959154883399605,0.003300970031497335,0.0015780095709487796,0.008890580385923386,1.947462207473944e-06,0.003250647863288495,0.0,0.0008831746927445027,0.0005588082463613576,0.0004261962603777647,per_model_kept_independent_plus_common_union
Qwen_Qwen3-8B,8B,8.0,4096,hidden_dim,exp_c,no_think,gsm8k_test_001031,no_think,canonical,,True,answer_segment,no_think_answer,6,exp_c_segment_sample,52,52,0.0007245007436722517,0.0028673119019143856,0.00069884565891698,0.008023105561733246,3.4069343231442968e-06,0.002768066154756382,0.038461538461538464,-0.001455260520035203,-0.001114116990580582,-0.008497150614857674,per_model_kept_independent_plus_common_union
Qwen_Qwen3-8B,8B,8.0,4096,hidden_dim,exp_c,no_think,gsm8k_test_001031,no_think,canonical,,True,answer_segment,no_think_answer,13,exp_c_segment_sample,52,52,0.0011393683264032007,0.002888144157343329,0.0012510835658758879,0.007268733810633421,1.8935777505210872e-06,0.002857936254026843,0.0,-0.00116620983846326,-0.0008892200869293166,-0.0003200131468474865,per_model_kept_independent_plus_common_union
Qwen_Qwen3-8B,8B,8.0,4096,hidden_dim,exp_c,no_think,gsm8k_test_001031,no_think,canonical,,True,answer_segment,no_think_answer,20,exp_c_segment_sample,52,52,0.0014959154883399605,0.002945624502339902,0.001612390042282641,0.007642918266355991,1.330119508373171e-06,0.0029078735102552405,0.0,0.0005053225301506197,0.0004621169064193964,-0.0005276123993098736,per_model_kept_independent_plus_common_union
Qwen_Qwen3-8B,8B,8.0,4096,hidden_dim,exp_c,no_think,gsm8k_test_001038,no_think,canonical,,False,answer_segment,no_think_answer,6,exp_c_segment_sample,65,65,0.0007245007436722517,0.0034602216991166082,0.0004956810153089464,0.023486344143748283,1.451578162306233e-05,0.003265733493208245,0.12307692307692308,-0.0018876492786644558,-0.0015259510837495327,-0.00114343105815351,per_model_kept_independent_plus_common_union
Qwen_Qwen3-8B,8B,8.0,4096,hidden_dim,exp_c,no_think,gsm8k_test_001038,no_think,canonical,,False,answer_segment,no_think_answer,13,exp_c_segment_sample,65,65,0.0011393683264032007,0.002618265257646831,0.001032321946695447,0.006892997305840254,1.4309454623209248e-06,0.0025943031250790227,0.046153846153846156,-0.0014139421293967885,-0.0011685340363970574,-0.0021396311931312084,per_model_kept_independent_plus_common_union
Qwen_Qwen3-8B,8B,8.0,4096,hidden_dim,exp_c,no_think,gsm8k_test_001038,no_think,canonical,,False,answer_segment,no_think_answer,20,exp_c_segment_sample,65,65,0.0014959154883399605,0.0029567771824076773,0.001417113235220313,0.008214903995394707,1.276986148138167e-06,0.0029215818212833256,0.015384615384615385,-0.00021547580274616825,-5.065122454920223e-05,-0.0012721240054816008,per_model_kept_independent_plus_common_union
Qwen_Qwen3-8B,8B,8.0,4096,hidden_dim,exp_c,no_think,gsm8k_test_001043,no_think,canonical,,True,answer_segment,no_think_answer,6,exp_c_segment_sample,50,50,0.0007245007436722517,0.002877742248820141,0.0007670235354453325,0.008554504252970219,3.828949716218668e-06,0.002782998184854051,0.0,-0.0007450932638226606,-0.00018490016317138308,-0.0006978735327720642,per_model_kept_independent_plus_common_union
Qwen_Qwen3-8B,8B,8.0,4096,hidden_dim,exp_c,no_think,gsm8k_test_001043,no_think,canonical,,True,answer_segment,no_think_answer,13,exp_c_segment_sample,50,50,0.0011393683264032007,0.0022848685295321046,0.0011855611810460687,0.005555345211178064,8.006442012975525e-07,0.002236975378318861,0.0,2.472637193825272e-05,9.701320400031703e-05,0.00041459035128355026,per_model_kept_independent_plus_common_union
Qwen_Qwen3-8B,8B,8.0,4096,hidden_dim,exp_c,no_think,gsm8k_test_001043,no_think,canonical,,True,answer_segment,no_think_answer,20,exp_c_segment_sample,50,50,0.0014959154883399605,0.002649714287836105,0.0011243728222325444,0.010573596693575382,2.0496858468388813e-06,0.0025564049280305604,0.08,-6.963927709661586e-05,-7.21972095421874e-05,0.0005624236073344946,per_model_kept_independent_plus_common_union
Qwen_Qwen3-8B,8B,8.0,4096,hidden_dim,exp_c,no_think,gsm8k_test_001059,no_think,canonical,,True,answer_segment,no_think_answer,6,exp_c_segment_sample,47,47,0.0007245007436722517,0.0040240607625666135,0.0007148330332711339,0.01683524250984192,1.045868475294948e-05,0.0038379364894986483,0.02127659574468085,-0.0011862246777882136,-0.0010462010056168465,-0.002657668897882104,per_model_kept_independent_plus_common_union
Qwen_Qwen3-8B,8B,8.0,4096,hidden_dim,exp_c,no_think,gsm8k_test_001059,no_think,canonical,,True,answer_segment,no_think_answer,13,exp_c_segment_sample,47,47,0.0011393683264032007,0.0027020444395020604,0.001127223251387477,0.005528068169951439,9.216354408757646e-07,0.0026730197942410796,0.02127659574468085,-0.0002604809124022731,-0.0002870239356222255,-0.0005489257164299488,per_model_kept_independent_plus_common_union
Qwen_Qwen3-8B,8B,8.0,4096,hidden_dim,exp_c,no_think,gsm8k_test_001059,no_think,canonical,,True,answer_segment,no_think_answer,20,exp_c_segment_sample,47,47,0.0014959154883399605,0.0028455143898448096,0.0014140487182885408,0.006099165882915258,8.849407588260584e-07,0.0027938908821417267,0.02127659574468085,0.0005681850598193695,0.00033129314154696976,-0.000767354853451252,per_model_kept_independent_plus_common_union
Qwen_Qwen3-8B,8B,8.0,4096,hidden_dim,exp_c,no_think,gsm8k_test_001182,no_think,canonical,,True,answer_segment,no_think_answer,6,exp_c_segment_sample,65,65,0.0007245007436722517,0.0049156252894765485,0.0007816135184839368,0.021276583895087242,2.110620290590324e-05,0.0048218679539786535,0.0,-0.0066020442330819076,-0.004046892983537605,-0.004449928179383278,per_model_kept_independent_plus_common_union
Qwen_Qwen3-8B,8B,8.0,4096,hidden_dim,exp_c,no_think,gsm8k_test_001182,no_think,canonical,,True,answer_segment,no_think_answer,13,exp_c_segment_sample,65,65,0.0011393683264032007,0.003094484732271387,0.0009475890547037125,0.008151408284902573,2.187213556023507e-06,0.0030751314989174716,0.03076923076923077,-0.0020519986742182634,-0.001514935112722656,-0.001967046409845352,per_model_kept_independent_plus_common_union
Qwen_Qwen3-8B,8B,8.0,4096,hidden_dim,exp_c,no_think,gsm8k_test_001182,no_think,canonical,,True,answer_segment,no_think_answer,20,exp_c_segment_sample,65,65,0.0014959154883399605,0.003090340422036556,0.0011383960954844952,0.008584337309002876,1.6676223754722148e-06,0.0030519841293425998,0.03076923076923077,-0.0010255590918102706,-0.0009771207525559205,-0.0005584105383604765,per_model_kept_independent_plus_common_union
Qwen_Qwen3-8B,8B,8.0,4096,hidden_dim,exp_c,no_think,gsm8k_test_001209,no_think,canonical,,False,answer_segment,no_think_answer,6,exp_c_segment_sample,48,48,0.0007245007436722517,0.004050642790995577,0.0004243080329615623,0.022898754104971886,1.55117318685974e-05,0.003808778488359591,0.14583333333333334,-0.0010120572712496963,-0.0011142424749171678,0.002850227989256382,per_model_kept_independent_plus_common_union
Qwen_Qwen3-8B,8B,8.0,4096,hidden_dim,exp_c,no_think,gsm8k_test_001209,no_think,canonical,,False,answer_segment,no_think_answer,13,exp_c_segment_sample,48,48,0.0011393683264032007,0.0031354527115278565,0.0006384268053807318,0.011059947311878204,3.583086981338984e-06,0.0030384865648885985,0.14583333333333334,-0.0013968209113583616,-0.001073184059350751,-5.8973440900444984e-05,per_model_kept_independent_plus_common_union
Qwen_Qwen3-8B,8B,8.0,4096,hidden_dim,exp_c,no_think,gsm8k_test_001209,no_think,canonical,,False,answer_segment,no_think_answer,20,exp_c_segment_sample,48,48,0.0014959154883399605,0.0027180204900408476,0.0012142249615862966,0.013514876365661621,2.9453918509704534e-06,0.002599079845512801,0.041666666666666664,0.000867883119154816,0.0006637959353004894,0.0005155038088560104,per_model_kept_independent_plus_common_union
Qwen_Qwen3-8B,8B,8.0,4096,hidden_dim,exp_c,no_think,gsm8k_test_001307,no_think,canonical,,True,answer_segment,no_think_answer,6,exp_c_segment_sample,40,40,0.0007245007436722517,0.003101071728451643,0.000747413607314229,0.012214907445013523,5.026319016585095e-06,0.002946780697526172,0.0,0.0001552750511952404,0.0002183027158025653,-0.00295080803334713,per_model_kept_independent_plus_common_union
Qwen_Qwen3-8B,8B,8.0,4096,hidden_dim,exp_c,no_think,gsm8k_test_001307,no_think,canonical,,True,answer_segment,no_think_answer,13,exp_c_segment_sample,40,40,0.0011393683264032007,0.002836698351893574,0.001221158541738987,0.005960898008197546,1.3972419221748403e-06,0.0028018075196693344,0.0,-0.00064900056288646,-0.00037496511358767713,-0.00047349068336188793,per_model_kept_independent_plus_common_union
Qwen_Qwen3-8B,8B,8.0,4096,hidden_dim,exp_c,no_think,gsm8k_test_001307,no_think,canonical,,True,answer_segment,no_think_answer,20,exp_c_segment_sample,40,40,0.0014959154883399605,0.0028041340003255753,0.0013238770188763738,0.0073787011206150055,1.8312685666125345e-06,0.0027567783030323116,0.075,4.264826733028232e-05,-7.706446340307585e-05,-0.00033917161636054516,per_model_kept_independent_plus_common_union
Qwen_Qwen3-8B,8B,8.0,4096,hidden_dim,exp_c,think,gsm8k_test_000007,think,canonical,,False,answer_segment,think_answer,6,exp_c_segment_sample,46,46,0.0007245007436722517,0.0031771696749669704,0.0011171307414770126,0.009681256487965584,5.7626189137719104e-06,0.0031622849831668036,0.0,-0.003694342495399722,-0.003078970893208558,-0.004431096836924553,per_model_kept_independent_plus_common_union
Qwen_Qwen3-8B,8B,8.0,4096,hidden_dim,exp_c,think,gsm8k_test_000007,think,canonical,,False,answer_segment,think_answer,13,exp_c_segment_sample,46,46,0.0011393683264032007,0.0027635294270863674,0.0010723634622991085,0.007177399471402168,1.6186137148217355e-06,0.0027602641532818474,0.021739130434782608,-0.0018958914821457448,-0.0015431164065375928,-0.002782757394015789,per_model_kept_independent_plus_common_union
Qwen_Qwen3-8B,8B,8.0,4096,hidden_dim,exp_c,think,gsm8k_test_000007,think,canonical,,False,answer_segment,think_answer,20,exp_c_segment_sample,46,46,0.0014959154883399605,0.0026761343900073807,0.0012668091803789139,0.005432412959635258,4.910170034998425e-07,0.002648308979243867,0.021739130434782608,-0.0003362019372083919,-0.00039022561395540833,-0.005017031449824572,per_model_kept_independent_plus_common_union
Qwen_Qwen3-8B,8B,8.0,4096,hidden_dim,exp_c,think,gsm8k_test_000007,think,canonical,,False,thinking_segment,thinking,6,exp_c_segment_sample,256,256,0.0007245007436722517,0.003422467469476942,0.0004509956343099475,0.049244679510593414,4.05691525652609e-05,0.003257083888045379,0.16796875,-0.0012626440845065004,-0.0011676591357172583,-0.004431096836924553,per_model_kept_independent_plus_common_union
Qwen_Qwen3-8B,8B,8.0,4096,hidden_dim,exp_c,think,gsm8k_test_000007,think,canonical,,False,thinking_segment,thinking,13,exp_c_segment_sample,256,256,0.0011393683264032007,0.0029814105982950423,0.0007600898388773203,0.027799388393759727,1.2555138555058935e-05,0.0028913487771822805,0.13671875,-0.0012992932869311756,-0.0010922858682533843,-0.002782757394015789,per_model_kept_independent_plus_common_union
Qwen_Qwen3-8B,8B,8.0,4096,hidden_dim,exp_c,think,gsm8k_test_000007,think,canonical,,False,thinking_segment,thinking,20,exp_c_segment_sample,256,256,0.0014959154883399605,0.0033982514255512797,0.0010910432320088148,0.022748233750462532,5.612207670058741e-06,0.003334461426322455,0.11328125,-0.0010294501445116653,-0.0008702330524101853,-0.005017031449824572,per_model_kept_independent_plus_common_union
Qwen_Qwen3-8B,8B,8.0,4096,hidden_dim,exp_c,think,gsm8k_test_000031,think,canonical,,True,answer_segment,think_answer,6,exp_c_segment_sample,52,52,0.0007245007436722517,0.0039835200083101745,0.0006600861670449376,0.029156332835555077,3.001372481154093e-05,0.0037558548981049926,0.038461538461538464,-0.0007048505869932662,-0.0011413709457533863,-0.001364290714263916,per_model_kept_independent_plus_common_union
Qwen_Qwen3-8B,8B,8.0,4096,hidden_dim,exp_c,think,gsm8k_test_000031,think,canonical,,True,answer_segment,think_answer,13,exp_c_segment_sample,52,52,0.0011393683264032007,0.00272987824484097,0.0007292337249964476,0.009159306064248085,3.384640682070945e-06,0.002710081966749083,0.11538461538461539,-0.0002772299618360897,-0.00016412630569762922,7.27532897144556e-05,per_model_kept_independent_plus_common_union
Qwen_Qwen3-8B,8B,8.0,4096,hidden_dim,exp_c,think,gsm8k_test_000031,think,canonical,,True,answer_segment,think_answer,20,exp_c_segment_sample,52,52,0.0014959154883399605,0.0027381334635160435,0.0007069316925480962,0.010364132933318615,2.360468747712491e-06,0.002637629978148742,0.1346153846153846,0.0005176038612156766,0.0004688700338682304,-0.0004570838063955307,per_model_kept_independent_plus_common_union
Qwen_Qwen3-8B,8B,8.0,4096,hidden_dim,exp_c,think,gsm8k_test_000031,think,canonical,,True,thinking_segment,thinking,6,exp_c_segment_sample,256,256,0.0007245007436722517,0.0038424368231062545,0.00045903181307949126,0.045481666922569275,4.1432814394437154e-05,0.00371464887648193,0.04296875,-0.005248705157591029,-0.0036679274621747027,-0.001364290714263916,per_model_kept_independent_plus_common_union
Qwen_Qwen3-8B,8B,8.0,4096,hidden_dim,exp_c,think,gsm8k_test_000031,think,canonical,,True,thinking_segment,thinking,13,exp_c_segment_sample,256,256,0.0011393683264032007,0.0030082859402682516,0.0007520034560002387,0.01939815655350685,5.6758130413968325e-06,0.002980515308869054,0.046875,-0.0019288360166514436,-0.001307738825744309,7.27532897144556e-05,per_model_kept_independent_plus_common_union
Qwen_Qwen3-8B,8B,8.0,4096,hidden_dim,exp_c,think,gsm8k_test_000031,think,canonical,,True,thinking_segment,thinking,20,exp_c_segment_sample,256,256,0.0014959154883399605,0.0027070922546954534,0.001081167720258236,0.010056152008473873,1.4099120577926236e-06,0.0026901407462591133,0.08203125,-0.0007833920806030574,-0.000553191233848338,-0.0004570838063955307,per_model_kept_independent_plus_common_union
Qwen_Qwen3-8B,8B,8.0,4096,hidden_dim,exp_c,think,gsm8k_test_000054,think,canonical,,True,answer_segment,think_answer,6,exp_c_segment_sample,54,54,0.0007245007436722517,0.0042773445085104965,0.000617056735791266,0.05226222053170204,5.117738215596941e-05,0.004177546583309348,0.07407407407407407,-0.004908340130085974,-0.003942660359565966,0.007906295359134674,per_model_kept_independent_plus_common_union
Qwen_Qwen3-8B,8B,8.0,4096,hidden_dim,exp_c,think,gsm8k_test_000054,think,canonical,,True,answer_segment,think_answer,13,exp_c_segment_sample,54,54,0.0011393683264032007,0.0027970077590671956,0.001189685077406466,0.00881101842969656,1.9599424852355403e-06,0.0027913500133128653,0.0,-0.0013436326122080752,-0.0010770501269559774,-0.0010887454263865948,per_model_kept_independent_plus_common_union
Qwen_Qwen3-8B,8B,8.0,4096,hidden_dim,exp_c,think,gsm8k_test_000054,think,canonical,,True,answer_segment,think_answer,20,exp_c_segment_sample,54,54,0.0014959154883399605,0.002674369061693411,0.0014976209495216608,0.00733672920614481,1.1100958468299772e-06,0.0026164082173293214,0.0,-0.0001693095816675608,8.034163952938111e-05,-0.0010563998948782682,per_model_kept_independent_plus_common_union
Qwen_Qwen3-8B,8B,8.0,4096,hidden_dim,exp_c,think,gsm8k_test_000054,think,canonical,,True,thinking_segment,thinking,6,exp_c_segment_sample,256,256,0.0007245007436722517,0.004065268280442069,0.0004109912842977792,0.04165277257561684,3.312012090636844e-05,0.003935036531845371,0.10546875,-0.001691276310186693,-0.000900927556813258,0.007906295359134674,per_model_kept_independent_plus_common_union
Qwen_Qwen3-8B,8B,8.0,4096,hidden_dim,exp_c,think,gsm8k_test_000054,think,canonical,,True,thinking_segment,thinking,13,exp_c_segment_sample,256,256,0.0011393683264032007,0.0030388877230507205,0.0006667961715720594,0.020032204687595367,6.966977767686307e-06,0.0029722897634413964,0.16796875,-0.0003506124332501789,-0.00024190476869989652,-0.0010887454263865948,per_model_kept_independent_plus_common_union
Qwen_Qwen3-8B,8B,8.0,4096,hidden_dim,exp_c,think,gsm8k_test_000054,think,canonical,,True,thinking_segment,thinking,20,exp_c_segment_sample,256,256,0.0014959154883399605,0.007188053134541406,0.0007474150042980909,1.0795211791992188,0.004513127642582057,0.007133891776732402,0.15625,-0.01141336906913918,-0.00020108265471208142,-0.0010563998948782682,per_model_kept_independent_plus_common_union
Qwen_Qwen3-8B,8B,8.0,4096,hidden_dim,exp_c,think,gsm8k_test_000099,think,canonical,,True,answer_segment,think_answer,6,exp_c_segment_sample,46,46,0.0007245007436722517,0.0030574636817302394,0.0006556020816788077,0.010939278639853,4.347724994409363e-06,0.003006925317458808,0.043478260869565216,-0.0007595279832111265,-0.00022956054696502814,-0.0017627584747970104,per_model_kept_independent_plus_common_union
Qwen_Qwen3-8B,8B,8.0,4096,hidden_dim,exp_c,think,gsm8k_test_000099,think,canonical,,True,answer_segment,think_answer,13,exp_c_segment_sample,46,46,0.0011393683264032007,0.003024325694676246,0.0009553166455589235,0.0068430714309215546,1.838386738692094e-06,0.003008918962182684,0.043478260869565216,-0.0012700161927338314,-0.0009633201795319715,-0.0001974678598344326,per_model_kept_independent_plus_common_union
Qwen_Qwen3-8B,8B,8.0,4096,hidden_dim,exp_c,think,gsm8k_test_000099,think,canonical,,True,answer_segment,think_answer,20,exp_c_segment_sample,46,46,0.0014959154883399605,0.002833114139755945,0.0011754764709621668,0.005670502316206694,1.0985291973487979e-06,0.0027793451859098347,0.043478260869565216,-0.00029363912268766623,-4.16307108631977e-05,-8.332100696861744e-05,per_model_kept_independent_plus_common_union
Qwen_Qwen3-8B,8B,8.0,4096,hidden_dim,exp_c,think,gsm8k_test_000099,think,canonical,,True,thinking_segment,thinking,6,exp_c_segment_sample,245,245,0.0007245007436722517,0.004549457566285202,0.0004316087288316339,0.056230317801237106,4.553957843713279e-05,0.004483853237914326,0.11428571428571428,-0.0045848671453119555,-0.004301351048671942,-0.0017627584747970104,per_model_kept_independent_plus_common_union
Qwen_Qwen3-8B,8B,8.0,4096,hidden_dim,exp_c,think,gsm8k_test_000099,think,canonical,,True,thinking_segment,thinking,13,exp_c_segment_sample,245,245,0.0011393683264032007,0.002995393638099943,0.0005630679079331458,0.01620771549642086,5.359530287067338e-06,0.0029639001271580573,0.11836734693877551,-0.0015825208963992311,-0.001440936419737315,-0.0001974678598344326,per_model_kept_independent_plus_common_union
Qwen_Qwen3-8B,8B,8.0,4096,hidden_dim,exp_c,think,gsm8k_test_000099,think,canonical,,True,thinking_segment,thinking,20,exp_c_segment_sample,245,245,0.0014959154883399605,0.0028503199818316013,0.0008627257193438709,0.010604877024888992,2.0729164610769474e-06,0.002822104399426474,0.11428571428571428,-0.0008809665689219862,-0.0007646712906388266,-8.332100696861744e-05,per_model_kept_independent_plus_common_union
Qwen_Qwen3-8B,8B,8.0,4096,hidden_dim,exp_c,think,gsm8k_test_000118,think,canonical,,True,answer_segment,think_answer,6,exp_c_segment_sample,47,47,0.0007245007436722517,0.003340783213176071,0.0009642135701142251,0.008232754655182362,3.274668363032338e-06,0.003319416259688771,0.0,0.00031899700363592637,0.0007155813267066451,-0.002063340973109007,per_model_kept_independent_plus_common_union
Qwen_Qwen3-8B,8B,8.0,4096,hidden_dim,exp_c,think,gsm8k_test_000118,think,canonical,,True,answer_segment,think_answer,13,exp_c_segment_sample,47,47,0.0011393683264032007,0.0031043868041300076,0.0015198350884020329,0.00637567276135087,1.6213705911638685e-06,0.0030946134533935588,0.0,0.0007274184912254917,0.0007257337662546584,-0.0013724863529205322,per_model_kept_independent_plus_common_union
Qwen_Qwen3-8B,8B,8.0,4096,hidden_dim,exp_c,think,gsm8k_test_000118,think,canonical,,True,answer_segment,think_answer,20,exp_c_segment_sample,47,47,0.0014959154883399605,0.0028289659419394237,0.001386621268466115,0.006023735273629427,7.742652703883488e-07,0.00280499496527583,0.0425531914893617,0.0004907035277512412,0.00037993475173910473,-0.0009596904274076223,per_model_kept_independent_plus_common_union
Qwen_Qwen3-8B,8B,8.0,4096,hidden_dim,exp_c,think,gsm8k_test_000118,think,canonical,,True,thinking_segment,thinking,6,exp_c_segment_sample,133,133,0.0007245007436722517,0.004116840805434727,0.0005923710414208472,0.02597576566040516,1.906156083805373e-05,0.00397267456961951,0.045112781954887216,-0.002158278701399992,-0.0015059538709465414,-0.002063340973109007,per_model_kept_independent_plus_common_union
Qwen_Qwen3-8B,8B,8.0,4096,hidden_dim,exp_c,think,gsm8k_test_000118,think,canonical,,True,thinking_segment,thinking,13,exp_c_segment_sample,133,133,0.0011393683264032007,0.0030826739406675323,0.0009010233916342258,0.010920321568846703,2.955687936043115e-06,0.0030313431934425325,0.03759398496240601,-0.00025061826543965434,-0.00015140994219109416,-0.0013724863529205322,per_model_kept_independent_plus_common_union
Qwen_Qwen3-8B,8B,8.0,4096,hidden_dim,exp_c,think,gsm8k_test_000118,think,canonical,,True,thinking_segment,thinking,20,exp_c_segment_sample,133,133,0.0014959154883399605,0.0028252911848485247,0.001554960268549621,0.006697526667267084,9.807904758540352e-07,0.0027969752942832806,0.0,-0.00011673730523403258,-8.15155902220044e-05,-0.0009596904274076223,per_model_kept_independent_plus_common_union
Qwen_Qwen3-8B,8B,8.0,4096,hidden_dim,exp_c,think,gsm8k_test_000135,think,canonical,,True,answer_segment,think_answer,6,exp_c_segment_sample,44,44,0.0007245007436722517,0.0030215195755855266,0.000794602616224438,0.01084158942103386,4.928466329639741e-06,0.002941268106359382,0.0,-0.0008243899443186836,-0.0005731545653278854,-0.0016556461341679096,per_model_kept_independent_plus_common_union
Qwen_Qwen3-8B,8B,8.0,4096,hidden_dim,exp_c,think,gsm8k_test_000135,think,canonical,,True,answer_segment,think_answer,13,exp_c_segment_sample,44,44,0.0011393683264032007,0.003323292432469316,0.0008722718921490014,0.0077170031145215034,3.0625406693493117e-06,0.0033026607991412803,0.06818181818181818,-0.001591778179863468,-0.0009661697232249107,-0.0006062581669539213,per_model_kept_independent_plus_common_union
Qwen_Qwen3-8B,8B,8.0,4096,hidden_dim,exp_c,think,gsm8k_test_000135,think,canonical,,True,answer_segment,think_answer,20,exp_c_segment_sample,44,44,0.0014959154883399605,0.0028643616903784937,0.0012773263733834028,0.005294473376125097,9.300871429221282e-07,0.0028193244456075307,0.09090909090909091,-0.0007609313533810723,-0.0006325118010863662,-0.0004227075260132551,per_model_kept_independent_plus_common_union
Qwen_Qwen3-8B,8B,8.0,4096,hidden_dim,exp_c,think,gsm8k_test_000135,think,canonical,,True,thinking_segment,thinking,6,exp_c_segment_sample,220,220,0.0007245007436722517,0.004277305403427983,0.0005533878575079143,0.05409405753016472,4.511792743458289e-05,0.004161755293905395,0.031818181818181815,-0.003817878322612039,-0.0021514704218134287,-0.0016556461341679096,per_model_kept_independent_plus_common_union
Qwen_Qwen3-8B,8B,8.0,4096,hidden_dim,exp_c,think,gsm8k_test_000135,think,canonical,,True,thinking_segment,thinking,13,exp_c_segment_sample,220,220,0.0011393683264032007,0.002911458108627068,0.0006807949393987656,0.022719580680131912,5.9892188795222015e-06,0.002874949597487796,0.10454545454545454,-0.00178345920508607,-0.0013905320761047986,-0.0006062581669539213,per_model_kept_independent_plus_common_union
Qwen_Qwen3-8B,8B,8.0,4096,hidden_dim,exp_c,think,gsm8k_test_000135,think,canonical,,True,thinking_segment,thinking,20,exp_c_segment_sample,220,220,0.0014959154883399605,0.0027739669519095595,0.0007520536310039461,0.009303509257733822,1.7817664544297497e-06,0.0027456270646703637,0.11363636363636363,-0.0008918190103398522,-0.0006883065332658591,-0.0004227075260132551,per_model_kept_independent_plus_common_union
Qwen_Qwen3-8B,8B,8.0,4096,hidden_dim,exp_c,think,gsm8k_test_000182,think,canonical,,True,answer_segment,think_answer,6,exp_c_segment_sample,93,93,0.0007245007436722517,0.00401388955902138,0.00047651599743403494,0.02625829353928566,1.9958703323784786e-05,0.003939625786544006,0.06451612903225806,-0.0005421201276126893,6.648231646977365e-05,-0.00814862735569477,per_model_kept_independent_plus_common_union
Qwen_Qwen3-8B,8B,8.0,4096,hidden_dim,exp_c,think,gsm8k_test_000182,think,canonical,,True,answer_segment,think_answer,13,exp_c_segment_sample,93,93,0.0011393683264032007,0.002861789013359255,0.0007622913108207285,0.007359692361205816,1.9392996092613164e-06,0.002854791020660701,0.043010752688172046,-0.0005034333186520688,-0.0003385551754035987,-0.006288208533078432,per_model_kept_independent_plus_common_union
Qwen_Qwen3-8B,8B,8.0,4096,hidden_dim,exp_c,think,gsm8k_test_000182,think,canonical,,True,answer_segment,think_answer,20,exp_c_segment_sample,93,93,0.0014959154883399605,0.0027942843159400326,0.0011159090790897608,0.00593089684844017,6.752139866556466e-07,0.002772188379743096,0.021505376344086023,-7.362029174510177e-05,-0.00010168684821110219,-0.00251706107519567,per_model_kept_independent_plus_common_union
Qwen_Qwen3-8B,8B,8.0,4096,hidden_dim,exp_c,think,gsm8k_test_000182,think,canonical,,True,thinking_segment,thinking,6,exp_c_segment_sample,256,256,0.0007245007436722517,0.0029798625095054376,0.00027350682648830116,0.03928890824317932,2.42712116499852e-05,0.0028355531605526976,0.2890625,-0.0023416737795312614,-0.0017029530290528783,-0.00814862735569477,per_model_kept_independent_plus_common_union
Qwen_Qwen3-8B,8B,8.0,4096,hidden_dim,exp_c,think,gsm8k_test_000182,think,canonical,,True,thinking_segment,thinking,13,exp_c_segment_sample,256,256,0.0011393683264032007,0.003016874929471669,0.0004982937243767083,0.04958086833357811,1.7152597446906852e-05,0.0028703240497304637,0.21484375,-0.0019497746541148559,-0.001410395790117036,-0.006288208533078432,per_model_kept_independent_plus_common_union
Qwen_Qwen3-8B,8B,8.0,4096,hidden_dim,exp_c,think,gsm8k_test_000182,think,canonical,,True,thinking_segment,thinking,20,exp_c_segment_sample,256,256,0.0014959154883399605,0.0031748762833103683,0.0006884990143589675,0.017699377611279488,5.007446828138825e-06,0.0031191530862331143,0.16015625,-0.0005284696228943622,-0.0002308078028363525,-0.00251706107519567,per_model_kept_independent_plus_common_union
Qwen_Qwen3-8B,8B,8.0,4096,hidden_dim,exp_c,think,gsm8k_test_000247,think,canonical,,True,answer_segment,think_answer,6,exp_c_segment_sample,48,48,0.0007245007436722517,0.0031689194323310708,0.0003760388062801212,0.011880853213369846,5.77054906498494e-06,0.0030884372641362175,0.10416666666666667,-0.0011499867992379416,-0.0010188526212004945,-0.010926424525678158,per_model_kept_independent_plus_common_union
Qwen_Qwen3-8B,8B,8.0,4096,hidden_dim,exp_c,think,gsm8k_test_000247,think,canonical,,True,answer_segment,think_answer,13,exp_c_segment_sample,48,48,0.0011393683264032007,0.002701515742955962,0.0008079762919805944,0.00662931427359581,1.8119896897614802e-06,0.002681386618666906,0.0625,-0.0011123230911575122,-0.0008784454645744213,-0.0016407137736678123,per_model_kept_independent_plus_common_union
Qwen_Qwen3-8B,8B,8.0,4096,hidden_dim,exp_c,think,gsm8k_test_000247,think,canonical,,True,answer_segment,think_answer,20,exp_c_segment_sample,48,48,0.0014959154883399605,0.002990847615971385,0.0007770517840981483,0.007655286695808172,2.179242786831156e-06,0.0029142432860990468,0.14583333333333334,-0.00010468864460637309,3.97991874100021e-05,6.381189450621605e-06,per_model_kept_independent_plus_common_union
Qwen_Qwen3-8B,8B,8.0,4096,hidden_dim,exp_c,think,gsm8k_test_000247,think,canonical,,True,thinking_segment,thinking,6,exp_c_segment_sample,256,256,0.0007245007436722517,0.005435945645672291,0.0004703603917732835,0.057415734976530075,6.791692259979106e-05,0.005388839013991755,0.10546875,-0.008689553733506798,-0.00700258948654664,-0.010926424525678158,per_model_kept_independent_plus_common_union
Qwen_Qwen3-8B,8B,8.0,4096,hidden_dim,exp_c,think,gsm8k_test_000247,think,canonical,,True,thinking_segment,thinking,13,exp_c_segment_sample,256,256,0.0011393683264032007,0.003077361049463434,0.0005483191343955696,0.01602134481072426,6.727323995550775e-06,0.0030316534811859657,0.1953125,-0.002999699997776382,-0.0024418319708274794,-0.0016407137736678123,per_model_kept_independent_plus_common_union
Qwen_Qwen3-8B,8B,8.0,4096,hidden_dim,exp_c,think,gsm8k_test_000247,think,canonical,,True,thinking_segment,thinking,20,exp_c_segment_sample,256,256,0.0014959154883399605,0.005154881446287618,0.000976797891780734,0.6456719040870667,0.0016109872479609564,0.004842222082528568,0.203125,0.011452788234482838,0.009059355714271078,6.381189450621605e-06,per_model_kept_independent_plus_common_union
Qwen_Qwen3-8B,8B,8.0,4096,hidden_dim,exp_c,think,gsm8k_test_000252,think,canonical,,True,answer_segment,think_answer,6,exp_c_segment_sample,56,56,0.0007245007436722517,0.0031449633586037506,0.0006323796114884317,0.010911048389971256,5.465608899957659e-06,0.0030929923745464877,0.017857142857142856,-0.002837915356333116,-0.00213294563997936,-0.01715156063437462,per_model_kept_independent_plus_common_union
Qwen_Qwen3-8B,8B,8.0,4096,hidden_dim,exp_c,think,gsm8k_test_000252,think,canonical,,True,answer_segment,think_answer,13,exp_c_segment_sample,56,56,0.0011393683264032007,0.0027775096023106016,0.0008559095440432429,0.006882596295326948,1.6774866889412059e-06,0.002753232257567685,0.05357142857142857,-0.0013574528720368137,-0.0013692275970242918,-0.0058309780433773994,per_model_kept_independent_plus_common_union
Qwen_Qwen3-8B,8B,8.0,4096,hidden_dim,exp_c,think,gsm8k_test_000252,think,canonical,,True,answer_segment,think_answer,20,exp_c_segment_sample,56,56,0.0014959154883399605,0.002887506370565721,0.0013243125285953283,0.00842317659407854,1.4352742084376262e-06,0.0028223904061385184,0.05357142857142857,-0.0005824690377444746,-0.0005657061202717678,-0.0058419425040483475,per_model_kept_independent_plus_common_union
Qwen_Qwen3-8B,8B,8.0,4096,hidden_dim,exp_c,think,gsm8k_test_000252,think,canonical,,True,thinking_segment,thinking,6,exp_c_segment_sample,256,256,0.0007245007436722517,0.003983298179264239,0.00027419818798080087,0.04922369867563248,4.6946013160688774e-05,0.0039072303009056635,0.21484375,0.00015039248302843128,0.00025334452129754936,-0.01715156063437462,per_model_kept_independent_plus_common_union
Qwen_Qwen3-8B,8B,8.0,4096,hidden_dim,exp_c,think,gsm8k_test_000252,think,canonical,,True,thinking_segment,thinking,13,exp_c_segment_sample,256,256,0.0011393683264032007,0.003107086574573259,0.0005136878462508321,0.022453548386693,1.0008928966236517e-05,0.0030830482626248434,0.1640625,-0.00011816051329908915,0.0001569818095958908,-0.0058309780433773994,per_model_kept_independent_plus_common_union
Qwen_Qwen3-8B,8B,8.0,4096,hidden_dim,exp_c,think,gsm8k_test_000252,think,canonical,,True,thinking_segment,thinking,20,exp_c_segment_sample,256,256,0.0014959154883399605,0.0030293390304905188,0.0008256806759163737,0.02592867612838745,4.632535222223401e-06,0.002999323785981313,0.13671875,6.0246458714665826e-05,5.0930483666888904e-05,-0.0058419425040483475,per_model_kept_independent_plus_common_union
Qwen_Qwen3-8B,8B,8.0,4096,hidden_dim,exp_c,think,gsm8k_test_000254,think,canonical,,True,answer_segment,think_answer,6,exp_c_segment_sample,60,60,0.0007245007436722517,0.0036482326861005275,0.0008377701742574573,0.015282951295375824,1.1169787862831276e-05,0.0035919586938442816,0.0,-0.0029716402305610713,-0.001877347310073674,-0.0034534698352217674,per_model_kept_independent_plus_common_union
Qwen_Qwen3-8B,8B,8.0,4096,hidden_dim,exp_c,think,gsm8k_test_000254,think,canonical,,True,answer_segment,think_answer,13,exp_c_segment_sample,60,60,0.0011393683264032007,0.0030907036697802445,0.0012088289950042963,0.010839540511369705,2.89361334049387e-06,0.0030561608806947017,0.0,-0.0010499135491850412,-0.0007312743458896876,-0.0014915219508111477,per_model_kept_independent_plus_common_union
Qwen_Qwen3-8B,8B,8.0,4096,hidden_dim,exp_c,think,gsm8k_test_000254,think,canonical,,True,answer_segment,think_answer,20,exp_c_segment_sample,60,60,0.0014959154883399605,0.0027206297866844884,0.0013088700361549854,0.0054377540946006775,8.94803992130178e-07,0.002697886253896532,0.05,-0.0007992125175450534,-0.0004244844662025572,-0.00030120089650154114,per_model_kept_independent_plus_common_union
Qwen_Qwen3-8B,8B,8.0,4096,hidden_dim,exp_c,think,gsm8k_test_000254,think,canonical,,True,thinking_segment,thinking,6,exp_c_segment_sample,256,256,0.0007245007436722517,0.003904079439053021,0.00043876413838006556,0.05624142289161682,4.7372241158889956e-05,0.003707144446686377,0.10546875,-0.006021714423630921,-0.004426665277151187,-0.0034534698352217674,per_model_kept_independent_plus_common_union
Qwen_Qwen3-8B,8B,8.0,4096,hidden_dim,exp_c,think,gsm8k_test_000254,think,canonical,,True,thinking_segment,thinking,13,exp_c_segment_sample,256,256,0.0011393683264032007,0.0028968358894871926,0.0006341299158520997,0.02040485292673111,6.702571996942595e-06,0.0028363998721717943,0.125,-0.0021494236016488012,-0.001681393182479951,-0.0014915219508111477,per_model_kept_independent_plus_common_union
Qwen_Qwen3-8B,8B,8.0,4096,hidden_dim,exp_c,think,gsm8k_test_000254,think,canonical,,True,thinking_segment,thinking,20,exp_c_segment_sample,256,256,0.0014959154883399605,0.006119770150007753,0.0006897762068547308,0.8693987131118774,0.00292464782295784,0.005574960811098212,0.15625,0.00012503311646933584,-0.0007046467007967294,-0.00030120089650154114,per_model_kept_independent_plus_common_union
Qwen_Qwen3-8B,8B,8.0,4096,hidden_dim,exp_c,think,gsm8k_test_000310,think,canonical,,False,answer_segment,think_answer,6,exp_c_segment_sample,69,69,0.0007245007436722517,0.0032315609505926463,0.0007154555059969425,0.016481449827551842,9.810953266436714e-06,0.0031890947840806532,0.014492753623188406,-0.003554614044592848,-0.0032464836290778797,-0.00041066762059926987,per_model_kept_independent_plus_common_union
Qwen_Qwen3-8B,8B,8.0,4096,hidden_dim,exp_c,think,gsm8k_test_000310,think,canonical,,False,answer_segment,think_answer,13,exp_c_segment_sample,69,69,0.0011393683264032007,0.002875235702747992,0.0012161947088316083,0.006758551578968763,2.278511396973563e-06,0.002856535220737842,0.0,-0.002019023439146995,-0.0018931980011984706,-0.00573373818770051,per_model_kept_independent_plus_common_union
Qwen_Qwen3-8B,8B,8.0,4096,hidden_dim,exp_c,think,gsm8k_test_000310,think,canonical,,False,answer_segment,think_answer,20,exp_c_segment_sample,69,69,0.0014959154883399605,0.0028844082245495224,0.0013548230053856969,0.01306091621518135,2.4525769941012736e-06,0.0028468134234358065,0.028985507246376812,-0.0007355155481129699,-0.0008060592226684093,-0.0034061961341649294,per_model_kept_independent_plus_common_union
Qwen_Qwen3-8B,8B,8.0,4096,hidden_dim,exp_c,think,gsm8k_test_000310,think,canonical,,False,thinking_segment,thinking,6,exp_c_segment_sample,256,256,0.0007245007436722517,0.003225302614168868,0.00034349149791523814,0.059179775416851044,4.0040242872129935e-05,0.0031222318120343734,0.1953125,-0.004593057902226282,-0.0038573076424654575,-0.00041066762059926987,per_model_kept_independent_plus_common_union
Qwen_Qwen3-8B,8B,8.0,4096,hidden_dim,exp_c,think,gsm8k_test_000310,think,canonical,,False,thinking_segment,thinking,13,exp_c_segment_sample,256,256,0.0011393683264032007,0.0027231523450836903,0.0004840795008931309,0.03044259361922741,7.912875184492544e-06,0.0026647194394954386,0.1328125,-0.001360745834738798,-0.0009661487729037896,-0.00573373818770051,per_model_kept_independent_plus_common_union
Qwen_Qwen3-8B,8B,8.0,4096,hidden_dim,exp_c,think,gsm8k_test_000310,think,canonical,,False,thinking_segment,thinking,20,exp_c_segment_sample,256,256,0.0014959154883399605,0.009043615571954433,0.0007778931758366525,1.540812373161316,0.0092065987091936,0.008373989130326234,0.125,0.026710301611709904,0.022547808866231485,-0.0034061961341649294,per_model_kept_independent_plus_common_union
Qwen_Qwen3-8B,8B,8.0,4096,hidden_dim,exp_c,think,gsm8k_test_000343,think,canonical,,True,answer_segment,think_answer,6,exp_c_segment_sample,57,57,0.0007245007436722517,0.0031942052158053244,0.0009542661719024181,0.009508735500276089,4.539046298003814e-06,0.003151388755733413,0.0,-0.001551674345521742,-0.001409580744802952,-0.00818430632352829,per_model_kept_independent_plus_common_union
Qwen_Qwen3-8B,8B,8.0,4096,hidden_dim,exp_c,think,gsm8k_test_000343,think,canonical,,True,answer_segment,think_answer,13,exp_c_segment_sample,57,57,0.0011393683264032007,0.002915405651979279,0.0010804992634803057,0.007614475209265947,1.713213200328449e-06,0.002903271493518592,0.017543859649122806,-0.001106158574154017,-0.0009194513472417991,-0.0018710424192249775,per_model_kept_independent_plus_common_union
Qwen_Qwen3-8B,8B,8.0,4096,hidden_dim,exp_c,think,gsm8k_test_000343,think,canonical,,True,answer_segment,think_answer,20,exp_c_segment_sample,57,57,0.0014959154883399605,0.002783413400481406,0.0012806747108697891,0.0075841485522687435,1.5350577996080583e-06,0.0027232707527998306,0.10526315789473684,-0.0005644012543418464,-0.00032602509794135877,-0.0005240142345428467,per_model_kept_independent_plus_common_union
Qwen_Qwen3-8B,8B,8.0,4096,hidden_dim,exp_c,think,gsm8k_test_000343,think,canonical,,True,thinking_segment,thinking,6,exp_c_segment_sample,163,163,0.0007245007436722517,0.0046850263871012566,0.0005017731455154717,0.03557600826025009,3.099970423026635e-05,0.0045639607950435646,0.08588957055214724,-0.002539840690901971,-0.0025263327988795936,-0.00818430632352829,per_model_kept_independent_plus_common_union
Qwen_Qwen3-8B,8B,8.0,4096,hidden_dim,exp_c,think,gsm8k_test_000343,think,canonical,,True,thinking_segment,thinking,13,exp_c_segment_sample,163,163,0.0011393683264032007,0.0033329828689446206,0.000896480749361217,0.011623225174844265,3.912390382814903e-06,0.0032943203811027846,0.03680981595092025,-0.0004614196178880563,-0.000549125124518646,-0.0018710424192249775,per_model_kept_independent_plus_common_union
Qwen_Qwen3-8B,8B,8.0,4096,hidden_dim,exp_c,think,gsm8k_test_000343,think,canonical,,True,thinking_segment,thinking,20,exp_c_segment_sample,163,163,0.0014959154883399605,0.007405959023305563,0.001060933107510209,0.7368082404136658,0.0032856205395381723,0.0073954655298744945,0.05521472392638037,0.0035160498052334353,-0.0004644628795908716,-0.0005240142345428467,per_model_kept_independent_plus_common_union
Qwen_Qwen3-8B,8B,8.0,4096,hidden_dim,exp_c,think,gsm8k_test_000361,think,canonical,,True,answer_segment,think_answer,6,exp_c_segment_sample,58,58,0.0007245007436722517,0.003714035509519504,0.000463100936030969,0.020953014492988586,1.4196196515443327e-05,0.003577039059835666,0.08620689655172414,-0.0015568649360409579,-0.0015627459661724666,-0.001319181639701128,per_model_kept_independent_plus_common_union
Qwen_Qwen3-8B,8B,8.0,4096,hidden_dim,exp_c,think,gsm8k_test_000361,think,canonical,,True,answer_segment,think_answer,13,exp_c_segment_sample,58,58,0.0011393683264032007,0.0028515364382624754,0.000756481837015599,0.006798523478209972,2.1363301961402467e-06,0.002808518733281904,0.08620689655172414,-0.0015698308288092518,-0.0014275218825787303,-0.000536587554961443,per_model_kept_independent_plus_common_union
Qwen_Qwen3-8B,8B,8.0,4096,hidden_dim,exp_c,think,gsm8k_test_000361,think,canonical,,True,answer_segment,think_answer,20,exp_c_segment_sample,58,58,0.0014959154883399605,0.002864551780632986,0.0013192120241001248,0.007457996252924204,1.7482157825341546e-06,0.0028207792324553196,0.05172413793103448,-0.0009713062384720469,-0.0011289262678474184,-0.0005072962958365679,per_model_kept_independent_plus_common_union
Qwen_Qwen3-8B,8B,8.0,4096,hidden_dim,exp_c,think,gsm8k_test_000361,think,canonical,,True,thinking_segment,thinking,6,exp_c_segment_sample,256,256,0.0007245007436722517,0.004651977788626027,0.00044813210843130946,0.060106854885816574,5.3782863141111706e-05,0.004628338359394168,0.09375,-0.003289566125483498,-0.00256230066952412,-0.001319181639701128,per_model_kept_independent_plus_common_union
Qwen_Qwen3-8B,8B,8.0,4096,hidden_dim,exp_c,think,gsm8k_test_000361,think,canonical,,True,thinking_segment,thinking,13,exp_c_segment_sample,256,256,0.0011393683264032007,0.0032474693466610915,0.0007458677864633501,0.017189297825098038,5.713563960220763e-06,0.003231883673761554,0.0703125,-0.0010132701825442893,-0.0007642691580258543,-0.000536587554961443,per_model_kept_independent_plus_common_union
Qwen_Qwen3-8B,8B,8.0,4096,hidden_dim,exp_c,think,gsm8k_test_000361,think,canonical,,True,thinking_segment,thinking,20,exp_c_segment_sample,256,256,0.0014959154883399605,0.008042568977089104,0.0010834544664248824,1.2965046167373657,0.006512254483264803,0.006951736998522884,0.03515625,0.021308300142977247,0.0201008449857909,-0.0005072962958365679,per_model_kept_independent_plus_common_union
Qwen_Qwen3-8B,8B,8.0,4096,hidden_dim,exp_c,think,gsm8k_test_000433,think,canonical,,True,answer_segment,think_answer,6,exp_c_segment_sample,57,57,0.0007245007436722517,0.003524108750034908,0.00089078996097669,0.02233074977993965,1.053059612925173e-05,0.0033659892266898954,0.0,0.001589547483987441,0.0012316766194999215,-0.001282648416236043,per_model_kept_independent_plus_common_union
Qwen_Qwen3-8B,8B,8.0,4096,hidden_dim,exp_c,think,gsm8k_test_000433,think,canonical,,True,answer_segment,think_answer,13,exp_c_segment_sample,57,57,0.0011393683264032007,0.0028173655349140367,0.001152103184722364,0.007532606832683086,1.3922776504819162e-06,0.002805781247194058,0.0,-0.00011308288823698529,-0.0003238438007732232,-0.0010630041360855103,per_model_kept_independent_plus_common_union
Qwen_Qwen3-8B,8B,8.0,4096,hidden_dim,exp_c,think,gsm8k_test_000433,think,canonical,,True,answer_segment,think_answer,20,exp_c_segment_sample,57,57,0.0014959154883399605,0.003180039619716505,0.001558064017444849,0.006892990320920944,1.2337197464987391e-06,0.0031679280301822083,0.0,0.00011395511323900273,-0.0002158005100985367,-0.0009935791604220867,per_model_kept_independent_plus_common_union
Qwen_Qwen3-8B,8B,8.0,4096,hidden_dim,exp_c,think,gsm8k_test_000433,think,canonical,,True,thinking_segment,thinking,6,exp_c_segment_sample,195,195,0.0007245007436722517,0.004377310559189377,0.0005545534659177065,0.042469609528779984,3.488974169730855e-05,0.0042490224175745625,0.07692307692307693,-0.005428707645657762,-0.0035037447494093562,-0.001282648416236043,per_model_kept_independent_plus_common_union
Qwen_Qwen3-8B,8B,8.0,4096,hidden_dim,exp_c,think,gsm8k_test_000433,think,canonical,,True,thinking_segment,thinking,13,exp_c_segment_sample,195,195,0.0011393683264032007,0.0032657474339103853,0.0007924679084680974,0.01333102211356163,5.553271542752621e-06,0.003225361127838415,0.05128205128205128,-0.002464177708026007,-0.0017745573838640533,-0.0010630041360855103,per_model_kept_independent_plus_common_union
Qwen_Qwen3-8B,8B,8.0,4096,hidden_dim,exp_c,think,gsm8k_test_000433,think,canonical,,True,thinking_segment,thinking,20,exp_c_segment_sample,195,195,0.0014959154883399605,0.002801997484997488,0.0011381201911717653,0.008809798397123814,1.3815250659589133e-06,0.002774391448744525,0.05641025641025641,-0.0007070395348043887,-0.0004343234563284385,-0.0009935791604220867,per_model_kept_independent_plus_common_union
Qwen_Qwen3-8B,8B,8.0,4096,hidden_dim,exp_c,think,gsm8k_test_000449,think,canonical,,True,answer_segment,think_answer,6,exp_c_segment_sample,54,54,0.0007245007436722517,0.00327866763971677,0.0006269160658121109,0.012842119671404362,5.821162222023846e-06,0.0032092892160674306,0.05555555555555555,-0.0017429509033176185,-0.0012384774787018876,-0.007396053522825241,per_model_kept_independent_plus_common_union
Qwen_Qwen3-8B,8B,8.0,4096,hidden_dim,exp_c,think,gsm8k_test_000449,think,canonical,,True,answer_segment,think_answer,13,exp_c_segment_sample,54,54,0.0011393683264032007,0.0030773902329167832,0.0008190438966266811,0.00906325876712799,2.1183455446911384e-06,0.003077149641577084,0.09259259259259259,-0.001979724150809526,-0.0012807478280072765,-0.002469938714057207,per_model_kept_independent_plus_common_union
Qwen_Qwen3-8B,8B,8.0,4096,hidden_dim,exp_c,think,gsm8k_test_000449,think,canonical,,True,answer_segment,think_answer,20,exp_c_segment_sample,54,54,0.0014959154883399605,0.002788510440883261,0.0010467610554769635,0.005417557433247566,8.067136441607407e-07,0.0027564165757898735,0.07407407407407407,-0.0006550576025149744,-0.0003103558639330527,-0.0018877917900681496,per_model_kept_independent_plus_common_union
Qwen_Qwen3-8B,8B,8.0,4096,hidden_dim,exp_c,think,gsm8k_test_000449,think,canonical,,True,thinking_segment,thinking,6,exp_c_segment_sample,256,256,0.0007245007436722517,0.003065474801246637,0.000475369073683396,0.037874337285757065,2.5998611696048463e-05,0.003018416389362931,0.11328125,-0.003253218487926602,-0.002326563936094317,-0.007396053522825241,per_model_kept_independent_plus_common_union
Qwen_Qwen3-8B,8B,8.0,4096,hidden_dim,exp_c,think,gsm8k_test_000449,think,canonical,,True,thinking_segment,thinking,13,exp_c_segment_sample,256,256,0.0011393683264032007,0.002437659520410307,0.0007598368101753294,0.013015346601605415,4.074677973464016e-06,0.0024421516405944256,0.15234375,-0.0013635761809745548,-0.0009112049174291315,-0.002469938714057207,per_model_kept_independent_plus_common_union
Qwen_Qwen3-8B,8B,8.0,4096,hidden_dim,exp_c,think,gsm8k_test_000449,think,canonical,,True,thinking_segment,thinking,20,exp_c_segment_sample,256,256,0.0014959154883399605,0.0026321608224861848,0.0009136094013229012,0.01308350171893835,2.5059414386041706e-06,0.0026305439226674814,0.15234375,-0.0008581705821625891,-0.0005578746695391601,-0.0018877917900681496,per_model_kept_independent_plus_common_union
Qwen_Qwen3-8B,8B,8.0,4096,hidden_dim,exp_c,think,gsm8k_test_000460,think,canonical,,True,answer_segment,think_answer,6,exp_c_segment_sample,40,40,0.0007245007436722517,0.0031590675353072584,0.0011868267320096493,0.008947555907070637,3.918080682969403e-06,0.0030982510413592444,0.0,-0.0012517705667627658,-0.0007222899468615654,-0.0010702286381274462,per_model_kept_independent_plus_common_union
Qwen_Qwen3-8B,8B,8.0,4096,hidden_dim,exp_c,think,gsm8k_test_000460,think,canonical,,True,answer_segment,think_answer,13,exp_c_segment_sample,40,40,0.0011393683264032007,0.003045040540746413,0.001296241651289165,0.005887770093977451,1.6526030669901275e-06,0.003028588811269937,0.0,-0.0012675817736435885,-0.0009769129566848276,-4.148110747337341e-05,per_model_kept_independent_plus_common_union
Qwen_Qwen3-8B,8B,8.0,4096,hidden_dim,exp_c,think,gsm8k_test_000460,think,canonical,,True,answer_segment,think_answer,20,exp_c_segment_sample,40,40,0.0014959154883399605,0.0025652475625975056,0.0013306792825460434,0.004134851973503828,4.1591464578898036e-07,0.0025486269374736226,0.05,-0.0010113257689049438,-0.0007017983240075409,-0.0001447591930627823,per_model_kept_independent_plus_common_union
Qwen_Qwen3-8B,8B,8.0,4096,hidden_dim,exp_c,think,gsm8k_test_000460,think,canonical,,True,thinking_segment,thinking,6,exp_c_segment_sample,175,175,0.0007245007436722517,0.004599236372492409,0.00029666072805412114,0.028784388676285744,3.146946368395005e-05,0.004505271755925638,0.09142857142857143,-0.004142714584338514,-0.0018080849483588035,-0.0010702286381274462,per_model_kept_independent_plus_common_union
Qwen_Qwen3-8B,8B,8.0,4096,hidden_dim,exp_c,think,gsm8k_test_000460,think,canonical,,True,thinking_segment,thinking,13,exp_c_segment_sample,175,175,0.0011393683264032007,0.0031805158273449964,0.0006048772484064102,0.013866733759641647,5.2162919768860406e-06,0.003129553863371926,0.09142857142857143,-0.0012155420043545092,-0.00047277618829287896,-4.148110747337341e-05,per_model_kept_independent_plus_common_union
Qwen_Qwen3-8B,8B,8.0,4096,hidden_dim,exp_c,think,gsm8k_test_000460,think,canonical,,True,thinking_segment,thinking,20,exp_c_segment_sample,175,175,0.0014959154883399605,0.002980699551158718,0.0011563808657228947,0.007813926786184311,1.3734503295141882e-06,0.0029532766884899347,0.02857142857142857,-0.0005384219709523775,-0.0002948611244474619,-0.0001447591930627823,per_model_kept_independent_plus_common_union
Qwen_Qwen3-8B,8B,8.0,4096,hidden_dim,exp_c,think,gsm8k_test_000472,think,canonical,,True,answer_segment,think_answer,6,exp_c_segment_sample,41,41,0.0007245007436722517,0.003603422740281264,0.0009011296206153929,0.009736058302223682,5.287830047630338e-06,0.003573022315686103,0.0,-0.002648498072006609,-0.002018493743063035,-0.004498839378356934,per_model_kept_independent_plus_common_union
Qwen_Qwen3-8B,8B,8.0,4096,hidden_dim,exp_c,think,gsm8k_test_000472,think,canonical,,True,answer_segment,think_answer,13,exp_c_segment_sample,41,41,0.0011393683264032007,0.0031096457401517687,0.0011678660521283746,0.00571967801079154,1.6263778890363286e-06,0.003117248779744841,0.0,-0.00147648971975628,-0.0011867050779983406,-0.0008846265263855457,per_model_kept_independent_plus_common_union
Qwen_Qwen3-8B,8B,8.0,4096,hidden_dim,exp_c,think,gsm8k_test_000472,think,canonical,,True,answer_segment,think_answer,20,exp_c_segment_sample,41,41,0.0014959154883399605,0.002777232899239696,0.0013183096889406443,0.005688356701284647,7.625154573445384e-07,0.0027616138599114498,0.04878048780487805,-0.0006562049479551499,-0.000620669410140677,-0.0002591691445559263,per_model_kept_independent_plus_common_union
Qwen_Qwen3-8B,8B,8.0,4096,hidden_dim,exp_c,think,gsm8k_test_000472,think,canonical,,True,thinking_segment,thinking,6,exp_c_segment_sample,153,153,0.0007245007436722517,0.005137499131177083,0.000511056452523917,0.0323098823428154,3.814599703055887e-05,0.005017660501547845,0.08496732026143791,-0.0027918460590528544,-0.0021305182300961744,-0.004498839378356934,per_model_kept_independent_plus_common_union
Qwen_Qwen3-8B,8B,8.0,4096,hidden_dim,exp_c,think,gsm8k_test_000472,think,canonical,,True,thinking_segment,thinking,13,exp_c_segment_sample,153,153,0.0011393683264032007,0.003497365042658559,0.0007227622554637492,0.013149766251444817,5.471052935761926e-06,0.003461455839753494,0.05228758169934641,-0.001457395412480564,-0.0011586213562016687,-0.0008846265263855457,per_model_kept_independent_plus_common_union
Qwen_Qwen3-8B,8B,8.0,4096,hidden_dim,exp_c,think,gsm8k_test_000472,think,canonical,,True,thinking_segment,thinking,20,exp_c_segment_sample,153,153,0.0014959154883399605,0.009701053468127023,0.0011956021189689636,1.0171492099761963,0.006678851603055945,0.00971826224505138,0.05228758169934641,0.012755325496344262,-1.583283599943669e-05,-0.0002591691445559263,per_model_kept_independent_plus_common_union
Qwen_Qwen3-8B,8B,8.0,4096,hidden_dim,exp_c,think,gsm8k_test_000514,think,canonical,,True,answer_segment,think_answer,6,exp_c_segment_sample,49,49,0.0007245007436722517,0.003112244761872048,0.0007938437629491091,0.010251505300402641,5.1393456445036255e-06,0.0030446547122361762,0.0,-0.0011096822597770682,-0.0009344183893587724,-0.009500861167907715,per_model_kept_independent_plus_common_union
Qwen_Qwen3-8B,8B,8.0,4096,hidden_dim,exp_c,think,gsm8k_test_000514,think,canonical,,True,answer_segment,think_answer,13,exp_c_segment_sample,49,49,0.0011393683264032007,0.0026882450899337325,0.0011507918825373054,0.005102410912513733,1.2607326852328796e-06,0.0026593940250071078,0.0,-0.001520842810598563,-0.0010067659448115872,-0.003154852893203497,per_model_kept_independent_plus_common_union
Qwen_Qwen3-8B,8B,8.0,4096,hidden_dim,exp_c,think,gsm8k_test_000514,think,canonical,,True,answer_segment,think_answer,20,exp_c_segment_sample,49,49,0.0014959154883399605,0.002641408872904674,0.0011920696124434471,0.005215252283960581,7.294097227611941e-07,0.0025944670754446024,0.08163265306122448,-0.0008291007806451961,-0.00067549804225564,-0.0008322801440954208,per_model_kept_independent_plus_common_union
Qwen_Qwen3-8B,8B,8.0,4096,hidden_dim,exp_c,think,gsm8k_test_000514,think,canonical,,True,thinking_segment,thinking,6,exp_c_segment_sample,243,243,0.0007245007436722517,0.00396582691349595,0.00033354858169332147,0.0382690504193306,3.474277399095533e-05,0.0038700115050127595,0.20164609053497942,-0.0013293560846341385,-0.0010266771962766947,-0.009500861167907715,per_model_kept_independent_plus_common_union
Qwen_Qwen3-8B,8B,8.0,4096,hidden_dim,exp_c,think,gsm8k_test_000514,think,canonical,,True,thinking_segment,thinking,13,exp_c_segment_sample,243,243,0.0011393683264032007,0.003217651664448036,0.0006243641837500036,0.015041491948068142,6.775102222611894e-06,0.003176172554958611,0.10699588477366255,-0.0008460165685689429,-0.0007174847920455776,-0.003154852893203497,per_model_kept_independent_plus_common_union
Qwen_Qwen3-8B,8B,8.0,4096,hidden_dim,exp_c,think,gsm8k_test_000514,think,canonical,,True,thinking_segment,thinking,20,exp_c_segment_sample,243,243,0.0014959154883399605,0.006460919752745762,0.0008593005477450788,0.8776962161064148,0.0031385294576455813,0.006447358505005701,0.11522633744855967,0.0031352047334654884,-0.00045119724083752914,-0.0008322801440954208,per_model_kept_independent_plus_common_union
Qwen_Qwen3-8B,8B,8.0,4096,hidden_dim,exp_c,think,gsm8k_test_000534,think,canonical,,True,answer_segment,think_answer,6,exp_c_segment_sample,60,60,0.0007245007436722517,0.002970048684316377,0.0006712431204505265,0.010364542715251446,5.552489681966382e-06,0.002936126429477107,0.03333333333333333,-0.0016007932090032536,-0.001146844033307086,0.0019386995118111372,per_model_kept_independent_plus_common_union
Qwen_Qwen3-8B,8B,8.0,4096,hidden_dim,exp_c,think,gsm8k_test_000534,think,canonical,,True,answer_segment,think_answer,13,exp_c_segment_sample,60,60,0.0011393683264032007,0.00261855348944664,0.0011355121387168765,0.006548368372023106,1.6650266610976838e-06,0.0026037286596088593,0.016666666666666666,-0.0010659797746901845,-0.0007646209793165325,-0.00024106213822960854,per_model_kept_independent_plus_common_union
Qwen_Qwen3-8B,8B,8.0,4096,hidden_dim,exp_c,think,gsm8k_test_000534,think,canonical,,True,answer_segment,think_answer,20,exp_c_segment_sample,60,60,0.0014959154883399605,0.0027341407219258445,0.0013864004286006093,0.012692063115537167,2.4324461218964947e-06,0.0027056388296502628,0.016666666666666666,0.0007723920867915778,0.00081275732566913,-0.0014837200287729502,per_model_kept_independent_plus_common_union
Qwen_Qwen3-8B,8B,8.0,4096,hidden_dim,exp_c,think,gsm8k_test_000534,think,canonical,,True,thinking_segment,thinking,6,exp_c_segment_sample,256,256,0.0007245007436722517,0.00278027615775045,0.0003003805468324572,0.03778812289237976,2.5278629468544994e-05,0.002685834396109493,0.27734375,-0.0035274352524944713,-0.0022312392702588113,0.0019386995118111372,per_model_kept_independent_plus_common_union
Qwen_Qwen3-8B,8B,8.0,4096,hidden_dim,exp_c,think,gsm8k_test_000534,think,canonical,,True,thinking_segment,thinking,13,exp_c_segment_sample,256,256,0.0011393683264032007,0.002764418728020246,0.00039810719317756593,0.02129240147769451,9.704479397418637e-06,0.00270406706381197,0.296875,-0.0020524566305613317,-0.001416849528595776,-0.00024106213822960854,per_model_kept_independent_plus_common_union
Qwen_Qwen3-8B,8B,8.0,4096,hidden_dim,exp_c,think,gsm8k_test_000534,think,canonical,,True,thinking_segment,thinking,20,exp_c_segment_sample,256,256,0.0014959154883399605,0.0028524378119527682,0.0005309454281814396,0.026118597015738487,6.217222763713348e-06,0.002786761502470716,0.28515625,-0.0010152283278328162,-0.0008097000154521083,-0.0014837200287729502,per_model_kept_independent_plus_common_union
Qwen_Qwen3-8B,8B,8.0,4096,hidden_dim,exp_c,think,gsm8k_test_000543,think,canonical,,True,answer_segment,think_answer,6,exp_c_segment_sample,42,42,0.0007245007436722517,0.003079337101163609,0.0009038019925355911,0.014210950583219528,4.999683226387923e-06,0.002957160919677557,0.0,0.0007337439871792267,0.00015450569547035458,-0.003880410687997937,per_model_kept_independent_plus_common_union
Qwen_Qwen3-8B,8B,8.0,4096,hidden_dim,exp_c,think,gsm8k_test_000543,think,canonical,,True,answer_segment,think_answer,13,exp_c_segment_sample,42,42,0.0011393683264032007,0.0027833925393809167,0.0012529963860288262,0.005512452684342861,1.2246259583509849e-06,0.0027631809054760306,0.0,-0.0005322261280271916,-0.0006981248099526224,-0.001292479457333684,per_model_kept_independent_plus_common_union
Qwen_Qwen3-8B,8B,8.0,4096,hidden_dim,exp_c,think,gsm8k_test_000543,think,canonical,,True,answer_segment,think_answer,20,exp_c_segment_sample,42,42,0.0014959154883399605,0.0028525690986065284,0.0014068522723391652,0.005506730638444424,9.83671400388729e-07,0.002813362303507946,0.047619047619047616,-0.0008794074708694893,-0.0008425168290903621,-0.0003556697629392147,per_model_kept_independent_plus_common_union
Qwen_Qwen3-8B,8B,8.0,4096,hidden_dim,exp_c,think,gsm8k_test_000543,think,canonical,,True,thinking_segment,thinking,6,exp_c_segment_sample,199,199,0.0007245007436722517,0.003521548344106671,0.0004355287819635123,0.03682996332645416,2.9064008484478987e-05,0.0034247869377276125,0.1407035175879397,-0.004267964124060633,-0.002699440158903599,-0.003880410687997937,per_model_kept_independent_plus_common_union
Qwen_Qwen3-8B,8B,8.0,4096,hidden_dim,exp_c,think,gsm8k_test_000543,think,canonical,,True,thinking_segment,thinking,13,exp_c_segment_sample,199,199,0.0011393683264032007,0.0028904041669673133,0.0008026516297832131,0.013137157075107098,4.680616615132909e-06,0.002857938008453471,0.08542713567839195,-0.0013875053188559963,-0.0008646928099915385,-0.001292479457333684,per_model_kept_independent_plus_common_union
Qwen_Qwen3-8B,8B,8.0,4096,hidden_dim,exp_c,think,gsm8k_test_000543,think,canonical,,True,thinking_segment,thinking,20,exp_c_segment_sample,199,199,0.0014959154883399605,0.002963626048242177,0.000934491166844964,0.010154206305742264,1.9019701526800954e-06,0.0029330049697874174,0.04522613065326633,-0.0005453319101355706,-0.0002411536034196615,-0.0003556697629392147,per_model_kept_independent_plus_common_union
Qwen_Qwen3-8B,8B,8.0,4096,hidden_dim,exp_c,think,gsm8k_test_000549,think,canonical,,True,answer_segment,think_answer,6,exp_c_segment_sample,43,43,0.0007245007436722517,0.003278061334682672,0.0005870461463928223,0.008876255713403225,4.065678049314925e-06,0.0032771018574879103,0.06976744186046512,-0.0008493276414103096,-0.000414016942324286,-0.002158799674361944,per_model_kept_independent_plus_common_union
Qwen_Qwen3-8B,8B,8.0,4096,hidden_dim,exp_c,think,gsm8k_test_000549,think,canonical,,True,answer_segment,think_answer,13,exp_c_segment_sample,43,43,0.0011393683264032007,0.003011437218235589,0.0007490483112633228,0.006423864047974348,1.9705006918535078e-06,0.003011990940043082,0.06976744186046512,-0.0010390503657637213,-0.000886978697963059,0.0002166412305086851,per_model_kept_independent_plus_common_union
Qwen_Qwen3-8B,8B,8.0,4096,hidden_dim,exp_c,think,gsm8k_test_000549,think,canonical,,True,answer_segment,think_answer,20,exp_c_segment_sample,43,43,0.0014959154883399605,0.002539323944717559,0.0009003927116282284,0.004138132091611624,6.17833348856691e-07,0.0025047065920218653,0.16279069767441862,-0.0006136608132344314,-0.0003089895577762618,-0.0003479663282632828,per_model_kept_independent_plus_common_union
Qwen_Qwen3-8B,8B,8.0,4096,hidden_dim,exp_c,think,gsm8k_test_000549,think,canonical,,True,thinking_segment,thinking,6,exp_c_segment_sample,256,256,0.0007245007436722517,0.003517412370229067,0.0004543008399195969,0.038080841302871704,3.95091021713069e-05,0.003372319866008364,0.1640625,-0.0006358364715587028,1.3996917459735414e-05,-0.002158799674361944,per_model_kept_independent_plus_common_union
Qwen_Qwen3-8B,8B,8.0,4096,hidden_dim,exp_c,think,gsm8k_test_000549,think,canonical,,True,thinking_segment,thinking,13,exp_c_segment_sample,256,256,0.0011393683264032007,0.0025912129358403035,0.0006897608400322497,0.01841799169778824,6.709917163040949e-06,0.0025672895449647265,0.25,-0.00025109322803851746,8.091042582236696e-05,0.0002166412305086851,per_model_kept_independent_plus_common_union
Qwen_Qwen3-8B,8B,8.0,4096,hidden_dim,exp_c,think,gsm8k_test_000549,think,canonical,,True,thinking_segment,thinking,20,exp_c_segment_sample,256,256,0.0014959154883399605,0.0025039980057499633,0.0007134463521651924,0.021451422944664955,3.6641175778010284e-06,0.00245793877124912,0.25,-0.00023868508645162096,9.997522738558473e-05,-0.0003479663282632828,per_model_kept_independent_plus_common_union
Qwen_Qwen3-8B,8B,8.0,4096,hidden_dim,exp_c,think,gsm8k_test_000585,think,canonical,,True,answer_segment,think_answer,6,exp_c_segment_sample,54,54,0.0007245007436722517,0.0034799548868452096,0.0008236277499236166,0.009275553748011589,5.051390802078759e-06,0.0034392632023466504,0.0,-0.0017197308987802395,-0.001366463215422949,-0.008393840864300728,per_model_kept_independent_plus_common_union
Qwen_Qwen3-8B,8B,8.0,4096,hidden_dim,exp_c,think,gsm8k_test_000585,think,canonical,,True,answer_segment,think_answer,13,exp_c_segment_sample,54,54,0.0011393683264032007,0.002817721487695558,0.0011001109378412366,0.005607866682112217,1.2228620075799695e-06,0.0027939045564535094,0.05555555555555555,-0.0010814250637353833,-0.0010505482620958772,-0.0035707219503819942,per_model_kept_independent_plus_common_union
Qwen_Qwen3-8B,8B,8.0,4096,hidden_dim,exp_c,think,gsm8k_test_000585,think,canonical,,True,answer_segment,think_answer,20,exp_c_segment_sample,54,54,0.0014959154883399605,0.00261831905528972,0.001314682187512517,0.0044776564463973045,8.326882075136286e-07,0.0025916599365443274,0.07407407407407407,-0.0008109188485758929,-0.0009591173064628883,-0.0010738382115960121,per_model_kept_independent_plus_common_union
Qwen_Qwen3-8B,8B,8.0,4096,hidden_dim,exp_c,think,gsm8k_test_000585,think,canonical,,True,thinking_segment,thinking,6,exp_c_segment_sample,256,256,0.0007245007436722517,0.0037363113876835996,0.0003761147381737828,0.035001158714294434,3.1696651775051515e-05,0.0037563704122689995,0.19140625,-0.004133635634438808,-0.0040862843288778095,-0.008393840864300728,per_model_kept_independent_plus_common_union
Qwen_Qwen3-8B,8B,8.0,4096,hidden_dim,exp_c,think,gsm8k_test_000585,think,canonical,,True,thinking_segment,thinking,13,exp_c_segment_sample,256,256,0.0011393683264032007,0.0027984842874957394,0.0006412281654775143,0.01701924577355385,6.2397663335243385e-06,0.002812198213232844,0.16796875,-0.0021865076739997903,-0.0020582694005497615,-0.0035707219503819942,per_model_kept_independent_plus_common_union
Qwen_Qwen3-8B,8B,8.0,4096,hidden_dim,exp_c,think,gsm8k_test_000585,think,canonical,,True,thinking_segment,thinking,20,exp_c_segment_sample,256,256,0.0014959154883399605,0.0027209830623178277,0.0011413879692554474,0.010502876713871956,1.4433209377357329e-06,0.002720663972291158,0.078125,-0.0007632071318788936,-0.0007610481734445784,-0.0010738382115960121,per_model_kept_independent_plus_common_union
Qwen_Qwen3-8B,8B,8.0,4096,hidden_dim,exp_c,think,gsm8k_test_000604,think,canonical,,True,answer_segment,think_answer,6,exp_c_segment_sample,46,46,0.0007245007436722517,0.0032050454439899036,0.0006686561973765492,0.01339125819504261,6.198338768890329e-06,0.003166327531087315,0.021739130434782608,-0.0018055694115608329,-0.0017531434908354031,-0.0003584618680179119,per_model_kept_independent_plus_common_union
Qwen_Qwen3-8B,8B,8.0,4096,hidden_dim,exp_c,think,gsm8k_test_000604,think,canonical,,True,answer_segment,think_answer,13,exp_c_segment_sample,46,46,0.0011393683264032007,0.002895382868186773,0.0010436895536258817,0.00673640938475728,1.769583645640412e-06,0.0028813931056194835,0.021739130434782608,-0.0014636904529143379,-0.001230240159202367,-0.000766650540754199,per_model_kept_independent_plus_common_union
Qwen_Qwen3-8B,8B,8.0,4096,hidden_dim,exp_c,think,gsm8k_test_000604,think,canonical,,True,answer_segment,think_answer,20,exp_c_segment_sample,46,46,0.0014959154883399605,0.0029042830574326217,0.0012094374978914857,0.006010884884744883,1.0941514274572086e-06,0.002846697244482736,0.021739130434782608,-0.0011610862861234931,-0.0010912611905951053,0.00020963256247341633,per_model_kept_independent_plus_common_union
Qwen_Qwen3-8B,8B,8.0,4096,hidden_dim,exp_c,think,gsm8k_test_000604,think,canonical,,True,thinking_segment,thinking,6,exp_c_segment_sample,221,221,0.0007245007436722517,0.0034556536439056106,0.0005256071453914046,0.040001820772886276,2.9089389677998052e-05,0.003349961893400178,0.07239819004524888,-0.0025683398325437256,-0.0020724975807492486,-0.0003584618680179119,per_model_kept_independent_plus_common_union
Qwen_Qwen3-8B,8B,8.0,4096,hidden_dim,exp_c,think,gsm8k_test_000604,think,canonical,,True,thinking_segment,thinking,13,exp_c_segment_sample,221,221,0.0011393683264032007,0.002839606715159752,0.0008290346595458686,0.014192917384207249,4.1649659485022995e-06,0.0028020360618194735,0.06787330316742081,-0.0007009545864739648,-0.0004768046596187298,-0.000766650540754199,per_model_kept_independent_plus_common_union
Qwen_Qwen3-8B,8B,8.0,4096,hidden_dim,exp_c,think,gsm8k_test_000604,think,canonical,,True,thinking_segment,thinking,20,exp_c_segment_sample,221,221,0.0014959154883399605,0.007030143548431069,0.0011557264951989055,0.9968350529670715,0.004454629614046481,0.007025076587028322,0.09502262443438914,0.018391978319096974,0.017288503232910965,0.00020963256247341633,per_model_kept_independent_plus_common_union
Qwen_Qwen3-8B,8B,8.0,4096,hidden_dim,exp_c,think,gsm8k_test_000629,think,canonical,,True,answer_segment,think_answer,6,exp_c_segment_sample,67,67,0.0007245007436722517,0.003919101721579348,0.0007404062780551612,0.021116219460964203,1.5019842631111782e-05,0.003837759327848978,0.0,-0.0036454174135193474,-0.002750369682497181,-0.0046037971042096615,per_model_kept_independent_plus_common_union
Qwen_Qwen3-8B,8B,8.0,4096,hidden_dim,exp_c,think,gsm8k_test_000629,think,canonical,,True,answer_segment,think_answer,13,exp_c_segment_sample,67,67,0.0011393683264032007,0.0029362692730501294,0.0011037394870072603,0.006453260779380798,1.920318892161213e-06,0.002916102705057711,0.014925373134328358,-0.0014337595503963706,-0.0012650226434583172,-0.002001100219786167,per_model_kept_independent_plus_common_union
Qwen_Qwen3-8B,8B,8.0,4096,hidden_dim,exp_c,think,gsm8k_test_000629,think,canonical,,True,answer_segment,think_answer,20,exp_c_segment_sample,67,67,0.0014959154883399605,0.0027631090279779773,0.00133901450317353,0.007410115096718073,1.2689288901876257e-06,0.002723459528307571,0.04477611940298507,-0.00042460401694979853,-0.0005318194983855765,-0.0019405130296945572,per_model_kept_independent_plus_common_union
Qwen_Qwen3-8B,8B,8.0,4096,hidden_dim,exp_c,think,gsm8k_test_000629,think,canonical,,True,thinking_segment,thinking,6,exp_c_segment_sample,256,256,0.0007245007436722517,0.0031667187382709017,0.0003776270314119756,0.03817090764641762,2.2558212223567834e-05,0.003097100444954546,0.1015625,-0.002720140676714784,-0.002159114607366064,-0.0046037971042096615,per_model_kept_independent_plus_common_union
Qwen_Qwen3-8B,8B,8.0,4096,hidden_dim,exp_c,think,gsm8k_test_000629,think,canonical,,True,thinking_segment,thinking,13,exp_c_segment_sample,256,256,0.0011393683264032007,0.0028913770959206886,0.0004944250686094165,0.017236987128853798,5.7564436759791995e-06,0.0028719096614402296,0.1015625,-0.0017806320875384566,-0.0014395162079381407,-0.002001100219786167,per_model_kept_independent_plus_common_union
Qwen_Qwen3-8B,8B,8.0,4096,hidden_dim,exp_c,think,gsm8k_test_000629,think,canonical,,True,thinking_segment,thinking,20,exp_c_segment_sample,256,256,0.0014959154883399605,0.007567649959355549,0.0009322221740148962,1.200102686882019,0.0055798267918960535,0.006941549954661751,0.12109375,-0.012419674860207716,-0.0007358144121099031,-0.0019405130296945572,per_model_kept_independent_plus_common_union
Qwen_Qwen3-8B,8B,8.0,4096,hidden_dim,exp_c,think,gsm8k_test_000640,think,canonical,,True,answer_segment,think_answer,6,exp_c_segment_sample,73,73,0.0007245007436722517,0.002790453718586072,0.0006769855972379446,0.012881067581474781,5.915839341160639e-06,0.002747667753687387,0.0273972602739726,-0.0016670605641510778,-0.0017393873330499776,-0.0069654230028390884,per_model_kept_independent_plus_common_union
Qwen_Qwen3-8B,8B,8.0,4096,hidden_dim,exp_c,think,gsm8k_test_000640,think,canonical,,True,answer_segment,think_answer,13,exp_c_segment_sample,73,73,0.0011393683264032007,0.0026717504609235854,0.0008870962192304432,0.008882964961230755,2.16816559457949e-06,0.002650396008296714,0.0410958904109589,-0.0016481755927180253,-0.001525531308480391,-0.003060235409066081,per_model_kept_independent_plus_common_union
Qwen_Qwen3-8B,8B,8.0,4096,hidden_dim,exp_c,think,gsm8k_test_000640,think,canonical,,True,answer_segment,think_answer,20,exp_c_segment_sample,73,73,0.0014959154883399605,0.0023352486457777757,0.001170564442873001,0.005132779944688082,5.81383083986835e-07,0.0023170135682448745,0.0410958904109589,-0.00016006082787720677,-0.0002326500344727385,-0.001568749314174056,per_model_kept_independent_plus_common_union
Qwen_Qwen3-8B,8B,8.0,4096,hidden_dim,exp_c,think,gsm8k_test_000640,think,canonical,,True,thinking_segment,thinking,6,exp_c_segment_sample,256,256,0.0007245007436722517,0.0034105441721976604,0.00042659384780563414,0.044000495225191116,2.899340945045514e-05,0.0033350007963394,0.0625,-0.00288274071063393,-0.002141848356516745,-0.0069654230028390884,per_model_kept_independent_plus_common_union
Qwen_Qwen3-8B,8B,8.0,4096,hidden_dim,exp_c,think,gsm8k_test_000640,think,canonical,,True,thinking_segment,thinking,13,exp_c_segment_sample,256,256,0.0011393683264032007,0.0031580860916164966,0.0007755457772873342,0.019227609038352966,6.152314843418437e-06,0.0031350106048352163,0.07421875,-0.002064268022389849,-0.0016220426312289556,-0.003060235409066081,per_model_kept_independent_plus_common_union
Qwen_Qwen3-8B,8B,8.0,4096,hidden_dim,exp_c,think,gsm8k_test_000640,think,canonical,,True,thinking_segment,thinking,20,exp_c_segment_sample,256,256,0.0014959154883399605,0.006844628289627508,0.0007752033998258412,1.0289201736450195,0.0040986972258521505,0.006988495748927332,0.09375,0.0041617000453313836,-0.0005322071714684942,-0.001568749314174056,per_model_kept_independent_plus_common_union
Qwen_Qwen3-8B,8B,8.0,4096,hidden_dim,exp_c,think,gsm8k_test_000641,think,canonical,,True,answer_segment,think_answer,6,exp_c_segment_sample,65,65,0.0007245007436722517,0.003476922489845982,0.0005171681987121701,0.01884007826447487,1.3583454170371662e-05,0.0033620302583585726,0.06153846153846154,-0.0005963255747358222,-0.000773970143842128,-0.00751496572047472,per_model_kept_independent_plus_common_union
Qwen_Qwen3-8B,8B,8.0,4096,hidden_dim,exp_c,think,gsm8k_test_000641,think,canonical,,True,answer_segment,think_answer,13,exp_c_segment_sample,65,65,0.0011393683264032007,0.002512612663066158,0.0008812009473331273,0.007130142766982317,1.540172310880178e-06,0.002493358613719465,0.046153846153846156,-0.0010632200358709066,-0.0009223619023995366,-0.0037588481791317463,per_model_kept_independent_plus_common_union
Qwen_Qwen3-8B,8B,8.0,4096,hidden_dim,exp_c,think,gsm8k_test_000641,think,canonical,,True,answer_segment,think_answer,20,exp_c_segment_sample,65,65,0.0014959154883399605,0.002612722539701141,0.0012378395767882466,0.00816361978650093,1.2319211248823563e-06,0.0025597431376809254,0.06153846153846154,-0.00012197687674861049,-0.00030053230276440865,-0.0034758576657623053,per_model_kept_independent_plus_common_union
Qwen_Qwen3-8B,8B,8.0,4096,hidden_dim,exp_c,think,gsm8k_test_000641,think,canonical,,True,thinking_segment,thinking,6,exp_c_segment_sample,256,256,0.0007245007436722517,0.0041577681038234005,0.0004039459745399654,0.06852363049983978,5.7892735824894845e-05,0.003985252616204026,0.23046875,-0.006680727709589254,-0.004694362292866572,-0.00751496572047472,per_model_kept_independent_plus_common_union
Qwen_Qwen3-8B,8B,8.0,4096,hidden_dim,exp_c,think,gsm8k_test_000641,think,canonical,,True,thinking_segment,thinking,13,exp_c_segment_sample,256,256,0.0011393683264032007,0.003368656988868679,0.0006308903684839606,0.031184356659650803,1.3315561610668254e-05,0.0033141250818306094,0.15234375,-0.0034396523939486424,-0.002522257645978243,-0.0037588481791317463,per_model_kept_independent_plus_common_union
Qwen_Qwen3-8B,8B,8.0,4096,hidden_dim,exp_c,think,gsm8k_test_000641,think,canonical,,True,thinking_segment,thinking,20,exp_c_segment_sample,256,256,0.0014959154883399605,0.0075381623912562645,0.0008711169939488173,1.1058253049850464,0.004736688733048023,0.007831134980140085,0.16015625,0.0212323814010886,0.015783746146553312,-0.0034758576657623053,per_model_kept_independent_plus_common_union
Qwen_Qwen3-8B,8B,8.0,4096,hidden_dim,exp_c,think,gsm8k_test_000645,think,canonical,,True,answer_segment,think_answer,6,exp_c_segment_sample,37,37,0.0007245007436722517,0.0030091049848124385,0.0008748079417273402,0.00734687177464366,2.9719853166857763e-06,0.002974242317981811,0.0,-0.0012460568493197666,-0.001033883157651871,-0.001384145114570856,per_model_kept_independent_plus_common_union
Qwen_Qwen3-8B,8B,8.0,4096,hidden_dim,exp_c,think,gsm8k_test_000645,think,canonical,,True,answer_segment,think_answer,13,exp_c_segment_sample,37,37,0.0011393683264032007,0.0031448188709799906,0.0011747980024665594,0.005618411581963301,2.0543617840695393e-06,0.0031454533293274133,0.0,-0.0024837588558204024,-0.001993456855416298,-9.292014874517918e-05,per_model_kept_independent_plus_common_union
Qwen_Qwen3-8B,8B,8.0,4096,hidden_dim,exp_c,think,gsm8k_test_000645,think,canonical,,True,answer_segment,think_answer,20,exp_c_segment_sample,37,37,0.0014959154883399605,0.0027573319321901007,0.001206283224746585,0.007449680473655462,1.3006587928642003e-06,0.002721667086007074,0.05405405405405406,-0.0017288094108253917,-0.0014802109100855885,-0.0004719826392829418,per_model_kept_independent_plus_common_union
Qwen_Qwen3-8B,8B,8.0,4096,hidden_dim,exp_c,think,gsm8k_test_000645,think,canonical,,True,thinking_segment,thinking,6,exp_c_segment_sample,198,198,0.0007245007436722517,0.00476039787022411,0.0004375817661639303,0.045962125062942505,4.131144406186458e-05,0.004622364808364445,0.1111111111111111,-0.003624926391359945,-0.00253031617961824,-0.001384145114570856,per_model_kept_independent_plus_common_union
Qwen_Qwen3-8B,8B,8.0,4096,hidden_dim,exp_c,think,gsm8k_test_000645,think,canonical,,True,thinking_segment,thinking,13,exp_c_segment_sample,198,198,0.0011393683264032007,0.003171842631994455,0.0008039993699640036,0.016642119735479355,6.4204224099095065e-06,0.003141908834009965,0.12626262626262627,-0.0009848338158751479,-0.0006213022372685375,-9.292014874517918e-05,per_model_kept_independent_plus_common_union
Qwen_Qwen3-8B,8B,8.0,4096,hidden_dim,exp_c,think,gsm8k_test_000645,think,canonical,,True,thinking_segment,thinking,20,exp_c_segment_sample,198,198,0.0014959154883399605,0.00280898316608121,0.0010358684230595827,0.009683096781373024,2.0144340873545987e-06,0.002775564651491906,0.06565656565656566,-7.222205857406793e-05,0.00013530787779018286,-0.0004719826392829418,per_model_kept_independent_plus_common_union
Qwen_Qwen3-8B,8B,8.0,4096,hidden_dim,exp_c,think,gsm8k_test_000655,think,canonical,,True,answer_segment,think_answer,6,exp_c_segment_sample,49,49,0.0007245007436722517,0.0035835357967345994,0.0007099260692484677,0.010536899790167809,5.847464399353675e-06,0.003516215678246226,0.061224489795918366,-0.0007865898056449962,-2.9017889084151025e-05,-0.0005354289896786213,per_model_kept_independent_plus_common_union
Qwen_Qwen3-8B,8B,8.0,4096,hidden_dim,exp_c,think,gsm8k_test_000655,think,canonical,,True,answer_segment,think_answer,13,exp_c_segment_sample,49,49,0.0011393683264032007,0.0032035721138081686,0.0008749797707423568,0.0069601284340023994,2.3829726334013916e-06,0.0031847139034653087,0.04081632653061224,-0.00016429210062690033,0.0003871234187569758,-0.00014024856500327587,per_model_kept_independent_plus_common_union
Qwen_Qwen3-8B,8B,8.0,4096,hidden_dim,exp_c,think,gsm8k_test_000655,think,canonical,,True,answer_segment,think_answer,20,exp_c_segment_sample,49,49,0.0014959154883399605,0.0031655865901967094,0.0012793096248060465,0.008206076920032501,1.7272138206593102e-06,0.003093635891370165,0.04081632653061224,-4.976196784755373e-06,0.00015653703863231045,-0.00015376205556094646,per_model_kept_independent_plus_common_union
Qwen_Qwen3-8B,8B,8.0,4096,hidden_dim,exp_c,think,gsm8k_test_000655,think,canonical,,True,thinking_segment,thinking,6,exp_c_segment_sample,244,244,0.0007245007436722517,0.003723181796080784,0.0003449101932346821,0.029127920046448708,2.378942021891245e-05,0.0036361292392636333,0.14344262295081966,-0.002064698378482013,-0.0010309701195734813,-0.0005354289896786213,per_model_kept_independent_plus_common_union
Qwen_Qwen3-8B,8B,8.0,4096,hidden_dim,exp_c,think,gsm8k_test_000655,think,canonical,,True,thinking_segment,thinking,13,exp_c_segment_sample,244,244,0.0011393683264032007,0.0026825331471150467,0.0005826975684612989,0.01722775772213936,3.6945248463438798e-06,0.00263956734870365,0.12295081967213115,-0.0009956642048997003,-0.0005936283583859682,-0.00014024856500327587,per_model_kept_independent_plus_common_union
Qwen_Qwen3-8B,8B,8.0,4096,hidden_dim,exp_c,think,gsm8k_test_000655,think,canonical,,True,thinking_segment,thinking,20,exp_c_segment_sample,244,244,0.0014959154883399605,0.0026385842943678563,0.0007990707526914775,0.011364626698195934,1.8358249926608056e-06,0.0026074204083202488,0.1680327868852459,-0.0003610443289264856,-0.00022696180375995217,-0.00015376205556094646,per_model_kept_independent_plus_common_union
Qwen_Qwen3-8B,8B,8.0,4096,hidden_dim,exp_c,think,gsm8k_test_000697,think,canonical,,True,answer_segment,think_answer,6,exp_c_segment_sample,47,47,0.0007245007436722517,0.00319519122948553,0.0006826482713222504,0.014221148565411568,9.055612247202815e-06,0.0031575962038123575,0.0425531914893617,-0.0002725765792073382,0.0005545894188495972,-0.00485208397731185,per_model_kept_independent_plus_common_union
Qwen_Qwen3-8B,8B,8.0,4096,hidden_dim,exp_c,think,gsm8k_test_000697,think,canonical,,True,answer_segment,think_answer,13,exp_c_segment_sample,47,47,0.0011393683264032007,0.0026807376688861464,0.0008930017938837409,0.006882089655846357,1.6164076208111096e-06,0.002651407383382321,0.06382978723404255,-0.0013551238653041983,-0.0006025353407797711,-0.0017292406409978867,per_model_kept_independent_plus_common_union
Qwen_Qwen3-8B,8B,8.0,4096,hidden_dim,exp_c,think,gsm8k_test_000697,think,canonical,,True,answer_segment,think_answer,20,exp_c_segment_sample,47,47,0.0014959154883399605,0.0025130333577064756,0.001284426194615662,0.0055128708481788635,8.262126502585529e-07,0.002468598224526352,0.0851063829787234,-0.0003001691254618722,6.505414300287619e-06,-0.0011488033924251795,per_model_kept_independent_plus_common_union
Qwen_Qwen3-8B,8B,8.0,4096,hidden_dim,exp_c,think,gsm8k_test_000697,think,canonical,,True,thinking_segment,thinking,6,exp_c_segment_sample,176,176,0.0007245007436722517,0.003706653578939784,0.0005153246456757188,0.034465108066797256,2.612459016400788e-05,0.0035834277344734553,0.07386363636363637,0.0010419381832167142,9.618200684516614e-05,-0.00485208397731185,per_model_kept_independent_plus_common_union
Qwen_Qwen3-8B,8B,8.0,4096,hidden_dim,exp_c,think,gsm8k_test_000697,think,canonical,,True,thinking_segment,thinking,13,exp_c_segment_sample,176,176,0.0011393683264032007,0.0026309003541510638,0.0007489644340239465,0.015040651895105839,3.8980958437205754e-06,0.0025720539163532003,0.17045454545454544,-0.0004967047723890155,-0.0006128069653641433,-0.0017292406409978867,per_model_kept_independent_plus_common_union
Qwen_Qwen3-8B,8B,8.0,4096,hidden_dim,exp_c,think,gsm8k_test_000697,think,canonical,,True,thinking_segment,thinking,20,exp_c_segment_sample,176,176,0.0014959154883399605,0.0025433560506578283,0.0008431090391241014,0.007882215082645416,1.6030019519299284e-06,0.0025149125266554096,0.19886363636363635,-0.00030030082244958867,-0.0003291113627545369,-0.0011488033924251795,per_model_kept_independent_plus_common_union
Qwen_Qwen3-8B,8B,8.0,4096,hidden_dim,exp_c,think,gsm8k_test_000713,think,canonical,,True,answer_segment,think_answer,6,exp_c_segment_sample,43,43,0.0007245007436722517,0.00331815947145007,0.0009117567096836865,0.010698840953409672,4.097522150342204e-06,0.003234785231706198,0.0,0.00031726255527565603,0.0002594944724643774,-0.0017504571005702019,per_model_kept_independent_plus_common_union
Qwen_Qwen3-8B,8B,8.0,4096,hidden_dim,exp_c,think,gsm8k_test_000713,think,canonical,,True,answer_segment,think_answer,13,exp_c_segment_sample,43,43,0.0011393683264032007,0.0029627025008288235,0.0014801907818764448,0.005574987735599279,1.293376287975758e-06,0.0029369241369533398,0.0,-0.0010851840237569035,-0.0010360042691569434,0.0002632297109812498,per_model_kept_independent_plus_common_union
Qwen_Qwen3-8B,8B,8.0,4096,hidden_dim,exp_c,think,gsm8k_test_000713,think,canonical,,True,answer_segment,think_answer,20,exp_c_segment_sample,43,43,0.0014959154883399605,0.0026619834635883224,0.001103539951145649,0.0053361463360488415,9.28026710689178e-07,0.0026265389557617405,0.06976744186046512,-0.00029100969322537587,-0.0003673958867280321,-0.0008963488508015871,per_model_kept_independent_plus_common_union
Qwen_Qwen3-8B,8B,8.0,4096,hidden_dim,exp_c,think,gsm8k_test_000713,think,canonical,,True,thinking_segment,thinking,6,exp_c_segment_sample,256,256,0.0007245007436722517,0.004528637145767789,0.0004685365129262209,0.04426326975226402,4.4473310124848686e-05,0.004417165494773402,0.12109375,-0.004705528344256493,-0.0027035133286307635,-0.0017504571005702019,per_model_kept_independent_plus_common_union
Qwen_Qwen3-8B,8B,8.0,4096,hidden_dim,exp_c,think,gsm8k_test_000713,think,canonical,,True,thinking_segment,thinking,13,exp_c_segment_sample,256,256,0.0011393683264032007,0.0030683163759022136,0.0007505331304855645,0.014991199597716331,6.03995323818764e-06,0.0030445040584059554,0.12109375,-0.0022625345385479338,-0.001352859167561222,0.0002632297109812498,per_model_kept_independent_plus_common_union
Qwen_Qwen3-8B,8B,8.0,4096,hidden_dim,exp_c,think,gsm8k_test_000713,think,canonical,,True,thinking_segment,thinking,20,exp_c_segment_sample,256,256,0.0014959154883399605,0.002855552971141151,0.0010308396304026246,0.011218526400625706,2.2063632896910174e-06,0.002827425627661536,0.109375,-0.0012551619981967233,-0.0007360024431433813,-0.0008963488508015871,per_model_kept_independent_plus_common_union
Qwen_Qwen3-8B,8B,8.0,4096,hidden_dim,exp_c,think,gsm8k_test_000759,think,canonical,,True,answer_segment,think_answer,6,exp_c_segment_sample,55,55,0.0007245007436722517,0.003005205661016093,0.0008699116879142821,0.008361395448446274,3.00999737069487e-06,0.0029719367901432435,0.0,-0.0014082329048375987,-0.0010823023206155214,-0.002226094249635935,per_model_kept_independent_plus_common_union
Qwen_Qwen3-8B,8B,8.0,4096,hidden_dim,exp_c,think,gsm8k_test_000759,think,canonical,,True,answer_segment,think_answer,13,exp_c_segment_sample,55,55,0.0011393683264032007,0.0027315035377713766,0.001245025428943336,0.005032169632613659,1.1106508994517935e-06,0.0027202050572399184,0.0,-0.0008815455353250339,-0.0006978674791753292,2.6387860998511314e-05,per_model_kept_independent_plus_common_union
Qwen_Qwen3-8B,8B,8.0,4096,hidden_dim,exp_c,think,gsm8k_test_000759,think,canonical,,True,answer_segment,think_answer,20,exp_c_segment_sample,55,55,0.0014959154883399605,0.0026220140936361117,0.0013528496492654085,0.006494749337434769,7.79856845952166e-07,0.0025725518008349116,0.03636363636363636,-0.0005823677662735796,-0.0005897511395492722,-0.00010679056867957115,per_model_kept_independent_plus_common_union
Qwen_Qwen3-8B,8B,8.0,4096,hidden_dim,exp_c,think,gsm8k_test_000759,think,canonical,,True,thinking_segment,thinking,6,exp_c_segment_sample,236,236,0.0007245007436722517,0.003412794430791479,0.00041836127638816833,0.03313589096069336,2.4890933731047373e-05,0.0033117253239207138,0.1652542372881356,-0.003103051990663938,-0.002474222525606974,-0.002226094249635935,per_model_kept_independent_plus_common_union
Qwen_Qwen3-8B,8B,8.0,4096,hidden_dim,exp_c,think,gsm8k_test_000759,think,canonical,,True,thinking_segment,thinking,13,exp_c_segment_sample,236,236,0.0011393683264032007,0.0027548578753771448,0.0007446020608767867,0.01917339116334915,5.76693714497857e-06,0.0027227306513095953,0.09745762711864407,-0.002559055907605471,-0.0021654011561314307,2.6387860998511314e-05,per_model_kept_independent_plus_common_union
Qwen_Qwen3-8B,8B,8.0,4096,hidden_dim,exp_c,think,gsm8k_test_000759,think,canonical,,True,thinking_segment,thinking,20,exp_c_segment_sample,236,236,0.0014959154883399605,0.002687703928825351,0.0009117486770264804,0.009644260630011559,1.642824528428093e-06,0.002664217573065469,0.1228813559322034,-0.0010911173166303417,-0.0008266830917495159,-0.00010679056867957115,per_model_kept_independent_plus_common_union
Qwen_Qwen3-8B,8B,8.0,4096,hidden_dim,exp_c,think,gsm8k_test_000760,think,canonical,,True,answer_segment,think_answer,6,exp_c_segment_sample,69,69,0.0007245007436722517,0.003317012719850501,0.000653057883027941,0.02010396681725979,1.1438607538406035e-05,0.0032011065632104874,0.014492753623188406,-0.00292365023915465,-0.0026603703639314817,-0.0036530187353491783,per_model_kept_independent_plus_common_union
Qwen_Qwen3-8B,8B,8.0,4096,hidden_dim,exp_c,think,gsm8k_test_000760,think,canonical,,True,answer_segment,think_answer,13,exp_c_segment_sample,69,69,0.0011393683264032007,0.002748309556172108,0.0009019898716360331,0.006989400368183851,1.549723861425248e-06,0.00271853210613378,0.028985507246376812,-0.0017923225966854869,-0.001528901416653146,-0.002153905341401696,per_model_kept_independent_plus_common_union
Qwen_Qwen3-8B,8B,8.0,4096,hidden_dim,exp_c,think,gsm8k_test_000760,think,canonical,,True,answer_segment,think_answer,20,exp_c_segment_sample,69,69,0.0014959154883399605,0.0025254155127871513,0.0014935981016606092,0.00491849472746253,4.752677881805093e-07,0.002494246943730532,0.014492753623188406,-0.0007429648141567568,-0.0005758385911273458,-0.0012416320387274027,per_model_kept_independent_plus_common_union
Qwen_Qwen3-8B,8B,8.0,4096,hidden_dim,exp_c,think,gsm8k_test_000760,think,canonical,,True,thinking_segment,thinking,6,exp_c_segment_sample,256,256,0.0007245007436722517,0.003712205770739274,0.00022095647000242025,0.04607395455241203,3.230333716824239e-05,0.003630134559581789,0.15234375,-0.0033805487345904134,-0.002659328317251773,-0.0036530187353491783,per_model_kept_independent_plus_common_union
Qwen_Qwen3-8B,8B,8.0,4096,hidden_dim,exp_c,think,gsm8k_test_000760,think,canonical,,True,thinking_segment,thinking,13,exp_c_segment_sample,256,256,0.0011393683264032007,0.0030262916254741867,0.0005475815269164741,0.013314907439053059,5.882826510701755e-06,0.0029719522294982103,0.15234375,-0.0011334983828388174,-0.0010406547825998415,-0.002153905341401696,per_model_kept_independent_plus_common_union
Qwen_Qwen3-8B,8B,8.0,4096,hidden_dim,exp_c,think,gsm8k_test_000760,think,canonical,,True,thinking_segment,thinking,20,exp_c_segment_sample,256,256,0.0014959154883399605,0.006662555195362074,0.0008281784248538315,0.9642099142074585,0.003598661401044644,0.005575646984121467,0.16015625,-0.0026887435453881526,-0.0006167255736027771,-0.0012416320387274027,per_model_kept_independent_plus_common_union
Qwen_Qwen3-8B,8B,8.0,4096,hidden_dim,exp_c,think,gsm8k_test_000814,think,canonical,,False,answer_segment,think_answer,6,exp_c_segment_sample,52,52,0.0007245007436722517,0.004077023141480123,0.0005468734307214618,0.015102650970220566,1.1968409058701252e-05,0.0040021357765676925,0.07692307692307693,-0.0016098525896377836,-0.0012394184148154007,-0.0047224173322319984,per_model_kept_independent_plus_common_union
Qwen_Qwen3-8B,8B,8.0,4096,hidden_dim,exp_c,think,gsm8k_test_000814,think,canonical,,False,answer_segment,think_answer,13,exp_c_segment_sample,52,52,0.0011393683264032007,0.0033278830389742954,0.0008398094214498997,0.0098279919475317,4.379074759006604e-06,0.0033133822474993913,0.09615384615384616,-0.002308002703587275,-0.001991177309089555,-0.003227418288588524,per_model_kept_independent_plus_common_union
Qwen_Qwen3-8B,8B,8.0,4096,hidden_dim,exp_c,think,gsm8k_test_000814,think,canonical,,False,answer_segment,think_answer,20,exp_c_segment_sample,52,52,0.0014959154883399605,0.003118695977788705,0.0012641326757147908,0.014276416040956974,4.375663819724166e-06,0.0029862011536298427,0.057692307692307696,4.234324285087542e-05,0.00017121069742223388,-0.0009844433516263962,per_model_kept_independent_plus_common_union
Qwen_Qwen3-8B,8B,8.0,4096,hidden_dim,exp_c,think,gsm8k_test_000814,think,canonical,,False,thinking_segment,thinking,6,exp_c_segment_sample,256,256,0.0007245007436722517,0.005539372505495521,0.0004253125807736069,0.06902418285608292,8.556128865046474e-05,0.005492777977339214,0.1015625,-0.007611943738320139,-0.004775307003337031,-0.0047224173322319984,per_model_kept_independent_plus_common_union
Qwen_Qwen3-8B,8B,8.0,4096,hidden_dim,exp_c,think,gsm8k_test_000814,think,canonical,,False,thinking_segment,thinking,13,exp_c_segment_sample,256,256,0.0011393683264032007,0.0033495487532491097,0.0006949548842385411,0.015419288538396358,5.40538076076424e-06,0.003354077710733445,0.046875,-0.0015534622613540652,-0.0009887976894298422,-0.003227418288588524,per_model_kept_independent_plus_common_union
Qwen_Qwen3-8B,8B,8.0,4096,hidden_dim,exp_c,think,gsm8k_test_000814,think,canonical,,False,thinking_segment,thinking,20,exp_c_segment_sample,256,256,0.0014959154883399605,0.00314419557275869,0.0009257558849640191,0.013172313570976257,2.492427715074899e-06,0.0031332108587827116,0.0546875,-0.0011667634012532116,-0.0008688450952132158,-0.0009844433516263962,per_model_kept_independent_plus_common_union
Qwen_Qwen3-8B,8B,8.0,4096,hidden_dim,exp_c,think,gsm8k_test_000901,think,canonical,,True,answer_segment,think_answer,6,exp_c_segment_sample,44,44,0.0007245007436722517,0.003688896234962158,0.0007417970336973667,0.010182063095271587,5.8027488715265736e-06,0.003694669331348133,0.0,-0.0032216328561348365,-0.0025756969645788727,-0.001538674347102642,per_model_kept_independent_plus_common_union
Qwen_Qwen3-8B,8B,8.0,4096,hidden_dim,exp_c,think,gsm8k_test_000901,think,canonical,,True,answer_segment,think_answer,13,exp_c_segment_sample,44,44,0.0011393683264032007,0.00313090140116401,0.0010931544238701463,0.006639902945607901,1.583750232419334e-06,0.003138011069643463,0.022727272727272728,-0.0019491495208278531,-0.0016399781769988208,-0.0009194824378937483,per_model_kept_independent_plus_common_union
Qwen_Qwen3-8B,8B,8.0,4096,hidden_dim,exp_c,think,gsm8k_test_000901,think,canonical,,True,answer_segment,think_answer,20,exp_c_segment_sample,44,44,0.0014959154883399605,0.002783383054933934,0.0015266529517248273,0.0055186268873512745,8.745856779341009e-07,0.002767968803730815,0.0,-0.0013232236033107975,-0.0013148371786387133,-0.0013542443048208952,per_model_kept_independent_plus_common_union
Qwen_Qwen3-8B,8B,8.0,4096,hidden_dim,exp_c,think,gsm8k_test_000901,think,canonical,,True,thinking_segment,thinking,6,exp_c_segment_sample,256,256,0.0007245007436722517,0.004426223411655883,0.000300381681881845,0.0402732715010643,5.023068178144175e-05,0.004330291290625432,0.14453125,-0.005224546385508381,-0.003402597179501754,-0.001538674347102642,per_model_kept_independent_plus_common_union
Qwen_Qwen3-8B,8B,8.0,4096,hidden_dim,exp_c,think,gsm8k_test_000901,think,canonical,,True,thinking_segment,thinking,13,exp_c_segment_sample,256,256,0.0011393683264032007,0.0031357371740341478,0.0004647194582503289,0.0288175530731678,1.1496625811835346e-05,0.003076633202800705,0.1640625,-0.002880578115684395,-0.0019123230172226613,-0.0009194824378937483,per_model_kept_independent_plus_common_union
Qwen_Qwen3-8B,8B,8.0,4096,hidden_dim,exp_c,think,gsm8k_test_000901,think,canonical,,True,thinking_segment,thinking,20,exp_c_segment_sample,256,256,0.0014959154883399605,0.003174638484551906,0.0008467211737297475,0.018046561628580093,6.0377138043547945e-06,0.0031402488776934687,0.21875,-0.0013164086984523316,-0.000994688706668967,-0.0013542443048208952,per_model_kept_independent_plus_common_union
Qwen_Qwen3-8B,8B,8.0,4096,hidden_dim,exp_c,think,gsm8k_test_000923,think,canonical,,False,answer_segment,think_answer,6,exp_c_segment_sample,51,51,0.0007245007436722517,0.0036427461434904414,0.0005712067359127104,0.012450451031327248,6.680025315803279e-06,0.0036339230986777694,0.0392156862745098,-0.00242791576885167,-0.0019447374417303274,-0.0072395713068544865,per_model_kept_independent_plus_common_union
Qwen_Qwen3-8B,8B,8.0,4096,hidden_dim,exp_c,think,gsm8k_test_000923,think,canonical,,False,answer_segment,think_answer,13,exp_c_segment_sample,51,51,0.0011393683264032007,0.0030538587312798435,0.0008510692859999835,0.0054528252221643925,1.1702183859936109e-06,0.003044304797658697,0.0392156862745098,-0.0003157424188969093,-0.00017900160477998155,-0.007542506325989962,per_model_kept_independent_plus_common_union
Qwen_Qwen3-8B,8B,8.0,4096,hidden_dim,exp_c,think,gsm8k_test_000923,think,canonical,,False,answer_segment,think_answer,20,exp_c_segment_sample,51,51,0.0014959154883399605,0.003051147723168719,0.0015965057536959648,0.00975171010941267,1.401262602271236e-06,0.0030481885885819794,0.0,0.0005869192336749176,0.00023606321058021159,-0.004934179130941629,per_model_kept_independent_plus_common_union
Qwen_Qwen3-8B,8B,8.0,4096,hidden_dim,exp_c,think,gsm8k_test_000923,think,canonical,,False,thinking_segment,thinking,6,exp_c_segment_sample,256,256,0.0007245007436722517,0.0052974591843621965,0.00041003795922733843,0.056020110845565796,8.271633977592041e-05,0.0051264914006156365,0.171875,-0.0018278457992963817,-0.0007964130090840627,-0.0072395713068544865,per_model_kept_independent_plus_common_union
Qwen_Qwen3-8B,8B,8.0,4096,hidden_dim,exp_c,think,gsm8k_test_000923,think,canonical,,False,thinking_segment,thinking,13,exp_c_segment_sample,256,256,0.0011393683264032007,0.003742302185173685,0.0005712306592613459,0.04847721382975578,2.157544443636321e-05,0.0036611344443350942,0.1796875,-0.0006052674392218374,-0.0005153103556949645,-0.007542506325989962,per_model_kept_independent_plus_common_union
Qwen_Qwen3-8B,8B,8.0,4096,hidden_dim,exp_c,think,gsm8k_test_000923,think,canonical,,False,thinking_segment,thinking,20,exp_c_segment_sample,256,256,0.0014959154883399605,0.003512227854116645,0.0008109547197818756,0.017854131758213043,6.5133310801270135e-06,0.003471184125012168,0.171875,0.00019838339699449308,4.5261250306793954e-05,-0.004934179130941629,per_model_kept_independent_plus_common_union
Qwen_Qwen3-8B,8B,8.0,4096,hidden_dim,exp_c,think,gsm8k_test_000924,think,canonical,,True,answer_segment,think_answer,6,exp_c_segment_sample,52,52,0.0007245007436722517,0.003690164561983413,0.0009140204638242722,0.01480530109256506,8.958046028681246e-06,0.00365241094807382,0.0,-0.0025136532206294455,-0.0016390046265979223,-0.0027701291255652905,per_model_kept_independent_plus_common_union
Qwen_Qwen3-8B,8B,8.0,4096,hidden_dim,exp_c,think,gsm8k_test_000924,think,canonical,,True,answer_segment,think_answer,13,exp_c_segment_sample,52,52,0.0011393683264032007,0.0028158453888653848,0.0008524258737452328,0.00658329576253891,1.4153686096521038e-06,0.0027933088313861223,0.07692307692307693,-0.0014556482644124474,-0.0009311652482630541,-0.0007152589969336987,per_model_kept_independent_plus_common_union
Qwen_Qwen3-8B,8B,8.0,4096,hidden_dim,exp_c,think,gsm8k_test_000924,think,canonical,,True,answer_segment,think_answer,20,exp_c_segment_sample,52,52,0.0014959154883399605,0.002638343981323907,0.0013288524933159351,0.008278070949018002,1.2362879969418913e-06,0.0026115059998689915,0.038461538461538464,2.9488436097796814e-05,6.987655069679022e-05,-0.0010563100222498178,per_model_kept_independent_plus_common_union
Qwen_Qwen3-8B,8B,8.0,4096,hidden_dim,exp_c,think,gsm8k_test_000924,think,canonical,,True,thinking_segment,thinking,6,exp_c_segment_sample,256,256,0.0007245007436722517,0.004039118627474636,0.0004019710759166628,0.08062217384576797,5.665039109985165e-05,0.0038513318323720883,0.19921875,-0.0023891577761389706,-0.0014134781645225303,-0.0027701291255652905,per_model_kept_independent_plus_common_union
Qwen_Qwen3-8B,8B,8.0,4096,hidden_dim,exp_c,think,gsm8k_test_000924,think,canonical,,True,thinking_segment,thinking,13,exp_c_segment_sample,256,256,0.0011393683264032007,0.0027002676317806618,0.000604251108597964,0.022568564862012863,7.613093573307189e-06,0.002649865067358806,0.27734375,-0.0010941787777554702,-0.0006770044901713845,-0.0007152589969336987,per_model_kept_independent_plus_common_union
Qwen_Qwen3-8B,8B,8.0,4096,hidden_dim,exp_c,think,gsm8k_test_000924,think,canonical,,True,thinking_segment,thinking,20,exp_c_segment_sample,256,256,0.0014959154883399605,0.010816648309173615,0.0007569357403554022,2.0368497371673584,0.01610103719333691,0.010773494007741236,0.26953125,-0.004519209610056941,-0.0007047033977869432,-0.0010563100222498178,per_model_kept_independent_plus_common_union
Qwen_Qwen3-8B,8B,8.0,4096,hidden_dim,exp_c,think,gsm8k_test_000965,think,canonical,,True,answer_segment,think_answer,6,exp_c_segment_sample,47,47,0.0007245007436722517,0.0029667486706649528,0.0008265998330898583,0.007985973730683327,3.2527513089007035e-06,0.0028980446121473183,0.0,-0.00022766678352553166,3.542691896048656e-05,-0.004288745112717152,per_model_kept_independent_plus_common_union
Qwen_Qwen3-8B,8B,8.0,4096,hidden_dim,exp_c,think,gsm8k_test_000965,think,canonical,,True,answer_segment,think_answer,13,exp_c_segment_sample,47,47,0.0011393683264032007,0.0025232467290132923,0.0014199730940163136,0.006017016712576151,9.120985659692608e-07,0.0024813126934611278,0.0,-0.0005361477155832848,-0.00037753944828485464,-0.002988236490637064,per_model_kept_independent_plus_common_union
Qwen_Qwen3-8B,8B,8.0,4096,hidden_dim,exp_c,think,gsm8k_test_000965,think,canonical,,True,answer_segment,think_answer,20,exp_c_segment_sample,47,47,0.0014959154883399605,0.0025484120879480814,0.001398718566633761,0.007735142949968576,1.0046435858499486e-06,0.002475606135862029,0.0425531914893617,-4.8373064194667105e-05,5.5743895548705964e-05,-0.0014125481247901917,per_model_kept_independent_plus_common_union
Qwen_Qwen3-8B,8B,8.0,4096,hidden_dim,exp_c,think,gsm8k_test_000965,think,canonical,,True,thinking_segment,thinking,6,exp_c_segment_sample,256,256,0.0007245007436722517,0.003872255005376246,0.00035396224120631814,0.06375473737716675,5.293038152911884e-05,0.0037184857927828616,0.12890625,-0.0023110943663493624,-0.0017314070773024395,-0.004288745112717152,per_model_kept_independent_plus_common_union
Qwen_Qwen3-8B,8B,8.0,4096,hidden_dim,exp_c,think,gsm8k_test_000965,think,canonical,,True,thinking_segment,thinking,13,exp_c_segment_sample,256,256,0.0011393683264032007,0.0029089930771988293,0.0005837357020936906,0.023696063086390495,7.457902317878776e-06,0.002858014785768039,0.140625,-0.0013243244580784937,-0.0009221037312482413,-0.002988236490637064,per_model_kept_independent_plus_common_union
Qwen_Qwen3-8B,8B,8.0,4096,hidden_dim,exp_c,think,gsm8k_test_000965,think,canonical,,True,thinking_segment,thinking,20,exp_c_segment_sample,256,256,0.0014959154883399605,0.0028685679039881506,0.0009803957073017955,0.011530456133186817,2.637923257401378e-06,0.002848710401499724,0.18359375,-0.0007465039050212242,-0.0005795881277523363,-0.0014125481247901917,per_model_kept_independent_plus_common_union
Qwen_Qwen3-8B,8B,8.0,4096,hidden_dim,exp_c,think,gsm8k_test_000990,think,canonical,,True,answer_segment,think_answer,6,exp_c_segment_sample,45,45,0.0007245007436722517,0.0030904940355362164,0.0008740068878978491,0.010426330380141735,4.275725108268865e-06,0.003008560314562849,0.0,-0.0020173012143999748,-0.002015202733067175,-0.001881877426058054,per_model_kept_independent_plus_common_union
Qwen_Qwen3-8B,8B,8.0,4096,hidden_dim,exp_c,think,gsm8k_test_000990,think,canonical,,True,answer_segment,think_answer,13,exp_c_segment_sample,45,45,0.0011393683264032007,0.0032074650827174384,0.0012338453670963645,0.008441493846476078,3.923120078884036e-06,0.003194566747300665,0.0,-0.002410009119362718,-0.0021843604530052594,0.000990056898444891,per_model_kept_independent_plus_common_union
Qwen_Qwen3-8B,8B,8.0,4096,hidden_dim,exp_c,think,gsm8k_test_000990,think,canonical,,True,answer_segment,think_answer,20,exp_c_segment_sample,45,45,0.0014959154883399605,0.002682942922951447,0.0014669154770672321,0.00497480109333992,8.236289074698218e-07,0.002636599423236806,0.022222222222222223,-0.0012458624446467631,-0.0008900871616788208,-0.00028094020672142506,per_model_kept_independent_plus_common_union
Qwen_Qwen3-8B,8B,8.0,4096,hidden_dim,exp_c,think,gsm8k_test_000990,think,canonical,,True,thinking_segment,thinking,6,exp_c_segment_sample,256,256,0.0007245007436722517,0.0033392852363931524,0.0004078634374309331,0.040432196110486984,3.107419909366502e-05,0.0032035750278572956,0.1328125,-0.0028480648685003823,-0.0023418197979481192,-0.001881877426058054,per_model_kept_independent_plus_common_union
Qwen_Qwen3-8B,8B,8.0,4096,hidden_dim,exp_c,think,gsm8k_test_000990,think,canonical,,True,thinking_segment,thinking,13,exp_c_segment_sample,256,256,0.0011393683264032007,0.002606711389034899,0.0005821599042974412,0.011736265383660793,4.079489957976732e-06,0.002588890387599703,0.15625,-0.0014453163937760516,-0.001325123967944819,0.000990056898444891,per_model_kept_independent_plus_common_union
Qwen_Qwen3-8B,8B,8.0,4096,hidden_dim,exp_c,think,gsm8k_test_000990,think,canonical,,True,thinking_segment,thinking,20,exp_c_segment_sample,256,256,0.0014959154883399605,0.002614307054955134,0.001126144197769463,0.01222735084593296,1.8284078393058084e-06,0.0025925947705778365,0.125,-0.0008827412881441663,-0.0008102962765406119,-0.00028094020672142506,per_model_kept_independent_plus_common_union
Qwen_Qwen3-8B,8B,8.0,4096,hidden_dim,exp_c,think,gsm8k_test_001017,think,canonical,,True,answer_segment,think_answer,6,exp_c_segment_sample,53,53,0.0007245007436722517,0.0035161906446962844,0.000925453205127269,0.011743725277483463,5.4854366671493e-06,0.003448147806921043,0.0,-0.0012243911916823484,-0.0011279166293596582,-0.0018752790056169033,per_model_kept_independent_plus_common_union
Qwen_Qwen3-8B,8B,8.0,4096,hidden_dim,exp_c,think,gsm8k_test_001017,think,canonical,,True,answer_segment,think_answer,13,exp_c_segment_sample,53,53,0.0011393683264032007,0.003197416414963609,0.0011022231774404645,0.006443127524107695,1.8552908270335335e-06,0.0031882329584242636,0.03773584905660377,-0.0013010284689643592,-0.001217677490785718,-0.0004947192501276731,per_model_kept_independent_plus_common_union
Qwen_Qwen3-8B,8B,8.0,4096,hidden_dim,exp_c,think,gsm8k_test_001017,think,canonical,,True,answer_segment,think_answer,20,exp_c_segment_sample,53,53,0.0014959154883399605,0.0029211998829301797,0.0014138706028461456,0.007407327648252249,1.1212119015818958e-06,0.0028544866676943805,0.03773584905660377,-0.0007092897737285466,-0.0005528969424111502,0.0004261962603777647,per_model_kept_independent_plus_common_union
Qwen_Qwen3-8B,8B,8.0,4096,hidden_dim,exp_c,think,gsm8k_test_001017,think,canonical,,True,thinking_segment,thinking,6,exp_c_segment_sample,220,220,0.0007245007436722517,0.003593293692657343,0.000450966035714373,0.03743749484419823,2.333296068683812e-05,0.0034820716837410427,0.09090909090909091,-0.0016719750560598775,-0.0011304441527251827,-0.0018752790056169033,per_model_kept_independent_plus_common_union
Qwen_Qwen3-8B,8B,8.0,4096,hidden_dim,exp_c,think,gsm8k_test_001017,think,canonical,,True,thinking_segment,thinking,13,exp_c_segment_sample,220,220,0.0011393683264032007,0.0031332960177678617,0.0008842855459079146,0.016292428597807884,6.263207282351997e-06,0.0030884848494023153,0.10909090909090909,-0.0014821964502497384,-0.0012900415024804796,-0.0004947192501276731,per_model_kept_independent_plus_common_union
Qwen_Qwen3-8B,8B,8.0,4096,hidden_dim,exp_c,think,gsm8k_test_001017,think,canonical,,True,thinking_segment,thinking,20,exp_c_segment_sample,220,220,0.0014959154883399605,0.007154925081836567,0.0009882779559120536,0.9127395749092102,0.0037474629386604103,0.007149753121438023,0.09090909090909091,0.014519491260103172,0.015518056990748102,0.0004261962603777647,per_model_kept_independent_plus_common_union
Qwen_Qwen3-8B,8B,8.0,4096,hidden_dim,exp_c,think,gsm8k_test_001031,think,canonical,,True,answer_segment,think_answer,6,exp_c_segment_sample,52,52,0.0007245007436722517,0.0028818192625364577,0.0007784100016579032,0.01022560615092516,3.825551796099719e-06,0.002817252629171765,0.0,-0.0012650384643457743,-0.0007926118649685611,-0.008497150614857674,per_model_kept_independent_plus_common_union
Qwen_Qwen3-8B,8B,8.0,4096,hidden_dim,exp_c,think,gsm8k_test_001031,think,canonical,,True,answer_segment,think_answer,13,exp_c_segment_sample,52,52,0.0011393683264032007,0.0029544748294238862,0.0011223353212699294,0.006600355729460716,1.8875250702602166e-06,0.0029304791629935307,0.019230769230769232,-0.0020412979693137144,-0.0014048528033666885,-0.0003200131468474865,per_model_kept_independent_plus_common_union
Qwen_Qwen3-8B,8B,8.0,4096,hidden_dim,exp_c,think,gsm8k_test_001031,think,canonical,,True,answer_segment,think_answer,20,exp_c_segment_sample,52,52,0.0014959154883399605,0.0028594935809871038,0.0009107633959501982,0.006446696352213621,1.2293768984335164e-06,0.00282572071277993,0.09615384615384616,-0.0010427409594274354,-0.00063481112010777,-0.0005276123993098736,per_model_kept_independent_plus_common_union
Qwen_Qwen3-8B,8B,8.0,4096,hidden_dim,exp_c,think,gsm8k_test_001031,think,canonical,,True,thinking_segment,thinking,6,exp_c_segment_sample,256,256,0.0007245007436722517,0.0046632524775986894,0.00035279913572594523,0.04569438099861145,5.4407123319677105e-05,0.004542728812086255,0.125,-0.006431156590633884,-0.004392633470615692,-0.008497150614857674,per_model_kept_independent_plus_common_union
Qwen_Qwen3-8B,8B,8.0,4096,hidden_dim,exp_c,think,gsm8k_test_001031,think,canonical,,True,thinking_segment,thinking,13,exp_c_segment_sample,256,256,0.0011393683264032007,0.0029902571286584134,0.0006969284149818122,0.016383470967411995,4.9502083163139635e-06,0.002975658301095969,0.1015625,-0.0023242437666302325,-0.0017721525564411422,-0.0003200131468474865,per_model_kept_independent_plus_common_union
Qwen_Qwen3-8B,8B,8.0,4096,hidden_dim,exp_c,think,gsm8k_test_001031,think,canonical,,True,thinking_segment,thinking,20,exp_c_segment_sample,256,256,0.0014959154883399605,0.0074574483735432295,0.0008977612014859915,1.1452003717422485,0.005078771916218194,0.006357508048414513,0.125,0.009254819948837836,-0.0009618392159609357,-0.0005276123993098736,per_model_kept_independent_plus_common_union
Qwen_Qwen3-8B,8B,8.0,4096,hidden_dim,exp_c,think,gsm8k_test_001038,think,canonical,,True,answer_segment,think_answer,6,exp_c_segment_sample,58,58,0.0007245007436722517,0.0031539556572358286,0.0005860489909537137,0.022603658959269524,1.2363223982826567e-05,0.002983724027504459,0.08620689655172414,-0.0008478859102493373,-0.0006483626280290385,-0.00114343105815351,per_model_kept_independent_plus_common_union
Qwen_Qwen3-8B,8B,8.0,4096,hidden_dim,exp_c,think,gsm8k_test_001038,think,canonical,,True,answer_segment,think_answer,13,exp_c_segment_sample,58,58,0.0011393683264032007,0.0027268769797579996,0.001130977412685752,0.0075041609816253185,1.9624190887492365e-06,0.0026848097781144212,0.017241379310344827,-0.0010279121264120783,-0.000799809598053495,-0.0021396311931312084,per_model_kept_independent_plus_common_union
Qwen_Qwen3-8B,8B,8.0,4096,hidden_dim,exp_c,think,gsm8k_test_001038,think,canonical,,True,answer_segment,think_answer,20,exp_c_segment_sample,58,58,0.0014959154883399605,0.002506004265059942,0.0012632677098736167,0.005910229403525591,7.712555002495449e-07,0.0024676458448531077,0.10344827586206896,-0.00011241212835582355,0.00010682730159411848,-0.0012721240054816008,per_model_kept_independent_plus_common_union
Qwen_Qwen3-8B,8B,8.0,4096,hidden_dim,exp_c,think,gsm8k_test_001038,think,canonical,,True,thinking_segment,thinking,6,exp_c_segment_sample,256,256,0.0007245007436722517,0.004755289441504829,0.000435408903285861,0.05692799761891365,6.299145799268605e-05,0.004663602105025714,0.12109375,-0.005012028611776418,-0.003842051600713603,-0.00114343105815351,per_model_kept_independent_plus_common_union
Qwen_Qwen3-8B,8B,8.0,4096,hidden_dim,exp_c,think,gsm8k_test_001038,think,canonical,,True,thinking_segment,thinking,13,exp_c_segment_sample,256,256,0.0011393683264032007,0.0031634479430522333,0.0007722154259681702,0.013813100755214691,6.254081007611971e-06,0.0031558519381260173,0.11328125,-0.0015107101822299607,-0.0013888747980672633,-0.0021396311931312084,per_model_kept_independent_plus_common_union
Qwen_Qwen3-8B,8B,8.0,4096,hidden_dim,exp_c,think,gsm8k_test_001038,think,canonical,,True,thinking_segment,thinking,20,exp_c_segment_sample,256,256,0.0014959154883399605,0.002998841117005213,0.0011952936183661222,0.009166141040623188,2.0362952459788456e-06,0.0029984246920250514,0.08203125,-0.0010386544862270347,-0.0008503682765876874,-0.0012721240054816008,per_model_kept_independent_plus_common_union
Qwen_Qwen3-8B,8B,8.0,4096,hidden_dim,exp_c,think,gsm8k_test_001043,think,canonical,,True,answer_segment,think_answer,6,exp_c_segment_sample,47,47,0.0007245007436722517,0.003338032992844014,0.0005966008175164461,0.022563019767403603,1.1751403489112562e-05,0.003273542665461402,0.06382978723404255,-0.0019190583459814954,-0.0006654788109396277,-0.0006978735327720642,per_model_kept_independent_plus_common_union
Qwen_Qwen3-8B,8B,8.0,4096,hidden_dim,exp_c,think,gsm8k_test_001043,think,canonical,,True,answer_segment,think_answer,13,exp_c_segment_sample,47,47,0.0011393683264032007,0.0028675664612587463,0.0008073769276961684,0.007946649566292763,2.2161502440551795e-06,0.0028108844315916618,0.06382978723404255,-0.001274361759993903,-0.0004164945761052272,0.00041459035128355026,per_model_kept_independent_plus_common_union
Qwen_Qwen3-8B,8B,8.0,4096,hidden_dim,exp_c,think,gsm8k_test_001043,think,canonical,,True,answer_segment,think_answer,20,exp_c_segment_sample,47,47,0.0014959154883399605,0.0026119624802030308,0.0009645014652051032,0.007959417067468166,1.6504978794581632e-06,0.0025128818170228246,0.10638297872340426,-0.0008193543348015541,-0.0005804591831595944,0.0005624236073344946,per_model_kept_independent_plus_common_union
Qwen_Qwen3-8B,8B,8.0,4096,hidden_dim,exp_c,think,gsm8k_test_001043,think,canonical,,True,thinking_segment,thinking,6,exp_c_segment_sample,239,239,0.0007245007436722517,0.0031932332415609116,0.0004883542424067855,0.03959391638636589,2.6470133296587895e-05,0.003091293713371388,0.1087866108786611,-0.0012819140801736157,-0.0010595506503401943,-0.0006978735327720642,per_model_kept_independent_plus_common_union
Qwen_Qwen3-8B,8B,8.0,4096,hidden_dim,exp_c,think,gsm8k_test_001043,think,canonical,,True,thinking_segment,thinking,13,exp_c_segment_sample,239,239,0.0011393683264032007,0.0025052769003907475,0.0007448424585163593,0.00894079264253378,2.9224766910268186e-06,0.0024839415136204274,0.13807531380753138,-0.000763199303119451,-0.0006797067268053069,0.00041459035128355026,per_model_kept_independent_plus_common_union
Qwen_Qwen3-8B,8B,8.0,4096,hidden_dim,exp_c,think,gsm8k_test_001043,think,canonical,,True,thinking_segment,thinking,20,exp_c_segment_sample,239,239,0.0014959154883399605,0.007989462495491173,0.0008929323521442711,1.2747896909713745,0.006744728852186281,0.007988026848174377,0.1297071129707113,0.011447373337746078,-0.0006350146315526215,0.0005624236073344946,per_model_kept_independent_plus_common_union
Qwen_Qwen3-8B,8B,8.0,4096,hidden_dim,exp_c,think,gsm8k_test_001059,think,canonical,,False,answer_segment,think_answer,6,exp_c_segment_sample,48,48,0.0007245007436722517,0.003053159164361811,0.0008915069047361612,0.007265602704137564,3.1358931254557603e-06,0.003019292843825323,0.0,6.022402566467893e-05,0.0008067135058809072,-0.002657668897882104,per_model_kept_independent_plus_common_union
Qwen_Qwen3-8B,8B,8.0,4096,hidden_dim,exp_c,think,gsm8k_test_001059,think,canonical,,False,answer_segment,think_answer,13,exp_c_segment_sample,48,48,0.0011393683264032007,0.0030571468499450325,0.0010927488328889012,0.008432646282017231,1.987303066494189e-06,0.0030506630626289137,0.020833333333333332,-0.0006553486636388421,0.00012172234710305929,-0.0005489257164299488,per_model_kept_independent_plus_common_union
Qwen_Qwen3-8B,8B,8.0,4096,hidden_dim,exp_c,think,gsm8k_test_001059,think,canonical,,False,answer_segment,think_answer,20,exp_c_segment_sample,48,48,0.0014959154883399605,0.0028309825017155768,0.0016026346711441875,0.005656769964843988,7.211867169221071e-07,0.0028060530312359324,0.0,0.00011525752423188446,0.00021920871222391725,-0.000767354853451252,per_model_kept_independent_plus_common_union
Qwen_Qwen3-8B,8B,8.0,4096,hidden_dim,exp_c,think,gsm8k_test_001059,think,canonical,,False,thinking_segment,thinking,6,exp_c_segment_sample,256,256,0.0007245007436722517,0.004677589412153793,0.00029687178903259337,0.0701540932059288,6.19904884509804e-05,0.004777048961841501,0.13671875,-0.0030296111804705766,-0.0024852055044343267,-0.002657668897882104,per_model_kept_independent_plus_common_union
Qwen_Qwen3-8B,8B,8.0,4096,hidden_dim,exp_c,think,gsm8k_test_001059,think,canonical,,False,thinking_segment,thinking,13,exp_c_segment_sample,256,256,0.0011393683264032007,0.002844391369649202,0.00045313514419831336,0.01249692402780056,3.8977197642734376e-06,0.0028099101695903193,0.16015625,-0.0010668408807403497,-0.0009858450413538283,-0.0005489257164299488,per_model_kept_independent_plus_common_union
Qwen_Qwen3-8B,8B,8.0,4096,hidden_dim,exp_c,think,gsm8k_test_001059,think,canonical,,False,thinking_segment,thinking,20,exp_c_segment_sample,256,256,0.0014959154883399605,0.002893168540140323,0.0009981520706787705,0.011086136102676392,2.2710885189947388e-06,0.0028667226812531766,0.12890625,-0.0008378410028458201,-0.0007163403179639809,-0.000767354853451252,per_model_kept_independent_plus_common_union
Qwen_Qwen3-8B,8B,8.0,4096,hidden_dim,exp_c,think,gsm8k_test_001182,think,canonical,,True,answer_segment,think_answer,6,exp_c_segment_sample,63,63,0.0007245007436722517,0.0032117391940176725,0.0006673340685665607,0.013899033889174461,6.154114860518571e-06,0.00316267238832229,0.031746031746031744,-0.0025903955522932954,-0.0023620644860784523,-0.004449928179383278,per_model_kept_independent_plus_common_union
Qwen_Qwen3-8B,8B,8.0,4096,hidden_dim,exp_c,think,gsm8k_test_001182,think,canonical,,True,answer_segment,think_answer,13,exp_c_segment_sample,63,63,0.0011393683264032007,0.0029011815749404447,0.0011013742769137025,0.006317238789051771,1.6377670306137233e-06,0.0028748598546841217,0.015873015873015872,-0.0014654195897275616,-0.001113026955863461,-0.001967046409845352,per_model_kept_independent_plus_common_union
Qwen_Qwen3-8B,8B,8.0,4096,hidden_dim,exp_c,think,gsm8k_test_001182,think,canonical,,True,answer_segment,think_answer,20,exp_c_segment_sample,63,63,0.0014959154883399605,0.0030443579742004947,0.001371423015370965,0.007477375213056803,1.6402754632797636e-06,0.0029934063260894147,0.031746031746031744,-0.0008923841271011717,-0.0008870971651049331,-0.0005584105383604765,per_model_kept_independent_plus_common_union
Qwen_Qwen3-8B,8B,8.0,4096,hidden_dim,exp_c,think,gsm8k_test_001182,think,canonical,,True,thinking_segment,thinking,6,exp_c_segment_sample,256,256,0.0007245007436722517,0.0035012723136560453,0.0003278348012827337,0.03882770612835884,2.4935099860254774e-05,0.0034049507813823125,0.0859375,-0.0004502435308435688,-0.0003781833873990059,-0.004449928179383278,per_model_kept_independent_plus_common_union
Qwen_Qwen3-8B,8B,8.0,4096,hidden_dim,exp_c,think,gsm8k_test_001182,think,canonical,,True,thinking_segment,thinking,13,exp_c_segment_sample,256,256,0.0011393683264032007,0.003022145138857013,0.0008165909093804657,0.014701531268656254,5.198707306960875e-06,0.002997631916309984,0.0625,-1.3865305122983903e-05,-0.00019586828286544643,-0.001967046409845352,per_model_kept_independent_plus_common_union
Qwen_Qwen3-8B,8B,8.0,4096,hidden_dim,exp_c,think,gsm8k_test_001182,think,canonical,,True,thinking_segment,thinking,20,exp_c_segment_sample,256,256,0.0014959154883399605,0.003113636495982064,0.0009626154787838459,0.011877511627972126,2.643376668032231e-06,0.0030985544257459826,0.0703125,-0.0005936053211322539,-0.00069520972096003,-0.0005584105383604765,per_model_kept_independent_plus_common_union
Qwen_Qwen3-8B,8B,8.0,4096,hidden_dim,exp_c,think,gsm8k_test_001209,think,canonical,,True,answer_segment,think_answer,6,exp_c_segment_sample,68,68,0.0007245007436722517,0.004455063498907667,0.00042559352004900575,0.017663974314928055,1.414439821742722e-05,0.004372007581891854,0.07352941176470588,-0.003746377806851525,-0.003017105790444047,0.002850227989256382,per_model_kept_independent_plus_common_union
Qwen_Qwen3-8B,8B,8.0,4096,hidden_dim,exp_c,think,gsm8k_test_001209,think,canonical,,True,answer_segment,think_answer,13,exp_c_segment_sample,68,68,0.0011393683264032007,0.002894848907838904,0.0006000673747621477,0.007260419894009829,2.105501838976371e-06,0.002886313242219222,0.08823529411764706,-0.002188076650651766,-0.0018278291305143606,-5.8973440900444984e-05,per_model_kept_independent_plus_common_union
Qwen_Qwen3-8B,8B,8.0,4096,hidden_dim,exp_c,think,gsm8k_test_001209,think,canonical,,True,answer_segment,think_answer,20,exp_c_segment_sample,68,68,0.0014959154883399605,0.0025580653574947708,0.0006884780013933778,0.006438258104026318,1.1458297692866084e-06,0.002510961139949956,0.1323529411764706,-0.0006962652868100592,-0.0005218964617918521,0.0005155038088560104,per_model_kept_independent_plus_common_union
Qwen_Qwen3-8B,8B,8.0,4096,hidden_dim,exp_c,think,gsm8k_test_001209,think,canonical,,True,thinking_segment,thinking,6,exp_c_segment_sample,227,227,0.0007245007436722517,0.004011789294362831,0.00036388685111887753,0.04135720059275627,4.255828782014256e-05,0.003903681279053969,0.10572687224669604,-0.003220374687933412,-0.0021801550087331093,0.002850227989256382,per_model_kept_independent_plus_common_union
Qwen_Qwen3-8B,8B,8.0,4096,hidden_dim,exp_c,think,gsm8k_test_001209,think,canonical,,True,thinking_segment,thinking,13,exp_c_segment_sample,227,227,0.0011393683264032007,0.0029376919985449326,0.0006199997733347118,0.018315838649868965,6.278414802675442e-06,0.002887753792935405,0.08370044052863436,-0.0021070746579478455,-0.0017127894445142728,-5.8973440900444984e-05,per_model_kept_independent_plus_common_union
Qwen_Qwen3-8B,8B,8.0,4096,hidden_dim,exp_c,think,gsm8k_test_001209,think,canonical,,True,thinking_segment,thinking,20,exp_c_segment_sample,227,227,0.0014959154883399605,0.002533097673999351,0.0011509868782013655,0.009622135199606419,1.350624819886996e-06,0.0025073188522921263,0.09691629955947137,-0.0008920527198484716,-0.000846521236541632,0.0005155038088560104,per_model_kept_independent_plus_common_union
Qwen_Qwen3-8B,8B,8.0,4096,hidden_dim,exp_c,think,gsm8k_test_001307,think,canonical,,True,answer_segment,think_answer,6,exp_c_segment_sample,42,42,0.0007245007436722517,0.0033748878063523165,0.0007951366133056581,0.014382638037204742,6.813647660161222e-06,0.003254418711393799,0.0,-0.00031107491554469745,0.0001122681000693274,-0.00295080803334713,per_model_kept_independent_plus_common_union
Qwen_Qwen3-8B,8B,8.0,4096,hidden_dim,exp_c,think,gsm8k_test_001307,think,canonical,,True,answer_segment,think_answer,13,exp_c_segment_sample,42,42,0.0011393683264032007,0.0029683002919357803,0.0011946272570639849,0.005846818909049034,1.494621152360117e-06,0.002956227131085697,0.0,-0.0011930630694722056,-0.0006293973843143745,-0.00047349068336188793,per_model_kept_independent_plus_common_union
Qwen_Qwen3-8B,8B,8.0,4096,hidden_dim,exp_c,think,gsm8k_test_001307,think,canonical,,True,answer_segment,think_answer,20,exp_c_segment_sample,42,42,0.0014959154883399605,0.0029045762605078166,0.001236073556356132,0.006443768739700317,1.5533313273640538e-06,0.002874692169404248,0.09523809523809523,-0.0007175618497982764,-9.03332732956519e-05,-0.00033917161636054516,per_model_kept_independent_plus_common_union
Qwen_Qwen3-8B,8B,8.0,4096,hidden_dim,exp_c,think,gsm8k_test_001307,think,canonical,,True,thinking_segment,thinking,6,exp_c_segment_sample,217,217,0.0007245007436722517,0.004554914631253143,0.00037069121026434004,0.06366270780563354,5.572535091270628e-05,0.00444712458678017,0.0967741935483871,-0.0036444858251697804,-0.004047831799305806,-0.00295080803334713,per_model_kept_independent_plus_common_union
Qwen_Qwen3-8B,8B,8.0,4096,hidden_dim,exp_c,think,gsm8k_test_001307,think,canonical,,True,thinking_segment,thinking,13,exp_c_segment_sample,217,217,0.0011393683264032007,0.002826911034888678,0.0007208517054095864,0.013332648202776909,4.1922798148231054e-06,0.002796396882870425,0.11981566820276497,-0.0009265891915444843,-0.0009035656884820624,-0.00047349068336188793,per_model_kept_independent_plus_common_union
Qwen_Qwen3-8B,8B,8.0,4096,hidden_dim,exp_c,think,gsm8k_test_001307,think,canonical,,True,thinking_segment,thinking,20,exp_c_segment_sample,217,217,0.0014959154883399605,0.002768686709148715,0.0010248253820464015,0.011469562537968159,1.8102452373680171e-06,0.0027368038583383035,0.0967741935483871,-0.0006680865352140593,-0.0005747851915657519,-0.00033917161636054516,per_model_kept_independent_plus_common_union
