experiment,condition_id,example_id,mode,prompt_variant,family,segment,layer,k,normalize_hidden_states,token_count,valid_token_count,valid,mean_lid,invalid_reason,segment_parse_status,correct,answer_parse_status,gold_answer,model_answer
exp_b,exp_b__gsm8k_test_000003__canonical__no_think,gsm8k_test_000003,no_think,canonical,,full_output,6,10,False,60,60,True,11.320103645324707,,ok,True,ok,540,540
exp_b,exp_b__gsm8k_test_000003__canonical__no_think,gsm8k_test_000003,no_think,canonical,,full_output,13,10,False,60,60,True,10.881811141967773,,ok,True,ok,540,540
exp_b,exp_b__gsm8k_test_000003__canonical__no_think,gsm8k_test_000003,no_think,canonical,,full_output,20,10,False,60,60,True,11.255138397216797,,ok,True,ok,540,540
exp_b,exp_b__gsm8k_test_000003__canonical__no_think,gsm8k_test_000003,no_think,canonical,,answer_segment,6,10,False,60,60,True,11.320103645324707,,ok,True,ok,540,540
exp_b,exp_b__gsm8k_test_000003__canonical__no_think,gsm8k_test_000003,no_think,canonical,,answer_segment,13,10,False,60,60,True,10.881811141967773,,ok,True,ok,540,540
exp_b,exp_b__gsm8k_test_000003__canonical__no_think,gsm8k_test_000003,no_think,canonical,,answer_segment,20,10,False,60,60,True,11.255138397216797,,ok,True,ok,540,540
exp_b,exp_b__gsm8k_test_000003__irrelevant_context__no_think,gsm8k_test_000003,no_think,irrelevant_context,,full_output,6,10,False,55,55,True,12.790925979614258,,ok,False,ok,540,180
exp_b,exp_b__gsm8k_test_000003__irrelevant_context__no_think,gsm8k_test_000003,no_think,irrelevant_context,,full_output,13,10,False,55,55,True,11.912649154663086,,ok,False,ok,540,180
exp_b,exp_b__gsm8k_test_000003__irrelevant_context__no_think,gsm8k_test_000003,no_think,irrelevant_context,,full_output,20,10,False,55,55,True,11.873558044433594,,ok,False,ok,540,180
exp_b,exp_b__gsm8k_test_000003__irrelevant_context__no_think,gsm8k_test_000003,no_think,irrelevant_context,,answer_segment,6,10,False,55,55,True,12.790925979614258,,ok,False,ok,540,180
exp_b,exp_b__gsm8k_test_000003__irrelevant_context__no_think,gsm8k_test_000003,no_think,irrelevant_context,,answer_segment,13,10,False,55,55,True,11.912649154663086,,ok,False,ok,540,180
exp_b,exp_b__gsm8k_test_000003__irrelevant_context__no_think,gsm8k_test_000003,no_think,irrelevant_context,,answer_segment,20,10,False,55,55,True,11.873558044433594,,ok,False,ok,540,180
exp_b,exp_b__gsm8k_test_000003__repetitive_filler__no_think,gsm8k_test_000003,no_think,repetitive_filler,,full_output,6,10,False,60,60,True,11.340729713439941,,ok,True,ok,540,540
exp_b,exp_b__gsm8k_test_000003__repetitive_filler__no_think,gsm8k_test_000003,no_think,repetitive_filler,,full_output,13,10,False,60,60,True,10.955230712890625,,ok,True,ok,540,540
exp_b,exp_b__gsm8k_test_000003__repetitive_filler__no_think,gsm8k_test_000003,no_think,repetitive_filler,,full_output,20,10,False,60,60,True,11.455998420715332,,ok,True,ok,540,540
exp_b,exp_b__gsm8k_test_000003__repetitive_filler__no_think,gsm8k_test_000003,no_think,repetitive_filler,,answer_segment,6,10,False,60,60,True,11.340729713439941,,ok,True,ok,540,540
exp_b,exp_b__gsm8k_test_000003__repetitive_filler__no_think,gsm8k_test_000003,no_think,repetitive_filler,,answer_segment,13,10,False,60,60,True,10.955230712890625,,ok,True,ok,540,540
exp_b,exp_b__gsm8k_test_000003__repetitive_filler__no_think,gsm8k_test_000003,no_think,repetitive_filler,,answer_segment,20,10,False,60,60,True,11.455998420715332,,ok,True,ok,540,540
exp_b,exp_b__gsm8k_test_000010__canonical__no_think,gsm8k_test_000010,no_think,canonical,,full_output,6,10,False,60,60,True,11.417862892150879,,ok,False,ok,366,342
exp_b,exp_b__gsm8k_test_000010__canonical__no_think,gsm8k_test_000010,no_think,canonical,,full_output,13,10,False,60,60,True,11.017812728881836,,ok,False,ok,366,342
exp_b,exp_b__gsm8k_test_000010__canonical__no_think,gsm8k_test_000010,no_think,canonical,,full_output,20,10,False,60,60,True,10.229777336120605,,ok,False,ok,366,342
exp_b,exp_b__gsm8k_test_000010__canonical__no_think,gsm8k_test_000010,no_think,canonical,,answer_segment,6,10,False,60,60,True,11.417862892150879,,ok,False,ok,366,342
exp_b,exp_b__gsm8k_test_000010__canonical__no_think,gsm8k_test_000010,no_think,canonical,,answer_segment,13,10,False,60,60,True,11.017812728881836,,ok,False,ok,366,342
exp_b,exp_b__gsm8k_test_000010__canonical__no_think,gsm8k_test_000010,no_think,canonical,,answer_segment,20,10,False,60,60,True,10.229777336120605,,ok,False,ok,366,342
exp_b,exp_b__gsm8k_test_000010__irrelevant_context__no_think,gsm8k_test_000010,no_think,irrelevant_context,,full_output,6,10,False,53,53,True,11.577202796936035,,ok,False,ok,366,342
exp_b,exp_b__gsm8k_test_000010__irrelevant_context__no_think,gsm8k_test_000010,no_think,irrelevant_context,,full_output,13,10,False,53,53,True,10.960553169250488,,ok,False,ok,366,342
exp_b,exp_b__gsm8k_test_000010__irrelevant_context__no_think,gsm8k_test_000010,no_think,irrelevant_context,,full_output,20,10,False,53,53,True,11.232418060302734,,ok,False,ok,366,342
exp_b,exp_b__gsm8k_test_000010__irrelevant_context__no_think,gsm8k_test_000010,no_think,irrelevant_context,,answer_segment,6,10,False,53,53,True,11.577202796936035,,ok,False,ok,366,342
exp_b,exp_b__gsm8k_test_000010__irrelevant_context__no_think,gsm8k_test_000010,no_think,irrelevant_context,,answer_segment,13,10,False,53,53,True,10.960553169250488,,ok,False,ok,366,342
exp_b,exp_b__gsm8k_test_000010__irrelevant_context__no_think,gsm8k_test_000010,no_think,irrelevant_context,,answer_segment,20,10,False,53,53,True,11.232418060302734,,ok,False,ok,366,342
exp_b,exp_b__gsm8k_test_000010__repetitive_filler__no_think,gsm8k_test_000010,no_think,repetitive_filler,,full_output,6,10,False,60,60,True,11.407973289489746,,ok,False,ok,366,342
exp_b,exp_b__gsm8k_test_000010__repetitive_filler__no_think,gsm8k_test_000010,no_think,repetitive_filler,,full_output,13,10,False,60,60,True,11.053702354431152,,ok,False,ok,366,342
exp_b,exp_b__gsm8k_test_000010__repetitive_filler__no_think,gsm8k_test_000010,no_think,repetitive_filler,,full_output,20,10,False,60,60,True,10.378772735595703,,ok,False,ok,366,342
exp_b,exp_b__gsm8k_test_000010__repetitive_filler__no_think,gsm8k_test_000010,no_think,repetitive_filler,,answer_segment,6,10,False,60,60,True,11.407973289489746,,ok,False,ok,366,342
exp_b,exp_b__gsm8k_test_000010__repetitive_filler__no_think,gsm8k_test_000010,no_think,repetitive_filler,,answer_segment,13,10,False,60,60,True,11.053702354431152,,ok,False,ok,366,342
exp_b,exp_b__gsm8k_test_000010__repetitive_filler__no_think,gsm8k_test_000010,no_think,repetitive_filler,,answer_segment,20,10,False,60,60,True,10.378772735595703,,ok,False,ok,366,342
exp_b,exp_b__gsm8k_test_000052__canonical__no_think,gsm8k_test_000052,no_think,canonical,,full_output,6,10,False,48,48,True,14.561211585998535,,ok,True,ok,15,15
exp_b,exp_b__gsm8k_test_000052__canonical__no_think,gsm8k_test_000052,no_think,canonical,,full_output,13,10,False,48,48,True,11.86910629272461,,ok,True,ok,15,15
exp_b,exp_b__gsm8k_test_000052__canonical__no_think,gsm8k_test_000052,no_think,canonical,,full_output,20,10,False,48,48,True,11.945320129394531,,ok,True,ok,15,15
exp_b,exp_b__gsm8k_test_000052__canonical__no_think,gsm8k_test_000052,no_think,canonical,,answer_segment,6,10,False,48,48,True,14.561211585998535,,ok,True,ok,15,15
exp_b,exp_b__gsm8k_test_000052__canonical__no_think,gsm8k_test_000052,no_think,canonical,,answer_segment,13,10,False,48,48,True,11.86910629272461,,ok,True,ok,15,15
exp_b,exp_b__gsm8k_test_000052__canonical__no_think,gsm8k_test_000052,no_think,canonical,,answer_segment,20,10,False,48,48,True,11.945320129394531,,ok,True,ok,15,15
exp_b,exp_b__gsm8k_test_000052__irrelevant_context__no_think,gsm8k_test_000052,no_think,irrelevant_context,,full_output,6,10,False,52,52,True,15.404669761657715,,ok,False,ok,15,30
exp_b,exp_b__gsm8k_test_000052__irrelevant_context__no_think,gsm8k_test_000052,no_think,irrelevant_context,,full_output,13,10,False,52,52,True,12.512483596801758,,ok,False,ok,15,30
exp_b,exp_b__gsm8k_test_000052__irrelevant_context__no_think,gsm8k_test_000052,no_think,irrelevant_context,,full_output,20,10,False,52,52,True,12.429734230041504,,ok,False,ok,15,30
exp_b,exp_b__gsm8k_test_000052__irrelevant_context__no_think,gsm8k_test_000052,no_think,irrelevant_context,,answer_segment,6,10,False,52,52,True,15.404669761657715,,ok,False,ok,15,30
exp_b,exp_b__gsm8k_test_000052__irrelevant_context__no_think,gsm8k_test_000052,no_think,irrelevant_context,,answer_segment,13,10,False,52,52,True,12.512483596801758,,ok,False,ok,15,30
exp_b,exp_b__gsm8k_test_000052__irrelevant_context__no_think,gsm8k_test_000052,no_think,irrelevant_context,,answer_segment,20,10,False,52,52,True,12.429734230041504,,ok,False,ok,15,30
exp_b,exp_b__gsm8k_test_000052__repetitive_filler__no_think,gsm8k_test_000052,no_think,repetitive_filler,,full_output,6,10,False,48,48,True,14.53856372833252,,ok,True,ok,15,15
exp_b,exp_b__gsm8k_test_000052__repetitive_filler__no_think,gsm8k_test_000052,no_think,repetitive_filler,,full_output,13,10,False,48,48,True,11.954655647277832,,ok,True,ok,15,15
exp_b,exp_b__gsm8k_test_000052__repetitive_filler__no_think,gsm8k_test_000052,no_think,repetitive_filler,,full_output,20,10,False,48,48,True,11.945618629455566,,ok,True,ok,15,15
exp_b,exp_b__gsm8k_test_000052__repetitive_filler__no_think,gsm8k_test_000052,no_think,repetitive_filler,,answer_segment,6,10,False,48,48,True,14.53856372833252,,ok,True,ok,15,15
exp_b,exp_b__gsm8k_test_000052__repetitive_filler__no_think,gsm8k_test_000052,no_think,repetitive_filler,,answer_segment,13,10,False,48,48,True,11.954655647277832,,ok,True,ok,15,15
exp_b,exp_b__gsm8k_test_000052__repetitive_filler__no_think,gsm8k_test_000052,no_think,repetitive_filler,,answer_segment,20,10,False,48,48,True,11.945618629455566,,ok,True,ok,15,15
exp_b,exp_b__gsm8k_test_000059__canonical__no_think,gsm8k_test_000059,no_think,canonical,,full_output,6,10,False,40,40,True,9.494758605957031,,ok,False,ok,187,77
exp_b,exp_b__gsm8k_test_000059__canonical__no_think,gsm8k_test_000059,no_think,canonical,,full_output,13,10,False,40,40,True,10.774800300598145,,ok,False,ok,187,77
exp_b,exp_b__gsm8k_test_000059__canonical__no_think,gsm8k_test_000059,no_think,canonical,,full_output,20,10,False,40,40,True,11.356534957885742,,ok,False,ok,187,77
exp_b,exp_b__gsm8k_test_000059__canonical__no_think,gsm8k_test_000059,no_think,canonical,,answer_segment,6,10,False,40,40,True,9.494758605957031,,ok,False,ok,187,77
exp_b,exp_b__gsm8k_test_000059__canonical__no_think,gsm8k_test_000059,no_think,canonical,,answer_segment,13,10,False,40,40,True,10.774800300598145,,ok,False,ok,187,77
exp_b,exp_b__gsm8k_test_000059__canonical__no_think,gsm8k_test_000059,no_think,canonical,,answer_segment,20,10,False,40,40,True,11.356534957885742,,ok,False,ok,187,77
exp_b,exp_b__gsm8k_test_000059__irrelevant_context__no_think,gsm8k_test_000059,no_think,irrelevant_context,,full_output,6,10,False,42,42,True,11.177446365356445,,ok,True,ok,187,187
exp_b,exp_b__gsm8k_test_000059__irrelevant_context__no_think,gsm8k_test_000059,no_think,irrelevant_context,,full_output,13,10,False,42,42,True,11.52934455871582,,ok,True,ok,187,187
exp_b,exp_b__gsm8k_test_000059__irrelevant_context__no_think,gsm8k_test_000059,no_think,irrelevant_context,,full_output,20,10,False,42,42,True,11.012706756591797,,ok,True,ok,187,187
exp_b,exp_b__gsm8k_test_000059__irrelevant_context__no_think,gsm8k_test_000059,no_think,irrelevant_context,,answer_segment,6,10,False,42,42,True,11.177446365356445,,ok,True,ok,187,187
exp_b,exp_b__gsm8k_test_000059__irrelevant_context__no_think,gsm8k_test_000059,no_think,irrelevant_context,,answer_segment,13,10,False,42,42,True,11.52934455871582,,ok,True,ok,187,187
exp_b,exp_b__gsm8k_test_000059__irrelevant_context__no_think,gsm8k_test_000059,no_think,irrelevant_context,,answer_segment,20,10,False,42,42,True,11.012706756591797,,ok,True,ok,187,187
exp_b,exp_b__gsm8k_test_000059__repetitive_filler__no_think,gsm8k_test_000059,no_think,repetitive_filler,,full_output,6,10,False,37,37,True,11.22364330291748,,ok,True,ok,187,187
exp_b,exp_b__gsm8k_test_000059__repetitive_filler__no_think,gsm8k_test_000059,no_think,repetitive_filler,,full_output,13,10,False,37,37,True,11.2139310836792,,ok,True,ok,187,187
exp_b,exp_b__gsm8k_test_000059__repetitive_filler__no_think,gsm8k_test_000059,no_think,repetitive_filler,,full_output,20,10,False,37,37,True,11.215278625488281,,ok,True,ok,187,187
exp_b,exp_b__gsm8k_test_000059__repetitive_filler__no_think,gsm8k_test_000059,no_think,repetitive_filler,,answer_segment,6,10,False,37,37,True,11.22364330291748,,ok,True,ok,187,187
exp_b,exp_b__gsm8k_test_000059__repetitive_filler__no_think,gsm8k_test_000059,no_think,repetitive_filler,,answer_segment,13,10,False,37,37,True,11.2139310836792,,ok,True,ok,187,187
exp_b,exp_b__gsm8k_test_000059__repetitive_filler__no_think,gsm8k_test_000059,no_think,repetitive_filler,,answer_segment,20,10,False,37,37,True,11.215278625488281,,ok,True,ok,187,187
exp_b,exp_b__gsm8k_test_000075__canonical__no_think,gsm8k_test_000075,no_think,canonical,,full_output,6,10,False,58,58,True,14.153068542480469,,ok,False,ok,60,64
exp_b,exp_b__gsm8k_test_000075__canonical__no_think,gsm8k_test_000075,no_think,canonical,,full_output,13,10,False,58,58,True,11.26840877532959,,ok,False,ok,60,64
exp_b,exp_b__gsm8k_test_000075__canonical__no_think,gsm8k_test_000075,no_think,canonical,,full_output,20,10,False,58,58,True,11.436832427978516,,ok,False,ok,60,64
exp_b,exp_b__gsm8k_test_000075__canonical__no_think,gsm8k_test_000075,no_think,canonical,,answer_segment,6,10,False,58,58,True,14.153068542480469,,ok,False,ok,60,64
exp_b,exp_b__gsm8k_test_000075__canonical__no_think,gsm8k_test_000075,no_think,canonical,,answer_segment,13,10,False,58,58,True,11.26840877532959,,ok,False,ok,60,64
exp_b,exp_b__gsm8k_test_000075__canonical__no_think,gsm8k_test_000075,no_think,canonical,,answer_segment,20,10,False,58,58,True,11.436832427978516,,ok,False,ok,60,64
exp_b,exp_b__gsm8k_test_000075__irrelevant_context__no_think,gsm8k_test_000075,no_think,irrelevant_context,,full_output,6,10,False,58,58,True,14.46192741394043,,ok,False,ok,60,64
exp_b,exp_b__gsm8k_test_000075__irrelevant_context__no_think,gsm8k_test_000075,no_think,irrelevant_context,,full_output,13,10,False,58,58,True,11.492125511169434,,ok,False,ok,60,64
exp_b,exp_b__gsm8k_test_000075__irrelevant_context__no_think,gsm8k_test_000075,no_think,irrelevant_context,,full_output,20,10,False,58,58,True,11.15727424621582,,ok,False,ok,60,64
exp_b,exp_b__gsm8k_test_000075__irrelevant_context__no_think,gsm8k_test_000075,no_think,irrelevant_context,,answer_segment,6,10,False,58,58,True,14.46192741394043,,ok,False,ok,60,64
exp_b,exp_b__gsm8k_test_000075__irrelevant_context__no_think,gsm8k_test_000075,no_think,irrelevant_context,,answer_segment,13,10,False,58,58,True,11.492125511169434,,ok,False,ok,60,64
exp_b,exp_b__gsm8k_test_000075__irrelevant_context__no_think,gsm8k_test_000075,no_think,irrelevant_context,,answer_segment,20,10,False,58,58,True,11.15727424621582,,ok,False,ok,60,64
exp_b,exp_b__gsm8k_test_000075__repetitive_filler__no_think,gsm8k_test_000075,no_think,repetitive_filler,,full_output,6,10,False,58,58,True,14.205270767211914,,ok,False,ok,60,64
exp_b,exp_b__gsm8k_test_000075__repetitive_filler__no_think,gsm8k_test_000075,no_think,repetitive_filler,,full_output,13,10,False,58,58,True,11.423781394958496,,ok,False,ok,60,64
exp_b,exp_b__gsm8k_test_000075__repetitive_filler__no_think,gsm8k_test_000075,no_think,repetitive_filler,,full_output,20,10,False,58,58,True,11.546248435974121,,ok,False,ok,60,64
exp_b,exp_b__gsm8k_test_000075__repetitive_filler__no_think,gsm8k_test_000075,no_think,repetitive_filler,,answer_segment,6,10,False,58,58,True,14.205270767211914,,ok,False,ok,60,64
exp_b,exp_b__gsm8k_test_000075__repetitive_filler__no_think,gsm8k_test_000075,no_think,repetitive_filler,,answer_segment,13,10,False,58,58,True,11.423781394958496,,ok,False,ok,60,64
exp_b,exp_b__gsm8k_test_000075__repetitive_filler__no_think,gsm8k_test_000075,no_think,repetitive_filler,,answer_segment,20,10,False,58,58,True,11.546248435974121,,ok,False,ok,60,64
exp_b,exp_b__gsm8k_test_000076__canonical__no_think,gsm8k_test_000076,no_think,canonical,,full_output,6,10,False,63,63,True,17.76346206665039,,ok,False,ok,5,1.636
exp_b,exp_b__gsm8k_test_000076__canonical__no_think,gsm8k_test_000076,no_think,canonical,,full_output,13,10,False,63,63,True,12.752583503723145,,ok,False,ok,5,1.636
exp_b,exp_b__gsm8k_test_000076__canonical__no_think,gsm8k_test_000076,no_think,canonical,,full_output,20,10,False,63,63,True,11.819025993347168,,ok,False,ok,5,1.636
exp_b,exp_b__gsm8k_test_000076__canonical__no_think,gsm8k_test_000076,no_think,canonical,,answer_segment,6,10,False,63,63,True,17.76346206665039,,ok,False,ok,5,1.636
exp_b,exp_b__gsm8k_test_000076__canonical__no_think,gsm8k_test_000076,no_think,canonical,,answer_segment,13,10,False,63,63,True,12.752583503723145,,ok,False,ok,5,1.636
exp_b,exp_b__gsm8k_test_000076__canonical__no_think,gsm8k_test_000076,no_think,canonical,,answer_segment,20,10,False,63,63,True,11.819025993347168,,ok,False,ok,5,1.636
exp_b,exp_b__gsm8k_test_000076__irrelevant_context__no_think,gsm8k_test_000076,no_think,irrelevant_context,,full_output,6,10,False,57,57,True,17.619213104248047,,ok,False,ok,5,1.636
exp_b,exp_b__gsm8k_test_000076__irrelevant_context__no_think,gsm8k_test_000076,no_think,irrelevant_context,,full_output,13,10,False,57,57,True,13.521291732788086,,ok,False,ok,5,1.636
exp_b,exp_b__gsm8k_test_000076__irrelevant_context__no_think,gsm8k_test_000076,no_think,irrelevant_context,,full_output,20,10,False,57,57,True,12.284303665161133,,ok,False,ok,5,1.636
exp_b,exp_b__gsm8k_test_000076__irrelevant_context__no_think,gsm8k_test_000076,no_think,irrelevant_context,,answer_segment,6,10,False,57,57,True,17.619213104248047,,ok,False,ok,5,1.636
exp_b,exp_b__gsm8k_test_000076__irrelevant_context__no_think,gsm8k_test_000076,no_think,irrelevant_context,,answer_segment,13,10,False,57,57,True,13.521291732788086,,ok,False,ok,5,1.636
exp_b,exp_b__gsm8k_test_000076__irrelevant_context__no_think,gsm8k_test_000076,no_think,irrelevant_context,,answer_segment,20,10,False,57,57,True,12.284303665161133,,ok,False,ok,5,1.636
exp_b,exp_b__gsm8k_test_000076__repetitive_filler__no_think,gsm8k_test_000076,no_think,repetitive_filler,,full_output,6,10,False,62,62,True,18.114248275756836,,ok,False,ok,5,1.636
exp_b,exp_b__gsm8k_test_000076__repetitive_filler__no_think,gsm8k_test_000076,no_think,repetitive_filler,,full_output,13,10,False,62,62,True,13.173613548278809,,ok,False,ok,5,1.636
exp_b,exp_b__gsm8k_test_000076__repetitive_filler__no_think,gsm8k_test_000076,no_think,repetitive_filler,,full_output,20,10,False,62,62,True,12.034177780151367,,ok,False,ok,5,1.636
exp_b,exp_b__gsm8k_test_000076__repetitive_filler__no_think,gsm8k_test_000076,no_think,repetitive_filler,,answer_segment,6,10,False,62,62,True,18.114248275756836,,ok,False,ok,5,1.636
exp_b,exp_b__gsm8k_test_000076__repetitive_filler__no_think,gsm8k_test_000076,no_think,repetitive_filler,,answer_segment,13,10,False,62,62,True,13.173613548278809,,ok,False,ok,5,1.636
exp_b,exp_b__gsm8k_test_000076__repetitive_filler__no_think,gsm8k_test_000076,no_think,repetitive_filler,,answer_segment,20,10,False,62,62,True,12.034177780151367,,ok,False,ok,5,1.636
exp_b,exp_b__gsm8k_test_000112__canonical__no_think,gsm8k_test_000112,no_think,canonical,,full_output,6,10,False,48,48,True,10.172093391418457,,ok,True,ok,24,24
exp_b,exp_b__gsm8k_test_000112__canonical__no_think,gsm8k_test_000112,no_think,canonical,,full_output,13,10,False,48,48,True,10.169540405273438,,ok,True,ok,24,24
exp_b,exp_b__gsm8k_test_000112__canonical__no_think,gsm8k_test_000112,no_think,canonical,,full_output,20,10,False,48,48,True,11.470572471618652,,ok,True,ok,24,24
exp_b,exp_b__gsm8k_test_000112__canonical__no_think,gsm8k_test_000112,no_think,canonical,,answer_segment,6,10,False,48,48,True,10.172093391418457,,ok,True,ok,24,24
exp_b,exp_b__gsm8k_test_000112__canonical__no_think,gsm8k_test_000112,no_think,canonical,,answer_segment,13,10,False,48,48,True,10.169540405273438,,ok,True,ok,24,24
exp_b,exp_b__gsm8k_test_000112__canonical__no_think,gsm8k_test_000112,no_think,canonical,,answer_segment,20,10,False,48,48,True,11.470572471618652,,ok,True,ok,24,24
exp_b,exp_b__gsm8k_test_000112__irrelevant_context__no_think,gsm8k_test_000112,no_think,irrelevant_context,,full_output,6,10,False,45,45,True,11.834870338439941,,ok,True,ok,24,24
exp_b,exp_b__gsm8k_test_000112__irrelevant_context__no_think,gsm8k_test_000112,no_think,irrelevant_context,,full_output,13,10,False,45,45,True,11.235779762268066,,ok,True,ok,24,24
exp_b,exp_b__gsm8k_test_000112__irrelevant_context__no_think,gsm8k_test_000112,no_think,irrelevant_context,,full_output,20,10,False,45,45,True,11.957926750183105,,ok,True,ok,24,24
exp_b,exp_b__gsm8k_test_000112__irrelevant_context__no_think,gsm8k_test_000112,no_think,irrelevant_context,,answer_segment,6,10,False,45,45,True,11.834870338439941,,ok,True,ok,24,24
exp_b,exp_b__gsm8k_test_000112__irrelevant_context__no_think,gsm8k_test_000112,no_think,irrelevant_context,,answer_segment,13,10,False,45,45,True,11.235779762268066,,ok,True,ok,24,24
exp_b,exp_b__gsm8k_test_000112__irrelevant_context__no_think,gsm8k_test_000112,no_think,irrelevant_context,,answer_segment,20,10,False,45,45,True,11.957926750183105,,ok,True,ok,24,24
exp_b,exp_b__gsm8k_test_000112__repetitive_filler__no_think,gsm8k_test_000112,no_think,repetitive_filler,,full_output,6,10,False,48,48,True,10.200575828552246,,ok,True,ok,24,24
exp_b,exp_b__gsm8k_test_000112__repetitive_filler__no_think,gsm8k_test_000112,no_think,repetitive_filler,,full_output,13,10,False,48,48,True,10.238104820251465,,ok,True,ok,24,24
exp_b,exp_b__gsm8k_test_000112__repetitive_filler__no_think,gsm8k_test_000112,no_think,repetitive_filler,,full_output,20,10,False,48,48,True,11.294405937194824,,ok,True,ok,24,24
exp_b,exp_b__gsm8k_test_000112__repetitive_filler__no_think,gsm8k_test_000112,no_think,repetitive_filler,,answer_segment,6,10,False,48,48,True,10.200575828552246,,ok,True,ok,24,24
exp_b,exp_b__gsm8k_test_000112__repetitive_filler__no_think,gsm8k_test_000112,no_think,repetitive_filler,,answer_segment,13,10,False,48,48,True,10.238104820251465,,ok,True,ok,24,24
exp_b,exp_b__gsm8k_test_000112__repetitive_filler__no_think,gsm8k_test_000112,no_think,repetitive_filler,,answer_segment,20,10,False,48,48,True,11.294405937194824,,ok,True,ok,24,24
exp_b,exp_b__gsm8k_test_000121__canonical__no_think,gsm8k_test_000121,no_think,canonical,,full_output,6,10,False,53,53,True,14.099759101867676,,ok,False,ok,27,23
exp_b,exp_b__gsm8k_test_000121__canonical__no_think,gsm8k_test_000121,no_think,canonical,,full_output,13,10,False,53,53,True,11.194253921508789,,ok,False,ok,27,23
exp_b,exp_b__gsm8k_test_000121__canonical__no_think,gsm8k_test_000121,no_think,canonical,,full_output,20,10,False,53,53,True,11.575977325439453,,ok,False,ok,27,23
exp_b,exp_b__gsm8k_test_000121__canonical__no_think,gsm8k_test_000121,no_think,canonical,,answer_segment,6,10,False,53,53,True,14.099759101867676,,ok,False,ok,27,23
exp_b,exp_b__gsm8k_test_000121__canonical__no_think,gsm8k_test_000121,no_think,canonical,,answer_segment,13,10,False,53,53,True,11.194253921508789,,ok,False,ok,27,23
exp_b,exp_b__gsm8k_test_000121__canonical__no_think,gsm8k_test_000121,no_think,canonical,,answer_segment,20,10,False,53,53,True,11.575977325439453,,ok,False,ok,27,23
exp_b,exp_b__gsm8k_test_000121__irrelevant_context__no_think,gsm8k_test_000121,no_think,irrelevant_context,,full_output,6,10,False,55,55,True,13.389097213745117,,ok,False,ok,27,25
exp_b,exp_b__gsm8k_test_000121__irrelevant_context__no_think,gsm8k_test_000121,no_think,irrelevant_context,,full_output,13,10,False,55,55,True,11.548001289367676,,ok,False,ok,27,25
exp_b,exp_b__gsm8k_test_000121__irrelevant_context__no_think,gsm8k_test_000121,no_think,irrelevant_context,,full_output,20,10,False,55,55,True,11.873961448669434,,ok,False,ok,27,25
exp_b,exp_b__gsm8k_test_000121__irrelevant_context__no_think,gsm8k_test_000121,no_think,irrelevant_context,,answer_segment,6,10,False,55,55,True,13.389097213745117,,ok,False,ok,27,25
exp_b,exp_b__gsm8k_test_000121__irrelevant_context__no_think,gsm8k_test_000121,no_think,irrelevant_context,,answer_segment,13,10,False,55,55,True,11.548001289367676,,ok,False,ok,27,25
exp_b,exp_b__gsm8k_test_000121__irrelevant_context__no_think,gsm8k_test_000121,no_think,irrelevant_context,,answer_segment,20,10,False,55,55,True,11.873961448669434,,ok,False,ok,27,25
exp_b,exp_b__gsm8k_test_000121__repetitive_filler__no_think,gsm8k_test_000121,no_think,repetitive_filler,,full_output,6,10,False,53,53,True,14.21597957611084,,ok,False,ok,27,25
exp_b,exp_b__gsm8k_test_000121__repetitive_filler__no_think,gsm8k_test_000121,no_think,repetitive_filler,,full_output,13,10,False,53,53,True,11.56727409362793,,ok,False,ok,27,25
exp_b,exp_b__gsm8k_test_000121__repetitive_filler__no_think,gsm8k_test_000121,no_think,repetitive_filler,,full_output,20,10,False,53,53,True,11.569775581359863,,ok,False,ok,27,25
exp_b,exp_b__gsm8k_test_000121__repetitive_filler__no_think,gsm8k_test_000121,no_think,repetitive_filler,,answer_segment,6,10,False,53,53,True,14.21597957611084,,ok,False,ok,27,25
exp_b,exp_b__gsm8k_test_000121__repetitive_filler__no_think,gsm8k_test_000121,no_think,repetitive_filler,,answer_segment,13,10,False,53,53,True,11.56727409362793,,ok,False,ok,27,25
exp_b,exp_b__gsm8k_test_000121__repetitive_filler__no_think,gsm8k_test_000121,no_think,repetitive_filler,,answer_segment,20,10,False,53,53,True,11.569775581359863,,ok,False,ok,27,25
exp_b,exp_b__gsm8k_test_000128__canonical__no_think,gsm8k_test_000128,no_think,canonical,,full_output,6,10,False,61,61,True,12.894164085388184,,ok,False,ok,880,430
exp_b,exp_b__gsm8k_test_000128__canonical__no_think,gsm8k_test_000128,no_think,canonical,,full_output,13,10,False,61,61,True,11.134389877319336,,ok,False,ok,880,430
exp_b,exp_b__gsm8k_test_000128__canonical__no_think,gsm8k_test_000128,no_think,canonical,,full_output,20,10,False,61,61,True,11.919995307922363,,ok,False,ok,880,430
exp_b,exp_b__gsm8k_test_000128__canonical__no_think,gsm8k_test_000128,no_think,canonical,,answer_segment,6,10,False,61,61,True,12.894164085388184,,ok,False,ok,880,430
exp_b,exp_b__gsm8k_test_000128__canonical__no_think,gsm8k_test_000128,no_think,canonical,,answer_segment,13,10,False,61,61,True,11.134389877319336,,ok,False,ok,880,430
exp_b,exp_b__gsm8k_test_000128__canonical__no_think,gsm8k_test_000128,no_think,canonical,,answer_segment,20,10,False,61,61,True,11.919995307922363,,ok,False,ok,880,430
exp_b,exp_b__gsm8k_test_000128__irrelevant_context__no_think,gsm8k_test_000128,no_think,irrelevant_context,,full_output,6,10,False,61,61,True,14.514715194702148,,ok,False,ok,880,440
exp_b,exp_b__gsm8k_test_000128__irrelevant_context__no_think,gsm8k_test_000128,no_think,irrelevant_context,,full_output,13,10,False,61,61,True,11.285344123840332,,ok,False,ok,880,440
exp_b,exp_b__gsm8k_test_000128__irrelevant_context__no_think,gsm8k_test_000128,no_think,irrelevant_context,,full_output,20,10,False,61,61,True,10.998477935791016,,ok,False,ok,880,440
exp_b,exp_b__gsm8k_test_000128__irrelevant_context__no_think,gsm8k_test_000128,no_think,irrelevant_context,,answer_segment,6,10,False,61,61,True,14.514715194702148,,ok,False,ok,880,440
exp_b,exp_b__gsm8k_test_000128__irrelevant_context__no_think,gsm8k_test_000128,no_think,irrelevant_context,,answer_segment,13,10,False,61,61,True,11.285344123840332,,ok,False,ok,880,440
exp_b,exp_b__gsm8k_test_000128__irrelevant_context__no_think,gsm8k_test_000128,no_think,irrelevant_context,,answer_segment,20,10,False,61,61,True,10.998477935791016,,ok,False,ok,880,440
exp_b,exp_b__gsm8k_test_000128__repetitive_filler__no_think,gsm8k_test_000128,no_think,repetitive_filler,,full_output,6,10,False,71,71,True,13.373211860656738,,ok,False,ok,880,470
exp_b,exp_b__gsm8k_test_000128__repetitive_filler__no_think,gsm8k_test_000128,no_think,repetitive_filler,,full_output,13,10,False,71,71,True,11.08790111541748,,ok,False,ok,880,470
exp_b,exp_b__gsm8k_test_000128__repetitive_filler__no_think,gsm8k_test_000128,no_think,repetitive_filler,,full_output,20,10,False,71,71,True,10.847014427185059,,ok,False,ok,880,470
exp_b,exp_b__gsm8k_test_000128__repetitive_filler__no_think,gsm8k_test_000128,no_think,repetitive_filler,,answer_segment,6,10,False,71,71,True,13.373211860656738,,ok,False,ok,880,470
exp_b,exp_b__gsm8k_test_000128__repetitive_filler__no_think,gsm8k_test_000128,no_think,repetitive_filler,,answer_segment,13,10,False,71,71,True,11.08790111541748,,ok,False,ok,880,470
exp_b,exp_b__gsm8k_test_000128__repetitive_filler__no_think,gsm8k_test_000128,no_think,repetitive_filler,,answer_segment,20,10,False,71,71,True,10.847014427185059,,ok,False,ok,880,470
exp_b,exp_b__gsm8k_test_000145__canonical__no_think,gsm8k_test_000145,no_think,canonical,,full_output,6,10,False,63,63,True,10.62574577331543,,ok,True,ok,4000,4000
exp_b,exp_b__gsm8k_test_000145__canonical__no_think,gsm8k_test_000145,no_think,canonical,,full_output,13,10,False,63,63,True,10.843290328979492,,ok,True,ok,4000,4000
exp_b,exp_b__gsm8k_test_000145__canonical__no_think,gsm8k_test_000145,no_think,canonical,,full_output,20,10,False,63,63,True,11.653084754943848,,ok,True,ok,4000,4000
exp_b,exp_b__gsm8k_test_000145__canonical__no_think,gsm8k_test_000145,no_think,canonical,,answer_segment,6,10,False,63,63,True,10.62574577331543,,ok,True,ok,4000,4000
exp_b,exp_b__gsm8k_test_000145__canonical__no_think,gsm8k_test_000145,no_think,canonical,,answer_segment,13,10,False,63,63,True,10.843290328979492,,ok,True,ok,4000,4000
exp_b,exp_b__gsm8k_test_000145__canonical__no_think,gsm8k_test_000145,no_think,canonical,,answer_segment,20,10,False,63,63,True,11.653084754943848,,ok,True,ok,4000,4000
exp_b,exp_b__gsm8k_test_000145__irrelevant_context__no_think,gsm8k_test_000145,no_think,irrelevant_context,,full_output,6,10,False,63,63,True,10.112909317016602,,ok,True,ok,4000,4000
exp_b,exp_b__gsm8k_test_000145__irrelevant_context__no_think,gsm8k_test_000145,no_think,irrelevant_context,,full_output,13,10,False,63,63,True,9.49873161315918,,ok,True,ok,4000,4000
exp_b,exp_b__gsm8k_test_000145__irrelevant_context__no_think,gsm8k_test_000145,no_think,irrelevant_context,,full_output,20,10,False,63,63,True,11.10236644744873,,ok,True,ok,4000,4000
exp_b,exp_b__gsm8k_test_000145__irrelevant_context__no_think,gsm8k_test_000145,no_think,irrelevant_context,,answer_segment,6,10,False,63,63,True,10.112909317016602,,ok,True,ok,4000,4000
exp_b,exp_b__gsm8k_test_000145__irrelevant_context__no_think,gsm8k_test_000145,no_think,irrelevant_context,,answer_segment,13,10,False,63,63,True,9.49873161315918,,ok,True,ok,4000,4000
exp_b,exp_b__gsm8k_test_000145__irrelevant_context__no_think,gsm8k_test_000145,no_think,irrelevant_context,,answer_segment,20,10,False,63,63,True,11.10236644744873,,ok,True,ok,4000,4000
exp_b,exp_b__gsm8k_test_000145__repetitive_filler__no_think,gsm8k_test_000145,no_think,repetitive_filler,,full_output,6,10,False,49,49,True,13.871561050415039,,ok,True,ok,4000,4000
exp_b,exp_b__gsm8k_test_000145__repetitive_filler__no_think,gsm8k_test_000145,no_think,repetitive_filler,,full_output,13,10,False,49,49,True,11.392667770385742,,ok,True,ok,4000,4000
exp_b,exp_b__gsm8k_test_000145__repetitive_filler__no_think,gsm8k_test_000145,no_think,repetitive_filler,,full_output,20,10,False,49,49,True,11.645718574523926,,ok,True,ok,4000,4000
exp_b,exp_b__gsm8k_test_000145__repetitive_filler__no_think,gsm8k_test_000145,no_think,repetitive_filler,,answer_segment,6,10,False,49,49,True,13.871561050415039,,ok,True,ok,4000,4000
exp_b,exp_b__gsm8k_test_000145__repetitive_filler__no_think,gsm8k_test_000145,no_think,repetitive_filler,,answer_segment,13,10,False,49,49,True,11.392667770385742,,ok,True,ok,4000,4000
exp_b,exp_b__gsm8k_test_000145__repetitive_filler__no_think,gsm8k_test_000145,no_think,repetitive_filler,,answer_segment,20,10,False,49,49,True,11.645718574523926,,ok,True,ok,4000,4000
exp_b,exp_b__gsm8k_test_000170__canonical__no_think,gsm8k_test_000170,no_think,canonical,,full_output,6,10,False,53,53,True,12.302657127380371,,ok,False,ok,150,125
exp_b,exp_b__gsm8k_test_000170__canonical__no_think,gsm8k_test_000170,no_think,canonical,,full_output,13,10,False,53,53,True,10.474311828613281,,ok,False,ok,150,125
exp_b,exp_b__gsm8k_test_000170__canonical__no_think,gsm8k_test_000170,no_think,canonical,,full_output,20,10,False,53,53,True,11.178723335266113,,ok,False,ok,150,125
exp_b,exp_b__gsm8k_test_000170__canonical__no_think,gsm8k_test_000170,no_think,canonical,,answer_segment,6,10,False,53,53,True,12.302657127380371,,ok,False,ok,150,125
exp_b,exp_b__gsm8k_test_000170__canonical__no_think,gsm8k_test_000170,no_think,canonical,,answer_segment,13,10,False,53,53,True,10.474311828613281,,ok,False,ok,150,125
exp_b,exp_b__gsm8k_test_000170__canonical__no_think,gsm8k_test_000170,no_think,canonical,,answer_segment,20,10,False,53,53,True,11.178723335266113,,ok,False,ok,150,125
exp_b,exp_b__gsm8k_test_000170__irrelevant_context__no_think,gsm8k_test_000170,no_think,irrelevant_context,,full_output,6,10,False,61,61,True,12.505598068237305,,ok,False,ok,150,125
exp_b,exp_b__gsm8k_test_000170__irrelevant_context__no_think,gsm8k_test_000170,no_think,irrelevant_context,,full_output,13,10,False,61,61,True,10.019270896911621,,ok,False,ok,150,125
exp_b,exp_b__gsm8k_test_000170__irrelevant_context__no_think,gsm8k_test_000170,no_think,irrelevant_context,,full_output,20,10,False,61,61,True,10.633430480957031,,ok,False,ok,150,125
exp_b,exp_b__gsm8k_test_000170__irrelevant_context__no_think,gsm8k_test_000170,no_think,irrelevant_context,,answer_segment,6,10,False,61,61,True,12.505598068237305,,ok,False,ok,150,125
exp_b,exp_b__gsm8k_test_000170__irrelevant_context__no_think,gsm8k_test_000170,no_think,irrelevant_context,,answer_segment,13,10,False,61,61,True,10.019270896911621,,ok,False,ok,150,125
exp_b,exp_b__gsm8k_test_000170__irrelevant_context__no_think,gsm8k_test_000170,no_think,irrelevant_context,,answer_segment,20,10,False,61,61,True,10.633430480957031,,ok,False,ok,150,125
exp_b,exp_b__gsm8k_test_000170__repetitive_filler__no_think,gsm8k_test_000170,no_think,repetitive_filler,,full_output,6,10,False,58,58,True,12.996695518493652,,ok,False,ok,150,125
exp_b,exp_b__gsm8k_test_000170__repetitive_filler__no_think,gsm8k_test_000170,no_think,repetitive_filler,,full_output,13,10,False,58,58,True,10.285614013671875,,ok,False,ok,150,125
exp_b,exp_b__gsm8k_test_000170__repetitive_filler__no_think,gsm8k_test_000170,no_think,repetitive_filler,,full_output,20,10,False,58,58,True,11.07166576385498,,ok,False,ok,150,125
exp_b,exp_b__gsm8k_test_000170__repetitive_filler__no_think,gsm8k_test_000170,no_think,repetitive_filler,,answer_segment,6,10,False,58,58,True,12.996695518493652,,ok,False,ok,150,125
exp_b,exp_b__gsm8k_test_000170__repetitive_filler__no_think,gsm8k_test_000170,no_think,repetitive_filler,,answer_segment,13,10,False,58,58,True,10.285614013671875,,ok,False,ok,150,125
exp_b,exp_b__gsm8k_test_000170__repetitive_filler__no_think,gsm8k_test_000170,no_think,repetitive_filler,,answer_segment,20,10,False,58,58,True,11.07166576385498,,ok,False,ok,150,125
exp_b,exp_b__gsm8k_test_000176__canonical__no_think,gsm8k_test_000176,no_think,canonical,,full_output,6,10,False,65,65,True,10.547131538391113,,ok,True,ok,100,100
exp_b,exp_b__gsm8k_test_000176__canonical__no_think,gsm8k_test_000176,no_think,canonical,,full_output,13,10,False,65,65,True,9.59013557434082,,ok,True,ok,100,100
exp_b,exp_b__gsm8k_test_000176__canonical__no_think,gsm8k_test_000176,no_think,canonical,,full_output,20,10,False,65,65,True,10.826339721679688,,ok,True,ok,100,100
exp_b,exp_b__gsm8k_test_000176__canonical__no_think,gsm8k_test_000176,no_think,canonical,,answer_segment,6,10,False,65,65,True,10.547131538391113,,ok,True,ok,100,100
exp_b,exp_b__gsm8k_test_000176__canonical__no_think,gsm8k_test_000176,no_think,canonical,,answer_segment,13,10,False,65,65,True,9.59013557434082,,ok,True,ok,100,100
exp_b,exp_b__gsm8k_test_000176__canonical__no_think,gsm8k_test_000176,no_think,canonical,,answer_segment,20,10,False,65,65,True,10.826339721679688,,ok,True,ok,100,100
exp_b,exp_b__gsm8k_test_000176__irrelevant_context__no_think,gsm8k_test_000176,no_think,irrelevant_context,,full_output,6,10,False,50,50,True,13.044020652770996,,ok,True,ok,100,100
exp_b,exp_b__gsm8k_test_000176__irrelevant_context__no_think,gsm8k_test_000176,no_think,irrelevant_context,,full_output,13,10,False,50,50,True,11.765490531921387,,ok,True,ok,100,100
exp_b,exp_b__gsm8k_test_000176__irrelevant_context__no_think,gsm8k_test_000176,no_think,irrelevant_context,,full_output,20,10,False,50,50,True,11.73900032043457,,ok,True,ok,100,100
exp_b,exp_b__gsm8k_test_000176__irrelevant_context__no_think,gsm8k_test_000176,no_think,irrelevant_context,,answer_segment,6,10,False,50,50,True,13.044020652770996,,ok,True,ok,100,100
exp_b,exp_b__gsm8k_test_000176__irrelevant_context__no_think,gsm8k_test_000176,no_think,irrelevant_context,,answer_segment,13,10,False,50,50,True,11.765490531921387,,ok,True,ok,100,100
exp_b,exp_b__gsm8k_test_000176__irrelevant_context__no_think,gsm8k_test_000176,no_think,irrelevant_context,,answer_segment,20,10,False,50,50,True,11.73900032043457,,ok,True,ok,100,100
exp_b,exp_b__gsm8k_test_000176__repetitive_filler__no_think,gsm8k_test_000176,no_think,repetitive_filler,,full_output,6,10,False,50,50,True,13.121360778808594,,ok,True,ok,100,100
exp_b,exp_b__gsm8k_test_000176__repetitive_filler__no_think,gsm8k_test_000176,no_think,repetitive_filler,,full_output,13,10,False,50,50,True,11.602804183959961,,ok,True,ok,100,100
exp_b,exp_b__gsm8k_test_000176__repetitive_filler__no_think,gsm8k_test_000176,no_think,repetitive_filler,,full_output,20,10,False,50,50,True,11.647122383117676,,ok,True,ok,100,100
exp_b,exp_b__gsm8k_test_000176__repetitive_filler__no_think,gsm8k_test_000176,no_think,repetitive_filler,,answer_segment,6,10,False,50,50,True,13.121360778808594,,ok,True,ok,100,100
exp_b,exp_b__gsm8k_test_000176__repetitive_filler__no_think,gsm8k_test_000176,no_think,repetitive_filler,,answer_segment,13,10,False,50,50,True,11.602804183959961,,ok,True,ok,100,100
exp_b,exp_b__gsm8k_test_000176__repetitive_filler__no_think,gsm8k_test_000176,no_think,repetitive_filler,,answer_segment,20,10,False,50,50,True,11.647122383117676,,ok,True,ok,100,100
exp_b,exp_b__gsm8k_test_000197__canonical__no_think,gsm8k_test_000197,no_think,canonical,,full_output,6,10,False,52,52,True,12.531025886535645,,ok,True,ok,6277,6277
exp_b,exp_b__gsm8k_test_000197__canonical__no_think,gsm8k_test_000197,no_think,canonical,,full_output,13,10,False,52,52,True,10.23213005065918,,ok,True,ok,6277,6277
exp_b,exp_b__gsm8k_test_000197__canonical__no_think,gsm8k_test_000197,no_think,canonical,,full_output,20,10,False,52,52,True,10.734086990356445,,ok,True,ok,6277,6277
exp_b,exp_b__gsm8k_test_000197__canonical__no_think,gsm8k_test_000197,no_think,canonical,,answer_segment,6,10,False,52,52,True,12.531025886535645,,ok,True,ok,6277,6277
exp_b,exp_b__gsm8k_test_000197__canonical__no_think,gsm8k_test_000197,no_think,canonical,,answer_segment,13,10,False,52,52,True,10.23213005065918,,ok,True,ok,6277,6277
exp_b,exp_b__gsm8k_test_000197__canonical__no_think,gsm8k_test_000197,no_think,canonical,,answer_segment,20,10,False,52,52,True,10.734086990356445,,ok,True,ok,6277,6277
exp_b,exp_b__gsm8k_test_000197__irrelevant_context__no_think,gsm8k_test_000197,no_think,irrelevant_context,,full_output,6,10,False,54,54,True,12.79752254486084,,ok,True,ok,6277,6277
exp_b,exp_b__gsm8k_test_000197__irrelevant_context__no_think,gsm8k_test_000197,no_think,irrelevant_context,,full_output,13,10,False,54,54,True,10.637933731079102,,ok,True,ok,6277,6277
exp_b,exp_b__gsm8k_test_000197__irrelevant_context__no_think,gsm8k_test_000197,no_think,irrelevant_context,,full_output,20,10,False,54,54,True,11.189775466918945,,ok,True,ok,6277,6277
exp_b,exp_b__gsm8k_test_000197__irrelevant_context__no_think,gsm8k_test_000197,no_think,irrelevant_context,,answer_segment,6,10,False,54,54,True,12.79752254486084,,ok,True,ok,6277,6277
exp_b,exp_b__gsm8k_test_000197__irrelevant_context__no_think,gsm8k_test_000197,no_think,irrelevant_context,,answer_segment,13,10,False,54,54,True,10.637933731079102,,ok,True,ok,6277,6277
exp_b,exp_b__gsm8k_test_000197__irrelevant_context__no_think,gsm8k_test_000197,no_think,irrelevant_context,,answer_segment,20,10,False,54,54,True,11.189775466918945,,ok,True,ok,6277,6277
exp_b,exp_b__gsm8k_test_000197__repetitive_filler__no_think,gsm8k_test_000197,no_think,repetitive_filler,,full_output,6,10,False,53,53,True,12.721529960632324,,ok,True,ok,6277,6277
exp_b,exp_b__gsm8k_test_000197__repetitive_filler__no_think,gsm8k_test_000197,no_think,repetitive_filler,,full_output,13,10,False,53,53,True,10.533007621765137,,ok,True,ok,6277,6277
exp_b,exp_b__gsm8k_test_000197__repetitive_filler__no_think,gsm8k_test_000197,no_think,repetitive_filler,,full_output,20,10,False,53,53,True,10.990002632141113,,ok,True,ok,6277,6277
exp_b,exp_b__gsm8k_test_000197__repetitive_filler__no_think,gsm8k_test_000197,no_think,repetitive_filler,,answer_segment,6,10,False,53,53,True,12.721529960632324,,ok,True,ok,6277,6277
exp_b,exp_b__gsm8k_test_000197__repetitive_filler__no_think,gsm8k_test_000197,no_think,repetitive_filler,,answer_segment,13,10,False,53,53,True,10.533007621765137,,ok,True,ok,6277,6277
exp_b,exp_b__gsm8k_test_000197__repetitive_filler__no_think,gsm8k_test_000197,no_think,repetitive_filler,,answer_segment,20,10,False,53,53,True,10.990002632141113,,ok,True,ok,6277,6277
exp_b,exp_b__gsm8k_test_000204__canonical__no_think,gsm8k_test_000204,no_think,canonical,,full_output,6,10,False,52,52,True,12.808160781860352,,ok,False,ok,98,94
exp_b,exp_b__gsm8k_test_000204__canonical__no_think,gsm8k_test_000204,no_think,canonical,,full_output,13,10,False,52,52,True,11.023950576782227,,ok,False,ok,98,94
exp_b,exp_b__gsm8k_test_000204__canonical__no_think,gsm8k_test_000204,no_think,canonical,,full_output,20,10,False,52,52,True,10.891298294067383,,ok,False,ok,98,94
exp_b,exp_b__gsm8k_test_000204__canonical__no_think,gsm8k_test_000204,no_think,canonical,,answer_segment,6,10,False,52,52,True,12.808160781860352,,ok,False,ok,98,94
exp_b,exp_b__gsm8k_test_000204__canonical__no_think,gsm8k_test_000204,no_think,canonical,,answer_segment,13,10,False,52,52,True,11.023950576782227,,ok,False,ok,98,94
exp_b,exp_b__gsm8k_test_000204__canonical__no_think,gsm8k_test_000204,no_think,canonical,,answer_segment,20,10,False,52,52,True,10.891298294067383,,ok,False,ok,98,94
exp_b,exp_b__gsm8k_test_000204__irrelevant_context__no_think,gsm8k_test_000204,no_think,irrelevant_context,,full_output,6,10,False,49,49,True,12.706438064575195,,ok,False,ok,98,88
exp_b,exp_b__gsm8k_test_000204__irrelevant_context__no_think,gsm8k_test_000204,no_think,irrelevant_context,,full_output,13,10,False,49,49,True,11.724127769470215,,ok,False,ok,98,88
exp_b,exp_b__gsm8k_test_000204__irrelevant_context__no_think,gsm8k_test_000204,no_think,irrelevant_context,,full_output,20,10,False,49,49,True,11.42088508605957,,ok,False,ok,98,88
exp_b,exp_b__gsm8k_test_000204__irrelevant_context__no_think,gsm8k_test_000204,no_think,irrelevant_context,,answer_segment,6,10,False,49,49,True,12.706438064575195,,ok,False,ok,98,88
exp_b,exp_b__gsm8k_test_000204__irrelevant_context__no_think,gsm8k_test_000204,no_think,irrelevant_context,,answer_segment,13,10,False,49,49,True,11.724127769470215,,ok,False,ok,98,88
exp_b,exp_b__gsm8k_test_000204__irrelevant_context__no_think,gsm8k_test_000204,no_think,irrelevant_context,,answer_segment,20,10,False,49,49,True,11.42088508605957,,ok,False,ok,98,88
exp_b,exp_b__gsm8k_test_000204__repetitive_filler__no_think,gsm8k_test_000204,no_think,repetitive_filler,,full_output,6,10,False,53,53,True,13.198031425476074,,ok,False,ok,98,94
exp_b,exp_b__gsm8k_test_000204__repetitive_filler__no_think,gsm8k_test_000204,no_think,repetitive_filler,,full_output,13,10,False,53,53,True,10.654650688171387,,ok,False,ok,98,94
exp_b,exp_b__gsm8k_test_000204__repetitive_filler__no_think,gsm8k_test_000204,no_think,repetitive_filler,,full_output,20,10,False,53,53,True,10.63853931427002,,ok,False,ok,98,94
exp_b,exp_b__gsm8k_test_000204__repetitive_filler__no_think,gsm8k_test_000204,no_think,repetitive_filler,,answer_segment,6,10,False,53,53,True,13.198031425476074,,ok,False,ok,98,94
exp_b,exp_b__gsm8k_test_000204__repetitive_filler__no_think,gsm8k_test_000204,no_think,repetitive_filler,,answer_segment,13,10,False,53,53,True,10.654650688171387,,ok,False,ok,98,94
exp_b,exp_b__gsm8k_test_000204__repetitive_filler__no_think,gsm8k_test_000204,no_think,repetitive_filler,,answer_segment,20,10,False,53,53,True,10.63853931427002,,ok,False,ok,98,94
exp_b,exp_b__gsm8k_test_000209__canonical__no_think,gsm8k_test_000209,no_think,canonical,,full_output,6,10,False,61,61,True,12.659561157226562,,ok,False,ok,145,250
exp_b,exp_b__gsm8k_test_000209__canonical__no_think,gsm8k_test_000209,no_think,canonical,,full_output,13,10,False,61,61,True,11.151467323303223,,ok,False,ok,145,250
exp_b,exp_b__gsm8k_test_000209__canonical__no_think,gsm8k_test_000209,no_think,canonical,,full_output,20,10,False,61,61,True,11.463001251220703,,ok,False,ok,145,250
exp_b,exp_b__gsm8k_test_000209__canonical__no_think,gsm8k_test_000209,no_think,canonical,,answer_segment,6,10,False,61,61,True,12.659561157226562,,ok,False,ok,145,250
exp_b,exp_b__gsm8k_test_000209__canonical__no_think,gsm8k_test_000209,no_think,canonical,,answer_segment,13,10,False,61,61,True,11.151467323303223,,ok,False,ok,145,250
exp_b,exp_b__gsm8k_test_000209__canonical__no_think,gsm8k_test_000209,no_think,canonical,,answer_segment,20,10,False,61,61,True,11.463001251220703,,ok,False,ok,145,250
exp_b,exp_b__gsm8k_test_000209__irrelevant_context__no_think,gsm8k_test_000209,no_think,irrelevant_context,,full_output,6,10,False,65,65,True,13.640314102172852,,ok,False,ok,145,500
exp_b,exp_b__gsm8k_test_000209__irrelevant_context__no_think,gsm8k_test_000209,no_think,irrelevant_context,,full_output,13,10,False,65,65,True,11.091399192810059,,ok,False,ok,145,500
exp_b,exp_b__gsm8k_test_000209__irrelevant_context__no_think,gsm8k_test_000209,no_think,irrelevant_context,,full_output,20,10,False,65,65,True,11.560236930847168,,ok,False,ok,145,500
exp_b,exp_b__gsm8k_test_000209__irrelevant_context__no_think,gsm8k_test_000209,no_think,irrelevant_context,,answer_segment,6,10,False,65,65,True,13.640314102172852,,ok,False,ok,145,500
exp_b,exp_b__gsm8k_test_000209__irrelevant_context__no_think,gsm8k_test_000209,no_think,irrelevant_context,,answer_segment,13,10,False,65,65,True,11.091399192810059,,ok,False,ok,145,500
exp_b,exp_b__gsm8k_test_000209__irrelevant_context__no_think,gsm8k_test_000209,no_think,irrelevant_context,,answer_segment,20,10,False,65,65,True,11.560236930847168,,ok,False,ok,145,500
exp_b,exp_b__gsm8k_test_000209__repetitive_filler__no_think,gsm8k_test_000209,no_think,repetitive_filler,,full_output,6,10,False,70,70,True,14.503901481628418,,ok,False,ok,145,250
exp_b,exp_b__gsm8k_test_000209__repetitive_filler__no_think,gsm8k_test_000209,no_think,repetitive_filler,,full_output,13,10,False,70,70,True,12.564300537109375,,ok,False,ok,145,250
exp_b,exp_b__gsm8k_test_000209__repetitive_filler__no_think,gsm8k_test_000209,no_think,repetitive_filler,,full_output,20,10,False,70,70,True,12.89984130859375,,ok,False,ok,145,250
exp_b,exp_b__gsm8k_test_000209__repetitive_filler__no_think,gsm8k_test_000209,no_think,repetitive_filler,,answer_segment,6,10,False,70,70,True,14.503901481628418,,ok,False,ok,145,250
exp_b,exp_b__gsm8k_test_000209__repetitive_filler__no_think,gsm8k_test_000209,no_think,repetitive_filler,,answer_segment,13,10,False,70,70,True,12.564300537109375,,ok,False,ok,145,250
exp_b,exp_b__gsm8k_test_000209__repetitive_filler__no_think,gsm8k_test_000209,no_think,repetitive_filler,,answer_segment,20,10,False,70,70,True,12.89984130859375,,ok,False,ok,145,250
exp_b,exp_b__gsm8k_test_000216__canonical__no_think,gsm8k_test_000216,no_think,canonical,,full_output,6,10,False,47,47,True,13.778838157653809,,ok,False,ok,220,140
exp_b,exp_b__gsm8k_test_000216__canonical__no_think,gsm8k_test_000216,no_think,canonical,,full_output,13,10,False,47,47,True,10.67861270904541,,ok,False,ok,220,140
exp_b,exp_b__gsm8k_test_000216__canonical__no_think,gsm8k_test_000216,no_think,canonical,,full_output,20,10,False,47,47,True,10.953911781311035,,ok,False,ok,220,140
exp_b,exp_b__gsm8k_test_000216__canonical__no_think,gsm8k_test_000216,no_think,canonical,,answer_segment,6,10,False,47,47,True,13.778838157653809,,ok,False,ok,220,140
exp_b,exp_b__gsm8k_test_000216__canonical__no_think,gsm8k_test_000216,no_think,canonical,,answer_segment,13,10,False,47,47,True,10.67861270904541,,ok,False,ok,220,140
exp_b,exp_b__gsm8k_test_000216__canonical__no_think,gsm8k_test_000216,no_think,canonical,,answer_segment,20,10,False,47,47,True,10.953911781311035,,ok,False,ok,220,140
exp_b,exp_b__gsm8k_test_000216__irrelevant_context__no_think,gsm8k_test_000216,no_think,irrelevant_context,,full_output,6,10,False,58,58,True,15.62822151184082,,ok,False,ok,220,100
exp_b,exp_b__gsm8k_test_000216__irrelevant_context__no_think,gsm8k_test_000216,no_think,irrelevant_context,,full_output,13,10,False,58,58,True,11.953130722045898,,ok,False,ok,220,100
exp_b,exp_b__gsm8k_test_000216__irrelevant_context__no_think,gsm8k_test_000216,no_think,irrelevant_context,,full_output,20,10,False,58,58,True,12.128000259399414,,ok,False,ok,220,100
exp_b,exp_b__gsm8k_test_000216__irrelevant_context__no_think,gsm8k_test_000216,no_think,irrelevant_context,,answer_segment,6,10,False,58,58,True,15.62822151184082,,ok,False,ok,220,100
exp_b,exp_b__gsm8k_test_000216__irrelevant_context__no_think,gsm8k_test_000216,no_think,irrelevant_context,,answer_segment,13,10,False,58,58,True,11.953130722045898,,ok,False,ok,220,100
exp_b,exp_b__gsm8k_test_000216__irrelevant_context__no_think,gsm8k_test_000216,no_think,irrelevant_context,,answer_segment,20,10,False,58,58,True,12.128000259399414,,ok,False,ok,220,100
exp_b,exp_b__gsm8k_test_000216__repetitive_filler__no_think,gsm8k_test_000216,no_think,repetitive_filler,,full_output,6,10,False,49,49,True,14.863362312316895,,ok,False,ok,220,250
exp_b,exp_b__gsm8k_test_000216__repetitive_filler__no_think,gsm8k_test_000216,no_think,repetitive_filler,,full_output,13,10,False,49,49,True,12.152641296386719,,ok,False,ok,220,250
exp_b,exp_b__gsm8k_test_000216__repetitive_filler__no_think,gsm8k_test_000216,no_think,repetitive_filler,,full_output,20,10,False,49,49,True,12.752702713012695,,ok,False,ok,220,250
exp_b,exp_b__gsm8k_test_000216__repetitive_filler__no_think,gsm8k_test_000216,no_think,repetitive_filler,,answer_segment,6,10,False,49,49,True,14.863362312316895,,ok,False,ok,220,250
exp_b,exp_b__gsm8k_test_000216__repetitive_filler__no_think,gsm8k_test_000216,no_think,repetitive_filler,,answer_segment,13,10,False,49,49,True,12.152641296386719,,ok,False,ok,220,250
exp_b,exp_b__gsm8k_test_000216__repetitive_filler__no_think,gsm8k_test_000216,no_think,repetitive_filler,,answer_segment,20,10,False,49,49,True,12.752702713012695,,ok,False,ok,220,250
exp_b,exp_b__gsm8k_test_000225__canonical__no_think,gsm8k_test_000225,no_think,canonical,,full_output,6,10,False,36,36,True,9.917110443115234,,ok,True,ok,9,9
exp_b,exp_b__gsm8k_test_000225__canonical__no_think,gsm8k_test_000225,no_think,canonical,,full_output,13,10,False,36,36,True,11.101797103881836,,ok,True,ok,9,9
exp_b,exp_b__gsm8k_test_000225__canonical__no_think,gsm8k_test_000225,no_think,canonical,,full_output,20,10,False,36,36,True,11.189980506896973,,ok,True,ok,9,9
exp_b,exp_b__gsm8k_test_000225__canonical__no_think,gsm8k_test_000225,no_think,canonical,,answer_segment,6,10,False,36,36,True,9.917110443115234,,ok,True,ok,9,9
exp_b,exp_b__gsm8k_test_000225__canonical__no_think,gsm8k_test_000225,no_think,canonical,,answer_segment,13,10,False,36,36,True,11.101797103881836,,ok,True,ok,9,9
exp_b,exp_b__gsm8k_test_000225__canonical__no_think,gsm8k_test_000225,no_think,canonical,,answer_segment,20,10,False,36,36,True,11.189980506896973,,ok,True,ok,9,9
exp_b,exp_b__gsm8k_test_000225__irrelevant_context__no_think,gsm8k_test_000225,no_think,irrelevant_context,,full_output,6,10,False,40,40,True,10.876145362854004,,ok,True,ok,9,9
exp_b,exp_b__gsm8k_test_000225__irrelevant_context__no_think,gsm8k_test_000225,no_think,irrelevant_context,,full_output,13,10,False,40,40,True,11.012471199035645,,ok,True,ok,9,9
exp_b,exp_b__gsm8k_test_000225__irrelevant_context__no_think,gsm8k_test_000225,no_think,irrelevant_context,,full_output,20,10,False,40,40,True,11.7962007522583,,ok,True,ok,9,9
exp_b,exp_b__gsm8k_test_000225__irrelevant_context__no_think,gsm8k_test_000225,no_think,irrelevant_context,,answer_segment,6,10,False,40,40,True,10.876145362854004,,ok,True,ok,9,9
exp_b,exp_b__gsm8k_test_000225__irrelevant_context__no_think,gsm8k_test_000225,no_think,irrelevant_context,,answer_segment,13,10,False,40,40,True,11.012471199035645,,ok,True,ok,9,9
exp_b,exp_b__gsm8k_test_000225__irrelevant_context__no_think,gsm8k_test_000225,no_think,irrelevant_context,,answer_segment,20,10,False,40,40,True,11.7962007522583,,ok,True,ok,9,9
exp_b,exp_b__gsm8k_test_000225__repetitive_filler__no_think,gsm8k_test_000225,no_think,repetitive_filler,,full_output,6,10,False,36,36,True,10.967644691467285,,ok,True,ok,9,9
exp_b,exp_b__gsm8k_test_000225__repetitive_filler__no_think,gsm8k_test_000225,no_think,repetitive_filler,,full_output,13,10,False,36,36,True,10.984322547912598,,ok,True,ok,9,9
exp_b,exp_b__gsm8k_test_000225__repetitive_filler__no_think,gsm8k_test_000225,no_think,repetitive_filler,,full_output,20,10,False,36,36,True,11.319075584411621,,ok,True,ok,9,9
exp_b,exp_b__gsm8k_test_000225__repetitive_filler__no_think,gsm8k_test_000225,no_think,repetitive_filler,,answer_segment,6,10,False,36,36,True,10.967644691467285,,ok,True,ok,9,9
exp_b,exp_b__gsm8k_test_000225__repetitive_filler__no_think,gsm8k_test_000225,no_think,repetitive_filler,,answer_segment,13,10,False,36,36,True,10.984322547912598,,ok,True,ok,9,9
exp_b,exp_b__gsm8k_test_000225__repetitive_filler__no_think,gsm8k_test_000225,no_think,repetitive_filler,,answer_segment,20,10,False,36,36,True,11.319075584411621,,ok,True,ok,9,9
exp_b,exp_b__gsm8k_test_000226__canonical__no_think,gsm8k_test_000226,no_think,canonical,,full_output,6,10,False,65,65,True,13.776239395141602,,ok,True,ok,33,33
exp_b,exp_b__gsm8k_test_000226__canonical__no_think,gsm8k_test_000226,no_think,canonical,,full_output,13,10,False,65,65,True,10.758416175842285,,ok,True,ok,33,33
exp_b,exp_b__gsm8k_test_000226__canonical__no_think,gsm8k_test_000226,no_think,canonical,,full_output,20,10,False,65,65,True,11.415337562561035,,ok,True,ok,33,33
exp_b,exp_b__gsm8k_test_000226__canonical__no_think,gsm8k_test_000226,no_think,canonical,,answer_segment,6,10,False,65,65,True,13.776239395141602,,ok,True,ok,33,33
exp_b,exp_b__gsm8k_test_000226__canonical__no_think,gsm8k_test_000226,no_think,canonical,,answer_segment,13,10,False,65,65,True,10.758416175842285,,ok,True,ok,33,33
exp_b,exp_b__gsm8k_test_000226__canonical__no_think,gsm8k_test_000226,no_think,canonical,,answer_segment,20,10,False,65,65,True,11.415337562561035,,ok,True,ok,33,33
exp_b,exp_b__gsm8k_test_000226__irrelevant_context__no_think,gsm8k_test_000226,no_think,irrelevant_context,,full_output,6,10,False,67,67,True,13.663965225219727,,ok,False,ok,33,25
exp_b,exp_b__gsm8k_test_000226__irrelevant_context__no_think,gsm8k_test_000226,no_think,irrelevant_context,,full_output,13,10,False,67,67,True,10.264904975891113,,ok,False,ok,33,25
exp_b,exp_b__gsm8k_test_000226__irrelevant_context__no_think,gsm8k_test_000226,no_think,irrelevant_context,,full_output,20,10,False,67,67,True,11.21579647064209,,ok,False,ok,33,25
exp_b,exp_b__gsm8k_test_000226__irrelevant_context__no_think,gsm8k_test_000226,no_think,irrelevant_context,,answer_segment,6,10,False,67,67,True,13.663965225219727,,ok,False,ok,33,25
exp_b,exp_b__gsm8k_test_000226__irrelevant_context__no_think,gsm8k_test_000226,no_think,irrelevant_context,,answer_segment,13,10,False,67,67,True,10.264904975891113,,ok,False,ok,33,25
exp_b,exp_b__gsm8k_test_000226__irrelevant_context__no_think,gsm8k_test_000226,no_think,irrelevant_context,,answer_segment,20,10,False,67,67,True,11.21579647064209,,ok,False,ok,33,25
exp_b,exp_b__gsm8k_test_000226__repetitive_filler__no_think,gsm8k_test_000226,no_think,repetitive_filler,,full_output,6,10,False,65,65,True,13.673868179321289,,ok,True,ok,33,33
exp_b,exp_b__gsm8k_test_000226__repetitive_filler__no_think,gsm8k_test_000226,no_think,repetitive_filler,,full_output,13,10,False,65,65,True,10.545586585998535,,ok,True,ok,33,33
exp_b,exp_b__gsm8k_test_000226__repetitive_filler__no_think,gsm8k_test_000226,no_think,repetitive_filler,,full_output,20,10,False,65,65,True,11.286718368530273,,ok,True,ok,33,33
exp_b,exp_b__gsm8k_test_000226__repetitive_filler__no_think,gsm8k_test_000226,no_think,repetitive_filler,,answer_segment,6,10,False,65,65,True,13.673868179321289,,ok,True,ok,33,33
exp_b,exp_b__gsm8k_test_000226__repetitive_filler__no_think,gsm8k_test_000226,no_think,repetitive_filler,,answer_segment,13,10,False,65,65,True,10.545586585998535,,ok,True,ok,33,33
exp_b,exp_b__gsm8k_test_000226__repetitive_filler__no_think,gsm8k_test_000226,no_think,repetitive_filler,,answer_segment,20,10,False,65,65,True,11.286718368530273,,ok,True,ok,33,33
exp_b,exp_b__gsm8k_test_000235__canonical__no_think,gsm8k_test_000235,no_think,canonical,,full_output,6,10,False,51,51,True,12.689970970153809,,ok,True,ok,10,10
exp_b,exp_b__gsm8k_test_000235__canonical__no_think,gsm8k_test_000235,no_think,canonical,,full_output,13,10,False,51,51,True,11.774084091186523,,ok,True,ok,10,10
exp_b,exp_b__gsm8k_test_000235__canonical__no_think,gsm8k_test_000235,no_think,canonical,,full_output,20,10,False,51,51,True,11.405643463134766,,ok,True,ok,10,10
exp_b,exp_b__gsm8k_test_000235__canonical__no_think,gsm8k_test_000235,no_think,canonical,,answer_segment,6,10,False,51,51,True,12.689970970153809,,ok,True,ok,10,10
exp_b,exp_b__gsm8k_test_000235__canonical__no_think,gsm8k_test_000235,no_think,canonical,,answer_segment,13,10,False,51,51,True,11.774084091186523,,ok,True,ok,10,10
exp_b,exp_b__gsm8k_test_000235__canonical__no_think,gsm8k_test_000235,no_think,canonical,,answer_segment,20,10,False,51,51,True,11.405643463134766,,ok,True,ok,10,10
exp_b,exp_b__gsm8k_test_000235__irrelevant_context__no_think,gsm8k_test_000235,no_think,irrelevant_context,,full_output,6,10,False,51,51,True,12.752305030822754,,ok,True,ok,10,10
exp_b,exp_b__gsm8k_test_000235__irrelevant_context__no_think,gsm8k_test_000235,no_think,irrelevant_context,,full_output,13,10,False,51,51,True,12.14661979675293,,ok,True,ok,10,10
exp_b,exp_b__gsm8k_test_000235__irrelevant_context__no_think,gsm8k_test_000235,no_think,irrelevant_context,,full_output,20,10,False,51,51,True,12.333312034606934,,ok,True,ok,10,10
exp_b,exp_b__gsm8k_test_000235__irrelevant_context__no_think,gsm8k_test_000235,no_think,irrelevant_context,,answer_segment,6,10,False,51,51,True,12.752305030822754,,ok,True,ok,10,10
exp_b,exp_b__gsm8k_test_000235__irrelevant_context__no_think,gsm8k_test_000235,no_think,irrelevant_context,,answer_segment,13,10,False,51,51,True,12.14661979675293,,ok,True,ok,10,10
exp_b,exp_b__gsm8k_test_000235__irrelevant_context__no_think,gsm8k_test_000235,no_think,irrelevant_context,,answer_segment,20,10,False,51,51,True,12.333312034606934,,ok,True,ok,10,10
exp_b,exp_b__gsm8k_test_000235__repetitive_filler__no_think,gsm8k_test_000235,no_think,repetitive_filler,,full_output,6,10,False,41,41,True,11.944944381713867,,ok,True,ok,10,10
exp_b,exp_b__gsm8k_test_000235__repetitive_filler__no_think,gsm8k_test_000235,no_think,repetitive_filler,,full_output,13,10,False,41,41,True,11.580422401428223,,ok,True,ok,10,10
exp_b,exp_b__gsm8k_test_000235__repetitive_filler__no_think,gsm8k_test_000235,no_think,repetitive_filler,,full_output,20,10,False,41,41,True,11.708063125610352,,ok,True,ok,10,10
exp_b,exp_b__gsm8k_test_000235__repetitive_filler__no_think,gsm8k_test_000235,no_think,repetitive_filler,,answer_segment,6,10,False,41,41,True,11.944944381713867,,ok,True,ok,10,10
exp_b,exp_b__gsm8k_test_000235__repetitive_filler__no_think,gsm8k_test_000235,no_think,repetitive_filler,,answer_segment,13,10,False,41,41,True,11.580422401428223,,ok,True,ok,10,10
exp_b,exp_b__gsm8k_test_000235__repetitive_filler__no_think,gsm8k_test_000235,no_think,repetitive_filler,,answer_segment,20,10,False,41,41,True,11.708063125610352,,ok,True,ok,10,10
exp_b,exp_b__gsm8k_test_000246__canonical__no_think,gsm8k_test_000246,no_think,canonical,,full_output,6,10,False,51,51,True,13.431528091430664,,ok,True,ok,27000,27000
exp_b,exp_b__gsm8k_test_000246__canonical__no_think,gsm8k_test_000246,no_think,canonical,,full_output,13,10,False,51,51,True,10.255776405334473,,ok,True,ok,27000,27000
exp_b,exp_b__gsm8k_test_000246__canonical__no_think,gsm8k_test_000246,no_think,canonical,,full_output,20,10,False,51,51,True,11.270203590393066,,ok,True,ok,27000,27000
exp_b,exp_b__gsm8k_test_000246__canonical__no_think,gsm8k_test_000246,no_think,canonical,,answer_segment,6,10,False,51,51,True,13.431528091430664,,ok,True,ok,27000,27000
exp_b,exp_b__gsm8k_test_000246__canonical__no_think,gsm8k_test_000246,no_think,canonical,,answer_segment,13,10,False,51,51,True,10.255776405334473,,ok,True,ok,27000,27000
exp_b,exp_b__gsm8k_test_000246__canonical__no_think,gsm8k_test_000246,no_think,canonical,,answer_segment,20,10,False,51,51,True,11.270203590393066,,ok,True,ok,27000,27000
exp_b,exp_b__gsm8k_test_000246__irrelevant_context__no_think,gsm8k_test_000246,no_think,irrelevant_context,,full_output,6,10,False,47,47,True,13.041845321655273,,ok,True,ok,27000,27000
exp_b,exp_b__gsm8k_test_000246__irrelevant_context__no_think,gsm8k_test_000246,no_think,irrelevant_context,,full_output,13,10,False,47,47,True,10.57186508178711,,ok,True,ok,27000,27000
exp_b,exp_b__gsm8k_test_000246__irrelevant_context__no_think,gsm8k_test_000246,no_think,irrelevant_context,,full_output,20,10,False,47,47,True,10.365537643432617,,ok,True,ok,27000,27000
exp_b,exp_b__gsm8k_test_000246__irrelevant_context__no_think,gsm8k_test_000246,no_think,irrelevant_context,,answer_segment,6,10,False,47,47,True,13.041845321655273,,ok,True,ok,27000,27000
exp_b,exp_b__gsm8k_test_000246__irrelevant_context__no_think,gsm8k_test_000246,no_think,irrelevant_context,,answer_segment,13,10,False,47,47,True,10.57186508178711,,ok,True,ok,27000,27000
exp_b,exp_b__gsm8k_test_000246__irrelevant_context__no_think,gsm8k_test_000246,no_think,irrelevant_context,,answer_segment,20,10,False,47,47,True,10.365537643432617,,ok,True,ok,27000,27000
exp_b,exp_b__gsm8k_test_000246__repetitive_filler__no_think,gsm8k_test_000246,no_think,repetitive_filler,,full_output,6,10,False,51,51,True,13.308789253234863,,ok,True,ok,27000,27000
exp_b,exp_b__gsm8k_test_000246__repetitive_filler__no_think,gsm8k_test_000246,no_think,repetitive_filler,,full_output,13,10,False,51,51,True,10.210675239562988,,ok,True,ok,27000,27000
exp_b,exp_b__gsm8k_test_000246__repetitive_filler__no_think,gsm8k_test_000246,no_think,repetitive_filler,,full_output,20,10,False,51,51,True,11.359207153320312,,ok,True,ok,27000,27000
exp_b,exp_b__gsm8k_test_000246__repetitive_filler__no_think,gsm8k_test_000246,no_think,repetitive_filler,,answer_segment,6,10,False,51,51,True,13.308789253234863,,ok,True,ok,27000,27000
exp_b,exp_b__gsm8k_test_000246__repetitive_filler__no_think,gsm8k_test_000246,no_think,repetitive_filler,,answer_segment,13,10,False,51,51,True,10.210675239562988,,ok,True,ok,27000,27000
exp_b,exp_b__gsm8k_test_000246__repetitive_filler__no_think,gsm8k_test_000246,no_think,repetitive_filler,,answer_segment,20,10,False,51,51,True,11.359207153320312,,ok,True,ok,27000,27000
exp_b,exp_b__gsm8k_test_000279__canonical__no_think,gsm8k_test_000279,no_think,canonical,,full_output,6,10,False,41,41,True,10.94716739654541,,ok,True,ok,6,6
exp_b,exp_b__gsm8k_test_000279__canonical__no_think,gsm8k_test_000279,no_think,canonical,,full_output,13,10,False,41,41,True,12.02956771850586,,ok,True,ok,6,6
exp_b,exp_b__gsm8k_test_000279__canonical__no_think,gsm8k_test_000279,no_think,canonical,,full_output,20,10,False,41,41,True,11.579216003417969,,ok,True,ok,6,6
exp_b,exp_b__gsm8k_test_000279__canonical__no_think,gsm8k_test_000279,no_think,canonical,,answer_segment,6,10,False,41,41,True,10.94716739654541,,ok,True,ok,6,6
exp_b,exp_b__gsm8k_test_000279__canonical__no_think,gsm8k_test_000279,no_think,canonical,,answer_segment,13,10,False,41,41,True,12.02956771850586,,ok,True,ok,6,6
exp_b,exp_b__gsm8k_test_000279__canonical__no_think,gsm8k_test_000279,no_think,canonical,,answer_segment,20,10,False,41,41,True,11.579216003417969,,ok,True,ok,6,6
exp_b,exp_b__gsm8k_test_000279__irrelevant_context__no_think,gsm8k_test_000279,no_think,irrelevant_context,,full_output,6,10,False,41,41,True,10.925786018371582,,ok,True,ok,6,6
exp_b,exp_b__gsm8k_test_000279__irrelevant_context__no_think,gsm8k_test_000279,no_think,irrelevant_context,,full_output,13,10,False,41,41,True,12.824933052062988,,ok,True,ok,6,6
exp_b,exp_b__gsm8k_test_000279__irrelevant_context__no_think,gsm8k_test_000279,no_think,irrelevant_context,,full_output,20,10,False,41,41,True,12.289289474487305,,ok,True,ok,6,6
exp_b,exp_b__gsm8k_test_000279__irrelevant_context__no_think,gsm8k_test_000279,no_think,irrelevant_context,,answer_segment,6,10,False,41,41,True,10.925786018371582,,ok,True,ok,6,6
exp_b,exp_b__gsm8k_test_000279__irrelevant_context__no_think,gsm8k_test_000279,no_think,irrelevant_context,,answer_segment,13,10,False,41,41,True,12.824933052062988,,ok,True,ok,6,6
exp_b,exp_b__gsm8k_test_000279__irrelevant_context__no_think,gsm8k_test_000279,no_think,irrelevant_context,,answer_segment,20,10,False,41,41,True,12.289289474487305,,ok,True,ok,6,6
exp_b,exp_b__gsm8k_test_000279__repetitive_filler__no_think,gsm8k_test_000279,no_think,repetitive_filler,,full_output,6,10,False,41,41,True,10.471883773803711,,ok,True,ok,6,6
exp_b,exp_b__gsm8k_test_000279__repetitive_filler__no_think,gsm8k_test_000279,no_think,repetitive_filler,,full_output,13,10,False,41,41,True,12.315468788146973,,ok,True,ok,6,6
exp_b,exp_b__gsm8k_test_000279__repetitive_filler__no_think,gsm8k_test_000279,no_think,repetitive_filler,,full_output,20,10,False,41,41,True,11.526700973510742,,ok,True,ok,6,6
exp_b,exp_b__gsm8k_test_000279__repetitive_filler__no_think,gsm8k_test_000279,no_think,repetitive_filler,,answer_segment,6,10,False,41,41,True,10.471883773803711,,ok,True,ok,6,6
exp_b,exp_b__gsm8k_test_000279__repetitive_filler__no_think,gsm8k_test_000279,no_think,repetitive_filler,,answer_segment,13,10,False,41,41,True,12.315468788146973,,ok,True,ok,6,6
exp_b,exp_b__gsm8k_test_000279__repetitive_filler__no_think,gsm8k_test_000279,no_think,repetitive_filler,,answer_segment,20,10,False,41,41,True,11.526700973510742,,ok,True,ok,6,6
exp_b,exp_b__gsm8k_test_000298__canonical__no_think,gsm8k_test_000298,no_think,canonical,,full_output,6,10,False,53,53,True,11.89077091217041,,ok,False,ok,500,400
exp_b,exp_b__gsm8k_test_000298__canonical__no_think,gsm8k_test_000298,no_think,canonical,,full_output,13,10,False,53,53,True,12.356907844543457,,ok,False,ok,500,400
exp_b,exp_b__gsm8k_test_000298__canonical__no_think,gsm8k_test_000298,no_think,canonical,,full_output,20,10,False,53,53,True,12.229451179504395,,ok,False,ok,500,400
exp_b,exp_b__gsm8k_test_000298__canonical__no_think,gsm8k_test_000298,no_think,canonical,,answer_segment,6,10,False,53,53,True,11.89077091217041,,ok,False,ok,500,400
exp_b,exp_b__gsm8k_test_000298__canonical__no_think,gsm8k_test_000298,no_think,canonical,,answer_segment,13,10,False,53,53,True,12.356907844543457,,ok,False,ok,500,400
exp_b,exp_b__gsm8k_test_000298__canonical__no_think,gsm8k_test_000298,no_think,canonical,,answer_segment,20,10,False,53,53,True,12.229451179504395,,ok,False,ok,500,400
exp_b,exp_b__gsm8k_test_000298__irrelevant_context__no_think,gsm8k_test_000298,no_think,irrelevant_context,,full_output,6,10,False,66,66,True,11.99627685546875,,ok,False,ok,500,550
exp_b,exp_b__gsm8k_test_000298__irrelevant_context__no_think,gsm8k_test_000298,no_think,irrelevant_context,,full_output,13,10,False,66,66,True,12.668734550476074,,ok,False,ok,500,550
exp_b,exp_b__gsm8k_test_000298__irrelevant_context__no_think,gsm8k_test_000298,no_think,irrelevant_context,,full_output,20,10,False,66,66,True,11.389106750488281,,ok,False,ok,500,550
exp_b,exp_b__gsm8k_test_000298__irrelevant_context__no_think,gsm8k_test_000298,no_think,irrelevant_context,,answer_segment,6,10,False,66,66,True,11.99627685546875,,ok,False,ok,500,550
exp_b,exp_b__gsm8k_test_000298__irrelevant_context__no_think,gsm8k_test_000298,no_think,irrelevant_context,,answer_segment,13,10,False,66,66,True,12.668734550476074,,ok,False,ok,500,550
exp_b,exp_b__gsm8k_test_000298__irrelevant_context__no_think,gsm8k_test_000298,no_think,irrelevant_context,,answer_segment,20,10,False,66,66,True,11.389106750488281,,ok,False,ok,500,550
exp_b,exp_b__gsm8k_test_000298__repetitive_filler__no_think,gsm8k_test_000298,no_think,repetitive_filler,,full_output,6,10,False,55,55,True,11.57099723815918,,ok,False,ok,500,400
exp_b,exp_b__gsm8k_test_000298__repetitive_filler__no_think,gsm8k_test_000298,no_think,repetitive_filler,,full_output,13,10,False,55,55,True,13.377388000488281,,ok,False,ok,500,400
exp_b,exp_b__gsm8k_test_000298__repetitive_filler__no_think,gsm8k_test_000298,no_think,repetitive_filler,,full_output,20,10,False,55,55,True,12.572107315063477,,ok,False,ok,500,400
exp_b,exp_b__gsm8k_test_000298__repetitive_filler__no_think,gsm8k_test_000298,no_think,repetitive_filler,,answer_segment,6,10,False,55,55,True,11.57099723815918,,ok,False,ok,500,400
exp_b,exp_b__gsm8k_test_000298__repetitive_filler__no_think,gsm8k_test_000298,no_think,repetitive_filler,,answer_segment,13,10,False,55,55,True,13.377388000488281,,ok,False,ok,500,400
exp_b,exp_b__gsm8k_test_000298__repetitive_filler__no_think,gsm8k_test_000298,no_think,repetitive_filler,,answer_segment,20,10,False,55,55,True,12.572107315063477,,ok,False,ok,500,400
exp_b,exp_b__gsm8k_test_000316__canonical__no_think,gsm8k_test_000316,no_think,canonical,,full_output,6,10,False,51,51,True,12.915054321289062,,ok,False,ok,156,200
exp_b,exp_b__gsm8k_test_000316__canonical__no_think,gsm8k_test_000316,no_think,canonical,,full_output,13,10,False,51,51,True,11.780441284179688,,ok,False,ok,156,200
exp_b,exp_b__gsm8k_test_000316__canonical__no_think,gsm8k_test_000316,no_think,canonical,,full_output,20,10,False,51,51,True,11.665207862854004,,ok,False,ok,156,200
exp_b,exp_b__gsm8k_test_000316__canonical__no_think,gsm8k_test_000316,no_think,canonical,,answer_segment,6,10,False,51,51,True,12.915054321289062,,ok,False,ok,156,200
exp_b,exp_b__gsm8k_test_000316__canonical__no_think,gsm8k_test_000316,no_think,canonical,,answer_segment,13,10,False,51,51,True,11.780441284179688,,ok,False,ok,156,200
exp_b,exp_b__gsm8k_test_000316__canonical__no_think,gsm8k_test_000316,no_think,canonical,,answer_segment,20,10,False,51,51,True,11.665207862854004,,ok,False,ok,156,200
exp_b,exp_b__gsm8k_test_000316__irrelevant_context__no_think,gsm8k_test_000316,no_think,irrelevant_context,,full_output,6,10,False,46,46,True,12.340853691101074,,ok,False,ok,156,64
exp_b,exp_b__gsm8k_test_000316__irrelevant_context__no_think,gsm8k_test_000316,no_think,irrelevant_context,,full_output,13,10,False,46,46,True,11.94499397277832,,ok,False,ok,156,64
exp_b,exp_b__gsm8k_test_000316__irrelevant_context__no_think,gsm8k_test_000316,no_think,irrelevant_context,,full_output,20,10,False,46,46,True,12.126818656921387,,ok,False,ok,156,64
exp_b,exp_b__gsm8k_test_000316__irrelevant_context__no_think,gsm8k_test_000316,no_think,irrelevant_context,,answer_segment,6,10,False,46,46,True,12.340853691101074,,ok,False,ok,156,64
exp_b,exp_b__gsm8k_test_000316__irrelevant_context__no_think,gsm8k_test_000316,no_think,irrelevant_context,,answer_segment,13,10,False,46,46,True,11.94499397277832,,ok,False,ok,156,64
exp_b,exp_b__gsm8k_test_000316__irrelevant_context__no_think,gsm8k_test_000316,no_think,irrelevant_context,,answer_segment,20,10,False,46,46,True,12.126818656921387,,ok,False,ok,156,64
exp_b,exp_b__gsm8k_test_000316__repetitive_filler__no_think,gsm8k_test_000316,no_think,repetitive_filler,,full_output,6,10,False,51,51,True,13.052619934082031,,ok,False,ok,156,240
exp_b,exp_b__gsm8k_test_000316__repetitive_filler__no_think,gsm8k_test_000316,no_think,repetitive_filler,,full_output,13,10,False,51,51,True,12.271642684936523,,ok,False,ok,156,240
exp_b,exp_b__gsm8k_test_000316__repetitive_filler__no_think,gsm8k_test_000316,no_think,repetitive_filler,,full_output,20,10,False,51,51,True,12.086623191833496,,ok,False,ok,156,240
exp_b,exp_b__gsm8k_test_000316__repetitive_filler__no_think,gsm8k_test_000316,no_think,repetitive_filler,,answer_segment,6,10,False,51,51,True,13.052619934082031,,ok,False,ok,156,240
exp_b,exp_b__gsm8k_test_000316__repetitive_filler__no_think,gsm8k_test_000316,no_think,repetitive_filler,,answer_segment,13,10,False,51,51,True,12.271642684936523,,ok,False,ok,156,240
exp_b,exp_b__gsm8k_test_000316__repetitive_filler__no_think,gsm8k_test_000316,no_think,repetitive_filler,,answer_segment,20,10,False,51,51,True,12.086623191833496,,ok,False,ok,156,240
exp_b,exp_b__gsm8k_test_000321__canonical__no_think,gsm8k_test_000321,no_think,canonical,,full_output,6,10,False,41,41,True,11.041707992553711,,ok,True,ok,1,1
exp_b,exp_b__gsm8k_test_000321__canonical__no_think,gsm8k_test_000321,no_think,canonical,,full_output,13,10,False,41,41,True,11.441553115844727,,ok,True,ok,1,1
exp_b,exp_b__gsm8k_test_000321__canonical__no_think,gsm8k_test_000321,no_think,canonical,,full_output,20,10,False,41,41,True,12.053958892822266,,ok,True,ok,1,1
exp_b,exp_b__gsm8k_test_000321__canonical__no_think,gsm8k_test_000321,no_think,canonical,,answer_segment,6,10,False,41,41,True,11.041707992553711,,ok,True,ok,1,1
exp_b,exp_b__gsm8k_test_000321__canonical__no_think,gsm8k_test_000321,no_think,canonical,,answer_segment,13,10,False,41,41,True,11.441553115844727,,ok,True,ok,1,1
exp_b,exp_b__gsm8k_test_000321__canonical__no_think,gsm8k_test_000321,no_think,canonical,,answer_segment,20,10,False,41,41,True,12.053958892822266,,ok,True,ok,1,1
exp_b,exp_b__gsm8k_test_000321__irrelevant_context__no_think,gsm8k_test_000321,no_think,irrelevant_context,,full_output,6,10,False,32,32,True,10.715112686157227,,ok,True,ok,1,1
exp_b,exp_b__gsm8k_test_000321__irrelevant_context__no_think,gsm8k_test_000321,no_think,irrelevant_context,,full_output,13,10,False,32,32,True,10.073023796081543,,ok,True,ok,1,1
exp_b,exp_b__gsm8k_test_000321__irrelevant_context__no_think,gsm8k_test_000321,no_think,irrelevant_context,,full_output,20,10,False,32,32,True,10.633657455444336,,ok,True,ok,1,1
exp_b,exp_b__gsm8k_test_000321__irrelevant_context__no_think,gsm8k_test_000321,no_think,irrelevant_context,,answer_segment,6,10,False,32,32,True,10.715112686157227,,ok,True,ok,1,1
exp_b,exp_b__gsm8k_test_000321__irrelevant_context__no_think,gsm8k_test_000321,no_think,irrelevant_context,,answer_segment,13,10,False,32,32,True,10.073023796081543,,ok,True,ok,1,1
exp_b,exp_b__gsm8k_test_000321__irrelevant_context__no_think,gsm8k_test_000321,no_think,irrelevant_context,,answer_segment,20,10,False,32,32,True,10.633657455444336,,ok,True,ok,1,1
exp_b,exp_b__gsm8k_test_000321__repetitive_filler__no_think,gsm8k_test_000321,no_think,repetitive_filler,,full_output,6,10,False,34,34,True,10.556339263916016,,ok,True,ok,1,1
exp_b,exp_b__gsm8k_test_000321__repetitive_filler__no_think,gsm8k_test_000321,no_think,repetitive_filler,,full_output,13,10,False,34,34,True,10.366252899169922,,ok,True,ok,1,1
exp_b,exp_b__gsm8k_test_000321__repetitive_filler__no_think,gsm8k_test_000321,no_think,repetitive_filler,,full_output,20,10,False,34,34,True,10.696137428283691,,ok,True,ok,1,1
exp_b,exp_b__gsm8k_test_000321__repetitive_filler__no_think,gsm8k_test_000321,no_think,repetitive_filler,,answer_segment,6,10,False,34,34,True,10.556339263916016,,ok,True,ok,1,1
exp_b,exp_b__gsm8k_test_000321__repetitive_filler__no_think,gsm8k_test_000321,no_think,repetitive_filler,,answer_segment,13,10,False,34,34,True,10.366252899169922,,ok,True,ok,1,1
exp_b,exp_b__gsm8k_test_000321__repetitive_filler__no_think,gsm8k_test_000321,no_think,repetitive_filler,,answer_segment,20,10,False,34,34,True,10.696137428283691,,ok,True,ok,1,1
exp_b,exp_b__gsm8k_test_000326__canonical__no_think,gsm8k_test_000326,no_think,canonical,,full_output,6,10,False,64,64,True,17.63970947265625,,ok,True,ok,14,14
exp_b,exp_b__gsm8k_test_000326__canonical__no_think,gsm8k_test_000326,no_think,canonical,,full_output,13,10,False,64,64,True,15.868022918701172,,ok,True,ok,14,14
exp_b,exp_b__gsm8k_test_000326__canonical__no_think,gsm8k_test_000326,no_think,canonical,,full_output,20,10,False,64,64,True,14.173315048217773,,ok,True,ok,14,14
exp_b,exp_b__gsm8k_test_000326__canonical__no_think,gsm8k_test_000326,no_think,canonical,,answer_segment,6,10,False,64,64,True,17.63970947265625,,ok,True,ok,14,14
exp_b,exp_b__gsm8k_test_000326__canonical__no_think,gsm8k_test_000326,no_think,canonical,,answer_segment,13,10,False,64,64,True,15.868022918701172,,ok,True,ok,14,14
exp_b,exp_b__gsm8k_test_000326__canonical__no_think,gsm8k_test_000326,no_think,canonical,,answer_segment,20,10,False,64,64,True,14.173315048217773,,ok,True,ok,14,14
exp_b,exp_b__gsm8k_test_000326__irrelevant_context__no_think,gsm8k_test_000326,no_think,irrelevant_context,,full_output,6,10,False,63,63,True,17.068397521972656,,ok,True,ok,14,14
exp_b,exp_b__gsm8k_test_000326__irrelevant_context__no_think,gsm8k_test_000326,no_think,irrelevant_context,,full_output,13,10,False,63,63,True,13.35960578918457,,ok,True,ok,14,14
exp_b,exp_b__gsm8k_test_000326__irrelevant_context__no_think,gsm8k_test_000326,no_think,irrelevant_context,,full_output,20,10,False,63,63,True,12.354999542236328,,ok,True,ok,14,14
exp_b,exp_b__gsm8k_test_000326__irrelevant_context__no_think,gsm8k_test_000326,no_think,irrelevant_context,,answer_segment,6,10,False,63,63,True,17.068397521972656,,ok,True,ok,14,14
exp_b,exp_b__gsm8k_test_000326__irrelevant_context__no_think,gsm8k_test_000326,no_think,irrelevant_context,,answer_segment,13,10,False,63,63,True,13.35960578918457,,ok,True,ok,14,14
exp_b,exp_b__gsm8k_test_000326__irrelevant_context__no_think,gsm8k_test_000326,no_think,irrelevant_context,,answer_segment,20,10,False,63,63,True,12.354999542236328,,ok,True,ok,14,14
exp_b,exp_b__gsm8k_test_000326__repetitive_filler__no_think,gsm8k_test_000326,no_think,repetitive_filler,,full_output,6,10,False,59,59,True,13.477903366088867,,ok,True,ok,14,14
exp_b,exp_b__gsm8k_test_000326__repetitive_filler__no_think,gsm8k_test_000326,no_think,repetitive_filler,,full_output,13,10,False,59,59,True,12.911467552185059,,ok,True,ok,14,14
exp_b,exp_b__gsm8k_test_000326__repetitive_filler__no_think,gsm8k_test_000326,no_think,repetitive_filler,,full_output,20,10,False,59,59,True,12.681690216064453,,ok,True,ok,14,14
exp_b,exp_b__gsm8k_test_000326__repetitive_filler__no_think,gsm8k_test_000326,no_think,repetitive_filler,,answer_segment,6,10,False,59,59,True,13.477903366088867,,ok,True,ok,14,14
exp_b,exp_b__gsm8k_test_000326__repetitive_filler__no_think,gsm8k_test_000326,no_think,repetitive_filler,,answer_segment,13,10,False,59,59,True,12.911467552185059,,ok,True,ok,14,14
exp_b,exp_b__gsm8k_test_000326__repetitive_filler__no_think,gsm8k_test_000326,no_think,repetitive_filler,,answer_segment,20,10,False,59,59,True,12.681690216064453,,ok,True,ok,14,14
exp_b,exp_b__gsm8k_test_000366__canonical__no_think,gsm8k_test_000366,no_think,canonical,,full_output,6,10,False,66,66,True,16.079069137573242,,ok,True,ok,9,9
exp_b,exp_b__gsm8k_test_000366__canonical__no_think,gsm8k_test_000366,no_think,canonical,,full_output,13,10,False,66,66,True,13.464391708374023,,ok,True,ok,9,9
exp_b,exp_b__gsm8k_test_000366__canonical__no_think,gsm8k_test_000366,no_think,canonical,,full_output,20,10,False,66,66,True,12.771794319152832,,ok,True,ok,9,9
exp_b,exp_b__gsm8k_test_000366__canonical__no_think,gsm8k_test_000366,no_think,canonical,,answer_segment,6,10,False,66,66,True,16.079069137573242,,ok,True,ok,9,9
exp_b,exp_b__gsm8k_test_000366__canonical__no_think,gsm8k_test_000366,no_think,canonical,,answer_segment,13,10,False,66,66,True,13.464391708374023,,ok,True,ok,9,9
exp_b,exp_b__gsm8k_test_000366__canonical__no_think,gsm8k_test_000366,no_think,canonical,,answer_segment,20,10,False,66,66,True,12.771794319152832,,ok,True,ok,9,9
exp_b,exp_b__gsm8k_test_000366__irrelevant_context__no_think,gsm8k_test_000366,no_think,irrelevant_context,,full_output,6,10,False,63,63,True,16.697282791137695,,ok,True,ok,9,9
exp_b,exp_b__gsm8k_test_000366__irrelevant_context__no_think,gsm8k_test_000366,no_think,irrelevant_context,,full_output,13,10,False,63,63,True,13.89857006072998,,ok,True,ok,9,9
exp_b,exp_b__gsm8k_test_000366__irrelevant_context__no_think,gsm8k_test_000366,no_think,irrelevant_context,,full_output,20,10,False,63,63,True,13.167304039001465,,ok,True,ok,9,9
exp_b,exp_b__gsm8k_test_000366__irrelevant_context__no_think,gsm8k_test_000366,no_think,irrelevant_context,,answer_segment,6,10,False,63,63,True,16.697282791137695,,ok,True,ok,9,9
exp_b,exp_b__gsm8k_test_000366__irrelevant_context__no_think,gsm8k_test_000366,no_think,irrelevant_context,,answer_segment,13,10,False,63,63,True,13.89857006072998,,ok,True,ok,9,9
exp_b,exp_b__gsm8k_test_000366__irrelevant_context__no_think,gsm8k_test_000366,no_think,irrelevant_context,,answer_segment,20,10,False,63,63,True,13.167304039001465,,ok,True,ok,9,9
exp_b,exp_b__gsm8k_test_000366__repetitive_filler__no_think,gsm8k_test_000366,no_think,repetitive_filler,,full_output,6,10,False,66,66,True,16.208614349365234,,ok,True,ok,9,9
exp_b,exp_b__gsm8k_test_000366__repetitive_filler__no_think,gsm8k_test_000366,no_think,repetitive_filler,,full_output,13,10,False,66,66,True,13.313472747802734,,ok,True,ok,9,9
exp_b,exp_b__gsm8k_test_000366__repetitive_filler__no_think,gsm8k_test_000366,no_think,repetitive_filler,,full_output,20,10,False,66,66,True,12.480685234069824,,ok,True,ok,9,9
exp_b,exp_b__gsm8k_test_000366__repetitive_filler__no_think,gsm8k_test_000366,no_think,repetitive_filler,,answer_segment,6,10,False,66,66,True,16.208614349365234,,ok,True,ok,9,9
exp_b,exp_b__gsm8k_test_000366__repetitive_filler__no_think,gsm8k_test_000366,no_think,repetitive_filler,,answer_segment,13,10,False,66,66,True,13.313472747802734,,ok,True,ok,9,9
exp_b,exp_b__gsm8k_test_000366__repetitive_filler__no_think,gsm8k_test_000366,no_think,repetitive_filler,,answer_segment,20,10,False,66,66,True,12.480685234069824,,ok,True,ok,9,9
exp_b,exp_b__gsm8k_test_000392__canonical__no_think,gsm8k_test_000392,no_think,canonical,,full_output,6,10,False,81,81,True,20.482891082763672,,ok,True,ok,34,34
exp_b,exp_b__gsm8k_test_000392__canonical__no_think,gsm8k_test_000392,no_think,canonical,,full_output,13,10,False,81,81,True,11.408675193786621,,ok,True,ok,34,34
exp_b,exp_b__gsm8k_test_000392__canonical__no_think,gsm8k_test_000392,no_think,canonical,,full_output,20,10,False,81,81,True,12.104894638061523,,ok,True,ok,34,34
exp_b,exp_b__gsm8k_test_000392__canonical__no_think,gsm8k_test_000392,no_think,canonical,,answer_segment,6,10,False,81,81,True,20.482891082763672,,ok,True,ok,34,34
exp_b,exp_b__gsm8k_test_000392__canonical__no_think,gsm8k_test_000392,no_think,canonical,,answer_segment,13,10,False,81,81,True,11.408675193786621,,ok,True,ok,34,34
exp_b,exp_b__gsm8k_test_000392__canonical__no_think,gsm8k_test_000392,no_think,canonical,,answer_segment,20,10,False,81,81,True,12.104894638061523,,ok,True,ok,34,34
exp_b,exp_b__gsm8k_test_000392__irrelevant_context__no_think,gsm8k_test_000392,no_think,irrelevant_context,,full_output,6,10,False,82,82,True,21.24660301208496,,ok,False,ok,34,32
exp_b,exp_b__gsm8k_test_000392__irrelevant_context__no_think,gsm8k_test_000392,no_think,irrelevant_context,,full_output,13,10,False,82,82,True,11.806218147277832,,ok,False,ok,34,32
exp_b,exp_b__gsm8k_test_000392__irrelevant_context__no_think,gsm8k_test_000392,no_think,irrelevant_context,,full_output,20,10,False,82,82,True,10.456377983093262,,ok,False,ok,34,32
exp_b,exp_b__gsm8k_test_000392__irrelevant_context__no_think,gsm8k_test_000392,no_think,irrelevant_context,,answer_segment,6,10,False,82,82,True,21.24660301208496,,ok,False,ok,34,32
exp_b,exp_b__gsm8k_test_000392__irrelevant_context__no_think,gsm8k_test_000392,no_think,irrelevant_context,,answer_segment,13,10,False,82,82,True,11.806218147277832,,ok,False,ok,34,32
exp_b,exp_b__gsm8k_test_000392__irrelevant_context__no_think,gsm8k_test_000392,no_think,irrelevant_context,,answer_segment,20,10,False,82,82,True,10.456377983093262,,ok,False,ok,34,32
exp_b,exp_b__gsm8k_test_000392__repetitive_filler__no_think,gsm8k_test_000392,no_think,repetitive_filler,,full_output,6,10,False,57,57,True,13.533514022827148,,ok,False,ok,34,30
exp_b,exp_b__gsm8k_test_000392__repetitive_filler__no_think,gsm8k_test_000392,no_think,repetitive_filler,,full_output,13,10,False,57,57,True,11.384201049804688,,ok,False,ok,34,30
exp_b,exp_b__gsm8k_test_000392__repetitive_filler__no_think,gsm8k_test_000392,no_think,repetitive_filler,,full_output,20,10,False,57,57,True,11.735357284545898,,ok,False,ok,34,30
exp_b,exp_b__gsm8k_test_000392__repetitive_filler__no_think,gsm8k_test_000392,no_think,repetitive_filler,,answer_segment,6,10,False,57,57,True,13.533514022827148,,ok,False,ok,34,30
exp_b,exp_b__gsm8k_test_000392__repetitive_filler__no_think,gsm8k_test_000392,no_think,repetitive_filler,,answer_segment,13,10,False,57,57,True,11.384201049804688,,ok,False,ok,34,30
exp_b,exp_b__gsm8k_test_000392__repetitive_filler__no_think,gsm8k_test_000392,no_think,repetitive_filler,,answer_segment,20,10,False,57,57,True,11.735357284545898,,ok,False,ok,34,30
exp_b,exp_b__gsm8k_test_000393__canonical__no_think,gsm8k_test_000393,no_think,canonical,,full_output,6,10,False,55,55,True,11.955941200256348,,ok,False,ok,20,15
exp_b,exp_b__gsm8k_test_000393__canonical__no_think,gsm8k_test_000393,no_think,canonical,,full_output,13,10,False,55,55,True,11.042126655578613,,ok,False,ok,20,15
exp_b,exp_b__gsm8k_test_000393__canonical__no_think,gsm8k_test_000393,no_think,canonical,,full_output,20,10,False,55,55,True,11.688370704650879,,ok,False,ok,20,15
exp_b,exp_b__gsm8k_test_000393__canonical__no_think,gsm8k_test_000393,no_think,canonical,,answer_segment,6,10,False,55,55,True,11.955941200256348,,ok,False,ok,20,15
exp_b,exp_b__gsm8k_test_000393__canonical__no_think,gsm8k_test_000393,no_think,canonical,,answer_segment,13,10,False,55,55,True,11.042126655578613,,ok,False,ok,20,15
exp_b,exp_b__gsm8k_test_000393__canonical__no_think,gsm8k_test_000393,no_think,canonical,,answer_segment,20,10,False,55,55,True,11.688370704650879,,ok,False,ok,20,15
exp_b,exp_b__gsm8k_test_000393__irrelevant_context__no_think,gsm8k_test_000393,no_think,irrelevant_context,,full_output,6,10,False,58,58,True,11.50664234161377,,ok,False,ok,20,22.5
exp_b,exp_b__gsm8k_test_000393__irrelevant_context__no_think,gsm8k_test_000393,no_think,irrelevant_context,,full_output,13,10,False,58,58,True,11.172740936279297,,ok,False,ok,20,22.5
exp_b,exp_b__gsm8k_test_000393__irrelevant_context__no_think,gsm8k_test_000393,no_think,irrelevant_context,,full_output,20,10,False,58,58,True,11.621894836425781,,ok,False,ok,20,22.5
exp_b,exp_b__gsm8k_test_000393__irrelevant_context__no_think,gsm8k_test_000393,no_think,irrelevant_context,,answer_segment,6,10,False,58,58,True,11.50664234161377,,ok,False,ok,20,22.5
exp_b,exp_b__gsm8k_test_000393__irrelevant_context__no_think,gsm8k_test_000393,no_think,irrelevant_context,,answer_segment,13,10,False,58,58,True,11.172740936279297,,ok,False,ok,20,22.5
exp_b,exp_b__gsm8k_test_000393__irrelevant_context__no_think,gsm8k_test_000393,no_think,irrelevant_context,,answer_segment,20,10,False,58,58,True,11.621894836425781,,ok,False,ok,20,22.5
exp_b,exp_b__gsm8k_test_000393__repetitive_filler__no_think,gsm8k_test_000393,no_think,repetitive_filler,,full_output,6,10,False,42,42,True,10.967618942260742,,ok,False,ok,20,15
exp_b,exp_b__gsm8k_test_000393__repetitive_filler__no_think,gsm8k_test_000393,no_think,repetitive_filler,,full_output,13,10,False,42,42,True,10.849630355834961,,ok,False,ok,20,15
exp_b,exp_b__gsm8k_test_000393__repetitive_filler__no_think,gsm8k_test_000393,no_think,repetitive_filler,,full_output,20,10,False,42,42,True,13.023636817932129,,ok,False,ok,20,15
exp_b,exp_b__gsm8k_test_000393__repetitive_filler__no_think,gsm8k_test_000393,no_think,repetitive_filler,,answer_segment,6,10,False,42,42,True,10.967618942260742,,ok,False,ok,20,15
exp_b,exp_b__gsm8k_test_000393__repetitive_filler__no_think,gsm8k_test_000393,no_think,repetitive_filler,,answer_segment,13,10,False,42,42,True,10.849630355834961,,ok,False,ok,20,15
exp_b,exp_b__gsm8k_test_000393__repetitive_filler__no_think,gsm8k_test_000393,no_think,repetitive_filler,,answer_segment,20,10,False,42,42,True,13.023636817932129,,ok,False,ok,20,15
exp_b,exp_b__gsm8k_test_000431__canonical__no_think,gsm8k_test_000431,no_think,canonical,,full_output,6,10,False,52,52,True,17.515710830688477,,ok,True,ok,1,1
exp_b,exp_b__gsm8k_test_000431__canonical__no_think,gsm8k_test_000431,no_think,canonical,,full_output,13,10,False,52,52,True,12.489903450012207,,ok,True,ok,1,1
exp_b,exp_b__gsm8k_test_000431__canonical__no_think,gsm8k_test_000431,no_think,canonical,,full_output,20,10,False,52,52,True,12.327231407165527,,ok,True,ok,1,1
exp_b,exp_b__gsm8k_test_000431__canonical__no_think,gsm8k_test_000431,no_think,canonical,,answer_segment,6,10,False,52,52,True,17.515710830688477,,ok,True,ok,1,1
exp_b,exp_b__gsm8k_test_000431__canonical__no_think,gsm8k_test_000431,no_think,canonical,,answer_segment,13,10,False,52,52,True,12.489903450012207,,ok,True,ok,1,1
exp_b,exp_b__gsm8k_test_000431__canonical__no_think,gsm8k_test_000431,no_think,canonical,,answer_segment,20,10,False,52,52,True,12.327231407165527,,ok,True,ok,1,1
exp_b,exp_b__gsm8k_test_000431__irrelevant_context__no_think,gsm8k_test_000431,no_think,irrelevant_context,,full_output,6,10,False,52,52,True,17.996021270751953,,ok,True,ok,1,1
exp_b,exp_b__gsm8k_test_000431__irrelevant_context__no_think,gsm8k_test_000431,no_think,irrelevant_context,,full_output,13,10,False,52,52,True,12.540558815002441,,ok,True,ok,1,1
exp_b,exp_b__gsm8k_test_000431__irrelevant_context__no_think,gsm8k_test_000431,no_think,irrelevant_context,,full_output,20,10,False,52,52,True,12.760773658752441,,ok,True,ok,1,1
exp_b,exp_b__gsm8k_test_000431__irrelevant_context__no_think,gsm8k_test_000431,no_think,irrelevant_context,,answer_segment,6,10,False,52,52,True,17.996021270751953,,ok,True,ok,1,1
exp_b,exp_b__gsm8k_test_000431__irrelevant_context__no_think,gsm8k_test_000431,no_think,irrelevant_context,,answer_segment,13,10,False,52,52,True,12.540558815002441,,ok,True,ok,1,1
exp_b,exp_b__gsm8k_test_000431__irrelevant_context__no_think,gsm8k_test_000431,no_think,irrelevant_context,,answer_segment,20,10,False,52,52,True,12.760773658752441,,ok,True,ok,1,1
exp_b,exp_b__gsm8k_test_000431__repetitive_filler__no_think,gsm8k_test_000431,no_think,repetitive_filler,,full_output,6,10,False,52,52,True,17.648508071899414,,ok,True,ok,1,1
exp_b,exp_b__gsm8k_test_000431__repetitive_filler__no_think,gsm8k_test_000431,no_think,repetitive_filler,,full_output,13,10,False,52,52,True,12.36788272857666,,ok,True,ok,1,1
exp_b,exp_b__gsm8k_test_000431__repetitive_filler__no_think,gsm8k_test_000431,no_think,repetitive_filler,,full_output,20,10,False,52,52,True,12.085640907287598,,ok,True,ok,1,1
exp_b,exp_b__gsm8k_test_000431__repetitive_filler__no_think,gsm8k_test_000431,no_think,repetitive_filler,,answer_segment,6,10,False,52,52,True,17.648508071899414,,ok,True,ok,1,1
exp_b,exp_b__gsm8k_test_000431__repetitive_filler__no_think,gsm8k_test_000431,no_think,repetitive_filler,,answer_segment,13,10,False,52,52,True,12.36788272857666,,ok,True,ok,1,1
exp_b,exp_b__gsm8k_test_000431__repetitive_filler__no_think,gsm8k_test_000431,no_think,repetitive_filler,,answer_segment,20,10,False,52,52,True,12.085640907287598,,ok,True,ok,1,1
exp_b,exp_b__gsm8k_test_000462__canonical__no_think,gsm8k_test_000462,no_think,canonical,,full_output,6,10,False,56,56,True,12.547117233276367,,ok,True,ok,71,71
exp_b,exp_b__gsm8k_test_000462__canonical__no_think,gsm8k_test_000462,no_think,canonical,,full_output,13,10,False,56,56,True,12.331421852111816,,ok,True,ok,71,71
exp_b,exp_b__gsm8k_test_000462__canonical__no_think,gsm8k_test_000462,no_think,canonical,,full_output,20,10,False,56,56,True,12.050137519836426,,ok,True,ok,71,71
exp_b,exp_b__gsm8k_test_000462__canonical__no_think,gsm8k_test_000462,no_think,canonical,,answer_segment,6,10,False,56,56,True,12.547117233276367,,ok,True,ok,71,71
exp_b,exp_b__gsm8k_test_000462__canonical__no_think,gsm8k_test_000462,no_think,canonical,,answer_segment,13,10,False,56,56,True,12.331421852111816,,ok,True,ok,71,71
exp_b,exp_b__gsm8k_test_000462__canonical__no_think,gsm8k_test_000462,no_think,canonical,,answer_segment,20,10,False,56,56,True,12.050137519836426,,ok,True,ok,71,71
exp_b,exp_b__gsm8k_test_000462__irrelevant_context__no_think,gsm8k_test_000462,no_think,irrelevant_context,,full_output,6,10,False,51,51,True,13.24459171295166,,ok,True,ok,71,71
exp_b,exp_b__gsm8k_test_000462__irrelevant_context__no_think,gsm8k_test_000462,no_think,irrelevant_context,,full_output,13,10,False,51,51,True,12.74876594543457,,ok,True,ok,71,71
exp_b,exp_b__gsm8k_test_000462__irrelevant_context__no_think,gsm8k_test_000462,no_think,irrelevant_context,,full_output,20,10,False,51,51,True,12.157663345336914,,ok,True,ok,71,71
exp_b,exp_b__gsm8k_test_000462__irrelevant_context__no_think,gsm8k_test_000462,no_think,irrelevant_context,,answer_segment,6,10,False,51,51,True,13.24459171295166,,ok,True,ok,71,71
exp_b,exp_b__gsm8k_test_000462__irrelevant_context__no_think,gsm8k_test_000462,no_think,irrelevant_context,,answer_segment,13,10,False,51,51,True,12.74876594543457,,ok,True,ok,71,71
exp_b,exp_b__gsm8k_test_000462__irrelevant_context__no_think,gsm8k_test_000462,no_think,irrelevant_context,,answer_segment,20,10,False,51,51,True,12.157663345336914,,ok,True,ok,71,71
exp_b,exp_b__gsm8k_test_000462__repetitive_filler__no_think,gsm8k_test_000462,no_think,repetitive_filler,,full_output,6,10,False,53,53,True,13.461687088012695,,ok,True,ok,71,71
exp_b,exp_b__gsm8k_test_000462__repetitive_filler__no_think,gsm8k_test_000462,no_think,repetitive_filler,,full_output,13,10,False,53,53,True,12.108048439025879,,ok,True,ok,71,71
exp_b,exp_b__gsm8k_test_000462__repetitive_filler__no_think,gsm8k_test_000462,no_think,repetitive_filler,,full_output,20,10,False,53,53,True,13.059747695922852,,ok,True,ok,71,71
exp_b,exp_b__gsm8k_test_000462__repetitive_filler__no_think,gsm8k_test_000462,no_think,repetitive_filler,,answer_segment,6,10,False,53,53,True,13.461687088012695,,ok,True,ok,71,71
exp_b,exp_b__gsm8k_test_000462__repetitive_filler__no_think,gsm8k_test_000462,no_think,repetitive_filler,,answer_segment,13,10,False,53,53,True,12.108048439025879,,ok,True,ok,71,71
exp_b,exp_b__gsm8k_test_000462__repetitive_filler__no_think,gsm8k_test_000462,no_think,repetitive_filler,,answer_segment,20,10,False,53,53,True,13.059747695922852,,ok,True,ok,71,71
exp_b,exp_b__gsm8k_test_000464__canonical__no_think,gsm8k_test_000464,no_think,canonical,,full_output,6,10,False,47,47,True,12.757026672363281,,ok,True,ok,6,6
exp_b,exp_b__gsm8k_test_000464__canonical__no_think,gsm8k_test_000464,no_think,canonical,,full_output,13,10,False,47,47,True,11.319336891174316,,ok,True,ok,6,6
exp_b,exp_b__gsm8k_test_000464__canonical__no_think,gsm8k_test_000464,no_think,canonical,,full_output,20,10,False,47,47,True,10.713807106018066,,ok,True,ok,6,6
exp_b,exp_b__gsm8k_test_000464__canonical__no_think,gsm8k_test_000464,no_think,canonical,,answer_segment,6,10,False,47,47,True,12.757026672363281,,ok,True,ok,6,6
exp_b,exp_b__gsm8k_test_000464__canonical__no_think,gsm8k_test_000464,no_think,canonical,,answer_segment,13,10,False,47,47,True,11.319336891174316,,ok,True,ok,6,6
exp_b,exp_b__gsm8k_test_000464__canonical__no_think,gsm8k_test_000464,no_think,canonical,,answer_segment,20,10,False,47,47,True,10.713807106018066,,ok,True,ok,6,6
exp_b,exp_b__gsm8k_test_000464__irrelevant_context__no_think,gsm8k_test_000464,no_think,irrelevant_context,,full_output,6,10,False,50,50,True,13.753259658813477,,ok,False,ok,6,4
exp_b,exp_b__gsm8k_test_000464__irrelevant_context__no_think,gsm8k_test_000464,no_think,irrelevant_context,,full_output,13,10,False,50,50,True,12.023751258850098,,ok,False,ok,6,4
exp_b,exp_b__gsm8k_test_000464__irrelevant_context__no_think,gsm8k_test_000464,no_think,irrelevant_context,,full_output,20,10,False,50,50,True,10.755889892578125,,ok,False,ok,6,4
exp_b,exp_b__gsm8k_test_000464__irrelevant_context__no_think,gsm8k_test_000464,no_think,irrelevant_context,,answer_segment,6,10,False,50,50,True,13.753259658813477,,ok,False,ok,6,4
exp_b,exp_b__gsm8k_test_000464__irrelevant_context__no_think,gsm8k_test_000464,no_think,irrelevant_context,,answer_segment,13,10,False,50,50,True,12.023751258850098,,ok,False,ok,6,4
exp_b,exp_b__gsm8k_test_000464__irrelevant_context__no_think,gsm8k_test_000464,no_think,irrelevant_context,,answer_segment,20,10,False,50,50,True,10.755889892578125,,ok,False,ok,6,4
exp_b,exp_b__gsm8k_test_000464__repetitive_filler__no_think,gsm8k_test_000464,no_think,repetitive_filler,,full_output,6,10,False,47,47,True,12.400333404541016,,ok,False,ok,6,4
exp_b,exp_b__gsm8k_test_000464__repetitive_filler__no_think,gsm8k_test_000464,no_think,repetitive_filler,,full_output,13,10,False,47,47,True,11.5299711227417,,ok,False,ok,6,4
exp_b,exp_b__gsm8k_test_000464__repetitive_filler__no_think,gsm8k_test_000464,no_think,repetitive_filler,,full_output,20,10,False,47,47,True,10.993270874023438,,ok,False,ok,6,4
exp_b,exp_b__gsm8k_test_000464__repetitive_filler__no_think,gsm8k_test_000464,no_think,repetitive_filler,,answer_segment,6,10,False,47,47,True,12.400333404541016,,ok,False,ok,6,4
exp_b,exp_b__gsm8k_test_000464__repetitive_filler__no_think,gsm8k_test_000464,no_think,repetitive_filler,,answer_segment,13,10,False,47,47,True,11.5299711227417,,ok,False,ok,6,4
exp_b,exp_b__gsm8k_test_000464__repetitive_filler__no_think,gsm8k_test_000464,no_think,repetitive_filler,,answer_segment,20,10,False,47,47,True,10.993270874023438,,ok,False,ok,6,4
exp_b,exp_b__gsm8k_test_000486__canonical__no_think,gsm8k_test_000486,no_think,canonical,,full_output,6,10,False,37,37,True,11.523048400878906,,ok,True,ok,6,6
exp_b,exp_b__gsm8k_test_000486__canonical__no_think,gsm8k_test_000486,no_think,canonical,,full_output,13,10,False,37,37,True,13.149682998657227,,ok,True,ok,6,6
exp_b,exp_b__gsm8k_test_000486__canonical__no_think,gsm8k_test_000486,no_think,canonical,,full_output,20,10,False,37,37,True,12.162014961242676,,ok,True,ok,6,6
exp_b,exp_b__gsm8k_test_000486__canonical__no_think,gsm8k_test_000486,no_think,canonical,,answer_segment,6,10,False,37,37,True,11.523048400878906,,ok,True,ok,6,6
exp_b,exp_b__gsm8k_test_000486__canonical__no_think,gsm8k_test_000486,no_think,canonical,,answer_segment,13,10,False,37,37,True,13.149682998657227,,ok,True,ok,6,6
exp_b,exp_b__gsm8k_test_000486__canonical__no_think,gsm8k_test_000486,no_think,canonical,,answer_segment,20,10,False,37,37,True,12.162014961242676,,ok,True,ok,6,6
exp_b,exp_b__gsm8k_test_000486__irrelevant_context__no_think,gsm8k_test_000486,no_think,irrelevant_context,,full_output,6,10,False,37,37,True,11.536894798278809,,ok,True,ok,6,6
exp_b,exp_b__gsm8k_test_000486__irrelevant_context__no_think,gsm8k_test_000486,no_think,irrelevant_context,,full_output,13,10,False,37,37,True,13.800684928894043,,ok,True,ok,6,6
exp_b,exp_b__gsm8k_test_000486__irrelevant_context__no_think,gsm8k_test_000486,no_think,irrelevant_context,,full_output,20,10,False,37,37,True,12.694215774536133,,ok,True,ok,6,6
exp_b,exp_b__gsm8k_test_000486__irrelevant_context__no_think,gsm8k_test_000486,no_think,irrelevant_context,,answer_segment,6,10,False,37,37,True,11.536894798278809,,ok,True,ok,6,6
exp_b,exp_b__gsm8k_test_000486__irrelevant_context__no_think,gsm8k_test_000486,no_think,irrelevant_context,,answer_segment,13,10,False,37,37,True,13.800684928894043,,ok,True,ok,6,6
exp_b,exp_b__gsm8k_test_000486__irrelevant_context__no_think,gsm8k_test_000486,no_think,irrelevant_context,,answer_segment,20,10,False,37,37,True,12.694215774536133,,ok,True,ok,6,6
exp_b,exp_b__gsm8k_test_000486__repetitive_filler__no_think,gsm8k_test_000486,no_think,repetitive_filler,,full_output,6,10,False,37,37,True,11.632319450378418,,ok,True,ok,6,6
exp_b,exp_b__gsm8k_test_000486__repetitive_filler__no_think,gsm8k_test_000486,no_think,repetitive_filler,,full_output,13,10,False,37,37,True,12.999948501586914,,ok,True,ok,6,6
exp_b,exp_b__gsm8k_test_000486__repetitive_filler__no_think,gsm8k_test_000486,no_think,repetitive_filler,,full_output,20,10,False,37,37,True,12.158474922180176,,ok,True,ok,6,6
exp_b,exp_b__gsm8k_test_000486__repetitive_filler__no_think,gsm8k_test_000486,no_think,repetitive_filler,,answer_segment,6,10,False,37,37,True,11.632319450378418,,ok,True,ok,6,6
exp_b,exp_b__gsm8k_test_000486__repetitive_filler__no_think,gsm8k_test_000486,no_think,repetitive_filler,,answer_segment,13,10,False,37,37,True,12.999948501586914,,ok,True,ok,6,6
exp_b,exp_b__gsm8k_test_000486__repetitive_filler__no_think,gsm8k_test_000486,no_think,repetitive_filler,,answer_segment,20,10,False,37,37,True,12.158474922180176,,ok,True,ok,6,6
exp_b,exp_b__gsm8k_test_000513__canonical__no_think,gsm8k_test_000513,no_think,canonical,,full_output,6,10,False,63,63,True,10.512022018432617,,ok,True,ok,300,300
exp_b,exp_b__gsm8k_test_000513__canonical__no_think,gsm8k_test_000513,no_think,canonical,,full_output,13,10,False,63,63,True,11.257335662841797,,ok,True,ok,300,300
exp_b,exp_b__gsm8k_test_000513__canonical__no_think,gsm8k_test_000513,no_think,canonical,,full_output,20,10,False,63,63,True,10.531269073486328,,ok,True,ok,300,300
exp_b,exp_b__gsm8k_test_000513__canonical__no_think,gsm8k_test_000513,no_think,canonical,,answer_segment,6,10,False,63,63,True,10.512022018432617,,ok,True,ok,300,300
exp_b,exp_b__gsm8k_test_000513__canonical__no_think,gsm8k_test_000513,no_think,canonical,,answer_segment,13,10,False,63,63,True,11.257335662841797,,ok,True,ok,300,300
exp_b,exp_b__gsm8k_test_000513__canonical__no_think,gsm8k_test_000513,no_think,canonical,,answer_segment,20,10,False,63,63,True,10.531269073486328,,ok,True,ok,300,300
exp_b,exp_b__gsm8k_test_000513__irrelevant_context__no_think,gsm8k_test_000513,no_think,irrelevant_context,,full_output,6,10,False,71,71,True,12.293404579162598,,ok,True,ok,300,300
exp_b,exp_b__gsm8k_test_000513__irrelevant_context__no_think,gsm8k_test_000513,no_think,irrelevant_context,,full_output,13,10,False,71,71,True,10.336383819580078,,ok,True,ok,300,300
exp_b,exp_b__gsm8k_test_000513__irrelevant_context__no_think,gsm8k_test_000513,no_think,irrelevant_context,,full_output,20,10,False,71,71,True,10.598653793334961,,ok,True,ok,300,300
exp_b,exp_b__gsm8k_test_000513__irrelevant_context__no_think,gsm8k_test_000513,no_think,irrelevant_context,,answer_segment,6,10,False,71,71,True,12.293404579162598,,ok,True,ok,300,300
exp_b,exp_b__gsm8k_test_000513__irrelevant_context__no_think,gsm8k_test_000513,no_think,irrelevant_context,,answer_segment,13,10,False,71,71,True,10.336383819580078,,ok,True,ok,300,300
exp_b,exp_b__gsm8k_test_000513__irrelevant_context__no_think,gsm8k_test_000513,no_think,irrelevant_context,,answer_segment,20,10,False,71,71,True,10.598653793334961,,ok,True,ok,300,300
exp_b,exp_b__gsm8k_test_000513__repetitive_filler__no_think,gsm8k_test_000513,no_think,repetitive_filler,,full_output,6,10,False,73,73,True,12.092141151428223,,ok,True,ok,300,300
exp_b,exp_b__gsm8k_test_000513__repetitive_filler__no_think,gsm8k_test_000513,no_think,repetitive_filler,,full_output,13,10,False,73,73,True,10.53759765625,,ok,True,ok,300,300
exp_b,exp_b__gsm8k_test_000513__repetitive_filler__no_think,gsm8k_test_000513,no_think,repetitive_filler,,full_output,20,10,False,73,73,True,10.56423568725586,,ok,True,ok,300,300
exp_b,exp_b__gsm8k_test_000513__repetitive_filler__no_think,gsm8k_test_000513,no_think,repetitive_filler,,answer_segment,6,10,False,73,73,True,12.092141151428223,,ok,True,ok,300,300
exp_b,exp_b__gsm8k_test_000513__repetitive_filler__no_think,gsm8k_test_000513,no_think,repetitive_filler,,answer_segment,13,10,False,73,73,True,10.53759765625,,ok,True,ok,300,300
exp_b,exp_b__gsm8k_test_000513__repetitive_filler__no_think,gsm8k_test_000513,no_think,repetitive_filler,,answer_segment,20,10,False,73,73,True,10.56423568725586,,ok,True,ok,300,300
exp_b,exp_b__gsm8k_test_000545__canonical__no_think,gsm8k_test_000545,no_think,canonical,,full_output,6,10,False,44,44,True,14.905526161193848,,ok,True,ok,30,30
exp_b,exp_b__gsm8k_test_000545__canonical__no_think,gsm8k_test_000545,no_think,canonical,,full_output,13,10,False,44,44,True,11.302042961120605,,ok,True,ok,30,30
exp_b,exp_b__gsm8k_test_000545__canonical__no_think,gsm8k_test_000545,no_think,canonical,,full_output,20,10,False,44,44,True,11.354970932006836,,ok,True,ok,30,30
exp_b,exp_b__gsm8k_test_000545__canonical__no_think,gsm8k_test_000545,no_think,canonical,,answer_segment,6,10,False,44,44,True,14.905526161193848,,ok,True,ok,30,30
exp_b,exp_b__gsm8k_test_000545__canonical__no_think,gsm8k_test_000545,no_think,canonical,,answer_segment,13,10,False,44,44,True,11.302042961120605,,ok,True,ok,30,30
exp_b,exp_b__gsm8k_test_000545__canonical__no_think,gsm8k_test_000545,no_think,canonical,,answer_segment,20,10,False,44,44,True,11.354970932006836,,ok,True,ok,30,30
exp_b,exp_b__gsm8k_test_000545__irrelevant_context__no_think,gsm8k_test_000545,no_think,irrelevant_context,,full_output,6,10,False,55,55,True,18.915874481201172,,ok,True,ok,30,30
exp_b,exp_b__gsm8k_test_000545__irrelevant_context__no_think,gsm8k_test_000545,no_think,irrelevant_context,,full_output,13,10,False,55,55,True,12.762626647949219,,ok,True,ok,30,30
exp_b,exp_b__gsm8k_test_000545__irrelevant_context__no_think,gsm8k_test_000545,no_think,irrelevant_context,,full_output,20,10,False,55,55,True,12.358633041381836,,ok,True,ok,30,30
exp_b,exp_b__gsm8k_test_000545__irrelevant_context__no_think,gsm8k_test_000545,no_think,irrelevant_context,,answer_segment,6,10,False,55,55,True,18.915874481201172,,ok,True,ok,30,30
exp_b,exp_b__gsm8k_test_000545__irrelevant_context__no_think,gsm8k_test_000545,no_think,irrelevant_context,,answer_segment,13,10,False,55,55,True,12.762626647949219,,ok,True,ok,30,30
exp_b,exp_b__gsm8k_test_000545__irrelevant_context__no_think,gsm8k_test_000545,no_think,irrelevant_context,,answer_segment,20,10,False,55,55,True,12.358633041381836,,ok,True,ok,30,30
exp_b,exp_b__gsm8k_test_000545__repetitive_filler__no_think,gsm8k_test_000545,no_think,repetitive_filler,,full_output,6,10,False,41,41,True,12.561807632446289,,ok,True,ok,30,30
exp_b,exp_b__gsm8k_test_000545__repetitive_filler__no_think,gsm8k_test_000545,no_think,repetitive_filler,,full_output,13,10,False,41,41,True,11.525897979736328,,ok,True,ok,30,30
exp_b,exp_b__gsm8k_test_000545__repetitive_filler__no_think,gsm8k_test_000545,no_think,repetitive_filler,,full_output,20,10,False,41,41,True,11.922056198120117,,ok,True,ok,30,30
exp_b,exp_b__gsm8k_test_000545__repetitive_filler__no_think,gsm8k_test_000545,no_think,repetitive_filler,,answer_segment,6,10,False,41,41,True,12.561807632446289,,ok,True,ok,30,30
exp_b,exp_b__gsm8k_test_000545__repetitive_filler__no_think,gsm8k_test_000545,no_think,repetitive_filler,,answer_segment,13,10,False,41,41,True,11.525897979736328,,ok,True,ok,30,30
exp_b,exp_b__gsm8k_test_000545__repetitive_filler__no_think,gsm8k_test_000545,no_think,repetitive_filler,,answer_segment,20,10,False,41,41,True,11.922056198120117,,ok,True,ok,30,30
exp_b,exp_b__gsm8k_test_000547__canonical__no_think,gsm8k_test_000547,no_think,canonical,,full_output,6,10,False,34,34,True,10.637667655944824,,ok,True,ok,81,81
exp_b,exp_b__gsm8k_test_000547__canonical__no_think,gsm8k_test_000547,no_think,canonical,,full_output,13,10,False,34,34,True,10.358905792236328,,ok,True,ok,81,81
exp_b,exp_b__gsm8k_test_000547__canonical__no_think,gsm8k_test_000547,no_think,canonical,,full_output,20,10,False,34,34,True,11.339723587036133,,ok,True,ok,81,81
exp_b,exp_b__gsm8k_test_000547__canonical__no_think,gsm8k_test_000547,no_think,canonical,,answer_segment,6,10,False,34,34,True,10.637667655944824,,ok,True,ok,81,81
exp_b,exp_b__gsm8k_test_000547__canonical__no_think,gsm8k_test_000547,no_think,canonical,,answer_segment,13,10,False,34,34,True,10.358905792236328,,ok,True,ok,81,81
exp_b,exp_b__gsm8k_test_000547__canonical__no_think,gsm8k_test_000547,no_think,canonical,,answer_segment,20,10,False,34,34,True,11.339723587036133,,ok,True,ok,81,81
exp_b,exp_b__gsm8k_test_000547__irrelevant_context__no_think,gsm8k_test_000547,no_think,irrelevant_context,,full_output,6,10,False,31,31,True,10.397456169128418,,ok,True,ok,81,81
exp_b,exp_b__gsm8k_test_000547__irrelevant_context__no_think,gsm8k_test_000547,no_think,irrelevant_context,,full_output,13,10,False,31,31,True,9.96981143951416,,ok,True,ok,81,81
exp_b,exp_b__gsm8k_test_000547__irrelevant_context__no_think,gsm8k_test_000547,no_think,irrelevant_context,,full_output,20,10,False,31,31,True,10.329413414001465,,ok,True,ok,81,81
exp_b,exp_b__gsm8k_test_000547__irrelevant_context__no_think,gsm8k_test_000547,no_think,irrelevant_context,,answer_segment,6,10,False,31,31,True,10.397456169128418,,ok,True,ok,81,81
exp_b,exp_b__gsm8k_test_000547__irrelevant_context__no_think,gsm8k_test_000547,no_think,irrelevant_context,,answer_segment,13,10,False,31,31,True,9.96981143951416,,ok,True,ok,81,81
exp_b,exp_b__gsm8k_test_000547__irrelevant_context__no_think,gsm8k_test_000547,no_think,irrelevant_context,,answer_segment,20,10,False,31,31,True,10.329413414001465,,ok,True,ok,81,81
exp_b,exp_b__gsm8k_test_000547__repetitive_filler__no_think,gsm8k_test_000547,no_think,repetitive_filler,,full_output,6,10,False,34,34,True,10.844118118286133,,ok,True,ok,81,81
exp_b,exp_b__gsm8k_test_000547__repetitive_filler__no_think,gsm8k_test_000547,no_think,repetitive_filler,,full_output,13,10,False,34,34,True,10.392330169677734,,ok,True,ok,81,81
exp_b,exp_b__gsm8k_test_000547__repetitive_filler__no_think,gsm8k_test_000547,no_think,repetitive_filler,,full_output,20,10,False,34,34,True,11.593360900878906,,ok,True,ok,81,81
exp_b,exp_b__gsm8k_test_000547__repetitive_filler__no_think,gsm8k_test_000547,no_think,repetitive_filler,,answer_segment,6,10,False,34,34,True,10.844118118286133,,ok,True,ok,81,81
exp_b,exp_b__gsm8k_test_000547__repetitive_filler__no_think,gsm8k_test_000547,no_think,repetitive_filler,,answer_segment,13,10,False,34,34,True,10.392330169677734,,ok,True,ok,81,81
exp_b,exp_b__gsm8k_test_000547__repetitive_filler__no_think,gsm8k_test_000547,no_think,repetitive_filler,,answer_segment,20,10,False,34,34,True,11.593360900878906,,ok,True,ok,81,81
exp_b,exp_b__gsm8k_test_000552__canonical__no_think,gsm8k_test_000552,no_think,canonical,,full_output,6,10,False,57,57,True,9.704914093017578,,ok,False,ok,450,650
exp_b,exp_b__gsm8k_test_000552__canonical__no_think,gsm8k_test_000552,no_think,canonical,,full_output,13,10,False,57,57,True,10.431594848632812,,ok,False,ok,450,650
exp_b,exp_b__gsm8k_test_000552__canonical__no_think,gsm8k_test_000552,no_think,canonical,,full_output,20,10,False,57,57,True,10.781365394592285,,ok,False,ok,450,650
exp_b,exp_b__gsm8k_test_000552__canonical__no_think,gsm8k_test_000552,no_think,canonical,,answer_segment,6,10,False,57,57,True,9.704914093017578,,ok,False,ok,450,650
exp_b,exp_b__gsm8k_test_000552__canonical__no_think,gsm8k_test_000552,no_think,canonical,,answer_segment,13,10,False,57,57,True,10.431594848632812,,ok,False,ok,450,650
exp_b,exp_b__gsm8k_test_000552__canonical__no_think,gsm8k_test_000552,no_think,canonical,,answer_segment,20,10,False,57,57,True,10.781365394592285,,ok,False,ok,450,650
exp_b,exp_b__gsm8k_test_000552__irrelevant_context__no_think,gsm8k_test_000552,no_think,irrelevant_context,,full_output,6,10,False,70,70,True,11.518089294433594,,ok,False,ok,450,900
exp_b,exp_b__gsm8k_test_000552__irrelevant_context__no_think,gsm8k_test_000552,no_think,irrelevant_context,,full_output,13,10,False,70,70,True,12.16996955871582,,ok,False,ok,450,900
exp_b,exp_b__gsm8k_test_000552__irrelevant_context__no_think,gsm8k_test_000552,no_think,irrelevant_context,,full_output,20,10,False,70,70,True,11.250268936157227,,ok,False,ok,450,900
exp_b,exp_b__gsm8k_test_000552__irrelevant_context__no_think,gsm8k_test_000552,no_think,irrelevant_context,,answer_segment,6,10,False,70,70,True,11.518089294433594,,ok,False,ok,450,900
exp_b,exp_b__gsm8k_test_000552__irrelevant_context__no_think,gsm8k_test_000552,no_think,irrelevant_context,,answer_segment,13,10,False,70,70,True,12.16996955871582,,ok,False,ok,450,900
exp_b,exp_b__gsm8k_test_000552__irrelevant_context__no_think,gsm8k_test_000552,no_think,irrelevant_context,,answer_segment,20,10,False,70,70,True,11.250268936157227,,ok,False,ok,450,900
exp_b,exp_b__gsm8k_test_000552__repetitive_filler__no_think,gsm8k_test_000552,no_think,repetitive_filler,,full_output,6,10,False,57,57,True,9.356996536254883,,ok,False,ok,450,700
exp_b,exp_b__gsm8k_test_000552__repetitive_filler__no_think,gsm8k_test_000552,no_think,repetitive_filler,,full_output,13,10,False,57,57,True,10.176351547241211,,ok,False,ok,450,700
exp_b,exp_b__gsm8k_test_000552__repetitive_filler__no_think,gsm8k_test_000552,no_think,repetitive_filler,,full_output,20,10,False,57,57,True,10.876051902770996,,ok,False,ok,450,700
exp_b,exp_b__gsm8k_test_000552__repetitive_filler__no_think,gsm8k_test_000552,no_think,repetitive_filler,,answer_segment,6,10,False,57,57,True,9.356996536254883,,ok,False,ok,450,700
exp_b,exp_b__gsm8k_test_000552__repetitive_filler__no_think,gsm8k_test_000552,no_think,repetitive_filler,,answer_segment,13,10,False,57,57,True,10.176351547241211,,ok,False,ok,450,700
exp_b,exp_b__gsm8k_test_000552__repetitive_filler__no_think,gsm8k_test_000552,no_think,repetitive_filler,,answer_segment,20,10,False,57,57,True,10.876051902770996,,ok,False,ok,450,700
exp_b,exp_b__gsm8k_test_000557__canonical__no_think,gsm8k_test_000557,no_think,canonical,,full_output,6,10,False,54,54,True,10.752104759216309,,ok,False,ok,70,68
exp_b,exp_b__gsm8k_test_000557__canonical__no_think,gsm8k_test_000557,no_think,canonical,,full_output,13,10,False,54,54,True,10.831876754760742,,ok,False,ok,70,68
exp_b,exp_b__gsm8k_test_000557__canonical__no_think,gsm8k_test_000557,no_think,canonical,,full_output,20,10,False,54,54,True,11.26984977722168,,ok,False,ok,70,68
exp_b,exp_b__gsm8k_test_000557__canonical__no_think,gsm8k_test_000557,no_think,canonical,,answer_segment,6,10,False,54,54,True,10.752104759216309,,ok,False,ok,70,68
exp_b,exp_b__gsm8k_test_000557__canonical__no_think,gsm8k_test_000557,no_think,canonical,,answer_segment,13,10,False,54,54,True,10.831876754760742,,ok,False,ok,70,68
exp_b,exp_b__gsm8k_test_000557__canonical__no_think,gsm8k_test_000557,no_think,canonical,,answer_segment,20,10,False,54,54,True,11.26984977722168,,ok,False,ok,70,68
exp_b,exp_b__gsm8k_test_000557__irrelevant_context__no_think,gsm8k_test_000557,no_think,irrelevant_context,,full_output,6,10,False,54,54,True,10.73373794555664,,ok,False,ok,70,68
exp_b,exp_b__gsm8k_test_000557__irrelevant_context__no_think,gsm8k_test_000557,no_think,irrelevant_context,,full_output,13,10,False,54,54,True,10.91318130493164,,ok,False,ok,70,68
exp_b,exp_b__gsm8k_test_000557__irrelevant_context__no_think,gsm8k_test_000557,no_think,irrelevant_context,,full_output,20,10,False,54,54,True,11.549718856811523,,ok,False,ok,70,68
exp_b,exp_b__gsm8k_test_000557__irrelevant_context__no_think,gsm8k_test_000557,no_think,irrelevant_context,,answer_segment,6,10,False,54,54,True,10.73373794555664,,ok,False,ok,70,68
exp_b,exp_b__gsm8k_test_000557__irrelevant_context__no_think,gsm8k_test_000557,no_think,irrelevant_context,,answer_segment,13,10,False,54,54,True,10.91318130493164,,ok,False,ok,70,68
exp_b,exp_b__gsm8k_test_000557__irrelevant_context__no_think,gsm8k_test_000557,no_think,irrelevant_context,,answer_segment,20,10,False,54,54,True,11.549718856811523,,ok,False,ok,70,68
exp_b,exp_b__gsm8k_test_000557__repetitive_filler__no_think,gsm8k_test_000557,no_think,repetitive_filler,,full_output,6,10,False,58,58,True,10.441600799560547,,ok,False,ok,70,88
exp_b,exp_b__gsm8k_test_000557__repetitive_filler__no_think,gsm8k_test_000557,no_think,repetitive_filler,,full_output,13,10,False,58,58,True,10.846723556518555,,ok,False,ok,70,88
exp_b,exp_b__gsm8k_test_000557__repetitive_filler__no_think,gsm8k_test_000557,no_think,repetitive_filler,,full_output,20,10,False,58,58,True,11.109436988830566,,ok,False,ok,70,88
exp_b,exp_b__gsm8k_test_000557__repetitive_filler__no_think,gsm8k_test_000557,no_think,repetitive_filler,,answer_segment,6,10,False,58,58,True,10.441600799560547,,ok,False,ok,70,88
exp_b,exp_b__gsm8k_test_000557__repetitive_filler__no_think,gsm8k_test_000557,no_think,repetitive_filler,,answer_segment,13,10,False,58,58,True,10.846723556518555,,ok,False,ok,70,88
exp_b,exp_b__gsm8k_test_000557__repetitive_filler__no_think,gsm8k_test_000557,no_think,repetitive_filler,,answer_segment,20,10,False,58,58,True,11.109436988830566,,ok,False,ok,70,88
exp_b,exp_b__gsm8k_test_000558__canonical__no_think,gsm8k_test_000558,no_think,canonical,,full_output,6,10,False,50,50,True,12.071581840515137,,ok,True,ok,3,3
exp_b,exp_b__gsm8k_test_000558__canonical__no_think,gsm8k_test_000558,no_think,canonical,,full_output,13,10,False,50,50,True,11.216765403747559,,ok,True,ok,3,3
exp_b,exp_b__gsm8k_test_000558__canonical__no_think,gsm8k_test_000558,no_think,canonical,,full_output,20,10,False,50,50,True,10.834329605102539,,ok,True,ok,3,3
exp_b,exp_b__gsm8k_test_000558__canonical__no_think,gsm8k_test_000558,no_think,canonical,,answer_segment,6,10,False,50,50,True,12.071581840515137,,ok,True,ok,3,3
exp_b,exp_b__gsm8k_test_000558__canonical__no_think,gsm8k_test_000558,no_think,canonical,,answer_segment,13,10,False,50,50,True,11.216765403747559,,ok,True,ok,3,3
exp_b,exp_b__gsm8k_test_000558__canonical__no_think,gsm8k_test_000558,no_think,canonical,,answer_segment,20,10,False,50,50,True,10.834329605102539,,ok,True,ok,3,3
exp_b,exp_b__gsm8k_test_000558__irrelevant_context__no_think,gsm8k_test_000558,no_think,irrelevant_context,,full_output,6,10,False,39,39,True,9.134814262390137,,ok,True,ok,3,3
exp_b,exp_b__gsm8k_test_000558__irrelevant_context__no_think,gsm8k_test_000558,no_think,irrelevant_context,,full_output,13,10,False,39,39,True,10.661993026733398,,ok,True,ok,3,3
exp_b,exp_b__gsm8k_test_000558__irrelevant_context__no_think,gsm8k_test_000558,no_think,irrelevant_context,,full_output,20,10,False,39,39,True,10.317506790161133,,ok,True,ok,3,3
exp_b,exp_b__gsm8k_test_000558__irrelevant_context__no_think,gsm8k_test_000558,no_think,irrelevant_context,,answer_segment,6,10,False,39,39,True,9.134814262390137,,ok,True,ok,3,3
exp_b,exp_b__gsm8k_test_000558__irrelevant_context__no_think,gsm8k_test_000558,no_think,irrelevant_context,,answer_segment,13,10,False,39,39,True,10.661993026733398,,ok,True,ok,3,3
exp_b,exp_b__gsm8k_test_000558__irrelevant_context__no_think,gsm8k_test_000558,no_think,irrelevant_context,,answer_segment,20,10,False,39,39,True,10.317506790161133,,ok,True,ok,3,3
exp_b,exp_b__gsm8k_test_000558__repetitive_filler__no_think,gsm8k_test_000558,no_think,repetitive_filler,,full_output,6,10,False,42,42,True,12.8233060836792,,ok,True,ok,3,3
exp_b,exp_b__gsm8k_test_000558__repetitive_filler__no_think,gsm8k_test_000558,no_think,repetitive_filler,,full_output,13,10,False,42,42,True,10.504801750183105,,ok,True,ok,3,3
exp_b,exp_b__gsm8k_test_000558__repetitive_filler__no_think,gsm8k_test_000558,no_think,repetitive_filler,,full_output,20,10,False,42,42,True,11.126229286193848,,ok,True,ok,3,3
exp_b,exp_b__gsm8k_test_000558__repetitive_filler__no_think,gsm8k_test_000558,no_think,repetitive_filler,,answer_segment,6,10,False,42,42,True,12.8233060836792,,ok,True,ok,3,3
exp_b,exp_b__gsm8k_test_000558__repetitive_filler__no_think,gsm8k_test_000558,no_think,repetitive_filler,,answer_segment,13,10,False,42,42,True,10.504801750183105,,ok,True,ok,3,3
exp_b,exp_b__gsm8k_test_000558__repetitive_filler__no_think,gsm8k_test_000558,no_think,repetitive_filler,,answer_segment,20,10,False,42,42,True,11.126229286193848,,ok,True,ok,3,3
exp_b,exp_b__gsm8k_test_000561__canonical__no_think,gsm8k_test_000561,no_think,canonical,,full_output,6,10,False,65,65,True,13.339526176452637,,ok,False,ok,180,146.67
exp_b,exp_b__gsm8k_test_000561__canonical__no_think,gsm8k_test_000561,no_think,canonical,,full_output,13,10,False,65,65,True,10.759078979492188,,ok,False,ok,180,146.67
exp_b,exp_b__gsm8k_test_000561__canonical__no_think,gsm8k_test_000561,no_think,canonical,,full_output,20,10,False,65,65,True,10.330467224121094,,ok,False,ok,180,146.67
exp_b,exp_b__gsm8k_test_000561__canonical__no_think,gsm8k_test_000561,no_think,canonical,,answer_segment,6,10,False,65,65,True,13.339526176452637,,ok,False,ok,180,146.67
exp_b,exp_b__gsm8k_test_000561__canonical__no_think,gsm8k_test_000561,no_think,canonical,,answer_segment,13,10,False,65,65,True,10.759078979492188,,ok,False,ok,180,146.67
exp_b,exp_b__gsm8k_test_000561__canonical__no_think,gsm8k_test_000561,no_think,canonical,,answer_segment,20,10,False,65,65,True,10.330467224121094,,ok,False,ok,180,146.67
exp_b,exp_b__gsm8k_test_000561__irrelevant_context__no_think,gsm8k_test_000561,no_think,irrelevant_context,,full_output,6,10,False,61,61,True,12.332637786865234,,ok,False,ok,180,150
exp_b,exp_b__gsm8k_test_000561__irrelevant_context__no_think,gsm8k_test_000561,no_think,irrelevant_context,,full_output,13,10,False,61,61,True,10.246137619018555,,ok,False,ok,180,150
exp_b,exp_b__gsm8k_test_000561__irrelevant_context__no_think,gsm8k_test_000561,no_think,irrelevant_context,,full_output,20,10,False,61,61,True,10.526269912719727,,ok,False,ok,180,150
exp_b,exp_b__gsm8k_test_000561__irrelevant_context__no_think,gsm8k_test_000561,no_think,irrelevant_context,,answer_segment,6,10,False,61,61,True,12.332637786865234,,ok,False,ok,180,150
exp_b,exp_b__gsm8k_test_000561__irrelevant_context__no_think,gsm8k_test_000561,no_think,irrelevant_context,,answer_segment,13,10,False,61,61,True,10.246137619018555,,ok,False,ok,180,150
exp_b,exp_b__gsm8k_test_000561__irrelevant_context__no_think,gsm8k_test_000561,no_think,irrelevant_context,,answer_segment,20,10,False,61,61,True,10.526269912719727,,ok,False,ok,180,150
exp_b,exp_b__gsm8k_test_000561__repetitive_filler__no_think,gsm8k_test_000561,no_think,repetitive_filler,,full_output,6,10,False,64,64,True,12.909209251403809,,ok,False,ok,180,146.67
exp_b,exp_b__gsm8k_test_000561__repetitive_filler__no_think,gsm8k_test_000561,no_think,repetitive_filler,,full_output,13,10,False,64,64,True,10.817742347717285,,ok,False,ok,180,146.67
exp_b,exp_b__gsm8k_test_000561__repetitive_filler__no_think,gsm8k_test_000561,no_think,repetitive_filler,,full_output,20,10,False,64,64,True,10.455921173095703,,ok,False,ok,180,146.67
exp_b,exp_b__gsm8k_test_000561__repetitive_filler__no_think,gsm8k_test_000561,no_think,repetitive_filler,,answer_segment,6,10,False,64,64,True,12.909209251403809,,ok,False,ok,180,146.67
exp_b,exp_b__gsm8k_test_000561__repetitive_filler__no_think,gsm8k_test_000561,no_think,repetitive_filler,,answer_segment,13,10,False,64,64,True,10.817742347717285,,ok,False,ok,180,146.67
exp_b,exp_b__gsm8k_test_000561__repetitive_filler__no_think,gsm8k_test_000561,no_think,repetitive_filler,,answer_segment,20,10,False,64,64,True,10.455921173095703,,ok,False,ok,180,146.67
exp_b,exp_b__gsm8k_test_000577__canonical__no_think,gsm8k_test_000577,no_think,canonical,,full_output,6,10,False,56,56,True,15.066923141479492,,ok,False,ok,40,38.57
exp_b,exp_b__gsm8k_test_000577__canonical__no_think,gsm8k_test_000577,no_think,canonical,,full_output,13,10,False,56,56,True,11.199716567993164,,ok,False,ok,40,38.57
exp_b,exp_b__gsm8k_test_000577__canonical__no_think,gsm8k_test_000577,no_think,canonical,,full_output,20,10,False,56,56,True,10.465977668762207,,ok,False,ok,40,38.57
exp_b,exp_b__gsm8k_test_000577__canonical__no_think,gsm8k_test_000577,no_think,canonical,,answer_segment,6,10,False,56,56,True,15.066923141479492,,ok,False,ok,40,38.57
exp_b,exp_b__gsm8k_test_000577__canonical__no_think,gsm8k_test_000577,no_think,canonical,,answer_segment,13,10,False,56,56,True,11.199716567993164,,ok,False,ok,40,38.57
exp_b,exp_b__gsm8k_test_000577__canonical__no_think,gsm8k_test_000577,no_think,canonical,,answer_segment,20,10,False,56,56,True,10.465977668762207,,ok,False,ok,40,38.57
exp_b,exp_b__gsm8k_test_000577__irrelevant_context__no_think,gsm8k_test_000577,no_think,irrelevant_context,,full_output,6,10,False,69,69,True,19.88701820373535,,ok,True,ok,40,40
exp_b,exp_b__gsm8k_test_000577__irrelevant_context__no_think,gsm8k_test_000577,no_think,irrelevant_context,,full_output,13,10,False,69,69,True,12.700118064880371,,ok,True,ok,40,40
exp_b,exp_b__gsm8k_test_000577__irrelevant_context__no_think,gsm8k_test_000577,no_think,irrelevant_context,,full_output,20,10,False,69,69,True,11.818312644958496,,ok,True,ok,40,40
exp_b,exp_b__gsm8k_test_000577__irrelevant_context__no_think,gsm8k_test_000577,no_think,irrelevant_context,,answer_segment,6,10,False,69,69,True,19.88701820373535,,ok,True,ok,40,40
exp_b,exp_b__gsm8k_test_000577__irrelevant_context__no_think,gsm8k_test_000577,no_think,irrelevant_context,,answer_segment,13,10,False,69,69,True,12.700118064880371,,ok,True,ok,40,40
exp_b,exp_b__gsm8k_test_000577__irrelevant_context__no_think,gsm8k_test_000577,no_think,irrelevant_context,,answer_segment,20,10,False,69,69,True,11.818312644958496,,ok,True,ok,40,40
exp_b,exp_b__gsm8k_test_000577__repetitive_filler__no_think,gsm8k_test_000577,no_think,repetitive_filler,,full_output,6,10,False,59,59,True,17.46885871887207,,ok,True,ok,40,40
exp_b,exp_b__gsm8k_test_000577__repetitive_filler__no_think,gsm8k_test_000577,no_think,repetitive_filler,,full_output,13,10,False,59,59,True,11.91299819946289,,ok,True,ok,40,40
exp_b,exp_b__gsm8k_test_000577__repetitive_filler__no_think,gsm8k_test_000577,no_think,repetitive_filler,,full_output,20,10,False,59,59,True,10.547207832336426,,ok,True,ok,40,40
exp_b,exp_b__gsm8k_test_000577__repetitive_filler__no_think,gsm8k_test_000577,no_think,repetitive_filler,,answer_segment,6,10,False,59,59,True,17.46885871887207,,ok,True,ok,40,40
exp_b,exp_b__gsm8k_test_000577__repetitive_filler__no_think,gsm8k_test_000577,no_think,repetitive_filler,,answer_segment,13,10,False,59,59,True,11.91299819946289,,ok,True,ok,40,40
exp_b,exp_b__gsm8k_test_000577__repetitive_filler__no_think,gsm8k_test_000577,no_think,repetitive_filler,,answer_segment,20,10,False,59,59,True,10.547207832336426,,ok,True,ok,40,40
exp_b,exp_b__gsm8k_test_000588__canonical__no_think,gsm8k_test_000588,no_think,canonical,,full_output,6,10,False,47,47,True,11.553557395935059,,ok,True,ok,52,52
exp_b,exp_b__gsm8k_test_000588__canonical__no_think,gsm8k_test_000588,no_think,canonical,,full_output,13,10,False,47,47,True,11.515843391418457,,ok,True,ok,52,52
exp_b,exp_b__gsm8k_test_000588__canonical__no_think,gsm8k_test_000588,no_think,canonical,,full_output,20,10,False,47,47,True,12.01157283782959,,ok,True,ok,52,52
exp_b,exp_b__gsm8k_test_000588__canonical__no_think,gsm8k_test_000588,no_think,canonical,,answer_segment,6,10,False,47,47,True,11.553557395935059,,ok,True,ok,52,52
exp_b,exp_b__gsm8k_test_000588__canonical__no_think,gsm8k_test_000588,no_think,canonical,,answer_segment,13,10,False,47,47,True,11.515843391418457,,ok,True,ok,52,52
exp_b,exp_b__gsm8k_test_000588__canonical__no_think,gsm8k_test_000588,no_think,canonical,,answer_segment,20,10,False,47,47,True,12.01157283782959,,ok,True,ok,52,52
exp_b,exp_b__gsm8k_test_000588__irrelevant_context__no_think,gsm8k_test_000588,no_think,irrelevant_context,,full_output,6,10,False,52,52,True,11.971945762634277,,ok,False,ok,52,51.333
exp_b,exp_b__gsm8k_test_000588__irrelevant_context__no_think,gsm8k_test_000588,no_think,irrelevant_context,,full_output,13,10,False,52,52,True,11.517850875854492,,ok,False,ok,52,51.333
exp_b,exp_b__gsm8k_test_000588__irrelevant_context__no_think,gsm8k_test_000588,no_think,irrelevant_context,,full_output,20,10,False,52,52,True,10.915584564208984,,ok,False,ok,52,51.333
exp_b,exp_b__gsm8k_test_000588__irrelevant_context__no_think,gsm8k_test_000588,no_think,irrelevant_context,,answer_segment,6,10,False,52,52,True,11.971945762634277,,ok,False,ok,52,51.333
exp_b,exp_b__gsm8k_test_000588__irrelevant_context__no_think,gsm8k_test_000588,no_think,irrelevant_context,,answer_segment,13,10,False,52,52,True,11.517850875854492,,ok,False,ok,52,51.333
exp_b,exp_b__gsm8k_test_000588__irrelevant_context__no_think,gsm8k_test_000588,no_think,irrelevant_context,,answer_segment,20,10,False,52,52,True,10.915584564208984,,ok,False,ok,52,51.333
exp_b,exp_b__gsm8k_test_000588__repetitive_filler__no_think,gsm8k_test_000588,no_think,repetitive_filler,,full_output,6,10,False,52,52,True,11.993356704711914,,ok,False,ok,52,51.333
exp_b,exp_b__gsm8k_test_000588__repetitive_filler__no_think,gsm8k_test_000588,no_think,repetitive_filler,,full_output,13,10,False,52,52,True,11.61109447479248,,ok,False,ok,52,51.333
exp_b,exp_b__gsm8k_test_000588__repetitive_filler__no_think,gsm8k_test_000588,no_think,repetitive_filler,,full_output,20,10,False,52,52,True,11.830727577209473,,ok,False,ok,52,51.333
exp_b,exp_b__gsm8k_test_000588__repetitive_filler__no_think,gsm8k_test_000588,no_think,repetitive_filler,,answer_segment,6,10,False,52,52,True,11.993356704711914,,ok,False,ok,52,51.333
exp_b,exp_b__gsm8k_test_000588__repetitive_filler__no_think,gsm8k_test_000588,no_think,repetitive_filler,,answer_segment,13,10,False,52,52,True,11.61109447479248,,ok,False,ok,52,51.333
exp_b,exp_b__gsm8k_test_000588__repetitive_filler__no_think,gsm8k_test_000588,no_think,repetitive_filler,,answer_segment,20,10,False,52,52,True,11.830727577209473,,ok,False,ok,52,51.333
exp_b,exp_b__gsm8k_test_000608__canonical__no_think,gsm8k_test_000608,no_think,canonical,,full_output,6,10,False,85,85,True,24.069849014282227,,ok,True,ok,8,8
exp_b,exp_b__gsm8k_test_000608__canonical__no_think,gsm8k_test_000608,no_think,canonical,,full_output,13,10,False,85,85,True,12.179740905761719,,ok,True,ok,8,8
exp_b,exp_b__gsm8k_test_000608__canonical__no_think,gsm8k_test_000608,no_think,canonical,,full_output,20,10,False,85,85,True,12.390764236450195,,ok,True,ok,8,8
exp_b,exp_b__gsm8k_test_000608__canonical__no_think,gsm8k_test_000608,no_think,canonical,,answer_segment,6,10,False,85,85,True,24.069849014282227,,ok,True,ok,8,8
exp_b,exp_b__gsm8k_test_000608__canonical__no_think,gsm8k_test_000608,no_think,canonical,,answer_segment,13,10,False,85,85,True,12.179740905761719,,ok,True,ok,8,8
exp_b,exp_b__gsm8k_test_000608__canonical__no_think,gsm8k_test_000608,no_think,canonical,,answer_segment,20,10,False,85,85,True,12.390764236450195,,ok,True,ok,8,8
exp_b,exp_b__gsm8k_test_000608__irrelevant_context__no_think,gsm8k_test_000608,no_think,irrelevant_context,,full_output,6,10,False,87,87,True,23.988037109375,,ok,True,ok,8,8
exp_b,exp_b__gsm8k_test_000608__irrelevant_context__no_think,gsm8k_test_000608,no_think,irrelevant_context,,full_output,13,10,False,87,87,True,12.85246467590332,,ok,True,ok,8,8
exp_b,exp_b__gsm8k_test_000608__irrelevant_context__no_think,gsm8k_test_000608,no_think,irrelevant_context,,full_output,20,10,False,87,87,True,12.212119102478027,,ok,True,ok,8,8
exp_b,exp_b__gsm8k_test_000608__irrelevant_context__no_think,gsm8k_test_000608,no_think,irrelevant_context,,answer_segment,6,10,False,87,87,True,23.988037109375,,ok,True,ok,8,8
exp_b,exp_b__gsm8k_test_000608__irrelevant_context__no_think,gsm8k_test_000608,no_think,irrelevant_context,,answer_segment,13,10,False,87,87,True,12.85246467590332,,ok,True,ok,8,8
exp_b,exp_b__gsm8k_test_000608__irrelevant_context__no_think,gsm8k_test_000608,no_think,irrelevant_context,,answer_segment,20,10,False,87,87,True,12.212119102478027,,ok,True,ok,8,8
exp_b,exp_b__gsm8k_test_000608__repetitive_filler__no_think,gsm8k_test_000608,no_think,repetitive_filler,,full_output,6,10,False,84,84,True,23.88005828857422,,ok,True,ok,8,8
exp_b,exp_b__gsm8k_test_000608__repetitive_filler__no_think,gsm8k_test_000608,no_think,repetitive_filler,,full_output,13,10,False,84,84,True,11.96141242980957,,ok,True,ok,8,8
exp_b,exp_b__gsm8k_test_000608__repetitive_filler__no_think,gsm8k_test_000608,no_think,repetitive_filler,,full_output,20,10,False,84,84,True,12.305717468261719,,ok,True,ok,8,8
exp_b,exp_b__gsm8k_test_000608__repetitive_filler__no_think,gsm8k_test_000608,no_think,repetitive_filler,,answer_segment,6,10,False,84,84,True,23.88005828857422,,ok,True,ok,8,8
exp_b,exp_b__gsm8k_test_000608__repetitive_filler__no_think,gsm8k_test_000608,no_think,repetitive_filler,,answer_segment,13,10,False,84,84,True,11.96141242980957,,ok,True,ok,8,8
exp_b,exp_b__gsm8k_test_000608__repetitive_filler__no_think,gsm8k_test_000608,no_think,repetitive_filler,,answer_segment,20,10,False,84,84,True,12.305717468261719,,ok,True,ok,8,8
exp_b,exp_b__gsm8k_test_000634__canonical__no_think,gsm8k_test_000634,no_think,canonical,,full_output,6,10,False,40,40,True,10.11268424987793,,ok,True,ok,14,14
exp_b,exp_b__gsm8k_test_000634__canonical__no_think,gsm8k_test_000634,no_think,canonical,,full_output,13,10,False,40,40,True,11.164678573608398,,ok,True,ok,14,14
exp_b,exp_b__gsm8k_test_000634__canonical__no_think,gsm8k_test_000634,no_think,canonical,,full_output,20,10,False,40,40,True,10.875066757202148,,ok,True,ok,14,14
exp_b,exp_b__gsm8k_test_000634__canonical__no_think,gsm8k_test_000634,no_think,canonical,,answer_segment,6,10,False,40,40,True,10.11268424987793,,ok,True,ok,14,14
exp_b,exp_b__gsm8k_test_000634__canonical__no_think,gsm8k_test_000634,no_think,canonical,,answer_segment,13,10,False,40,40,True,11.164678573608398,,ok,True,ok,14,14
exp_b,exp_b__gsm8k_test_000634__canonical__no_think,gsm8k_test_000634,no_think,canonical,,answer_segment,20,10,False,40,40,True,10.875066757202148,,ok,True,ok,14,14
exp_b,exp_b__gsm8k_test_000634__irrelevant_context__no_think,gsm8k_test_000634,no_think,irrelevant_context,,full_output,6,10,False,40,40,True,9.938947677612305,,ok,True,ok,14,14
exp_b,exp_b__gsm8k_test_000634__irrelevant_context__no_think,gsm8k_test_000634,no_think,irrelevant_context,,full_output,13,10,False,40,40,True,10.540386199951172,,ok,True,ok,14,14
exp_b,exp_b__gsm8k_test_000634__irrelevant_context__no_think,gsm8k_test_000634,no_think,irrelevant_context,,full_output,20,10,False,40,40,True,11.111902236938477,,ok,True,ok,14,14
exp_b,exp_b__gsm8k_test_000634__irrelevant_context__no_think,gsm8k_test_000634,no_think,irrelevant_context,,answer_segment,6,10,False,40,40,True,9.938947677612305,,ok,True,ok,14,14
exp_b,exp_b__gsm8k_test_000634__irrelevant_context__no_think,gsm8k_test_000634,no_think,irrelevant_context,,answer_segment,13,10,False,40,40,True,10.540386199951172,,ok,True,ok,14,14
exp_b,exp_b__gsm8k_test_000634__irrelevant_context__no_think,gsm8k_test_000634,no_think,irrelevant_context,,answer_segment,20,10,False,40,40,True,11.111902236938477,,ok,True,ok,14,14
exp_b,exp_b__gsm8k_test_000634__repetitive_filler__no_think,gsm8k_test_000634,no_think,repetitive_filler,,full_output,6,10,False,40,40,True,10.094525337219238,,ok,True,ok,14,14
exp_b,exp_b__gsm8k_test_000634__repetitive_filler__no_think,gsm8k_test_000634,no_think,repetitive_filler,,full_output,13,10,False,40,40,True,11.144701957702637,,ok,True,ok,14,14
exp_b,exp_b__gsm8k_test_000634__repetitive_filler__no_think,gsm8k_test_000634,no_think,repetitive_filler,,full_output,20,10,False,40,40,True,11.230351448059082,,ok,True,ok,14,14
exp_b,exp_b__gsm8k_test_000634__repetitive_filler__no_think,gsm8k_test_000634,no_think,repetitive_filler,,answer_segment,6,10,False,40,40,True,10.094525337219238,,ok,True,ok,14,14
exp_b,exp_b__gsm8k_test_000634__repetitive_filler__no_think,gsm8k_test_000634,no_think,repetitive_filler,,answer_segment,13,10,False,40,40,True,11.144701957702637,,ok,True,ok,14,14
exp_b,exp_b__gsm8k_test_000634__repetitive_filler__no_think,gsm8k_test_000634,no_think,repetitive_filler,,answer_segment,20,10,False,40,40,True,11.230351448059082,,ok,True,ok,14,14
exp_b,exp_b__gsm8k_test_000647__canonical__no_think,gsm8k_test_000647,no_think,canonical,,full_output,6,10,False,41,41,True,9.599189758300781,,ok,True,ok,10,10
exp_b,exp_b__gsm8k_test_000647__canonical__no_think,gsm8k_test_000647,no_think,canonical,,full_output,13,10,False,41,41,True,11.088706970214844,,ok,True,ok,10,10
exp_b,exp_b__gsm8k_test_000647__canonical__no_think,gsm8k_test_000647,no_think,canonical,,full_output,20,10,False,41,41,True,11.883054733276367,,ok,True,ok,10,10
exp_b,exp_b__gsm8k_test_000647__canonical__no_think,gsm8k_test_000647,no_think,canonical,,answer_segment,6,10,False,41,41,True,9.599189758300781,,ok,True,ok,10,10
exp_b,exp_b__gsm8k_test_000647__canonical__no_think,gsm8k_test_000647,no_think,canonical,,answer_segment,13,10,False,41,41,True,11.088706970214844,,ok,True,ok,10,10
exp_b,exp_b__gsm8k_test_000647__canonical__no_think,gsm8k_test_000647,no_think,canonical,,answer_segment,20,10,False,41,41,True,11.883054733276367,,ok,True,ok,10,10
exp_b,exp_b__gsm8k_test_000647__irrelevant_context__no_think,gsm8k_test_000647,no_think,irrelevant_context,,full_output,6,10,False,41,41,True,9.61844253540039,,ok,True,ok,10,10
exp_b,exp_b__gsm8k_test_000647__irrelevant_context__no_think,gsm8k_test_000647,no_think,irrelevant_context,,full_output,13,10,False,41,41,True,11.935701370239258,,ok,True,ok,10,10
exp_b,exp_b__gsm8k_test_000647__irrelevant_context__no_think,gsm8k_test_000647,no_think,irrelevant_context,,full_output,20,10,False,41,41,True,11.84471321105957,,ok,True,ok,10,10
exp_b,exp_b__gsm8k_test_000647__irrelevant_context__no_think,gsm8k_test_000647,no_think,irrelevant_context,,answer_segment,6,10,False,41,41,True,9.61844253540039,,ok,True,ok,10,10
exp_b,exp_b__gsm8k_test_000647__irrelevant_context__no_think,gsm8k_test_000647,no_think,irrelevant_context,,answer_segment,13,10,False,41,41,True,11.935701370239258,,ok,True,ok,10,10
exp_b,exp_b__gsm8k_test_000647__irrelevant_context__no_think,gsm8k_test_000647,no_think,irrelevant_context,,answer_segment,20,10,False,41,41,True,11.84471321105957,,ok,True,ok,10,10
exp_b,exp_b__gsm8k_test_000647__repetitive_filler__no_think,gsm8k_test_000647,no_think,repetitive_filler,,full_output,6,10,False,41,41,True,9.640816688537598,,ok,True,ok,10,10
exp_b,exp_b__gsm8k_test_000647__repetitive_filler__no_think,gsm8k_test_000647,no_think,repetitive_filler,,full_output,13,10,False,41,41,True,11.257993698120117,,ok,True,ok,10,10
exp_b,exp_b__gsm8k_test_000647__repetitive_filler__no_think,gsm8k_test_000647,no_think,repetitive_filler,,full_output,20,10,False,41,41,True,11.720274925231934,,ok,True,ok,10,10
exp_b,exp_b__gsm8k_test_000647__repetitive_filler__no_think,gsm8k_test_000647,no_think,repetitive_filler,,answer_segment,6,10,False,41,41,True,9.640816688537598,,ok,True,ok,10,10
exp_b,exp_b__gsm8k_test_000647__repetitive_filler__no_think,gsm8k_test_000647,no_think,repetitive_filler,,answer_segment,13,10,False,41,41,True,11.257993698120117,,ok,True,ok,10,10
exp_b,exp_b__gsm8k_test_000647__repetitive_filler__no_think,gsm8k_test_000647,no_think,repetitive_filler,,answer_segment,20,10,False,41,41,True,11.720274925231934,,ok,True,ok,10,10
exp_b,exp_b__gsm8k_test_000659__canonical__no_think,gsm8k_test_000659,no_think,canonical,,full_output,6,10,False,61,61,True,11.123120307922363,,ok,False,ok,3,2.5
exp_b,exp_b__gsm8k_test_000659__canonical__no_think,gsm8k_test_000659,no_think,canonical,,full_output,13,10,False,61,61,True,10.649174690246582,,ok,False,ok,3,2.5
exp_b,exp_b__gsm8k_test_000659__canonical__no_think,gsm8k_test_000659,no_think,canonical,,full_output,20,10,False,61,61,True,10.568929672241211,,ok,False,ok,3,2.5
exp_b,exp_b__gsm8k_test_000659__canonical__no_think,gsm8k_test_000659,no_think,canonical,,answer_segment,6,10,False,61,61,True,11.123120307922363,,ok,False,ok,3,2.5
exp_b,exp_b__gsm8k_test_000659__canonical__no_think,gsm8k_test_000659,no_think,canonical,,answer_segment,13,10,False,61,61,True,10.649174690246582,,ok,False,ok,3,2.5
exp_b,exp_b__gsm8k_test_000659__canonical__no_think,gsm8k_test_000659,no_think,canonical,,answer_segment,20,10,False,61,61,True,10.568929672241211,,ok,False,ok,3,2.5
exp_b,exp_b__gsm8k_test_000659__irrelevant_context__no_think,gsm8k_test_000659,no_think,irrelevant_context,,full_output,6,10,False,59,59,True,10.98004150390625,,ok,True,ok,3,3
exp_b,exp_b__gsm8k_test_000659__irrelevant_context__no_think,gsm8k_test_000659,no_think,irrelevant_context,,full_output,13,10,False,59,59,True,10.95805549621582,,ok,True,ok,3,3
exp_b,exp_b__gsm8k_test_000659__irrelevant_context__no_think,gsm8k_test_000659,no_think,irrelevant_context,,full_output,20,10,False,59,59,True,10.583077430725098,,ok,True,ok,3,3
exp_b,exp_b__gsm8k_test_000659__irrelevant_context__no_think,gsm8k_test_000659,no_think,irrelevant_context,,answer_segment,6,10,False,59,59,True,10.98004150390625,,ok,True,ok,3,3
exp_b,exp_b__gsm8k_test_000659__irrelevant_context__no_think,gsm8k_test_000659,no_think,irrelevant_context,,answer_segment,13,10,False,59,59,True,10.95805549621582,,ok,True,ok,3,3
exp_b,exp_b__gsm8k_test_000659__irrelevant_context__no_think,gsm8k_test_000659,no_think,irrelevant_context,,answer_segment,20,10,False,59,59,True,10.583077430725098,,ok,True,ok,3,3
exp_b,exp_b__gsm8k_test_000659__repetitive_filler__no_think,gsm8k_test_000659,no_think,repetitive_filler,,full_output,6,10,False,61,61,True,11.168407440185547,,ok,False,ok,3,2.5
exp_b,exp_b__gsm8k_test_000659__repetitive_filler__no_think,gsm8k_test_000659,no_think,repetitive_filler,,full_output,13,10,False,61,61,True,10.536209106445312,,ok,False,ok,3,2.5
exp_b,exp_b__gsm8k_test_000659__repetitive_filler__no_think,gsm8k_test_000659,no_think,repetitive_filler,,full_output,20,10,False,61,61,True,10.622221946716309,,ok,False,ok,3,2.5
exp_b,exp_b__gsm8k_test_000659__repetitive_filler__no_think,gsm8k_test_000659,no_think,repetitive_filler,,answer_segment,6,10,False,61,61,True,11.168407440185547,,ok,False,ok,3,2.5
exp_b,exp_b__gsm8k_test_000659__repetitive_filler__no_think,gsm8k_test_000659,no_think,repetitive_filler,,answer_segment,13,10,False,61,61,True,10.536209106445312,,ok,False,ok,3,2.5
exp_b,exp_b__gsm8k_test_000659__repetitive_filler__no_think,gsm8k_test_000659,no_think,repetitive_filler,,answer_segment,20,10,False,61,61,True,10.622221946716309,,ok,False,ok,3,2.5
exp_b,exp_b__gsm8k_test_000679__canonical__no_think,gsm8k_test_000679,no_think,canonical,,full_output,6,10,False,45,45,True,11.337916374206543,,ok,True,ok,576,576
exp_b,exp_b__gsm8k_test_000679__canonical__no_think,gsm8k_test_000679,no_think,canonical,,full_output,13,10,False,45,45,True,11.304655075073242,,ok,True,ok,576,576
exp_b,exp_b__gsm8k_test_000679__canonical__no_think,gsm8k_test_000679,no_think,canonical,,full_output,20,10,False,45,45,True,13.0274658203125,,ok,True,ok,576,576
exp_b,exp_b__gsm8k_test_000679__canonical__no_think,gsm8k_test_000679,no_think,canonical,,answer_segment,6,10,False,45,45,True,11.337916374206543,,ok,True,ok,576,576
exp_b,exp_b__gsm8k_test_000679__canonical__no_think,gsm8k_test_000679,no_think,canonical,,answer_segment,13,10,False,45,45,True,11.304655075073242,,ok,True,ok,576,576
exp_b,exp_b__gsm8k_test_000679__canonical__no_think,gsm8k_test_000679,no_think,canonical,,answer_segment,20,10,False,45,45,True,13.0274658203125,,ok,True,ok,576,576
exp_b,exp_b__gsm8k_test_000679__irrelevant_context__no_think,gsm8k_test_000679,no_think,irrelevant_context,,full_output,6,10,False,45,45,True,11.487626075744629,,ok,True,ok,576,576
exp_b,exp_b__gsm8k_test_000679__irrelevant_context__no_think,gsm8k_test_000679,no_think,irrelevant_context,,full_output,13,10,False,45,45,True,11.149198532104492,,ok,True,ok,576,576
exp_b,exp_b__gsm8k_test_000679__irrelevant_context__no_think,gsm8k_test_000679,no_think,irrelevant_context,,full_output,20,10,False,45,45,True,12.710952758789062,,ok,True,ok,576,576
exp_b,exp_b__gsm8k_test_000679__irrelevant_context__no_think,gsm8k_test_000679,no_think,irrelevant_context,,answer_segment,6,10,False,45,45,True,11.487626075744629,,ok,True,ok,576,576
exp_b,exp_b__gsm8k_test_000679__irrelevant_context__no_think,gsm8k_test_000679,no_think,irrelevant_context,,answer_segment,13,10,False,45,45,True,11.149198532104492,,ok,True,ok,576,576
exp_b,exp_b__gsm8k_test_000679__irrelevant_context__no_think,gsm8k_test_000679,no_think,irrelevant_context,,answer_segment,20,10,False,45,45,True,12.710952758789062,,ok,True,ok,576,576
exp_b,exp_b__gsm8k_test_000679__repetitive_filler__no_think,gsm8k_test_000679,no_think,repetitive_filler,,full_output,6,10,False,45,45,True,11.2848482131958,,ok,True,ok,576,576
exp_b,exp_b__gsm8k_test_000679__repetitive_filler__no_think,gsm8k_test_000679,no_think,repetitive_filler,,full_output,13,10,False,45,45,True,11.146049499511719,,ok,True,ok,576,576
exp_b,exp_b__gsm8k_test_000679__repetitive_filler__no_think,gsm8k_test_000679,no_think,repetitive_filler,,full_output,20,10,False,45,45,True,13.361600875854492,,ok,True,ok,576,576
exp_b,exp_b__gsm8k_test_000679__repetitive_filler__no_think,gsm8k_test_000679,no_think,repetitive_filler,,answer_segment,6,10,False,45,45,True,11.2848482131958,,ok,True,ok,576,576
exp_b,exp_b__gsm8k_test_000679__repetitive_filler__no_think,gsm8k_test_000679,no_think,repetitive_filler,,answer_segment,13,10,False,45,45,True,11.146049499511719,,ok,True,ok,576,576
exp_b,exp_b__gsm8k_test_000679__repetitive_filler__no_think,gsm8k_test_000679,no_think,repetitive_filler,,answer_segment,20,10,False,45,45,True,13.361600875854492,,ok,True,ok,576,576
exp_b,exp_b__gsm8k_test_000688__canonical__no_think,gsm8k_test_000688,no_think,canonical,,full_output,6,10,False,48,48,True,12.631488800048828,,ok,False,ok,100,60
exp_b,exp_b__gsm8k_test_000688__canonical__no_think,gsm8k_test_000688,no_think,canonical,,full_output,13,10,False,48,48,True,12.046507835388184,,ok,False,ok,100,60
exp_b,exp_b__gsm8k_test_000688__canonical__no_think,gsm8k_test_000688,no_think,canonical,,full_output,20,10,False,48,48,True,12.445942878723145,,ok,False,ok,100,60
exp_b,exp_b__gsm8k_test_000688__canonical__no_think,gsm8k_test_000688,no_think,canonical,,answer_segment,6,10,False,48,48,True,12.631488800048828,,ok,False,ok,100,60
exp_b,exp_b__gsm8k_test_000688__canonical__no_think,gsm8k_test_000688,no_think,canonical,,answer_segment,13,10,False,48,48,True,12.046507835388184,,ok,False,ok,100,60
exp_b,exp_b__gsm8k_test_000688__canonical__no_think,gsm8k_test_000688,no_think,canonical,,answer_segment,20,10,False,48,48,True,12.445942878723145,,ok,False,ok,100,60
exp_b,exp_b__gsm8k_test_000688__irrelevant_context__no_think,gsm8k_test_000688,no_think,irrelevant_context,,full_output,6,10,False,66,66,True,16.870195388793945,,ok,False,ok,100,40
exp_b,exp_b__gsm8k_test_000688__irrelevant_context__no_think,gsm8k_test_000688,no_think,irrelevant_context,,full_output,13,10,False,66,66,True,12.605010032653809,,ok,False,ok,100,40
exp_b,exp_b__gsm8k_test_000688__irrelevant_context__no_think,gsm8k_test_000688,no_think,irrelevant_context,,full_output,20,10,False,66,66,True,12.80551815032959,,ok,False,ok,100,40
exp_b,exp_b__gsm8k_test_000688__irrelevant_context__no_think,gsm8k_test_000688,no_think,irrelevant_context,,answer_segment,6,10,False,66,66,True,16.870195388793945,,ok,False,ok,100,40
exp_b,exp_b__gsm8k_test_000688__irrelevant_context__no_think,gsm8k_test_000688,no_think,irrelevant_context,,answer_segment,13,10,False,66,66,True,12.605010032653809,,ok,False,ok,100,40
exp_b,exp_b__gsm8k_test_000688__irrelevant_context__no_think,gsm8k_test_000688,no_think,irrelevant_context,,answer_segment,20,10,False,66,66,True,12.80551815032959,,ok,False,ok,100,40
exp_b,exp_b__gsm8k_test_000688__repetitive_filler__no_think,gsm8k_test_000688,no_think,repetitive_filler,,full_output,6,10,False,58,58,True,15.21375846862793,,ok,False,ok,100,120
exp_b,exp_b__gsm8k_test_000688__repetitive_filler__no_think,gsm8k_test_000688,no_think,repetitive_filler,,full_output,13,10,False,58,58,True,13.893991470336914,,ok,False,ok,100,120
exp_b,exp_b__gsm8k_test_000688__repetitive_filler__no_think,gsm8k_test_000688,no_think,repetitive_filler,,full_output,20,10,False,58,58,True,12.983997344970703,,ok,False,ok,100,120
exp_b,exp_b__gsm8k_test_000688__repetitive_filler__no_think,gsm8k_test_000688,no_think,repetitive_filler,,answer_segment,6,10,False,58,58,True,15.21375846862793,,ok,False,ok,100,120
exp_b,exp_b__gsm8k_test_000688__repetitive_filler__no_think,gsm8k_test_000688,no_think,repetitive_filler,,answer_segment,13,10,False,58,58,True,13.893991470336914,,ok,False,ok,100,120
exp_b,exp_b__gsm8k_test_000688__repetitive_filler__no_think,gsm8k_test_000688,no_think,repetitive_filler,,answer_segment,20,10,False,58,58,True,12.983997344970703,,ok,False,ok,100,120
exp_b,exp_b__gsm8k_test_000695__canonical__no_think,gsm8k_test_000695,no_think,canonical,,full_output,6,10,False,44,44,True,11.68862247467041,,ok,True,ok,5,5
exp_b,exp_b__gsm8k_test_000695__canonical__no_think,gsm8k_test_000695,no_think,canonical,,full_output,13,10,False,44,44,True,10.835740089416504,,ok,True,ok,5,5
exp_b,exp_b__gsm8k_test_000695__canonical__no_think,gsm8k_test_000695,no_think,canonical,,full_output,20,10,False,44,44,True,11.369637489318848,,ok,True,ok,5,5
exp_b,exp_b__gsm8k_test_000695__canonical__no_think,gsm8k_test_000695,no_think,canonical,,answer_segment,6,10,False,44,44,True,11.68862247467041,,ok,True,ok,5,5
exp_b,exp_b__gsm8k_test_000695__canonical__no_think,gsm8k_test_000695,no_think,canonical,,answer_segment,13,10,False,44,44,True,10.835740089416504,,ok,True,ok,5,5
exp_b,exp_b__gsm8k_test_000695__canonical__no_think,gsm8k_test_000695,no_think,canonical,,answer_segment,20,10,False,44,44,True,11.369637489318848,,ok,True,ok,5,5
exp_b,exp_b__gsm8k_test_000695__irrelevant_context__no_think,gsm8k_test_000695,no_think,irrelevant_context,,full_output,6,10,False,42,42,True,10.979544639587402,,ok,True,ok,5,5
exp_b,exp_b__gsm8k_test_000695__irrelevant_context__no_think,gsm8k_test_000695,no_think,irrelevant_context,,full_output,13,10,False,42,42,True,10.319005012512207,,ok,True,ok,5,5
exp_b,exp_b__gsm8k_test_000695__irrelevant_context__no_think,gsm8k_test_000695,no_think,irrelevant_context,,full_output,20,10,False,42,42,True,10.313329696655273,,ok,True,ok,5,5
exp_b,exp_b__gsm8k_test_000695__irrelevant_context__no_think,gsm8k_test_000695,no_think,irrelevant_context,,answer_segment,6,10,False,42,42,True,10.979544639587402,,ok,True,ok,5,5
exp_b,exp_b__gsm8k_test_000695__irrelevant_context__no_think,gsm8k_test_000695,no_think,irrelevant_context,,answer_segment,13,10,False,42,42,True,10.319005012512207,,ok,True,ok,5,5
exp_b,exp_b__gsm8k_test_000695__irrelevant_context__no_think,gsm8k_test_000695,no_think,irrelevant_context,,answer_segment,20,10,False,42,42,True,10.313329696655273,,ok,True,ok,5,5
exp_b,exp_b__gsm8k_test_000695__repetitive_filler__no_think,gsm8k_test_000695,no_think,repetitive_filler,,full_output,6,10,False,42,42,True,11.23046875,,ok,True,ok,5,5
exp_b,exp_b__gsm8k_test_000695__repetitive_filler__no_think,gsm8k_test_000695,no_think,repetitive_filler,,full_output,13,10,False,42,42,True,10.579391479492188,,ok,True,ok,5,5
exp_b,exp_b__gsm8k_test_000695__repetitive_filler__no_think,gsm8k_test_000695,no_think,repetitive_filler,,full_output,20,10,False,42,42,True,10.875052452087402,,ok,True,ok,5,5
exp_b,exp_b__gsm8k_test_000695__repetitive_filler__no_think,gsm8k_test_000695,no_think,repetitive_filler,,answer_segment,6,10,False,42,42,True,11.23046875,,ok,True,ok,5,5
exp_b,exp_b__gsm8k_test_000695__repetitive_filler__no_think,gsm8k_test_000695,no_think,repetitive_filler,,answer_segment,13,10,False,42,42,True,10.579391479492188,,ok,True,ok,5,5
exp_b,exp_b__gsm8k_test_000695__repetitive_filler__no_think,gsm8k_test_000695,no_think,repetitive_filler,,answer_segment,20,10,False,42,42,True,10.875052452087402,,ok,True,ok,5,5
exp_b,exp_b__gsm8k_test_000758__canonical__no_think,gsm8k_test_000758,no_think,canonical,,full_output,6,10,False,52,52,True,12.981669425964355,,ok,True,ok,133,133
exp_b,exp_b__gsm8k_test_000758__canonical__no_think,gsm8k_test_000758,no_think,canonical,,full_output,13,10,False,52,52,True,11.083613395690918,,ok,True,ok,133,133
exp_b,exp_b__gsm8k_test_000758__canonical__no_think,gsm8k_test_000758,no_think,canonical,,full_output,20,10,False,52,52,True,11.535699844360352,,ok,True,ok,133,133
exp_b,exp_b__gsm8k_test_000758__canonical__no_think,gsm8k_test_000758,no_think,canonical,,answer_segment,6,10,False,52,52,True,12.981669425964355,,ok,True,ok,133,133
exp_b,exp_b__gsm8k_test_000758__canonical__no_think,gsm8k_test_000758,no_think,canonical,,answer_segment,13,10,False,52,52,True,11.083613395690918,,ok,True,ok,133,133
exp_b,exp_b__gsm8k_test_000758__canonical__no_think,gsm8k_test_000758,no_think,canonical,,answer_segment,20,10,False,52,52,True,11.535699844360352,,ok,True,ok,133,133
exp_b,exp_b__gsm8k_test_000758__irrelevant_context__no_think,gsm8k_test_000758,no_think,irrelevant_context,,full_output,6,10,False,45,45,True,15.941630363464355,,ok,True,ok,133,133
exp_b,exp_b__gsm8k_test_000758__irrelevant_context__no_think,gsm8k_test_000758,no_think,irrelevant_context,,full_output,13,10,False,45,45,True,12.10839557647705,,ok,True,ok,133,133
exp_b,exp_b__gsm8k_test_000758__irrelevant_context__no_think,gsm8k_test_000758,no_think,irrelevant_context,,full_output,20,10,False,45,45,True,11.082391738891602,,ok,True,ok,133,133
exp_b,exp_b__gsm8k_test_000758__irrelevant_context__no_think,gsm8k_test_000758,no_think,irrelevant_context,,answer_segment,6,10,False,45,45,True,15.941630363464355,,ok,True,ok,133,133
exp_b,exp_b__gsm8k_test_000758__irrelevant_context__no_think,gsm8k_test_000758,no_think,irrelevant_context,,answer_segment,13,10,False,45,45,True,12.10839557647705,,ok,True,ok,133,133
exp_b,exp_b__gsm8k_test_000758__irrelevant_context__no_think,gsm8k_test_000758,no_think,irrelevant_context,,answer_segment,20,10,False,45,45,True,11.082391738891602,,ok,True,ok,133,133
exp_b,exp_b__gsm8k_test_000758__repetitive_filler__no_think,gsm8k_test_000758,no_think,repetitive_filler,,full_output,6,10,False,52,52,True,13.13192367553711,,ok,True,ok,133,133
exp_b,exp_b__gsm8k_test_000758__repetitive_filler__no_think,gsm8k_test_000758,no_think,repetitive_filler,,full_output,13,10,False,52,52,True,11.283507347106934,,ok,True,ok,133,133
exp_b,exp_b__gsm8k_test_000758__repetitive_filler__no_think,gsm8k_test_000758,no_think,repetitive_filler,,full_output,20,10,False,52,52,True,11.11709976196289,,ok,True,ok,133,133
exp_b,exp_b__gsm8k_test_000758__repetitive_filler__no_think,gsm8k_test_000758,no_think,repetitive_filler,,answer_segment,6,10,False,52,52,True,13.13192367553711,,ok,True,ok,133,133
exp_b,exp_b__gsm8k_test_000758__repetitive_filler__no_think,gsm8k_test_000758,no_think,repetitive_filler,,answer_segment,13,10,False,52,52,True,11.283507347106934,,ok,True,ok,133,133
exp_b,exp_b__gsm8k_test_000758__repetitive_filler__no_think,gsm8k_test_000758,no_think,repetitive_filler,,answer_segment,20,10,False,52,52,True,11.11709976196289,,ok,True,ok,133,133
exp_b,exp_b__gsm8k_test_000774__canonical__no_think,gsm8k_test_000774,no_think,canonical,,full_output,6,10,False,52,52,True,12.467890739440918,,ok,False,ok,10,12
exp_b,exp_b__gsm8k_test_000774__canonical__no_think,gsm8k_test_000774,no_think,canonical,,full_output,13,10,False,52,52,True,11.227457046508789,,ok,False,ok,10,12
exp_b,exp_b__gsm8k_test_000774__canonical__no_think,gsm8k_test_000774,no_think,canonical,,full_output,20,10,False,52,52,True,10.979307174682617,,ok,False,ok,10,12
exp_b,exp_b__gsm8k_test_000774__canonical__no_think,gsm8k_test_000774,no_think,canonical,,answer_segment,6,10,False,52,52,True,12.467890739440918,,ok,False,ok,10,12
exp_b,exp_b__gsm8k_test_000774__canonical__no_think,gsm8k_test_000774,no_think,canonical,,answer_segment,13,10,False,52,52,True,11.227457046508789,,ok,False,ok,10,12
exp_b,exp_b__gsm8k_test_000774__canonical__no_think,gsm8k_test_000774,no_think,canonical,,answer_segment,20,10,False,52,52,True,10.979307174682617,,ok,False,ok,10,12
exp_b,exp_b__gsm8k_test_000774__irrelevant_context__no_think,gsm8k_test_000774,no_think,irrelevant_context,,full_output,6,10,False,38,38,True,11.053467750549316,,ok,True,ok,10,10
exp_b,exp_b__gsm8k_test_000774__irrelevant_context__no_think,gsm8k_test_000774,no_think,irrelevant_context,,full_output,13,10,False,38,38,True,11.970322608947754,,ok,True,ok,10,10
exp_b,exp_b__gsm8k_test_000774__irrelevant_context__no_think,gsm8k_test_000774,no_think,irrelevant_context,,full_output,20,10,False,38,38,True,12.621674537658691,,ok,True,ok,10,10
exp_b,exp_b__gsm8k_test_000774__irrelevant_context__no_think,gsm8k_test_000774,no_think,irrelevant_context,,answer_segment,6,10,False,38,38,True,11.053467750549316,,ok,True,ok,10,10
exp_b,exp_b__gsm8k_test_000774__irrelevant_context__no_think,gsm8k_test_000774,no_think,irrelevant_context,,answer_segment,13,10,False,38,38,True,11.970322608947754,,ok,True,ok,10,10
exp_b,exp_b__gsm8k_test_000774__irrelevant_context__no_think,gsm8k_test_000774,no_think,irrelevant_context,,answer_segment,20,10,False,38,38,True,12.621674537658691,,ok,True,ok,10,10
exp_b,exp_b__gsm8k_test_000774__repetitive_filler__no_think,gsm8k_test_000774,no_think,repetitive_filler,,full_output,6,10,False,38,38,True,12.469915390014648,,ok,True,ok,10,10
exp_b,exp_b__gsm8k_test_000774__repetitive_filler__no_think,gsm8k_test_000774,no_think,repetitive_filler,,full_output,13,10,False,38,38,True,12.033034324645996,,ok,True,ok,10,10
exp_b,exp_b__gsm8k_test_000774__repetitive_filler__no_think,gsm8k_test_000774,no_think,repetitive_filler,,full_output,20,10,False,38,38,True,12.259346961975098,,ok,True,ok,10,10
exp_b,exp_b__gsm8k_test_000774__repetitive_filler__no_think,gsm8k_test_000774,no_think,repetitive_filler,,answer_segment,6,10,False,38,38,True,12.469915390014648,,ok,True,ok,10,10
exp_b,exp_b__gsm8k_test_000774__repetitive_filler__no_think,gsm8k_test_000774,no_think,repetitive_filler,,answer_segment,13,10,False,38,38,True,12.033034324645996,,ok,True,ok,10,10
exp_b,exp_b__gsm8k_test_000774__repetitive_filler__no_think,gsm8k_test_000774,no_think,repetitive_filler,,answer_segment,20,10,False,38,38,True,12.259346961975098,,ok,True,ok,10,10
exp_b,exp_b__gsm8k_test_000804__canonical__no_think,gsm8k_test_000804,no_think,canonical,,full_output,6,10,False,40,40,True,11.56248664855957,,ok,True,ok,20,20
exp_b,exp_b__gsm8k_test_000804__canonical__no_think,gsm8k_test_000804,no_think,canonical,,full_output,13,10,False,40,40,True,11.861822128295898,,ok,True,ok,20,20
exp_b,exp_b__gsm8k_test_000804__canonical__no_think,gsm8k_test_000804,no_think,canonical,,full_output,20,10,False,40,40,True,12.206483840942383,,ok,True,ok,20,20
exp_b,exp_b__gsm8k_test_000804__canonical__no_think,gsm8k_test_000804,no_think,canonical,,answer_segment,6,10,False,40,40,True,11.56248664855957,,ok,True,ok,20,20
exp_b,exp_b__gsm8k_test_000804__canonical__no_think,gsm8k_test_000804,no_think,canonical,,answer_segment,13,10,False,40,40,True,11.861822128295898,,ok,True,ok,20,20
exp_b,exp_b__gsm8k_test_000804__canonical__no_think,gsm8k_test_000804,no_think,canonical,,answer_segment,20,10,False,40,40,True,12.206483840942383,,ok,True,ok,20,20
exp_b,exp_b__gsm8k_test_000804__irrelevant_context__no_think,gsm8k_test_000804,no_think,irrelevant_context,,full_output,6,10,False,44,44,True,13.579337120056152,,ok,True,ok,20,20
exp_b,exp_b__gsm8k_test_000804__irrelevant_context__no_think,gsm8k_test_000804,no_think,irrelevant_context,,full_output,13,10,False,44,44,True,11.586862564086914,,ok,True,ok,20,20
exp_b,exp_b__gsm8k_test_000804__irrelevant_context__no_think,gsm8k_test_000804,no_think,irrelevant_context,,full_output,20,10,False,44,44,True,12.300925254821777,,ok,True,ok,20,20
exp_b,exp_b__gsm8k_test_000804__irrelevant_context__no_think,gsm8k_test_000804,no_think,irrelevant_context,,answer_segment,6,10,False,44,44,True,13.579337120056152,,ok,True,ok,20,20
exp_b,exp_b__gsm8k_test_000804__irrelevant_context__no_think,gsm8k_test_000804,no_think,irrelevant_context,,answer_segment,13,10,False,44,44,True,11.586862564086914,,ok,True,ok,20,20
exp_b,exp_b__gsm8k_test_000804__irrelevant_context__no_think,gsm8k_test_000804,no_think,irrelevant_context,,answer_segment,20,10,False,44,44,True,12.300925254821777,,ok,True,ok,20,20
exp_b,exp_b__gsm8k_test_000804__repetitive_filler__no_think,gsm8k_test_000804,no_think,repetitive_filler,,full_output,6,10,False,44,44,True,14.501361846923828,,ok,True,ok,20,20
exp_b,exp_b__gsm8k_test_000804__repetitive_filler__no_think,gsm8k_test_000804,no_think,repetitive_filler,,full_output,13,10,False,44,44,True,12.099349021911621,,ok,True,ok,20,20
exp_b,exp_b__gsm8k_test_000804__repetitive_filler__no_think,gsm8k_test_000804,no_think,repetitive_filler,,full_output,20,10,False,44,44,True,12.45516300201416,,ok,True,ok,20,20
exp_b,exp_b__gsm8k_test_000804__repetitive_filler__no_think,gsm8k_test_000804,no_think,repetitive_filler,,answer_segment,6,10,False,44,44,True,14.501361846923828,,ok,True,ok,20,20
exp_b,exp_b__gsm8k_test_000804__repetitive_filler__no_think,gsm8k_test_000804,no_think,repetitive_filler,,answer_segment,13,10,False,44,44,True,12.099349021911621,,ok,True,ok,20,20
exp_b,exp_b__gsm8k_test_000804__repetitive_filler__no_think,gsm8k_test_000804,no_think,repetitive_filler,,answer_segment,20,10,False,44,44,True,12.45516300201416,,ok,True,ok,20,20
exp_b,exp_b__gsm8k_test_000825__canonical__no_think,gsm8k_test_000825,no_think,canonical,,full_output,6,10,False,61,61,True,11.549567222595215,,ok,False,ok,153,132
exp_b,exp_b__gsm8k_test_000825__canonical__no_think,gsm8k_test_000825,no_think,canonical,,full_output,13,10,False,61,61,True,10.740513801574707,,ok,False,ok,153,132
exp_b,exp_b__gsm8k_test_000825__canonical__no_think,gsm8k_test_000825,no_think,canonical,,full_output,20,10,False,61,61,True,11.399187088012695,,ok,False,ok,153,132
exp_b,exp_b__gsm8k_test_000825__canonical__no_think,gsm8k_test_000825,no_think,canonical,,answer_segment,6,10,False,61,61,True,11.549567222595215,,ok,False,ok,153,132
exp_b,exp_b__gsm8k_test_000825__canonical__no_think,gsm8k_test_000825,no_think,canonical,,answer_segment,13,10,False,61,61,True,10.740513801574707,,ok,False,ok,153,132
exp_b,exp_b__gsm8k_test_000825__canonical__no_think,gsm8k_test_000825,no_think,canonical,,answer_segment,20,10,False,61,61,True,11.399187088012695,,ok,False,ok,153,132
exp_b,exp_b__gsm8k_test_000825__irrelevant_context__no_think,gsm8k_test_000825,no_think,irrelevant_context,,full_output,6,10,False,63,63,True,11.881772994995117,,ok,False,ok,153,133
exp_b,exp_b__gsm8k_test_000825__irrelevant_context__no_think,gsm8k_test_000825,no_think,irrelevant_context,,full_output,13,10,False,63,63,True,11.160118103027344,,ok,False,ok,153,133
exp_b,exp_b__gsm8k_test_000825__irrelevant_context__no_think,gsm8k_test_000825,no_think,irrelevant_context,,full_output,20,10,False,63,63,True,11.718563079833984,,ok,False,ok,153,133
exp_b,exp_b__gsm8k_test_000825__irrelevant_context__no_think,gsm8k_test_000825,no_think,irrelevant_context,,answer_segment,6,10,False,63,63,True,11.881772994995117,,ok,False,ok,153,133
exp_b,exp_b__gsm8k_test_000825__irrelevant_context__no_think,gsm8k_test_000825,no_think,irrelevant_context,,answer_segment,13,10,False,63,63,True,11.160118103027344,,ok,False,ok,153,133
exp_b,exp_b__gsm8k_test_000825__irrelevant_context__no_think,gsm8k_test_000825,no_think,irrelevant_context,,answer_segment,20,10,False,63,63,True,11.718563079833984,,ok,False,ok,153,133
exp_b,exp_b__gsm8k_test_000825__repetitive_filler__no_think,gsm8k_test_000825,no_think,repetitive_filler,,full_output,6,10,False,60,60,True,13.65834903717041,,ok,False,ok,153,132
exp_b,exp_b__gsm8k_test_000825__repetitive_filler__no_think,gsm8k_test_000825,no_think,repetitive_filler,,full_output,13,10,False,60,60,True,11.613885879516602,,ok,False,ok,153,132
exp_b,exp_b__gsm8k_test_000825__repetitive_filler__no_think,gsm8k_test_000825,no_think,repetitive_filler,,full_output,20,10,False,60,60,True,11.21261978149414,,ok,False,ok,153,132
exp_b,exp_b__gsm8k_test_000825__repetitive_filler__no_think,gsm8k_test_000825,no_think,repetitive_filler,,answer_segment,6,10,False,60,60,True,13.65834903717041,,ok,False,ok,153,132
exp_b,exp_b__gsm8k_test_000825__repetitive_filler__no_think,gsm8k_test_000825,no_think,repetitive_filler,,answer_segment,13,10,False,60,60,True,11.613885879516602,,ok,False,ok,153,132
exp_b,exp_b__gsm8k_test_000825__repetitive_filler__no_think,gsm8k_test_000825,no_think,repetitive_filler,,answer_segment,20,10,False,60,60,True,11.21261978149414,,ok,False,ok,153,132
exp_b,exp_b__gsm8k_test_000841__canonical__no_think,gsm8k_test_000841,no_think,canonical,,full_output,6,10,False,57,57,True,12.343831062316895,,ok,True,ok,5600,5600
exp_b,exp_b__gsm8k_test_000841__canonical__no_think,gsm8k_test_000841,no_think,canonical,,full_output,13,10,False,57,57,True,10.669149398803711,,ok,True,ok,5600,5600
exp_b,exp_b__gsm8k_test_000841__canonical__no_think,gsm8k_test_000841,no_think,canonical,,full_output,20,10,False,57,57,True,10.681539535522461,,ok,True,ok,5600,5600
exp_b,exp_b__gsm8k_test_000841__canonical__no_think,gsm8k_test_000841,no_think,canonical,,answer_segment,6,10,False,57,57,True,12.343831062316895,,ok,True,ok,5600,5600
exp_b,exp_b__gsm8k_test_000841__canonical__no_think,gsm8k_test_000841,no_think,canonical,,answer_segment,13,10,False,57,57,True,10.669149398803711,,ok,True,ok,5600,5600
exp_b,exp_b__gsm8k_test_000841__canonical__no_think,gsm8k_test_000841,no_think,canonical,,answer_segment,20,10,False,57,57,True,10.681539535522461,,ok,True,ok,5600,5600
exp_b,exp_b__gsm8k_test_000841__irrelevant_context__no_think,gsm8k_test_000841,no_think,irrelevant_context,,full_output,6,10,False,57,57,True,12.142449378967285,,ok,True,ok,5600,5600
exp_b,exp_b__gsm8k_test_000841__irrelevant_context__no_think,gsm8k_test_000841,no_think,irrelevant_context,,full_output,13,10,False,57,57,True,10.697892189025879,,ok,True,ok,5600,5600
exp_b,exp_b__gsm8k_test_000841__irrelevant_context__no_think,gsm8k_test_000841,no_think,irrelevant_context,,full_output,20,10,False,57,57,True,11.115511894226074,,ok,True,ok,5600,5600
exp_b,exp_b__gsm8k_test_000841__irrelevant_context__no_think,gsm8k_test_000841,no_think,irrelevant_context,,answer_segment,6,10,False,57,57,True,12.142449378967285,,ok,True,ok,5600,5600
exp_b,exp_b__gsm8k_test_000841__irrelevant_context__no_think,gsm8k_test_000841,no_think,irrelevant_context,,answer_segment,13,10,False,57,57,True,10.697892189025879,,ok,True,ok,5600,5600
exp_b,exp_b__gsm8k_test_000841__irrelevant_context__no_think,gsm8k_test_000841,no_think,irrelevant_context,,answer_segment,20,10,False,57,57,True,11.115511894226074,,ok,True,ok,5600,5600
exp_b,exp_b__gsm8k_test_000841__repetitive_filler__no_think,gsm8k_test_000841,no_think,repetitive_filler,,full_output,6,10,False,55,55,True,11.912420272827148,,ok,True,ok,5600,5600
exp_b,exp_b__gsm8k_test_000841__repetitive_filler__no_think,gsm8k_test_000841,no_think,repetitive_filler,,full_output,13,10,False,55,55,True,10.38538932800293,,ok,True,ok,5600,5600
exp_b,exp_b__gsm8k_test_000841__repetitive_filler__no_think,gsm8k_test_000841,no_think,repetitive_filler,,full_output,20,10,False,55,55,True,10.384838104248047,,ok,True,ok,5600,5600
exp_b,exp_b__gsm8k_test_000841__repetitive_filler__no_think,gsm8k_test_000841,no_think,repetitive_filler,,answer_segment,6,10,False,55,55,True,11.912420272827148,,ok,True,ok,5600,5600
exp_b,exp_b__gsm8k_test_000841__repetitive_filler__no_think,gsm8k_test_000841,no_think,repetitive_filler,,answer_segment,13,10,False,55,55,True,10.38538932800293,,ok,True,ok,5600,5600
exp_b,exp_b__gsm8k_test_000841__repetitive_filler__no_think,gsm8k_test_000841,no_think,repetitive_filler,,answer_segment,20,10,False,55,55,True,10.384838104248047,,ok,True,ok,5600,5600
exp_b,exp_b__gsm8k_test_000842__canonical__no_think,gsm8k_test_000842,no_think,canonical,,full_output,6,10,False,55,55,True,16.221912384033203,,ok,True,ok,10,10
exp_b,exp_b__gsm8k_test_000842__canonical__no_think,gsm8k_test_000842,no_think,canonical,,full_output,13,10,False,55,55,True,13.218157768249512,,ok,True,ok,10,10
exp_b,exp_b__gsm8k_test_000842__canonical__no_think,gsm8k_test_000842,no_think,canonical,,full_output,20,10,False,55,55,True,12.579874038696289,,ok,True,ok,10,10
exp_b,exp_b__gsm8k_test_000842__canonical__no_think,gsm8k_test_000842,no_think,canonical,,answer_segment,6,10,False,55,55,True,16.221912384033203,,ok,True,ok,10,10
exp_b,exp_b__gsm8k_test_000842__canonical__no_think,gsm8k_test_000842,no_think,canonical,,answer_segment,13,10,False,55,55,True,13.218157768249512,,ok,True,ok,10,10
exp_b,exp_b__gsm8k_test_000842__canonical__no_think,gsm8k_test_000842,no_think,canonical,,answer_segment,20,10,False,55,55,True,12.579874038696289,,ok,True,ok,10,10
exp_b,exp_b__gsm8k_test_000842__irrelevant_context__no_think,gsm8k_test_000842,no_think,irrelevant_context,,full_output,6,10,False,44,44,True,13.908957481384277,,ok,True,ok,10,10
exp_b,exp_b__gsm8k_test_000842__irrelevant_context__no_think,gsm8k_test_000842,no_think,irrelevant_context,,full_output,13,10,False,44,44,True,12.628043174743652,,ok,True,ok,10,10
exp_b,exp_b__gsm8k_test_000842__irrelevant_context__no_think,gsm8k_test_000842,no_think,irrelevant_context,,full_output,20,10,False,44,44,True,12.022115707397461,,ok,True,ok,10,10
exp_b,exp_b__gsm8k_test_000842__irrelevant_context__no_think,gsm8k_test_000842,no_think,irrelevant_context,,answer_segment,6,10,False,44,44,True,13.908957481384277,,ok,True,ok,10,10
exp_b,exp_b__gsm8k_test_000842__irrelevant_context__no_think,gsm8k_test_000842,no_think,irrelevant_context,,answer_segment,13,10,False,44,44,True,12.628043174743652,,ok,True,ok,10,10
exp_b,exp_b__gsm8k_test_000842__irrelevant_context__no_think,gsm8k_test_000842,no_think,irrelevant_context,,answer_segment,20,10,False,44,44,True,12.022115707397461,,ok,True,ok,10,10
exp_b,exp_b__gsm8k_test_000842__repetitive_filler__no_think,gsm8k_test_000842,no_think,repetitive_filler,,full_output,6,10,False,47,47,True,15.133071899414062,,ok,True,ok,10,10
exp_b,exp_b__gsm8k_test_000842__repetitive_filler__no_think,gsm8k_test_000842,no_think,repetitive_filler,,full_output,13,10,False,47,47,True,13.803250312805176,,ok,True,ok,10,10
exp_b,exp_b__gsm8k_test_000842__repetitive_filler__no_think,gsm8k_test_000842,no_think,repetitive_filler,,full_output,20,10,False,47,47,True,12.629389762878418,,ok,True,ok,10,10
exp_b,exp_b__gsm8k_test_000842__repetitive_filler__no_think,gsm8k_test_000842,no_think,repetitive_filler,,answer_segment,6,10,False,47,47,True,15.133071899414062,,ok,True,ok,10,10
exp_b,exp_b__gsm8k_test_000842__repetitive_filler__no_think,gsm8k_test_000842,no_think,repetitive_filler,,answer_segment,13,10,False,47,47,True,13.803250312805176,,ok,True,ok,10,10
exp_b,exp_b__gsm8k_test_000842__repetitive_filler__no_think,gsm8k_test_000842,no_think,repetitive_filler,,answer_segment,20,10,False,47,47,True,12.629389762878418,,ok,True,ok,10,10
exp_b,exp_b__gsm8k_test_000849__canonical__no_think,gsm8k_test_000849,no_think,canonical,,full_output,6,10,False,41,41,True,11.303061485290527,,ok,True,ok,75,75
exp_b,exp_b__gsm8k_test_000849__canonical__no_think,gsm8k_test_000849,no_think,canonical,,full_output,13,10,False,41,41,True,11.937232971191406,,ok,True,ok,75,75
exp_b,exp_b__gsm8k_test_000849__canonical__no_think,gsm8k_test_000849,no_think,canonical,,full_output,20,10,False,41,41,True,12.100586891174316,,ok,True,ok,75,75
exp_b,exp_b__gsm8k_test_000849__canonical__no_think,gsm8k_test_000849,no_think,canonical,,answer_segment,6,10,False,41,41,True,11.303061485290527,,ok,True,ok,75,75
exp_b,exp_b__gsm8k_test_000849__canonical__no_think,gsm8k_test_000849,no_think,canonical,,answer_segment,13,10,False,41,41,True,11.937232971191406,,ok,True,ok,75,75
exp_b,exp_b__gsm8k_test_000849__canonical__no_think,gsm8k_test_000849,no_think,canonical,,answer_segment,20,10,False,41,41,True,12.100586891174316,,ok,True,ok,75,75
exp_b,exp_b__gsm8k_test_000849__irrelevant_context__no_think,gsm8k_test_000849,no_think,irrelevant_context,,full_output,6,10,False,42,42,True,11.302695274353027,,ok,True,ok,75,75
exp_b,exp_b__gsm8k_test_000849__irrelevant_context__no_think,gsm8k_test_000849,no_think,irrelevant_context,,full_output,13,10,False,42,42,True,12.68243408203125,,ok,True,ok,75,75
exp_b,exp_b__gsm8k_test_000849__irrelevant_context__no_think,gsm8k_test_000849,no_think,irrelevant_context,,full_output,20,10,False,42,42,True,11.753242492675781,,ok,True,ok,75,75
exp_b,exp_b__gsm8k_test_000849__irrelevant_context__no_think,gsm8k_test_000849,no_think,irrelevant_context,,answer_segment,6,10,False,42,42,True,11.302695274353027,,ok,True,ok,75,75
exp_b,exp_b__gsm8k_test_000849__irrelevant_context__no_think,gsm8k_test_000849,no_think,irrelevant_context,,answer_segment,13,10,False,42,42,True,12.68243408203125,,ok,True,ok,75,75
exp_b,exp_b__gsm8k_test_000849__irrelevant_context__no_think,gsm8k_test_000849,no_think,irrelevant_context,,answer_segment,20,10,False,42,42,True,11.753242492675781,,ok,True,ok,75,75
exp_b,exp_b__gsm8k_test_000849__repetitive_filler__no_think,gsm8k_test_000849,no_think,repetitive_filler,,full_output,6,10,False,41,41,True,11.25643253326416,,ok,True,ok,75,75
exp_b,exp_b__gsm8k_test_000849__repetitive_filler__no_think,gsm8k_test_000849,no_think,repetitive_filler,,full_output,13,10,False,41,41,True,12.116665840148926,,ok,True,ok,75,75
exp_b,exp_b__gsm8k_test_000849__repetitive_filler__no_think,gsm8k_test_000849,no_think,repetitive_filler,,full_output,20,10,False,41,41,True,12.143465995788574,,ok,True,ok,75,75
exp_b,exp_b__gsm8k_test_000849__repetitive_filler__no_think,gsm8k_test_000849,no_think,repetitive_filler,,answer_segment,6,10,False,41,41,True,11.25643253326416,,ok,True,ok,75,75
exp_b,exp_b__gsm8k_test_000849__repetitive_filler__no_think,gsm8k_test_000849,no_think,repetitive_filler,,answer_segment,13,10,False,41,41,True,12.116665840148926,,ok,True,ok,75,75
exp_b,exp_b__gsm8k_test_000849__repetitive_filler__no_think,gsm8k_test_000849,no_think,repetitive_filler,,answer_segment,20,10,False,41,41,True,12.143465995788574,,ok,True,ok,75,75
exp_b,exp_b__gsm8k_test_000863__canonical__no_think,gsm8k_test_000863,no_think,canonical,,full_output,6,10,False,40,40,True,9.990382194519043,,ok,False,ok,110,140
exp_b,exp_b__gsm8k_test_000863__canonical__no_think,gsm8k_test_000863,no_think,canonical,,full_output,13,10,False,40,40,True,9.148813247680664,,ok,False,ok,110,140
exp_b,exp_b__gsm8k_test_000863__canonical__no_think,gsm8k_test_000863,no_think,canonical,,full_output,20,10,False,40,40,True,9.727102279663086,,ok,False,ok,110,140
exp_b,exp_b__gsm8k_test_000863__canonical__no_think,gsm8k_test_000863,no_think,canonical,,answer_segment,6,10,False,40,40,True,9.990382194519043,,ok,False,ok,110,140
exp_b,exp_b__gsm8k_test_000863__canonical__no_think,gsm8k_test_000863,no_think,canonical,,answer_segment,13,10,False,40,40,True,9.148813247680664,,ok,False,ok,110,140
exp_b,exp_b__gsm8k_test_000863__canonical__no_think,gsm8k_test_000863,no_think,canonical,,answer_segment,20,10,False,40,40,True,9.727102279663086,,ok,False,ok,110,140
exp_b,exp_b__gsm8k_test_000863__irrelevant_context__no_think,gsm8k_test_000863,no_think,irrelevant_context,,full_output,6,10,False,51,51,True,11.796710968017578,,ok,True,ok,110,110
exp_b,exp_b__gsm8k_test_000863__irrelevant_context__no_think,gsm8k_test_000863,no_think,irrelevant_context,,full_output,13,10,False,51,51,True,12.28230094909668,,ok,True,ok,110,110
exp_b,exp_b__gsm8k_test_000863__irrelevant_context__no_think,gsm8k_test_000863,no_think,irrelevant_context,,full_output,20,10,False,51,51,True,12.572404861450195,,ok,True,ok,110,110
exp_b,exp_b__gsm8k_test_000863__irrelevant_context__no_think,gsm8k_test_000863,no_think,irrelevant_context,,answer_segment,6,10,False,51,51,True,11.796710968017578,,ok,True,ok,110,110
exp_b,exp_b__gsm8k_test_000863__irrelevant_context__no_think,gsm8k_test_000863,no_think,irrelevant_context,,answer_segment,13,10,False,51,51,True,12.28230094909668,,ok,True,ok,110,110
exp_b,exp_b__gsm8k_test_000863__irrelevant_context__no_think,gsm8k_test_000863,no_think,irrelevant_context,,answer_segment,20,10,False,51,51,True,12.572404861450195,,ok,True,ok,110,110
exp_b,exp_b__gsm8k_test_000863__repetitive_filler__no_think,gsm8k_test_000863,no_think,repetitive_filler,,full_output,6,10,False,43,43,True,10.599865913391113,,ok,True,ok,110,110
exp_b,exp_b__gsm8k_test_000863__repetitive_filler__no_think,gsm8k_test_000863,no_think,repetitive_filler,,full_output,13,10,False,43,43,True,11.607964515686035,,ok,True,ok,110,110
exp_b,exp_b__gsm8k_test_000863__repetitive_filler__no_think,gsm8k_test_000863,no_think,repetitive_filler,,full_output,20,10,False,43,43,True,11.27133846282959,,ok,True,ok,110,110
exp_b,exp_b__gsm8k_test_000863__repetitive_filler__no_think,gsm8k_test_000863,no_think,repetitive_filler,,answer_segment,6,10,False,43,43,True,10.599865913391113,,ok,True,ok,110,110
exp_b,exp_b__gsm8k_test_000863__repetitive_filler__no_think,gsm8k_test_000863,no_think,repetitive_filler,,answer_segment,13,10,False,43,43,True,11.607964515686035,,ok,True,ok,110,110
exp_b,exp_b__gsm8k_test_000863__repetitive_filler__no_think,gsm8k_test_000863,no_think,repetitive_filler,,answer_segment,20,10,False,43,43,True,11.27133846282959,,ok,True,ok,110,110
exp_b,exp_b__gsm8k_test_000898__canonical__no_think,gsm8k_test_000898,no_think,canonical,,full_output,6,10,False,46,46,True,10.59880256652832,,ok,False,ok,110,150
exp_b,exp_b__gsm8k_test_000898__canonical__no_think,gsm8k_test_000898,no_think,canonical,,full_output,13,10,False,46,46,True,10.681453704833984,,ok,False,ok,110,150
exp_b,exp_b__gsm8k_test_000898__canonical__no_think,gsm8k_test_000898,no_think,canonical,,full_output,20,10,False,46,46,True,11.577789306640625,,ok,False,ok,110,150
exp_b,exp_b__gsm8k_test_000898__canonical__no_think,gsm8k_test_000898,no_think,canonical,,answer_segment,6,10,False,46,46,True,10.59880256652832,,ok,False,ok,110,150
exp_b,exp_b__gsm8k_test_000898__canonical__no_think,gsm8k_test_000898,no_think,canonical,,answer_segment,13,10,False,46,46,True,10.681453704833984,,ok,False,ok,110,150
exp_b,exp_b__gsm8k_test_000898__canonical__no_think,gsm8k_test_000898,no_think,canonical,,answer_segment,20,10,False,46,46,True,11.577789306640625,,ok,False,ok,110,150
exp_b,exp_b__gsm8k_test_000898__irrelevant_context__no_think,gsm8k_test_000898,no_think,irrelevant_context,,full_output,6,10,False,56,56,True,10.649725914001465,,ok,False,ok,110,150
exp_b,exp_b__gsm8k_test_000898__irrelevant_context__no_think,gsm8k_test_000898,no_think,irrelevant_context,,full_output,13,10,False,56,56,True,10.880773544311523,,ok,False,ok,110,150
exp_b,exp_b__gsm8k_test_000898__irrelevant_context__no_think,gsm8k_test_000898,no_think,irrelevant_context,,full_output,20,10,False,56,56,True,12.011213302612305,,ok,False,ok,110,150
exp_b,exp_b__gsm8k_test_000898__irrelevant_context__no_think,gsm8k_test_000898,no_think,irrelevant_context,,answer_segment,6,10,False,56,56,True,10.649725914001465,,ok,False,ok,110,150
exp_b,exp_b__gsm8k_test_000898__irrelevant_context__no_think,gsm8k_test_000898,no_think,irrelevant_context,,answer_segment,13,10,False,56,56,True,10.880773544311523,,ok,False,ok,110,150
exp_b,exp_b__gsm8k_test_000898__irrelevant_context__no_think,gsm8k_test_000898,no_think,irrelevant_context,,answer_segment,20,10,False,56,56,True,12.011213302612305,,ok,False,ok,110,150
exp_b,exp_b__gsm8k_test_000898__repetitive_filler__no_think,gsm8k_test_000898,no_think,repetitive_filler,,full_output,6,10,False,56,56,True,10.640847206115723,,ok,False,ok,110,150
exp_b,exp_b__gsm8k_test_000898__repetitive_filler__no_think,gsm8k_test_000898,no_think,repetitive_filler,,full_output,13,10,False,56,56,True,11.5469970703125,,ok,False,ok,110,150
exp_b,exp_b__gsm8k_test_000898__repetitive_filler__no_think,gsm8k_test_000898,no_think,repetitive_filler,,full_output,20,10,False,56,56,True,12.116414070129395,,ok,False,ok,110,150
exp_b,exp_b__gsm8k_test_000898__repetitive_filler__no_think,gsm8k_test_000898,no_think,repetitive_filler,,answer_segment,6,10,False,56,56,True,10.640847206115723,,ok,False,ok,110,150
exp_b,exp_b__gsm8k_test_000898__repetitive_filler__no_think,gsm8k_test_000898,no_think,repetitive_filler,,answer_segment,13,10,False,56,56,True,11.5469970703125,,ok,False,ok,110,150
exp_b,exp_b__gsm8k_test_000898__repetitive_filler__no_think,gsm8k_test_000898,no_think,repetitive_filler,,answer_segment,20,10,False,56,56,True,12.116414070129395,,ok,False,ok,110,150
exp_b,exp_b__gsm8k_test_000921__canonical__no_think,gsm8k_test_000921,no_think,canonical,,full_output,6,10,False,42,42,True,11.371617317199707,,ok,False,ok,4,6
exp_b,exp_b__gsm8k_test_000921__canonical__no_think,gsm8k_test_000921,no_think,canonical,,full_output,13,10,False,42,42,True,11.152472496032715,,ok,False,ok,4,6
exp_b,exp_b__gsm8k_test_000921__canonical__no_think,gsm8k_test_000921,no_think,canonical,,full_output,20,10,False,42,42,True,12.967529296875,,ok,False,ok,4,6
exp_b,exp_b__gsm8k_test_000921__canonical__no_think,gsm8k_test_000921,no_think,canonical,,answer_segment,6,10,False,42,42,True,11.371617317199707,,ok,False,ok,4,6
exp_b,exp_b__gsm8k_test_000921__canonical__no_think,gsm8k_test_000921,no_think,canonical,,answer_segment,13,10,False,42,42,True,11.152472496032715,,ok,False,ok,4,6
exp_b,exp_b__gsm8k_test_000921__canonical__no_think,gsm8k_test_000921,no_think,canonical,,answer_segment,20,10,False,42,42,True,12.967529296875,,ok,False,ok,4,6
exp_b,exp_b__gsm8k_test_000921__irrelevant_context__no_think,gsm8k_test_000921,no_think,irrelevant_context,,full_output,6,10,False,49,49,True,11.57363224029541,,ok,True,ok,4,4
exp_b,exp_b__gsm8k_test_000921__irrelevant_context__no_think,gsm8k_test_000921,no_think,irrelevant_context,,full_output,13,10,False,49,49,True,11.232499122619629,,ok,True,ok,4,4
exp_b,exp_b__gsm8k_test_000921__irrelevant_context__no_think,gsm8k_test_000921,no_think,irrelevant_context,,full_output,20,10,False,49,49,True,12.414518356323242,,ok,True,ok,4,4
exp_b,exp_b__gsm8k_test_000921__irrelevant_context__no_think,gsm8k_test_000921,no_think,irrelevant_context,,answer_segment,6,10,False,49,49,True,11.57363224029541,,ok,True,ok,4,4
exp_b,exp_b__gsm8k_test_000921__irrelevant_context__no_think,gsm8k_test_000921,no_think,irrelevant_context,,answer_segment,13,10,False,49,49,True,11.232499122619629,,ok,True,ok,4,4
exp_b,exp_b__gsm8k_test_000921__irrelevant_context__no_think,gsm8k_test_000921,no_think,irrelevant_context,,answer_segment,20,10,False,49,49,True,12.414518356323242,,ok,True,ok,4,4
exp_b,exp_b__gsm8k_test_000921__repetitive_filler__no_think,gsm8k_test_000921,no_think,repetitive_filler,,full_output,6,10,False,42,42,True,11.333662986755371,,ok,False,ok,4,6
exp_b,exp_b__gsm8k_test_000921__repetitive_filler__no_think,gsm8k_test_000921,no_think,repetitive_filler,,full_output,13,10,False,42,42,True,11.279654502868652,,ok,False,ok,4,6
exp_b,exp_b__gsm8k_test_000921__repetitive_filler__no_think,gsm8k_test_000921,no_think,repetitive_filler,,full_output,20,10,False,42,42,True,13.102561950683594,,ok,False,ok,4,6
exp_b,exp_b__gsm8k_test_000921__repetitive_filler__no_think,gsm8k_test_000921,no_think,repetitive_filler,,answer_segment,6,10,False,42,42,True,11.333662986755371,,ok,False,ok,4,6
exp_b,exp_b__gsm8k_test_000921__repetitive_filler__no_think,gsm8k_test_000921,no_think,repetitive_filler,,answer_segment,13,10,False,42,42,True,11.279654502868652,,ok,False,ok,4,6
exp_b,exp_b__gsm8k_test_000921__repetitive_filler__no_think,gsm8k_test_000921,no_think,repetitive_filler,,answer_segment,20,10,False,42,42,True,13.102561950683594,,ok,False,ok,4,6
exp_b,exp_b__gsm8k_test_000926__canonical__no_think,gsm8k_test_000926,no_think,canonical,,full_output,6,10,False,68,68,True,18.78458023071289,,ok,False,ok,1,10
exp_b,exp_b__gsm8k_test_000926__canonical__no_think,gsm8k_test_000926,no_think,canonical,,full_output,13,10,False,68,68,True,12.07507038116455,,ok,False,ok,1,10
exp_b,exp_b__gsm8k_test_000926__canonical__no_think,gsm8k_test_000926,no_think,canonical,,full_output,20,10,False,68,68,True,11.60119342803955,,ok,False,ok,1,10
exp_b,exp_b__gsm8k_test_000926__canonical__no_think,gsm8k_test_000926,no_think,canonical,,answer_segment,6,10,False,68,68,True,18.78458023071289,,ok,False,ok,1,10
exp_b,exp_b__gsm8k_test_000926__canonical__no_think,gsm8k_test_000926,no_think,canonical,,answer_segment,13,10,False,68,68,True,12.07507038116455,,ok,False,ok,1,10
exp_b,exp_b__gsm8k_test_000926__canonical__no_think,gsm8k_test_000926,no_think,canonical,,answer_segment,20,10,False,68,68,True,11.60119342803955,,ok,False,ok,1,10
exp_b,exp_b__gsm8k_test_000926__irrelevant_context__no_think,gsm8k_test_000926,no_think,irrelevant_context,,full_output,6,10,False,72,72,True,18.44464111328125,,ok,False,ok,1,12
exp_b,exp_b__gsm8k_test_000926__irrelevant_context__no_think,gsm8k_test_000926,no_think,irrelevant_context,,full_output,13,10,False,72,72,True,13.292994499206543,,ok,False,ok,1,12
exp_b,exp_b__gsm8k_test_000926__irrelevant_context__no_think,gsm8k_test_000926,no_think,irrelevant_context,,full_output,20,10,False,72,72,True,11.63354206085205,,ok,False,ok,1,12
exp_b,exp_b__gsm8k_test_000926__irrelevant_context__no_think,gsm8k_test_000926,no_think,irrelevant_context,,answer_segment,6,10,False,72,72,True,18.44464111328125,,ok,False,ok,1,12
exp_b,exp_b__gsm8k_test_000926__irrelevant_context__no_think,gsm8k_test_000926,no_think,irrelevant_context,,answer_segment,13,10,False,72,72,True,13.292994499206543,,ok,False,ok,1,12
exp_b,exp_b__gsm8k_test_000926__irrelevant_context__no_think,gsm8k_test_000926,no_think,irrelevant_context,,answer_segment,20,10,False,72,72,True,11.63354206085205,,ok,False,ok,1,12
exp_b,exp_b__gsm8k_test_000926__repetitive_filler__no_think,gsm8k_test_000926,no_think,repetitive_filler,,full_output,6,10,False,69,69,True,16.818817138671875,,ok,False,ok,1,11
exp_b,exp_b__gsm8k_test_000926__repetitive_filler__no_think,gsm8k_test_000926,no_think,repetitive_filler,,full_output,13,10,False,69,69,True,12.619351387023926,,ok,False,ok,1,11
exp_b,exp_b__gsm8k_test_000926__repetitive_filler__no_think,gsm8k_test_000926,no_think,repetitive_filler,,full_output,20,10,False,69,69,True,12.180647850036621,,ok,False,ok,1,11
exp_b,exp_b__gsm8k_test_000926__repetitive_filler__no_think,gsm8k_test_000926,no_think,repetitive_filler,,answer_segment,6,10,False,69,69,True,16.818817138671875,,ok,False,ok,1,11
exp_b,exp_b__gsm8k_test_000926__repetitive_filler__no_think,gsm8k_test_000926,no_think,repetitive_filler,,answer_segment,13,10,False,69,69,True,12.619351387023926,,ok,False,ok,1,11
exp_b,exp_b__gsm8k_test_000926__repetitive_filler__no_think,gsm8k_test_000926,no_think,repetitive_filler,,answer_segment,20,10,False,69,69,True,12.180647850036621,,ok,False,ok,1,11
exp_b,exp_b__gsm8k_test_000945__canonical__no_think,gsm8k_test_000945,no_think,canonical,,full_output,6,10,False,85,85,True,11.52518367767334,,ok,False,ok,17,22
exp_b,exp_b__gsm8k_test_000945__canonical__no_think,gsm8k_test_000945,no_think,canonical,,full_output,13,10,False,85,85,True,10.250550270080566,,ok,False,ok,17,22
exp_b,exp_b__gsm8k_test_000945__canonical__no_think,gsm8k_test_000945,no_think,canonical,,full_output,20,10,False,85,85,True,10.563763618469238,,ok,False,ok,17,22
exp_b,exp_b__gsm8k_test_000945__canonical__no_think,gsm8k_test_000945,no_think,canonical,,answer_segment,6,10,False,85,85,True,11.52518367767334,,ok,False,ok,17,22
exp_b,exp_b__gsm8k_test_000945__canonical__no_think,gsm8k_test_000945,no_think,canonical,,answer_segment,13,10,False,85,85,True,10.250550270080566,,ok,False,ok,17,22
exp_b,exp_b__gsm8k_test_000945__canonical__no_think,gsm8k_test_000945,no_think,canonical,,answer_segment,20,10,False,85,85,True,10.563763618469238,,ok,False,ok,17,22
exp_b,exp_b__gsm8k_test_000945__irrelevant_context__no_think,gsm8k_test_000945,no_think,irrelevant_context,,full_output,6,10,False,55,55,True,11.513602256774902,,ok,False,ok,17,20
exp_b,exp_b__gsm8k_test_000945__irrelevant_context__no_think,gsm8k_test_000945,no_think,irrelevant_context,,full_output,13,10,False,55,55,True,10.381516456604004,,ok,False,ok,17,20
exp_b,exp_b__gsm8k_test_000945__irrelevant_context__no_think,gsm8k_test_000945,no_think,irrelevant_context,,full_output,20,10,False,55,55,True,10.542933464050293,,ok,False,ok,17,20
exp_b,exp_b__gsm8k_test_000945__irrelevant_context__no_think,gsm8k_test_000945,no_think,irrelevant_context,,answer_segment,6,10,False,55,55,True,11.513602256774902,,ok,False,ok,17,20
exp_b,exp_b__gsm8k_test_000945__irrelevant_context__no_think,gsm8k_test_000945,no_think,irrelevant_context,,answer_segment,13,10,False,55,55,True,10.381516456604004,,ok,False,ok,17,20
exp_b,exp_b__gsm8k_test_000945__irrelevant_context__no_think,gsm8k_test_000945,no_think,irrelevant_context,,answer_segment,20,10,False,55,55,True,10.542933464050293,,ok,False,ok,17,20
exp_b,exp_b__gsm8k_test_000945__repetitive_filler__no_think,gsm8k_test_000945,no_think,repetitive_filler,,full_output,6,10,False,71,71,True,12.379080772399902,,ok,False,ok,17,16
exp_b,exp_b__gsm8k_test_000945__repetitive_filler__no_think,gsm8k_test_000945,no_think,repetitive_filler,,full_output,13,10,False,71,71,True,10.075728416442871,,ok,False,ok,17,16
exp_b,exp_b__gsm8k_test_000945__repetitive_filler__no_think,gsm8k_test_000945,no_think,repetitive_filler,,full_output,20,10,False,71,71,True,10.458561897277832,,ok,False,ok,17,16
exp_b,exp_b__gsm8k_test_000945__repetitive_filler__no_think,gsm8k_test_000945,no_think,repetitive_filler,,answer_segment,6,10,False,71,71,True,12.379080772399902,,ok,False,ok,17,16
exp_b,exp_b__gsm8k_test_000945__repetitive_filler__no_think,gsm8k_test_000945,no_think,repetitive_filler,,answer_segment,13,10,False,71,71,True,10.075728416442871,,ok,False,ok,17,16
exp_b,exp_b__gsm8k_test_000945__repetitive_filler__no_think,gsm8k_test_000945,no_think,repetitive_filler,,answer_segment,20,10,False,71,71,True,10.458561897277832,,ok,False,ok,17,16
exp_b,exp_b__gsm8k_test_000969__canonical__no_think,gsm8k_test_000969,no_think,canonical,,full_output,6,10,False,55,55,True,12.162668228149414,,ok,False,ok,1800,1500
exp_b,exp_b__gsm8k_test_000969__canonical__no_think,gsm8k_test_000969,no_think,canonical,,full_output,13,10,False,55,55,True,11.095052719116211,,ok,False,ok,1800,1500
exp_b,exp_b__gsm8k_test_000969__canonical__no_think,gsm8k_test_000969,no_think,canonical,,full_output,20,10,False,55,55,True,10.312675476074219,,ok,False,ok,1800,1500
exp_b,exp_b__gsm8k_test_000969__canonical__no_think,gsm8k_test_000969,no_think,canonical,,answer_segment,6,10,False,55,55,True,12.162668228149414,,ok,False,ok,1800,1500
exp_b,exp_b__gsm8k_test_000969__canonical__no_think,gsm8k_test_000969,no_think,canonical,,answer_segment,13,10,False,55,55,True,11.095052719116211,,ok,False,ok,1800,1500
exp_b,exp_b__gsm8k_test_000969__canonical__no_think,gsm8k_test_000969,no_think,canonical,,answer_segment,20,10,False,55,55,True,10.312675476074219,,ok,False,ok,1800,1500
exp_b,exp_b__gsm8k_test_000969__irrelevant_context__no_think,gsm8k_test_000969,no_think,irrelevant_context,,full_output,6,10,False,54,54,True,14.352014541625977,,ok,False,ok,1800,1200
exp_b,exp_b__gsm8k_test_000969__irrelevant_context__no_think,gsm8k_test_000969,no_think,irrelevant_context,,full_output,13,10,False,54,54,True,11.244858741760254,,ok,False,ok,1800,1200
exp_b,exp_b__gsm8k_test_000969__irrelevant_context__no_think,gsm8k_test_000969,no_think,irrelevant_context,,full_output,20,10,False,54,54,True,10.972984313964844,,ok,False,ok,1800,1200
exp_b,exp_b__gsm8k_test_000969__irrelevant_context__no_think,gsm8k_test_000969,no_think,irrelevant_context,,answer_segment,6,10,False,54,54,True,14.352014541625977,,ok,False,ok,1800,1200
exp_b,exp_b__gsm8k_test_000969__irrelevant_context__no_think,gsm8k_test_000969,no_think,irrelevant_context,,answer_segment,13,10,False,54,54,True,11.244858741760254,,ok,False,ok,1800,1200
exp_b,exp_b__gsm8k_test_000969__irrelevant_context__no_think,gsm8k_test_000969,no_think,irrelevant_context,,answer_segment,20,10,False,54,54,True,10.972984313964844,,ok,False,ok,1800,1200
exp_b,exp_b__gsm8k_test_000969__repetitive_filler__no_think,gsm8k_test_000969,no_think,repetitive_filler,,full_output,6,10,False,55,55,True,12.071940422058105,,ok,False,ok,1800,1500
exp_b,exp_b__gsm8k_test_000969__repetitive_filler__no_think,gsm8k_test_000969,no_think,repetitive_filler,,full_output,13,10,False,55,55,True,11.174489974975586,,ok,False,ok,1800,1500
exp_b,exp_b__gsm8k_test_000969__repetitive_filler__no_think,gsm8k_test_000969,no_think,repetitive_filler,,full_output,20,10,False,55,55,True,10.583911895751953,,ok,False,ok,1800,1500
exp_b,exp_b__gsm8k_test_000969__repetitive_filler__no_think,gsm8k_test_000969,no_think,repetitive_filler,,answer_segment,6,10,False,55,55,True,12.071940422058105,,ok,False,ok,1800,1500
exp_b,exp_b__gsm8k_test_000969__repetitive_filler__no_think,gsm8k_test_000969,no_think,repetitive_filler,,answer_segment,13,10,False,55,55,True,11.174489974975586,,ok,False,ok,1800,1500
exp_b,exp_b__gsm8k_test_000969__repetitive_filler__no_think,gsm8k_test_000969,no_think,repetitive_filler,,answer_segment,20,10,False,55,55,True,10.583911895751953,,ok,False,ok,1800,1500
exp_b,exp_b__gsm8k_test_000980__canonical__no_think,gsm8k_test_000980,no_think,canonical,,full_output,6,10,False,47,47,True,12.300312042236328,,ok,True,ok,90,90
exp_b,exp_b__gsm8k_test_000980__canonical__no_think,gsm8k_test_000980,no_think,canonical,,full_output,13,10,False,47,47,True,10.359487533569336,,ok,True,ok,90,90
exp_b,exp_b__gsm8k_test_000980__canonical__no_think,gsm8k_test_000980,no_think,canonical,,full_output,20,10,False,47,47,True,10.538849830627441,,ok,True,ok,90,90
exp_b,exp_b__gsm8k_test_000980__canonical__no_think,gsm8k_test_000980,no_think,canonical,,answer_segment,6,10,False,47,47,True,12.300312042236328,,ok,True,ok,90,90
exp_b,exp_b__gsm8k_test_000980__canonical__no_think,gsm8k_test_000980,no_think,canonical,,answer_segment,13,10,False,47,47,True,10.359487533569336,,ok,True,ok,90,90
exp_b,exp_b__gsm8k_test_000980__canonical__no_think,gsm8k_test_000980,no_think,canonical,,answer_segment,20,10,False,47,47,True,10.538849830627441,,ok,True,ok,90,90
exp_b,exp_b__gsm8k_test_000980__irrelevant_context__no_think,gsm8k_test_000980,no_think,irrelevant_context,,full_output,6,10,False,54,54,True,12.867341041564941,,ok,True,ok,90,90
exp_b,exp_b__gsm8k_test_000980__irrelevant_context__no_think,gsm8k_test_000980,no_think,irrelevant_context,,full_output,13,10,False,54,54,True,12.40120792388916,,ok,True,ok,90,90
exp_b,exp_b__gsm8k_test_000980__irrelevant_context__no_think,gsm8k_test_000980,no_think,irrelevant_context,,full_output,20,10,False,54,54,True,11.204154014587402,,ok,True,ok,90,90
exp_b,exp_b__gsm8k_test_000980__irrelevant_context__no_think,gsm8k_test_000980,no_think,irrelevant_context,,answer_segment,6,10,False,54,54,True,12.867341041564941,,ok,True,ok,90,90
exp_b,exp_b__gsm8k_test_000980__irrelevant_context__no_think,gsm8k_test_000980,no_think,irrelevant_context,,answer_segment,13,10,False,54,54,True,12.40120792388916,,ok,True,ok,90,90
exp_b,exp_b__gsm8k_test_000980__irrelevant_context__no_think,gsm8k_test_000980,no_think,irrelevant_context,,answer_segment,20,10,False,54,54,True,11.204154014587402,,ok,True,ok,90,90
exp_b,exp_b__gsm8k_test_000980__repetitive_filler__no_think,gsm8k_test_000980,no_think,repetitive_filler,,full_output,6,10,False,47,47,True,12.237244606018066,,ok,True,ok,90,90
exp_b,exp_b__gsm8k_test_000980__repetitive_filler__no_think,gsm8k_test_000980,no_think,repetitive_filler,,full_output,13,10,False,47,47,True,10.416291236877441,,ok,True,ok,90,90
exp_b,exp_b__gsm8k_test_000980__repetitive_filler__no_think,gsm8k_test_000980,no_think,repetitive_filler,,full_output,20,10,False,47,47,True,10.616279602050781,,ok,True,ok,90,90
exp_b,exp_b__gsm8k_test_000980__repetitive_filler__no_think,gsm8k_test_000980,no_think,repetitive_filler,,answer_segment,6,10,False,47,47,True,12.237244606018066,,ok,True,ok,90,90
exp_b,exp_b__gsm8k_test_000980__repetitive_filler__no_think,gsm8k_test_000980,no_think,repetitive_filler,,answer_segment,13,10,False,47,47,True,10.416291236877441,,ok,True,ok,90,90
exp_b,exp_b__gsm8k_test_000980__repetitive_filler__no_think,gsm8k_test_000980,no_think,repetitive_filler,,answer_segment,20,10,False,47,47,True,10.616279602050781,,ok,True,ok,90,90
exp_b,exp_b__gsm8k_test_000989__canonical__no_think,gsm8k_test_000989,no_think,canonical,,full_output,6,10,False,64,64,True,12.088522911071777,,ok,True,ok,45,45
exp_b,exp_b__gsm8k_test_000989__canonical__no_think,gsm8k_test_000989,no_think,canonical,,full_output,13,10,False,64,64,True,11.099956512451172,,ok,True,ok,45,45
exp_b,exp_b__gsm8k_test_000989__canonical__no_think,gsm8k_test_000989,no_think,canonical,,full_output,20,10,False,64,64,True,11.837299346923828,,ok,True,ok,45,45
exp_b,exp_b__gsm8k_test_000989__canonical__no_think,gsm8k_test_000989,no_think,canonical,,answer_segment,6,10,False,64,64,True,12.088522911071777,,ok,True,ok,45,45
exp_b,exp_b__gsm8k_test_000989__canonical__no_think,gsm8k_test_000989,no_think,canonical,,answer_segment,13,10,False,64,64,True,11.099956512451172,,ok,True,ok,45,45
exp_b,exp_b__gsm8k_test_000989__canonical__no_think,gsm8k_test_000989,no_think,canonical,,answer_segment,20,10,False,64,64,True,11.837299346923828,,ok,True,ok,45,45
exp_b,exp_b__gsm8k_test_000989__irrelevant_context__no_think,gsm8k_test_000989,no_think,irrelevant_context,,full_output,6,10,False,63,63,True,13.341114044189453,,ok,False,ok,45,18
exp_b,exp_b__gsm8k_test_000989__irrelevant_context__no_think,gsm8k_test_000989,no_think,irrelevant_context,,full_output,13,10,False,63,63,True,10.899224281311035,,ok,False,ok,45,18
exp_b,exp_b__gsm8k_test_000989__irrelevant_context__no_think,gsm8k_test_000989,no_think,irrelevant_context,,full_output,20,10,False,63,63,True,11.690156936645508,,ok,False,ok,45,18
exp_b,exp_b__gsm8k_test_000989__irrelevant_context__no_think,gsm8k_test_000989,no_think,irrelevant_context,,answer_segment,6,10,False,63,63,True,13.341114044189453,,ok,False,ok,45,18
exp_b,exp_b__gsm8k_test_000989__irrelevant_context__no_think,gsm8k_test_000989,no_think,irrelevant_context,,answer_segment,13,10,False,63,63,True,10.899224281311035,,ok,False,ok,45,18
exp_b,exp_b__gsm8k_test_000989__irrelevant_context__no_think,gsm8k_test_000989,no_think,irrelevant_context,,answer_segment,20,10,False,63,63,True,11.690156936645508,,ok,False,ok,45,18
exp_b,exp_b__gsm8k_test_000989__repetitive_filler__no_think,gsm8k_test_000989,no_think,repetitive_filler,,full_output,6,10,False,53,53,True,11.264089584350586,,ok,True,ok,45,45
exp_b,exp_b__gsm8k_test_000989__repetitive_filler__no_think,gsm8k_test_000989,no_think,repetitive_filler,,full_output,13,10,False,53,53,True,10.671818733215332,,ok,True,ok,45,45
exp_b,exp_b__gsm8k_test_000989__repetitive_filler__no_think,gsm8k_test_000989,no_think,repetitive_filler,,full_output,20,10,False,53,53,True,11.7447509765625,,ok,True,ok,45,45
exp_b,exp_b__gsm8k_test_000989__repetitive_filler__no_think,gsm8k_test_000989,no_think,repetitive_filler,,answer_segment,6,10,False,53,53,True,11.264089584350586,,ok,True,ok,45,45
exp_b,exp_b__gsm8k_test_000989__repetitive_filler__no_think,gsm8k_test_000989,no_think,repetitive_filler,,answer_segment,13,10,False,53,53,True,10.671818733215332,,ok,True,ok,45,45
exp_b,exp_b__gsm8k_test_000989__repetitive_filler__no_think,gsm8k_test_000989,no_think,repetitive_filler,,answer_segment,20,10,False,53,53,True,11.7447509765625,,ok,True,ok,45,45
exp_b,exp_b__gsm8k_test_000991__canonical__no_think,gsm8k_test_000991,no_think,canonical,,full_output,6,10,False,57,57,True,14.497321128845215,,ok,False,ok,15,255
exp_b,exp_b__gsm8k_test_000991__canonical__no_think,gsm8k_test_000991,no_think,canonical,,full_output,13,10,False,57,57,True,12.949684143066406,,ok,False,ok,15,255
exp_b,exp_b__gsm8k_test_000991__canonical__no_think,gsm8k_test_000991,no_think,canonical,,full_output,20,10,False,57,57,True,11.689566612243652,,ok,False,ok,15,255
exp_b,exp_b__gsm8k_test_000991__canonical__no_think,gsm8k_test_000991,no_think,canonical,,answer_segment,6,10,False,57,57,True,14.497321128845215,,ok,False,ok,15,255
exp_b,exp_b__gsm8k_test_000991__canonical__no_think,gsm8k_test_000991,no_think,canonical,,answer_segment,13,10,False,57,57,True,12.949684143066406,,ok,False,ok,15,255
exp_b,exp_b__gsm8k_test_000991__canonical__no_think,gsm8k_test_000991,no_think,canonical,,answer_segment,20,10,False,57,57,True,11.689566612243652,,ok,False,ok,15,255
exp_b,exp_b__gsm8k_test_000991__irrelevant_context__no_think,gsm8k_test_000991,no_think,irrelevant_context,,full_output,6,10,False,48,48,True,12.683371543884277,,ok,False,ok,15,105
exp_b,exp_b__gsm8k_test_000991__irrelevant_context__no_think,gsm8k_test_000991,no_think,irrelevant_context,,full_output,13,10,False,48,48,True,12.68463134765625,,ok,False,ok,15,105
exp_b,exp_b__gsm8k_test_000991__irrelevant_context__no_think,gsm8k_test_000991,no_think,irrelevant_context,,full_output,20,10,False,48,48,True,12.851214408874512,,ok,False,ok,15,105
exp_b,exp_b__gsm8k_test_000991__irrelevant_context__no_think,gsm8k_test_000991,no_think,irrelevant_context,,answer_segment,6,10,False,48,48,True,12.683371543884277,,ok,False,ok,15,105
exp_b,exp_b__gsm8k_test_000991__irrelevant_context__no_think,gsm8k_test_000991,no_think,irrelevant_context,,answer_segment,13,10,False,48,48,True,12.68463134765625,,ok,False,ok,15,105
exp_b,exp_b__gsm8k_test_000991__irrelevant_context__no_think,gsm8k_test_000991,no_think,irrelevant_context,,answer_segment,20,10,False,48,48,True,12.851214408874512,,ok,False,ok,15,105
exp_b,exp_b__gsm8k_test_000991__repetitive_filler__no_think,gsm8k_test_000991,no_think,repetitive_filler,,full_output,6,10,False,53,53,True,14.756229400634766,,ok,False,ok,15,105
exp_b,exp_b__gsm8k_test_000991__repetitive_filler__no_think,gsm8k_test_000991,no_think,repetitive_filler,,full_output,13,10,False,53,53,True,12.193771362304688,,ok,False,ok,15,105
exp_b,exp_b__gsm8k_test_000991__repetitive_filler__no_think,gsm8k_test_000991,no_think,repetitive_filler,,full_output,20,10,False,53,53,True,12.625801086425781,,ok,False,ok,15,105
exp_b,exp_b__gsm8k_test_000991__repetitive_filler__no_think,gsm8k_test_000991,no_think,repetitive_filler,,answer_segment,6,10,False,53,53,True,14.756229400634766,,ok,False,ok,15,105
exp_b,exp_b__gsm8k_test_000991__repetitive_filler__no_think,gsm8k_test_000991,no_think,repetitive_filler,,answer_segment,13,10,False,53,53,True,12.193771362304688,,ok,False,ok,15,105
exp_b,exp_b__gsm8k_test_000991__repetitive_filler__no_think,gsm8k_test_000991,no_think,repetitive_filler,,answer_segment,20,10,False,53,53,True,12.625801086425781,,ok,False,ok,15,105
exp_b,exp_b__gsm8k_test_000992__canonical__no_think,gsm8k_test_000992,no_think,canonical,,full_output,6,10,False,60,60,True,15.723185539245605,,ok,False,ok,52,68
exp_b,exp_b__gsm8k_test_000992__canonical__no_think,gsm8k_test_000992,no_think,canonical,,full_output,13,10,False,60,60,True,11.776383399963379,,ok,False,ok,52,68
exp_b,exp_b__gsm8k_test_000992__canonical__no_think,gsm8k_test_000992,no_think,canonical,,full_output,20,10,False,60,60,True,11.723773002624512,,ok,False,ok,52,68
exp_b,exp_b__gsm8k_test_000992__canonical__no_think,gsm8k_test_000992,no_think,canonical,,answer_segment,6,10,False,60,60,True,15.723185539245605,,ok,False,ok,52,68
exp_b,exp_b__gsm8k_test_000992__canonical__no_think,gsm8k_test_000992,no_think,canonical,,answer_segment,13,10,False,60,60,True,11.776383399963379,,ok,False,ok,52,68
exp_b,exp_b__gsm8k_test_000992__canonical__no_think,gsm8k_test_000992,no_think,canonical,,answer_segment,20,10,False,60,60,True,11.723773002624512,,ok,False,ok,52,68
exp_b,exp_b__gsm8k_test_000992__irrelevant_context__no_think,gsm8k_test_000992,no_think,irrelevant_context,,full_output,6,10,False,67,67,True,14.535118103027344,,ok,False,ok,52,64
exp_b,exp_b__gsm8k_test_000992__irrelevant_context__no_think,gsm8k_test_000992,no_think,irrelevant_context,,full_output,13,10,False,67,67,True,11.365514755249023,,ok,False,ok,52,64
exp_b,exp_b__gsm8k_test_000992__irrelevant_context__no_think,gsm8k_test_000992,no_think,irrelevant_context,,full_output,20,10,False,67,67,True,10.97476863861084,,ok,False,ok,52,64
exp_b,exp_b__gsm8k_test_000992__irrelevant_context__no_think,gsm8k_test_000992,no_think,irrelevant_context,,answer_segment,6,10,False,67,67,True,14.535118103027344,,ok,False,ok,52,64
exp_b,exp_b__gsm8k_test_000992__irrelevant_context__no_think,gsm8k_test_000992,no_think,irrelevant_context,,answer_segment,13,10,False,67,67,True,11.365514755249023,,ok,False,ok,52,64
exp_b,exp_b__gsm8k_test_000992__irrelevant_context__no_think,gsm8k_test_000992,no_think,irrelevant_context,,answer_segment,20,10,False,67,67,True,10.97476863861084,,ok,False,ok,52,64
exp_b,exp_b__gsm8k_test_000992__repetitive_filler__no_think,gsm8k_test_000992,no_think,repetitive_filler,,full_output,6,10,False,67,67,True,14.39393138885498,,ok,False,ok,52,64
exp_b,exp_b__gsm8k_test_000992__repetitive_filler__no_think,gsm8k_test_000992,no_think,repetitive_filler,,full_output,13,10,False,67,67,True,11.171236038208008,,ok,False,ok,52,64
exp_b,exp_b__gsm8k_test_000992__repetitive_filler__no_think,gsm8k_test_000992,no_think,repetitive_filler,,full_output,20,10,False,67,67,True,11.850976943969727,,ok,False,ok,52,64
exp_b,exp_b__gsm8k_test_000992__repetitive_filler__no_think,gsm8k_test_000992,no_think,repetitive_filler,,answer_segment,6,10,False,67,67,True,14.39393138885498,,ok,False,ok,52,64
exp_b,exp_b__gsm8k_test_000992__repetitive_filler__no_think,gsm8k_test_000992,no_think,repetitive_filler,,answer_segment,13,10,False,67,67,True,11.171236038208008,,ok,False,ok,52,64
exp_b,exp_b__gsm8k_test_000992__repetitive_filler__no_think,gsm8k_test_000992,no_think,repetitive_filler,,answer_segment,20,10,False,67,67,True,11.850976943969727,,ok,False,ok,52,64
exp_b,exp_b__gsm8k_test_000993__canonical__no_think,gsm8k_test_000993,no_think,canonical,,full_output,6,10,False,47,47,True,12.097900390625,,ok,False,ok,11,44
exp_b,exp_b__gsm8k_test_000993__canonical__no_think,gsm8k_test_000993,no_think,canonical,,full_output,13,10,False,47,47,True,11.177709579467773,,ok,False,ok,11,44
exp_b,exp_b__gsm8k_test_000993__canonical__no_think,gsm8k_test_000993,no_think,canonical,,full_output,20,10,False,47,47,True,11.68498706817627,,ok,False,ok,11,44
exp_b,exp_b__gsm8k_test_000993__canonical__no_think,gsm8k_test_000993,no_think,canonical,,answer_segment,6,10,False,47,47,True,12.097900390625,,ok,False,ok,11,44
exp_b,exp_b__gsm8k_test_000993__canonical__no_think,gsm8k_test_000993,no_think,canonical,,answer_segment,13,10,False,47,47,True,11.177709579467773,,ok,False,ok,11,44
exp_b,exp_b__gsm8k_test_000993__canonical__no_think,gsm8k_test_000993,no_think,canonical,,answer_segment,20,10,False,47,47,True,11.68498706817627,,ok,False,ok,11,44
exp_b,exp_b__gsm8k_test_000993__irrelevant_context__no_think,gsm8k_test_000993,no_think,irrelevant_context,,full_output,6,10,False,49,49,True,11.490254402160645,,ok,False,ok,11,33
exp_b,exp_b__gsm8k_test_000993__irrelevant_context__no_think,gsm8k_test_000993,no_think,irrelevant_context,,full_output,13,10,False,49,49,True,11.060747146606445,,ok,False,ok,11,33
exp_b,exp_b__gsm8k_test_000993__irrelevant_context__no_think,gsm8k_test_000993,no_think,irrelevant_context,,full_output,20,10,False,49,49,True,11.782618522644043,,ok,False,ok,11,33
exp_b,exp_b__gsm8k_test_000993__irrelevant_context__no_think,gsm8k_test_000993,no_think,irrelevant_context,,answer_segment,6,10,False,49,49,True,11.490254402160645,,ok,False,ok,11,33
exp_b,exp_b__gsm8k_test_000993__irrelevant_context__no_think,gsm8k_test_000993,no_think,irrelevant_context,,answer_segment,13,10,False,49,49,True,11.060747146606445,,ok,False,ok,11,33
exp_b,exp_b__gsm8k_test_000993__irrelevant_context__no_think,gsm8k_test_000993,no_think,irrelevant_context,,answer_segment,20,10,False,49,49,True,11.782618522644043,,ok,False,ok,11,33
exp_b,exp_b__gsm8k_test_000993__repetitive_filler__no_think,gsm8k_test_000993,no_think,repetitive_filler,,full_output,6,10,False,48,48,True,11.822750091552734,,ok,False,ok,11,44
exp_b,exp_b__gsm8k_test_000993__repetitive_filler__no_think,gsm8k_test_000993,no_think,repetitive_filler,,full_output,13,10,False,48,48,True,11.43652057647705,,ok,False,ok,11,44
exp_b,exp_b__gsm8k_test_000993__repetitive_filler__no_think,gsm8k_test_000993,no_think,repetitive_filler,,full_output,20,10,False,48,48,True,11.80826473236084,,ok,False,ok,11,44
exp_b,exp_b__gsm8k_test_000993__repetitive_filler__no_think,gsm8k_test_000993,no_think,repetitive_filler,,answer_segment,6,10,False,48,48,True,11.822750091552734,,ok,False,ok,11,44
exp_b,exp_b__gsm8k_test_000993__repetitive_filler__no_think,gsm8k_test_000993,no_think,repetitive_filler,,answer_segment,13,10,False,48,48,True,11.43652057647705,,ok,False,ok,11,44
exp_b,exp_b__gsm8k_test_000993__repetitive_filler__no_think,gsm8k_test_000993,no_think,repetitive_filler,,answer_segment,20,10,False,48,48,True,11.80826473236084,,ok,False,ok,11,44
exp_b,exp_b__gsm8k_test_000999__canonical__no_think,gsm8k_test_000999,no_think,canonical,,full_output,6,10,False,49,49,True,12.271052360534668,,ok,False,ok,25,50
exp_b,exp_b__gsm8k_test_000999__canonical__no_think,gsm8k_test_000999,no_think,canonical,,full_output,13,10,False,49,49,True,11.455822944641113,,ok,False,ok,25,50
exp_b,exp_b__gsm8k_test_000999__canonical__no_think,gsm8k_test_000999,no_think,canonical,,full_output,20,10,False,49,49,True,11.648005485534668,,ok,False,ok,25,50
exp_b,exp_b__gsm8k_test_000999__canonical__no_think,gsm8k_test_000999,no_think,canonical,,answer_segment,6,10,False,49,49,True,12.271052360534668,,ok,False,ok,25,50
exp_b,exp_b__gsm8k_test_000999__canonical__no_think,gsm8k_test_000999,no_think,canonical,,answer_segment,13,10,False,49,49,True,11.455822944641113,,ok,False,ok,25,50
exp_b,exp_b__gsm8k_test_000999__canonical__no_think,gsm8k_test_000999,no_think,canonical,,answer_segment,20,10,False,49,49,True,11.648005485534668,,ok,False,ok,25,50
exp_b,exp_b__gsm8k_test_000999__irrelevant_context__no_think,gsm8k_test_000999,no_think,irrelevant_context,,full_output,6,10,False,55,55,True,11.773106575012207,,ok,False,ok,25,33.3333333333
exp_b,exp_b__gsm8k_test_000999__irrelevant_context__no_think,gsm8k_test_000999,no_think,irrelevant_context,,full_output,13,10,False,55,55,True,10.945676803588867,,ok,False,ok,25,33.3333333333
exp_b,exp_b__gsm8k_test_000999__irrelevant_context__no_think,gsm8k_test_000999,no_think,irrelevant_context,,full_output,20,10,False,55,55,True,10.886163711547852,,ok,False,ok,25,33.3333333333
exp_b,exp_b__gsm8k_test_000999__irrelevant_context__no_think,gsm8k_test_000999,no_think,irrelevant_context,,answer_segment,6,10,False,55,55,True,11.773106575012207,,ok,False,ok,25,33.3333333333
exp_b,exp_b__gsm8k_test_000999__irrelevant_context__no_think,gsm8k_test_000999,no_think,irrelevant_context,,answer_segment,13,10,False,55,55,True,10.945676803588867,,ok,False,ok,25,33.3333333333
exp_b,exp_b__gsm8k_test_000999__irrelevant_context__no_think,gsm8k_test_000999,no_think,irrelevant_context,,answer_segment,20,10,False,55,55,True,10.886163711547852,,ok,False,ok,25,33.3333333333
exp_b,exp_b__gsm8k_test_000999__repetitive_filler__no_think,gsm8k_test_000999,no_think,repetitive_filler,,full_output,6,10,False,53,53,True,12.297881126403809,,ok,False,ok,25,50
exp_b,exp_b__gsm8k_test_000999__repetitive_filler__no_think,gsm8k_test_000999,no_think,repetitive_filler,,full_output,13,10,False,53,53,True,11.65410041809082,,ok,False,ok,25,50
exp_b,exp_b__gsm8k_test_000999__repetitive_filler__no_think,gsm8k_test_000999,no_think,repetitive_filler,,full_output,20,10,False,53,53,True,11.621898651123047,,ok,False,ok,25,50
exp_b,exp_b__gsm8k_test_000999__repetitive_filler__no_think,gsm8k_test_000999,no_think,repetitive_filler,,answer_segment,6,10,False,53,53,True,12.297881126403809,,ok,False,ok,25,50
exp_b,exp_b__gsm8k_test_000999__repetitive_filler__no_think,gsm8k_test_000999,no_think,repetitive_filler,,answer_segment,13,10,False,53,53,True,11.65410041809082,,ok,False,ok,25,50
exp_b,exp_b__gsm8k_test_000999__repetitive_filler__no_think,gsm8k_test_000999,no_think,repetitive_filler,,answer_segment,20,10,False,53,53,True,11.621898651123047,,ok,False,ok,25,50
exp_b,exp_b__gsm8k_test_001006__canonical__no_think,gsm8k_test_001006,no_think,canonical,,full_output,6,10,False,71,71,True,14.475302696228027,,ok,False,ok,826,828.4
exp_b,exp_b__gsm8k_test_001006__canonical__no_think,gsm8k_test_001006,no_think,canonical,,full_output,13,10,False,71,71,True,10.796853065490723,,ok,False,ok,826,828.4
exp_b,exp_b__gsm8k_test_001006__canonical__no_think,gsm8k_test_001006,no_think,canonical,,full_output,20,10,False,71,71,True,10.692150115966797,,ok,False,ok,826,828.4
exp_b,exp_b__gsm8k_test_001006__canonical__no_think,gsm8k_test_001006,no_think,canonical,,answer_segment,6,10,False,71,71,True,14.475302696228027,,ok,False,ok,826,828.4
exp_b,exp_b__gsm8k_test_001006__canonical__no_think,gsm8k_test_001006,no_think,canonical,,answer_segment,13,10,False,71,71,True,10.796853065490723,,ok,False,ok,826,828.4
exp_b,exp_b__gsm8k_test_001006__canonical__no_think,gsm8k_test_001006,no_think,canonical,,answer_segment,20,10,False,71,71,True,10.692150115966797,,ok,False,ok,826,828.4
exp_b,exp_b__gsm8k_test_001006__irrelevant_context__no_think,gsm8k_test_001006,no_think,irrelevant_context,,full_output,6,10,False,70,70,True,16.393869400024414,,ok,False,ok,826,203.8
exp_b,exp_b__gsm8k_test_001006__irrelevant_context__no_think,gsm8k_test_001006,no_think,irrelevant_context,,full_output,13,10,False,70,70,True,10.557042121887207,,ok,False,ok,826,203.8
exp_b,exp_b__gsm8k_test_001006__irrelevant_context__no_think,gsm8k_test_001006,no_think,irrelevant_context,,full_output,20,10,False,70,70,True,10.728405952453613,,ok,False,ok,826,203.8
exp_b,exp_b__gsm8k_test_001006__irrelevant_context__no_think,gsm8k_test_001006,no_think,irrelevant_context,,answer_segment,6,10,False,70,70,True,16.393869400024414,,ok,False,ok,826,203.8
exp_b,exp_b__gsm8k_test_001006__irrelevant_context__no_think,gsm8k_test_001006,no_think,irrelevant_context,,answer_segment,13,10,False,70,70,True,10.557042121887207,,ok,False,ok,826,203.8
exp_b,exp_b__gsm8k_test_001006__irrelevant_context__no_think,gsm8k_test_001006,no_think,irrelevant_context,,answer_segment,20,10,False,70,70,True,10.728405952453613,,ok,False,ok,826,203.8
exp_b,exp_b__gsm8k_test_001006__repetitive_filler__no_think,gsm8k_test_001006,no_think,repetitive_filler,,full_output,6,10,False,67,67,True,14.467191696166992,,ok,False,ok,826,828.4
exp_b,exp_b__gsm8k_test_001006__repetitive_filler__no_think,gsm8k_test_001006,no_think,repetitive_filler,,full_output,13,10,False,67,67,True,11.642061233520508,,ok,False,ok,826,828.4
exp_b,exp_b__gsm8k_test_001006__repetitive_filler__no_think,gsm8k_test_001006,no_think,repetitive_filler,,full_output,20,10,False,67,67,True,11.137679100036621,,ok,False,ok,826,828.4
exp_b,exp_b__gsm8k_test_001006__repetitive_filler__no_think,gsm8k_test_001006,no_think,repetitive_filler,,answer_segment,6,10,False,67,67,True,14.467191696166992,,ok,False,ok,826,828.4
exp_b,exp_b__gsm8k_test_001006__repetitive_filler__no_think,gsm8k_test_001006,no_think,repetitive_filler,,answer_segment,13,10,False,67,67,True,11.642061233520508,,ok,False,ok,826,828.4
exp_b,exp_b__gsm8k_test_001006__repetitive_filler__no_think,gsm8k_test_001006,no_think,repetitive_filler,,answer_segment,20,10,False,67,67,True,11.137679100036621,,ok,False,ok,826,828.4
exp_b,exp_b__gsm8k_test_001036__canonical__no_think,gsm8k_test_001036,no_think,canonical,,full_output,6,10,False,42,42,True,11.112713813781738,,ok,True,ok,10,10
exp_b,exp_b__gsm8k_test_001036__canonical__no_think,gsm8k_test_001036,no_think,canonical,,full_output,13,10,False,42,42,True,11.597007751464844,,ok,True,ok,10,10
exp_b,exp_b__gsm8k_test_001036__canonical__no_think,gsm8k_test_001036,no_think,canonical,,full_output,20,10,False,42,42,True,12.317588806152344,,ok,True,ok,10,10
exp_b,exp_b__gsm8k_test_001036__canonical__no_think,gsm8k_test_001036,no_think,canonical,,answer_segment,6,10,False,42,42,True,11.112713813781738,,ok,True,ok,10,10
exp_b,exp_b__gsm8k_test_001036__canonical__no_think,gsm8k_test_001036,no_think,canonical,,answer_segment,13,10,False,42,42,True,11.597007751464844,,ok,True,ok,10,10
exp_b,exp_b__gsm8k_test_001036__canonical__no_think,gsm8k_test_001036,no_think,canonical,,answer_segment,20,10,False,42,42,True,12.317588806152344,,ok,True,ok,10,10
exp_b,exp_b__gsm8k_test_001036__irrelevant_context__no_think,gsm8k_test_001036,no_think,irrelevant_context,,full_output,6,10,False,41,41,True,10.779801368713379,,ok,True,ok,10,10
exp_b,exp_b__gsm8k_test_001036__irrelevant_context__no_think,gsm8k_test_001036,no_think,irrelevant_context,,full_output,13,10,False,41,41,True,12.146562576293945,,ok,True,ok,10,10
exp_b,exp_b__gsm8k_test_001036__irrelevant_context__no_think,gsm8k_test_001036,no_think,irrelevant_context,,full_output,20,10,False,41,41,True,12.010915756225586,,ok,True,ok,10,10
exp_b,exp_b__gsm8k_test_001036__irrelevant_context__no_think,gsm8k_test_001036,no_think,irrelevant_context,,answer_segment,6,10,False,41,41,True,10.779801368713379,,ok,True,ok,10,10
exp_b,exp_b__gsm8k_test_001036__irrelevant_context__no_think,gsm8k_test_001036,no_think,irrelevant_context,,answer_segment,13,10,False,41,41,True,12.146562576293945,,ok,True,ok,10,10
exp_b,exp_b__gsm8k_test_001036__irrelevant_context__no_think,gsm8k_test_001036,no_think,irrelevant_context,,answer_segment,20,10,False,41,41,True,12.010915756225586,,ok,True,ok,10,10
exp_b,exp_b__gsm8k_test_001036__repetitive_filler__no_think,gsm8k_test_001036,no_think,repetitive_filler,,full_output,6,10,False,40,40,True,10.82708740234375,,ok,True,ok,10,10
exp_b,exp_b__gsm8k_test_001036__repetitive_filler__no_think,gsm8k_test_001036,no_think,repetitive_filler,,full_output,13,10,False,40,40,True,11.60270881652832,,ok,True,ok,10,10
exp_b,exp_b__gsm8k_test_001036__repetitive_filler__no_think,gsm8k_test_001036,no_think,repetitive_filler,,full_output,20,10,False,40,40,True,11.694186210632324,,ok,True,ok,10,10
exp_b,exp_b__gsm8k_test_001036__repetitive_filler__no_think,gsm8k_test_001036,no_think,repetitive_filler,,answer_segment,6,10,False,40,40,True,10.82708740234375,,ok,True,ok,10,10
exp_b,exp_b__gsm8k_test_001036__repetitive_filler__no_think,gsm8k_test_001036,no_think,repetitive_filler,,answer_segment,13,10,False,40,40,True,11.60270881652832,,ok,True,ok,10,10
exp_b,exp_b__gsm8k_test_001036__repetitive_filler__no_think,gsm8k_test_001036,no_think,repetitive_filler,,answer_segment,20,10,False,40,40,True,11.694186210632324,,ok,True,ok,10,10
exp_b,exp_b__gsm8k_test_001075__canonical__no_think,gsm8k_test_001075,no_think,canonical,,full_output,6,10,False,40,40,True,13.904614448547363,,ok,False,ok,16,30
exp_b,exp_b__gsm8k_test_001075__canonical__no_think,gsm8k_test_001075,no_think,canonical,,full_output,13,10,False,40,40,True,11.599881172180176,,ok,False,ok,16,30
exp_b,exp_b__gsm8k_test_001075__canonical__no_think,gsm8k_test_001075,no_think,canonical,,full_output,20,10,False,40,40,True,11.340583801269531,,ok,False,ok,16,30
exp_b,exp_b__gsm8k_test_001075__canonical__no_think,gsm8k_test_001075,no_think,canonical,,answer_segment,6,10,False,40,40,True,13.904614448547363,,ok,False,ok,16,30
exp_b,exp_b__gsm8k_test_001075__canonical__no_think,gsm8k_test_001075,no_think,canonical,,answer_segment,13,10,False,40,40,True,11.599881172180176,,ok,False,ok,16,30
exp_b,exp_b__gsm8k_test_001075__canonical__no_think,gsm8k_test_001075,no_think,canonical,,answer_segment,20,10,False,40,40,True,11.340583801269531,,ok,False,ok,16,30
exp_b,exp_b__gsm8k_test_001075__irrelevant_context__no_think,gsm8k_test_001075,no_think,irrelevant_context,,full_output,6,10,False,79,79,True,16.510515213012695,,ok,False,ok,16,125
exp_b,exp_b__gsm8k_test_001075__irrelevant_context__no_think,gsm8k_test_001075,no_think,irrelevant_context,,full_output,13,10,False,79,79,True,10.787853240966797,,ok,False,ok,16,125
exp_b,exp_b__gsm8k_test_001075__irrelevant_context__no_think,gsm8k_test_001075,no_think,irrelevant_context,,full_output,20,10,False,79,79,True,12.268430709838867,,ok,False,ok,16,125
exp_b,exp_b__gsm8k_test_001075__irrelevant_context__no_think,gsm8k_test_001075,no_think,irrelevant_context,,answer_segment,6,10,False,79,79,True,16.510515213012695,,ok,False,ok,16,125
exp_b,exp_b__gsm8k_test_001075__irrelevant_context__no_think,gsm8k_test_001075,no_think,irrelevant_context,,answer_segment,13,10,False,79,79,True,10.787853240966797,,ok,False,ok,16,125
exp_b,exp_b__gsm8k_test_001075__irrelevant_context__no_think,gsm8k_test_001075,no_think,irrelevant_context,,answer_segment,20,10,False,79,79,True,12.268430709838867,,ok,False,ok,16,125
exp_b,exp_b__gsm8k_test_001075__repetitive_filler__no_think,gsm8k_test_001075,no_think,repetitive_filler,,full_output,6,10,False,42,42,True,13.643099784851074,,ok,False,ok,16,30
exp_b,exp_b__gsm8k_test_001075__repetitive_filler__no_think,gsm8k_test_001075,no_think,repetitive_filler,,full_output,13,10,False,42,42,True,11.559795379638672,,ok,False,ok,16,30
exp_b,exp_b__gsm8k_test_001075__repetitive_filler__no_think,gsm8k_test_001075,no_think,repetitive_filler,,full_output,20,10,False,42,42,True,11.278257369995117,,ok,False,ok,16,30
exp_b,exp_b__gsm8k_test_001075__repetitive_filler__no_think,gsm8k_test_001075,no_think,repetitive_filler,,answer_segment,6,10,False,42,42,True,13.643099784851074,,ok,False,ok,16,30
exp_b,exp_b__gsm8k_test_001075__repetitive_filler__no_think,gsm8k_test_001075,no_think,repetitive_filler,,answer_segment,13,10,False,42,42,True,11.559795379638672,,ok,False,ok,16,30
exp_b,exp_b__gsm8k_test_001075__repetitive_filler__no_think,gsm8k_test_001075,no_think,repetitive_filler,,answer_segment,20,10,False,42,42,True,11.278257369995117,,ok,False,ok,16,30
exp_b,exp_b__gsm8k_test_001077__canonical__no_think,gsm8k_test_001077,no_think,canonical,,full_output,6,10,False,61,61,True,13.403099060058594,,ok,False,ok,145,110
exp_b,exp_b__gsm8k_test_001077__canonical__no_think,gsm8k_test_001077,no_think,canonical,,full_output,13,10,False,61,61,True,9.519953727722168,,ok,False,ok,145,110
exp_b,exp_b__gsm8k_test_001077__canonical__no_think,gsm8k_test_001077,no_think,canonical,,full_output,20,10,False,61,61,True,10.34109878540039,,ok,False,ok,145,110
exp_b,exp_b__gsm8k_test_001077__canonical__no_think,gsm8k_test_001077,no_think,canonical,,answer_segment,6,10,False,61,61,True,13.403099060058594,,ok,False,ok,145,110
exp_b,exp_b__gsm8k_test_001077__canonical__no_think,gsm8k_test_001077,no_think,canonical,,answer_segment,13,10,False,61,61,True,9.519953727722168,,ok,False,ok,145,110
exp_b,exp_b__gsm8k_test_001077__canonical__no_think,gsm8k_test_001077,no_think,canonical,,answer_segment,20,10,False,61,61,True,10.34109878540039,,ok,False,ok,145,110
exp_b,exp_b__gsm8k_test_001077__irrelevant_context__no_think,gsm8k_test_001077,no_think,irrelevant_context,,full_output,6,10,False,56,56,True,17.608287811279297,,ok,False,ok,145,105
exp_b,exp_b__gsm8k_test_001077__irrelevant_context__no_think,gsm8k_test_001077,no_think,irrelevant_context,,full_output,13,10,False,56,56,True,11.41818904876709,,ok,False,ok,145,105
exp_b,exp_b__gsm8k_test_001077__irrelevant_context__no_think,gsm8k_test_001077,no_think,irrelevant_context,,full_output,20,10,False,56,56,True,10.789158821105957,,ok,False,ok,145,105
exp_b,exp_b__gsm8k_test_001077__irrelevant_context__no_think,gsm8k_test_001077,no_think,irrelevant_context,,answer_segment,6,10,False,56,56,True,17.608287811279297,,ok,False,ok,145,105
exp_b,exp_b__gsm8k_test_001077__irrelevant_context__no_think,gsm8k_test_001077,no_think,irrelevant_context,,answer_segment,13,10,False,56,56,True,11.41818904876709,,ok,False,ok,145,105
exp_b,exp_b__gsm8k_test_001077__irrelevant_context__no_think,gsm8k_test_001077,no_think,irrelevant_context,,answer_segment,20,10,False,56,56,True,10.789158821105957,,ok,False,ok,145,105
exp_b,exp_b__gsm8k_test_001077__repetitive_filler__no_think,gsm8k_test_001077,no_think,repetitive_filler,,full_output,6,10,False,50,50,True,13.157937049865723,,ok,False,ok,145,120
exp_b,exp_b__gsm8k_test_001077__repetitive_filler__no_think,gsm8k_test_001077,no_think,repetitive_filler,,full_output,13,10,False,50,50,True,10.312522888183594,,ok,False,ok,145,120
exp_b,exp_b__gsm8k_test_001077__repetitive_filler__no_think,gsm8k_test_001077,no_think,repetitive_filler,,full_output,20,10,False,50,50,True,9.7512845993042,,ok,False,ok,145,120
exp_b,exp_b__gsm8k_test_001077__repetitive_filler__no_think,gsm8k_test_001077,no_think,repetitive_filler,,answer_segment,6,10,False,50,50,True,13.157937049865723,,ok,False,ok,145,120
exp_b,exp_b__gsm8k_test_001077__repetitive_filler__no_think,gsm8k_test_001077,no_think,repetitive_filler,,answer_segment,13,10,False,50,50,True,10.312522888183594,,ok,False,ok,145,120
exp_b,exp_b__gsm8k_test_001077__repetitive_filler__no_think,gsm8k_test_001077,no_think,repetitive_filler,,answer_segment,20,10,False,50,50,True,9.7512845993042,,ok,False,ok,145,120
exp_b,exp_b__gsm8k_test_001078__canonical__no_think,gsm8k_test_001078,no_think,canonical,,full_output,6,10,False,66,66,True,13.427146911621094,,ok,True,ok,8,8
exp_b,exp_b__gsm8k_test_001078__canonical__no_think,gsm8k_test_001078,no_think,canonical,,full_output,13,10,False,66,66,True,12.151323318481445,,ok,True,ok,8,8
exp_b,exp_b__gsm8k_test_001078__canonical__no_think,gsm8k_test_001078,no_think,canonical,,full_output,20,10,False,66,66,True,12.084464073181152,,ok,True,ok,8,8
exp_b,exp_b__gsm8k_test_001078__canonical__no_think,gsm8k_test_001078,no_think,canonical,,answer_segment,6,10,False,66,66,True,13.427146911621094,,ok,True,ok,8,8
exp_b,exp_b__gsm8k_test_001078__canonical__no_think,gsm8k_test_001078,no_think,canonical,,answer_segment,13,10,False,66,66,True,12.151323318481445,,ok,True,ok,8,8
exp_b,exp_b__gsm8k_test_001078__canonical__no_think,gsm8k_test_001078,no_think,canonical,,answer_segment,20,10,False,66,66,True,12.084464073181152,,ok,True,ok,8,8
exp_b,exp_b__gsm8k_test_001078__irrelevant_context__no_think,gsm8k_test_001078,no_think,irrelevant_context,,full_output,6,10,False,68,68,True,14.375679016113281,,ok,True,ok,8,8
exp_b,exp_b__gsm8k_test_001078__irrelevant_context__no_think,gsm8k_test_001078,no_think,irrelevant_context,,full_output,13,10,False,68,68,True,12.25210952758789,,ok,True,ok,8,8
exp_b,exp_b__gsm8k_test_001078__irrelevant_context__no_think,gsm8k_test_001078,no_think,irrelevant_context,,full_output,20,10,False,68,68,True,12.00571346282959,,ok,True,ok,8,8
exp_b,exp_b__gsm8k_test_001078__irrelevant_context__no_think,gsm8k_test_001078,no_think,irrelevant_context,,answer_segment,6,10,False,68,68,True,14.375679016113281,,ok,True,ok,8,8
exp_b,exp_b__gsm8k_test_001078__irrelevant_context__no_think,gsm8k_test_001078,no_think,irrelevant_context,,answer_segment,13,10,False,68,68,True,12.25210952758789,,ok,True,ok,8,8
exp_b,exp_b__gsm8k_test_001078__irrelevant_context__no_think,gsm8k_test_001078,no_think,irrelevant_context,,answer_segment,20,10,False,68,68,True,12.00571346282959,,ok,True,ok,8,8
exp_b,exp_b__gsm8k_test_001078__repetitive_filler__no_think,gsm8k_test_001078,no_think,repetitive_filler,,full_output,6,10,False,68,68,True,14.30112075805664,,ok,True,ok,8,8
exp_b,exp_b__gsm8k_test_001078__repetitive_filler__no_think,gsm8k_test_001078,no_think,repetitive_filler,,full_output,13,10,False,68,68,True,12.589393615722656,,ok,True,ok,8,8
exp_b,exp_b__gsm8k_test_001078__repetitive_filler__no_think,gsm8k_test_001078,no_think,repetitive_filler,,full_output,20,10,False,68,68,True,11.651342391967773,,ok,True,ok,8,8
exp_b,exp_b__gsm8k_test_001078__repetitive_filler__no_think,gsm8k_test_001078,no_think,repetitive_filler,,answer_segment,6,10,False,68,68,True,14.30112075805664,,ok,True,ok,8,8
exp_b,exp_b__gsm8k_test_001078__repetitive_filler__no_think,gsm8k_test_001078,no_think,repetitive_filler,,answer_segment,13,10,False,68,68,True,12.589393615722656,,ok,True,ok,8,8
exp_b,exp_b__gsm8k_test_001078__repetitive_filler__no_think,gsm8k_test_001078,no_think,repetitive_filler,,answer_segment,20,10,False,68,68,True,11.651342391967773,,ok,True,ok,8,8
exp_b,exp_b__gsm8k_test_001089__canonical__no_think,gsm8k_test_001089,no_think,canonical,,full_output,6,10,False,61,61,True,16.555606842041016,,ok,False,ok,32,21.333
exp_b,exp_b__gsm8k_test_001089__canonical__no_think,gsm8k_test_001089,no_think,canonical,,full_output,13,10,False,61,61,True,12.205860137939453,,ok,False,ok,32,21.333
exp_b,exp_b__gsm8k_test_001089__canonical__no_think,gsm8k_test_001089,no_think,canonical,,full_output,20,10,False,61,61,True,11.717719078063965,,ok,False,ok,32,21.333
exp_b,exp_b__gsm8k_test_001089__canonical__no_think,gsm8k_test_001089,no_think,canonical,,answer_segment,6,10,False,61,61,True,16.555606842041016,,ok,False,ok,32,21.333
exp_b,exp_b__gsm8k_test_001089__canonical__no_think,gsm8k_test_001089,no_think,canonical,,answer_segment,13,10,False,61,61,True,12.205860137939453,,ok,False,ok,32,21.333
exp_b,exp_b__gsm8k_test_001089__canonical__no_think,gsm8k_test_001089,no_think,canonical,,answer_segment,20,10,False,61,61,True,11.717719078063965,,ok,False,ok,32,21.333
exp_b,exp_b__gsm8k_test_001089__irrelevant_context__no_think,gsm8k_test_001089,no_think,irrelevant_context,,full_output,6,10,False,52,52,True,17.780536651611328,,ok,False,ok,32,21.333
exp_b,exp_b__gsm8k_test_001089__irrelevant_context__no_think,gsm8k_test_001089,no_think,irrelevant_context,,full_output,13,10,False,52,52,True,12.29597282409668,,ok,False,ok,32,21.333
exp_b,exp_b__gsm8k_test_001089__irrelevant_context__no_think,gsm8k_test_001089,no_think,irrelevant_context,,full_output,20,10,False,52,52,True,12.069544792175293,,ok,False,ok,32,21.333
exp_b,exp_b__gsm8k_test_001089__irrelevant_context__no_think,gsm8k_test_001089,no_think,irrelevant_context,,answer_segment,6,10,False,52,52,True,17.780536651611328,,ok,False,ok,32,21.333
exp_b,exp_b__gsm8k_test_001089__irrelevant_context__no_think,gsm8k_test_001089,no_think,irrelevant_context,,answer_segment,13,10,False,52,52,True,12.29597282409668,,ok,False,ok,32,21.333
exp_b,exp_b__gsm8k_test_001089__irrelevant_context__no_think,gsm8k_test_001089,no_think,irrelevant_context,,answer_segment,20,10,False,52,52,True,12.069544792175293,,ok,False,ok,32,21.333
exp_b,exp_b__gsm8k_test_001089__repetitive_filler__no_think,gsm8k_test_001089,no_think,repetitive_filler,,full_output,6,10,False,61,61,True,16.641950607299805,,ok,False,ok,32,21.333
exp_b,exp_b__gsm8k_test_001089__repetitive_filler__no_think,gsm8k_test_001089,no_think,repetitive_filler,,full_output,13,10,False,61,61,True,12.494131088256836,,ok,False,ok,32,21.333
exp_b,exp_b__gsm8k_test_001089__repetitive_filler__no_think,gsm8k_test_001089,no_think,repetitive_filler,,full_output,20,10,False,61,61,True,11.906988143920898,,ok,False,ok,32,21.333
exp_b,exp_b__gsm8k_test_001089__repetitive_filler__no_think,gsm8k_test_001089,no_think,repetitive_filler,,answer_segment,6,10,False,61,61,True,16.641950607299805,,ok,False,ok,32,21.333
exp_b,exp_b__gsm8k_test_001089__repetitive_filler__no_think,gsm8k_test_001089,no_think,repetitive_filler,,answer_segment,13,10,False,61,61,True,12.494131088256836,,ok,False,ok,32,21.333
exp_b,exp_b__gsm8k_test_001089__repetitive_filler__no_think,gsm8k_test_001089,no_think,repetitive_filler,,answer_segment,20,10,False,61,61,True,11.906988143920898,,ok,False,ok,32,21.333
exp_b,exp_b__gsm8k_test_001095__canonical__no_think,gsm8k_test_001095,no_think,canonical,,full_output,6,10,False,49,49,True,12.351274490356445,,ok,True,ok,270,270
exp_b,exp_b__gsm8k_test_001095__canonical__no_think,gsm8k_test_001095,no_think,canonical,,full_output,13,10,False,49,49,True,12.534585952758789,,ok,True,ok,270,270
exp_b,exp_b__gsm8k_test_001095__canonical__no_think,gsm8k_test_001095,no_think,canonical,,full_output,20,10,False,49,49,True,11.37391471862793,,ok,True,ok,270,270
exp_b,exp_b__gsm8k_test_001095__canonical__no_think,gsm8k_test_001095,no_think,canonical,,answer_segment,6,10,False,49,49,True,12.351274490356445,,ok,True,ok,270,270
exp_b,exp_b__gsm8k_test_001095__canonical__no_think,gsm8k_test_001095,no_think,canonical,,answer_segment,13,10,False,49,49,True,12.534585952758789,,ok,True,ok,270,270
exp_b,exp_b__gsm8k_test_001095__canonical__no_think,gsm8k_test_001095,no_think,canonical,,answer_segment,20,10,False,49,49,True,11.37391471862793,,ok,True,ok,270,270
exp_b,exp_b__gsm8k_test_001095__irrelevant_context__no_think,gsm8k_test_001095,no_think,irrelevant_context,,full_output,6,10,False,44,44,True,12.684024810791016,,ok,True,ok,270,270
exp_b,exp_b__gsm8k_test_001095__irrelevant_context__no_think,gsm8k_test_001095,no_think,irrelevant_context,,full_output,13,10,False,44,44,True,12.386811256408691,,ok,True,ok,270,270
exp_b,exp_b__gsm8k_test_001095__irrelevant_context__no_think,gsm8k_test_001095,no_think,irrelevant_context,,full_output,20,10,False,44,44,True,11.069791793823242,,ok,True,ok,270,270
exp_b,exp_b__gsm8k_test_001095__irrelevant_context__no_think,gsm8k_test_001095,no_think,irrelevant_context,,answer_segment,6,10,False,44,44,True,12.684024810791016,,ok,True,ok,270,270
exp_b,exp_b__gsm8k_test_001095__irrelevant_context__no_think,gsm8k_test_001095,no_think,irrelevant_context,,answer_segment,13,10,False,44,44,True,12.386811256408691,,ok,True,ok,270,270
exp_b,exp_b__gsm8k_test_001095__irrelevant_context__no_think,gsm8k_test_001095,no_think,irrelevant_context,,answer_segment,20,10,False,44,44,True,11.069791793823242,,ok,True,ok,270,270
exp_b,exp_b__gsm8k_test_001095__repetitive_filler__no_think,gsm8k_test_001095,no_think,repetitive_filler,,full_output,6,10,False,42,42,True,11.942344665527344,,ok,True,ok,270,270
exp_b,exp_b__gsm8k_test_001095__repetitive_filler__no_think,gsm8k_test_001095,no_think,repetitive_filler,,full_output,13,10,False,42,42,True,11.816773414611816,,ok,True,ok,270,270
exp_b,exp_b__gsm8k_test_001095__repetitive_filler__no_think,gsm8k_test_001095,no_think,repetitive_filler,,full_output,20,10,False,42,42,True,11.595601081848145,,ok,True,ok,270,270
exp_b,exp_b__gsm8k_test_001095__repetitive_filler__no_think,gsm8k_test_001095,no_think,repetitive_filler,,answer_segment,6,10,False,42,42,True,11.942344665527344,,ok,True,ok,270,270
exp_b,exp_b__gsm8k_test_001095__repetitive_filler__no_think,gsm8k_test_001095,no_think,repetitive_filler,,answer_segment,13,10,False,42,42,True,11.816773414611816,,ok,True,ok,270,270
exp_b,exp_b__gsm8k_test_001095__repetitive_filler__no_think,gsm8k_test_001095,no_think,repetitive_filler,,answer_segment,20,10,False,42,42,True,11.595601081848145,,ok,True,ok,270,270
exp_b,exp_b__gsm8k_test_001099__canonical__no_think,gsm8k_test_001099,no_think,canonical,,full_output,6,10,False,43,43,True,11.715365409851074,,ok,False,ok,2,1
exp_b,exp_b__gsm8k_test_001099__canonical__no_think,gsm8k_test_001099,no_think,canonical,,full_output,13,10,False,43,43,True,10.404778480529785,,ok,False,ok,2,1
exp_b,exp_b__gsm8k_test_001099__canonical__no_think,gsm8k_test_001099,no_think,canonical,,full_output,20,10,False,43,43,True,10.56161880493164,,ok,False,ok,2,1
exp_b,exp_b__gsm8k_test_001099__canonical__no_think,gsm8k_test_001099,no_think,canonical,,answer_segment,6,10,False,43,43,True,11.715365409851074,,ok,False,ok,2,1
exp_b,exp_b__gsm8k_test_001099__canonical__no_think,gsm8k_test_001099,no_think,canonical,,answer_segment,13,10,False,43,43,True,10.404778480529785,,ok,False,ok,2,1
exp_b,exp_b__gsm8k_test_001099__canonical__no_think,gsm8k_test_001099,no_think,canonical,,answer_segment,20,10,False,43,43,True,10.56161880493164,,ok,False,ok,2,1
exp_b,exp_b__gsm8k_test_001099__irrelevant_context__no_think,gsm8k_test_001099,no_think,irrelevant_context,,full_output,6,10,False,45,45,True,11.353028297424316,,ok,False,ok,2,3
exp_b,exp_b__gsm8k_test_001099__irrelevant_context__no_think,gsm8k_test_001099,no_think,irrelevant_context,,full_output,13,10,False,45,45,True,11.228075981140137,,ok,False,ok,2,3
exp_b,exp_b__gsm8k_test_001099__irrelevant_context__no_think,gsm8k_test_001099,no_think,irrelevant_context,,full_output,20,10,False,45,45,True,11.091927528381348,,ok,False,ok,2,3
exp_b,exp_b__gsm8k_test_001099__irrelevant_context__no_think,gsm8k_test_001099,no_think,irrelevant_context,,answer_segment,6,10,False,45,45,True,11.353028297424316,,ok,False,ok,2,3
exp_b,exp_b__gsm8k_test_001099__irrelevant_context__no_think,gsm8k_test_001099,no_think,irrelevant_context,,answer_segment,13,10,False,45,45,True,11.228075981140137,,ok,False,ok,2,3
exp_b,exp_b__gsm8k_test_001099__irrelevant_context__no_think,gsm8k_test_001099,no_think,irrelevant_context,,answer_segment,20,10,False,45,45,True,11.091927528381348,,ok,False,ok,2,3
exp_b,exp_b__gsm8k_test_001099__repetitive_filler__no_think,gsm8k_test_001099,no_think,repetitive_filler,,full_output,6,10,False,43,43,True,10.813209533691406,,ok,False,ok,2,3
exp_b,exp_b__gsm8k_test_001099__repetitive_filler__no_think,gsm8k_test_001099,no_think,repetitive_filler,,full_output,13,10,False,43,43,True,11.065555572509766,,ok,False,ok,2,3
exp_b,exp_b__gsm8k_test_001099__repetitive_filler__no_think,gsm8k_test_001099,no_think,repetitive_filler,,full_output,20,10,False,43,43,True,11.069211959838867,,ok,False,ok,2,3
exp_b,exp_b__gsm8k_test_001099__repetitive_filler__no_think,gsm8k_test_001099,no_think,repetitive_filler,,answer_segment,6,10,False,43,43,True,10.813209533691406,,ok,False,ok,2,3
exp_b,exp_b__gsm8k_test_001099__repetitive_filler__no_think,gsm8k_test_001099,no_think,repetitive_filler,,answer_segment,13,10,False,43,43,True,11.065555572509766,,ok,False,ok,2,3
exp_b,exp_b__gsm8k_test_001099__repetitive_filler__no_think,gsm8k_test_001099,no_think,repetitive_filler,,answer_segment,20,10,False,43,43,True,11.069211959838867,,ok,False,ok,2,3
exp_b,exp_b__gsm8k_test_001101__canonical__no_think,gsm8k_test_001101,no_think,canonical,,full_output,6,10,False,47,47,True,12.390148162841797,,ok,False,ok,16,10
exp_b,exp_b__gsm8k_test_001101__canonical__no_think,gsm8k_test_001101,no_think,canonical,,full_output,13,10,False,47,47,True,11.873767852783203,,ok,False,ok,16,10
exp_b,exp_b__gsm8k_test_001101__canonical__no_think,gsm8k_test_001101,no_think,canonical,,full_output,20,10,False,47,47,True,11.73974609375,,ok,False,ok,16,10
exp_b,exp_b__gsm8k_test_001101__canonical__no_think,gsm8k_test_001101,no_think,canonical,,answer_segment,6,10,False,47,47,True,12.390148162841797,,ok,False,ok,16,10
exp_b,exp_b__gsm8k_test_001101__canonical__no_think,gsm8k_test_001101,no_think,canonical,,answer_segment,13,10,False,47,47,True,11.873767852783203,,ok,False,ok,16,10
exp_b,exp_b__gsm8k_test_001101__canonical__no_think,gsm8k_test_001101,no_think,canonical,,answer_segment,20,10,False,47,47,True,11.73974609375,,ok,False,ok,16,10
exp_b,exp_b__gsm8k_test_001101__irrelevant_context__no_think,gsm8k_test_001101,no_think,irrelevant_context,,full_output,6,10,False,46,46,True,12.688992500305176,,ok,False,ok,16,12
exp_b,exp_b__gsm8k_test_001101__irrelevant_context__no_think,gsm8k_test_001101,no_think,irrelevant_context,,full_output,13,10,False,46,46,True,11.682328224182129,,ok,False,ok,16,12
exp_b,exp_b__gsm8k_test_001101__irrelevant_context__no_think,gsm8k_test_001101,no_think,irrelevant_context,,full_output,20,10,False,46,46,True,11.719147682189941,,ok,False,ok,16,12
exp_b,exp_b__gsm8k_test_001101__irrelevant_context__no_think,gsm8k_test_001101,no_think,irrelevant_context,,answer_segment,6,10,False,46,46,True,12.688992500305176,,ok,False,ok,16,12
exp_b,exp_b__gsm8k_test_001101__irrelevant_context__no_think,gsm8k_test_001101,no_think,irrelevant_context,,answer_segment,13,10,False,46,46,True,11.682328224182129,,ok,False,ok,16,12
exp_b,exp_b__gsm8k_test_001101__irrelevant_context__no_think,gsm8k_test_001101,no_think,irrelevant_context,,answer_segment,20,10,False,46,46,True,11.719147682189941,,ok,False,ok,16,12
exp_b,exp_b__gsm8k_test_001101__repetitive_filler__no_think,gsm8k_test_001101,no_think,repetitive_filler,,full_output,6,10,False,50,50,True,12.421252250671387,,ok,False,ok,16,10
exp_b,exp_b__gsm8k_test_001101__repetitive_filler__no_think,gsm8k_test_001101,no_think,repetitive_filler,,full_output,13,10,False,50,50,True,12.127671241760254,,ok,False,ok,16,10
exp_b,exp_b__gsm8k_test_001101__repetitive_filler__no_think,gsm8k_test_001101,no_think,repetitive_filler,,full_output,20,10,False,50,50,True,12.2194185256958,,ok,False,ok,16,10
exp_b,exp_b__gsm8k_test_001101__repetitive_filler__no_think,gsm8k_test_001101,no_think,repetitive_filler,,answer_segment,6,10,False,50,50,True,12.421252250671387,,ok,False,ok,16,10
exp_b,exp_b__gsm8k_test_001101__repetitive_filler__no_think,gsm8k_test_001101,no_think,repetitive_filler,,answer_segment,13,10,False,50,50,True,12.127671241760254,,ok,False,ok,16,10
exp_b,exp_b__gsm8k_test_001101__repetitive_filler__no_think,gsm8k_test_001101,no_think,repetitive_filler,,answer_segment,20,10,False,50,50,True,12.2194185256958,,ok,False,ok,16,10
exp_b,exp_b__gsm8k_test_001102__canonical__no_think,gsm8k_test_001102,no_think,canonical,,full_output,6,10,False,75,75,True,10.843062400817871,,ok,False,ok,113,63
exp_b,exp_b__gsm8k_test_001102__canonical__no_think,gsm8k_test_001102,no_think,canonical,,full_output,13,10,False,75,75,True,11.640081405639648,,ok,False,ok,113,63
exp_b,exp_b__gsm8k_test_001102__canonical__no_think,gsm8k_test_001102,no_think,canonical,,full_output,20,10,False,75,75,True,12.018792152404785,,ok,False,ok,113,63
exp_b,exp_b__gsm8k_test_001102__canonical__no_think,gsm8k_test_001102,no_think,canonical,,answer_segment,6,10,False,75,75,True,10.843062400817871,,ok,False,ok,113,63
exp_b,exp_b__gsm8k_test_001102__canonical__no_think,gsm8k_test_001102,no_think,canonical,,answer_segment,13,10,False,75,75,True,11.640081405639648,,ok,False,ok,113,63
exp_b,exp_b__gsm8k_test_001102__canonical__no_think,gsm8k_test_001102,no_think,canonical,,answer_segment,20,10,False,75,75,True,12.018792152404785,,ok,False,ok,113,63
exp_b,exp_b__gsm8k_test_001102__irrelevant_context__no_think,gsm8k_test_001102,no_think,irrelevant_context,,full_output,6,10,False,66,66,True,13.142545700073242,,ok,False,ok,113,61.6
exp_b,exp_b__gsm8k_test_001102__irrelevant_context__no_think,gsm8k_test_001102,no_think,irrelevant_context,,full_output,13,10,False,66,66,True,12.080632209777832,,ok,False,ok,113,61.6
exp_b,exp_b__gsm8k_test_001102__irrelevant_context__no_think,gsm8k_test_001102,no_think,irrelevant_context,,full_output,20,10,False,66,66,True,11.69107437133789,,ok,False,ok,113,61.6
exp_b,exp_b__gsm8k_test_001102__irrelevant_context__no_think,gsm8k_test_001102,no_think,irrelevant_context,,answer_segment,6,10,False,66,66,True,13.142545700073242,,ok,False,ok,113,61.6
exp_b,exp_b__gsm8k_test_001102__irrelevant_context__no_think,gsm8k_test_001102,no_think,irrelevant_context,,answer_segment,13,10,False,66,66,True,12.080632209777832,,ok,False,ok,113,61.6
exp_b,exp_b__gsm8k_test_001102__irrelevant_context__no_think,gsm8k_test_001102,no_think,irrelevant_context,,answer_segment,20,10,False,66,66,True,11.69107437133789,,ok,False,ok,113,61.6
exp_b,exp_b__gsm8k_test_001102__repetitive_filler__no_think,gsm8k_test_001102,no_think,repetitive_filler,,full_output,6,10,False,64,64,True,11.465513229370117,,ok,False,ok,113,65
exp_b,exp_b__gsm8k_test_001102__repetitive_filler__no_think,gsm8k_test_001102,no_think,repetitive_filler,,full_output,13,10,False,64,64,True,12.442813873291016,,ok,False,ok,113,65
exp_b,exp_b__gsm8k_test_001102__repetitive_filler__no_think,gsm8k_test_001102,no_think,repetitive_filler,,full_output,20,10,False,64,64,True,12.110919952392578,,ok,False,ok,113,65
exp_b,exp_b__gsm8k_test_001102__repetitive_filler__no_think,gsm8k_test_001102,no_think,repetitive_filler,,answer_segment,6,10,False,64,64,True,11.465513229370117,,ok,False,ok,113,65
exp_b,exp_b__gsm8k_test_001102__repetitive_filler__no_think,gsm8k_test_001102,no_think,repetitive_filler,,answer_segment,13,10,False,64,64,True,12.442813873291016,,ok,False,ok,113,65
exp_b,exp_b__gsm8k_test_001102__repetitive_filler__no_think,gsm8k_test_001102,no_think,repetitive_filler,,answer_segment,20,10,False,64,64,True,12.110919952392578,,ok,False,ok,113,65
exp_b,exp_b__gsm8k_test_001115__canonical__no_think,gsm8k_test_001115,no_think,canonical,,full_output,6,10,False,44,44,True,14.500216484069824,,ok,True,ok,5,5
exp_b,exp_b__gsm8k_test_001115__canonical__no_think,gsm8k_test_001115,no_think,canonical,,full_output,13,10,False,44,44,True,12.383639335632324,,ok,True,ok,5,5
exp_b,exp_b__gsm8k_test_001115__canonical__no_think,gsm8k_test_001115,no_think,canonical,,full_output,20,10,False,44,44,True,12.34213924407959,,ok,True,ok,5,5
exp_b,exp_b__gsm8k_test_001115__canonical__no_think,gsm8k_test_001115,no_think,canonical,,answer_segment,6,10,False,44,44,True,14.500216484069824,,ok,True,ok,5,5
exp_b,exp_b__gsm8k_test_001115__canonical__no_think,gsm8k_test_001115,no_think,canonical,,answer_segment,13,10,False,44,44,True,12.383639335632324,,ok,True,ok,5,5
exp_b,exp_b__gsm8k_test_001115__canonical__no_think,gsm8k_test_001115,no_think,canonical,,answer_segment,20,10,False,44,44,True,12.34213924407959,,ok,True,ok,5,5
exp_b,exp_b__gsm8k_test_001115__irrelevant_context__no_think,gsm8k_test_001115,no_think,irrelevant_context,,full_output,6,10,False,42,42,True,11.6295166015625,,ok,True,ok,5,5
exp_b,exp_b__gsm8k_test_001115__irrelevant_context__no_think,gsm8k_test_001115,no_think,irrelevant_context,,full_output,13,10,False,42,42,True,10.85865592956543,,ok,True,ok,5,5
exp_b,exp_b__gsm8k_test_001115__irrelevant_context__no_think,gsm8k_test_001115,no_think,irrelevant_context,,full_output,20,10,False,42,42,True,11.241486549377441,,ok,True,ok,5,5
exp_b,exp_b__gsm8k_test_001115__irrelevant_context__no_think,gsm8k_test_001115,no_think,irrelevant_context,,answer_segment,6,10,False,42,42,True,11.6295166015625,,ok,True,ok,5,5
exp_b,exp_b__gsm8k_test_001115__irrelevant_context__no_think,gsm8k_test_001115,no_think,irrelevant_context,,answer_segment,13,10,False,42,42,True,10.85865592956543,,ok,True,ok,5,5
exp_b,exp_b__gsm8k_test_001115__irrelevant_context__no_think,gsm8k_test_001115,no_think,irrelevant_context,,answer_segment,20,10,False,42,42,True,11.241486549377441,,ok,True,ok,5,5
exp_b,exp_b__gsm8k_test_001115__repetitive_filler__no_think,gsm8k_test_001115,no_think,repetitive_filler,,full_output,6,10,False,44,44,True,14.287801742553711,,ok,True,ok,5,5
exp_b,exp_b__gsm8k_test_001115__repetitive_filler__no_think,gsm8k_test_001115,no_think,repetitive_filler,,full_output,13,10,False,44,44,True,12.48172664642334,,ok,True,ok,5,5
exp_b,exp_b__gsm8k_test_001115__repetitive_filler__no_think,gsm8k_test_001115,no_think,repetitive_filler,,full_output,20,10,False,44,44,True,12.78310775756836,,ok,True,ok,5,5
exp_b,exp_b__gsm8k_test_001115__repetitive_filler__no_think,gsm8k_test_001115,no_think,repetitive_filler,,answer_segment,6,10,False,44,44,True,14.287801742553711,,ok,True,ok,5,5
exp_b,exp_b__gsm8k_test_001115__repetitive_filler__no_think,gsm8k_test_001115,no_think,repetitive_filler,,answer_segment,13,10,False,44,44,True,12.48172664642334,,ok,True,ok,5,5
exp_b,exp_b__gsm8k_test_001115__repetitive_filler__no_think,gsm8k_test_001115,no_think,repetitive_filler,,answer_segment,20,10,False,44,44,True,12.78310775756836,,ok,True,ok,5,5
exp_b,exp_b__gsm8k_test_001130__canonical__no_think,gsm8k_test_001130,no_think,canonical,,full_output,6,10,False,70,70,True,15.344322204589844,,ok,True,ok,25,25
exp_b,exp_b__gsm8k_test_001130__canonical__no_think,gsm8k_test_001130,no_think,canonical,,full_output,13,10,False,70,70,True,12.316493034362793,,ok,True,ok,25,25
exp_b,exp_b__gsm8k_test_001130__canonical__no_think,gsm8k_test_001130,no_think,canonical,,full_output,20,10,False,70,70,True,12.706937789916992,,ok,True,ok,25,25
exp_b,exp_b__gsm8k_test_001130__canonical__no_think,gsm8k_test_001130,no_think,canonical,,answer_segment,6,10,False,70,70,True,15.344322204589844,,ok,True,ok,25,25
exp_b,exp_b__gsm8k_test_001130__canonical__no_think,gsm8k_test_001130,no_think,canonical,,answer_segment,13,10,False,70,70,True,12.316493034362793,,ok,True,ok,25,25
exp_b,exp_b__gsm8k_test_001130__canonical__no_think,gsm8k_test_001130,no_think,canonical,,answer_segment,20,10,False,70,70,True,12.706937789916992,,ok,True,ok,25,25
exp_b,exp_b__gsm8k_test_001130__irrelevant_context__no_think,gsm8k_test_001130,no_think,irrelevant_context,,full_output,6,10,False,72,72,True,11.064509391784668,,ok,False,ok,25,20
exp_b,exp_b__gsm8k_test_001130__irrelevant_context__no_think,gsm8k_test_001130,no_think,irrelevant_context,,full_output,13,10,False,72,72,True,10.94736385345459,,ok,False,ok,25,20
exp_b,exp_b__gsm8k_test_001130__irrelevant_context__no_think,gsm8k_test_001130,no_think,irrelevant_context,,full_output,20,10,False,72,72,True,10.521602630615234,,ok,False,ok,25,20
exp_b,exp_b__gsm8k_test_001130__irrelevant_context__no_think,gsm8k_test_001130,no_think,irrelevant_context,,answer_segment,6,10,False,72,72,True,11.064509391784668,,ok,False,ok,25,20
exp_b,exp_b__gsm8k_test_001130__irrelevant_context__no_think,gsm8k_test_001130,no_think,irrelevant_context,,answer_segment,13,10,False,72,72,True,10.94736385345459,,ok,False,ok,25,20
exp_b,exp_b__gsm8k_test_001130__irrelevant_context__no_think,gsm8k_test_001130,no_think,irrelevant_context,,answer_segment,20,10,False,72,72,True,10.521602630615234,,ok,False,ok,25,20
exp_b,exp_b__gsm8k_test_001130__repetitive_filler__no_think,gsm8k_test_001130,no_think,repetitive_filler,,full_output,6,10,False,65,65,True,12.915179252624512,,ok,True,ok,25,25
exp_b,exp_b__gsm8k_test_001130__repetitive_filler__no_think,gsm8k_test_001130,no_think,repetitive_filler,,full_output,13,10,False,65,65,True,12.294477462768555,,ok,True,ok,25,25
exp_b,exp_b__gsm8k_test_001130__repetitive_filler__no_think,gsm8k_test_001130,no_think,repetitive_filler,,full_output,20,10,False,65,65,True,11.952988624572754,,ok,True,ok,25,25
exp_b,exp_b__gsm8k_test_001130__repetitive_filler__no_think,gsm8k_test_001130,no_think,repetitive_filler,,answer_segment,6,10,False,65,65,True,12.915179252624512,,ok,True,ok,25,25
exp_b,exp_b__gsm8k_test_001130__repetitive_filler__no_think,gsm8k_test_001130,no_think,repetitive_filler,,answer_segment,13,10,False,65,65,True,12.294477462768555,,ok,True,ok,25,25
exp_b,exp_b__gsm8k_test_001130__repetitive_filler__no_think,gsm8k_test_001130,no_think,repetitive_filler,,answer_segment,20,10,False,65,65,True,11.952988624572754,,ok,True,ok,25,25
exp_b,exp_b__gsm8k_test_001134__canonical__no_think,gsm8k_test_001134,no_think,canonical,,full_output,6,10,False,40,40,True,12.912506103515625,,ok,False,ok,7,13
exp_b,exp_b__gsm8k_test_001134__canonical__no_think,gsm8k_test_001134,no_think,canonical,,full_output,13,10,False,40,40,True,12.404640197753906,,ok,False,ok,7,13
exp_b,exp_b__gsm8k_test_001134__canonical__no_think,gsm8k_test_001134,no_think,canonical,,full_output,20,10,False,40,40,True,12.289922714233398,,ok,False,ok,7,13
exp_b,exp_b__gsm8k_test_001134__canonical__no_think,gsm8k_test_001134,no_think,canonical,,answer_segment,6,10,False,40,40,True,12.912506103515625,,ok,False,ok,7,13
exp_b,exp_b__gsm8k_test_001134__canonical__no_think,gsm8k_test_001134,no_think,canonical,,answer_segment,13,10,False,40,40,True,12.404640197753906,,ok,False,ok,7,13
exp_b,exp_b__gsm8k_test_001134__canonical__no_think,gsm8k_test_001134,no_think,canonical,,answer_segment,20,10,False,40,40,True,12.289922714233398,,ok,False,ok,7,13
exp_b,exp_b__gsm8k_test_001134__irrelevant_context__no_think,gsm8k_test_001134,no_think,irrelevant_context,,full_output,6,10,False,43,43,True,13.06286334991455,,ok,False,ok,7,10
exp_b,exp_b__gsm8k_test_001134__irrelevant_context__no_think,gsm8k_test_001134,no_think,irrelevant_context,,full_output,13,10,False,43,43,True,14.25274658203125,,ok,False,ok,7,10
exp_b,exp_b__gsm8k_test_001134__irrelevant_context__no_think,gsm8k_test_001134,no_think,irrelevant_context,,full_output,20,10,False,43,43,True,14.177167892456055,,ok,False,ok,7,10
exp_b,exp_b__gsm8k_test_001134__irrelevant_context__no_think,gsm8k_test_001134,no_think,irrelevant_context,,answer_segment,6,10,False,43,43,True,13.06286334991455,,ok,False,ok,7,10
exp_b,exp_b__gsm8k_test_001134__irrelevant_context__no_think,gsm8k_test_001134,no_think,irrelevant_context,,answer_segment,13,10,False,43,43,True,14.25274658203125,,ok,False,ok,7,10
exp_b,exp_b__gsm8k_test_001134__irrelevant_context__no_think,gsm8k_test_001134,no_think,irrelevant_context,,answer_segment,20,10,False,43,43,True,14.177167892456055,,ok,False,ok,7,10
exp_b,exp_b__gsm8k_test_001134__repetitive_filler__no_think,gsm8k_test_001134,no_think,repetitive_filler,,full_output,6,10,False,40,40,True,12.835469245910645,,ok,False,ok,7,13
exp_b,exp_b__gsm8k_test_001134__repetitive_filler__no_think,gsm8k_test_001134,no_think,repetitive_filler,,full_output,13,10,False,40,40,True,12.69324779510498,,ok,False,ok,7,13
exp_b,exp_b__gsm8k_test_001134__repetitive_filler__no_think,gsm8k_test_001134,no_think,repetitive_filler,,full_output,20,10,False,40,40,True,12.491378784179688,,ok,False,ok,7,13
exp_b,exp_b__gsm8k_test_001134__repetitive_filler__no_think,gsm8k_test_001134,no_think,repetitive_filler,,answer_segment,6,10,False,40,40,True,12.835469245910645,,ok,False,ok,7,13
exp_b,exp_b__gsm8k_test_001134__repetitive_filler__no_think,gsm8k_test_001134,no_think,repetitive_filler,,answer_segment,13,10,False,40,40,True,12.69324779510498,,ok,False,ok,7,13
exp_b,exp_b__gsm8k_test_001134__repetitive_filler__no_think,gsm8k_test_001134,no_think,repetitive_filler,,answer_segment,20,10,False,40,40,True,12.491378784179688,,ok,False,ok,7,13
exp_b,exp_b__gsm8k_test_001140__canonical__no_think,gsm8k_test_001140,no_think,canonical,,full_output,6,10,False,53,53,True,13.212303161621094,,ok,False,ok,27,24
exp_b,exp_b__gsm8k_test_001140__canonical__no_think,gsm8k_test_001140,no_think,canonical,,full_output,13,10,False,53,53,True,12.258137702941895,,ok,False,ok,27,24
exp_b,exp_b__gsm8k_test_001140__canonical__no_think,gsm8k_test_001140,no_think,canonical,,full_output,20,10,False,53,53,True,11.571107864379883,,ok,False,ok,27,24
exp_b,exp_b__gsm8k_test_001140__canonical__no_think,gsm8k_test_001140,no_think,canonical,,answer_segment,6,10,False,53,53,True,13.212303161621094,,ok,False,ok,27,24
exp_b,exp_b__gsm8k_test_001140__canonical__no_think,gsm8k_test_001140,no_think,canonical,,answer_segment,13,10,False,53,53,True,12.258137702941895,,ok,False,ok,27,24
exp_b,exp_b__gsm8k_test_001140__canonical__no_think,gsm8k_test_001140,no_think,canonical,,answer_segment,20,10,False,53,53,True,11.571107864379883,,ok,False,ok,27,24
exp_b,exp_b__gsm8k_test_001140__irrelevant_context__no_think,gsm8k_test_001140,no_think,irrelevant_context,,full_output,6,10,False,89,89,True,14.426058769226074,,ok,False,ok,27,54
exp_b,exp_b__gsm8k_test_001140__irrelevant_context__no_think,gsm8k_test_001140,no_think,irrelevant_context,,full_output,13,10,False,89,89,True,10.945489883422852,,ok,False,ok,27,54
exp_b,exp_b__gsm8k_test_001140__irrelevant_context__no_think,gsm8k_test_001140,no_think,irrelevant_context,,full_output,20,10,False,89,89,True,11.465933799743652,,ok,False,ok,27,54
exp_b,exp_b__gsm8k_test_001140__irrelevant_context__no_think,gsm8k_test_001140,no_think,irrelevant_context,,answer_segment,6,10,False,89,89,True,14.426058769226074,,ok,False,ok,27,54
exp_b,exp_b__gsm8k_test_001140__irrelevant_context__no_think,gsm8k_test_001140,no_think,irrelevant_context,,answer_segment,13,10,False,89,89,True,10.945489883422852,,ok,False,ok,27,54
exp_b,exp_b__gsm8k_test_001140__irrelevant_context__no_think,gsm8k_test_001140,no_think,irrelevant_context,,answer_segment,20,10,False,89,89,True,11.465933799743652,,ok,False,ok,27,54
exp_b,exp_b__gsm8k_test_001140__repetitive_filler__no_think,gsm8k_test_001140,no_think,repetitive_filler,,full_output,6,10,False,62,62,True,13.61181640625,,ok,False,ok,27,54
exp_b,exp_b__gsm8k_test_001140__repetitive_filler__no_think,gsm8k_test_001140,no_think,repetitive_filler,,full_output,13,10,False,62,62,True,11.229018211364746,,ok,False,ok,27,54
exp_b,exp_b__gsm8k_test_001140__repetitive_filler__no_think,gsm8k_test_001140,no_think,repetitive_filler,,full_output,20,10,False,62,62,True,11.256562232971191,,ok,False,ok,27,54
exp_b,exp_b__gsm8k_test_001140__repetitive_filler__no_think,gsm8k_test_001140,no_think,repetitive_filler,,answer_segment,6,10,False,62,62,True,13.61181640625,,ok,False,ok,27,54
exp_b,exp_b__gsm8k_test_001140__repetitive_filler__no_think,gsm8k_test_001140,no_think,repetitive_filler,,answer_segment,13,10,False,62,62,True,11.229018211364746,,ok,False,ok,27,54
exp_b,exp_b__gsm8k_test_001140__repetitive_filler__no_think,gsm8k_test_001140,no_think,repetitive_filler,,answer_segment,20,10,False,62,62,True,11.256562232971191,,ok,False,ok,27,54
exp_b,exp_b__gsm8k_test_001178__canonical__no_think,gsm8k_test_001178,no_think,canonical,,full_output,6,10,False,41,41,True,13.582375526428223,,ok,True,ok,17,17
exp_b,exp_b__gsm8k_test_001178__canonical__no_think,gsm8k_test_001178,no_think,canonical,,full_output,13,10,False,41,41,True,12.102852821350098,,ok,True,ok,17,17
exp_b,exp_b__gsm8k_test_001178__canonical__no_think,gsm8k_test_001178,no_think,canonical,,full_output,20,10,False,41,41,True,11.059920310974121,,ok,True,ok,17,17
exp_b,exp_b__gsm8k_test_001178__canonical__no_think,gsm8k_test_001178,no_think,canonical,,answer_segment,6,10,False,41,41,True,13.582375526428223,,ok,True,ok,17,17
exp_b,exp_b__gsm8k_test_001178__canonical__no_think,gsm8k_test_001178,no_think,canonical,,answer_segment,13,10,False,41,41,True,12.102852821350098,,ok,True,ok,17,17
exp_b,exp_b__gsm8k_test_001178__canonical__no_think,gsm8k_test_001178,no_think,canonical,,answer_segment,20,10,False,41,41,True,11.059920310974121,,ok,True,ok,17,17
exp_b,exp_b__gsm8k_test_001178__irrelevant_context__no_think,gsm8k_test_001178,no_think,irrelevant_context,,full_output,6,10,False,42,42,True,14.296931266784668,,ok,True,ok,17,17
exp_b,exp_b__gsm8k_test_001178__irrelevant_context__no_think,gsm8k_test_001178,no_think,irrelevant_context,,full_output,13,10,False,42,42,True,11.768394470214844,,ok,True,ok,17,17
exp_b,exp_b__gsm8k_test_001178__irrelevant_context__no_think,gsm8k_test_001178,no_think,irrelevant_context,,full_output,20,10,False,42,42,True,11.000042915344238,,ok,True,ok,17,17
exp_b,exp_b__gsm8k_test_001178__irrelevant_context__no_think,gsm8k_test_001178,no_think,irrelevant_context,,answer_segment,6,10,False,42,42,True,14.296931266784668,,ok,True,ok,17,17
exp_b,exp_b__gsm8k_test_001178__irrelevant_context__no_think,gsm8k_test_001178,no_think,irrelevant_context,,answer_segment,13,10,False,42,42,True,11.768394470214844,,ok,True,ok,17,17
exp_b,exp_b__gsm8k_test_001178__irrelevant_context__no_think,gsm8k_test_001178,no_think,irrelevant_context,,answer_segment,20,10,False,42,42,True,11.000042915344238,,ok,True,ok,17,17
exp_b,exp_b__gsm8k_test_001178__repetitive_filler__no_think,gsm8k_test_001178,no_think,repetitive_filler,,full_output,6,10,False,41,41,True,13.934025764465332,,ok,True,ok,17,17
exp_b,exp_b__gsm8k_test_001178__repetitive_filler__no_think,gsm8k_test_001178,no_think,repetitive_filler,,full_output,13,10,False,41,41,True,12.040172576904297,,ok,True,ok,17,17
exp_b,exp_b__gsm8k_test_001178__repetitive_filler__no_think,gsm8k_test_001178,no_think,repetitive_filler,,full_output,20,10,False,41,41,True,11.255971908569336,,ok,True,ok,17,17
exp_b,exp_b__gsm8k_test_001178__repetitive_filler__no_think,gsm8k_test_001178,no_think,repetitive_filler,,answer_segment,6,10,False,41,41,True,13.934025764465332,,ok,True,ok,17,17
exp_b,exp_b__gsm8k_test_001178__repetitive_filler__no_think,gsm8k_test_001178,no_think,repetitive_filler,,answer_segment,13,10,False,41,41,True,12.040172576904297,,ok,True,ok,17,17
exp_b,exp_b__gsm8k_test_001178__repetitive_filler__no_think,gsm8k_test_001178,no_think,repetitive_filler,,answer_segment,20,10,False,41,41,True,11.255971908569336,,ok,True,ok,17,17
exp_b,exp_b__gsm8k_test_001186__canonical__no_think,gsm8k_test_001186,no_think,canonical,,full_output,6,10,False,42,42,True,18.674386978149414,,ok,True,ok,19,19
exp_b,exp_b__gsm8k_test_001186__canonical__no_think,gsm8k_test_001186,no_think,canonical,,full_output,13,10,False,42,42,True,11.818764686584473,,ok,True,ok,19,19
exp_b,exp_b__gsm8k_test_001186__canonical__no_think,gsm8k_test_001186,no_think,canonical,,full_output,20,10,False,42,42,True,10.32132625579834,,ok,True,ok,19,19
exp_b,exp_b__gsm8k_test_001186__canonical__no_think,gsm8k_test_001186,no_think,canonical,,answer_segment,6,10,False,42,42,True,18.674386978149414,,ok,True,ok,19,19
exp_b,exp_b__gsm8k_test_001186__canonical__no_think,gsm8k_test_001186,no_think,canonical,,answer_segment,13,10,False,42,42,True,11.818764686584473,,ok,True,ok,19,19
exp_b,exp_b__gsm8k_test_001186__canonical__no_think,gsm8k_test_001186,no_think,canonical,,answer_segment,20,10,False,42,42,True,10.32132625579834,,ok,True,ok,19,19
exp_b,exp_b__gsm8k_test_001186__irrelevant_context__no_think,gsm8k_test_001186,no_think,irrelevant_context,,full_output,6,10,False,42,42,True,16.2968692779541,,ok,False,ok,19,16
exp_b,exp_b__gsm8k_test_001186__irrelevant_context__no_think,gsm8k_test_001186,no_think,irrelevant_context,,full_output,13,10,False,42,42,True,11.56735897064209,,ok,False,ok,19,16
exp_b,exp_b__gsm8k_test_001186__irrelevant_context__no_think,gsm8k_test_001186,no_think,irrelevant_context,,full_output,20,10,False,42,42,True,9.820881843566895,,ok,False,ok,19,16
exp_b,exp_b__gsm8k_test_001186__irrelevant_context__no_think,gsm8k_test_001186,no_think,irrelevant_context,,answer_segment,6,10,False,42,42,True,16.2968692779541,,ok,False,ok,19,16
exp_b,exp_b__gsm8k_test_001186__irrelevant_context__no_think,gsm8k_test_001186,no_think,irrelevant_context,,answer_segment,13,10,False,42,42,True,11.56735897064209,,ok,False,ok,19,16
exp_b,exp_b__gsm8k_test_001186__irrelevant_context__no_think,gsm8k_test_001186,no_think,irrelevant_context,,answer_segment,20,10,False,42,42,True,9.820881843566895,,ok,False,ok,19,16
exp_b,exp_b__gsm8k_test_001186__repetitive_filler__no_think,gsm8k_test_001186,no_think,repetitive_filler,,full_output,6,10,False,45,45,True,15.817508697509766,,ok,True,ok,19,19
exp_b,exp_b__gsm8k_test_001186__repetitive_filler__no_think,gsm8k_test_001186,no_think,repetitive_filler,,full_output,13,10,False,45,45,True,10.467955589294434,,ok,True,ok,19,19
exp_b,exp_b__gsm8k_test_001186__repetitive_filler__no_think,gsm8k_test_001186,no_think,repetitive_filler,,full_output,20,10,False,45,45,True,9.835918426513672,,ok,True,ok,19,19
exp_b,exp_b__gsm8k_test_001186__repetitive_filler__no_think,gsm8k_test_001186,no_think,repetitive_filler,,answer_segment,6,10,False,45,45,True,15.817508697509766,,ok,True,ok,19,19
exp_b,exp_b__gsm8k_test_001186__repetitive_filler__no_think,gsm8k_test_001186,no_think,repetitive_filler,,answer_segment,13,10,False,45,45,True,10.467955589294434,,ok,True,ok,19,19
exp_b,exp_b__gsm8k_test_001186__repetitive_filler__no_think,gsm8k_test_001186,no_think,repetitive_filler,,answer_segment,20,10,False,45,45,True,9.835918426513672,,ok,True,ok,19,19
exp_b,exp_b__gsm8k_test_001192__canonical__no_think,gsm8k_test_001192,no_think,canonical,,full_output,6,10,False,47,47,True,13.741767883300781,,ok,False,ok,280,279
exp_b,exp_b__gsm8k_test_001192__canonical__no_think,gsm8k_test_001192,no_think,canonical,,full_output,13,10,False,47,47,True,12.8701171875,,ok,False,ok,280,279
exp_b,exp_b__gsm8k_test_001192__canonical__no_think,gsm8k_test_001192,no_think,canonical,,full_output,20,10,False,47,47,True,12.690570831298828,,ok,False,ok,280,279
exp_b,exp_b__gsm8k_test_001192__canonical__no_think,gsm8k_test_001192,no_think,canonical,,answer_segment,6,10,False,47,47,True,13.741767883300781,,ok,False,ok,280,279
exp_b,exp_b__gsm8k_test_001192__canonical__no_think,gsm8k_test_001192,no_think,canonical,,answer_segment,13,10,False,47,47,True,12.8701171875,,ok,False,ok,280,279
exp_b,exp_b__gsm8k_test_001192__canonical__no_think,gsm8k_test_001192,no_think,canonical,,answer_segment,20,10,False,47,47,True,12.690570831298828,,ok,False,ok,280,279
exp_b,exp_b__gsm8k_test_001192__irrelevant_context__no_think,gsm8k_test_001192,no_think,irrelevant_context,,full_output,6,10,False,48,48,True,13.211226463317871,,ok,False,ok,280,75
exp_b,exp_b__gsm8k_test_001192__irrelevant_context__no_think,gsm8k_test_001192,no_think,irrelevant_context,,full_output,13,10,False,48,48,True,13.669268608093262,,ok,False,ok,280,75
exp_b,exp_b__gsm8k_test_001192__irrelevant_context__no_think,gsm8k_test_001192,no_think,irrelevant_context,,full_output,20,10,False,48,48,True,13.203399658203125,,ok,False,ok,280,75
exp_b,exp_b__gsm8k_test_001192__irrelevant_context__no_think,gsm8k_test_001192,no_think,irrelevant_context,,answer_segment,6,10,False,48,48,True,13.211226463317871,,ok,False,ok,280,75
exp_b,exp_b__gsm8k_test_001192__irrelevant_context__no_think,gsm8k_test_001192,no_think,irrelevant_context,,answer_segment,13,10,False,48,48,True,13.669268608093262,,ok,False,ok,280,75
exp_b,exp_b__gsm8k_test_001192__irrelevant_context__no_think,gsm8k_test_001192,no_think,irrelevant_context,,answer_segment,20,10,False,48,48,True,13.203399658203125,,ok,False,ok,280,75
exp_b,exp_b__gsm8k_test_001192__repetitive_filler__no_think,gsm8k_test_001192,no_think,repetitive_filler,,full_output,6,10,False,54,54,True,14.974085807800293,,ok,False,ok,280,315
exp_b,exp_b__gsm8k_test_001192__repetitive_filler__no_think,gsm8k_test_001192,no_think,repetitive_filler,,full_output,13,10,False,54,54,True,13.268957138061523,,ok,False,ok,280,315
exp_b,exp_b__gsm8k_test_001192__repetitive_filler__no_think,gsm8k_test_001192,no_think,repetitive_filler,,full_output,20,10,False,54,54,True,12.64582633972168,,ok,False,ok,280,315
exp_b,exp_b__gsm8k_test_001192__repetitive_filler__no_think,gsm8k_test_001192,no_think,repetitive_filler,,answer_segment,6,10,False,54,54,True,14.974085807800293,,ok,False,ok,280,315
exp_b,exp_b__gsm8k_test_001192__repetitive_filler__no_think,gsm8k_test_001192,no_think,repetitive_filler,,answer_segment,13,10,False,54,54,True,13.268957138061523,,ok,False,ok,280,315
exp_b,exp_b__gsm8k_test_001192__repetitive_filler__no_think,gsm8k_test_001192,no_think,repetitive_filler,,answer_segment,20,10,False,54,54,True,12.64582633972168,,ok,False,ok,280,315
exp_b,exp_b__gsm8k_test_001193__canonical__no_think,gsm8k_test_001193,no_think,canonical,,full_output,6,10,False,71,71,True,15.393190383911133,,ok,False,ok,9,10.5
exp_b,exp_b__gsm8k_test_001193__canonical__no_think,gsm8k_test_001193,no_think,canonical,,full_output,13,10,False,71,71,True,11.581215858459473,,ok,False,ok,9,10.5
exp_b,exp_b__gsm8k_test_001193__canonical__no_think,gsm8k_test_001193,no_think,canonical,,full_output,20,10,False,71,71,True,11.240028381347656,,ok,False,ok,9,10.5
exp_b,exp_b__gsm8k_test_001193__canonical__no_think,gsm8k_test_001193,no_think,canonical,,answer_segment,6,10,False,71,71,True,15.393190383911133,,ok,False,ok,9,10.5
exp_b,exp_b__gsm8k_test_001193__canonical__no_think,gsm8k_test_001193,no_think,canonical,,answer_segment,13,10,False,71,71,True,11.581215858459473,,ok,False,ok,9,10.5
exp_b,exp_b__gsm8k_test_001193__canonical__no_think,gsm8k_test_001193,no_think,canonical,,answer_segment,20,10,False,71,71,True,11.240028381347656,,ok,False,ok,9,10.5
exp_b,exp_b__gsm8k_test_001193__irrelevant_context__no_think,gsm8k_test_001193,no_think,irrelevant_context,,full_output,6,10,False,69,69,True,14.275555610656738,,ok,False,ok,9,7.5
exp_b,exp_b__gsm8k_test_001193__irrelevant_context__no_think,gsm8k_test_001193,no_think,irrelevant_context,,full_output,13,10,False,69,69,True,12.074164390563965,,ok,False,ok,9,7.5
exp_b,exp_b__gsm8k_test_001193__irrelevant_context__no_think,gsm8k_test_001193,no_think,irrelevant_context,,full_output,20,10,False,69,69,True,10.855224609375,,ok,False,ok,9,7.5
exp_b,exp_b__gsm8k_test_001193__irrelevant_context__no_think,gsm8k_test_001193,no_think,irrelevant_context,,answer_segment,6,10,False,69,69,True,14.275555610656738,,ok,False,ok,9,7.5
exp_b,exp_b__gsm8k_test_001193__irrelevant_context__no_think,gsm8k_test_001193,no_think,irrelevant_context,,answer_segment,13,10,False,69,69,True,12.074164390563965,,ok,False,ok,9,7.5
exp_b,exp_b__gsm8k_test_001193__irrelevant_context__no_think,gsm8k_test_001193,no_think,irrelevant_context,,answer_segment,20,10,False,69,69,True,10.855224609375,,ok,False,ok,9,7.5
exp_b,exp_b__gsm8k_test_001193__repetitive_filler__no_think,gsm8k_test_001193,no_think,repetitive_filler,,full_output,6,10,False,71,71,True,15.436968803405762,,ok,False,ok,9,10.5
exp_b,exp_b__gsm8k_test_001193__repetitive_filler__no_think,gsm8k_test_001193,no_think,repetitive_filler,,full_output,13,10,False,71,71,True,11.798398971557617,,ok,False,ok,9,10.5
exp_b,exp_b__gsm8k_test_001193__repetitive_filler__no_think,gsm8k_test_001193,no_think,repetitive_filler,,full_output,20,10,False,71,71,True,11.188294410705566,,ok,False,ok,9,10.5
exp_b,exp_b__gsm8k_test_001193__repetitive_filler__no_think,gsm8k_test_001193,no_think,repetitive_filler,,answer_segment,6,10,False,71,71,True,15.436968803405762,,ok,False,ok,9,10.5
exp_b,exp_b__gsm8k_test_001193__repetitive_filler__no_think,gsm8k_test_001193,no_think,repetitive_filler,,answer_segment,13,10,False,71,71,True,11.798398971557617,,ok,False,ok,9,10.5
exp_b,exp_b__gsm8k_test_001193__repetitive_filler__no_think,gsm8k_test_001193,no_think,repetitive_filler,,answer_segment,20,10,False,71,71,True,11.188294410705566,,ok,False,ok,9,10.5
exp_b,exp_b__gsm8k_test_001194__canonical__no_think,gsm8k_test_001194,no_think,canonical,,full_output,6,10,False,47,47,True,12.053973197937012,,ok,True,ok,1200,1200
exp_b,exp_b__gsm8k_test_001194__canonical__no_think,gsm8k_test_001194,no_think,canonical,,full_output,13,10,False,47,47,True,11.566305160522461,,ok,True,ok,1200,1200
exp_b,exp_b__gsm8k_test_001194__canonical__no_think,gsm8k_test_001194,no_think,canonical,,full_output,20,10,False,47,47,True,9.773098945617676,,ok,True,ok,1200,1200
exp_b,exp_b__gsm8k_test_001194__canonical__no_think,gsm8k_test_001194,no_think,canonical,,answer_segment,6,10,False,47,47,True,12.053973197937012,,ok,True,ok,1200,1200
exp_b,exp_b__gsm8k_test_001194__canonical__no_think,gsm8k_test_001194,no_think,canonical,,answer_segment,13,10,False,47,47,True,11.566305160522461,,ok,True,ok,1200,1200
exp_b,exp_b__gsm8k_test_001194__canonical__no_think,gsm8k_test_001194,no_think,canonical,,answer_segment,20,10,False,47,47,True,9.773098945617676,,ok,True,ok,1200,1200
exp_b,exp_b__gsm8k_test_001194__irrelevant_context__no_think,gsm8k_test_001194,no_think,irrelevant_context,,full_output,6,10,False,43,43,True,11.721355438232422,,ok,True,ok,1200,1200
exp_b,exp_b__gsm8k_test_001194__irrelevant_context__no_think,gsm8k_test_001194,no_think,irrelevant_context,,full_output,13,10,False,43,43,True,10.799830436706543,,ok,True,ok,1200,1200
exp_b,exp_b__gsm8k_test_001194__irrelevant_context__no_think,gsm8k_test_001194,no_think,irrelevant_context,,full_output,20,10,False,43,43,True,10.187789916992188,,ok,True,ok,1200,1200
exp_b,exp_b__gsm8k_test_001194__irrelevant_context__no_think,gsm8k_test_001194,no_think,irrelevant_context,,answer_segment,6,10,False,43,43,True,11.721355438232422,,ok,True,ok,1200,1200
exp_b,exp_b__gsm8k_test_001194__irrelevant_context__no_think,gsm8k_test_001194,no_think,irrelevant_context,,answer_segment,13,10,False,43,43,True,10.799830436706543,,ok,True,ok,1200,1200
exp_b,exp_b__gsm8k_test_001194__irrelevant_context__no_think,gsm8k_test_001194,no_think,irrelevant_context,,answer_segment,20,10,False,43,43,True,10.187789916992188,,ok,True,ok,1200,1200
exp_b,exp_b__gsm8k_test_001194__repetitive_filler__no_think,gsm8k_test_001194,no_think,repetitive_filler,,full_output,6,10,False,44,44,True,10.797165870666504,,ok,True,ok,1200,1200
exp_b,exp_b__gsm8k_test_001194__repetitive_filler__no_think,gsm8k_test_001194,no_think,repetitive_filler,,full_output,13,10,False,44,44,True,11.04549789428711,,ok,True,ok,1200,1200
exp_b,exp_b__gsm8k_test_001194__repetitive_filler__no_think,gsm8k_test_001194,no_think,repetitive_filler,,full_output,20,10,False,44,44,True,10.942073822021484,,ok,True,ok,1200,1200
exp_b,exp_b__gsm8k_test_001194__repetitive_filler__no_think,gsm8k_test_001194,no_think,repetitive_filler,,answer_segment,6,10,False,44,44,True,10.797165870666504,,ok,True,ok,1200,1200
exp_b,exp_b__gsm8k_test_001194__repetitive_filler__no_think,gsm8k_test_001194,no_think,repetitive_filler,,answer_segment,13,10,False,44,44,True,11.04549789428711,,ok,True,ok,1200,1200
exp_b,exp_b__gsm8k_test_001194__repetitive_filler__no_think,gsm8k_test_001194,no_think,repetitive_filler,,answer_segment,20,10,False,44,44,True,10.942073822021484,,ok,True,ok,1200,1200
exp_b,exp_b__gsm8k_test_001207__canonical__no_think,gsm8k_test_001207,no_think,canonical,,full_output,6,10,False,49,49,True,12.684200286865234,,ok,True,ok,64,64
exp_b,exp_b__gsm8k_test_001207__canonical__no_think,gsm8k_test_001207,no_think,canonical,,full_output,13,10,False,49,49,True,12.307138442993164,,ok,True,ok,64,64
exp_b,exp_b__gsm8k_test_001207__canonical__no_think,gsm8k_test_001207,no_think,canonical,,full_output,20,10,False,49,49,True,11.867133140563965,,ok,True,ok,64,64
exp_b,exp_b__gsm8k_test_001207__canonical__no_think,gsm8k_test_001207,no_think,canonical,,answer_segment,6,10,False,49,49,True,12.684200286865234,,ok,True,ok,64,64
exp_b,exp_b__gsm8k_test_001207__canonical__no_think,gsm8k_test_001207,no_think,canonical,,answer_segment,13,10,False,49,49,True,12.307138442993164,,ok,True,ok,64,64
exp_b,exp_b__gsm8k_test_001207__canonical__no_think,gsm8k_test_001207,no_think,canonical,,answer_segment,20,10,False,49,49,True,11.867133140563965,,ok,True,ok,64,64
exp_b,exp_b__gsm8k_test_001207__irrelevant_context__no_think,gsm8k_test_001207,no_think,irrelevant_context,,full_output,6,10,False,49,49,True,12.787576675415039,,ok,True,ok,64,64
exp_b,exp_b__gsm8k_test_001207__irrelevant_context__no_think,gsm8k_test_001207,no_think,irrelevant_context,,full_output,13,10,False,49,49,True,11.821252822875977,,ok,True,ok,64,64
exp_b,exp_b__gsm8k_test_001207__irrelevant_context__no_think,gsm8k_test_001207,no_think,irrelevant_context,,full_output,20,10,False,49,49,True,12.036139488220215,,ok,True,ok,64,64
exp_b,exp_b__gsm8k_test_001207__irrelevant_context__no_think,gsm8k_test_001207,no_think,irrelevant_context,,answer_segment,6,10,False,49,49,True,12.787576675415039,,ok,True,ok,64,64
exp_b,exp_b__gsm8k_test_001207__irrelevant_context__no_think,gsm8k_test_001207,no_think,irrelevant_context,,answer_segment,13,10,False,49,49,True,11.821252822875977,,ok,True,ok,64,64
exp_b,exp_b__gsm8k_test_001207__irrelevant_context__no_think,gsm8k_test_001207,no_think,irrelevant_context,,answer_segment,20,10,False,49,49,True,12.036139488220215,,ok,True,ok,64,64
exp_b,exp_b__gsm8k_test_001207__repetitive_filler__no_think,gsm8k_test_001207,no_think,repetitive_filler,,full_output,6,10,False,49,49,True,12.642908096313477,,ok,False,ok,64,69
exp_b,exp_b__gsm8k_test_001207__repetitive_filler__no_think,gsm8k_test_001207,no_think,repetitive_filler,,full_output,13,10,False,49,49,True,12.479413986206055,,ok,False,ok,64,69
exp_b,exp_b__gsm8k_test_001207__repetitive_filler__no_think,gsm8k_test_001207,no_think,repetitive_filler,,full_output,20,10,False,49,49,True,11.954740524291992,,ok,False,ok,64,69
exp_b,exp_b__gsm8k_test_001207__repetitive_filler__no_think,gsm8k_test_001207,no_think,repetitive_filler,,answer_segment,6,10,False,49,49,True,12.642908096313477,,ok,False,ok,64,69
exp_b,exp_b__gsm8k_test_001207__repetitive_filler__no_think,gsm8k_test_001207,no_think,repetitive_filler,,answer_segment,13,10,False,49,49,True,12.479413986206055,,ok,False,ok,64,69
exp_b,exp_b__gsm8k_test_001207__repetitive_filler__no_think,gsm8k_test_001207,no_think,repetitive_filler,,answer_segment,20,10,False,49,49,True,11.954740524291992,,ok,False,ok,64,69
exp_b,exp_b__gsm8k_test_001217__canonical__no_think,gsm8k_test_001217,no_think,canonical,,full_output,6,10,False,56,56,True,9.540422439575195,,ok,False,ok,75,60
exp_b,exp_b__gsm8k_test_001217__canonical__no_think,gsm8k_test_001217,no_think,canonical,,full_output,13,10,False,56,56,True,10.840499877929688,,ok,False,ok,75,60
exp_b,exp_b__gsm8k_test_001217__canonical__no_think,gsm8k_test_001217,no_think,canonical,,full_output,20,10,False,56,56,True,11.981404304504395,,ok,False,ok,75,60
exp_b,exp_b__gsm8k_test_001217__canonical__no_think,gsm8k_test_001217,no_think,canonical,,answer_segment,6,10,False,56,56,True,9.540422439575195,,ok,False,ok,75,60
exp_b,exp_b__gsm8k_test_001217__canonical__no_think,gsm8k_test_001217,no_think,canonical,,answer_segment,13,10,False,56,56,True,10.840499877929688,,ok,False,ok,75,60
exp_b,exp_b__gsm8k_test_001217__canonical__no_think,gsm8k_test_001217,no_think,canonical,,answer_segment,20,10,False,56,56,True,11.981404304504395,,ok,False,ok,75,60
exp_b,exp_b__gsm8k_test_001217__irrelevant_context__no_think,gsm8k_test_001217,no_think,irrelevant_context,,full_output,6,10,False,55,55,True,12.75500202178955,,ok,False,ok,75,168
exp_b,exp_b__gsm8k_test_001217__irrelevant_context__no_think,gsm8k_test_001217,no_think,irrelevant_context,,full_output,13,10,False,55,55,True,11.751757621765137,,ok,False,ok,75,168
exp_b,exp_b__gsm8k_test_001217__irrelevant_context__no_think,gsm8k_test_001217,no_think,irrelevant_context,,full_output,20,10,False,55,55,True,12.42354965209961,,ok,False,ok,75,168
exp_b,exp_b__gsm8k_test_001217__irrelevant_context__no_think,gsm8k_test_001217,no_think,irrelevant_context,,answer_segment,6,10,False,55,55,True,12.75500202178955,,ok,False,ok,75,168
exp_b,exp_b__gsm8k_test_001217__irrelevant_context__no_think,gsm8k_test_001217,no_think,irrelevant_context,,answer_segment,13,10,False,55,55,True,11.751757621765137,,ok,False,ok,75,168
exp_b,exp_b__gsm8k_test_001217__irrelevant_context__no_think,gsm8k_test_001217,no_think,irrelevant_context,,answer_segment,20,10,False,55,55,True,12.42354965209961,,ok,False,ok,75,168
exp_b,exp_b__gsm8k_test_001217__repetitive_filler__no_think,gsm8k_test_001217,no_think,repetitive_filler,,full_output,6,10,False,51,51,True,8.713894844055176,,ok,False,ok,75,90
exp_b,exp_b__gsm8k_test_001217__repetitive_filler__no_think,gsm8k_test_001217,no_think,repetitive_filler,,full_output,13,10,False,51,51,True,9.783812522888184,,ok,False,ok,75,90
exp_b,exp_b__gsm8k_test_001217__repetitive_filler__no_think,gsm8k_test_001217,no_think,repetitive_filler,,full_output,20,10,False,51,51,True,11.283364295959473,,ok,False,ok,75,90
exp_b,exp_b__gsm8k_test_001217__repetitive_filler__no_think,gsm8k_test_001217,no_think,repetitive_filler,,answer_segment,6,10,False,51,51,True,8.713894844055176,,ok,False,ok,75,90
exp_b,exp_b__gsm8k_test_001217__repetitive_filler__no_think,gsm8k_test_001217,no_think,repetitive_filler,,answer_segment,13,10,False,51,51,True,9.783812522888184,,ok,False,ok,75,90
exp_b,exp_b__gsm8k_test_001217__repetitive_filler__no_think,gsm8k_test_001217,no_think,repetitive_filler,,answer_segment,20,10,False,51,51,True,11.283364295959473,,ok,False,ok,75,90
exp_b,exp_b__gsm8k_test_001235__canonical__no_think,gsm8k_test_001235,no_think,canonical,,full_output,6,10,False,52,52,True,12.399537086486816,,ok,False,ok,60,6
exp_b,exp_b__gsm8k_test_001235__canonical__no_think,gsm8k_test_001235,no_think,canonical,,full_output,13,10,False,52,52,True,10.808524131774902,,ok,False,ok,60,6
exp_b,exp_b__gsm8k_test_001235__canonical__no_think,gsm8k_test_001235,no_think,canonical,,full_output,20,10,False,52,52,True,11.23359489440918,,ok,False,ok,60,6
exp_b,exp_b__gsm8k_test_001235__canonical__no_think,gsm8k_test_001235,no_think,canonical,,answer_segment,6,10,False,52,52,True,12.399537086486816,,ok,False,ok,60,6
exp_b,exp_b__gsm8k_test_001235__canonical__no_think,gsm8k_test_001235,no_think,canonical,,answer_segment,13,10,False,52,52,True,10.808524131774902,,ok,False,ok,60,6
exp_b,exp_b__gsm8k_test_001235__canonical__no_think,gsm8k_test_001235,no_think,canonical,,answer_segment,20,10,False,52,52,True,11.23359489440918,,ok,False,ok,60,6
exp_b,exp_b__gsm8k_test_001235__irrelevant_context__no_think,gsm8k_test_001235,no_think,irrelevant_context,,full_output,6,10,False,60,60,True,16.776790618896484,,ok,False,ok,60,6
exp_b,exp_b__gsm8k_test_001235__irrelevant_context__no_think,gsm8k_test_001235,no_think,irrelevant_context,,full_output,13,10,False,60,60,True,12.760451316833496,,ok,False,ok,60,6
exp_b,exp_b__gsm8k_test_001235__irrelevant_context__no_think,gsm8k_test_001235,no_think,irrelevant_context,,full_output,20,10,False,60,60,True,13.61406135559082,,ok,False,ok,60,6
exp_b,exp_b__gsm8k_test_001235__irrelevant_context__no_think,gsm8k_test_001235,no_think,irrelevant_context,,answer_segment,6,10,False,60,60,True,16.776790618896484,,ok,False,ok,60,6
exp_b,exp_b__gsm8k_test_001235__irrelevant_context__no_think,gsm8k_test_001235,no_think,irrelevant_context,,answer_segment,13,10,False,60,60,True,12.760451316833496,,ok,False,ok,60,6
exp_b,exp_b__gsm8k_test_001235__irrelevant_context__no_think,gsm8k_test_001235,no_think,irrelevant_context,,answer_segment,20,10,False,60,60,True,13.61406135559082,,ok,False,ok,60,6
exp_b,exp_b__gsm8k_test_001235__repetitive_filler__no_think,gsm8k_test_001235,no_think,repetitive_filler,,full_output,6,10,False,56,56,True,11.530281066894531,,ok,False,ok,60,6
exp_b,exp_b__gsm8k_test_001235__repetitive_filler__no_think,gsm8k_test_001235,no_think,repetitive_filler,,full_output,13,10,False,56,56,True,12.097176551818848,,ok,False,ok,60,6
exp_b,exp_b__gsm8k_test_001235__repetitive_filler__no_think,gsm8k_test_001235,no_think,repetitive_filler,,full_output,20,10,False,56,56,True,11.775702476501465,,ok,False,ok,60,6
exp_b,exp_b__gsm8k_test_001235__repetitive_filler__no_think,gsm8k_test_001235,no_think,repetitive_filler,,answer_segment,6,10,False,56,56,True,11.530281066894531,,ok,False,ok,60,6
exp_b,exp_b__gsm8k_test_001235__repetitive_filler__no_think,gsm8k_test_001235,no_think,repetitive_filler,,answer_segment,13,10,False,56,56,True,12.097176551818848,,ok,False,ok,60,6
exp_b,exp_b__gsm8k_test_001235__repetitive_filler__no_think,gsm8k_test_001235,no_think,repetitive_filler,,answer_segment,20,10,False,56,56,True,11.775702476501465,,ok,False,ok,60,6
exp_b,exp_b__gsm8k_test_001236__canonical__no_think,gsm8k_test_001236,no_think,canonical,,full_output,6,10,False,52,52,True,13.038664817810059,,ok,False,ok,84,78
exp_b,exp_b__gsm8k_test_001236__canonical__no_think,gsm8k_test_001236,no_think,canonical,,full_output,13,10,False,52,52,True,12.8717041015625,,ok,False,ok,84,78
exp_b,exp_b__gsm8k_test_001236__canonical__no_think,gsm8k_test_001236,no_think,canonical,,full_output,20,10,False,52,52,True,12.884055137634277,,ok,False,ok,84,78
exp_b,exp_b__gsm8k_test_001236__canonical__no_think,gsm8k_test_001236,no_think,canonical,,answer_segment,6,10,False,52,52,True,13.038664817810059,,ok,False,ok,84,78
exp_b,exp_b__gsm8k_test_001236__canonical__no_think,gsm8k_test_001236,no_think,canonical,,answer_segment,13,10,False,52,52,True,12.8717041015625,,ok,False,ok,84,78
exp_b,exp_b__gsm8k_test_001236__canonical__no_think,gsm8k_test_001236,no_think,canonical,,answer_segment,20,10,False,52,52,True,12.884055137634277,,ok,False,ok,84,78
exp_b,exp_b__gsm8k_test_001236__irrelevant_context__no_think,gsm8k_test_001236,no_think,irrelevant_context,,full_output,6,10,False,57,57,True,14.036577224731445,,ok,False,ok,84,78
exp_b,exp_b__gsm8k_test_001236__irrelevant_context__no_think,gsm8k_test_001236,no_think,irrelevant_context,,full_output,13,10,False,57,57,True,11.306309700012207,,ok,False,ok,84,78
exp_b,exp_b__gsm8k_test_001236__irrelevant_context__no_think,gsm8k_test_001236,no_think,irrelevant_context,,full_output,20,10,False,57,57,True,12.004712104797363,,ok,False,ok,84,78
exp_b,exp_b__gsm8k_test_001236__irrelevant_context__no_think,gsm8k_test_001236,no_think,irrelevant_context,,answer_segment,6,10,False,57,57,True,14.036577224731445,,ok,False,ok,84,78
exp_b,exp_b__gsm8k_test_001236__irrelevant_context__no_think,gsm8k_test_001236,no_think,irrelevant_context,,answer_segment,13,10,False,57,57,True,11.306309700012207,,ok,False,ok,84,78
exp_b,exp_b__gsm8k_test_001236__irrelevant_context__no_think,gsm8k_test_001236,no_think,irrelevant_context,,answer_segment,20,10,False,57,57,True,12.004712104797363,,ok,False,ok,84,78
exp_b,exp_b__gsm8k_test_001236__repetitive_filler__no_think,gsm8k_test_001236,no_think,repetitive_filler,,full_output,6,10,False,61,61,True,13.42604923248291,,ok,False,ok,84,78
exp_b,exp_b__gsm8k_test_001236__repetitive_filler__no_think,gsm8k_test_001236,no_think,repetitive_filler,,full_output,13,10,False,61,61,True,11.339465141296387,,ok,False,ok,84,78
exp_b,exp_b__gsm8k_test_001236__repetitive_filler__no_think,gsm8k_test_001236,no_think,repetitive_filler,,full_output,20,10,False,61,61,True,11.180849075317383,,ok,False,ok,84,78
exp_b,exp_b__gsm8k_test_001236__repetitive_filler__no_think,gsm8k_test_001236,no_think,repetitive_filler,,answer_segment,6,10,False,61,61,True,13.42604923248291,,ok,False,ok,84,78
exp_b,exp_b__gsm8k_test_001236__repetitive_filler__no_think,gsm8k_test_001236,no_think,repetitive_filler,,answer_segment,13,10,False,61,61,True,11.339465141296387,,ok,False,ok,84,78
exp_b,exp_b__gsm8k_test_001236__repetitive_filler__no_think,gsm8k_test_001236,no_think,repetitive_filler,,answer_segment,20,10,False,61,61,True,11.180849075317383,,ok,False,ok,84,78
exp_b,exp_b__gsm8k_test_001242__canonical__no_think,gsm8k_test_001242,no_think,canonical,,full_output,6,10,False,59,59,True,10.701437950134277,,ok,False,ok,20,10
exp_b,exp_b__gsm8k_test_001242__canonical__no_think,gsm8k_test_001242,no_think,canonical,,full_output,13,10,False,59,59,True,9.299357414245605,,ok,False,ok,20,10
exp_b,exp_b__gsm8k_test_001242__canonical__no_think,gsm8k_test_001242,no_think,canonical,,full_output,20,10,False,59,59,True,9.987441062927246,,ok,False,ok,20,10
exp_b,exp_b__gsm8k_test_001242__canonical__no_think,gsm8k_test_001242,no_think,canonical,,answer_segment,6,10,False,59,59,True,10.701437950134277,,ok,False,ok,20,10
exp_b,exp_b__gsm8k_test_001242__canonical__no_think,gsm8k_test_001242,no_think,canonical,,answer_segment,13,10,False,59,59,True,9.299357414245605,,ok,False,ok,20,10
exp_b,exp_b__gsm8k_test_001242__canonical__no_think,gsm8k_test_001242,no_think,canonical,,answer_segment,20,10,False,59,59,True,9.987441062927246,,ok,False,ok,20,10
exp_b,exp_b__gsm8k_test_001242__irrelevant_context__no_think,gsm8k_test_001242,no_think,irrelevant_context,,full_output,6,10,False,60,60,True,11.710750579833984,,ok,True,ok,20,20
exp_b,exp_b__gsm8k_test_001242__irrelevant_context__no_think,gsm8k_test_001242,no_think,irrelevant_context,,full_output,13,10,False,60,60,True,10.295083045959473,,ok,True,ok,20,20
exp_b,exp_b__gsm8k_test_001242__irrelevant_context__no_think,gsm8k_test_001242,no_think,irrelevant_context,,full_output,20,10,False,60,60,True,10.676030158996582,,ok,True,ok,20,20
exp_b,exp_b__gsm8k_test_001242__irrelevant_context__no_think,gsm8k_test_001242,no_think,irrelevant_context,,answer_segment,6,10,False,60,60,True,11.710750579833984,,ok,True,ok,20,20
exp_b,exp_b__gsm8k_test_001242__irrelevant_context__no_think,gsm8k_test_001242,no_think,irrelevant_context,,answer_segment,13,10,False,60,60,True,10.295083045959473,,ok,True,ok,20,20
exp_b,exp_b__gsm8k_test_001242__irrelevant_context__no_think,gsm8k_test_001242,no_think,irrelevant_context,,answer_segment,20,10,False,60,60,True,10.676030158996582,,ok,True,ok,20,20
exp_b,exp_b__gsm8k_test_001242__repetitive_filler__no_think,gsm8k_test_001242,no_think,repetitive_filler,,full_output,6,10,False,57,57,True,10.826021194458008,,ok,False,ok,20,10
exp_b,exp_b__gsm8k_test_001242__repetitive_filler__no_think,gsm8k_test_001242,no_think,repetitive_filler,,full_output,13,10,False,57,57,True,10.015710830688477,,ok,False,ok,20,10
exp_b,exp_b__gsm8k_test_001242__repetitive_filler__no_think,gsm8k_test_001242,no_think,repetitive_filler,,full_output,20,10,False,57,57,True,10.262556076049805,,ok,False,ok,20,10
exp_b,exp_b__gsm8k_test_001242__repetitive_filler__no_think,gsm8k_test_001242,no_think,repetitive_filler,,answer_segment,6,10,False,57,57,True,10.826021194458008,,ok,False,ok,20,10
exp_b,exp_b__gsm8k_test_001242__repetitive_filler__no_think,gsm8k_test_001242,no_think,repetitive_filler,,answer_segment,13,10,False,57,57,True,10.015710830688477,,ok,False,ok,20,10
exp_b,exp_b__gsm8k_test_001242__repetitive_filler__no_think,gsm8k_test_001242,no_think,repetitive_filler,,answer_segment,20,10,False,57,57,True,10.262556076049805,,ok,False,ok,20,10
exp_b,exp_b__gsm8k_test_001263__canonical__no_think,gsm8k_test_001263,no_think,canonical,,full_output,6,10,False,70,70,True,16.536115646362305,,ok,False,ok,500,480
exp_b,exp_b__gsm8k_test_001263__canonical__no_think,gsm8k_test_001263,no_think,canonical,,full_output,13,10,False,70,70,True,11.114232063293457,,ok,False,ok,500,480
exp_b,exp_b__gsm8k_test_001263__canonical__no_think,gsm8k_test_001263,no_think,canonical,,full_output,20,10,False,70,70,True,11.489755630493164,,ok,False,ok,500,480
exp_b,exp_b__gsm8k_test_001263__canonical__no_think,gsm8k_test_001263,no_think,canonical,,answer_segment,6,10,False,70,70,True,16.536115646362305,,ok,False,ok,500,480
exp_b,exp_b__gsm8k_test_001263__canonical__no_think,gsm8k_test_001263,no_think,canonical,,answer_segment,13,10,False,70,70,True,11.114232063293457,,ok,False,ok,500,480
exp_b,exp_b__gsm8k_test_001263__canonical__no_think,gsm8k_test_001263,no_think,canonical,,answer_segment,20,10,False,70,70,True,11.489755630493164,,ok,False,ok,500,480
exp_b,exp_b__gsm8k_test_001263__irrelevant_context__no_think,gsm8k_test_001263,no_think,irrelevant_context,,full_output,6,10,False,61,61,True,13.288436889648438,,ok,False,ok,500,360
exp_b,exp_b__gsm8k_test_001263__irrelevant_context__no_think,gsm8k_test_001263,no_think,irrelevant_context,,full_output,13,10,False,61,61,True,11.167166709899902,,ok,False,ok,500,360
exp_b,exp_b__gsm8k_test_001263__irrelevant_context__no_think,gsm8k_test_001263,no_think,irrelevant_context,,full_output,20,10,False,61,61,True,11.623003959655762,,ok,False,ok,500,360
exp_b,exp_b__gsm8k_test_001263__irrelevant_context__no_think,gsm8k_test_001263,no_think,irrelevant_context,,answer_segment,6,10,False,61,61,True,13.288436889648438,,ok,False,ok,500,360
exp_b,exp_b__gsm8k_test_001263__irrelevant_context__no_think,gsm8k_test_001263,no_think,irrelevant_context,,answer_segment,13,10,False,61,61,True,11.167166709899902,,ok,False,ok,500,360
exp_b,exp_b__gsm8k_test_001263__irrelevant_context__no_think,gsm8k_test_001263,no_think,irrelevant_context,,answer_segment,20,10,False,61,61,True,11.623003959655762,,ok,False,ok,500,360
exp_b,exp_b__gsm8k_test_001263__repetitive_filler__no_think,gsm8k_test_001263,no_think,repetitive_filler,,full_output,6,10,False,70,70,True,16.41683578491211,,ok,False,ok,500,480
exp_b,exp_b__gsm8k_test_001263__repetitive_filler__no_think,gsm8k_test_001263,no_think,repetitive_filler,,full_output,13,10,False,70,70,True,11.160747528076172,,ok,False,ok,500,480
exp_b,exp_b__gsm8k_test_001263__repetitive_filler__no_think,gsm8k_test_001263,no_think,repetitive_filler,,full_output,20,10,False,70,70,True,11.437077522277832,,ok,False,ok,500,480
exp_b,exp_b__gsm8k_test_001263__repetitive_filler__no_think,gsm8k_test_001263,no_think,repetitive_filler,,answer_segment,6,10,False,70,70,True,16.41683578491211,,ok,False,ok,500,480
exp_b,exp_b__gsm8k_test_001263__repetitive_filler__no_think,gsm8k_test_001263,no_think,repetitive_filler,,answer_segment,13,10,False,70,70,True,11.160747528076172,,ok,False,ok,500,480
exp_b,exp_b__gsm8k_test_001263__repetitive_filler__no_think,gsm8k_test_001263,no_think,repetitive_filler,,answer_segment,20,10,False,70,70,True,11.437077522277832,,ok,False,ok,500,480
exp_b,exp_b__gsm8k_test_001276__canonical__no_think,gsm8k_test_001276,no_think,canonical,,full_output,6,10,False,32,32,True,11.677665710449219,,ok,True,ok,70,70
exp_b,exp_b__gsm8k_test_001276__canonical__no_think,gsm8k_test_001276,no_think,canonical,,full_output,13,10,False,32,32,True,10.757651329040527,,ok,True,ok,70,70
exp_b,exp_b__gsm8k_test_001276__canonical__no_think,gsm8k_test_001276,no_think,canonical,,full_output,20,10,False,32,32,True,11.01391887664795,,ok,True,ok,70,70
exp_b,exp_b__gsm8k_test_001276__canonical__no_think,gsm8k_test_001276,no_think,canonical,,answer_segment,6,10,False,32,32,True,11.677665710449219,,ok,True,ok,70,70
exp_b,exp_b__gsm8k_test_001276__canonical__no_think,gsm8k_test_001276,no_think,canonical,,answer_segment,13,10,False,32,32,True,10.757651329040527,,ok,True,ok,70,70
exp_b,exp_b__gsm8k_test_001276__canonical__no_think,gsm8k_test_001276,no_think,canonical,,answer_segment,20,10,False,32,32,True,11.01391887664795,,ok,True,ok,70,70
exp_b,exp_b__gsm8k_test_001276__irrelevant_context__no_think,gsm8k_test_001276,no_think,irrelevant_context,,full_output,6,10,False,33,33,True,12.334756851196289,,ok,True,ok,70,70
exp_b,exp_b__gsm8k_test_001276__irrelevant_context__no_think,gsm8k_test_001276,no_think,irrelevant_context,,full_output,13,10,False,33,33,True,11.388164520263672,,ok,True,ok,70,70
exp_b,exp_b__gsm8k_test_001276__irrelevant_context__no_think,gsm8k_test_001276,no_think,irrelevant_context,,full_output,20,10,False,33,33,True,11.053669929504395,,ok,True,ok,70,70
exp_b,exp_b__gsm8k_test_001276__irrelevant_context__no_think,gsm8k_test_001276,no_think,irrelevant_context,,answer_segment,6,10,False,33,33,True,12.334756851196289,,ok,True,ok,70,70
exp_b,exp_b__gsm8k_test_001276__irrelevant_context__no_think,gsm8k_test_001276,no_think,irrelevant_context,,answer_segment,13,10,False,33,33,True,11.388164520263672,,ok,True,ok,70,70
exp_b,exp_b__gsm8k_test_001276__irrelevant_context__no_think,gsm8k_test_001276,no_think,irrelevant_context,,answer_segment,20,10,False,33,33,True,11.053669929504395,,ok,True,ok,70,70
exp_b,exp_b__gsm8k_test_001276__repetitive_filler__no_think,gsm8k_test_001276,no_think,repetitive_filler,,full_output,6,10,False,32,32,True,11.952018737792969,,ok,True,ok,70,70
exp_b,exp_b__gsm8k_test_001276__repetitive_filler__no_think,gsm8k_test_001276,no_think,repetitive_filler,,full_output,13,10,False,32,32,True,11.04835319519043,,ok,True,ok,70,70
exp_b,exp_b__gsm8k_test_001276__repetitive_filler__no_think,gsm8k_test_001276,no_think,repetitive_filler,,full_output,20,10,False,32,32,True,10.99599838256836,,ok,True,ok,70,70
exp_b,exp_b__gsm8k_test_001276__repetitive_filler__no_think,gsm8k_test_001276,no_think,repetitive_filler,,answer_segment,6,10,False,32,32,True,11.952018737792969,,ok,True,ok,70,70
exp_b,exp_b__gsm8k_test_001276__repetitive_filler__no_think,gsm8k_test_001276,no_think,repetitive_filler,,answer_segment,13,10,False,32,32,True,11.04835319519043,,ok,True,ok,70,70
exp_b,exp_b__gsm8k_test_001276__repetitive_filler__no_think,gsm8k_test_001276,no_think,repetitive_filler,,answer_segment,20,10,False,32,32,True,10.99599838256836,,ok,True,ok,70,70
exp_b,exp_b__gsm8k_test_001277__canonical__no_think,gsm8k_test_001277,no_think,canonical,,full_output,6,10,False,49,49,True,10.611479759216309,,ok,True,ok,48,48
exp_b,exp_b__gsm8k_test_001277__canonical__no_think,gsm8k_test_001277,no_think,canonical,,full_output,13,10,False,49,49,True,11.359724044799805,,ok,True,ok,48,48
exp_b,exp_b__gsm8k_test_001277__canonical__no_think,gsm8k_test_001277,no_think,canonical,,full_output,20,10,False,49,49,True,11.159324645996094,,ok,True,ok,48,48
exp_b,exp_b__gsm8k_test_001277__canonical__no_think,gsm8k_test_001277,no_think,canonical,,answer_segment,6,10,False,49,49,True,10.611479759216309,,ok,True,ok,48,48
exp_b,exp_b__gsm8k_test_001277__canonical__no_think,gsm8k_test_001277,no_think,canonical,,answer_segment,13,10,False,49,49,True,11.359724044799805,,ok,True,ok,48,48
exp_b,exp_b__gsm8k_test_001277__canonical__no_think,gsm8k_test_001277,no_think,canonical,,answer_segment,20,10,False,49,49,True,11.159324645996094,,ok,True,ok,48,48
exp_b,exp_b__gsm8k_test_001277__irrelevant_context__no_think,gsm8k_test_001277,no_think,irrelevant_context,,full_output,6,10,False,49,49,True,10.507328987121582,,ok,True,ok,48,48
exp_b,exp_b__gsm8k_test_001277__irrelevant_context__no_think,gsm8k_test_001277,no_think,irrelevant_context,,full_output,13,10,False,49,49,True,11.178897857666016,,ok,True,ok,48,48
exp_b,exp_b__gsm8k_test_001277__irrelevant_context__no_think,gsm8k_test_001277,no_think,irrelevant_context,,full_output,20,10,False,49,49,True,11.143335342407227,,ok,True,ok,48,48
exp_b,exp_b__gsm8k_test_001277__irrelevant_context__no_think,gsm8k_test_001277,no_think,irrelevant_context,,answer_segment,6,10,False,49,49,True,10.507328987121582,,ok,True,ok,48,48
exp_b,exp_b__gsm8k_test_001277__irrelevant_context__no_think,gsm8k_test_001277,no_think,irrelevant_context,,answer_segment,13,10,False,49,49,True,11.178897857666016,,ok,True,ok,48,48
exp_b,exp_b__gsm8k_test_001277__irrelevant_context__no_think,gsm8k_test_001277,no_think,irrelevant_context,,answer_segment,20,10,False,49,49,True,11.143335342407227,,ok,True,ok,48,48
exp_b,exp_b__gsm8k_test_001277__repetitive_filler__no_think,gsm8k_test_001277,no_think,repetitive_filler,,full_output,6,10,False,49,49,True,10.57463264465332,,ok,True,ok,48,48
exp_b,exp_b__gsm8k_test_001277__repetitive_filler__no_think,gsm8k_test_001277,no_think,repetitive_filler,,full_output,13,10,False,49,49,True,11.371634483337402,,ok,True,ok,48,48
exp_b,exp_b__gsm8k_test_001277__repetitive_filler__no_think,gsm8k_test_001277,no_think,repetitive_filler,,full_output,20,10,False,49,49,True,11.334068298339844,,ok,True,ok,48,48
exp_b,exp_b__gsm8k_test_001277__repetitive_filler__no_think,gsm8k_test_001277,no_think,repetitive_filler,,answer_segment,6,10,False,49,49,True,10.57463264465332,,ok,True,ok,48,48
exp_b,exp_b__gsm8k_test_001277__repetitive_filler__no_think,gsm8k_test_001277,no_think,repetitive_filler,,answer_segment,13,10,False,49,49,True,11.371634483337402,,ok,True,ok,48,48
exp_b,exp_b__gsm8k_test_001277__repetitive_filler__no_think,gsm8k_test_001277,no_think,repetitive_filler,,answer_segment,20,10,False,49,49,True,11.334068298339844,,ok,True,ok,48,48
exp_b,exp_b__gsm8k_test_001278__canonical__no_think,gsm8k_test_001278,no_think,canonical,,full_output,6,10,False,49,49,True,12.302776336669922,,ok,True,ok,665,665
exp_b,exp_b__gsm8k_test_001278__canonical__no_think,gsm8k_test_001278,no_think,canonical,,full_output,13,10,False,49,49,True,10.371251106262207,,ok,True,ok,665,665
exp_b,exp_b__gsm8k_test_001278__canonical__no_think,gsm8k_test_001278,no_think,canonical,,full_output,20,10,False,49,49,True,11.608777046203613,,ok,True,ok,665,665
exp_b,exp_b__gsm8k_test_001278__canonical__no_think,gsm8k_test_001278,no_think,canonical,,answer_segment,6,10,False,49,49,True,12.302776336669922,,ok,True,ok,665,665
exp_b,exp_b__gsm8k_test_001278__canonical__no_think,gsm8k_test_001278,no_think,canonical,,answer_segment,13,10,False,49,49,True,10.371251106262207,,ok,True,ok,665,665
exp_b,exp_b__gsm8k_test_001278__canonical__no_think,gsm8k_test_001278,no_think,canonical,,answer_segment,20,10,False,49,49,True,11.608777046203613,,ok,True,ok,665,665
exp_b,exp_b__gsm8k_test_001278__irrelevant_context__no_think,gsm8k_test_001278,no_think,irrelevant_context,,full_output,6,10,False,48,48,True,12.200793266296387,,ok,True,ok,665,665
exp_b,exp_b__gsm8k_test_001278__irrelevant_context__no_think,gsm8k_test_001278,no_think,irrelevant_context,,full_output,13,10,False,48,48,True,9.90021800994873,,ok,True,ok,665,665
exp_b,exp_b__gsm8k_test_001278__irrelevant_context__no_think,gsm8k_test_001278,no_think,irrelevant_context,,full_output,20,10,False,48,48,True,11.408236503601074,,ok,True,ok,665,665
exp_b,exp_b__gsm8k_test_001278__irrelevant_context__no_think,gsm8k_test_001278,no_think,irrelevant_context,,answer_segment,6,10,False,48,48,True,12.200793266296387,,ok,True,ok,665,665
exp_b,exp_b__gsm8k_test_001278__irrelevant_context__no_think,gsm8k_test_001278,no_think,irrelevant_context,,answer_segment,13,10,False,48,48,True,9.90021800994873,,ok,True,ok,665,665
exp_b,exp_b__gsm8k_test_001278__irrelevant_context__no_think,gsm8k_test_001278,no_think,irrelevant_context,,answer_segment,20,10,False,48,48,True,11.408236503601074,,ok,True,ok,665,665
exp_b,exp_b__gsm8k_test_001278__repetitive_filler__no_think,gsm8k_test_001278,no_think,repetitive_filler,,full_output,6,10,False,49,49,True,11.971161842346191,,ok,True,ok,665,665
exp_b,exp_b__gsm8k_test_001278__repetitive_filler__no_think,gsm8k_test_001278,no_think,repetitive_filler,,full_output,13,10,False,49,49,True,10.385224342346191,,ok,True,ok,665,665
exp_b,exp_b__gsm8k_test_001278__repetitive_filler__no_think,gsm8k_test_001278,no_think,repetitive_filler,,full_output,20,10,False,49,49,True,11.806285858154297,,ok,True,ok,665,665
exp_b,exp_b__gsm8k_test_001278__repetitive_filler__no_think,gsm8k_test_001278,no_think,repetitive_filler,,answer_segment,6,10,False,49,49,True,11.971161842346191,,ok,True,ok,665,665
exp_b,exp_b__gsm8k_test_001278__repetitive_filler__no_think,gsm8k_test_001278,no_think,repetitive_filler,,answer_segment,13,10,False,49,49,True,10.385224342346191,,ok,True,ok,665,665
exp_b,exp_b__gsm8k_test_001278__repetitive_filler__no_think,gsm8k_test_001278,no_think,repetitive_filler,,answer_segment,20,10,False,49,49,True,11.806285858154297,,ok,True,ok,665,665
exp_b,exp_b__gsm8k_test_001281__canonical__no_think,gsm8k_test_001281,no_think,canonical,,full_output,6,10,False,57,57,True,15.518206596374512,,ok,False,ok,20,300
exp_b,exp_b__gsm8k_test_001281__canonical__no_think,gsm8k_test_001281,no_think,canonical,,full_output,13,10,False,57,57,True,13.208433151245117,,ok,False,ok,20,300
exp_b,exp_b__gsm8k_test_001281__canonical__no_think,gsm8k_test_001281,no_think,canonical,,full_output,20,10,False,57,57,True,11.988912582397461,,ok,False,ok,20,300
exp_b,exp_b__gsm8k_test_001281__canonical__no_think,gsm8k_test_001281,no_think,canonical,,answer_segment,6,10,False,57,57,True,15.518206596374512,,ok,False,ok,20,300
exp_b,exp_b__gsm8k_test_001281__canonical__no_think,gsm8k_test_001281,no_think,canonical,,answer_segment,13,10,False,57,57,True,13.208433151245117,,ok,False,ok,20,300
exp_b,exp_b__gsm8k_test_001281__canonical__no_think,gsm8k_test_001281,no_think,canonical,,answer_segment,20,10,False,57,57,True,11.988912582397461,,ok,False,ok,20,300
exp_b,exp_b__gsm8k_test_001281__irrelevant_context__no_think,gsm8k_test_001281,no_think,irrelevant_context,,full_output,6,10,False,51,51,True,16.04161262512207,,ok,False,ok,20,100
exp_b,exp_b__gsm8k_test_001281__irrelevant_context__no_think,gsm8k_test_001281,no_think,irrelevant_context,,full_output,13,10,False,51,51,True,11.52206802368164,,ok,False,ok,20,100
exp_b,exp_b__gsm8k_test_001281__irrelevant_context__no_think,gsm8k_test_001281,no_think,irrelevant_context,,full_output,20,10,False,51,51,True,10.961997032165527,,ok,False,ok,20,100
exp_b,exp_b__gsm8k_test_001281__irrelevant_context__no_think,gsm8k_test_001281,no_think,irrelevant_context,,answer_segment,6,10,False,51,51,True,16.04161262512207,,ok,False,ok,20,100
exp_b,exp_b__gsm8k_test_001281__irrelevant_context__no_think,gsm8k_test_001281,no_think,irrelevant_context,,answer_segment,13,10,False,51,51,True,11.52206802368164,,ok,False,ok,20,100
exp_b,exp_b__gsm8k_test_001281__irrelevant_context__no_think,gsm8k_test_001281,no_think,irrelevant_context,,answer_segment,20,10,False,51,51,True,10.961997032165527,,ok,False,ok,20,100
exp_b,exp_b__gsm8k_test_001281__repetitive_filler__no_think,gsm8k_test_001281,no_think,repetitive_filler,,full_output,6,10,False,56,56,True,14.628440856933594,,ok,True,ok,20,20
exp_b,exp_b__gsm8k_test_001281__repetitive_filler__no_think,gsm8k_test_001281,no_think,repetitive_filler,,full_output,13,10,False,56,56,True,13.004264831542969,,ok,True,ok,20,20
exp_b,exp_b__gsm8k_test_001281__repetitive_filler__no_think,gsm8k_test_001281,no_think,repetitive_filler,,full_output,20,10,False,56,56,True,12.166292190551758,,ok,True,ok,20,20
exp_b,exp_b__gsm8k_test_001281__repetitive_filler__no_think,gsm8k_test_001281,no_think,repetitive_filler,,answer_segment,6,10,False,56,56,True,14.628440856933594,,ok,True,ok,20,20
exp_b,exp_b__gsm8k_test_001281__repetitive_filler__no_think,gsm8k_test_001281,no_think,repetitive_filler,,answer_segment,13,10,False,56,56,True,13.004264831542969,,ok,True,ok,20,20
exp_b,exp_b__gsm8k_test_001281__repetitive_filler__no_think,gsm8k_test_001281,no_think,repetitive_filler,,answer_segment,20,10,False,56,56,True,12.166292190551758,,ok,True,ok,20,20
exp_b,exp_b__gsm8k_test_001286__canonical__no_think,gsm8k_test_001286,no_think,canonical,,full_output,6,10,False,57,57,True,12.672950744628906,,ok,True,ok,105,105
exp_b,exp_b__gsm8k_test_001286__canonical__no_think,gsm8k_test_001286,no_think,canonical,,full_output,13,10,False,57,57,True,10.3751802444458,,ok,True,ok,105,105
exp_b,exp_b__gsm8k_test_001286__canonical__no_think,gsm8k_test_001286,no_think,canonical,,full_output,20,10,False,57,57,True,11.059596061706543,,ok,True,ok,105,105
exp_b,exp_b__gsm8k_test_001286__canonical__no_think,gsm8k_test_001286,no_think,canonical,,answer_segment,6,10,False,57,57,True,12.672950744628906,,ok,True,ok,105,105
exp_b,exp_b__gsm8k_test_001286__canonical__no_think,gsm8k_test_001286,no_think,canonical,,answer_segment,13,10,False,57,57,True,10.3751802444458,,ok,True,ok,105,105
exp_b,exp_b__gsm8k_test_001286__canonical__no_think,gsm8k_test_001286,no_think,canonical,,answer_segment,20,10,False,57,57,True,11.059596061706543,,ok,True,ok,105,105
exp_b,exp_b__gsm8k_test_001286__irrelevant_context__no_think,gsm8k_test_001286,no_think,irrelevant_context,,full_output,6,10,False,60,60,True,14.194064140319824,,ok,False,ok,105,115
exp_b,exp_b__gsm8k_test_001286__irrelevant_context__no_think,gsm8k_test_001286,no_think,irrelevant_context,,full_output,13,10,False,60,60,True,11.155069351196289,,ok,False,ok,105,115
exp_b,exp_b__gsm8k_test_001286__irrelevant_context__no_think,gsm8k_test_001286,no_think,irrelevant_context,,full_output,20,10,False,60,60,True,11.562838554382324,,ok,False,ok,105,115
exp_b,exp_b__gsm8k_test_001286__irrelevant_context__no_think,gsm8k_test_001286,no_think,irrelevant_context,,answer_segment,6,10,False,60,60,True,14.194064140319824,,ok,False,ok,105,115
exp_b,exp_b__gsm8k_test_001286__irrelevant_context__no_think,gsm8k_test_001286,no_think,irrelevant_context,,answer_segment,13,10,False,60,60,True,11.155069351196289,,ok,False,ok,105,115
exp_b,exp_b__gsm8k_test_001286__irrelevant_context__no_think,gsm8k_test_001286,no_think,irrelevant_context,,answer_segment,20,10,False,60,60,True,11.562838554382324,,ok,False,ok,105,115
exp_b,exp_b__gsm8k_test_001286__repetitive_filler__no_think,gsm8k_test_001286,no_think,repetitive_filler,,full_output,6,10,False,56,56,True,14.308585166931152,,ok,True,ok,105,105
exp_b,exp_b__gsm8k_test_001286__repetitive_filler__no_think,gsm8k_test_001286,no_think,repetitive_filler,,full_output,13,10,False,56,56,True,11.488715171813965,,ok,True,ok,105,105
exp_b,exp_b__gsm8k_test_001286__repetitive_filler__no_think,gsm8k_test_001286,no_think,repetitive_filler,,full_output,20,10,False,56,56,True,12.026308059692383,,ok,True,ok,105,105
exp_b,exp_b__gsm8k_test_001286__repetitive_filler__no_think,gsm8k_test_001286,no_think,repetitive_filler,,answer_segment,6,10,False,56,56,True,14.308585166931152,,ok,True,ok,105,105
exp_b,exp_b__gsm8k_test_001286__repetitive_filler__no_think,gsm8k_test_001286,no_think,repetitive_filler,,answer_segment,13,10,False,56,56,True,11.488715171813965,,ok,True,ok,105,105
exp_b,exp_b__gsm8k_test_001286__repetitive_filler__no_think,gsm8k_test_001286,no_think,repetitive_filler,,answer_segment,20,10,False,56,56,True,12.026308059692383,,ok,True,ok,105,105
exp_b,exp_b__gsm8k_test_001298__canonical__no_think,gsm8k_test_001298,no_think,canonical,,full_output,6,10,False,76,76,True,11.374445915222168,,ok,False,ok,31,97.75
exp_b,exp_b__gsm8k_test_001298__canonical__no_think,gsm8k_test_001298,no_think,canonical,,full_output,13,10,False,76,76,True,9.813570022583008,,ok,False,ok,31,97.75
exp_b,exp_b__gsm8k_test_001298__canonical__no_think,gsm8k_test_001298,no_think,canonical,,full_output,20,10,False,76,76,True,10.012621879577637,,ok,False,ok,31,97.75
exp_b,exp_b__gsm8k_test_001298__canonical__no_think,gsm8k_test_001298,no_think,canonical,,answer_segment,6,10,False,76,76,True,11.374445915222168,,ok,False,ok,31,97.75
exp_b,exp_b__gsm8k_test_001298__canonical__no_think,gsm8k_test_001298,no_think,canonical,,answer_segment,13,10,False,76,76,True,9.813570022583008,,ok,False,ok,31,97.75
exp_b,exp_b__gsm8k_test_001298__canonical__no_think,gsm8k_test_001298,no_think,canonical,,answer_segment,20,10,False,76,76,True,10.012621879577637,,ok,False,ok,31,97.75
exp_b,exp_b__gsm8k_test_001298__irrelevant_context__no_think,gsm8k_test_001298,no_think,irrelevant_context,,full_output,6,10,False,76,76,True,11.640778541564941,,ok,False,ok,31,96.55
exp_b,exp_b__gsm8k_test_001298__irrelevant_context__no_think,gsm8k_test_001298,no_think,irrelevant_context,,full_output,13,10,False,76,76,True,9.940040588378906,,ok,False,ok,31,96.55
exp_b,exp_b__gsm8k_test_001298__irrelevant_context__no_think,gsm8k_test_001298,no_think,irrelevant_context,,full_output,20,10,False,76,76,True,9.760165214538574,,ok,False,ok,31,96.55
exp_b,exp_b__gsm8k_test_001298__irrelevant_context__no_think,gsm8k_test_001298,no_think,irrelevant_context,,answer_segment,6,10,False,76,76,True,11.640778541564941,,ok,False,ok,31,96.55
exp_b,exp_b__gsm8k_test_001298__irrelevant_context__no_think,gsm8k_test_001298,no_think,irrelevant_context,,answer_segment,13,10,False,76,76,True,9.940040588378906,,ok,False,ok,31,96.55
exp_b,exp_b__gsm8k_test_001298__irrelevant_context__no_think,gsm8k_test_001298,no_think,irrelevant_context,,answer_segment,20,10,False,76,76,True,9.760165214538574,,ok,False,ok,31,96.55
exp_b,exp_b__gsm8k_test_001298__repetitive_filler__no_think,gsm8k_test_001298,no_think,repetitive_filler,,full_output,6,10,False,76,76,True,11.863447189331055,,ok,False,ok,31,96.55
exp_b,exp_b__gsm8k_test_001298__repetitive_filler__no_think,gsm8k_test_001298,no_think,repetitive_filler,,full_output,13,10,False,76,76,True,9.956064224243164,,ok,False,ok,31,96.55
exp_b,exp_b__gsm8k_test_001298__repetitive_filler__no_think,gsm8k_test_001298,no_think,repetitive_filler,,full_output,20,10,False,76,76,True,9.311698913574219,,ok,False,ok,31,96.55
exp_b,exp_b__gsm8k_test_001298__repetitive_filler__no_think,gsm8k_test_001298,no_think,repetitive_filler,,answer_segment,6,10,False,76,76,True,11.863447189331055,,ok,False,ok,31,96.55
exp_b,exp_b__gsm8k_test_001298__repetitive_filler__no_think,gsm8k_test_001298,no_think,repetitive_filler,,answer_segment,13,10,False,76,76,True,9.956064224243164,,ok,False,ok,31,96.55
exp_b,exp_b__gsm8k_test_001298__repetitive_filler__no_think,gsm8k_test_001298,no_think,repetitive_filler,,answer_segment,20,10,False,76,76,True,9.311698913574219,,ok,False,ok,31,96.55
exp_b,exp_b__gsm8k_test_001305__canonical__no_think,gsm8k_test_001305,no_think,canonical,,full_output,6,10,False,54,54,True,15.253278732299805,,ok,True,ok,2325,2325
exp_b,exp_b__gsm8k_test_001305__canonical__no_think,gsm8k_test_001305,no_think,canonical,,full_output,13,10,False,54,54,True,11.004929542541504,,ok,True,ok,2325,2325
exp_b,exp_b__gsm8k_test_001305__canonical__no_think,gsm8k_test_001305,no_think,canonical,,full_output,20,10,False,54,54,True,11.392075538635254,,ok,True,ok,2325,2325
exp_b,exp_b__gsm8k_test_001305__canonical__no_think,gsm8k_test_001305,no_think,canonical,,answer_segment,6,10,False,54,54,True,15.253278732299805,,ok,True,ok,2325,2325
exp_b,exp_b__gsm8k_test_001305__canonical__no_think,gsm8k_test_001305,no_think,canonical,,answer_segment,13,10,False,54,54,True,11.004929542541504,,ok,True,ok,2325,2325
exp_b,exp_b__gsm8k_test_001305__canonical__no_think,gsm8k_test_001305,no_think,canonical,,answer_segment,20,10,False,54,54,True,11.392075538635254,,ok,True,ok,2325,2325
exp_b,exp_b__gsm8k_test_001305__irrelevant_context__no_think,gsm8k_test_001305,no_think,irrelevant_context,,full_output,6,10,False,56,56,True,13.94210147857666,,ok,True,ok,2325,2325
exp_b,exp_b__gsm8k_test_001305__irrelevant_context__no_think,gsm8k_test_001305,no_think,irrelevant_context,,full_output,13,10,False,56,56,True,10.412429809570312,,ok,True,ok,2325,2325
exp_b,exp_b__gsm8k_test_001305__irrelevant_context__no_think,gsm8k_test_001305,no_think,irrelevant_context,,full_output,20,10,False,56,56,True,10.723095893859863,,ok,True,ok,2325,2325
exp_b,exp_b__gsm8k_test_001305__irrelevant_context__no_think,gsm8k_test_001305,no_think,irrelevant_context,,answer_segment,6,10,False,56,56,True,13.94210147857666,,ok,True,ok,2325,2325
exp_b,exp_b__gsm8k_test_001305__irrelevant_context__no_think,gsm8k_test_001305,no_think,irrelevant_context,,answer_segment,13,10,False,56,56,True,10.412429809570312,,ok,True,ok,2325,2325
exp_b,exp_b__gsm8k_test_001305__irrelevant_context__no_think,gsm8k_test_001305,no_think,irrelevant_context,,answer_segment,20,10,False,56,56,True,10.723095893859863,,ok,True,ok,2325,2325
exp_b,exp_b__gsm8k_test_001305__repetitive_filler__no_think,gsm8k_test_001305,no_think,repetitive_filler,,full_output,6,10,False,54,54,True,15.029638290405273,,ok,True,ok,2325,2325
exp_b,exp_b__gsm8k_test_001305__repetitive_filler__no_think,gsm8k_test_001305,no_think,repetitive_filler,,full_output,13,10,False,54,54,True,10.957795143127441,,ok,True,ok,2325,2325
exp_b,exp_b__gsm8k_test_001305__repetitive_filler__no_think,gsm8k_test_001305,no_think,repetitive_filler,,full_output,20,10,False,54,54,True,11.531763076782227,,ok,True,ok,2325,2325
exp_b,exp_b__gsm8k_test_001305__repetitive_filler__no_think,gsm8k_test_001305,no_think,repetitive_filler,,answer_segment,6,10,False,54,54,True,15.029638290405273,,ok,True,ok,2325,2325
exp_b,exp_b__gsm8k_test_001305__repetitive_filler__no_think,gsm8k_test_001305,no_think,repetitive_filler,,answer_segment,13,10,False,54,54,True,10.957795143127441,,ok,True,ok,2325,2325
exp_b,exp_b__gsm8k_test_001305__repetitive_filler__no_think,gsm8k_test_001305,no_think,repetitive_filler,,answer_segment,20,10,False,54,54,True,11.531763076782227,,ok,True,ok,2325,2325
exp_b,exp_b__gsm8k_test_001318__canonical__no_think,gsm8k_test_001318,no_think,canonical,,full_output,6,10,False,34,34,True,11.25692081451416,,ok,True,ok,14,14
exp_b,exp_b__gsm8k_test_001318__canonical__no_think,gsm8k_test_001318,no_think,canonical,,full_output,13,10,False,34,34,True,11.689131736755371,,ok,True,ok,14,14
exp_b,exp_b__gsm8k_test_001318__canonical__no_think,gsm8k_test_001318,no_think,canonical,,full_output,20,10,False,34,34,True,12.44345474243164,,ok,True,ok,14,14
exp_b,exp_b__gsm8k_test_001318__canonical__no_think,gsm8k_test_001318,no_think,canonical,,answer_segment,6,10,False,34,34,True,11.25692081451416,,ok,True,ok,14,14
exp_b,exp_b__gsm8k_test_001318__canonical__no_think,gsm8k_test_001318,no_think,canonical,,answer_segment,13,10,False,34,34,True,11.689131736755371,,ok,True,ok,14,14
exp_b,exp_b__gsm8k_test_001318__canonical__no_think,gsm8k_test_001318,no_think,canonical,,answer_segment,20,10,False,34,34,True,12.44345474243164,,ok,True,ok,14,14
exp_b,exp_b__gsm8k_test_001318__irrelevant_context__no_think,gsm8k_test_001318,no_think,irrelevant_context,,full_output,6,10,False,32,32,True,10.388371467590332,,ok,True,ok,14,14
exp_b,exp_b__gsm8k_test_001318__irrelevant_context__no_think,gsm8k_test_001318,no_think,irrelevant_context,,full_output,13,10,False,32,32,True,11.932494163513184,,ok,True,ok,14,14
exp_b,exp_b__gsm8k_test_001318__irrelevant_context__no_think,gsm8k_test_001318,no_think,irrelevant_context,,full_output,20,10,False,32,32,True,11.481422424316406,,ok,True,ok,14,14
exp_b,exp_b__gsm8k_test_001318__irrelevant_context__no_think,gsm8k_test_001318,no_think,irrelevant_context,,answer_segment,6,10,False,32,32,True,10.388371467590332,,ok,True,ok,14,14
exp_b,exp_b__gsm8k_test_001318__irrelevant_context__no_think,gsm8k_test_001318,no_think,irrelevant_context,,answer_segment,13,10,False,32,32,True,11.932494163513184,,ok,True,ok,14,14
exp_b,exp_b__gsm8k_test_001318__irrelevant_context__no_think,gsm8k_test_001318,no_think,irrelevant_context,,answer_segment,20,10,False,32,32,True,11.481422424316406,,ok,True,ok,14,14
exp_b,exp_b__gsm8k_test_001318__repetitive_filler__no_think,gsm8k_test_001318,no_think,repetitive_filler,,full_output,6,10,False,33,33,True,11.192550659179688,,ok,True,ok,14,14
exp_b,exp_b__gsm8k_test_001318__repetitive_filler__no_think,gsm8k_test_001318,no_think,repetitive_filler,,full_output,13,10,False,33,33,True,11.623080253601074,,ok,True,ok,14,14
exp_b,exp_b__gsm8k_test_001318__repetitive_filler__no_think,gsm8k_test_001318,no_think,repetitive_filler,,full_output,20,10,False,33,33,True,12.057291984558105,,ok,True,ok,14,14
exp_b,exp_b__gsm8k_test_001318__repetitive_filler__no_think,gsm8k_test_001318,no_think,repetitive_filler,,answer_segment,6,10,False,33,33,True,11.192550659179688,,ok,True,ok,14,14
exp_b,exp_b__gsm8k_test_001318__repetitive_filler__no_think,gsm8k_test_001318,no_think,repetitive_filler,,answer_segment,13,10,False,33,33,True,11.623080253601074,,ok,True,ok,14,14
exp_b,exp_b__gsm8k_test_001318__repetitive_filler__no_think,gsm8k_test_001318,no_think,repetitive_filler,,answer_segment,20,10,False,33,33,True,12.057291984558105,,ok,True,ok,14,14
