experiment,condition_id,example_id,mode,prompt_variant,family,segment,layer,k,normalize_hidden_states,token_count,valid_token_count,valid,mean_lid,invalid_reason,segment_parse_status,correct,answer_parse_status,gold_answer,model_answer
exp_c,exp_c__gsm8k_test_000003__think,gsm8k_test_000003,think,canonical,,full_output,6,10,False,241,241,True,11.88887882232666,,ok,True,ok,540,540
exp_c,exp_c__gsm8k_test_000003__think,gsm8k_test_000003,think,canonical,,full_output,13,10,False,241,241,True,9.597811698913574,,ok,True,ok,540,540
exp_c,exp_c__gsm8k_test_000003__think,gsm8k_test_000003,think,canonical,,full_output,20,10,False,241,241,True,10.220677375793457,,ok,True,ok,540,540
exp_c,exp_c__gsm8k_test_000003__think,gsm8k_test_000003,think,canonical,,thinking_segment,6,10,False,194,194,True,11.348064422607422,,ok_qwen_token_boundary,True,ok,540,540
exp_c,exp_c__gsm8k_test_000003__think,gsm8k_test_000003,think,canonical,,thinking_segment,13,10,False,194,194,True,9.60835075378418,,ok_qwen_token_boundary,True,ok,540,540
exp_c,exp_c__gsm8k_test_000003__think,gsm8k_test_000003,think,canonical,,thinking_segment,20,10,False,194,194,True,10.286572456359863,,ok_qwen_token_boundary,True,ok,540,540
exp_c,exp_c__gsm8k_test_000003__think,gsm8k_test_000003,think,canonical,,answer_segment,6,10,False,47,47,True,10.172750473022461,,ok_qwen_token_boundary,True,ok,540,540
exp_c,exp_c__gsm8k_test_000003__think,gsm8k_test_000003,think,canonical,,answer_segment,13,10,False,47,47,True,11.241811752319336,,ok_qwen_token_boundary,True,ok,540,540
exp_c,exp_c__gsm8k_test_000003__think,gsm8k_test_000003,think,canonical,,answer_segment,20,10,False,47,47,True,11.597207069396973,,ok_qwen_token_boundary,True,ok,540,540
exp_c,exp_c__gsm8k_test_000003__no_think,gsm8k_test_000003,no_think,canonical,,full_output,6,10,False,60,60,True,11.307692527770996,,ok,True,ok,540,540
exp_c,exp_c__gsm8k_test_000003__no_think,gsm8k_test_000003,no_think,canonical,,full_output,13,10,False,60,60,True,10.882772445678711,,ok,True,ok,540,540
exp_c,exp_c__gsm8k_test_000003__no_think,gsm8k_test_000003,no_think,canonical,,full_output,20,10,False,60,60,True,11.250327110290527,,ok,True,ok,540,540
exp_c,exp_c__gsm8k_test_000003__no_think,gsm8k_test_000003,no_think,canonical,,answer_segment,6,10,False,60,60,True,11.307692527770996,,ok,True,ok,540,540
exp_c,exp_c__gsm8k_test_000003__no_think,gsm8k_test_000003,no_think,canonical,,answer_segment,13,10,False,60,60,True,10.882772445678711,,ok,True,ok,540,540
exp_c,exp_c__gsm8k_test_000003__no_think,gsm8k_test_000003,no_think,canonical,,answer_segment,20,10,False,60,60,True,11.250327110290527,,ok,True,ok,540,540
exp_c,exp_c__gsm8k_test_000007__think,gsm8k_test_000007,think,canonical,,full_output,6,10,False,472,472,True,14.097627639770508,,ok,True,ok,160,160
exp_c,exp_c__gsm8k_test_000007__think,gsm8k_test_000007,think,canonical,,full_output,13,10,False,472,472,True,10.422472953796387,,ok,True,ok,160,160
exp_c,exp_c__gsm8k_test_000007__think,gsm8k_test_000007,think,canonical,,full_output,20,10,False,472,472,True,19.966283798217773,,ok,True,ok,160,160
exp_c,exp_c__gsm8k_test_000007__think,gsm8k_test_000007,think,canonical,,thinking_segment,6,10,False,416,416,True,13.016641616821289,,ok_qwen_token_boundary,True,ok,160,160
exp_c,exp_c__gsm8k_test_000007__think,gsm8k_test_000007,think,canonical,,thinking_segment,13,10,False,416,416,True,10.220380783081055,,ok_qwen_token_boundary,True,ok,160,160
exp_c,exp_c__gsm8k_test_000007__think,gsm8k_test_000007,think,canonical,,thinking_segment,20,10,False,416,416,True,24.932344436645508,,ok_qwen_token_boundary,True,ok,160,160
exp_c,exp_c__gsm8k_test_000007__think,gsm8k_test_000007,think,canonical,,answer_segment,6,10,False,56,56,True,13.919528007507324,,ok_qwen_token_boundary,True,ok,160,160
exp_c,exp_c__gsm8k_test_000007__think,gsm8k_test_000007,think,canonical,,answer_segment,13,10,False,56,56,True,11.498530387878418,,ok_qwen_token_boundary,True,ok,160,160
exp_c,exp_c__gsm8k_test_000007__think,gsm8k_test_000007,think,canonical,,answer_segment,20,10,False,56,56,True,11.423871994018555,,ok_qwen_token_boundary,True,ok,160,160
exp_c,exp_c__gsm8k_test_000007__no_think,gsm8k_test_000007,no_think,canonical,,full_output,6,10,False,41,41,True,11.332721710205078,,ok,False,ok,160,120
exp_c,exp_c__gsm8k_test_000007__no_think,gsm8k_test_000007,no_think,canonical,,full_output,13,10,False,41,41,True,10.793726921081543,,ok,False,ok,160,120
exp_c,exp_c__gsm8k_test_000007__no_think,gsm8k_test_000007,no_think,canonical,,full_output,20,10,False,41,41,True,11.340173721313477,,ok,False,ok,160,120
exp_c,exp_c__gsm8k_test_000007__no_think,gsm8k_test_000007,no_think,canonical,,answer_segment,6,10,False,41,41,True,11.332721710205078,,ok,False,ok,160,120
exp_c,exp_c__gsm8k_test_000007__no_think,gsm8k_test_000007,no_think,canonical,,answer_segment,13,10,False,41,41,True,10.793726921081543,,ok,False,ok,160,120
exp_c,exp_c__gsm8k_test_000007__no_think,gsm8k_test_000007,no_think,canonical,,answer_segment,20,10,False,41,41,True,11.340173721313477,,ok,False,ok,160,120
exp_c,exp_c__gsm8k_test_000009__think,gsm8k_test_000009,think,canonical,,full_output,6,10,False,279,279,True,12.049178123474121,,ok,True,ok,460,460
exp_c,exp_c__gsm8k_test_000009__think,gsm8k_test_000009,think,canonical,,full_output,13,10,False,279,279,True,10.538344383239746,,ok,True,ok,460,460
exp_c,exp_c__gsm8k_test_000009__think,gsm8k_test_000009,think,canonical,,full_output,20,10,False,279,279,True,10.721980094909668,,ok,True,ok,460,460
exp_c,exp_c__gsm8k_test_000009__think,gsm8k_test_000009,think,canonical,,thinking_segment,6,10,False,233,233,True,13.196913719177246,,ok_qwen_token_boundary,True,ok,460,460
exp_c,exp_c__gsm8k_test_000009__think,gsm8k_test_000009,think,canonical,,thinking_segment,13,10,False,233,233,True,11.27985954284668,,ok_qwen_token_boundary,True,ok,460,460
exp_c,exp_c__gsm8k_test_000009__think,gsm8k_test_000009,think,canonical,,thinking_segment,20,10,False,233,233,True,11.497925758361816,,ok_qwen_token_boundary,True,ok,460,460
exp_c,exp_c__gsm8k_test_000009__think,gsm8k_test_000009,think,canonical,,answer_segment,6,10,False,46,46,True,12.23818302154541,,ok_qwen_token_boundary,True,ok,460,460
exp_c,exp_c__gsm8k_test_000009__think,gsm8k_test_000009,think,canonical,,answer_segment,13,10,False,46,46,True,12.777241706848145,,ok_qwen_token_boundary,True,ok,460,460
exp_c,exp_c__gsm8k_test_000009__think,gsm8k_test_000009,think,canonical,,answer_segment,20,10,False,46,46,True,10.80187702178955,,ok_qwen_token_boundary,True,ok,460,460
exp_c,exp_c__gsm8k_test_000009__no_think,gsm8k_test_000009,no_think,canonical,,full_output,6,10,False,40,40,True,12.504088401794434,,ok,True,ok,460,460
exp_c,exp_c__gsm8k_test_000009__no_think,gsm8k_test_000009,no_think,canonical,,full_output,13,10,False,40,40,True,11.461811065673828,,ok,True,ok,460,460
exp_c,exp_c__gsm8k_test_000009__no_think,gsm8k_test_000009,no_think,canonical,,full_output,20,10,False,40,40,True,10.891530990600586,,ok,True,ok,460,460
exp_c,exp_c__gsm8k_test_000009__no_think,gsm8k_test_000009,no_think,canonical,,answer_segment,6,10,False,40,40,True,12.504088401794434,,ok,True,ok,460,460
exp_c,exp_c__gsm8k_test_000009__no_think,gsm8k_test_000009,no_think,canonical,,answer_segment,13,10,False,40,40,True,11.461811065673828,,ok,True,ok,460,460
exp_c,exp_c__gsm8k_test_000009__no_think,gsm8k_test_000009,no_think,canonical,,answer_segment,20,10,False,40,40,True,10.891530990600586,,ok,True,ok,460,460
exp_c,exp_c__gsm8k_test_000028__think,gsm8k_test_000028,think,canonical,,full_output,6,10,False,242,242,True,13.730260848999023,,ok,True,ok,25,25
exp_c,exp_c__gsm8k_test_000028__think,gsm8k_test_000028,think,canonical,,full_output,13,10,False,242,242,True,10.492072105407715,,ok,True,ok,25,25
exp_c,exp_c__gsm8k_test_000028__think,gsm8k_test_000028,think,canonical,,full_output,20,10,False,242,242,True,10.994495391845703,,ok,True,ok,25,25
exp_c,exp_c__gsm8k_test_000028__think,gsm8k_test_000028,think,canonical,,thinking_segment,6,10,False,203,203,True,12.447469711303711,,ok_qwen_token_boundary,True,ok,25,25
exp_c,exp_c__gsm8k_test_000028__think,gsm8k_test_000028,think,canonical,,thinking_segment,13,10,False,203,203,True,9.902985572814941,,ok_qwen_token_boundary,True,ok,25,25
exp_c,exp_c__gsm8k_test_000028__think,gsm8k_test_000028,think,canonical,,thinking_segment,20,10,False,203,203,True,10.648870468139648,,ok_qwen_token_boundary,True,ok,25,25
exp_c,exp_c__gsm8k_test_000028__think,gsm8k_test_000028,think,canonical,,answer_segment,6,10,False,39,39,True,12.766666412353516,,ok_qwen_token_boundary,True,ok,25,25
exp_c,exp_c__gsm8k_test_000028__think,gsm8k_test_000028,think,canonical,,answer_segment,13,10,False,39,39,True,11.482380867004395,,ok_qwen_token_boundary,True,ok,25,25
exp_c,exp_c__gsm8k_test_000028__think,gsm8k_test_000028,think,canonical,,answer_segment,20,10,False,39,39,True,11.099279403686523,,ok_qwen_token_boundary,True,ok,25,25
exp_c,exp_c__gsm8k_test_000028__no_think,gsm8k_test_000028,no_think,canonical,,full_output,6,10,False,39,39,True,11.646421432495117,,ok,True,ok,25,25
exp_c,exp_c__gsm8k_test_000028__no_think,gsm8k_test_000028,no_think,canonical,,full_output,13,10,False,39,39,True,10.566243171691895,,ok,True,ok,25,25
exp_c,exp_c__gsm8k_test_000028__no_think,gsm8k_test_000028,no_think,canonical,,full_output,20,10,False,39,39,True,11.805808067321777,,ok,True,ok,25,25
exp_c,exp_c__gsm8k_test_000028__no_think,gsm8k_test_000028,no_think,canonical,,answer_segment,6,10,False,39,39,True,11.646421432495117,,ok,True,ok,25,25
exp_c,exp_c__gsm8k_test_000028__no_think,gsm8k_test_000028,no_think,canonical,,answer_segment,13,10,False,39,39,True,10.566243171691895,,ok,True,ok,25,25
exp_c,exp_c__gsm8k_test_000028__no_think,gsm8k_test_000028,no_think,canonical,,answer_segment,20,10,False,39,39,True,11.805808067321777,,ok,True,ok,25,25
exp_c,exp_c__gsm8k_test_000031__think,gsm8k_test_000031,think,canonical,,full_output,6,10,False,338,338,True,15.789965629577637,,ok,True,ok,80,80
exp_c,exp_c__gsm8k_test_000031__think,gsm8k_test_000031,think,canonical,,full_output,13,10,False,338,338,True,10.514625549316406,,ok,True,ok,80,80
exp_c,exp_c__gsm8k_test_000031__think,gsm8k_test_000031,think,canonical,,full_output,20,10,False,338,338,True,10.09605598449707,,ok,True,ok,80,80
exp_c,exp_c__gsm8k_test_000031__think,gsm8k_test_000031,think,canonical,,thinking_segment,6,10,False,278,278,True,15.839183807373047,,ok_qwen_token_boundary,True,ok,80,80
exp_c,exp_c__gsm8k_test_000031__think,gsm8k_test_000031,think,canonical,,thinking_segment,13,10,False,278,278,True,11.120766639709473,,ok_qwen_token_boundary,True,ok,80,80
exp_c,exp_c__gsm8k_test_000031__think,gsm8k_test_000031,think,canonical,,thinking_segment,20,10,False,278,278,True,10.569452285766602,,ok_qwen_token_boundary,True,ok,80,80
exp_c,exp_c__gsm8k_test_000031__think,gsm8k_test_000031,think,canonical,,answer_segment,6,10,False,60,60,True,15.481922149658203,,ok_qwen_token_boundary,True,ok,80,80
exp_c,exp_c__gsm8k_test_000031__think,gsm8k_test_000031,think,canonical,,answer_segment,13,10,False,60,60,True,10.388014793395996,,ok_qwen_token_boundary,True,ok,80,80
exp_c,exp_c__gsm8k_test_000031__think,gsm8k_test_000031,think,canonical,,answer_segment,20,10,False,60,60,True,11.015429496765137,,ok_qwen_token_boundary,True,ok,80,80
exp_c,exp_c__gsm8k_test_000031__no_think,gsm8k_test_000031,no_think,canonical,,full_output,6,10,False,69,69,True,13.571306228637695,,ok,False,ok,80,86.67
exp_c,exp_c__gsm8k_test_000031__no_think,gsm8k_test_000031,no_think,canonical,,full_output,13,10,False,69,69,True,10.036415100097656,,ok,False,ok,80,86.67
exp_c,exp_c__gsm8k_test_000031__no_think,gsm8k_test_000031,no_think,canonical,,full_output,20,10,False,69,69,True,10.218259811401367,,ok,False,ok,80,86.67
exp_c,exp_c__gsm8k_test_000031__no_think,gsm8k_test_000031,no_think,canonical,,answer_segment,6,10,False,69,69,True,13.571306228637695,,ok,False,ok,80,86.67
exp_c,exp_c__gsm8k_test_000031__no_think,gsm8k_test_000031,no_think,canonical,,answer_segment,13,10,False,69,69,True,10.036415100097656,,ok,False,ok,80,86.67
exp_c,exp_c__gsm8k_test_000031__no_think,gsm8k_test_000031,no_think,canonical,,answer_segment,20,10,False,69,69,True,10.218259811401367,,ok,False,ok,80,86.67
exp_c,exp_c__gsm8k_test_000035__think,gsm8k_test_000035,think,canonical,,full_output,6,10,False,324,324,True,13.933388710021973,,ok,True,ok,9,9
exp_c,exp_c__gsm8k_test_000035__think,gsm8k_test_000035,think,canonical,,full_output,13,10,False,324,324,True,9.700116157531738,,ok,True,ok,9,9
exp_c,exp_c__gsm8k_test_000035__think,gsm8k_test_000035,think,canonical,,full_output,20,10,False,324,324,True,9.877077102661133,,ok,True,ok,9,9
exp_c,exp_c__gsm8k_test_000035__think,gsm8k_test_000035,think,canonical,,thinking_segment,6,10,False,273,273,True,12.733087539672852,,ok_qwen_token_boundary,True,ok,9,9
exp_c,exp_c__gsm8k_test_000035__think,gsm8k_test_000035,think,canonical,,thinking_segment,13,10,False,273,273,True,9.239104270935059,,ok_qwen_token_boundary,True,ok,9,9
exp_c,exp_c__gsm8k_test_000035__think,gsm8k_test_000035,think,canonical,,thinking_segment,20,10,False,273,273,True,9.521604537963867,,ok_qwen_token_boundary,True,ok,9,9
exp_c,exp_c__gsm8k_test_000035__think,gsm8k_test_000035,think,canonical,,answer_segment,6,10,False,51,51,True,16.78835105895996,,ok_qwen_token_boundary,True,ok,9,9
exp_c,exp_c__gsm8k_test_000035__think,gsm8k_test_000035,think,canonical,,answer_segment,13,10,False,51,51,True,12.668316841125488,,ok_qwen_token_boundary,True,ok,9,9
exp_c,exp_c__gsm8k_test_000035__think,gsm8k_test_000035,think,canonical,,answer_segment,20,10,False,51,51,True,11.936775207519531,,ok_qwen_token_boundary,True,ok,9,9
exp_c,exp_c__gsm8k_test_000035__no_think,gsm8k_test_000035,no_think,canonical,,full_output,6,10,False,48,48,True,14.739445686340332,,ok,True,ok,9,9
exp_c,exp_c__gsm8k_test_000035__no_think,gsm8k_test_000035,no_think,canonical,,full_output,13,10,False,48,48,True,13.184386253356934,,ok,True,ok,9,9
exp_c,exp_c__gsm8k_test_000035__no_think,gsm8k_test_000035,no_think,canonical,,full_output,20,10,False,48,48,True,11.716285705566406,,ok,True,ok,9,9
exp_c,exp_c__gsm8k_test_000035__no_think,gsm8k_test_000035,no_think,canonical,,answer_segment,6,10,False,48,48,True,14.739445686340332,,ok,True,ok,9,9
exp_c,exp_c__gsm8k_test_000035__no_think,gsm8k_test_000035,no_think,canonical,,answer_segment,13,10,False,48,48,True,13.184386253356934,,ok,True,ok,9,9
exp_c,exp_c__gsm8k_test_000035__no_think,gsm8k_test_000035,no_think,canonical,,answer_segment,20,10,False,48,48,True,11.716285705566406,,ok,True,ok,9,9
exp_c,exp_c__gsm8k_test_000042__think,gsm8k_test_000042,think,canonical,,full_output,6,10,False,142,142,True,18.071855545043945,,ok,True,ok,26,26
exp_c,exp_c__gsm8k_test_000042__think,gsm8k_test_000042,think,canonical,,full_output,13,10,False,142,142,True,11.93089771270752,,ok,True,ok,26,26
exp_c,exp_c__gsm8k_test_000042__think,gsm8k_test_000042,think,canonical,,full_output,20,10,False,142,142,True,11.600198745727539,,ok,True,ok,26,26
exp_c,exp_c__gsm8k_test_000042__think,gsm8k_test_000042,think,canonical,,thinking_segment,6,10,False,104,104,True,18.239778518676758,,ok_qwen_token_boundary,True,ok,26,26
exp_c,exp_c__gsm8k_test_000042__think,gsm8k_test_000042,think,canonical,,thinking_segment,13,10,False,104,104,True,13.048211097717285,,ok_qwen_token_boundary,True,ok,26,26
exp_c,exp_c__gsm8k_test_000042__think,gsm8k_test_000042,think,canonical,,thinking_segment,20,10,False,104,104,True,11.73923397064209,,ok_qwen_token_boundary,True,ok,26,26
exp_c,exp_c__gsm8k_test_000042__think,gsm8k_test_000042,think,canonical,,answer_segment,6,10,False,38,38,True,12.60767650604248,,ok_qwen_token_boundary,True,ok,26,26
exp_c,exp_c__gsm8k_test_000042__think,gsm8k_test_000042,think,canonical,,answer_segment,13,10,False,38,38,True,12.349523544311523,,ok_qwen_token_boundary,True,ok,26,26
exp_c,exp_c__gsm8k_test_000042__think,gsm8k_test_000042,think,canonical,,answer_segment,20,10,False,38,38,True,12.556078910827637,,ok_qwen_token_boundary,True,ok,26,26
exp_c,exp_c__gsm8k_test_000042__no_think,gsm8k_test_000042,no_think,canonical,,full_output,6,10,False,45,45,True,12.46367073059082,,ok,True,ok,26,26
exp_c,exp_c__gsm8k_test_000042__no_think,gsm8k_test_000042,no_think,canonical,,full_output,13,10,False,45,45,True,11.267783164978027,,ok,True,ok,26,26
exp_c,exp_c__gsm8k_test_000042__no_think,gsm8k_test_000042,no_think,canonical,,full_output,20,10,False,45,45,True,11.829133033752441,,ok,True,ok,26,26
exp_c,exp_c__gsm8k_test_000042__no_think,gsm8k_test_000042,no_think,canonical,,answer_segment,6,10,False,45,45,True,12.46367073059082,,ok,True,ok,26,26
exp_c,exp_c__gsm8k_test_000042__no_think,gsm8k_test_000042,no_think,canonical,,answer_segment,13,10,False,45,45,True,11.267783164978027,,ok,True,ok,26,26
exp_c,exp_c__gsm8k_test_000042__no_think,gsm8k_test_000042,no_think,canonical,,answer_segment,20,10,False,45,45,True,11.829133033752441,,ok,True,ok,26,26
exp_c,exp_c__gsm8k_test_000044__think,gsm8k_test_000044,think,canonical,,full_output,6,10,False,270,270,True,15.165083885192871,,ok,True,ok,20,20
exp_c,exp_c__gsm8k_test_000044__think,gsm8k_test_000044,think,canonical,,full_output,13,10,False,270,270,True,11.095846176147461,,ok,True,ok,20,20
exp_c,exp_c__gsm8k_test_000044__think,gsm8k_test_000044,think,canonical,,full_output,20,10,False,270,270,True,11.513062477111816,,ok,True,ok,20,20
exp_c,exp_c__gsm8k_test_000044__think,gsm8k_test_000044,think,canonical,,thinking_segment,6,10,False,220,220,True,16.829410552978516,,ok_qwen_token_boundary,True,ok,20,20
exp_c,exp_c__gsm8k_test_000044__think,gsm8k_test_000044,think,canonical,,thinking_segment,13,10,False,220,220,True,10.8876314163208,,ok_qwen_token_boundary,True,ok,20,20
exp_c,exp_c__gsm8k_test_000044__think,gsm8k_test_000044,think,canonical,,thinking_segment,20,10,False,220,220,True,11.409811973571777,,ok_qwen_token_boundary,True,ok,20,20
exp_c,exp_c__gsm8k_test_000044__think,gsm8k_test_000044,think,canonical,,answer_segment,6,10,False,50,50,True,15.35401725769043,,ok_qwen_token_boundary,True,ok,20,20
exp_c,exp_c__gsm8k_test_000044__think,gsm8k_test_000044,think,canonical,,answer_segment,13,10,False,50,50,True,11.682835578918457,,ok_qwen_token_boundary,True,ok,20,20
exp_c,exp_c__gsm8k_test_000044__think,gsm8k_test_000044,think,canonical,,answer_segment,20,10,False,50,50,True,11.213644027709961,,ok_qwen_token_boundary,True,ok,20,20
exp_c,exp_c__gsm8k_test_000044__no_think,gsm8k_test_000044,no_think,canonical,,full_output,6,10,False,52,52,True,14.76803970336914,,ok,True,ok,20,20
exp_c,exp_c__gsm8k_test_000044__no_think,gsm8k_test_000044,no_think,canonical,,full_output,13,10,False,52,52,True,12.373147964477539,,ok,True,ok,20,20
exp_c,exp_c__gsm8k_test_000044__no_think,gsm8k_test_000044,no_think,canonical,,full_output,20,10,False,52,52,True,11.45635986328125,,ok,True,ok,20,20
exp_c,exp_c__gsm8k_test_000044__no_think,gsm8k_test_000044,no_think,canonical,,answer_segment,6,10,False,52,52,True,14.76803970336914,,ok,True,ok,20,20
exp_c,exp_c__gsm8k_test_000044__no_think,gsm8k_test_000044,no_think,canonical,,answer_segment,13,10,False,52,52,True,12.373147964477539,,ok,True,ok,20,20
exp_c,exp_c__gsm8k_test_000044__no_think,gsm8k_test_000044,no_think,canonical,,answer_segment,20,10,False,52,52,True,11.45635986328125,,ok,True,ok,20,20
exp_c,exp_c__gsm8k_test_000048__think,gsm8k_test_000048,think,canonical,,full_output,6,10,False,253,253,True,16.306838989257812,,ok,True,ok,8,8
exp_c,exp_c__gsm8k_test_000048__think,gsm8k_test_000048,think,canonical,,full_output,13,10,False,253,253,True,10.833889961242676,,ok,True,ok,8,8
exp_c,exp_c__gsm8k_test_000048__think,gsm8k_test_000048,think,canonical,,full_output,20,10,False,253,253,True,11.469690322875977,,ok,True,ok,8,8
exp_c,exp_c__gsm8k_test_000048__think,gsm8k_test_000048,think,canonical,,thinking_segment,6,10,False,212,212,True,16.513381958007812,,ok_qwen_token_boundary,True,ok,8,8
exp_c,exp_c__gsm8k_test_000048__think,gsm8k_test_000048,think,canonical,,thinking_segment,13,10,False,212,212,True,11.215792655944824,,ok_qwen_token_boundary,True,ok,8,8
exp_c,exp_c__gsm8k_test_000048__think,gsm8k_test_000048,think,canonical,,thinking_segment,20,10,False,212,212,True,11.39432144165039,,ok_qwen_token_boundary,True,ok,8,8
exp_c,exp_c__gsm8k_test_000048__think,gsm8k_test_000048,think,canonical,,answer_segment,6,10,False,41,41,True,12.979592323303223,,ok_qwen_token_boundary,True,ok,8,8
exp_c,exp_c__gsm8k_test_000048__think,gsm8k_test_000048,think,canonical,,answer_segment,13,10,False,41,41,True,12.952657699584961,,ok_qwen_token_boundary,True,ok,8,8
exp_c,exp_c__gsm8k_test_000048__think,gsm8k_test_000048,think,canonical,,answer_segment,20,10,False,41,41,True,12.338515281677246,,ok_qwen_token_boundary,True,ok,8,8
exp_c,exp_c__gsm8k_test_000048__no_think,gsm8k_test_000048,no_think,canonical,,full_output,6,10,False,37,37,True,11.473814010620117,,ok,True,ok,8,8
exp_c,exp_c__gsm8k_test_000048__no_think,gsm8k_test_000048,no_think,canonical,,full_output,13,10,False,37,37,True,9.816614151000977,,ok,True,ok,8,8
exp_c,exp_c__gsm8k_test_000048__no_think,gsm8k_test_000048,no_think,canonical,,full_output,20,10,False,37,37,True,10.399152755737305,,ok,True,ok,8,8
exp_c,exp_c__gsm8k_test_000048__no_think,gsm8k_test_000048,no_think,canonical,,answer_segment,6,10,False,37,37,True,11.473814010620117,,ok,True,ok,8,8
exp_c,exp_c__gsm8k_test_000048__no_think,gsm8k_test_000048,no_think,canonical,,answer_segment,13,10,False,37,37,True,9.816614151000977,,ok,True,ok,8,8
exp_c,exp_c__gsm8k_test_000048__no_think,gsm8k_test_000048,no_think,canonical,,answer_segment,20,10,False,37,37,True,10.399152755737305,,ok,True,ok,8,8
exp_c,exp_c__gsm8k_test_000054__think,gsm8k_test_000054,think,canonical,,full_output,6,10,False,350,350,True,10.641379356384277,,ok,True,ok,40,40
exp_c,exp_c__gsm8k_test_000054__think,gsm8k_test_000054,think,canonical,,full_output,13,10,False,350,350,True,9.594207763671875,,ok,True,ok,40,40
exp_c,exp_c__gsm8k_test_000054__think,gsm8k_test_000054,think,canonical,,full_output,20,10,False,350,350,True,9.761815071105957,,ok,True,ok,40,40
exp_c,exp_c__gsm8k_test_000054__think,gsm8k_test_000054,think,canonical,,thinking_segment,6,10,False,299,299,True,10.318413734436035,,ok_qwen_token_boundary,True,ok,40,40
exp_c,exp_c__gsm8k_test_000054__think,gsm8k_test_000054,think,canonical,,thinking_segment,13,10,False,299,299,True,9.253352165222168,,ok_qwen_token_boundary,True,ok,40,40
exp_c,exp_c__gsm8k_test_000054__think,gsm8k_test_000054,think,canonical,,thinking_segment,20,10,False,299,299,True,9.601588249206543,,ok_qwen_token_boundary,True,ok,40,40
exp_c,exp_c__gsm8k_test_000054__think,gsm8k_test_000054,think,canonical,,answer_segment,6,10,False,51,51,True,12.051742553710938,,ok_qwen_token_boundary,True,ok,40,40
exp_c,exp_c__gsm8k_test_000054__think,gsm8k_test_000054,think,canonical,,answer_segment,13,10,False,51,51,True,11.39492130279541,,ok_qwen_token_boundary,True,ok,40,40
exp_c,exp_c__gsm8k_test_000054__think,gsm8k_test_000054,think,canonical,,answer_segment,20,10,False,51,51,True,10.642400741577148,,ok_qwen_token_boundary,True,ok,40,40
exp_c,exp_c__gsm8k_test_000054__no_think,gsm8k_test_000054,no_think,canonical,,full_output,6,10,False,46,46,True,11.870004653930664,,ok,False,ok,40,38
exp_c,exp_c__gsm8k_test_000054__no_think,gsm8k_test_000054,no_think,canonical,,full_output,13,10,False,46,46,True,10.832449913024902,,ok,False,ok,40,38
exp_c,exp_c__gsm8k_test_000054__no_think,gsm8k_test_000054,no_think,canonical,,full_output,20,10,False,46,46,True,11.762838363647461,,ok,False,ok,40,38
exp_c,exp_c__gsm8k_test_000054__no_think,gsm8k_test_000054,no_think,canonical,,answer_segment,6,10,False,46,46,True,11.870004653930664,,ok,False,ok,40,38
exp_c,exp_c__gsm8k_test_000054__no_think,gsm8k_test_000054,no_think,canonical,,answer_segment,13,10,False,46,46,True,10.832449913024902,,ok,False,ok,40,38
exp_c,exp_c__gsm8k_test_000054__no_think,gsm8k_test_000054,no_think,canonical,,answer_segment,20,10,False,46,46,True,11.762838363647461,,ok,False,ok,40,38
exp_c,exp_c__gsm8k_test_000067__think,gsm8k_test_000067,think,canonical,,full_output,6,10,False,234,234,True,13.980070114135742,,ok,True,ok,595,595
exp_c,exp_c__gsm8k_test_000067__think,gsm8k_test_000067,think,canonical,,full_output,13,10,False,234,234,True,10.938323974609375,,ok,True,ok,595,595
exp_c,exp_c__gsm8k_test_000067__think,gsm8k_test_000067,think,canonical,,full_output,20,10,False,234,234,True,11.069272994995117,,ok,True,ok,595,595
exp_c,exp_c__gsm8k_test_000067__think,gsm8k_test_000067,think,canonical,,thinking_segment,6,10,False,176,176,True,14.1978120803833,,ok_qwen_token_boundary,True,ok,595,595
exp_c,exp_c__gsm8k_test_000067__think,gsm8k_test_000067,think,canonical,,thinking_segment,13,10,False,176,176,True,11.232303619384766,,ok_qwen_token_boundary,True,ok,595,595
exp_c,exp_c__gsm8k_test_000067__think,gsm8k_test_000067,think,canonical,,thinking_segment,20,10,False,176,176,True,11.248016357421875,,ok_qwen_token_boundary,True,ok,595,595
exp_c,exp_c__gsm8k_test_000067__think,gsm8k_test_000067,think,canonical,,answer_segment,6,10,False,58,58,True,13.386802673339844,,ok_qwen_token_boundary,True,ok,595,595
exp_c,exp_c__gsm8k_test_000067__think,gsm8k_test_000067,think,canonical,,answer_segment,13,10,False,58,58,True,11.141798973083496,,ok_qwen_token_boundary,True,ok,595,595
exp_c,exp_c__gsm8k_test_000067__think,gsm8k_test_000067,think,canonical,,answer_segment,20,10,False,58,58,True,10.94177532196045,,ok_qwen_token_boundary,True,ok,595,595
exp_c,exp_c__gsm8k_test_000067__no_think,gsm8k_test_000067,no_think,canonical,,full_output,6,10,False,59,59,True,13.44820499420166,,ok,False,ok,595,630
exp_c,exp_c__gsm8k_test_000067__no_think,gsm8k_test_000067,no_think,canonical,,full_output,13,10,False,59,59,True,10.908668518066406,,ok,False,ok,595,630
exp_c,exp_c__gsm8k_test_000067__no_think,gsm8k_test_000067,no_think,canonical,,full_output,20,10,False,59,59,True,11.166728019714355,,ok,False,ok,595,630
exp_c,exp_c__gsm8k_test_000067__no_think,gsm8k_test_000067,no_think,canonical,,answer_segment,6,10,False,59,59,True,13.44820499420166,,ok,False,ok,595,630
exp_c,exp_c__gsm8k_test_000067__no_think,gsm8k_test_000067,no_think,canonical,,answer_segment,13,10,False,59,59,True,10.908668518066406,,ok,False,ok,595,630
exp_c,exp_c__gsm8k_test_000067__no_think,gsm8k_test_000067,no_think,canonical,,answer_segment,20,10,False,59,59,True,11.166728019714355,,ok,False,ok,595,630
exp_c,exp_c__gsm8k_test_000069__think,gsm8k_test_000069,think,canonical,,full_output,6,10,False,186,186,True,15.431010246276855,,ok,True,ok,60,60
exp_c,exp_c__gsm8k_test_000069__think,gsm8k_test_000069,think,canonical,,full_output,13,10,False,186,186,True,12.010218620300293,,ok,True,ok,60,60
exp_c,exp_c__gsm8k_test_000069__think,gsm8k_test_000069,think,canonical,,full_output,20,10,False,186,186,True,12.178117752075195,,ok,True,ok,60,60
exp_c,exp_c__gsm8k_test_000069__think,gsm8k_test_000069,think,canonical,,thinking_segment,6,10,False,142,142,True,15.619279861450195,,ok_qwen_token_boundary,True,ok,60,60
exp_c,exp_c__gsm8k_test_000069__think,gsm8k_test_000069,think,canonical,,thinking_segment,13,10,False,142,142,True,12.077583312988281,,ok_qwen_token_boundary,True,ok,60,60
exp_c,exp_c__gsm8k_test_000069__think,gsm8k_test_000069,think,canonical,,thinking_segment,20,10,False,142,142,True,12.40319538116455,,ok_qwen_token_boundary,True,ok,60,60
exp_c,exp_c__gsm8k_test_000069__think,gsm8k_test_000069,think,canonical,,answer_segment,6,10,False,44,44,True,12.881780624389648,,ok_qwen_token_boundary,True,ok,60,60
exp_c,exp_c__gsm8k_test_000069__think,gsm8k_test_000069,think,canonical,,answer_segment,13,10,False,44,44,True,12.172995567321777,,ok_qwen_token_boundary,True,ok,60,60
exp_c,exp_c__gsm8k_test_000069__think,gsm8k_test_000069,think,canonical,,answer_segment,20,10,False,44,44,True,10.819774627685547,,ok_qwen_token_boundary,True,ok,60,60
exp_c,exp_c__gsm8k_test_000069__no_think,gsm8k_test_000069,no_think,canonical,,full_output,6,10,False,37,37,True,10.914518356323242,,ok,False,ok,60,80
exp_c,exp_c__gsm8k_test_000069__no_think,gsm8k_test_000069,no_think,canonical,,full_output,13,10,False,37,37,True,11.79246711730957,,ok,False,ok,60,80
exp_c,exp_c__gsm8k_test_000069__no_think,gsm8k_test_000069,no_think,canonical,,full_output,20,10,False,37,37,True,10.743817329406738,,ok,False,ok,60,80
exp_c,exp_c__gsm8k_test_000069__no_think,gsm8k_test_000069,no_think,canonical,,answer_segment,6,10,False,37,37,True,10.914518356323242,,ok,False,ok,60,80
exp_c,exp_c__gsm8k_test_000069__no_think,gsm8k_test_000069,no_think,canonical,,answer_segment,13,10,False,37,37,True,11.79246711730957,,ok,False,ok,60,80
exp_c,exp_c__gsm8k_test_000069__no_think,gsm8k_test_000069,no_think,canonical,,answer_segment,20,10,False,37,37,True,10.743817329406738,,ok,False,ok,60,80
exp_c,exp_c__gsm8k_test_000070__think,gsm8k_test_000070,think,canonical,,full_output,6,10,False,294,294,True,13.006277084350586,,ok,True,ok,7425,7425
exp_c,exp_c__gsm8k_test_000070__think,gsm8k_test_000070,think,canonical,,full_output,13,10,False,294,294,True,10.648993492126465,,ok,True,ok,7425,7425
exp_c,exp_c__gsm8k_test_000070__think,gsm8k_test_000070,think,canonical,,full_output,20,10,False,294,294,True,11.531610488891602,,ok,True,ok,7425,7425
exp_c,exp_c__gsm8k_test_000070__think,gsm8k_test_000070,think,canonical,,thinking_segment,6,10,False,242,242,True,12.94279670715332,,ok_qwen_token_boundary,True,ok,7425,7425
exp_c,exp_c__gsm8k_test_000070__think,gsm8k_test_000070,think,canonical,,thinking_segment,13,10,False,242,242,True,10.765005111694336,,ok_qwen_token_boundary,True,ok,7425,7425
exp_c,exp_c__gsm8k_test_000070__think,gsm8k_test_000070,think,canonical,,thinking_segment,20,10,False,242,242,True,11.390015602111816,,ok_qwen_token_boundary,True,ok,7425,7425
exp_c,exp_c__gsm8k_test_000070__think,gsm8k_test_000070,think,canonical,,answer_segment,6,10,False,52,52,True,11.298223495483398,,ok_qwen_token_boundary,True,ok,7425,7425
exp_c,exp_c__gsm8k_test_000070__think,gsm8k_test_000070,think,canonical,,answer_segment,13,10,False,52,52,True,11.007095336914062,,ok_qwen_token_boundary,True,ok,7425,7425
exp_c,exp_c__gsm8k_test_000070__think,gsm8k_test_000070,think,canonical,,answer_segment,20,10,False,52,52,True,11.422005653381348,,ok_qwen_token_boundary,True,ok,7425,7425
exp_c,exp_c__gsm8k_test_000070__no_think,gsm8k_test_000070,no_think,canonical,,full_output,6,10,False,52,52,True,11.638789176940918,,ok,False,ok,7425,10875
exp_c,exp_c__gsm8k_test_000070__no_think,gsm8k_test_000070,no_think,canonical,,full_output,13,10,False,52,52,True,11.389551162719727,,ok,False,ok,7425,10875
exp_c,exp_c__gsm8k_test_000070__no_think,gsm8k_test_000070,no_think,canonical,,full_output,20,10,False,52,52,True,11.94113826751709,,ok,False,ok,7425,10875
exp_c,exp_c__gsm8k_test_000070__no_think,gsm8k_test_000070,no_think,canonical,,answer_segment,6,10,False,52,52,True,11.638789176940918,,ok,False,ok,7425,10875
exp_c,exp_c__gsm8k_test_000070__no_think,gsm8k_test_000070,no_think,canonical,,answer_segment,13,10,False,52,52,True,11.389551162719727,,ok,False,ok,7425,10875
exp_c,exp_c__gsm8k_test_000070__no_think,gsm8k_test_000070,no_think,canonical,,answer_segment,20,10,False,52,52,True,11.94113826751709,,ok,False,ok,7425,10875
exp_c,exp_c__gsm8k_test_000088__think,gsm8k_test_000088,think,canonical,,full_output,6,10,False,242,242,True,14.839377403259277,,ok,True,ok,8000,8000
exp_c,exp_c__gsm8k_test_000088__think,gsm8k_test_000088,think,canonical,,full_output,13,10,False,242,242,True,11.058821678161621,,ok,True,ok,8000,8000
exp_c,exp_c__gsm8k_test_000088__think,gsm8k_test_000088,think,canonical,,full_output,20,10,False,242,242,True,26.528732299804688,,ok,True,ok,8000,8000
exp_c,exp_c__gsm8k_test_000088__think,gsm8k_test_000088,think,canonical,,thinking_segment,6,10,False,195,195,True,13.54786491394043,,ok_qwen_token_boundary,True,ok,8000,8000
exp_c,exp_c__gsm8k_test_000088__think,gsm8k_test_000088,think,canonical,,thinking_segment,13,10,False,195,195,True,11.010534286499023,,ok_qwen_token_boundary,True,ok,8000,8000
exp_c,exp_c__gsm8k_test_000088__think,gsm8k_test_000088,think,canonical,,thinking_segment,20,10,False,195,195,True,39.79460525512695,,ok_qwen_token_boundary,True,ok,8000,8000
exp_c,exp_c__gsm8k_test_000088__think,gsm8k_test_000088,think,canonical,,answer_segment,6,10,False,47,47,True,12.69718074798584,,ok_qwen_token_boundary,True,ok,8000,8000
exp_c,exp_c__gsm8k_test_000088__think,gsm8k_test_000088,think,canonical,,answer_segment,13,10,False,47,47,True,12.528427124023438,,ok_qwen_token_boundary,True,ok,8000,8000
exp_c,exp_c__gsm8k_test_000088__think,gsm8k_test_000088,think,canonical,,answer_segment,20,10,False,47,47,True,10.563732147216797,,ok_qwen_token_boundary,True,ok,8000,8000
exp_c,exp_c__gsm8k_test_000088__no_think,gsm8k_test_000088,no_think,canonical,,full_output,6,10,False,55,55,True,11.7282075881958,,ok,True,ok,8000,8000
exp_c,exp_c__gsm8k_test_000088__no_think,gsm8k_test_000088,no_think,canonical,,full_output,13,10,False,55,55,True,13.205670356750488,,ok,True,ok,8000,8000
exp_c,exp_c__gsm8k_test_000088__no_think,gsm8k_test_000088,no_think,canonical,,full_output,20,10,False,55,55,True,11.407211303710938,,ok,True,ok,8000,8000
exp_c,exp_c__gsm8k_test_000088__no_think,gsm8k_test_000088,no_think,canonical,,answer_segment,6,10,False,55,55,True,11.7282075881958,,ok,True,ok,8000,8000
exp_c,exp_c__gsm8k_test_000088__no_think,gsm8k_test_000088,no_think,canonical,,answer_segment,13,10,False,55,55,True,13.205670356750488,,ok,True,ok,8000,8000
exp_c,exp_c__gsm8k_test_000088__no_think,gsm8k_test_000088,no_think,canonical,,answer_segment,20,10,False,55,55,True,11.407211303710938,,ok,True,ok,8000,8000
exp_c,exp_c__gsm8k_test_000091__think,gsm8k_test_000091,think,canonical,,full_output,6,10,False,225,225,True,16.1041259765625,,ok,True,ok,28,28
exp_c,exp_c__gsm8k_test_000091__think,gsm8k_test_000091,think,canonical,,full_output,13,10,False,225,225,True,11.401998519897461,,ok,True,ok,28,28
exp_c,exp_c__gsm8k_test_000091__think,gsm8k_test_000091,think,canonical,,full_output,20,10,False,225,225,True,11.486605644226074,,ok,True,ok,28,28
exp_c,exp_c__gsm8k_test_000091__think,gsm8k_test_000091,think,canonical,,thinking_segment,6,10,False,174,174,True,14.090046882629395,,ok_qwen_token_boundary,True,ok,28,28
exp_c,exp_c__gsm8k_test_000091__think,gsm8k_test_000091,think,canonical,,thinking_segment,13,10,False,174,174,True,10.883005142211914,,ok_qwen_token_boundary,True,ok,28,28
exp_c,exp_c__gsm8k_test_000091__think,gsm8k_test_000091,think,canonical,,thinking_segment,20,10,False,174,174,True,11.491842269897461,,ok_qwen_token_boundary,True,ok,28,28
exp_c,exp_c__gsm8k_test_000091__think,gsm8k_test_000091,think,canonical,,answer_segment,6,10,False,51,51,True,12.43705940246582,,ok_qwen_token_boundary,True,ok,28,28
exp_c,exp_c__gsm8k_test_000091__think,gsm8k_test_000091,think,canonical,,answer_segment,13,10,False,51,51,True,10.868561744689941,,ok_qwen_token_boundary,True,ok,28,28
exp_c,exp_c__gsm8k_test_000091__think,gsm8k_test_000091,think,canonical,,answer_segment,20,10,False,51,51,True,11.29515552520752,,ok_qwen_token_boundary,True,ok,28,28
exp_c,exp_c__gsm8k_test_000091__no_think,gsm8k_test_000091,no_think,canonical,,full_output,6,10,False,49,49,True,15.209017753601074,,ok,False,ok,28,30
exp_c,exp_c__gsm8k_test_000091__no_think,gsm8k_test_000091,no_think,canonical,,full_output,13,10,False,49,49,True,11.18214225769043,,ok,False,ok,28,30
exp_c,exp_c__gsm8k_test_000091__no_think,gsm8k_test_000091,no_think,canonical,,full_output,20,10,False,49,49,True,11.027775764465332,,ok,False,ok,28,30
exp_c,exp_c__gsm8k_test_000091__no_think,gsm8k_test_000091,no_think,canonical,,answer_segment,6,10,False,49,49,True,15.209017753601074,,ok,False,ok,28,30
exp_c,exp_c__gsm8k_test_000091__no_think,gsm8k_test_000091,no_think,canonical,,answer_segment,13,10,False,49,49,True,11.18214225769043,,ok,False,ok,28,30
exp_c,exp_c__gsm8k_test_000091__no_think,gsm8k_test_000091,no_think,canonical,,answer_segment,20,10,False,49,49,True,11.027775764465332,,ok,False,ok,28,30
exp_c,exp_c__gsm8k_test_000096__think,gsm8k_test_000096,think,canonical,,full_output,6,10,False,269,269,True,12.449284553527832,,ok,True,ok,3,3
exp_c,exp_c__gsm8k_test_000096__think,gsm8k_test_000096,think,canonical,,full_output,13,10,False,269,269,True,9.457755088806152,,ok,True,ok,3,3
exp_c,exp_c__gsm8k_test_000096__think,gsm8k_test_000096,think,canonical,,full_output,20,10,False,269,269,True,10.19019889831543,,ok,True,ok,3,3
exp_c,exp_c__gsm8k_test_000096__think,gsm8k_test_000096,think,canonical,,thinking_segment,6,10,False,227,227,True,13.59434986114502,,ok_qwen_token_boundary,True,ok,3,3
exp_c,exp_c__gsm8k_test_000096__think,gsm8k_test_000096,think,canonical,,thinking_segment,13,10,False,227,227,True,10.349409103393555,,ok_qwen_token_boundary,True,ok,3,3
exp_c,exp_c__gsm8k_test_000096__think,gsm8k_test_000096,think,canonical,,thinking_segment,20,10,False,227,227,True,10.849334716796875,,ok_qwen_token_boundary,True,ok,3,3
exp_c,exp_c__gsm8k_test_000096__think,gsm8k_test_000096,think,canonical,,answer_segment,6,10,False,42,42,True,14.239191055297852,,ok_qwen_token_boundary,True,ok,3,3
exp_c,exp_c__gsm8k_test_000096__think,gsm8k_test_000096,think,canonical,,answer_segment,13,10,False,42,42,True,11.907299041748047,,ok_qwen_token_boundary,True,ok,3,3
exp_c,exp_c__gsm8k_test_000096__think,gsm8k_test_000096,think,canonical,,answer_segment,20,10,False,42,42,True,11.190059661865234,,ok_qwen_token_boundary,True,ok,3,3
exp_c,exp_c__gsm8k_test_000096__no_think,gsm8k_test_000096,no_think,canonical,,full_output,6,10,False,38,38,True,10.640607833862305,,ok,True,ok,3,3
exp_c,exp_c__gsm8k_test_000096__no_think,gsm8k_test_000096,no_think,canonical,,full_output,13,10,False,38,38,True,11.215510368347168,,ok,True,ok,3,3
exp_c,exp_c__gsm8k_test_000096__no_think,gsm8k_test_000096,no_think,canonical,,full_output,20,10,False,38,38,True,11.166192054748535,,ok,True,ok,3,3
exp_c,exp_c__gsm8k_test_000096__no_think,gsm8k_test_000096,no_think,canonical,,answer_segment,6,10,False,38,38,True,10.640607833862305,,ok,True,ok,3,3
exp_c,exp_c__gsm8k_test_000096__no_think,gsm8k_test_000096,no_think,canonical,,answer_segment,13,10,False,38,38,True,11.215510368347168,,ok,True,ok,3,3
exp_c,exp_c__gsm8k_test_000096__no_think,gsm8k_test_000096,no_think,canonical,,answer_segment,20,10,False,38,38,True,11.166192054748535,,ok,True,ok,3,3
exp_c,exp_c__gsm8k_test_000099__think,gsm8k_test_000099,think,canonical,,full_output,6,10,False,426,426,True,10.133597373962402,,ok,True,ok,58,58
exp_c,exp_c__gsm8k_test_000099__think,gsm8k_test_000099,think,canonical,,full_output,13,10,False,426,426,True,9.174724578857422,,ok,True,ok,58,58
exp_c,exp_c__gsm8k_test_000099__think,gsm8k_test_000099,think,canonical,,full_output,20,10,False,426,426,True,10.169641494750977,,ok,True,ok,58,58
exp_c,exp_c__gsm8k_test_000099__think,gsm8k_test_000099,think,canonical,,thinking_segment,6,10,False,383,383,True,9.977447509765625,,ok_qwen_token_boundary,True,ok,58,58
exp_c,exp_c__gsm8k_test_000099__think,gsm8k_test_000099,think,canonical,,thinking_segment,13,10,False,383,383,True,9.269490242004395,,ok_qwen_token_boundary,True,ok,58,58
exp_c,exp_c__gsm8k_test_000099__think,gsm8k_test_000099,think,canonical,,thinking_segment,20,10,False,383,383,True,10.239718437194824,,ok_qwen_token_boundary,True,ok,58,58
exp_c,exp_c__gsm8k_test_000099__think,gsm8k_test_000099,think,canonical,,answer_segment,6,10,False,43,43,True,12.345110893249512,,ok_qwen_token_boundary,True,ok,58,58
exp_c,exp_c__gsm8k_test_000099__think,gsm8k_test_000099,think,canonical,,answer_segment,13,10,False,43,43,True,12.116666793823242,,ok_qwen_token_boundary,True,ok,58,58
exp_c,exp_c__gsm8k_test_000099__think,gsm8k_test_000099,think,canonical,,answer_segment,20,10,False,43,43,True,11.011137962341309,,ok_qwen_token_boundary,True,ok,58,58
exp_c,exp_c__gsm8k_test_000099__no_think,gsm8k_test_000099,no_think,canonical,,full_output,6,10,False,48,48,True,14.16357707977295,,ok,False,ok,58,38
exp_c,exp_c__gsm8k_test_000099__no_think,gsm8k_test_000099,no_think,canonical,,full_output,13,10,False,48,48,True,11.898865699768066,,ok,False,ok,58,38
exp_c,exp_c__gsm8k_test_000099__no_think,gsm8k_test_000099,no_think,canonical,,full_output,20,10,False,48,48,True,12.36535358428955,,ok,False,ok,58,38
exp_c,exp_c__gsm8k_test_000099__no_think,gsm8k_test_000099,no_think,canonical,,answer_segment,6,10,False,48,48,True,14.16357707977295,,ok,False,ok,58,38
exp_c,exp_c__gsm8k_test_000099__no_think,gsm8k_test_000099,no_think,canonical,,answer_segment,13,10,False,48,48,True,11.898865699768066,,ok,False,ok,58,38
exp_c,exp_c__gsm8k_test_000099__no_think,gsm8k_test_000099,no_think,canonical,,answer_segment,20,10,False,48,48,True,12.36535358428955,,ok,False,ok,58,38
exp_c,exp_c__gsm8k_test_000103__think,gsm8k_test_000103,think,canonical,,full_output,6,10,False,244,244,True,17.965335845947266,,ok,True,ok,140,140
exp_c,exp_c__gsm8k_test_000103__think,gsm8k_test_000103,think,canonical,,full_output,13,10,False,244,244,True,12.271998405456543,,ok,True,ok,140,140
exp_c,exp_c__gsm8k_test_000103__think,gsm8k_test_000103,think,canonical,,full_output,20,10,False,244,244,True,12.377233505249023,,ok,True,ok,140,140
exp_c,exp_c__gsm8k_test_000103__think,gsm8k_test_000103,think,canonical,,thinking_segment,6,10,False,195,195,True,17.382736206054688,,ok_qwen_token_boundary,True,ok,140,140
exp_c,exp_c__gsm8k_test_000103__think,gsm8k_test_000103,think,canonical,,thinking_segment,13,10,False,195,195,True,12.665691375732422,,ok_qwen_token_boundary,True,ok,140,140
exp_c,exp_c__gsm8k_test_000103__think,gsm8k_test_000103,think,canonical,,thinking_segment,20,10,False,195,195,True,12.714350700378418,,ok_qwen_token_boundary,True,ok,140,140
exp_c,exp_c__gsm8k_test_000103__think,gsm8k_test_000103,think,canonical,,answer_segment,6,10,False,49,49,True,14.583569526672363,,ok_qwen_token_boundary,True,ok,140,140
exp_c,exp_c__gsm8k_test_000103__think,gsm8k_test_000103,think,canonical,,answer_segment,13,10,False,49,49,True,11.521587371826172,,ok_qwen_token_boundary,True,ok,140,140
exp_c,exp_c__gsm8k_test_000103__think,gsm8k_test_000103,think,canonical,,answer_segment,20,10,False,49,49,True,11.128941535949707,,ok_qwen_token_boundary,True,ok,140,140
exp_c,exp_c__gsm8k_test_000103__no_think,gsm8k_test_000103,no_think,canonical,,full_output,6,10,False,41,41,True,11.953761100769043,,ok,True,ok,140,140
exp_c,exp_c__gsm8k_test_000103__no_think,gsm8k_test_000103,no_think,canonical,,full_output,13,10,False,41,41,True,10.818408012390137,,ok,True,ok,140,140
exp_c,exp_c__gsm8k_test_000103__no_think,gsm8k_test_000103,no_think,canonical,,full_output,20,10,False,41,41,True,11.9175386428833,,ok,True,ok,140,140
exp_c,exp_c__gsm8k_test_000103__no_think,gsm8k_test_000103,no_think,canonical,,answer_segment,6,10,False,41,41,True,11.953761100769043,,ok,True,ok,140,140
exp_c,exp_c__gsm8k_test_000103__no_think,gsm8k_test_000103,no_think,canonical,,answer_segment,13,10,False,41,41,True,10.818408012390137,,ok,True,ok,140,140
exp_c,exp_c__gsm8k_test_000103__no_think,gsm8k_test_000103,no_think,canonical,,answer_segment,20,10,False,41,41,True,11.9175386428833,,ok,True,ok,140,140
exp_c,exp_c__gsm8k_test_000109__think,gsm8k_test_000109,think,canonical,,full_output,6,10,False,277,277,True,13.513025283813477,,ok,True,ok,28,28
exp_c,exp_c__gsm8k_test_000109__think,gsm8k_test_000109,think,canonical,,full_output,13,10,False,277,277,True,10.1201753616333,,ok,True,ok,28,28
exp_c,exp_c__gsm8k_test_000109__think,gsm8k_test_000109,think,canonical,,full_output,20,10,False,277,277,True,11.004075050354004,,ok,True,ok,28,28
exp_c,exp_c__gsm8k_test_000109__think,gsm8k_test_000109,think,canonical,,thinking_segment,6,10,False,234,234,True,13.675056457519531,,ok_qwen_token_boundary,True,ok,28,28
exp_c,exp_c__gsm8k_test_000109__think,gsm8k_test_000109,think,canonical,,thinking_segment,13,10,False,234,234,True,10.35459041595459,,ok_qwen_token_boundary,True,ok,28,28
exp_c,exp_c__gsm8k_test_000109__think,gsm8k_test_000109,think,canonical,,thinking_segment,20,10,False,234,234,True,10.886797904968262,,ok_qwen_token_boundary,True,ok,28,28
exp_c,exp_c__gsm8k_test_000109__think,gsm8k_test_000109,think,canonical,,answer_segment,6,10,False,43,43,True,12.93227767944336,,ok_qwen_token_boundary,True,ok,28,28
exp_c,exp_c__gsm8k_test_000109__think,gsm8k_test_000109,think,canonical,,answer_segment,13,10,False,43,43,True,12.343993186950684,,ok_qwen_token_boundary,True,ok,28,28
exp_c,exp_c__gsm8k_test_000109__think,gsm8k_test_000109,think,canonical,,answer_segment,20,10,False,43,43,True,11.419556617736816,,ok_qwen_token_boundary,True,ok,28,28
exp_c,exp_c__gsm8k_test_000109__no_think,gsm8k_test_000109,no_think,canonical,,full_output,6,10,False,49,49,True,14.199681282043457,,ok,True,ok,28,28
exp_c,exp_c__gsm8k_test_000109__no_think,gsm8k_test_000109,no_think,canonical,,full_output,13,10,False,49,49,True,11.656782150268555,,ok,True,ok,28,28
exp_c,exp_c__gsm8k_test_000109__no_think,gsm8k_test_000109,no_think,canonical,,full_output,20,10,False,49,49,True,11.608231544494629,,ok,True,ok,28,28
exp_c,exp_c__gsm8k_test_000109__no_think,gsm8k_test_000109,no_think,canonical,,answer_segment,6,10,False,49,49,True,14.199681282043457,,ok,True,ok,28,28
exp_c,exp_c__gsm8k_test_000109__no_think,gsm8k_test_000109,no_think,canonical,,answer_segment,13,10,False,49,49,True,11.656782150268555,,ok,True,ok,28,28
exp_c,exp_c__gsm8k_test_000109__no_think,gsm8k_test_000109,no_think,canonical,,answer_segment,20,10,False,49,49,True,11.608231544494629,,ok,True,ok,28,28
exp_c,exp_c__gsm8k_test_000112__think,gsm8k_test_000112,think,canonical,,full_output,6,10,False,257,257,True,14.952044486999512,,ok,True,ok,24,24
exp_c,exp_c__gsm8k_test_000112__think,gsm8k_test_000112,think,canonical,,full_output,13,10,False,257,257,True,10.6176118850708,,ok,True,ok,24,24
exp_c,exp_c__gsm8k_test_000112__think,gsm8k_test_000112,think,canonical,,full_output,20,10,False,257,257,True,11.188056945800781,,ok,True,ok,24,24
exp_c,exp_c__gsm8k_test_000112__think,gsm8k_test_000112,think,canonical,,thinking_segment,6,10,False,215,215,True,14.57738208770752,,ok_qwen_token_boundary,True,ok,24,24
exp_c,exp_c__gsm8k_test_000112__think,gsm8k_test_000112,think,canonical,,thinking_segment,13,10,False,215,215,True,10.788976669311523,,ok_qwen_token_boundary,True,ok,24,24
exp_c,exp_c__gsm8k_test_000112__think,gsm8k_test_000112,think,canonical,,thinking_segment,20,10,False,215,215,True,11.33456802368164,,ok_qwen_token_boundary,True,ok,24,24
exp_c,exp_c__gsm8k_test_000112__think,gsm8k_test_000112,think,canonical,,answer_segment,6,10,False,42,42,True,9.618510246276855,,ok_qwen_token_boundary,True,ok,24,24
exp_c,exp_c__gsm8k_test_000112__think,gsm8k_test_000112,think,canonical,,answer_segment,13,10,False,42,42,True,9.996397972106934,,ok_qwen_token_boundary,True,ok,24,24
exp_c,exp_c__gsm8k_test_000112__think,gsm8k_test_000112,think,canonical,,answer_segment,20,10,False,42,42,True,10.48568058013916,,ok_qwen_token_boundary,True,ok,24,24
exp_c,exp_c__gsm8k_test_000112__no_think,gsm8k_test_000112,no_think,canonical,,full_output,6,10,False,48,48,True,10.17307186126709,,ok,True,ok,24,24
exp_c,exp_c__gsm8k_test_000112__no_think,gsm8k_test_000112,no_think,canonical,,full_output,13,10,False,48,48,True,10.173810958862305,,ok,True,ok,24,24
exp_c,exp_c__gsm8k_test_000112__no_think,gsm8k_test_000112,no_think,canonical,,full_output,20,10,False,48,48,True,11.463335990905762,,ok,True,ok,24,24
exp_c,exp_c__gsm8k_test_000112__no_think,gsm8k_test_000112,no_think,canonical,,answer_segment,6,10,False,48,48,True,10.17307186126709,,ok,True,ok,24,24
exp_c,exp_c__gsm8k_test_000112__no_think,gsm8k_test_000112,no_think,canonical,,answer_segment,13,10,False,48,48,True,10.173810958862305,,ok,True,ok,24,24
exp_c,exp_c__gsm8k_test_000112__no_think,gsm8k_test_000112,no_think,canonical,,answer_segment,20,10,False,48,48,True,11.463335990905762,,ok,True,ok,24,24
exp_c,exp_c__gsm8k_test_000118__think,gsm8k_test_000118,think,canonical,,full_output,6,10,False,221,221,True,15.936909675598145,,ok,True,ok,4,4
exp_c,exp_c__gsm8k_test_000118__think,gsm8k_test_000118,think,canonical,,full_output,13,10,False,221,221,True,11.404401779174805,,ok,True,ok,4,4
exp_c,exp_c__gsm8k_test_000118__think,gsm8k_test_000118,think,canonical,,full_output,20,10,False,221,221,True,11.590937614440918,,ok,True,ok,4,4
exp_c,exp_c__gsm8k_test_000118__think,gsm8k_test_000118,think,canonical,,thinking_segment,6,10,False,175,175,True,15.415206909179688,,ok_qwen_token_boundary,True,ok,4,4
exp_c,exp_c__gsm8k_test_000118__think,gsm8k_test_000118,think,canonical,,thinking_segment,13,10,False,175,175,True,11.521119117736816,,ok_qwen_token_boundary,True,ok,4,4
exp_c,exp_c__gsm8k_test_000118__think,gsm8k_test_000118,think,canonical,,thinking_segment,20,10,False,175,175,True,11.358850479125977,,ok_qwen_token_boundary,True,ok,4,4
exp_c,exp_c__gsm8k_test_000118__think,gsm8k_test_000118,think,canonical,,answer_segment,6,10,False,46,46,True,11.72603988647461,,ok_qwen_token_boundary,True,ok,4,4
exp_c,exp_c__gsm8k_test_000118__think,gsm8k_test_000118,think,canonical,,answer_segment,13,10,False,46,46,True,11.931726455688477,,ok_qwen_token_boundary,True,ok,4,4
exp_c,exp_c__gsm8k_test_000118__think,gsm8k_test_000118,think,canonical,,answer_segment,20,10,False,46,46,True,11.465187072753906,,ok_qwen_token_boundary,True,ok,4,4
exp_c,exp_c__gsm8k_test_000118__no_think,gsm8k_test_000118,no_think,canonical,,full_output,6,10,False,47,47,True,12.940340042114258,,ok,True,ok,4,4
exp_c,exp_c__gsm8k_test_000118__no_think,gsm8k_test_000118,no_think,canonical,,full_output,13,10,False,47,47,True,13.385231971740723,,ok,True,ok,4,4
exp_c,exp_c__gsm8k_test_000118__no_think,gsm8k_test_000118,no_think,canonical,,full_output,20,10,False,47,47,True,13.39724063873291,,ok,True,ok,4,4
exp_c,exp_c__gsm8k_test_000118__no_think,gsm8k_test_000118,no_think,canonical,,answer_segment,6,10,False,47,47,True,12.940340042114258,,ok,True,ok,4,4
exp_c,exp_c__gsm8k_test_000118__no_think,gsm8k_test_000118,no_think,canonical,,answer_segment,13,10,False,47,47,True,13.385231971740723,,ok,True,ok,4,4
exp_c,exp_c__gsm8k_test_000118__no_think,gsm8k_test_000118,no_think,canonical,,answer_segment,20,10,False,47,47,True,13.39724063873291,,ok,True,ok,4,4
exp_c,exp_c__gsm8k_test_000133__think,gsm8k_test_000133,think,canonical,,full_output,6,10,False,186,186,True,16.333703994750977,,ok,True,ok,13,13
exp_c,exp_c__gsm8k_test_000133__think,gsm8k_test_000133,think,canonical,,full_output,13,10,False,186,186,True,11.517599105834961,,ok,True,ok,13,13
exp_c,exp_c__gsm8k_test_000133__think,gsm8k_test_000133,think,canonical,,full_output,20,10,False,186,186,True,11.002686500549316,,ok,True,ok,13,13
exp_c,exp_c__gsm8k_test_000133__think,gsm8k_test_000133,think,canonical,,thinking_segment,6,10,False,139,139,True,17.02063751220703,,ok_qwen_token_boundary,True,ok,13,13
exp_c,exp_c__gsm8k_test_000133__think,gsm8k_test_000133,think,canonical,,thinking_segment,13,10,False,139,139,True,12.14621353149414,,ok_qwen_token_boundary,True,ok,13,13
exp_c,exp_c__gsm8k_test_000133__think,gsm8k_test_000133,think,canonical,,thinking_segment,20,10,False,139,139,True,11.604308128356934,,ok_qwen_token_boundary,True,ok,13,13
exp_c,exp_c__gsm8k_test_000133__think,gsm8k_test_000133,think,canonical,,answer_segment,6,10,False,47,47,True,12.54995059967041,,ok_qwen_token_boundary,True,ok,13,13
exp_c,exp_c__gsm8k_test_000133__think,gsm8k_test_000133,think,canonical,,answer_segment,13,10,False,47,47,True,13.117668151855469,,ok_qwen_token_boundary,True,ok,13,13
exp_c,exp_c__gsm8k_test_000133__think,gsm8k_test_000133,think,canonical,,answer_segment,20,10,False,47,47,True,12.144532203674316,,ok_qwen_token_boundary,True,ok,13,13
exp_c,exp_c__gsm8k_test_000133__no_think,gsm8k_test_000133,no_think,canonical,,full_output,6,10,False,45,45,True,12.351755142211914,,ok,True,ok,13,13
exp_c,exp_c__gsm8k_test_000133__no_think,gsm8k_test_000133,no_think,canonical,,full_output,13,10,False,45,45,True,11.492100715637207,,ok,True,ok,13,13
exp_c,exp_c__gsm8k_test_000133__no_think,gsm8k_test_000133,no_think,canonical,,full_output,20,10,False,45,45,True,11.429447174072266,,ok,True,ok,13,13
exp_c,exp_c__gsm8k_test_000133__no_think,gsm8k_test_000133,no_think,canonical,,answer_segment,6,10,False,45,45,True,12.351755142211914,,ok,True,ok,13,13
exp_c,exp_c__gsm8k_test_000133__no_think,gsm8k_test_000133,no_think,canonical,,answer_segment,13,10,False,45,45,True,11.492100715637207,,ok,True,ok,13,13
exp_c,exp_c__gsm8k_test_000133__no_think,gsm8k_test_000133,no_think,canonical,,answer_segment,20,10,False,45,45,True,11.429447174072266,,ok,True,ok,13,13
exp_c,exp_c__gsm8k_test_000135__think,gsm8k_test_000135,think,canonical,,full_output,6,10,False,223,223,True,16.516311645507812,,ok,True,ok,40,40
exp_c,exp_c__gsm8k_test_000135__think,gsm8k_test_000135,think,canonical,,full_output,13,10,False,223,223,True,12.300049781799316,,ok,True,ok,40,40
exp_c,exp_c__gsm8k_test_000135__think,gsm8k_test_000135,think,canonical,,full_output,20,10,False,223,223,True,11.21030330657959,,ok,True,ok,40,40
exp_c,exp_c__gsm8k_test_000135__think,gsm8k_test_000135,think,canonical,,thinking_segment,6,10,False,184,184,True,16.127351760864258,,ok_qwen_token_boundary,True,ok,40,40
exp_c,exp_c__gsm8k_test_000135__think,gsm8k_test_000135,think,canonical,,thinking_segment,13,10,False,184,184,True,12.259710311889648,,ok_qwen_token_boundary,True,ok,40,40
exp_c,exp_c__gsm8k_test_000135__think,gsm8k_test_000135,think,canonical,,thinking_segment,20,10,False,184,184,True,11.590775489807129,,ok_qwen_token_boundary,True,ok,40,40
exp_c,exp_c__gsm8k_test_000135__think,gsm8k_test_000135,think,canonical,,answer_segment,6,10,False,39,39,True,11.831873893737793,,ok_qwen_token_boundary,True,ok,40,40
exp_c,exp_c__gsm8k_test_000135__think,gsm8k_test_000135,think,canonical,,answer_segment,13,10,False,39,39,True,12.821304321289062,,ok_qwen_token_boundary,True,ok,40,40
exp_c,exp_c__gsm8k_test_000135__think,gsm8k_test_000135,think,canonical,,answer_segment,20,10,False,39,39,True,11.221715927124023,,ok_qwen_token_boundary,True,ok,40,40
exp_c,exp_c__gsm8k_test_000135__no_think,gsm8k_test_000135,no_think,canonical,,full_output,6,10,False,42,42,True,12.925395965576172,,ok,False,ok,40,55
exp_c,exp_c__gsm8k_test_000135__no_think,gsm8k_test_000135,no_think,canonical,,full_output,13,10,False,42,42,True,12.043684005737305,,ok,False,ok,40,55
exp_c,exp_c__gsm8k_test_000135__no_think,gsm8k_test_000135,no_think,canonical,,full_output,20,10,False,42,42,True,11.329062461853027,,ok,False,ok,40,55
exp_c,exp_c__gsm8k_test_000135__no_think,gsm8k_test_000135,no_think,canonical,,answer_segment,6,10,False,42,42,True,12.925395965576172,,ok,False,ok,40,55
exp_c,exp_c__gsm8k_test_000135__no_think,gsm8k_test_000135,no_think,canonical,,answer_segment,13,10,False,42,42,True,12.043684005737305,,ok,False,ok,40,55
exp_c,exp_c__gsm8k_test_000135__no_think,gsm8k_test_000135,no_think,canonical,,answer_segment,20,10,False,42,42,True,11.329062461853027,,ok,False,ok,40,55
exp_c,exp_c__gsm8k_test_000150__think,gsm8k_test_000150,think,canonical,,full_output,6,10,False,569,569,True,11.902155876159668,,ok,True,ok,4,4
exp_c,exp_c__gsm8k_test_000150__think,gsm8k_test_000150,think,canonical,,full_output,13,10,False,569,569,True,9.923857688903809,,ok,True,ok,4,4
exp_c,exp_c__gsm8k_test_000150__think,gsm8k_test_000150,think,canonical,,full_output,20,10,False,569,569,True,10.620316505432129,,ok,True,ok,4,4
exp_c,exp_c__gsm8k_test_000150__think,gsm8k_test_000150,think,canonical,,thinking_segment,6,10,False,514,514,True,11.503822326660156,,ok_qwen_token_boundary,True,ok,4,4
exp_c,exp_c__gsm8k_test_000150__think,gsm8k_test_000150,think,canonical,,thinking_segment,13,10,False,514,514,True,9.664259910583496,,ok_qwen_token_boundary,True,ok,4,4
exp_c,exp_c__gsm8k_test_000150__think,gsm8k_test_000150,think,canonical,,thinking_segment,20,10,False,514,514,True,10.367914199829102,,ok_qwen_token_boundary,True,ok,4,4
exp_c,exp_c__gsm8k_test_000150__think,gsm8k_test_000150,think,canonical,,answer_segment,6,10,False,55,55,True,11.413790702819824,,ok_qwen_token_boundary,True,ok,4,4
exp_c,exp_c__gsm8k_test_000150__think,gsm8k_test_000150,think,canonical,,answer_segment,13,10,False,55,55,True,11.303421020507812,,ok_qwen_token_boundary,True,ok,4,4
exp_c,exp_c__gsm8k_test_000150__think,gsm8k_test_000150,think,canonical,,answer_segment,20,10,False,55,55,True,11.623380661010742,,ok_qwen_token_boundary,True,ok,4,4
exp_c,exp_c__gsm8k_test_000150__no_think,gsm8k_test_000150,no_think,canonical,,full_output,6,10,False,57,57,True,13.330986976623535,,ok,False,ok,4,10
exp_c,exp_c__gsm8k_test_000150__no_think,gsm8k_test_000150,no_think,canonical,,full_output,13,10,False,57,57,True,11.706470489501953,,ok,False,ok,4,10
exp_c,exp_c__gsm8k_test_000150__no_think,gsm8k_test_000150,no_think,canonical,,full_output,20,10,False,57,57,True,11.702174186706543,,ok,False,ok,4,10
exp_c,exp_c__gsm8k_test_000150__no_think,gsm8k_test_000150,no_think,canonical,,answer_segment,6,10,False,57,57,True,13.330986976623535,,ok,False,ok,4,10
exp_c,exp_c__gsm8k_test_000150__no_think,gsm8k_test_000150,no_think,canonical,,answer_segment,13,10,False,57,57,True,11.706470489501953,,ok,False,ok,4,10
exp_c,exp_c__gsm8k_test_000150__no_think,gsm8k_test_000150,no_think,canonical,,answer_segment,20,10,False,57,57,True,11.702174186706543,,ok,False,ok,4,10
exp_c,exp_c__gsm8k_test_000156__think,gsm8k_test_000156,think,canonical,,full_output,6,10,False,372,372,True,12.882379531860352,,ok,True,ok,1400,1400
exp_c,exp_c__gsm8k_test_000156__think,gsm8k_test_000156,think,canonical,,full_output,13,10,False,372,372,True,9.813005447387695,,ok,True,ok,1400,1400
exp_c,exp_c__gsm8k_test_000156__think,gsm8k_test_000156,think,canonical,,full_output,20,10,False,372,372,True,24.436336517333984,,ok,True,ok,1400,1400
exp_c,exp_c__gsm8k_test_000156__think,gsm8k_test_000156,think,canonical,,thinking_segment,6,10,False,319,319,True,14.080904960632324,,ok_qwen_token_boundary,True,ok,1400,1400
exp_c,exp_c__gsm8k_test_000156__think,gsm8k_test_000156,think,canonical,,thinking_segment,13,10,False,319,319,True,10.303889274597168,,ok_qwen_token_boundary,True,ok,1400,1400
exp_c,exp_c__gsm8k_test_000156__think,gsm8k_test_000156,think,canonical,,thinking_segment,20,10,False,319,319,True,22.731985092163086,,ok_qwen_token_boundary,True,ok,1400,1400
exp_c,exp_c__gsm8k_test_000156__think,gsm8k_test_000156,think,canonical,,answer_segment,6,10,False,53,53,True,14.201406478881836,,ok_qwen_token_boundary,True,ok,1400,1400
exp_c,exp_c__gsm8k_test_000156__think,gsm8k_test_000156,think,canonical,,answer_segment,13,10,False,53,53,True,13.174355506896973,,ok_qwen_token_boundary,True,ok,1400,1400
exp_c,exp_c__gsm8k_test_000156__think,gsm8k_test_000156,think,canonical,,answer_segment,20,10,False,53,53,True,11.512166023254395,,ok_qwen_token_boundary,True,ok,1400,1400
exp_c,exp_c__gsm8k_test_000156__no_think,gsm8k_test_000156,no_think,canonical,,full_output,6,10,False,55,55,True,15.452645301818848,,ok,True,ok,1400,1400
exp_c,exp_c__gsm8k_test_000156__no_think,gsm8k_test_000156,no_think,canonical,,full_output,13,10,False,55,55,True,11.47494125366211,,ok,True,ok,1400,1400
exp_c,exp_c__gsm8k_test_000156__no_think,gsm8k_test_000156,no_think,canonical,,full_output,20,10,False,55,55,True,12.090287208557129,,ok,True,ok,1400,1400
exp_c,exp_c__gsm8k_test_000156__no_think,gsm8k_test_000156,no_think,canonical,,answer_segment,6,10,False,55,55,True,15.452645301818848,,ok,True,ok,1400,1400
exp_c,exp_c__gsm8k_test_000156__no_think,gsm8k_test_000156,no_think,canonical,,answer_segment,13,10,False,55,55,True,11.47494125366211,,ok,True,ok,1400,1400
exp_c,exp_c__gsm8k_test_000156__no_think,gsm8k_test_000156,no_think,canonical,,answer_segment,20,10,False,55,55,True,12.090287208557129,,ok,True,ok,1400,1400
exp_c,exp_c__gsm8k_test_000162__think,gsm8k_test_000162,think,canonical,,full_output,6,10,False,561,561,True,12.42440128326416,,ok,True,ok,92,92
exp_c,exp_c__gsm8k_test_000162__think,gsm8k_test_000162,think,canonical,,full_output,13,10,False,561,561,True,9.441669464111328,,ok,True,ok,92,92
exp_c,exp_c__gsm8k_test_000162__think,gsm8k_test_000162,think,canonical,,full_output,20,10,False,561,561,True,10.055465698242188,,ok,True,ok,92,92
exp_c,exp_c__gsm8k_test_000162__think,gsm8k_test_000162,think,canonical,,thinking_segment,6,10,False,514,514,True,11.512909889221191,,ok_qwen_token_boundary,True,ok,92,92
exp_c,exp_c__gsm8k_test_000162__think,gsm8k_test_000162,think,canonical,,thinking_segment,13,10,False,514,514,True,9.011500358581543,,ok_qwen_token_boundary,True,ok,92,92
exp_c,exp_c__gsm8k_test_000162__think,gsm8k_test_000162,think,canonical,,thinking_segment,20,10,False,514,514,True,9.646429061889648,,ok_qwen_token_boundary,True,ok,92,92
exp_c,exp_c__gsm8k_test_000162__think,gsm8k_test_000162,think,canonical,,answer_segment,6,10,False,47,47,True,15.724983215332031,,ok_qwen_token_boundary,True,ok,92,92
exp_c,exp_c__gsm8k_test_000162__think,gsm8k_test_000162,think,canonical,,answer_segment,13,10,False,47,47,True,12.421685218811035,,ok_qwen_token_boundary,True,ok,92,92
exp_c,exp_c__gsm8k_test_000162__think,gsm8k_test_000162,think,canonical,,answer_segment,20,10,False,47,47,True,12.315010070800781,,ok_qwen_token_boundary,True,ok,92,92
exp_c,exp_c__gsm8k_test_000162__no_think,gsm8k_test_000162,no_think,canonical,,full_output,6,10,False,53,53,True,16.6308650970459,,ok,False,ok,92,137843.2
exp_c,exp_c__gsm8k_test_000162__no_think,gsm8k_test_000162,no_think,canonical,,full_output,13,10,False,53,53,True,11.972187995910645,,ok,False,ok,92,137843.2
exp_c,exp_c__gsm8k_test_000162__no_think,gsm8k_test_000162,no_think,canonical,,full_output,20,10,False,53,53,True,11.29755687713623,,ok,False,ok,92,137843.2
exp_c,exp_c__gsm8k_test_000162__no_think,gsm8k_test_000162,no_think,canonical,,answer_segment,6,10,False,53,53,True,16.6308650970459,,ok,False,ok,92,137843.2
exp_c,exp_c__gsm8k_test_000162__no_think,gsm8k_test_000162,no_think,canonical,,answer_segment,13,10,False,53,53,True,11.972187995910645,,ok,False,ok,92,137843.2
exp_c,exp_c__gsm8k_test_000162__no_think,gsm8k_test_000162,no_think,canonical,,answer_segment,20,10,False,53,53,True,11.29755687713623,,ok,False,ok,92,137843.2
exp_c,exp_c__gsm8k_test_000172__think,gsm8k_test_000172,think,canonical,,full_output,6,10,False,396,396,True,14.965391159057617,,ok,True,ok,51,51
exp_c,exp_c__gsm8k_test_000172__think,gsm8k_test_000172,think,canonical,,full_output,13,10,False,396,396,True,10.546299934387207,,ok,True,ok,51,51
exp_c,exp_c__gsm8k_test_000172__think,gsm8k_test_000172,think,canonical,,full_output,20,10,False,396,396,True,27.549957275390625,,ok,True,ok,51,51
exp_c,exp_c__gsm8k_test_000172__think,gsm8k_test_000172,think,canonical,,thinking_segment,6,10,False,339,339,True,13.899801254272461,,ok_qwen_token_boundary,True,ok,51,51
exp_c,exp_c__gsm8k_test_000172__think,gsm8k_test_000172,think,canonical,,thinking_segment,13,10,False,339,339,True,10.398160934448242,,ok_qwen_token_boundary,True,ok,51,51
exp_c,exp_c__gsm8k_test_000172__think,gsm8k_test_000172,think,canonical,,thinking_segment,20,10,False,339,339,True,27.05925941467285,,ok_qwen_token_boundary,True,ok,51,51
exp_c,exp_c__gsm8k_test_000172__think,gsm8k_test_000172,think,canonical,,answer_segment,6,10,False,57,57,True,16.551156997680664,,ok_qwen_token_boundary,True,ok,51,51
exp_c,exp_c__gsm8k_test_000172__think,gsm8k_test_000172,think,canonical,,answer_segment,13,10,False,57,57,True,11.61275863647461,,ok_qwen_token_boundary,True,ok,51,51
exp_c,exp_c__gsm8k_test_000172__think,gsm8k_test_000172,think,canonical,,answer_segment,20,10,False,57,57,True,11.12435245513916,,ok_qwen_token_boundary,True,ok,51,51
exp_c,exp_c__gsm8k_test_000172__no_think,gsm8k_test_000172,no_think,canonical,,full_output,6,10,False,74,74,True,10.848565101623535,,ok,False,ok,51,32
exp_c,exp_c__gsm8k_test_000172__no_think,gsm8k_test_000172,no_think,canonical,,full_output,13,10,False,74,74,True,9.104656219482422,,ok,False,ok,51,32
exp_c,exp_c__gsm8k_test_000172__no_think,gsm8k_test_000172,no_think,canonical,,full_output,20,10,False,74,74,True,10.848676681518555,,ok,False,ok,51,32
exp_c,exp_c__gsm8k_test_000172__no_think,gsm8k_test_000172,no_think,canonical,,answer_segment,6,10,False,74,74,True,10.848565101623535,,ok,False,ok,51,32
exp_c,exp_c__gsm8k_test_000172__no_think,gsm8k_test_000172,no_think,canonical,,answer_segment,13,10,False,74,74,True,9.104656219482422,,ok,False,ok,51,32
exp_c,exp_c__gsm8k_test_000172__no_think,gsm8k_test_000172,no_think,canonical,,answer_segment,20,10,False,74,74,True,10.848676681518555,,ok,False,ok,51,32
exp_c,exp_c__gsm8k_test_000176__think,gsm8k_test_000176,think,canonical,,full_output,6,10,False,240,240,True,14.390551567077637,,ok,True,ok,100,100
exp_c,exp_c__gsm8k_test_000176__think,gsm8k_test_000176,think,canonical,,full_output,13,10,False,240,240,True,11.129253387451172,,ok,True,ok,100,100
exp_c,exp_c__gsm8k_test_000176__think,gsm8k_test_000176,think,canonical,,full_output,20,10,False,240,240,True,11.537176132202148,,ok,True,ok,100,100
exp_c,exp_c__gsm8k_test_000176__think,gsm8k_test_000176,think,canonical,,thinking_segment,6,10,False,190,190,True,14.526453018188477,,ok_qwen_token_boundary,True,ok,100,100
exp_c,exp_c__gsm8k_test_000176__think,gsm8k_test_000176,think,canonical,,thinking_segment,13,10,False,190,190,True,11.67776107788086,,ok_qwen_token_boundary,True,ok,100,100
exp_c,exp_c__gsm8k_test_000176__think,gsm8k_test_000176,think,canonical,,thinking_segment,20,10,False,190,190,True,11.948797225952148,,ok_qwen_token_boundary,True,ok,100,100
exp_c,exp_c__gsm8k_test_000176__think,gsm8k_test_000176,think,canonical,,answer_segment,6,10,False,50,50,True,11.913439750671387,,ok_qwen_token_boundary,True,ok,100,100
exp_c,exp_c__gsm8k_test_000176__think,gsm8k_test_000176,think,canonical,,answer_segment,13,10,False,50,50,True,11.501116752624512,,ok_qwen_token_boundary,True,ok,100,100
exp_c,exp_c__gsm8k_test_000176__think,gsm8k_test_000176,think,canonical,,answer_segment,20,10,False,50,50,True,11.673989295959473,,ok_qwen_token_boundary,True,ok,100,100
exp_c,exp_c__gsm8k_test_000176__no_think,gsm8k_test_000176,no_think,canonical,,full_output,6,10,False,65,65,True,10.549800872802734,,ok,True,ok,100,100
exp_c,exp_c__gsm8k_test_000176__no_think,gsm8k_test_000176,no_think,canonical,,full_output,13,10,False,65,65,True,9.588969230651855,,ok,True,ok,100,100
exp_c,exp_c__gsm8k_test_000176__no_think,gsm8k_test_000176,no_think,canonical,,full_output,20,10,False,65,65,True,10.833502769470215,,ok,True,ok,100,100
exp_c,exp_c__gsm8k_test_000176__no_think,gsm8k_test_000176,no_think,canonical,,answer_segment,6,10,False,65,65,True,10.549800872802734,,ok,True,ok,100,100
exp_c,exp_c__gsm8k_test_000176__no_think,gsm8k_test_000176,no_think,canonical,,answer_segment,13,10,False,65,65,True,9.588969230651855,,ok,True,ok,100,100
exp_c,exp_c__gsm8k_test_000176__no_think,gsm8k_test_000176,no_think,canonical,,answer_segment,20,10,False,65,65,True,10.833502769470215,,ok,True,ok,100,100
exp_c,exp_c__gsm8k_test_000182__think,gsm8k_test_000182,think,canonical,,full_output,6,10,False,531,531,True,15.492676734924316,,ok,True,ok,23,23
exp_c,exp_c__gsm8k_test_000182__think,gsm8k_test_000182,think,canonical,,full_output,13,10,False,531,531,True,9.581433296203613,,ok,True,ok,23,23
exp_c,exp_c__gsm8k_test_000182__think,gsm8k_test_000182,think,canonical,,full_output,20,10,False,531,531,True,20.58465003967285,,ok,True,ok,23,23
exp_c,exp_c__gsm8k_test_000182__think,gsm8k_test_000182,think,canonical,,thinking_segment,6,10,False,482,482,True,14.37392520904541,,ok_qwen_token_boundary,True,ok,23,23
exp_c,exp_c__gsm8k_test_000182__think,gsm8k_test_000182,think,canonical,,thinking_segment,13,10,False,482,482,True,9.187507629394531,,ok_qwen_token_boundary,True,ok,23,23
exp_c,exp_c__gsm8k_test_000182__think,gsm8k_test_000182,think,canonical,,thinking_segment,20,10,False,482,482,True,26.850461959838867,,ok_qwen_token_boundary,True,ok,23,23
exp_c,exp_c__gsm8k_test_000182__think,gsm8k_test_000182,think,canonical,,answer_segment,6,10,False,49,49,True,11.673254013061523,,ok_qwen_token_boundary,True,ok,23,23
exp_c,exp_c__gsm8k_test_000182__think,gsm8k_test_000182,think,canonical,,answer_segment,13,10,False,49,49,True,10.828019142150879,,ok_qwen_token_boundary,True,ok,23,23
exp_c,exp_c__gsm8k_test_000182__think,gsm8k_test_000182,think,canonical,,answer_segment,20,10,False,49,49,True,10.696102142333984,,ok_qwen_token_boundary,True,ok,23,23
exp_c,exp_c__gsm8k_test_000182__no_think,gsm8k_test_000182,no_think,canonical,,full_output,6,10,False,45,45,True,11.143660545349121,,ok,False,ok,23,32
exp_c,exp_c__gsm8k_test_000182__no_think,gsm8k_test_000182,no_think,canonical,,full_output,13,10,False,45,45,True,9.81192398071289,,ok,False,ok,23,32
exp_c,exp_c__gsm8k_test_000182__no_think,gsm8k_test_000182,no_think,canonical,,full_output,20,10,False,45,45,True,10.414925575256348,,ok,False,ok,23,32
exp_c,exp_c__gsm8k_test_000182__no_think,gsm8k_test_000182,no_think,canonical,,answer_segment,6,10,False,45,45,True,11.143660545349121,,ok,False,ok,23,32
exp_c,exp_c__gsm8k_test_000182__no_think,gsm8k_test_000182,no_think,canonical,,answer_segment,13,10,False,45,45,True,9.81192398071289,,ok,False,ok,23,32
exp_c,exp_c__gsm8k_test_000182__no_think,gsm8k_test_000182,no_think,canonical,,answer_segment,20,10,False,45,45,True,10.414925575256348,,ok,False,ok,23,32
exp_c,exp_c__gsm8k_test_000188__think,gsm8k_test_000188,think,canonical,,full_output,6,10,False,254,254,True,16.76667022705078,,ok,True,ok,50,50
exp_c,exp_c__gsm8k_test_000188__think,gsm8k_test_000188,think,canonical,,full_output,13,10,False,254,254,True,11.345987319946289,,ok,True,ok,50,50
exp_c,exp_c__gsm8k_test_000188__think,gsm8k_test_000188,think,canonical,,full_output,20,10,False,254,254,True,11.017317771911621,,ok,True,ok,50,50
exp_c,exp_c__gsm8k_test_000188__think,gsm8k_test_000188,think,canonical,,thinking_segment,6,10,False,207,207,True,14.831765174865723,,ok_qwen_token_boundary,True,ok,50,50
exp_c,exp_c__gsm8k_test_000188__think,gsm8k_test_000188,think,canonical,,thinking_segment,13,10,False,207,207,True,10.960389137268066,,ok_qwen_token_boundary,True,ok,50,50
exp_c,exp_c__gsm8k_test_000188__think,gsm8k_test_000188,think,canonical,,thinking_segment,20,10,False,207,207,True,10.641277313232422,,ok_qwen_token_boundary,True,ok,50,50
exp_c,exp_c__gsm8k_test_000188__think,gsm8k_test_000188,think,canonical,,answer_segment,6,10,False,47,47,True,11.83203411102295,,ok_qwen_token_boundary,True,ok,50,50
exp_c,exp_c__gsm8k_test_000188__think,gsm8k_test_000188,think,canonical,,answer_segment,13,10,False,47,47,True,12.028197288513184,,ok_qwen_token_boundary,True,ok,50,50
exp_c,exp_c__gsm8k_test_000188__think,gsm8k_test_000188,think,canonical,,answer_segment,20,10,False,47,47,True,12.775933265686035,,ok_qwen_token_boundary,True,ok,50,50
exp_c,exp_c__gsm8k_test_000188__no_think,gsm8k_test_000188,no_think,canonical,,full_output,6,10,False,52,52,True,12.582367897033691,,ok,False,ok,50,20
exp_c,exp_c__gsm8k_test_000188__no_think,gsm8k_test_000188,no_think,canonical,,full_output,13,10,False,52,52,True,11.762542724609375,,ok,False,ok,50,20
exp_c,exp_c__gsm8k_test_000188__no_think,gsm8k_test_000188,no_think,canonical,,full_output,20,10,False,52,52,True,12.311400413513184,,ok,False,ok,50,20
exp_c,exp_c__gsm8k_test_000188__no_think,gsm8k_test_000188,no_think,canonical,,answer_segment,6,10,False,52,52,True,12.582367897033691,,ok,False,ok,50,20
exp_c,exp_c__gsm8k_test_000188__no_think,gsm8k_test_000188,no_think,canonical,,answer_segment,13,10,False,52,52,True,11.762542724609375,,ok,False,ok,50,20
exp_c,exp_c__gsm8k_test_000188__no_think,gsm8k_test_000188,no_think,canonical,,answer_segment,20,10,False,52,52,True,12.311400413513184,,ok,False,ok,50,20
exp_c,exp_c__gsm8k_test_000192__think,gsm8k_test_000192,think,canonical,,full_output,6,10,False,200,200,True,16.212535858154297,,ok,True,ok,91,91
exp_c,exp_c__gsm8k_test_000192__think,gsm8k_test_000192,think,canonical,,full_output,13,10,False,200,200,True,12.490883827209473,,ok,True,ok,91,91
exp_c,exp_c__gsm8k_test_000192__think,gsm8k_test_000192,think,canonical,,full_output,20,10,False,200,200,True,11.784521102905273,,ok,True,ok,91,91
exp_c,exp_c__gsm8k_test_000192__think,gsm8k_test_000192,think,canonical,,thinking_segment,6,10,False,135,135,True,17.488046646118164,,ok_qwen_token_boundary,True,ok,91,91
exp_c,exp_c__gsm8k_test_000192__think,gsm8k_test_000192,think,canonical,,thinking_segment,13,10,False,135,135,True,13.51937484741211,,ok_qwen_token_boundary,True,ok,91,91
exp_c,exp_c__gsm8k_test_000192__think,gsm8k_test_000192,think,canonical,,thinking_segment,20,10,False,135,135,True,12.136795043945312,,ok_qwen_token_boundary,True,ok,91,91
exp_c,exp_c__gsm8k_test_000192__think,gsm8k_test_000192,think,canonical,,answer_segment,6,10,False,65,65,True,14.407032012939453,,ok_qwen_token_boundary,True,ok,91,91
exp_c,exp_c__gsm8k_test_000192__think,gsm8k_test_000192,think,canonical,,answer_segment,13,10,False,65,65,True,13.04133415222168,,ok_qwen_token_boundary,True,ok,91,91
exp_c,exp_c__gsm8k_test_000192__think,gsm8k_test_000192,think,canonical,,answer_segment,20,10,False,65,65,True,12.195244789123535,,ok_qwen_token_boundary,True,ok,91,91
exp_c,exp_c__gsm8k_test_000192__no_think,gsm8k_test_000192,no_think,canonical,,full_output,6,10,False,73,73,True,17.01389503479004,,ok,False,ok,91,66
exp_c,exp_c__gsm8k_test_000192__no_think,gsm8k_test_000192,no_think,canonical,,full_output,13,10,False,73,73,True,13.216294288635254,,ok,False,ok,91,66
exp_c,exp_c__gsm8k_test_000192__no_think,gsm8k_test_000192,no_think,canonical,,full_output,20,10,False,73,73,True,12.361957550048828,,ok,False,ok,91,66
exp_c,exp_c__gsm8k_test_000192__no_think,gsm8k_test_000192,no_think,canonical,,answer_segment,6,10,False,73,73,True,17.01389503479004,,ok,False,ok,91,66
exp_c,exp_c__gsm8k_test_000192__no_think,gsm8k_test_000192,no_think,canonical,,answer_segment,13,10,False,73,73,True,13.216294288635254,,ok,False,ok,91,66
exp_c,exp_c__gsm8k_test_000192__no_think,gsm8k_test_000192,no_think,canonical,,answer_segment,20,10,False,73,73,True,12.361957550048828,,ok,False,ok,91,66
exp_c,exp_c__gsm8k_test_000199__think,gsm8k_test_000199,think,canonical,,full_output,6,10,False,237,237,True,14.347180366516113,,ok,True,ok,7500,7500
exp_c,exp_c__gsm8k_test_000199__think,gsm8k_test_000199,think,canonical,,full_output,13,10,False,237,237,True,11.606894493103027,,ok,True,ok,7500,7500
exp_c,exp_c__gsm8k_test_000199__think,gsm8k_test_000199,think,canonical,,full_output,20,10,False,237,237,True,11.703848838806152,,ok,True,ok,7500,7500
exp_c,exp_c__gsm8k_test_000199__think,gsm8k_test_000199,think,canonical,,thinking_segment,6,10,False,173,173,True,13.990313529968262,,ok_qwen_token_boundary,True,ok,7500,7500
exp_c,exp_c__gsm8k_test_000199__think,gsm8k_test_000199,think,canonical,,thinking_segment,13,10,False,173,173,True,12.309053421020508,,ok_qwen_token_boundary,True,ok,7500,7500
exp_c,exp_c__gsm8k_test_000199__think,gsm8k_test_000199,think,canonical,,thinking_segment,20,10,False,173,173,True,12.025749206542969,,ok_qwen_token_boundary,True,ok,7500,7500
exp_c,exp_c__gsm8k_test_000199__think,gsm8k_test_000199,think,canonical,,answer_segment,6,10,False,64,64,True,10.063370704650879,,ok_qwen_token_boundary,True,ok,7500,7500
exp_c,exp_c__gsm8k_test_000199__think,gsm8k_test_000199,think,canonical,,answer_segment,13,10,False,64,64,True,11.353656768798828,,ok_qwen_token_boundary,True,ok,7500,7500
exp_c,exp_c__gsm8k_test_000199__think,gsm8k_test_000199,think,canonical,,answer_segment,20,10,False,64,64,True,11.302894592285156,,ok_qwen_token_boundary,True,ok,7500,7500
exp_c,exp_c__gsm8k_test_000199__no_think,gsm8k_test_000199,no_think,canonical,,full_output,6,10,False,46,46,True,11.315287590026855,,ok,False,ok,7500,5000
exp_c,exp_c__gsm8k_test_000199__no_think,gsm8k_test_000199,no_think,canonical,,full_output,13,10,False,46,46,True,12.158746719360352,,ok,False,ok,7500,5000
exp_c,exp_c__gsm8k_test_000199__no_think,gsm8k_test_000199,no_think,canonical,,full_output,20,10,False,46,46,True,11.459869384765625,,ok,False,ok,7500,5000
exp_c,exp_c__gsm8k_test_000199__no_think,gsm8k_test_000199,no_think,canonical,,answer_segment,6,10,False,46,46,True,11.315287590026855,,ok,False,ok,7500,5000
exp_c,exp_c__gsm8k_test_000199__no_think,gsm8k_test_000199,no_think,canonical,,answer_segment,13,10,False,46,46,True,12.158746719360352,,ok,False,ok,7500,5000
exp_c,exp_c__gsm8k_test_000199__no_think,gsm8k_test_000199,no_think,canonical,,answer_segment,20,10,False,46,46,True,11.459869384765625,,ok,False,ok,7500,5000
exp_c,exp_c__gsm8k_test_000208__think,gsm8k_test_000208,think,canonical,,full_output,6,10,False,308,308,True,13.435530662536621,,ok,True,ok,76,76
exp_c,exp_c__gsm8k_test_000208__think,gsm8k_test_000208,think,canonical,,full_output,13,10,False,308,308,True,10.678303718566895,,ok,True,ok,76,76
exp_c,exp_c__gsm8k_test_000208__think,gsm8k_test_000208,think,canonical,,full_output,20,10,False,308,308,True,28.180999755859375,,ok,True,ok,76,76
exp_c,exp_c__gsm8k_test_000208__think,gsm8k_test_000208,think,canonical,,thinking_segment,6,10,False,247,247,True,14.368705749511719,,ok_qwen_token_boundary,True,ok,76,76
exp_c,exp_c__gsm8k_test_000208__think,gsm8k_test_000208,think,canonical,,thinking_segment,13,10,False,247,247,True,10.916071891784668,,ok_qwen_token_boundary,True,ok,76,76
exp_c,exp_c__gsm8k_test_000208__think,gsm8k_test_000208,think,canonical,,thinking_segment,20,10,False,247,247,True,28.698606491088867,,ok_qwen_token_boundary,True,ok,76,76
exp_c,exp_c__gsm8k_test_000208__think,gsm8k_test_000208,think,canonical,,answer_segment,6,10,False,61,61,True,11.013821601867676,,ok_qwen_token_boundary,True,ok,76,76
exp_c,exp_c__gsm8k_test_000208__think,gsm8k_test_000208,think,canonical,,answer_segment,13,10,False,61,61,True,9.711466789245605,,ok_qwen_token_boundary,True,ok,76,76
exp_c,exp_c__gsm8k_test_000208__think,gsm8k_test_000208,think,canonical,,answer_segment,20,10,False,61,61,True,10.139878273010254,,ok_qwen_token_boundary,True,ok,76,76
exp_c,exp_c__gsm8k_test_000208__no_think,gsm8k_test_000208,no_think,canonical,,full_output,6,10,False,40,40,True,9.445047378540039,,ok,False,ok,76,88
exp_c,exp_c__gsm8k_test_000208__no_think,gsm8k_test_000208,no_think,canonical,,full_output,13,10,False,40,40,True,10.07713508605957,,ok,False,ok,76,88
exp_c,exp_c__gsm8k_test_000208__no_think,gsm8k_test_000208,no_think,canonical,,full_output,20,10,False,40,40,True,10.374094009399414,,ok,False,ok,76,88
exp_c,exp_c__gsm8k_test_000208__no_think,gsm8k_test_000208,no_think,canonical,,answer_segment,6,10,False,40,40,True,9.445047378540039,,ok,False,ok,76,88
exp_c,exp_c__gsm8k_test_000208__no_think,gsm8k_test_000208,no_think,canonical,,answer_segment,13,10,False,40,40,True,10.07713508605957,,ok,False,ok,76,88
exp_c,exp_c__gsm8k_test_000208__no_think,gsm8k_test_000208,no_think,canonical,,answer_segment,20,10,False,40,40,True,10.374094009399414,,ok,False,ok,76,88
exp_c,exp_c__gsm8k_test_000217__think,gsm8k_test_000217,think,canonical,,full_output,6,10,False,159,159,True,13.753726959228516,,ok,True,ok,15,15
exp_c,exp_c__gsm8k_test_000217__think,gsm8k_test_000217,think,canonical,,full_output,13,10,False,159,159,True,11.569499969482422,,ok,True,ok,15,15
exp_c,exp_c__gsm8k_test_000217__think,gsm8k_test_000217,think,canonical,,full_output,20,10,False,159,159,True,11.537728309631348,,ok,True,ok,15,15
exp_c,exp_c__gsm8k_test_000217__think,gsm8k_test_000217,think,canonical,,thinking_segment,6,10,False,116,116,True,13.357736587524414,,ok_qwen_token_boundary,True,ok,15,15
exp_c,exp_c__gsm8k_test_000217__think,gsm8k_test_000217,think,canonical,,thinking_segment,13,10,False,116,116,True,11.7440767288208,,ok_qwen_token_boundary,True,ok,15,15
exp_c,exp_c__gsm8k_test_000217__think,gsm8k_test_000217,think,canonical,,thinking_segment,20,10,False,116,116,True,12.078347206115723,,ok_qwen_token_boundary,True,ok,15,15
exp_c,exp_c__gsm8k_test_000217__think,gsm8k_test_000217,think,canonical,,answer_segment,6,10,False,43,43,True,12.902565002441406,,ok_qwen_token_boundary,True,ok,15,15
exp_c,exp_c__gsm8k_test_000217__think,gsm8k_test_000217,think,canonical,,answer_segment,13,10,False,43,43,True,11.635536193847656,,ok_qwen_token_boundary,True,ok,15,15
exp_c,exp_c__gsm8k_test_000217__think,gsm8k_test_000217,think,canonical,,answer_segment,20,10,False,43,43,True,11.512484550476074,,ok_qwen_token_boundary,True,ok,15,15
exp_c,exp_c__gsm8k_test_000217__no_think,gsm8k_test_000217,no_think,canonical,,full_output,6,10,False,40,40,True,12.081891059875488,,ok,True,ok,15,15
exp_c,exp_c__gsm8k_test_000217__no_think,gsm8k_test_000217,no_think,canonical,,full_output,13,10,False,40,40,True,11.006678581237793,,ok,True,ok,15,15
exp_c,exp_c__gsm8k_test_000217__no_think,gsm8k_test_000217,no_think,canonical,,full_output,20,10,False,40,40,True,11.768528938293457,,ok,True,ok,15,15
exp_c,exp_c__gsm8k_test_000217__no_think,gsm8k_test_000217,no_think,canonical,,answer_segment,6,10,False,40,40,True,12.081891059875488,,ok,True,ok,15,15
exp_c,exp_c__gsm8k_test_000217__no_think,gsm8k_test_000217,no_think,canonical,,answer_segment,13,10,False,40,40,True,11.006678581237793,,ok,True,ok,15,15
exp_c,exp_c__gsm8k_test_000217__no_think,gsm8k_test_000217,no_think,canonical,,answer_segment,20,10,False,40,40,True,11.768528938293457,,ok,True,ok,15,15
exp_c,exp_c__gsm8k_test_000227__think,gsm8k_test_000227,think,canonical,,full_output,6,10,False,588,588,True,13.272818565368652,,ok,True,ok,9,9
exp_c,exp_c__gsm8k_test_000227__think,gsm8k_test_000227,think,canonical,,full_output,13,10,False,588,588,True,9.32651424407959,,ok,True,ok,9,9
exp_c,exp_c__gsm8k_test_000227__think,gsm8k_test_000227,think,canonical,,full_output,20,10,False,588,588,True,9.59485912322998,,ok,True,ok,9,9
exp_c,exp_c__gsm8k_test_000227__think,gsm8k_test_000227,think,canonical,,thinking_segment,6,10,False,514,514,True,13.107213020324707,,ok_qwen_token_boundary,True,ok,9,9
exp_c,exp_c__gsm8k_test_000227__think,gsm8k_test_000227,think,canonical,,thinking_segment,13,10,False,514,514,True,9.431659698486328,,ok_qwen_token_boundary,True,ok,9,9
exp_c,exp_c__gsm8k_test_000227__think,gsm8k_test_000227,think,canonical,,thinking_segment,20,10,False,514,514,True,9.6531982421875,,ok_qwen_token_boundary,True,ok,9,9
exp_c,exp_c__gsm8k_test_000227__think,gsm8k_test_000227,think,canonical,,answer_segment,6,10,False,74,74,True,14.716415405273438,,ok_qwen_token_boundary,True,ok,9,9
exp_c,exp_c__gsm8k_test_000227__think,gsm8k_test_000227,think,canonical,,answer_segment,13,10,False,74,74,True,10.223761558532715,,ok_qwen_token_boundary,True,ok,9,9
exp_c,exp_c__gsm8k_test_000227__think,gsm8k_test_000227,think,canonical,,answer_segment,20,10,False,74,74,True,11.043536186218262,,ok_qwen_token_boundary,True,ok,9,9
exp_c,exp_c__gsm8k_test_000227__no_think,gsm8k_test_000227,no_think,canonical,,full_output,6,10,False,77,77,True,14.938465118408203,,ok,False,ok,9,6.5
exp_c,exp_c__gsm8k_test_000227__no_think,gsm8k_test_000227,no_think,canonical,,full_output,13,10,False,77,77,True,10.833963394165039,,ok,False,ok,9,6.5
exp_c,exp_c__gsm8k_test_000227__no_think,gsm8k_test_000227,no_think,canonical,,full_output,20,10,False,77,77,True,11.038528442382812,,ok,False,ok,9,6.5
exp_c,exp_c__gsm8k_test_000227__no_think,gsm8k_test_000227,no_think,canonical,,answer_segment,6,10,False,77,77,True,14.938465118408203,,ok,False,ok,9,6.5
exp_c,exp_c__gsm8k_test_000227__no_think,gsm8k_test_000227,no_think,canonical,,answer_segment,13,10,False,77,77,True,10.833963394165039,,ok,False,ok,9,6.5
exp_c,exp_c__gsm8k_test_000227__no_think,gsm8k_test_000227,no_think,canonical,,answer_segment,20,10,False,77,77,True,11.038528442382812,,ok,False,ok,9,6.5
exp_c,exp_c__gsm8k_test_000243__think,gsm8k_test_000243,think,canonical,,full_output,6,10,False,421,421,True,11.377843856811523,,ok,True,ok,250,250
exp_c,exp_c__gsm8k_test_000243__think,gsm8k_test_000243,think,canonical,,full_output,13,10,False,421,421,True,9.515207290649414,,ok,True,ok,250,250
exp_c,exp_c__gsm8k_test_000243__think,gsm8k_test_000243,think,canonical,,full_output,20,10,False,421,421,True,20.592742919921875,,ok,True,ok,250,250
exp_c,exp_c__gsm8k_test_000243__think,gsm8k_test_000243,think,canonical,,thinking_segment,6,10,False,368,368,True,11.237297058105469,,ok_qwen_token_boundary,True,ok,250,250
exp_c,exp_c__gsm8k_test_000243__think,gsm8k_test_000243,think,canonical,,thinking_segment,13,10,False,368,368,True,9.589193344116211,,ok_qwen_token_boundary,True,ok,250,250
exp_c,exp_c__gsm8k_test_000243__think,gsm8k_test_000243,think,canonical,,thinking_segment,20,10,False,368,368,True,18.15983772277832,,ok_qwen_token_boundary,True,ok,250,250
exp_c,exp_c__gsm8k_test_000243__think,gsm8k_test_000243,think,canonical,,answer_segment,6,10,False,53,53,True,14.828858375549316,,ok_qwen_token_boundary,True,ok,250,250
exp_c,exp_c__gsm8k_test_000243__think,gsm8k_test_000243,think,canonical,,answer_segment,13,10,False,53,53,True,14.433995246887207,,ok_qwen_token_boundary,True,ok,250,250
exp_c,exp_c__gsm8k_test_000243__think,gsm8k_test_000243,think,canonical,,answer_segment,20,10,False,53,53,True,12.037796020507812,,ok_qwen_token_boundary,True,ok,250,250
exp_c,exp_c__gsm8k_test_000243__no_think,gsm8k_test_000243,no_think,canonical,,full_output,6,10,False,46,46,True,13.970401763916016,,ok,True,ok,250,250
exp_c,exp_c__gsm8k_test_000243__no_think,gsm8k_test_000243,no_think,canonical,,full_output,13,10,False,46,46,True,12.84665298461914,,ok,True,ok,250,250
exp_c,exp_c__gsm8k_test_000243__no_think,gsm8k_test_000243,no_think,canonical,,full_output,20,10,False,46,46,True,11.910950660705566,,ok,True,ok,250,250
exp_c,exp_c__gsm8k_test_000243__no_think,gsm8k_test_000243,no_think,canonical,,answer_segment,6,10,False,46,46,True,13.970401763916016,,ok,True,ok,250,250
exp_c,exp_c__gsm8k_test_000243__no_think,gsm8k_test_000243,no_think,canonical,,answer_segment,13,10,False,46,46,True,12.84665298461914,,ok,True,ok,250,250
exp_c,exp_c__gsm8k_test_000243__no_think,gsm8k_test_000243,no_think,canonical,,answer_segment,20,10,False,46,46,True,11.910950660705566,,ok,True,ok,250,250
exp_c,exp_c__gsm8k_test_000247__think,gsm8k_test_000247,think,canonical,,full_output,6,10,False,298,298,True,17.31684112548828,,ok,True,ok,32,32
exp_c,exp_c__gsm8k_test_000247__think,gsm8k_test_000247,think,canonical,,full_output,13,10,False,298,298,True,11.541040420532227,,ok,True,ok,32,32
exp_c,exp_c__gsm8k_test_000247__think,gsm8k_test_000247,think,canonical,,full_output,20,10,False,298,298,True,32.316688537597656,,ok,True,ok,32,32
exp_c,exp_c__gsm8k_test_000247__think,gsm8k_test_000247,think,canonical,,thinking_segment,6,10,False,247,247,True,18.12220001220703,,ok_qwen_token_boundary,True,ok,32,32
exp_c,exp_c__gsm8k_test_000247__think,gsm8k_test_000247,think,canonical,,thinking_segment,13,10,False,247,247,True,11.772184371948242,,ok_qwen_token_boundary,True,ok,32,32
exp_c,exp_c__gsm8k_test_000247__think,gsm8k_test_000247,think,canonical,,thinking_segment,20,10,False,247,247,True,34.458709716796875,,ok_qwen_token_boundary,True,ok,32,32
exp_c,exp_c__gsm8k_test_000247__think,gsm8k_test_000247,think,canonical,,answer_segment,6,10,False,51,51,True,14.786803245544434,,ok_qwen_token_boundary,True,ok,32,32
exp_c,exp_c__gsm8k_test_000247__think,gsm8k_test_000247,think,canonical,,answer_segment,13,10,False,51,51,True,11.103271484375,,ok_qwen_token_boundary,True,ok,32,32
exp_c,exp_c__gsm8k_test_000247__think,gsm8k_test_000247,think,canonical,,answer_segment,20,10,False,51,51,True,11.023001670837402,,ok_qwen_token_boundary,True,ok,32,32
exp_c,exp_c__gsm8k_test_000247__no_think,gsm8k_test_000247,no_think,canonical,,full_output,6,10,False,47,47,True,13.362273216247559,,ok,True,ok,32,32
exp_c,exp_c__gsm8k_test_000247__no_think,gsm8k_test_000247,no_think,canonical,,full_output,13,10,False,47,47,True,10.63523006439209,,ok,True,ok,32,32
exp_c,exp_c__gsm8k_test_000247__no_think,gsm8k_test_000247,no_think,canonical,,full_output,20,10,False,47,47,True,11.377924919128418,,ok,True,ok,32,32
exp_c,exp_c__gsm8k_test_000247__no_think,gsm8k_test_000247,no_think,canonical,,answer_segment,6,10,False,47,47,True,13.362273216247559,,ok,True,ok,32,32
exp_c,exp_c__gsm8k_test_000247__no_think,gsm8k_test_000247,no_think,canonical,,answer_segment,13,10,False,47,47,True,10.63523006439209,,ok,True,ok,32,32
exp_c,exp_c__gsm8k_test_000247__no_think,gsm8k_test_000247,no_think,canonical,,answer_segment,20,10,False,47,47,True,11.377924919128418,,ok,True,ok,32,32
exp_c,exp_c__gsm8k_test_000252__think,gsm8k_test_000252,think,canonical,,full_output,6,10,False,471,471,True,13.758057594299316,,ok,True,ok,73,73
exp_c,exp_c__gsm8k_test_000252__think,gsm8k_test_000252,think,canonical,,full_output,13,10,False,471,471,True,10.145845413208008,,ok,True,ok,73,73
exp_c,exp_c__gsm8k_test_000252__think,gsm8k_test_000252,think,canonical,,full_output,20,10,False,471,471,True,19.392305374145508,,ok,True,ok,73,73
exp_c,exp_c__gsm8k_test_000252__think,gsm8k_test_000252,think,canonical,,thinking_segment,6,10,False,411,411,True,12.659136772155762,,ok_qwen_token_boundary,True,ok,73,73
exp_c,exp_c__gsm8k_test_000252__think,gsm8k_test_000252,think,canonical,,thinking_segment,13,10,False,411,411,True,9.88662338256836,,ok_qwen_token_boundary,True,ok,73,73
exp_c,exp_c__gsm8k_test_000252__think,gsm8k_test_000252,think,canonical,,thinking_segment,20,10,False,411,411,True,21.533750534057617,,ok_qwen_token_boundary,True,ok,73,73
exp_c,exp_c__gsm8k_test_000252__think,gsm8k_test_000252,think,canonical,,answer_segment,6,10,False,60,60,True,13.039790153503418,,ok_qwen_token_boundary,True,ok,73,73
exp_c,exp_c__gsm8k_test_000252__think,gsm8k_test_000252,think,canonical,,answer_segment,13,10,False,60,60,True,11.364489555358887,,ok_qwen_token_boundary,True,ok,73,73
exp_c,exp_c__gsm8k_test_000252__think,gsm8k_test_000252,think,canonical,,answer_segment,20,10,False,60,60,True,11.031341552734375,,ok_qwen_token_boundary,True,ok,73,73
exp_c,exp_c__gsm8k_test_000252__no_think,gsm8k_test_000252,no_think,canonical,,full_output,6,10,False,50,50,True,11.604657173156738,,ok,True,ok,73,73
exp_c,exp_c__gsm8k_test_000252__no_think,gsm8k_test_000252,no_think,canonical,,full_output,13,10,False,50,50,True,11.118701934814453,,ok,True,ok,73,73
exp_c,exp_c__gsm8k_test_000252__no_think,gsm8k_test_000252,no_think,canonical,,full_output,20,10,False,50,50,True,11.656427383422852,,ok,True,ok,73,73
exp_c,exp_c__gsm8k_test_000252__no_think,gsm8k_test_000252,no_think,canonical,,answer_segment,6,10,False,50,50,True,11.604657173156738,,ok,True,ok,73,73
exp_c,exp_c__gsm8k_test_000252__no_think,gsm8k_test_000252,no_think,canonical,,answer_segment,13,10,False,50,50,True,11.118701934814453,,ok,True,ok,73,73
exp_c,exp_c__gsm8k_test_000252__no_think,gsm8k_test_000252,no_think,canonical,,answer_segment,20,10,False,50,50,True,11.656427383422852,,ok,True,ok,73,73
exp_c,exp_c__gsm8k_test_000254__think,gsm8k_test_000254,think,canonical,,full_output,6,10,False,224,224,True,14.105290412902832,,ok,True,ok,84,84
exp_c,exp_c__gsm8k_test_000254__think,gsm8k_test_000254,think,canonical,,full_output,13,10,False,224,224,True,10.78121280670166,,ok,True,ok,84,84
exp_c,exp_c__gsm8k_test_000254__think,gsm8k_test_000254,think,canonical,,full_output,20,10,False,224,224,True,10.582951545715332,,ok,True,ok,84,84
exp_c,exp_c__gsm8k_test_000254__think,gsm8k_test_000254,think,canonical,,thinking_segment,6,10,False,165,165,True,13.41334056854248,,ok_qwen_token_boundary,True,ok,84,84
exp_c,exp_c__gsm8k_test_000254__think,gsm8k_test_000254,think,canonical,,thinking_segment,13,10,False,165,165,True,11.080693244934082,,ok_qwen_token_boundary,True,ok,84,84
exp_c,exp_c__gsm8k_test_000254__think,gsm8k_test_000254,think,canonical,,thinking_segment,20,10,False,165,165,True,10.509878158569336,,ok_qwen_token_boundary,True,ok,84,84
exp_c,exp_c__gsm8k_test_000254__think,gsm8k_test_000254,think,canonical,,answer_segment,6,10,False,59,59,True,13.208569526672363,,ok_qwen_token_boundary,True,ok,84,84
exp_c,exp_c__gsm8k_test_000254__think,gsm8k_test_000254,think,canonical,,answer_segment,13,10,False,59,59,True,11.652939796447754,,ok_qwen_token_boundary,True,ok,84,84
exp_c,exp_c__gsm8k_test_000254__think,gsm8k_test_000254,think,canonical,,answer_segment,20,10,False,59,59,True,10.466634750366211,,ok_qwen_token_boundary,True,ok,84,84
exp_c,exp_c__gsm8k_test_000254__no_think,gsm8k_test_000254,no_think,canonical,,full_output,6,10,False,51,51,True,11.781700134277344,,ok,True,ok,84,84
exp_c,exp_c__gsm8k_test_000254__no_think,gsm8k_test_000254,no_think,canonical,,full_output,13,10,False,51,51,True,12.6080322265625,,ok,True,ok,84,84
exp_c,exp_c__gsm8k_test_000254__no_think,gsm8k_test_000254,no_think,canonical,,full_output,20,10,False,51,51,True,12.163436889648438,,ok,True,ok,84,84
exp_c,exp_c__gsm8k_test_000254__no_think,gsm8k_test_000254,no_think,canonical,,answer_segment,6,10,False,51,51,True,11.781700134277344,,ok,True,ok,84,84
exp_c,exp_c__gsm8k_test_000254__no_think,gsm8k_test_000254,no_think,canonical,,answer_segment,13,10,False,51,51,True,12.6080322265625,,ok,True,ok,84,84
exp_c,exp_c__gsm8k_test_000254__no_think,gsm8k_test_000254,no_think,canonical,,answer_segment,20,10,False,51,51,True,12.163436889648438,,ok,True,ok,84,84
exp_c,exp_c__gsm8k_test_000257__think,gsm8k_test_000257,think,canonical,,full_output,6,10,False,426,426,True,13.034127235412598,,ok,True,ok,5600,5600
exp_c,exp_c__gsm8k_test_000257__think,gsm8k_test_000257,think,canonical,,full_output,13,10,False,426,426,True,9.81159496307373,,ok,True,ok,5600,5600
exp_c,exp_c__gsm8k_test_000257__think,gsm8k_test_000257,think,canonical,,full_output,20,10,False,426,426,True,20.461395263671875,,ok,True,ok,5600,5600
exp_c,exp_c__gsm8k_test_000257__think,gsm8k_test_000257,think,canonical,,thinking_segment,6,10,False,375,375,True,12.850174903869629,,ok_qwen_token_boundary,True,ok,5600,5600
exp_c,exp_c__gsm8k_test_000257__think,gsm8k_test_000257,think,canonical,,thinking_segment,13,10,False,375,375,True,9.870861053466797,,ok_qwen_token_boundary,True,ok,5600,5600
exp_c,exp_c__gsm8k_test_000257__think,gsm8k_test_000257,think,canonical,,thinking_segment,20,10,False,375,375,True,25.03688621520996,,ok_qwen_token_boundary,True,ok,5600,5600
exp_c,exp_c__gsm8k_test_000257__think,gsm8k_test_000257,think,canonical,,answer_segment,6,10,False,51,51,True,13.15530014038086,,ok_qwen_token_boundary,True,ok,5600,5600
exp_c,exp_c__gsm8k_test_000257__think,gsm8k_test_000257,think,canonical,,answer_segment,13,10,False,51,51,True,12.373366355895996,,ok_qwen_token_boundary,True,ok,5600,5600
exp_c,exp_c__gsm8k_test_000257__think,gsm8k_test_000257,think,canonical,,answer_segment,20,10,False,51,51,True,11.047698020935059,,ok_qwen_token_boundary,True,ok,5600,5600
exp_c,exp_c__gsm8k_test_000257__no_think,gsm8k_test_000257,no_think,canonical,,full_output,6,10,False,62,62,True,16.421098709106445,,ok,True,ok,5600,5600
exp_c,exp_c__gsm8k_test_000257__no_think,gsm8k_test_000257,no_think,canonical,,full_output,13,10,False,62,62,True,12.365911483764648,,ok,True,ok,5600,5600
exp_c,exp_c__gsm8k_test_000257__no_think,gsm8k_test_000257,no_think,canonical,,full_output,20,10,False,62,62,True,11.932934761047363,,ok,True,ok,5600,5600
exp_c,exp_c__gsm8k_test_000257__no_think,gsm8k_test_000257,no_think,canonical,,answer_segment,6,10,False,62,62,True,16.421098709106445,,ok,True,ok,5600,5600
exp_c,exp_c__gsm8k_test_000257__no_think,gsm8k_test_000257,no_think,canonical,,answer_segment,13,10,False,62,62,True,12.365911483764648,,ok,True,ok,5600,5600
exp_c,exp_c__gsm8k_test_000257__no_think,gsm8k_test_000257,no_think,canonical,,answer_segment,20,10,False,62,62,True,11.932934761047363,,ok,True,ok,5600,5600
exp_c,exp_c__gsm8k_test_000273__think,gsm8k_test_000273,think,canonical,,full_output,6,10,False,281,281,True,12.773530006408691,,ok,True,ok,315,315
exp_c,exp_c__gsm8k_test_000273__think,gsm8k_test_000273,think,canonical,,full_output,13,10,False,281,281,True,10.86182975769043,,ok,True,ok,315,315
exp_c,exp_c__gsm8k_test_000273__think,gsm8k_test_000273,think,canonical,,full_output,20,10,False,281,281,True,11.313102722167969,,ok,True,ok,315,315
exp_c,exp_c__gsm8k_test_000273__think,gsm8k_test_000273,think,canonical,,thinking_segment,6,10,False,217,217,True,11.876174926757812,,ok_qwen_token_boundary,True,ok,315,315
exp_c,exp_c__gsm8k_test_000273__think,gsm8k_test_000273,think,canonical,,thinking_segment,13,10,False,217,217,True,11.220444679260254,,ok_qwen_token_boundary,True,ok,315,315
exp_c,exp_c__gsm8k_test_000273__think,gsm8k_test_000273,think,canonical,,thinking_segment,20,10,False,217,217,True,11.550296783447266,,ok_qwen_token_boundary,True,ok,315,315
exp_c,exp_c__gsm8k_test_000273__think,gsm8k_test_000273,think,canonical,,answer_segment,6,10,False,64,64,True,15.584274291992188,,ok_qwen_token_boundary,True,ok,315,315
exp_c,exp_c__gsm8k_test_000273__think,gsm8k_test_000273,think,canonical,,answer_segment,13,10,False,64,64,True,11.745809555053711,,ok_qwen_token_boundary,True,ok,315,315
exp_c,exp_c__gsm8k_test_000273__think,gsm8k_test_000273,think,canonical,,answer_segment,20,10,False,64,64,True,11.454557418823242,,ok_qwen_token_boundary,True,ok,315,315
exp_c,exp_c__gsm8k_test_000273__no_think,gsm8k_test_000273,no_think,canonical,,full_output,6,10,False,61,61,True,13.642647743225098,,ok,True,ok,315,315
exp_c,exp_c__gsm8k_test_000273__no_think,gsm8k_test_000273,no_think,canonical,,full_output,13,10,False,61,61,True,10.224417686462402,,ok,True,ok,315,315
exp_c,exp_c__gsm8k_test_000273__no_think,gsm8k_test_000273,no_think,canonical,,full_output,20,10,False,61,61,True,11.472607612609863,,ok,True,ok,315,315
exp_c,exp_c__gsm8k_test_000273__no_think,gsm8k_test_000273,no_think,canonical,,answer_segment,6,10,False,61,61,True,13.642647743225098,,ok,True,ok,315,315
exp_c,exp_c__gsm8k_test_000273__no_think,gsm8k_test_000273,no_think,canonical,,answer_segment,13,10,False,61,61,True,10.224417686462402,,ok,True,ok,315,315
exp_c,exp_c__gsm8k_test_000273__no_think,gsm8k_test_000273,no_think,canonical,,answer_segment,20,10,False,61,61,True,11.472607612609863,,ok,True,ok,315,315
exp_c,exp_c__gsm8k_test_000274__think,gsm8k_test_000274,think,canonical,,full_output,6,10,False,302,302,True,14.145918846130371,,ok,True,ok,3200,3200
exp_c,exp_c__gsm8k_test_000274__think,gsm8k_test_000274,think,canonical,,full_output,13,10,False,302,302,True,11.065851211547852,,ok,True,ok,3200,3200
exp_c,exp_c__gsm8k_test_000274__think,gsm8k_test_000274,think,canonical,,full_output,20,10,False,302,302,True,26.87932014465332,,ok,True,ok,3200,3200
exp_c,exp_c__gsm8k_test_000274__think,gsm8k_test_000274,think,canonical,,thinking_segment,6,10,False,248,248,True,12.994627952575684,,ok_qwen_token_boundary,True,ok,3200,3200
exp_c,exp_c__gsm8k_test_000274__think,gsm8k_test_000274,think,canonical,,thinking_segment,13,10,False,248,248,True,10.812573432922363,,ok_qwen_token_boundary,True,ok,3200,3200
exp_c,exp_c__gsm8k_test_000274__think,gsm8k_test_000274,think,canonical,,thinking_segment,20,10,False,248,248,True,30.43234634399414,,ok_qwen_token_boundary,True,ok,3200,3200
exp_c,exp_c__gsm8k_test_000274__think,gsm8k_test_000274,think,canonical,,answer_segment,6,10,False,54,54,True,13.265425682067871,,ok_qwen_token_boundary,True,ok,3200,3200
exp_c,exp_c__gsm8k_test_000274__think,gsm8k_test_000274,think,canonical,,answer_segment,13,10,False,54,54,True,12.758838653564453,,ok_qwen_token_boundary,True,ok,3200,3200
exp_c,exp_c__gsm8k_test_000274__think,gsm8k_test_000274,think,canonical,,answer_segment,20,10,False,54,54,True,10.211688995361328,,ok_qwen_token_boundary,True,ok,3200,3200
exp_c,exp_c__gsm8k_test_000274__no_think,gsm8k_test_000274,no_think,canonical,,full_output,6,10,False,44,44,True,12.163413047790527,,ok,True,ok,3200,3200
exp_c,exp_c__gsm8k_test_000274__no_think,gsm8k_test_000274,no_think,canonical,,full_output,13,10,False,44,44,True,12.287212371826172,,ok,True,ok,3200,3200
exp_c,exp_c__gsm8k_test_000274__no_think,gsm8k_test_000274,no_think,canonical,,full_output,20,10,False,44,44,True,10.630240440368652,,ok,True,ok,3200,3200
exp_c,exp_c__gsm8k_test_000274__no_think,gsm8k_test_000274,no_think,canonical,,answer_segment,6,10,False,44,44,True,12.163413047790527,,ok,True,ok,3200,3200
exp_c,exp_c__gsm8k_test_000274__no_think,gsm8k_test_000274,no_think,canonical,,answer_segment,13,10,False,44,44,True,12.287212371826172,,ok,True,ok,3200,3200
exp_c,exp_c__gsm8k_test_000274__no_think,gsm8k_test_000274,no_think,canonical,,answer_segment,20,10,False,44,44,True,10.630240440368652,,ok,True,ok,3200,3200
exp_c,exp_c__gsm8k_test_000276__think,gsm8k_test_000276,think,canonical,,full_output,6,10,False,241,241,True,10.685397148132324,,ok,True,ok,9,9
exp_c,exp_c__gsm8k_test_000276__think,gsm8k_test_000276,think,canonical,,full_output,13,10,False,241,241,True,8.522449493408203,,ok,True,ok,9,9
exp_c,exp_c__gsm8k_test_000276__think,gsm8k_test_000276,think,canonical,,full_output,20,10,False,241,241,True,9.512715339660645,,ok,True,ok,9,9
exp_c,exp_c__gsm8k_test_000276__think,gsm8k_test_000276,think,canonical,,thinking_segment,6,10,False,151,151,True,9.679264068603516,,ok_qwen_token_boundary,True,ok,9,9
exp_c,exp_c__gsm8k_test_000276__think,gsm8k_test_000276,think,canonical,,thinking_segment,13,10,False,151,151,True,9.197328567504883,,ok_qwen_token_boundary,True,ok,9,9
exp_c,exp_c__gsm8k_test_000276__think,gsm8k_test_000276,think,canonical,,thinking_segment,20,10,False,151,151,True,9.676300048828125,,ok_qwen_token_boundary,True,ok,9,9
exp_c,exp_c__gsm8k_test_000276__think,gsm8k_test_000276,think,canonical,,answer_segment,6,10,False,90,90,True,9.836636543273926,,ok_qwen_token_boundary,True,ok,9,9
exp_c,exp_c__gsm8k_test_000276__think,gsm8k_test_000276,think,canonical,,answer_segment,13,10,False,90,90,True,8.159411430358887,,ok_qwen_token_boundary,True,ok,9,9
exp_c,exp_c__gsm8k_test_000276__think,gsm8k_test_000276,think,canonical,,answer_segment,20,10,False,90,90,True,9.21369457244873,,ok_qwen_token_boundary,True,ok,9,9
exp_c,exp_c__gsm8k_test_000276__no_think,gsm8k_test_000276,no_think,canonical,,full_output,6,10,False,153,153,True,8.56063461303711,,ok,False,ok,9,10
exp_c,exp_c__gsm8k_test_000276__no_think,gsm8k_test_000276,no_think,canonical,,full_output,13,10,False,153,153,True,8.680953025817871,,ok,False,ok,9,10
exp_c,exp_c__gsm8k_test_000276__no_think,gsm8k_test_000276,no_think,canonical,,full_output,20,10,False,153,153,True,9.53981876373291,,ok,False,ok,9,10
exp_c,exp_c__gsm8k_test_000276__no_think,gsm8k_test_000276,no_think,canonical,,answer_segment,6,10,False,153,153,True,8.56063461303711,,ok,False,ok,9,10
exp_c,exp_c__gsm8k_test_000276__no_think,gsm8k_test_000276,no_think,canonical,,answer_segment,13,10,False,153,153,True,8.680953025817871,,ok,False,ok,9,10
exp_c,exp_c__gsm8k_test_000276__no_think,gsm8k_test_000276,no_think,canonical,,answer_segment,20,10,False,153,153,True,9.53981876373291,,ok,False,ok,9,10
exp_c,exp_c__gsm8k_test_000282__think,gsm8k_test_000282,think,canonical,,full_output,6,10,False,308,308,True,15.458333969116211,,ok,True,ok,195,195
exp_c,exp_c__gsm8k_test_000282__think,gsm8k_test_000282,think,canonical,,full_output,13,10,False,308,308,True,11.772486686706543,,ok,True,ok,195,195
exp_c,exp_c__gsm8k_test_000282__think,gsm8k_test_000282,think,canonical,,full_output,20,10,False,308,308,True,11.105414390563965,,ok,True,ok,195,195
exp_c,exp_c__gsm8k_test_000282__think,gsm8k_test_000282,think,canonical,,thinking_segment,6,10,False,258,258,True,14.180123329162598,,ok_qwen_token_boundary,True,ok,195,195
exp_c,exp_c__gsm8k_test_000282__think,gsm8k_test_000282,think,canonical,,thinking_segment,13,10,False,258,258,True,11.283254623413086,,ok_qwen_token_boundary,True,ok,195,195
exp_c,exp_c__gsm8k_test_000282__think,gsm8k_test_000282,think,canonical,,thinking_segment,20,10,False,258,258,True,10.76805305480957,,ok_qwen_token_boundary,True,ok,195,195
exp_c,exp_c__gsm8k_test_000282__think,gsm8k_test_000282,think,canonical,,answer_segment,6,10,False,50,50,True,13.594444274902344,,ok_qwen_token_boundary,True,ok,195,195
exp_c,exp_c__gsm8k_test_000282__think,gsm8k_test_000282,think,canonical,,answer_segment,13,10,False,50,50,True,12.295241355895996,,ok_qwen_token_boundary,True,ok,195,195
exp_c,exp_c__gsm8k_test_000282__think,gsm8k_test_000282,think,canonical,,answer_segment,20,10,False,50,50,True,11.818855285644531,,ok_qwen_token_boundary,True,ok,195,195
exp_c,exp_c__gsm8k_test_000282__no_think,gsm8k_test_000282,no_think,canonical,,full_output,6,10,False,62,62,True,16.877668380737305,,ok,False,ok,195,135
exp_c,exp_c__gsm8k_test_000282__no_think,gsm8k_test_000282,no_think,canonical,,full_output,13,10,False,62,62,True,11.950682640075684,,ok,False,ok,195,135
exp_c,exp_c__gsm8k_test_000282__no_think,gsm8k_test_000282,no_think,canonical,,full_output,20,10,False,62,62,True,11.625203132629395,,ok,False,ok,195,135
exp_c,exp_c__gsm8k_test_000282__no_think,gsm8k_test_000282,no_think,canonical,,answer_segment,6,10,False,62,62,True,16.877668380737305,,ok,False,ok,195,135
exp_c,exp_c__gsm8k_test_000282__no_think,gsm8k_test_000282,no_think,canonical,,answer_segment,13,10,False,62,62,True,11.950682640075684,,ok,False,ok,195,135
exp_c,exp_c__gsm8k_test_000282__no_think,gsm8k_test_000282,no_think,canonical,,answer_segment,20,10,False,62,62,True,11.625203132629395,,ok,False,ok,195,135
exp_c,exp_c__gsm8k_test_000290__think,gsm8k_test_000290,think,canonical,,full_output,6,10,False,245,245,True,14.26497745513916,,ok,True,ok,390,390
exp_c,exp_c__gsm8k_test_000290__think,gsm8k_test_000290,think,canonical,,full_output,13,10,False,245,245,True,11.283281326293945,,ok,True,ok,390,390
exp_c,exp_c__gsm8k_test_000290__think,gsm8k_test_000290,think,canonical,,full_output,20,10,False,245,245,True,10.67269229888916,,ok,True,ok,390,390
exp_c,exp_c__gsm8k_test_000290__think,gsm8k_test_000290,think,canonical,,thinking_segment,6,10,False,196,196,True,14.377705574035645,,ok_qwen_token_boundary,True,ok,390,390
exp_c,exp_c__gsm8k_test_000290__think,gsm8k_test_000290,think,canonical,,thinking_segment,13,10,False,196,196,True,11.50130558013916,,ok_qwen_token_boundary,True,ok,390,390
exp_c,exp_c__gsm8k_test_000290__think,gsm8k_test_000290,think,canonical,,thinking_segment,20,10,False,196,196,True,10.539746284484863,,ok_qwen_token_boundary,True,ok,390,390
exp_c,exp_c__gsm8k_test_000290__think,gsm8k_test_000290,think,canonical,,answer_segment,6,10,False,49,49,True,15.059612274169922,,ok_qwen_token_boundary,True,ok,390,390
exp_c,exp_c__gsm8k_test_000290__think,gsm8k_test_000290,think,canonical,,answer_segment,13,10,False,49,49,True,13.269020080566406,,ok_qwen_token_boundary,True,ok,390,390
exp_c,exp_c__gsm8k_test_000290__think,gsm8k_test_000290,think,canonical,,answer_segment,20,10,False,49,49,True,11.615935325622559,,ok_qwen_token_boundary,True,ok,390,390
exp_c,exp_c__gsm8k_test_000290__no_think,gsm8k_test_000290,no_think,canonical,,full_output,6,10,False,49,49,True,15.202402114868164,,ok,False,ok,390,270
exp_c,exp_c__gsm8k_test_000290__no_think,gsm8k_test_000290,no_think,canonical,,full_output,13,10,False,49,49,True,13.148438453674316,,ok,False,ok,390,270
exp_c,exp_c__gsm8k_test_000290__no_think,gsm8k_test_000290,no_think,canonical,,full_output,20,10,False,49,49,True,11.81860065460205,,ok,False,ok,390,270
exp_c,exp_c__gsm8k_test_000290__no_think,gsm8k_test_000290,no_think,canonical,,answer_segment,6,10,False,49,49,True,15.202402114868164,,ok,False,ok,390,270
exp_c,exp_c__gsm8k_test_000290__no_think,gsm8k_test_000290,no_think,canonical,,answer_segment,13,10,False,49,49,True,13.148438453674316,,ok,False,ok,390,270
exp_c,exp_c__gsm8k_test_000290__no_think,gsm8k_test_000290,no_think,canonical,,answer_segment,20,10,False,49,49,True,11.81860065460205,,ok,False,ok,390,270
exp_c,exp_c__gsm8k_test_000294__think,gsm8k_test_000294,think,canonical,,full_output,6,10,False,258,258,True,15.96519947052002,,ok,True,ok,3,3
exp_c,exp_c__gsm8k_test_000294__think,gsm8k_test_000294,think,canonical,,full_output,13,10,False,258,258,True,12.948671340942383,,ok,True,ok,3,3
exp_c,exp_c__gsm8k_test_000294__think,gsm8k_test_000294,think,canonical,,full_output,20,10,False,258,258,True,11.591935157775879,,ok,True,ok,3,3
exp_c,exp_c__gsm8k_test_000294__think,gsm8k_test_000294,think,canonical,,thinking_segment,6,10,False,214,214,True,16.475650787353516,,ok_qwen_token_boundary,True,ok,3,3
exp_c,exp_c__gsm8k_test_000294__think,gsm8k_test_000294,think,canonical,,thinking_segment,13,10,False,214,214,True,12.848922729492188,,ok_qwen_token_boundary,True,ok,3,3
exp_c,exp_c__gsm8k_test_000294__think,gsm8k_test_000294,think,canonical,,thinking_segment,20,10,False,214,214,True,11.499573707580566,,ok_qwen_token_boundary,True,ok,3,3
exp_c,exp_c__gsm8k_test_000294__think,gsm8k_test_000294,think,canonical,,answer_segment,6,10,False,44,44,True,16.278066635131836,,ok_qwen_token_boundary,True,ok,3,3
exp_c,exp_c__gsm8k_test_000294__think,gsm8k_test_000294,think,canonical,,answer_segment,13,10,False,44,44,True,14.286147117614746,,ok_qwen_token_boundary,True,ok,3,3
exp_c,exp_c__gsm8k_test_000294__think,gsm8k_test_000294,think,canonical,,answer_segment,20,10,False,44,44,True,12.436634063720703,,ok_qwen_token_boundary,True,ok,3,3
exp_c,exp_c__gsm8k_test_000294__no_think,gsm8k_test_000294,no_think,canonical,,full_output,6,10,False,43,43,True,13.041546821594238,,ok,True,ok,3,3
exp_c,exp_c__gsm8k_test_000294__no_think,gsm8k_test_000294,no_think,canonical,,full_output,13,10,False,43,43,True,11.382543563842773,,ok,True,ok,3,3
exp_c,exp_c__gsm8k_test_000294__no_think,gsm8k_test_000294,no_think,canonical,,full_output,20,10,False,43,43,True,12.230667114257812,,ok,True,ok,3,3
exp_c,exp_c__gsm8k_test_000294__no_think,gsm8k_test_000294,no_think,canonical,,answer_segment,6,10,False,43,43,True,13.041546821594238,,ok,True,ok,3,3
exp_c,exp_c__gsm8k_test_000294__no_think,gsm8k_test_000294,no_think,canonical,,answer_segment,13,10,False,43,43,True,11.382543563842773,,ok,True,ok,3,3
exp_c,exp_c__gsm8k_test_000294__no_think,gsm8k_test_000294,no_think,canonical,,answer_segment,20,10,False,43,43,True,12.230667114257812,,ok,True,ok,3,3
exp_c,exp_c__gsm8k_test_000296__think,gsm8k_test_000296,think,canonical,,full_output,6,10,False,357,357,True,14.567485809326172,,ok,True,ok,3,3
exp_c,exp_c__gsm8k_test_000296__think,gsm8k_test_000296,think,canonical,,full_output,13,10,False,357,357,True,10.449904441833496,,ok,True,ok,3,3
exp_c,exp_c__gsm8k_test_000296__think,gsm8k_test_000296,think,canonical,,full_output,20,10,False,357,357,True,35.732322692871094,,ok,True,ok,3,3
exp_c,exp_c__gsm8k_test_000296__think,gsm8k_test_000296,think,canonical,,thinking_segment,6,10,False,309,309,True,14.741480827331543,,ok_qwen_token_boundary,True,ok,3,3
exp_c,exp_c__gsm8k_test_000296__think,gsm8k_test_000296,think,canonical,,thinking_segment,13,10,False,309,309,True,10.724418640136719,,ok_qwen_token_boundary,True,ok,3,3
exp_c,exp_c__gsm8k_test_000296__think,gsm8k_test_000296,think,canonical,,thinking_segment,20,10,False,309,309,True,26.683670043945312,,ok_qwen_token_boundary,True,ok,3,3
exp_c,exp_c__gsm8k_test_000296__think,gsm8k_test_000296,think,canonical,,answer_segment,6,10,False,48,48,True,12.140189170837402,,ok_qwen_token_boundary,True,ok,3,3
exp_c,exp_c__gsm8k_test_000296__think,gsm8k_test_000296,think,canonical,,answer_segment,13,10,False,48,48,True,13.73754596710205,,ok_qwen_token_boundary,True,ok,3,3
exp_c,exp_c__gsm8k_test_000296__think,gsm8k_test_000296,think,canonical,,answer_segment,20,10,False,48,48,True,12.872279167175293,,ok_qwen_token_boundary,True,ok,3,3
exp_c,exp_c__gsm8k_test_000296__no_think,gsm8k_test_000296,no_think,canonical,,full_output,6,10,False,65,65,True,13.390108108520508,,ok,True,ok,3,3
exp_c,exp_c__gsm8k_test_000296__no_think,gsm8k_test_000296,no_think,canonical,,full_output,13,10,False,65,65,True,11.920551300048828,,ok,True,ok,3,3
exp_c,exp_c__gsm8k_test_000296__no_think,gsm8k_test_000296,no_think,canonical,,full_output,20,10,False,65,65,True,12.432378768920898,,ok,True,ok,3,3
exp_c,exp_c__gsm8k_test_000296__no_think,gsm8k_test_000296,no_think,canonical,,answer_segment,6,10,False,65,65,True,13.390108108520508,,ok,True,ok,3,3
exp_c,exp_c__gsm8k_test_000296__no_think,gsm8k_test_000296,no_think,canonical,,answer_segment,13,10,False,65,65,True,11.920551300048828,,ok,True,ok,3,3
exp_c,exp_c__gsm8k_test_000296__no_think,gsm8k_test_000296,no_think,canonical,,answer_segment,20,10,False,65,65,True,12.432378768920898,,ok,True,ok,3,3
exp_c,exp_c__gsm8k_test_000300__think,gsm8k_test_000300,think,canonical,,full_output,6,10,False,216,216,True,15.66558837890625,,ok,True,ok,78,78
exp_c,exp_c__gsm8k_test_000300__think,gsm8k_test_000300,think,canonical,,full_output,13,10,False,216,216,True,11.181900978088379,,ok,True,ok,78,78
exp_c,exp_c__gsm8k_test_000300__think,gsm8k_test_000300,think,canonical,,full_output,20,10,False,216,216,True,10.546960830688477,,ok,True,ok,78,78
exp_c,exp_c__gsm8k_test_000300__think,gsm8k_test_000300,think,canonical,,thinking_segment,6,10,False,178,178,True,16.454500198364258,,ok_qwen_token_boundary,True,ok,78,78
exp_c,exp_c__gsm8k_test_000300__think,gsm8k_test_000300,think,canonical,,thinking_segment,13,10,False,178,178,True,11.869708061218262,,ok_qwen_token_boundary,True,ok,78,78
exp_c,exp_c__gsm8k_test_000300__think,gsm8k_test_000300,think,canonical,,thinking_segment,20,10,False,178,178,True,10.84294605255127,,ok_qwen_token_boundary,True,ok,78,78
exp_c,exp_c__gsm8k_test_000300__think,gsm8k_test_000300,think,canonical,,answer_segment,6,10,False,38,38,True,12.604660987854004,,ok_qwen_token_boundary,True,ok,78,78
exp_c,exp_c__gsm8k_test_000300__think,gsm8k_test_000300,think,canonical,,answer_segment,13,10,False,38,38,True,13.033428192138672,,ok_qwen_token_boundary,True,ok,78,78
exp_c,exp_c__gsm8k_test_000300__think,gsm8k_test_000300,think,canonical,,answer_segment,20,10,False,38,38,True,11.41991901397705,,ok_qwen_token_boundary,True,ok,78,78
exp_c,exp_c__gsm8k_test_000300__no_think,gsm8k_test_000300,no_think,canonical,,full_output,6,10,False,38,38,True,11.718132019042969,,ok,True,ok,78,78
exp_c,exp_c__gsm8k_test_000300__no_think,gsm8k_test_000300,no_think,canonical,,full_output,13,10,False,38,38,True,12.518604278564453,,ok,True,ok,78,78
exp_c,exp_c__gsm8k_test_000300__no_think,gsm8k_test_000300,no_think,canonical,,full_output,20,10,False,38,38,True,11.118053436279297,,ok,True,ok,78,78
exp_c,exp_c__gsm8k_test_000300__no_think,gsm8k_test_000300,no_think,canonical,,answer_segment,6,10,False,38,38,True,11.718132019042969,,ok,True,ok,78,78
exp_c,exp_c__gsm8k_test_000300__no_think,gsm8k_test_000300,no_think,canonical,,answer_segment,13,10,False,38,38,True,12.518604278564453,,ok,True,ok,78,78
exp_c,exp_c__gsm8k_test_000300__no_think,gsm8k_test_000300,no_think,canonical,,answer_segment,20,10,False,38,38,True,11.118053436279297,,ok,True,ok,78,78
exp_c,exp_c__gsm8k_test_000304__think,gsm8k_test_000304,think,canonical,,full_output,6,10,False,324,324,True,15.834366798400879,,ok,False,ok,3200,4800
exp_c,exp_c__gsm8k_test_000304__think,gsm8k_test_000304,think,canonical,,full_output,13,10,False,324,324,True,10.659504890441895,,ok,False,ok,3200,4800
exp_c,exp_c__gsm8k_test_000304__think,gsm8k_test_000304,think,canonical,,full_output,20,10,False,324,324,True,38.203453063964844,,ok,False,ok,3200,4800
exp_c,exp_c__gsm8k_test_000304__think,gsm8k_test_000304,think,canonical,,thinking_segment,6,10,False,268,268,True,13.65688419342041,,ok_qwen_token_boundary,False,ok,3200,4800
exp_c,exp_c__gsm8k_test_000304__think,gsm8k_test_000304,think,canonical,,thinking_segment,13,10,False,268,268,True,10.521659851074219,,ok_qwen_token_boundary,False,ok,3200,4800
exp_c,exp_c__gsm8k_test_000304__think,gsm8k_test_000304,think,canonical,,thinking_segment,20,10,False,268,268,True,31.319583892822266,,ok_qwen_token_boundary,False,ok,3200,4800
exp_c,exp_c__gsm8k_test_000304__think,gsm8k_test_000304,think,canonical,,answer_segment,6,10,False,56,56,True,14.475235939025879,,ok_qwen_token_boundary,False,ok,3200,4800
exp_c,exp_c__gsm8k_test_000304__think,gsm8k_test_000304,think,canonical,,answer_segment,13,10,False,56,56,True,12.9360990524292,,ok_qwen_token_boundary,False,ok,3200,4800
exp_c,exp_c__gsm8k_test_000304__think,gsm8k_test_000304,think,canonical,,answer_segment,20,10,False,56,56,True,11.940476417541504,,ok_qwen_token_boundary,False,ok,3200,4800
exp_c,exp_c__gsm8k_test_000304__no_think,gsm8k_test_000304,no_think,canonical,,full_output,6,10,False,53,53,True,14.176406860351562,,ok,False,ok,3200,2200
exp_c,exp_c__gsm8k_test_000304__no_think,gsm8k_test_000304,no_think,canonical,,full_output,13,10,False,53,53,True,12.248390197753906,,ok,False,ok,3200,2200
exp_c,exp_c__gsm8k_test_000304__no_think,gsm8k_test_000304,no_think,canonical,,full_output,20,10,False,53,53,True,11.37890625,,ok,False,ok,3200,2200
exp_c,exp_c__gsm8k_test_000304__no_think,gsm8k_test_000304,no_think,canonical,,answer_segment,6,10,False,53,53,True,14.176406860351562,,ok,False,ok,3200,2200
exp_c,exp_c__gsm8k_test_000304__no_think,gsm8k_test_000304,no_think,canonical,,answer_segment,13,10,False,53,53,True,12.248390197753906,,ok,False,ok,3200,2200
exp_c,exp_c__gsm8k_test_000304__no_think,gsm8k_test_000304,no_think,canonical,,answer_segment,20,10,False,53,53,True,11.37890625,,ok,False,ok,3200,2200
exp_c,exp_c__gsm8k_test_000307__think,gsm8k_test_000307,think,canonical,,full_output,6,10,False,571,571,True,8.22751522064209,,ok,False,ok,16,1
exp_c,exp_c__gsm8k_test_000307__think,gsm8k_test_000307,think,canonical,,full_output,13,10,False,571,571,True,7.570955753326416,,ok,False,ok,16,1
exp_c,exp_c__gsm8k_test_000307__think,gsm8k_test_000307,think,canonical,,full_output,20,10,False,571,571,True,8.536783218383789,,ok,False,ok,16,1
exp_c,exp_c__gsm8k_test_000307__think,gsm8k_test_000307,think,canonical,,thinking_segment,6,10,False,514,514,True,6.8421173095703125,,ok_qwen_token_boundary,False,ok,16,1
exp_c,exp_c__gsm8k_test_000307__think,gsm8k_test_000307,think,canonical,,thinking_segment,13,10,False,514,514,True,6.736875534057617,,ok_qwen_token_boundary,False,ok,16,1
exp_c,exp_c__gsm8k_test_000307__think,gsm8k_test_000307,think,canonical,,thinking_segment,20,10,False,514,514,True,7.964155197143555,,ok_qwen_token_boundary,False,ok,16,1
exp_c,exp_c__gsm8k_test_000307__think,gsm8k_test_000307,think,canonical,,answer_segment,6,10,False,57,57,True,14.631296157836914,,ok_qwen_token_boundary,False,ok,16,1
exp_c,exp_c__gsm8k_test_000307__think,gsm8k_test_000307,think,canonical,,answer_segment,13,10,False,57,57,True,11.093999862670898,,ok_qwen_token_boundary,False,ok,16,1
exp_c,exp_c__gsm8k_test_000307__think,gsm8k_test_000307,think,canonical,,answer_segment,20,10,False,57,57,True,11.211648941040039,,ok_qwen_token_boundary,False,ok,16,1
exp_c,exp_c__gsm8k_test_000307__no_think,gsm8k_test_000307,no_think,canonical,,full_output,6,10,False,35,35,True,11.812254905700684,,ok,False,ok,16,4
exp_c,exp_c__gsm8k_test_000307__no_think,gsm8k_test_000307,no_think,canonical,,full_output,13,10,False,35,35,True,10.911667823791504,,ok,False,ok,16,4
exp_c,exp_c__gsm8k_test_000307__no_think,gsm8k_test_000307,no_think,canonical,,full_output,20,10,False,35,35,True,11.593067169189453,,ok,False,ok,16,4
exp_c,exp_c__gsm8k_test_000307__no_think,gsm8k_test_000307,no_think,canonical,,answer_segment,6,10,False,35,35,True,11.812254905700684,,ok,False,ok,16,4
exp_c,exp_c__gsm8k_test_000307__no_think,gsm8k_test_000307,no_think,canonical,,answer_segment,13,10,False,35,35,True,10.911667823791504,,ok,False,ok,16,4
exp_c,exp_c__gsm8k_test_000307__no_think,gsm8k_test_000307,no_think,canonical,,answer_segment,20,10,False,35,35,True,11.593067169189453,,ok,False,ok,16,4
exp_c,exp_c__gsm8k_test_000310__think,gsm8k_test_000310,think,canonical,,full_output,6,10,False,392,392,True,12.641971588134766,,ok,True,ok,2050,2050
exp_c,exp_c__gsm8k_test_000310__think,gsm8k_test_000310,think,canonical,,full_output,13,10,False,392,392,True,10.520870208740234,,ok,True,ok,2050,2050
exp_c,exp_c__gsm8k_test_000310__think,gsm8k_test_000310,think,canonical,,full_output,20,10,False,392,392,True,10.443699836730957,,ok,True,ok,2050,2050
exp_c,exp_c__gsm8k_test_000310__think,gsm8k_test_000310,think,canonical,,thinking_segment,6,10,False,321,321,True,12.161115646362305,,ok_qwen_token_boundary,True,ok,2050,2050
exp_c,exp_c__gsm8k_test_000310__think,gsm8k_test_000310,think,canonical,,thinking_segment,13,10,False,321,321,True,10.31579875946045,,ok_qwen_token_boundary,True,ok,2050,2050
exp_c,exp_c__gsm8k_test_000310__think,gsm8k_test_000310,think,canonical,,thinking_segment,20,10,False,321,321,True,10.662489891052246,,ok_qwen_token_boundary,True,ok,2050,2050
exp_c,exp_c__gsm8k_test_000310__think,gsm8k_test_000310,think,canonical,,answer_segment,6,10,False,71,71,True,14.470041275024414,,ok_qwen_token_boundary,True,ok,2050,2050
exp_c,exp_c__gsm8k_test_000310__think,gsm8k_test_000310,think,canonical,,answer_segment,13,10,False,71,71,True,13.47538948059082,,ok_qwen_token_boundary,True,ok,2050,2050
exp_c,exp_c__gsm8k_test_000310__think,gsm8k_test_000310,think,canonical,,answer_segment,20,10,False,71,71,True,11.209556579589844,,ok_qwen_token_boundary,True,ok,2050,2050
exp_c,exp_c__gsm8k_test_000310__no_think,gsm8k_test_000310,no_think,canonical,,full_output,6,10,False,67,67,True,14.69627571105957,,ok,False,ok,2050,1250
exp_c,exp_c__gsm8k_test_000310__no_think,gsm8k_test_000310,no_think,canonical,,full_output,13,10,False,67,67,True,11.54299259185791,,ok,False,ok,2050,1250
exp_c,exp_c__gsm8k_test_000310__no_think,gsm8k_test_000310,no_think,canonical,,full_output,20,10,False,67,67,True,11.120116233825684,,ok,False,ok,2050,1250
exp_c,exp_c__gsm8k_test_000310__no_think,gsm8k_test_000310,no_think,canonical,,answer_segment,6,10,False,67,67,True,14.69627571105957,,ok,False,ok,2050,1250
exp_c,exp_c__gsm8k_test_000310__no_think,gsm8k_test_000310,no_think,canonical,,answer_segment,13,10,False,67,67,True,11.54299259185791,,ok,False,ok,2050,1250
exp_c,exp_c__gsm8k_test_000310__no_think,gsm8k_test_000310,no_think,canonical,,answer_segment,20,10,False,67,67,True,11.120116233825684,,ok,False,ok,2050,1250
exp_c,exp_c__gsm8k_test_000315__think,gsm8k_test_000315,think,canonical,,full_output,6,10,False,452,452,True,11.102564811706543,,ok,True,ok,14,14
exp_c,exp_c__gsm8k_test_000315__think,gsm8k_test_000315,think,canonical,,full_output,13,10,False,452,452,True,9.586069107055664,,ok,True,ok,14,14
exp_c,exp_c__gsm8k_test_000315__think,gsm8k_test_000315,think,canonical,,full_output,20,10,False,452,452,True,9.743224143981934,,ok,True,ok,14,14
exp_c,exp_c__gsm8k_test_000315__think,gsm8k_test_000315,think,canonical,,thinking_segment,6,10,False,401,401,True,11.05931568145752,,ok_qwen_token_boundary,True,ok,14,14
exp_c,exp_c__gsm8k_test_000315__think,gsm8k_test_000315,think,canonical,,thinking_segment,13,10,False,401,401,True,9.577948570251465,,ok_qwen_token_boundary,True,ok,14,14
exp_c,exp_c__gsm8k_test_000315__think,gsm8k_test_000315,think,canonical,,thinking_segment,20,10,False,401,401,True,9.639863014221191,,ok_qwen_token_boundary,True,ok,14,14
exp_c,exp_c__gsm8k_test_000315__think,gsm8k_test_000315,think,canonical,,answer_segment,6,10,False,51,51,True,14.4375,,ok_qwen_token_boundary,True,ok,14,14
exp_c,exp_c__gsm8k_test_000315__think,gsm8k_test_000315,think,canonical,,answer_segment,13,10,False,51,51,True,12.466317176818848,,ok_qwen_token_boundary,True,ok,14,14
exp_c,exp_c__gsm8k_test_000315__think,gsm8k_test_000315,think,canonical,,answer_segment,20,10,False,51,51,True,10.882512092590332,,ok_qwen_token_boundary,True,ok,14,14
exp_c,exp_c__gsm8k_test_000315__no_think,gsm8k_test_000315,no_think,canonical,,full_output,6,10,False,56,56,True,15.636537551879883,,ok,False,ok,14,16
exp_c,exp_c__gsm8k_test_000315__no_think,gsm8k_test_000315,no_think,canonical,,full_output,13,10,False,56,56,True,12.40929126739502,,ok,False,ok,14,16
exp_c,exp_c__gsm8k_test_000315__no_think,gsm8k_test_000315,no_think,canonical,,full_output,20,10,False,56,56,True,11.255295753479004,,ok,False,ok,14,16
exp_c,exp_c__gsm8k_test_000315__no_think,gsm8k_test_000315,no_think,canonical,,answer_segment,6,10,False,56,56,True,15.636537551879883,,ok,False,ok,14,16
exp_c,exp_c__gsm8k_test_000315__no_think,gsm8k_test_000315,no_think,canonical,,answer_segment,13,10,False,56,56,True,12.40929126739502,,ok,False,ok,14,16
exp_c,exp_c__gsm8k_test_000315__no_think,gsm8k_test_000315,no_think,canonical,,answer_segment,20,10,False,56,56,True,11.255295753479004,,ok,False,ok,14,16
exp_c,exp_c__gsm8k_test_000325__think,gsm8k_test_000325,think,canonical,,full_output,6,10,False,502,502,True,11.899530410766602,,ok,True,ok,224000,224000
exp_c,exp_c__gsm8k_test_000325__think,gsm8k_test_000325,think,canonical,,full_output,13,10,False,502,502,True,10.18191909790039,,ok,True,ok,224000,224000
exp_c,exp_c__gsm8k_test_000325__think,gsm8k_test_000325,think,canonical,,full_output,20,10,False,502,502,True,19.98549461364746,,ok,True,ok,224000,224000
exp_c,exp_c__gsm8k_test_000325__think,gsm8k_test_000325,think,canonical,,thinking_segment,6,10,False,427,427,True,10.724742889404297,,ok_qwen_token_boundary,True,ok,224000,224000
exp_c,exp_c__gsm8k_test_000325__think,gsm8k_test_000325,think,canonical,,thinking_segment,13,10,False,427,427,True,9.866592407226562,,ok_qwen_token_boundary,True,ok,224000,224000
exp_c,exp_c__gsm8k_test_000325__think,gsm8k_test_000325,think,canonical,,thinking_segment,20,10,False,427,427,True,26.058544158935547,,ok_qwen_token_boundary,True,ok,224000,224000
exp_c,exp_c__gsm8k_test_000325__think,gsm8k_test_000325,think,canonical,,answer_segment,6,10,False,75,75,True,13.225828170776367,,ok_qwen_token_boundary,True,ok,224000,224000
exp_c,exp_c__gsm8k_test_000325__think,gsm8k_test_000325,think,canonical,,answer_segment,13,10,False,75,75,True,11.11567211151123,,ok_qwen_token_boundary,True,ok,224000,224000
exp_c,exp_c__gsm8k_test_000325__think,gsm8k_test_000325,think,canonical,,answer_segment,20,10,False,75,75,True,10.856295585632324,,ok_qwen_token_boundary,True,ok,224000,224000
exp_c,exp_c__gsm8k_test_000325__no_think,gsm8k_test_000325,no_think,canonical,,full_output,6,10,False,56,56,True,10.371800422668457,,ok,False,ok,224000,168000
exp_c,exp_c__gsm8k_test_000325__no_think,gsm8k_test_000325,no_think,canonical,,full_output,13,10,False,56,56,True,10.642892837524414,,ok,False,ok,224000,168000
exp_c,exp_c__gsm8k_test_000325__no_think,gsm8k_test_000325,no_think,canonical,,full_output,20,10,False,56,56,True,11.153297424316406,,ok,False,ok,224000,168000
exp_c,exp_c__gsm8k_test_000325__no_think,gsm8k_test_000325,no_think,canonical,,answer_segment,6,10,False,56,56,True,10.371800422668457,,ok,False,ok,224000,168000
exp_c,exp_c__gsm8k_test_000325__no_think,gsm8k_test_000325,no_think,canonical,,answer_segment,13,10,False,56,56,True,10.642892837524414,,ok,False,ok,224000,168000
exp_c,exp_c__gsm8k_test_000325__no_think,gsm8k_test_000325,no_think,canonical,,answer_segment,20,10,False,56,56,True,11.153297424316406,,ok,False,ok,224000,168000
exp_c,exp_c__gsm8k_test_000338__think,gsm8k_test_000338,think,canonical,,full_output,6,10,False,306,306,True,16.03717803955078,,ok,True,ok,60,60
exp_c,exp_c__gsm8k_test_000338__think,gsm8k_test_000338,think,canonical,,full_output,13,10,False,306,306,True,11.25751781463623,,ok,True,ok,60,60
exp_c,exp_c__gsm8k_test_000338__think,gsm8k_test_000338,think,canonical,,full_output,20,10,False,306,306,True,11.802687644958496,,ok,True,ok,60,60
exp_c,exp_c__gsm8k_test_000338__think,gsm8k_test_000338,think,canonical,,thinking_segment,6,10,False,247,247,True,16.16427230834961,,ok_qwen_token_boundary,True,ok,60,60
exp_c,exp_c__gsm8k_test_000338__think,gsm8k_test_000338,think,canonical,,thinking_segment,13,10,False,247,247,True,11.80540943145752,,ok_qwen_token_boundary,True,ok,60,60
exp_c,exp_c__gsm8k_test_000338__think,gsm8k_test_000338,think,canonical,,thinking_segment,20,10,False,247,247,True,12.075024604797363,,ok_qwen_token_boundary,True,ok,60,60
exp_c,exp_c__gsm8k_test_000338__think,gsm8k_test_000338,think,canonical,,answer_segment,6,10,False,59,59,True,17.35493278503418,,ok_qwen_token_boundary,True,ok,60,60
exp_c,exp_c__gsm8k_test_000338__think,gsm8k_test_000338,think,canonical,,answer_segment,13,10,False,59,59,True,12.678948402404785,,ok_qwen_token_boundary,True,ok,60,60
exp_c,exp_c__gsm8k_test_000338__think,gsm8k_test_000338,think,canonical,,answer_segment,20,10,False,59,59,True,12.396042823791504,,ok_qwen_token_boundary,True,ok,60,60
exp_c,exp_c__gsm8k_test_000338__no_think,gsm8k_test_000338,no_think,canonical,,full_output,6,10,False,48,48,True,11.484637260437012,,ok,False,ok,60,40
exp_c,exp_c__gsm8k_test_000338__no_think,gsm8k_test_000338,no_think,canonical,,full_output,13,10,False,48,48,True,11.117341041564941,,ok,False,ok,60,40
exp_c,exp_c__gsm8k_test_000338__no_think,gsm8k_test_000338,no_think,canonical,,full_output,20,10,False,48,48,True,11.302589416503906,,ok,False,ok,60,40
exp_c,exp_c__gsm8k_test_000338__no_think,gsm8k_test_000338,no_think,canonical,,answer_segment,6,10,False,48,48,True,11.484637260437012,,ok,False,ok,60,40
exp_c,exp_c__gsm8k_test_000338__no_think,gsm8k_test_000338,no_think,canonical,,answer_segment,13,10,False,48,48,True,11.117341041564941,,ok,False,ok,60,40
exp_c,exp_c__gsm8k_test_000338__no_think,gsm8k_test_000338,no_think,canonical,,answer_segment,20,10,False,48,48,True,11.302589416503906,,ok,False,ok,60,40
exp_c,exp_c__gsm8k_test_000343__think,gsm8k_test_000343,think,canonical,,full_output,6,10,False,498,498,True,14.153367042541504,,ok,True,ok,180000,180000
exp_c,exp_c__gsm8k_test_000343__think,gsm8k_test_000343,think,canonical,,full_output,13,10,False,498,498,True,10.497564315795898,,ok,True,ok,180000,180000
exp_c,exp_c__gsm8k_test_000343__think,gsm8k_test_000343,think,canonical,,full_output,20,10,False,498,498,True,29.45610237121582,,ok,True,ok,180000,180000
exp_c,exp_c__gsm8k_test_000343__think,gsm8k_test_000343,think,canonical,,thinking_segment,6,10,False,449,449,True,14.575408935546875,,ok_qwen_token_boundary,True,ok,180000,180000
exp_c,exp_c__gsm8k_test_000343__think,gsm8k_test_000343,think,canonical,,thinking_segment,13,10,False,449,449,True,10.550114631652832,,ok_qwen_token_boundary,True,ok,180000,180000
exp_c,exp_c__gsm8k_test_000343__think,gsm8k_test_000343,think,canonical,,thinking_segment,20,10,False,449,449,True,35.43096923828125,,ok_qwen_token_boundary,True,ok,180000,180000
exp_c,exp_c__gsm8k_test_000343__think,gsm8k_test_000343,think,canonical,,answer_segment,6,10,False,49,49,True,13.507909774780273,,ok_qwen_token_boundary,True,ok,180000,180000
exp_c,exp_c__gsm8k_test_000343__think,gsm8k_test_000343,think,canonical,,answer_segment,13,10,False,49,49,True,12.112393379211426,,ok_qwen_token_boundary,True,ok,180000,180000
exp_c,exp_c__gsm8k_test_000343__think,gsm8k_test_000343,think,canonical,,answer_segment,20,10,False,49,49,True,11.732218742370605,,ok_qwen_token_boundary,True,ok,180000,180000
exp_c,exp_c__gsm8k_test_000343__no_think,gsm8k_test_000343,no_think,canonical,,full_output,6,10,False,72,72,True,12.672855377197266,,ok,True,ok,180000,180000
exp_c,exp_c__gsm8k_test_000343__no_think,gsm8k_test_000343,no_think,canonical,,full_output,13,10,False,72,72,True,11.871142387390137,,ok,True,ok,180000,180000
exp_c,exp_c__gsm8k_test_000343__no_think,gsm8k_test_000343,no_think,canonical,,full_output,20,10,False,72,72,True,11.598210334777832,,ok,True,ok,180000,180000
exp_c,exp_c__gsm8k_test_000343__no_think,gsm8k_test_000343,no_think,canonical,,answer_segment,6,10,False,72,72,True,12.672855377197266,,ok,True,ok,180000,180000
exp_c,exp_c__gsm8k_test_000343__no_think,gsm8k_test_000343,no_think,canonical,,answer_segment,13,10,False,72,72,True,11.871142387390137,,ok,True,ok,180000,180000
exp_c,exp_c__gsm8k_test_000343__no_think,gsm8k_test_000343,no_think,canonical,,answer_segment,20,10,False,72,72,True,11.598210334777832,,ok,True,ok,180000,180000
exp_c,exp_c__gsm8k_test_000351__think,gsm8k_test_000351,think,canonical,,full_output,6,10,False,191,191,True,16.246850967407227,,ok,True,ok,10,10
exp_c,exp_c__gsm8k_test_000351__think,gsm8k_test_000351,think,canonical,,full_output,13,10,False,191,191,True,12.0147123336792,,ok,True,ok,10,10
exp_c,exp_c__gsm8k_test_000351__think,gsm8k_test_000351,think,canonical,,full_output,20,10,False,191,191,True,11.79569149017334,,ok,True,ok,10,10
exp_c,exp_c__gsm8k_test_000351__think,gsm8k_test_000351,think,canonical,,thinking_segment,6,10,False,140,140,True,17.667829513549805,,ok_qwen_token_boundary,True,ok,10,10
exp_c,exp_c__gsm8k_test_000351__think,gsm8k_test_000351,think,canonical,,thinking_segment,13,10,False,140,140,True,13.267258644104004,,ok_qwen_token_boundary,True,ok,10,10
exp_c,exp_c__gsm8k_test_000351__think,gsm8k_test_000351,think,canonical,,thinking_segment,20,10,False,140,140,True,12.497326850891113,,ok_qwen_token_boundary,True,ok,10,10
exp_c,exp_c__gsm8k_test_000351__think,gsm8k_test_000351,think,canonical,,answer_segment,6,10,False,51,51,True,15.298480033874512,,ok_qwen_token_boundary,True,ok,10,10
exp_c,exp_c__gsm8k_test_000351__think,gsm8k_test_000351,think,canonical,,answer_segment,13,10,False,51,51,True,13.278406143188477,,ok_qwen_token_boundary,True,ok,10,10
exp_c,exp_c__gsm8k_test_000351__think,gsm8k_test_000351,think,canonical,,answer_segment,20,10,False,51,51,True,11.164924621582031,,ok_qwen_token_boundary,True,ok,10,10
exp_c,exp_c__gsm8k_test_000351__no_think,gsm8k_test_000351,no_think,canonical,,full_output,6,10,False,54,54,True,13.796140670776367,,ok,True,ok,10,10
exp_c,exp_c__gsm8k_test_000351__no_think,gsm8k_test_000351,no_think,canonical,,full_output,13,10,False,54,54,True,13.52677059173584,,ok,True,ok,10,10
exp_c,exp_c__gsm8k_test_000351__no_think,gsm8k_test_000351,no_think,canonical,,full_output,20,10,False,54,54,True,11.286860466003418,,ok,True,ok,10,10
exp_c,exp_c__gsm8k_test_000351__no_think,gsm8k_test_000351,no_think,canonical,,answer_segment,6,10,False,54,54,True,13.796140670776367,,ok,True,ok,10,10
exp_c,exp_c__gsm8k_test_000351__no_think,gsm8k_test_000351,no_think,canonical,,answer_segment,13,10,False,54,54,True,13.52677059173584,,ok,True,ok,10,10
exp_c,exp_c__gsm8k_test_000351__no_think,gsm8k_test_000351,no_think,canonical,,answer_segment,20,10,False,54,54,True,11.286860466003418,,ok,True,ok,10,10
exp_c,exp_c__gsm8k_test_000360__think,gsm8k_test_000360,think,canonical,,full_output,6,10,False,306,306,True,12.504524230957031,,ok,True,ok,25,25
exp_c,exp_c__gsm8k_test_000360__think,gsm8k_test_000360,think,canonical,,full_output,13,10,False,306,306,True,10.092490196228027,,ok,True,ok,25,25
exp_c,exp_c__gsm8k_test_000360__think,gsm8k_test_000360,think,canonical,,full_output,20,10,False,306,306,True,10.653478622436523,,ok,True,ok,25,25
exp_c,exp_c__gsm8k_test_000360__think,gsm8k_test_000360,think,canonical,,thinking_segment,6,10,False,266,266,True,12.524741172790527,,ok_qwen_token_boundary,True,ok,25,25
exp_c,exp_c__gsm8k_test_000360__think,gsm8k_test_000360,think,canonical,,thinking_segment,13,10,False,266,266,True,10.445229530334473,,ok_qwen_token_boundary,True,ok,25,25
exp_c,exp_c__gsm8k_test_000360__think,gsm8k_test_000360,think,canonical,,thinking_segment,20,10,False,266,266,True,11.107563972473145,,ok_qwen_token_boundary,True,ok,25,25
exp_c,exp_c__gsm8k_test_000360__think,gsm8k_test_000360,think,canonical,,answer_segment,6,10,False,40,40,True,14.326749801635742,,ok_qwen_token_boundary,True,ok,25,25
exp_c,exp_c__gsm8k_test_000360__think,gsm8k_test_000360,think,canonical,,answer_segment,13,10,False,40,40,True,13.01251220703125,,ok_qwen_token_boundary,True,ok,25,25
exp_c,exp_c__gsm8k_test_000360__think,gsm8k_test_000360,think,canonical,,answer_segment,20,10,False,40,40,True,11.316500663757324,,ok_qwen_token_boundary,True,ok,25,25
exp_c,exp_c__gsm8k_test_000360__no_think,gsm8k_test_000360,no_think,canonical,,full_output,6,10,False,44,44,True,11.263540267944336,,ok,True,ok,25,25
exp_c,exp_c__gsm8k_test_000360__no_think,gsm8k_test_000360,no_think,canonical,,full_output,13,10,False,44,44,True,11.07449722290039,,ok,True,ok,25,25
exp_c,exp_c__gsm8k_test_000360__no_think,gsm8k_test_000360,no_think,canonical,,full_output,20,10,False,44,44,True,11.798933982849121,,ok,True,ok,25,25
exp_c,exp_c__gsm8k_test_000360__no_think,gsm8k_test_000360,no_think,canonical,,answer_segment,6,10,False,44,44,True,11.263540267944336,,ok,True,ok,25,25
exp_c,exp_c__gsm8k_test_000360__no_think,gsm8k_test_000360,no_think,canonical,,answer_segment,13,10,False,44,44,True,11.07449722290039,,ok,True,ok,25,25
exp_c,exp_c__gsm8k_test_000360__no_think,gsm8k_test_000360,no_think,canonical,,answer_segment,20,10,False,44,44,True,11.798933982849121,,ok,True,ok,25,25
exp_c,exp_c__gsm8k_test_000361__think,gsm8k_test_000361,think,canonical,,full_output,6,10,False,439,439,True,14.270113945007324,,ok,True,ok,20,20
exp_c,exp_c__gsm8k_test_000361__think,gsm8k_test_000361,think,canonical,,full_output,13,10,False,439,439,True,11.411608695983887,,ok,True,ok,20,20
exp_c,exp_c__gsm8k_test_000361__think,gsm8k_test_000361,think,canonical,,full_output,20,10,False,439,439,True,39.060203552246094,,ok,True,ok,20,20
exp_c,exp_c__gsm8k_test_000361__think,gsm8k_test_000361,think,canonical,,thinking_segment,6,10,False,379,379,True,13.840438842773438,,ok_qwen_token_boundary,True,ok,20,20
exp_c,exp_c__gsm8k_test_000361__think,gsm8k_test_000361,think,canonical,,thinking_segment,13,10,False,379,379,True,11.365179061889648,,ok_qwen_token_boundary,True,ok,20,20
exp_c,exp_c__gsm8k_test_000361__think,gsm8k_test_000361,think,canonical,,thinking_segment,20,10,False,379,379,True,25.611255645751953,,ok_qwen_token_boundary,True,ok,20,20
exp_c,exp_c__gsm8k_test_000361__think,gsm8k_test_000361,think,canonical,,answer_segment,6,10,False,60,60,True,17.49577522277832,,ok_qwen_token_boundary,True,ok,20,20
exp_c,exp_c__gsm8k_test_000361__think,gsm8k_test_000361,think,canonical,,answer_segment,13,10,False,60,60,True,12.398301124572754,,ok_qwen_token_boundary,True,ok,20,20
exp_c,exp_c__gsm8k_test_000361__think,gsm8k_test_000361,think,canonical,,answer_segment,20,10,False,60,60,True,12.343685150146484,,ok_qwen_token_boundary,True,ok,20,20
exp_c,exp_c__gsm8k_test_000361__no_think,gsm8k_test_000361,no_think,canonical,,full_output,6,10,False,59,59,True,13.767390251159668,,ok,False,ok,20,2
exp_c,exp_c__gsm8k_test_000361__no_think,gsm8k_test_000361,no_think,canonical,,full_output,13,10,False,59,59,True,10.963976860046387,,ok,False,ok,20,2
exp_c,exp_c__gsm8k_test_000361__no_think,gsm8k_test_000361,no_think,canonical,,full_output,20,10,False,59,59,True,11.370287895202637,,ok,False,ok,20,2
exp_c,exp_c__gsm8k_test_000361__no_think,gsm8k_test_000361,no_think,canonical,,answer_segment,6,10,False,59,59,True,13.767390251159668,,ok,False,ok,20,2
exp_c,exp_c__gsm8k_test_000361__no_think,gsm8k_test_000361,no_think,canonical,,answer_segment,13,10,False,59,59,True,10.963976860046387,,ok,False,ok,20,2
exp_c,exp_c__gsm8k_test_000361__no_think,gsm8k_test_000361,no_think,canonical,,answer_segment,20,10,False,59,59,True,11.370287895202637,,ok,False,ok,20,2
exp_c,exp_c__gsm8k_test_000364__think,gsm8k_test_000364,think,canonical,,full_output,6,10,False,211,211,True,15.005507469177246,,ok,True,ok,49,49
exp_c,exp_c__gsm8k_test_000364__think,gsm8k_test_000364,think,canonical,,full_output,13,10,False,211,211,True,11.284358024597168,,ok,True,ok,49,49
exp_c,exp_c__gsm8k_test_000364__think,gsm8k_test_000364,think,canonical,,full_output,20,10,False,211,211,True,11.911757469177246,,ok,True,ok,49,49
exp_c,exp_c__gsm8k_test_000364__think,gsm8k_test_000364,think,canonical,,thinking_segment,6,10,False,173,173,True,14.258410453796387,,ok_qwen_token_boundary,True,ok,49,49
exp_c,exp_c__gsm8k_test_000364__think,gsm8k_test_000364,think,canonical,,thinking_segment,13,10,False,173,173,True,11.195759773254395,,ok_qwen_token_boundary,True,ok,49,49
exp_c,exp_c__gsm8k_test_000364__think,gsm8k_test_000364,think,canonical,,thinking_segment,20,10,False,173,173,True,11.747355461120605,,ok_qwen_token_boundary,True,ok,49,49
exp_c,exp_c__gsm8k_test_000364__think,gsm8k_test_000364,think,canonical,,answer_segment,6,10,False,38,38,True,11.37649154663086,,ok_qwen_token_boundary,True,ok,49,49
exp_c,exp_c__gsm8k_test_000364__think,gsm8k_test_000364,think,canonical,,answer_segment,13,10,False,38,38,True,11.108869552612305,,ok_qwen_token_boundary,True,ok,49,49
exp_c,exp_c__gsm8k_test_000364__think,gsm8k_test_000364,think,canonical,,answer_segment,20,10,False,38,38,True,11.372318267822266,,ok_qwen_token_boundary,True,ok,49,49
exp_c,exp_c__gsm8k_test_000364__no_think,gsm8k_test_000364,no_think,canonical,,full_output,6,10,False,57,57,True,11.796332359313965,,ok,False,ok,49,48
exp_c,exp_c__gsm8k_test_000364__no_think,gsm8k_test_000364,no_think,canonical,,full_output,13,10,False,57,57,True,10.043100357055664,,ok,False,ok,49,48
exp_c,exp_c__gsm8k_test_000364__no_think,gsm8k_test_000364,no_think,canonical,,full_output,20,10,False,57,57,True,10.967572212219238,,ok,False,ok,49,48
exp_c,exp_c__gsm8k_test_000364__no_think,gsm8k_test_000364,no_think,canonical,,answer_segment,6,10,False,57,57,True,11.796332359313965,,ok,False,ok,49,48
exp_c,exp_c__gsm8k_test_000364__no_think,gsm8k_test_000364,no_think,canonical,,answer_segment,13,10,False,57,57,True,10.043100357055664,,ok,False,ok,49,48
exp_c,exp_c__gsm8k_test_000364__no_think,gsm8k_test_000364,no_think,canonical,,answer_segment,20,10,False,57,57,True,10.967572212219238,,ok,False,ok,49,48
exp_c,exp_c__gsm8k_test_000374__think,gsm8k_test_000374,think,canonical,,full_output,6,10,False,227,227,True,14.627985954284668,,ok,True,ok,45,45
exp_c,exp_c__gsm8k_test_000374__think,gsm8k_test_000374,think,canonical,,full_output,13,10,False,227,227,True,11.682926177978516,,ok,True,ok,45,45
exp_c,exp_c__gsm8k_test_000374__think,gsm8k_test_000374,think,canonical,,full_output,20,10,False,227,227,True,11.688904762268066,,ok,True,ok,45,45
exp_c,exp_c__gsm8k_test_000374__think,gsm8k_test_000374,think,canonical,,thinking_segment,6,10,False,177,177,True,15.818971633911133,,ok_qwen_token_boundary,True,ok,45,45
exp_c,exp_c__gsm8k_test_000374__think,gsm8k_test_000374,think,canonical,,thinking_segment,13,10,False,177,177,True,12.105789184570312,,ok_qwen_token_boundary,True,ok,45,45
exp_c,exp_c__gsm8k_test_000374__think,gsm8k_test_000374,think,canonical,,thinking_segment,20,10,False,177,177,True,12.112131118774414,,ok_qwen_token_boundary,True,ok,45,45
exp_c,exp_c__gsm8k_test_000374__think,gsm8k_test_000374,think,canonical,,answer_segment,6,10,False,50,50,True,12.9022855758667,,ok_qwen_token_boundary,True,ok,45,45
exp_c,exp_c__gsm8k_test_000374__think,gsm8k_test_000374,think,canonical,,answer_segment,13,10,False,50,50,True,12.272849082946777,,ok_qwen_token_boundary,True,ok,45,45
exp_c,exp_c__gsm8k_test_000374__think,gsm8k_test_000374,think,canonical,,answer_segment,20,10,False,50,50,True,11.525364875793457,,ok_qwen_token_boundary,True,ok,45,45
exp_c,exp_c__gsm8k_test_000374__no_think,gsm8k_test_000374,no_think,canonical,,full_output,6,10,False,41,41,True,10.894315719604492,,ok,True,ok,45,45
exp_c,exp_c__gsm8k_test_000374__no_think,gsm8k_test_000374,no_think,canonical,,full_output,13,10,False,41,41,True,11.761507034301758,,ok,True,ok,45,45
exp_c,exp_c__gsm8k_test_000374__no_think,gsm8k_test_000374,no_think,canonical,,full_output,20,10,False,41,41,True,12.420360565185547,,ok,True,ok,45,45
exp_c,exp_c__gsm8k_test_000374__no_think,gsm8k_test_000374,no_think,canonical,,answer_segment,6,10,False,41,41,True,10.894315719604492,,ok,True,ok,45,45
exp_c,exp_c__gsm8k_test_000374__no_think,gsm8k_test_000374,no_think,canonical,,answer_segment,13,10,False,41,41,True,11.761507034301758,,ok,True,ok,45,45
exp_c,exp_c__gsm8k_test_000374__no_think,gsm8k_test_000374,no_think,canonical,,answer_segment,20,10,False,41,41,True,12.420360565185547,,ok,True,ok,45,45
exp_c,exp_c__gsm8k_test_000389__think,gsm8k_test_000389,think,canonical,,full_output,6,10,False,216,216,True,13.58024787902832,,ok,True,ok,6,6
exp_c,exp_c__gsm8k_test_000389__think,gsm8k_test_000389,think,canonical,,full_output,13,10,False,216,216,True,10.638629913330078,,ok,True,ok,6,6
exp_c,exp_c__gsm8k_test_000389__think,gsm8k_test_000389,think,canonical,,full_output,20,10,False,216,216,True,10.790923118591309,,ok,True,ok,6,6
exp_c,exp_c__gsm8k_test_000389__think,gsm8k_test_000389,think,canonical,,thinking_segment,6,10,False,162,162,True,14.950268745422363,,ok_qwen_token_boundary,True,ok,6,6
exp_c,exp_c__gsm8k_test_000389__think,gsm8k_test_000389,think,canonical,,thinking_segment,13,10,False,162,162,True,11.913960456848145,,ok_qwen_token_boundary,True,ok,6,6
exp_c,exp_c__gsm8k_test_000389__think,gsm8k_test_000389,think,canonical,,thinking_segment,20,10,False,162,162,True,11.842958450317383,,ok_qwen_token_boundary,True,ok,6,6
exp_c,exp_c__gsm8k_test_000389__think,gsm8k_test_000389,think,canonical,,answer_segment,6,10,False,54,54,True,12.357812881469727,,ok_qwen_token_boundary,True,ok,6,6
exp_c,exp_c__gsm8k_test_000389__think,gsm8k_test_000389,think,canonical,,answer_segment,13,10,False,54,54,True,11.560906410217285,,ok_qwen_token_boundary,True,ok,6,6
exp_c,exp_c__gsm8k_test_000389__think,gsm8k_test_000389,think,canonical,,answer_segment,20,10,False,54,54,True,10.819048881530762,,ok_qwen_token_boundary,True,ok,6,6
exp_c,exp_c__gsm8k_test_000389__no_think,gsm8k_test_000389,no_think,canonical,,full_output,6,10,False,45,45,True,11.69784164428711,,ok,True,ok,6,6
exp_c,exp_c__gsm8k_test_000389__no_think,gsm8k_test_000389,no_think,canonical,,full_output,13,10,False,45,45,True,11.409137725830078,,ok,True,ok,6,6
exp_c,exp_c__gsm8k_test_000389__no_think,gsm8k_test_000389,no_think,canonical,,full_output,20,10,False,45,45,True,11.644553184509277,,ok,True,ok,6,6
exp_c,exp_c__gsm8k_test_000389__no_think,gsm8k_test_000389,no_think,canonical,,answer_segment,6,10,False,45,45,True,11.69784164428711,,ok,True,ok,6,6
exp_c,exp_c__gsm8k_test_000389__no_think,gsm8k_test_000389,no_think,canonical,,answer_segment,13,10,False,45,45,True,11.409137725830078,,ok,True,ok,6,6
exp_c,exp_c__gsm8k_test_000389__no_think,gsm8k_test_000389,no_think,canonical,,answer_segment,20,10,False,45,45,True,11.644553184509277,,ok,True,ok,6,6
exp_c,exp_c__gsm8k_test_000395__think,gsm8k_test_000395,think,canonical,,full_output,6,10,False,375,375,True,11.981887817382812,,ok,True,ok,38,38
exp_c,exp_c__gsm8k_test_000395__think,gsm8k_test_000395,think,canonical,,full_output,13,10,False,375,375,True,9.336874008178711,,ok,True,ok,38,38
exp_c,exp_c__gsm8k_test_000395__think,gsm8k_test_000395,think,canonical,,full_output,20,10,False,375,375,True,20.372711181640625,,ok,True,ok,38,38
exp_c,exp_c__gsm8k_test_000395__think,gsm8k_test_000395,think,canonical,,thinking_segment,6,10,False,319,319,True,11.964914321899414,,ok_qwen_token_boundary,True,ok,38,38
exp_c,exp_c__gsm8k_test_000395__think,gsm8k_test_000395,think,canonical,,thinking_segment,13,10,False,319,319,True,9.292460441589355,,ok_qwen_token_boundary,True,ok,38,38
exp_c,exp_c__gsm8k_test_000395__think,gsm8k_test_000395,think,canonical,,thinking_segment,20,10,False,319,319,True,28.601272583007812,,ok_qwen_token_boundary,True,ok,38,38
exp_c,exp_c__gsm8k_test_000395__think,gsm8k_test_000395,think,canonical,,answer_segment,6,10,False,56,56,True,15.98085880279541,,ok_qwen_token_boundary,True,ok,38,38
exp_c,exp_c__gsm8k_test_000395__think,gsm8k_test_000395,think,canonical,,answer_segment,13,10,False,56,56,True,12.931479454040527,,ok_qwen_token_boundary,True,ok,38,38
exp_c,exp_c__gsm8k_test_000395__think,gsm8k_test_000395,think,canonical,,answer_segment,20,10,False,56,56,True,12.063545227050781,,ok_qwen_token_boundary,True,ok,38,38
exp_c,exp_c__gsm8k_test_000395__no_think,gsm8k_test_000395,no_think,canonical,,full_output,6,10,False,55,55,True,14.4514741897583,,ok,False,ok,38,34
exp_c,exp_c__gsm8k_test_000395__no_think,gsm8k_test_000395,no_think,canonical,,full_output,13,10,False,55,55,True,11.64830207824707,,ok,False,ok,38,34
exp_c,exp_c__gsm8k_test_000395__no_think,gsm8k_test_000395,no_think,canonical,,full_output,20,10,False,55,55,True,11.005891799926758,,ok,False,ok,38,34
exp_c,exp_c__gsm8k_test_000395__no_think,gsm8k_test_000395,no_think,canonical,,answer_segment,6,10,False,55,55,True,14.4514741897583,,ok,False,ok,38,34
exp_c,exp_c__gsm8k_test_000395__no_think,gsm8k_test_000395,no_think,canonical,,answer_segment,13,10,False,55,55,True,11.64830207824707,,ok,False,ok,38,34
exp_c,exp_c__gsm8k_test_000395__no_think,gsm8k_test_000395,no_think,canonical,,answer_segment,20,10,False,55,55,True,11.005891799926758,,ok,False,ok,38,34
exp_c,exp_c__gsm8k_test_000398__think,gsm8k_test_000398,think,canonical,,full_output,6,10,False,229,229,True,12.60009479522705,,ok,True,ok,168,168
exp_c,exp_c__gsm8k_test_000398__think,gsm8k_test_000398,think,canonical,,full_output,13,10,False,229,229,True,10.07695198059082,,ok,True,ok,168,168
exp_c,exp_c__gsm8k_test_000398__think,gsm8k_test_000398,think,canonical,,full_output,20,10,False,229,229,True,10.478812217712402,,ok,True,ok,168,168
exp_c,exp_c__gsm8k_test_000398__think,gsm8k_test_000398,think,canonical,,thinking_segment,6,10,False,173,173,True,13.180746078491211,,ok_qwen_token_boundary,True,ok,168,168
exp_c,exp_c__gsm8k_test_000398__think,gsm8k_test_000398,think,canonical,,thinking_segment,13,10,False,173,173,True,10.72797679901123,,ok_qwen_token_boundary,True,ok,168,168
exp_c,exp_c__gsm8k_test_000398__think,gsm8k_test_000398,think,canonical,,thinking_segment,20,10,False,173,173,True,10.857771873474121,,ok_qwen_token_boundary,True,ok,168,168
exp_c,exp_c__gsm8k_test_000398__think,gsm8k_test_000398,think,canonical,,answer_segment,6,10,False,56,56,True,11.567484855651855,,ok_qwen_token_boundary,True,ok,168,168
exp_c,exp_c__gsm8k_test_000398__think,gsm8k_test_000398,think,canonical,,answer_segment,13,10,False,56,56,True,11.131600379943848,,ok_qwen_token_boundary,True,ok,168,168
exp_c,exp_c__gsm8k_test_000398__think,gsm8k_test_000398,think,canonical,,answer_segment,20,10,False,56,56,True,10.492239952087402,,ok_qwen_token_boundary,True,ok,168,168
exp_c,exp_c__gsm8k_test_000398__no_think,gsm8k_test_000398,no_think,canonical,,full_output,6,10,False,55,55,True,11.853456497192383,,ok,False,ok,168,180
exp_c,exp_c__gsm8k_test_000398__no_think,gsm8k_test_000398,no_think,canonical,,full_output,13,10,False,55,55,True,11.046799659729004,,ok,False,ok,168,180
exp_c,exp_c__gsm8k_test_000398__no_think,gsm8k_test_000398,no_think,canonical,,full_output,20,10,False,55,55,True,10.842855453491211,,ok,False,ok,168,180
exp_c,exp_c__gsm8k_test_000398__no_think,gsm8k_test_000398,no_think,canonical,,answer_segment,6,10,False,55,55,True,11.853456497192383,,ok,False,ok,168,180
exp_c,exp_c__gsm8k_test_000398__no_think,gsm8k_test_000398,no_think,canonical,,answer_segment,13,10,False,55,55,True,11.046799659729004,,ok,False,ok,168,180
exp_c,exp_c__gsm8k_test_000398__no_think,gsm8k_test_000398,no_think,canonical,,answer_segment,20,10,False,55,55,True,10.842855453491211,,ok,False,ok,168,180
exp_c,exp_c__gsm8k_test_000415__think,gsm8k_test_000415,think,canonical,,full_output,6,10,False,570,570,True,12.035502433776855,,ok,True,ok,350,350
exp_c,exp_c__gsm8k_test_000415__think,gsm8k_test_000415,think,canonical,,full_output,13,10,False,570,570,True,10.049759864807129,,ok,True,ok,350,350
exp_c,exp_c__gsm8k_test_000415__think,gsm8k_test_000415,think,canonical,,full_output,20,10,False,570,570,True,10.506987571716309,,ok,True,ok,350,350
exp_c,exp_c__gsm8k_test_000415__think,gsm8k_test_000415,think,canonical,,thinking_segment,6,10,False,514,514,True,11.399734497070312,,ok_qwen_token_boundary,True,ok,350,350
exp_c,exp_c__gsm8k_test_000415__think,gsm8k_test_000415,think,canonical,,thinking_segment,13,10,False,514,514,True,9.897420883178711,,ok_qwen_token_boundary,True,ok,350,350
exp_c,exp_c__gsm8k_test_000415__think,gsm8k_test_000415,think,canonical,,thinking_segment,20,10,False,514,514,True,10.46222972869873,,ok_qwen_token_boundary,True,ok,350,350
exp_c,exp_c__gsm8k_test_000415__think,gsm8k_test_000415,think,canonical,,answer_segment,6,10,False,56,56,True,13.612235069274902,,ok_qwen_token_boundary,True,ok,350,350
exp_c,exp_c__gsm8k_test_000415__think,gsm8k_test_000415,think,canonical,,answer_segment,13,10,False,56,56,True,12.800209045410156,,ok_qwen_token_boundary,True,ok,350,350
exp_c,exp_c__gsm8k_test_000415__think,gsm8k_test_000415,think,canonical,,answer_segment,20,10,False,56,56,True,12.047307014465332,,ok_qwen_token_boundary,True,ok,350,350
exp_c,exp_c__gsm8k_test_000415__no_think,gsm8k_test_000415,no_think,canonical,,full_output,6,10,False,60,60,True,15.92845630645752,,ok,False,ok,350,255
exp_c,exp_c__gsm8k_test_000415__no_think,gsm8k_test_000415,no_think,canonical,,full_output,13,10,False,60,60,True,12.74231243133545,,ok,False,ok,350,255
exp_c,exp_c__gsm8k_test_000415__no_think,gsm8k_test_000415,no_think,canonical,,full_output,20,10,False,60,60,True,11.273466110229492,,ok,False,ok,350,255
exp_c,exp_c__gsm8k_test_000415__no_think,gsm8k_test_000415,no_think,canonical,,answer_segment,6,10,False,60,60,True,15.92845630645752,,ok,False,ok,350,255
exp_c,exp_c__gsm8k_test_000415__no_think,gsm8k_test_000415,no_think,canonical,,answer_segment,13,10,False,60,60,True,12.74231243133545,,ok,False,ok,350,255
exp_c,exp_c__gsm8k_test_000415__no_think,gsm8k_test_000415,no_think,canonical,,answer_segment,20,10,False,60,60,True,11.273466110229492,,ok,False,ok,350,255
exp_c,exp_c__gsm8k_test_000426__think,gsm8k_test_000426,think,canonical,,full_output,6,10,False,263,263,True,12.059866905212402,,ok,True,ok,11,11
exp_c,exp_c__gsm8k_test_000426__think,gsm8k_test_000426,think,canonical,,full_output,13,10,False,263,263,True,9.5509033203125,,ok,True,ok,11,11
exp_c,exp_c__gsm8k_test_000426__think,gsm8k_test_000426,think,canonical,,full_output,20,10,False,263,263,True,10.514559745788574,,ok,True,ok,11,11
exp_c,exp_c__gsm8k_test_000426__think,gsm8k_test_000426,think,canonical,,thinking_segment,6,10,False,196,196,True,12.903230667114258,,ok_qwen_token_boundary,True,ok,11,11
exp_c,exp_c__gsm8k_test_000426__think,gsm8k_test_000426,think,canonical,,thinking_segment,13,10,False,196,196,True,10.164539337158203,,ok_qwen_token_boundary,True,ok,11,11
exp_c,exp_c__gsm8k_test_000426__think,gsm8k_test_000426,think,canonical,,thinking_segment,20,10,False,196,196,True,10.672980308532715,,ok_qwen_token_boundary,True,ok,11,11
exp_c,exp_c__gsm8k_test_000426__think,gsm8k_test_000426,think,canonical,,answer_segment,6,10,False,67,67,True,13.430925369262695,,ok_qwen_token_boundary,True,ok,11,11
exp_c,exp_c__gsm8k_test_000426__think,gsm8k_test_000426,think,canonical,,answer_segment,13,10,False,67,67,True,11.300125122070312,,ok_qwen_token_boundary,True,ok,11,11
exp_c,exp_c__gsm8k_test_000426__think,gsm8k_test_000426,think,canonical,,answer_segment,20,10,False,67,67,True,10.374675750732422,,ok_qwen_token_boundary,True,ok,11,11
exp_c,exp_c__gsm8k_test_000426__no_think,gsm8k_test_000426,no_think,canonical,,full_output,6,10,False,47,47,True,14.414541244506836,,ok,False,ok,11,12
exp_c,exp_c__gsm8k_test_000426__no_think,gsm8k_test_000426,no_think,canonical,,full_output,13,10,False,47,47,True,10.485822677612305,,ok,False,ok,11,12
exp_c,exp_c__gsm8k_test_000426__no_think,gsm8k_test_000426,no_think,canonical,,full_output,20,10,False,47,47,True,10.985445022583008,,ok,False,ok,11,12
exp_c,exp_c__gsm8k_test_000426__no_think,gsm8k_test_000426,no_think,canonical,,answer_segment,6,10,False,47,47,True,14.414541244506836,,ok,False,ok,11,12
exp_c,exp_c__gsm8k_test_000426__no_think,gsm8k_test_000426,no_think,canonical,,answer_segment,13,10,False,47,47,True,10.485822677612305,,ok,False,ok,11,12
exp_c,exp_c__gsm8k_test_000426__no_think,gsm8k_test_000426,no_think,canonical,,answer_segment,20,10,False,47,47,True,10.985445022583008,,ok,False,ok,11,12
exp_c,exp_c__gsm8k_test_000432__think,gsm8k_test_000432,think,canonical,,full_output,6,10,False,265,265,True,13.793543815612793,,ok,True,ok,30,30
exp_c,exp_c__gsm8k_test_000432__think,gsm8k_test_000432,think,canonical,,full_output,13,10,False,265,265,True,10.653236389160156,,ok,True,ok,30,30
exp_c,exp_c__gsm8k_test_000432__think,gsm8k_test_000432,think,canonical,,full_output,20,10,False,265,265,True,10.034788131713867,,ok,True,ok,30,30
exp_c,exp_c__gsm8k_test_000432__think,gsm8k_test_000432,think,canonical,,thinking_segment,6,10,False,206,206,True,13.418168067932129,,ok_qwen_token_boundary,True,ok,30,30
exp_c,exp_c__gsm8k_test_000432__think,gsm8k_test_000432,think,canonical,,thinking_segment,13,10,False,206,206,True,10.704208374023438,,ok_qwen_token_boundary,True,ok,30,30
exp_c,exp_c__gsm8k_test_000432__think,gsm8k_test_000432,think,canonical,,thinking_segment,20,10,False,206,206,True,9.77501106262207,,ok_qwen_token_boundary,True,ok,30,30
exp_c,exp_c__gsm8k_test_000432__think,gsm8k_test_000432,think,canonical,,answer_segment,6,10,False,59,59,True,15.213748931884766,,ok_qwen_token_boundary,True,ok,30,30
exp_c,exp_c__gsm8k_test_000432__think,gsm8k_test_000432,think,canonical,,answer_segment,13,10,False,59,59,True,12.460854530334473,,ok_qwen_token_boundary,True,ok,30,30
exp_c,exp_c__gsm8k_test_000432__think,gsm8k_test_000432,think,canonical,,answer_segment,20,10,False,59,59,True,11.580029487609863,,ok_qwen_token_boundary,True,ok,30,30
exp_c,exp_c__gsm8k_test_000432__no_think,gsm8k_test_000432,no_think,canonical,,full_output,6,10,False,66,66,True,15.08854866027832,,ok,True,ok,30,30
exp_c,exp_c__gsm8k_test_000432__no_think,gsm8k_test_000432,no_think,canonical,,full_output,13,10,False,66,66,True,12.359636306762695,,ok,True,ok,30,30
exp_c,exp_c__gsm8k_test_000432__no_think,gsm8k_test_000432,no_think,canonical,,full_output,20,10,False,66,66,True,11.299661636352539,,ok,True,ok,30,30
exp_c,exp_c__gsm8k_test_000432__no_think,gsm8k_test_000432,no_think,canonical,,answer_segment,6,10,False,66,66,True,15.08854866027832,,ok,True,ok,30,30
exp_c,exp_c__gsm8k_test_000432__no_think,gsm8k_test_000432,no_think,canonical,,answer_segment,13,10,False,66,66,True,12.359636306762695,,ok,True,ok,30,30
exp_c,exp_c__gsm8k_test_000432__no_think,gsm8k_test_000432,no_think,canonical,,answer_segment,20,10,False,66,66,True,11.299661636352539,,ok,True,ok,30,30
exp_c,exp_c__gsm8k_test_000433__think,gsm8k_test_000433,think,canonical,,full_output,6,10,False,249,249,True,14.477893829345703,,ok,True,ok,6,6
exp_c,exp_c__gsm8k_test_000433__think,gsm8k_test_000433,think,canonical,,full_output,13,10,False,249,249,True,12.025806427001953,,ok,True,ok,6,6
exp_c,exp_c__gsm8k_test_000433__think,gsm8k_test_000433,think,canonical,,full_output,20,10,False,249,249,True,11.063876152038574,,ok,True,ok,6,6
exp_c,exp_c__gsm8k_test_000433__think,gsm8k_test_000433,think,canonical,,thinking_segment,6,10,False,200,200,True,14.246904373168945,,ok_qwen_token_boundary,True,ok,6,6
exp_c,exp_c__gsm8k_test_000433__think,gsm8k_test_000433,think,canonical,,thinking_segment,13,10,False,200,200,True,11.708635330200195,,ok_qwen_token_boundary,True,ok,6,6
exp_c,exp_c__gsm8k_test_000433__think,gsm8k_test_000433,think,canonical,,thinking_segment,20,10,False,200,200,True,10.845453262329102,,ok_qwen_token_boundary,True,ok,6,6
exp_c,exp_c__gsm8k_test_000433__think,gsm8k_test_000433,think,canonical,,answer_segment,6,10,False,49,49,True,14.102779388427734,,ok_qwen_token_boundary,True,ok,6,6
exp_c,exp_c__gsm8k_test_000433__think,gsm8k_test_000433,think,canonical,,answer_segment,13,10,False,49,49,True,12.484651565551758,,ok_qwen_token_boundary,True,ok,6,6
exp_c,exp_c__gsm8k_test_000433__think,gsm8k_test_000433,think,canonical,,answer_segment,20,10,False,49,49,True,12.357844352722168,,ok_qwen_token_boundary,True,ok,6,6
exp_c,exp_c__gsm8k_test_000433__no_think,gsm8k_test_000433,no_think,canonical,,full_output,6,10,False,53,53,True,12.523898124694824,,ok,True,ok,6,6
exp_c,exp_c__gsm8k_test_000433__no_think,gsm8k_test_000433,no_think,canonical,,full_output,13,10,False,53,53,True,12.493559837341309,,ok,True,ok,6,6
exp_c,exp_c__gsm8k_test_000433__no_think,gsm8k_test_000433,no_think,canonical,,full_output,20,10,False,53,53,True,12.66615104675293,,ok,True,ok,6,6
exp_c,exp_c__gsm8k_test_000433__no_think,gsm8k_test_000433,no_think,canonical,,answer_segment,6,10,False,53,53,True,12.523898124694824,,ok,True,ok,6,6
exp_c,exp_c__gsm8k_test_000433__no_think,gsm8k_test_000433,no_think,canonical,,answer_segment,13,10,False,53,53,True,12.493559837341309,,ok,True,ok,6,6
exp_c,exp_c__gsm8k_test_000433__no_think,gsm8k_test_000433,no_think,canonical,,answer_segment,20,10,False,53,53,True,12.66615104675293,,ok,True,ok,6,6
exp_c,exp_c__gsm8k_test_000448__think,gsm8k_test_000448,think,canonical,,full_output,6,10,False,399,399,True,10.660062789916992,,ok,True,ok,539,539
exp_c,exp_c__gsm8k_test_000448__think,gsm8k_test_000448,think,canonical,,full_output,13,10,False,399,399,True,9.67774772644043,,ok,True,ok,539,539
exp_c,exp_c__gsm8k_test_000448__think,gsm8k_test_000448,think,canonical,,full_output,20,10,False,399,399,True,10.015359878540039,,ok,True,ok,539,539
exp_c,exp_c__gsm8k_test_000448__think,gsm8k_test_000448,think,canonical,,thinking_segment,6,10,False,349,349,True,10.357583045959473,,ok_qwen_token_boundary,True,ok,539,539
exp_c,exp_c__gsm8k_test_000448__think,gsm8k_test_000448,think,canonical,,thinking_segment,13,10,False,349,349,True,9.737814903259277,,ok_qwen_token_boundary,True,ok,539,539
exp_c,exp_c__gsm8k_test_000448__think,gsm8k_test_000448,think,canonical,,thinking_segment,20,10,False,349,349,True,9.999957084655762,,ok_qwen_token_boundary,True,ok,539,539
exp_c,exp_c__gsm8k_test_000448__think,gsm8k_test_000448,think,canonical,,answer_segment,6,10,False,50,50,True,15.773785591125488,,ok_qwen_token_boundary,True,ok,539,539
exp_c,exp_c__gsm8k_test_000448__think,gsm8k_test_000448,think,canonical,,answer_segment,13,10,False,50,50,True,14.085875511169434,,ok_qwen_token_boundary,True,ok,539,539
exp_c,exp_c__gsm8k_test_000448__think,gsm8k_test_000448,think,canonical,,answer_segment,20,10,False,50,50,True,12.249293327331543,,ok_qwen_token_boundary,True,ok,539,539
exp_c,exp_c__gsm8k_test_000448__no_think,gsm8k_test_000448,no_think,canonical,,full_output,6,10,False,54,54,True,13.65643310546875,,ok,False,ok,539,208
exp_c,exp_c__gsm8k_test_000448__no_think,gsm8k_test_000448,no_think,canonical,,full_output,13,10,False,54,54,True,13.002885818481445,,ok,False,ok,539,208
exp_c,exp_c__gsm8k_test_000448__no_think,gsm8k_test_000448,no_think,canonical,,full_output,20,10,False,54,54,True,12.822447776794434,,ok,False,ok,539,208
exp_c,exp_c__gsm8k_test_000448__no_think,gsm8k_test_000448,no_think,canonical,,answer_segment,6,10,False,54,54,True,13.65643310546875,,ok,False,ok,539,208
exp_c,exp_c__gsm8k_test_000448__no_think,gsm8k_test_000448,no_think,canonical,,answer_segment,13,10,False,54,54,True,13.002885818481445,,ok,False,ok,539,208
exp_c,exp_c__gsm8k_test_000448__no_think,gsm8k_test_000448,no_think,canonical,,answer_segment,20,10,False,54,54,True,12.822447776794434,,ok,False,ok,539,208
exp_c,exp_c__gsm8k_test_000449__think,gsm8k_test_000449,think,canonical,,full_output,6,10,False,217,217,True,13.159735679626465,,ok,True,ok,112,112
exp_c,exp_c__gsm8k_test_000449__think,gsm8k_test_000449,think,canonical,,full_output,13,10,False,217,217,True,10.913300514221191,,ok,True,ok,112,112
exp_c,exp_c__gsm8k_test_000449__think,gsm8k_test_000449,think,canonical,,full_output,20,10,False,217,217,True,10.526054382324219,,ok,True,ok,112,112
exp_c,exp_c__gsm8k_test_000449__think,gsm8k_test_000449,think,canonical,,thinking_segment,6,10,False,167,167,True,14.257420539855957,,ok_qwen_token_boundary,True,ok,112,112
exp_c,exp_c__gsm8k_test_000449__think,gsm8k_test_000449,think,canonical,,thinking_segment,13,10,False,167,167,True,11.454238891601562,,ok_qwen_token_boundary,True,ok,112,112
exp_c,exp_c__gsm8k_test_000449__think,gsm8k_test_000449,think,canonical,,thinking_segment,20,10,False,167,167,True,10.881786346435547,,ok_qwen_token_boundary,True,ok,112,112
exp_c,exp_c__gsm8k_test_000449__think,gsm8k_test_000449,think,canonical,,answer_segment,6,10,False,50,50,True,11.592568397521973,,ok_qwen_token_boundary,True,ok,112,112
exp_c,exp_c__gsm8k_test_000449__think,gsm8k_test_000449,think,canonical,,answer_segment,13,10,False,50,50,True,12.853148460388184,,ok_qwen_token_boundary,True,ok,112,112
exp_c,exp_c__gsm8k_test_000449__think,gsm8k_test_000449,think,canonical,,answer_segment,20,10,False,50,50,True,10.223155975341797,,ok_qwen_token_boundary,True,ok,112,112
exp_c,exp_c__gsm8k_test_000449__no_think,gsm8k_test_000449,no_think,canonical,,full_output,6,10,False,43,43,True,10.773421287536621,,ok,True,ok,112,112
exp_c,exp_c__gsm8k_test_000449__no_think,gsm8k_test_000449,no_think,canonical,,full_output,13,10,False,43,43,True,11.420966148376465,,ok,True,ok,112,112
exp_c,exp_c__gsm8k_test_000449__no_think,gsm8k_test_000449,no_think,canonical,,full_output,20,10,False,43,43,True,11.531576156616211,,ok,True,ok,112,112
exp_c,exp_c__gsm8k_test_000449__no_think,gsm8k_test_000449,no_think,canonical,,answer_segment,6,10,False,43,43,True,10.773421287536621,,ok,True,ok,112,112
exp_c,exp_c__gsm8k_test_000449__no_think,gsm8k_test_000449,no_think,canonical,,answer_segment,13,10,False,43,43,True,11.420966148376465,,ok,True,ok,112,112
exp_c,exp_c__gsm8k_test_000449__no_think,gsm8k_test_000449,no_think,canonical,,answer_segment,20,10,False,43,43,True,11.531576156616211,,ok,True,ok,112,112
exp_c,exp_c__gsm8k_test_000460__think,gsm8k_test_000460,think,canonical,,full_output,6,10,False,440,440,True,10.205650329589844,,ok,True,ok,84,84
exp_c,exp_c__gsm8k_test_000460__think,gsm8k_test_000460,think,canonical,,full_output,13,10,False,440,440,True,8.754673957824707,,ok,True,ok,84,84
exp_c,exp_c__gsm8k_test_000460__think,gsm8k_test_000460,think,canonical,,full_output,20,10,False,440,440,True,9.313496589660645,,ok,True,ok,84,84
exp_c,exp_c__gsm8k_test_000460__think,gsm8k_test_000460,think,canonical,,thinking_segment,6,10,False,400,400,True,9.853116989135742,,ok_qwen_token_boundary,True,ok,84,84
exp_c,exp_c__gsm8k_test_000460__think,gsm8k_test_000460,think,canonical,,thinking_segment,13,10,False,400,400,True,8.83247184753418,,ok_qwen_token_boundary,True,ok,84,84
exp_c,exp_c__gsm8k_test_000460__think,gsm8k_test_000460,think,canonical,,thinking_segment,20,10,False,400,400,True,9.149190902709961,,ok_qwen_token_boundary,True,ok,84,84
exp_c,exp_c__gsm8k_test_000460__think,gsm8k_test_000460,think,canonical,,answer_segment,6,10,False,40,40,True,12.990468978881836,,ok_qwen_token_boundary,True,ok,84,84
exp_c,exp_c__gsm8k_test_000460__think,gsm8k_test_000460,think,canonical,,answer_segment,13,10,False,40,40,True,12.182225227355957,,ok_qwen_token_boundary,True,ok,84,84
exp_c,exp_c__gsm8k_test_000460__think,gsm8k_test_000460,think,canonical,,answer_segment,20,10,False,40,40,True,10.689958572387695,,ok_qwen_token_boundary,True,ok,84,84
exp_c,exp_c__gsm8k_test_000460__no_think,gsm8k_test_000460,no_think,canonical,,full_output,6,10,False,47,47,True,15.202104568481445,,ok,False,ok,84,96
exp_c,exp_c__gsm8k_test_000460__no_think,gsm8k_test_000460,no_think,canonical,,full_output,13,10,False,47,47,True,13.360681533813477,,ok,False,ok,84,96
exp_c,exp_c__gsm8k_test_000460__no_think,gsm8k_test_000460,no_think,canonical,,full_output,20,10,False,47,47,True,11.012655258178711,,ok,False,ok,84,96
exp_c,exp_c__gsm8k_test_000460__no_think,gsm8k_test_000460,no_think,canonical,,answer_segment,6,10,False,47,47,True,15.202104568481445,,ok,False,ok,84,96
exp_c,exp_c__gsm8k_test_000460__no_think,gsm8k_test_000460,no_think,canonical,,answer_segment,13,10,False,47,47,True,13.360681533813477,,ok,False,ok,84,96
exp_c,exp_c__gsm8k_test_000460__no_think,gsm8k_test_000460,no_think,canonical,,answer_segment,20,10,False,47,47,True,11.012655258178711,,ok,False,ok,84,96
exp_c,exp_c__gsm8k_test_000472__think,gsm8k_test_000472,think,canonical,,full_output,6,10,False,319,319,True,12.663211822509766,,ok,True,ok,6,6
exp_c,exp_c__gsm8k_test_000472__think,gsm8k_test_000472,think,canonical,,full_output,13,10,False,319,319,True,9.655425071716309,,ok,True,ok,6,6
exp_c,exp_c__gsm8k_test_000472__think,gsm8k_test_000472,think,canonical,,full_output,20,10,False,319,319,True,10.0359525680542,,ok,True,ok,6,6
exp_c,exp_c__gsm8k_test_000472__think,gsm8k_test_000472,think,canonical,,thinking_segment,6,10,False,272,272,True,13.669954299926758,,ok_qwen_token_boundary,True,ok,6,6
exp_c,exp_c__gsm8k_test_000472__think,gsm8k_test_000472,think,canonical,,thinking_segment,13,10,False,272,272,True,10.337912559509277,,ok_qwen_token_boundary,True,ok,6,6
exp_c,exp_c__gsm8k_test_000472__think,gsm8k_test_000472,think,canonical,,thinking_segment,20,10,False,272,272,True,10.643309593200684,,ok_qwen_token_boundary,True,ok,6,6
exp_c,exp_c__gsm8k_test_000472__think,gsm8k_test_000472,think,canonical,,answer_segment,6,10,False,47,47,True,13.67505931854248,,ok_qwen_token_boundary,True,ok,6,6
exp_c,exp_c__gsm8k_test_000472__think,gsm8k_test_000472,think,canonical,,answer_segment,13,10,False,47,47,True,12.89628791809082,,ok_qwen_token_boundary,True,ok,6,6
exp_c,exp_c__gsm8k_test_000472__think,gsm8k_test_000472,think,canonical,,answer_segment,20,10,False,47,47,True,11.827818870544434,,ok_qwen_token_boundary,True,ok,6,6
exp_c,exp_c__gsm8k_test_000472__no_think,gsm8k_test_000472,no_think,canonical,,full_output,6,10,False,42,42,True,11.700887680053711,,ok,True,ok,6,6
exp_c,exp_c__gsm8k_test_000472__no_think,gsm8k_test_000472,no_think,canonical,,full_output,13,10,False,42,42,True,11.887565612792969,,ok,True,ok,6,6
exp_c,exp_c__gsm8k_test_000472__no_think,gsm8k_test_000472,no_think,canonical,,full_output,20,10,False,42,42,True,11.757208824157715,,ok,True,ok,6,6
exp_c,exp_c__gsm8k_test_000472__no_think,gsm8k_test_000472,no_think,canonical,,answer_segment,6,10,False,42,42,True,11.700887680053711,,ok,True,ok,6,6
exp_c,exp_c__gsm8k_test_000472__no_think,gsm8k_test_000472,no_think,canonical,,answer_segment,13,10,False,42,42,True,11.887565612792969,,ok,True,ok,6,6
exp_c,exp_c__gsm8k_test_000472__no_think,gsm8k_test_000472,no_think,canonical,,answer_segment,20,10,False,42,42,True,11.757208824157715,,ok,True,ok,6,6
exp_c,exp_c__gsm8k_test_000491__think,gsm8k_test_000491,think,canonical,,full_output,6,10,False,187,187,True,14.274633407592773,,ok,True,ok,16,16
exp_c,exp_c__gsm8k_test_000491__think,gsm8k_test_000491,think,canonical,,full_output,13,10,False,187,187,True,11.447088241577148,,ok,True,ok,16,16
exp_c,exp_c__gsm8k_test_000491__think,gsm8k_test_000491,think,canonical,,full_output,20,10,False,187,187,True,11.095513343811035,,ok,True,ok,16,16
exp_c,exp_c__gsm8k_test_000491__think,gsm8k_test_000491,think,canonical,,thinking_segment,6,10,False,146,146,True,14.043534278869629,,ok_qwen_token_boundary,True,ok,16,16
exp_c,exp_c__gsm8k_test_000491__think,gsm8k_test_000491,think,canonical,,thinking_segment,13,10,False,146,146,True,11.57303524017334,,ok_qwen_token_boundary,True,ok,16,16
exp_c,exp_c__gsm8k_test_000491__think,gsm8k_test_000491,think,canonical,,thinking_segment,20,10,False,146,146,True,10.8765287399292,,ok_qwen_token_boundary,True,ok,16,16
exp_c,exp_c__gsm8k_test_000491__think,gsm8k_test_000491,think,canonical,,answer_segment,6,10,False,41,41,True,13.813291549682617,,ok_qwen_token_boundary,True,ok,16,16
exp_c,exp_c__gsm8k_test_000491__think,gsm8k_test_000491,think,canonical,,answer_segment,13,10,False,41,41,True,11.770074844360352,,ok_qwen_token_boundary,True,ok,16,16
exp_c,exp_c__gsm8k_test_000491__think,gsm8k_test_000491,think,canonical,,answer_segment,20,10,False,41,41,True,11.393492698669434,,ok_qwen_token_boundary,True,ok,16,16
exp_c,exp_c__gsm8k_test_000491__no_think,gsm8k_test_000491,no_think,canonical,,full_output,6,10,False,39,39,True,14.211615562438965,,ok,True,ok,16,16
exp_c,exp_c__gsm8k_test_000491__no_think,gsm8k_test_000491,no_think,canonical,,full_output,13,10,False,39,39,True,11.911844253540039,,ok,True,ok,16,16
exp_c,exp_c__gsm8k_test_000491__no_think,gsm8k_test_000491,no_think,canonical,,full_output,20,10,False,39,39,True,11.519198417663574,,ok,True,ok,16,16
exp_c,exp_c__gsm8k_test_000491__no_think,gsm8k_test_000491,no_think,canonical,,answer_segment,6,10,False,39,39,True,14.211615562438965,,ok,True,ok,16,16
exp_c,exp_c__gsm8k_test_000491__no_think,gsm8k_test_000491,no_think,canonical,,answer_segment,13,10,False,39,39,True,11.911844253540039,,ok,True,ok,16,16
exp_c,exp_c__gsm8k_test_000491__no_think,gsm8k_test_000491,no_think,canonical,,answer_segment,20,10,False,39,39,True,11.519198417663574,,ok,True,ok,16,16
exp_c,exp_c__gsm8k_test_000503__think,gsm8k_test_000503,think,canonical,,full_output,6,10,False,224,224,True,12.838493347167969,,ok,True,ok,18,18
exp_c,exp_c__gsm8k_test_000503__think,gsm8k_test_000503,think,canonical,,full_output,13,10,False,224,224,True,10.046896934509277,,ok,True,ok,18,18
exp_c,exp_c__gsm8k_test_000503__think,gsm8k_test_000503,think,canonical,,full_output,20,10,False,224,224,True,11.171979904174805,,ok,True,ok,18,18
exp_c,exp_c__gsm8k_test_000503__think,gsm8k_test_000503,think,canonical,,thinking_segment,6,10,False,174,174,True,11.642066955566406,,ok_qwen_token_boundary,True,ok,18,18
exp_c,exp_c__gsm8k_test_000503__think,gsm8k_test_000503,think,canonical,,thinking_segment,13,10,False,174,174,True,10.35673713684082,,ok_qwen_token_boundary,True,ok,18,18
exp_c,exp_c__gsm8k_test_000503__think,gsm8k_test_000503,think,canonical,,thinking_segment,20,10,False,174,174,True,10.884590148925781,,ok_qwen_token_boundary,True,ok,18,18
exp_c,exp_c__gsm8k_test_000503__think,gsm8k_test_000503,think,canonical,,answer_segment,6,10,False,50,50,True,11.792471885681152,,ok_qwen_token_boundary,True,ok,18,18
exp_c,exp_c__gsm8k_test_000503__think,gsm8k_test_000503,think,canonical,,answer_segment,13,10,False,50,50,True,10.427398681640625,,ok_qwen_token_boundary,True,ok,18,18
exp_c,exp_c__gsm8k_test_000503__think,gsm8k_test_000503,think,canonical,,answer_segment,20,10,False,50,50,True,10.653620719909668,,ok_qwen_token_boundary,True,ok,18,18
exp_c,exp_c__gsm8k_test_000503__no_think,gsm8k_test_000503,no_think,canonical,,full_output,6,10,False,51,51,True,13.28701114654541,,ok,False,ok,18,16
exp_c,exp_c__gsm8k_test_000503__no_think,gsm8k_test_000503,no_think,canonical,,full_output,13,10,False,51,51,True,10.543395042419434,,ok,False,ok,18,16
exp_c,exp_c__gsm8k_test_000503__no_think,gsm8k_test_000503,no_think,canonical,,full_output,20,10,False,51,51,True,11.287781715393066,,ok,False,ok,18,16
exp_c,exp_c__gsm8k_test_000503__no_think,gsm8k_test_000503,no_think,canonical,,answer_segment,6,10,False,51,51,True,13.28701114654541,,ok,False,ok,18,16
exp_c,exp_c__gsm8k_test_000503__no_think,gsm8k_test_000503,no_think,canonical,,answer_segment,13,10,False,51,51,True,10.543395042419434,,ok,False,ok,18,16
exp_c,exp_c__gsm8k_test_000503__no_think,gsm8k_test_000503,no_think,canonical,,answer_segment,20,10,False,51,51,True,11.287781715393066,,ok,False,ok,18,16
exp_c,exp_c__gsm8k_test_000509__think,gsm8k_test_000509,think,canonical,,full_output,6,10,False,557,557,True,9.926105499267578,,ok,True,ok,4,4
exp_c,exp_c__gsm8k_test_000509__think,gsm8k_test_000509,think,canonical,,full_output,13,10,False,557,557,True,8.893071174621582,,ok,True,ok,4,4
exp_c,exp_c__gsm8k_test_000509__think,gsm8k_test_000509,think,canonical,,full_output,20,10,False,557,557,True,9.395380020141602,,ok,True,ok,4,4
exp_c,exp_c__gsm8k_test_000509__think,gsm8k_test_000509,think,canonical,,thinking_segment,6,10,False,514,514,True,9.56006145477295,,ok_qwen_token_boundary,True,ok,4,4
exp_c,exp_c__gsm8k_test_000509__think,gsm8k_test_000509,think,canonical,,thinking_segment,13,10,False,514,514,True,8.821101188659668,,ok_qwen_token_boundary,True,ok,4,4
exp_c,exp_c__gsm8k_test_000509__think,gsm8k_test_000509,think,canonical,,thinking_segment,20,10,False,514,514,True,9.3733491897583,,ok_qwen_token_boundary,True,ok,4,4
exp_c,exp_c__gsm8k_test_000509__think,gsm8k_test_000509,think,canonical,,answer_segment,6,10,False,43,43,True,11.717133522033691,,ok_qwen_token_boundary,True,ok,4,4
exp_c,exp_c__gsm8k_test_000509__think,gsm8k_test_000509,think,canonical,,answer_segment,13,10,False,43,43,True,12.212446212768555,,ok_qwen_token_boundary,True,ok,4,4
exp_c,exp_c__gsm8k_test_000509__think,gsm8k_test_000509,think,canonical,,answer_segment,20,10,False,43,43,True,11.52380084991455,,ok_qwen_token_boundary,True,ok,4,4
exp_c,exp_c__gsm8k_test_000509__no_think,gsm8k_test_000509,no_think,canonical,,full_output,6,10,False,45,45,True,12.153558731079102,,ok,True,ok,4,4
exp_c,exp_c__gsm8k_test_000509__no_think,gsm8k_test_000509,no_think,canonical,,full_output,13,10,False,45,45,True,13.065523147583008,,ok,True,ok,4,4
exp_c,exp_c__gsm8k_test_000509__no_think,gsm8k_test_000509,no_think,canonical,,full_output,20,10,False,45,45,True,12.52189826965332,,ok,True,ok,4,4
exp_c,exp_c__gsm8k_test_000509__no_think,gsm8k_test_000509,no_think,canonical,,answer_segment,6,10,False,45,45,True,12.153558731079102,,ok,True,ok,4,4
exp_c,exp_c__gsm8k_test_000509__no_think,gsm8k_test_000509,no_think,canonical,,answer_segment,13,10,False,45,45,True,13.065523147583008,,ok,True,ok,4,4
exp_c,exp_c__gsm8k_test_000509__no_think,gsm8k_test_000509,no_think,canonical,,answer_segment,20,10,False,45,45,True,12.52189826965332,,ok,True,ok,4,4
exp_c,exp_c__gsm8k_test_000514__think,gsm8k_test_000514,think,canonical,,full_output,6,10,False,292,292,True,13.517498016357422,,ok,True,ok,90000,90000
exp_c,exp_c__gsm8k_test_000514__think,gsm8k_test_000514,think,canonical,,full_output,13,10,False,292,292,True,11.3685884475708,,ok,True,ok,90000,90000
exp_c,exp_c__gsm8k_test_000514__think,gsm8k_test_000514,think,canonical,,full_output,20,10,False,292,292,True,12.235466003417969,,ok,True,ok,90000,90000
exp_c,exp_c__gsm8k_test_000514__think,gsm8k_test_000514,think,canonical,,thinking_segment,6,10,False,228,228,True,13.880877494812012,,ok_qwen_token_boundary,True,ok,90000,90000
exp_c,exp_c__gsm8k_test_000514__think,gsm8k_test_000514,think,canonical,,thinking_segment,13,10,False,228,228,True,11.61021900177002,,ok_qwen_token_boundary,True,ok,90000,90000
exp_c,exp_c__gsm8k_test_000514__think,gsm8k_test_000514,think,canonical,,thinking_segment,20,10,False,228,228,True,12.088316917419434,,ok_qwen_token_boundary,True,ok,90000,90000
exp_c,exp_c__gsm8k_test_000514__think,gsm8k_test_000514,think,canonical,,answer_segment,6,10,False,64,64,True,12.58258056640625,,ok_qwen_token_boundary,True,ok,90000,90000
exp_c,exp_c__gsm8k_test_000514__think,gsm8k_test_000514,think,canonical,,answer_segment,13,10,False,64,64,True,12.122398376464844,,ok_qwen_token_boundary,True,ok,90000,90000
exp_c,exp_c__gsm8k_test_000514__think,gsm8k_test_000514,think,canonical,,answer_segment,20,10,False,64,64,True,11.642990112304688,,ok_qwen_token_boundary,True,ok,90000,90000
exp_c,exp_c__gsm8k_test_000514__no_think,gsm8k_test_000514,no_think,canonical,,full_output,6,10,False,44,44,True,10.490321159362793,,ok,False,ok,90000,30000
exp_c,exp_c__gsm8k_test_000514__no_think,gsm8k_test_000514,no_think,canonical,,full_output,13,10,False,44,44,True,9.59597396850586,,ok,False,ok,90000,30000
exp_c,exp_c__gsm8k_test_000514__no_think,gsm8k_test_000514,no_think,canonical,,full_output,20,10,False,44,44,True,10.189456939697266,,ok,False,ok,90000,30000
exp_c,exp_c__gsm8k_test_000514__no_think,gsm8k_test_000514,no_think,canonical,,answer_segment,6,10,False,44,44,True,10.490321159362793,,ok,False,ok,90000,30000
exp_c,exp_c__gsm8k_test_000514__no_think,gsm8k_test_000514,no_think,canonical,,answer_segment,13,10,False,44,44,True,9.59597396850586,,ok,False,ok,90000,30000
exp_c,exp_c__gsm8k_test_000514__no_think,gsm8k_test_000514,no_think,canonical,,answer_segment,20,10,False,44,44,True,10.189456939697266,,ok,False,ok,90000,30000
exp_c,exp_c__gsm8k_test_000518__think,gsm8k_test_000518,think,canonical,,full_output,6,10,False,270,270,True,11.149545669555664,,ok,True,ok,32,32
exp_c,exp_c__gsm8k_test_000518__think,gsm8k_test_000518,think,canonical,,full_output,13,10,False,270,270,True,10.358031272888184,,ok,True,ok,32,32
exp_c,exp_c__gsm8k_test_000518__think,gsm8k_test_000518,think,canonical,,full_output,20,10,False,270,270,True,11.099321365356445,,ok,True,ok,32,32
exp_c,exp_c__gsm8k_test_000518__think,gsm8k_test_000518,think,canonical,,thinking_segment,6,10,False,212,212,True,12.100836753845215,,ok_qwen_token_boundary,True,ok,32,32
exp_c,exp_c__gsm8k_test_000518__think,gsm8k_test_000518,think,canonical,,thinking_segment,13,10,False,212,212,True,11.017898559570312,,ok_qwen_token_boundary,True,ok,32,32
exp_c,exp_c__gsm8k_test_000518__think,gsm8k_test_000518,think,canonical,,thinking_segment,20,10,False,212,212,True,11.482958793640137,,ok_qwen_token_boundary,True,ok,32,32
exp_c,exp_c__gsm8k_test_000518__think,gsm8k_test_000518,think,canonical,,answer_segment,6,10,False,58,58,True,13.89227294921875,,ok_qwen_token_boundary,True,ok,32,32
exp_c,exp_c__gsm8k_test_000518__think,gsm8k_test_000518,think,canonical,,answer_segment,13,10,False,58,58,True,11.8994722366333,,ok_qwen_token_boundary,True,ok,32,32
exp_c,exp_c__gsm8k_test_000518__think,gsm8k_test_000518,think,canonical,,answer_segment,20,10,False,58,58,True,11.341325759887695,,ok_qwen_token_boundary,True,ok,32,32
exp_c,exp_c__gsm8k_test_000518__no_think,gsm8k_test_000518,no_think,canonical,,full_output,6,10,False,86,86,True,13.800491333007812,,ok,True,ok,32,32
exp_c,exp_c__gsm8k_test_000518__no_think,gsm8k_test_000518,no_think,canonical,,full_output,13,10,False,86,86,True,11.413111686706543,,ok,True,ok,32,32
exp_c,exp_c__gsm8k_test_000518__no_think,gsm8k_test_000518,no_think,canonical,,full_output,20,10,False,86,86,True,11.538665771484375,,ok,True,ok,32,32
exp_c,exp_c__gsm8k_test_000518__no_think,gsm8k_test_000518,no_think,canonical,,answer_segment,6,10,False,86,86,True,13.800491333007812,,ok,True,ok,32,32
exp_c,exp_c__gsm8k_test_000518__no_think,gsm8k_test_000518,no_think,canonical,,answer_segment,13,10,False,86,86,True,11.413111686706543,,ok,True,ok,32,32
exp_c,exp_c__gsm8k_test_000518__no_think,gsm8k_test_000518,no_think,canonical,,answer_segment,20,10,False,86,86,True,11.538665771484375,,ok,True,ok,32,32
exp_c,exp_c__gsm8k_test_000523__think,gsm8k_test_000523,think,canonical,,full_output,6,10,False,381,381,True,17.343244552612305,,ok,True,ok,74,74
exp_c,exp_c__gsm8k_test_000523__think,gsm8k_test_000523,think,canonical,,full_output,13,10,False,381,381,True,12.026405334472656,,ok,True,ok,74,74
exp_c,exp_c__gsm8k_test_000523__think,gsm8k_test_000523,think,canonical,,full_output,20,10,False,381,381,True,26.80339813232422,,ok,True,ok,74,74
exp_c,exp_c__gsm8k_test_000523__think,gsm8k_test_000523,think,canonical,,thinking_segment,6,10,False,333,333,True,17.825279235839844,,ok_qwen_token_boundary,True,ok,74,74
exp_c,exp_c__gsm8k_test_000523__think,gsm8k_test_000523,think,canonical,,thinking_segment,13,10,False,333,333,True,12.013489723205566,,ok_qwen_token_boundary,True,ok,74,74
exp_c,exp_c__gsm8k_test_000523__think,gsm8k_test_000523,think,canonical,,thinking_segment,20,10,False,333,333,True,23.206972122192383,,ok_qwen_token_boundary,True,ok,74,74
exp_c,exp_c__gsm8k_test_000523__think,gsm8k_test_000523,think,canonical,,answer_segment,6,10,False,48,48,True,14.5653715133667,,ok_qwen_token_boundary,True,ok,74,74
exp_c,exp_c__gsm8k_test_000523__think,gsm8k_test_000523,think,canonical,,answer_segment,13,10,False,48,48,True,13.85047435760498,,ok_qwen_token_boundary,True,ok,74,74
exp_c,exp_c__gsm8k_test_000523__think,gsm8k_test_000523,think,canonical,,answer_segment,20,10,False,48,48,True,12.193524360656738,,ok_qwen_token_boundary,True,ok,74,74
exp_c,exp_c__gsm8k_test_000523__no_think,gsm8k_test_000523,no_think,canonical,,full_output,6,10,False,46,46,True,11.839670181274414,,ok,True,ok,74,74
exp_c,exp_c__gsm8k_test_000523__no_think,gsm8k_test_000523,no_think,canonical,,full_output,13,10,False,46,46,True,11.992785453796387,,ok,True,ok,74,74
exp_c,exp_c__gsm8k_test_000523__no_think,gsm8k_test_000523,no_think,canonical,,full_output,20,10,False,46,46,True,11.4694185256958,,ok,True,ok,74,74
exp_c,exp_c__gsm8k_test_000523__no_think,gsm8k_test_000523,no_think,canonical,,answer_segment,6,10,False,46,46,True,11.839670181274414,,ok,True,ok,74,74
exp_c,exp_c__gsm8k_test_000523__no_think,gsm8k_test_000523,no_think,canonical,,answer_segment,13,10,False,46,46,True,11.992785453796387,,ok,True,ok,74,74
exp_c,exp_c__gsm8k_test_000523__no_think,gsm8k_test_000523,no_think,canonical,,answer_segment,20,10,False,46,46,True,11.4694185256958,,ok,True,ok,74,74
exp_c,exp_c__gsm8k_test_000531__think,gsm8k_test_000531,think,canonical,,full_output,6,10,False,353,353,True,15.535036087036133,,ok,True,ok,66,66
exp_c,exp_c__gsm8k_test_000531__think,gsm8k_test_000531,think,canonical,,full_output,13,10,False,353,353,True,11.716367721557617,,ok,True,ok,66,66
exp_c,exp_c__gsm8k_test_000531__think,gsm8k_test_000531,think,canonical,,full_output,20,10,False,353,353,True,10.886550903320312,,ok,True,ok,66,66
exp_c,exp_c__gsm8k_test_000531__think,gsm8k_test_000531,think,canonical,,thinking_segment,6,10,False,295,295,True,15.518352508544922,,ok_qwen_token_boundary,True,ok,66,66
exp_c,exp_c__gsm8k_test_000531__think,gsm8k_test_000531,think,canonical,,thinking_segment,13,10,False,295,295,True,11.64857006072998,,ok_qwen_token_boundary,True,ok,66,66
exp_c,exp_c__gsm8k_test_000531__think,gsm8k_test_000531,think,canonical,,thinking_segment,20,10,False,295,295,True,10.762528419494629,,ok_qwen_token_boundary,True,ok,66,66
exp_c,exp_c__gsm8k_test_000531__think,gsm8k_test_000531,think,canonical,,answer_segment,6,10,False,58,58,True,14.44321346282959,,ok_qwen_token_boundary,True,ok,66,66
exp_c,exp_c__gsm8k_test_000531__think,gsm8k_test_000531,think,canonical,,answer_segment,13,10,False,58,58,True,12.04558277130127,,ok_qwen_token_boundary,True,ok,66,66
exp_c,exp_c__gsm8k_test_000531__think,gsm8k_test_000531,think,canonical,,answer_segment,20,10,False,58,58,True,11.280218124389648,,ok_qwen_token_boundary,True,ok,66,66
exp_c,exp_c__gsm8k_test_000531__no_think,gsm8k_test_000531,no_think,canonical,,full_output,6,10,False,63,63,True,13.139769554138184,,ok,False,ok,66,56
exp_c,exp_c__gsm8k_test_000531__no_think,gsm8k_test_000531,no_think,canonical,,full_output,13,10,False,63,63,True,11.376815795898438,,ok,False,ok,66,56
exp_c,exp_c__gsm8k_test_000531__no_think,gsm8k_test_000531,no_think,canonical,,full_output,20,10,False,63,63,True,11.010123252868652,,ok,False,ok,66,56
exp_c,exp_c__gsm8k_test_000531__no_think,gsm8k_test_000531,no_think,canonical,,answer_segment,6,10,False,63,63,True,13.139769554138184,,ok,False,ok,66,56
exp_c,exp_c__gsm8k_test_000531__no_think,gsm8k_test_000531,no_think,canonical,,answer_segment,13,10,False,63,63,True,11.376815795898438,,ok,False,ok,66,56
exp_c,exp_c__gsm8k_test_000531__no_think,gsm8k_test_000531,no_think,canonical,,answer_segment,20,10,False,63,63,True,11.010123252868652,,ok,False,ok,66,56
exp_c,exp_c__gsm8k_test_000532__think,gsm8k_test_000532,think,canonical,,full_output,6,10,False,464,464,True,15.196573257446289,,ok,True,ok,25,25
exp_c,exp_c__gsm8k_test_000532__think,gsm8k_test_000532,think,canonical,,full_output,13,10,False,464,464,True,10.743517875671387,,ok,True,ok,25,25
exp_c,exp_c__gsm8k_test_000532__think,gsm8k_test_000532,think,canonical,,full_output,20,10,False,464,464,True,10.920479774475098,,ok,True,ok,25,25
exp_c,exp_c__gsm8k_test_000532__think,gsm8k_test_000532,think,canonical,,thinking_segment,6,10,False,414,414,True,13.912735939025879,,ok_qwen_token_boundary,True,ok,25,25
exp_c,exp_c__gsm8k_test_000532__think,gsm8k_test_000532,think,canonical,,thinking_segment,13,10,False,414,414,True,10.199220657348633,,ok_qwen_token_boundary,True,ok,25,25
exp_c,exp_c__gsm8k_test_000532__think,gsm8k_test_000532,think,canonical,,thinking_segment,20,10,False,414,414,True,10.658817291259766,,ok_qwen_token_boundary,True,ok,25,25
exp_c,exp_c__gsm8k_test_000532__think,gsm8k_test_000532,think,canonical,,answer_segment,6,10,False,50,50,True,13.336614608764648,,ok_qwen_token_boundary,True,ok,25,25
exp_c,exp_c__gsm8k_test_000532__think,gsm8k_test_000532,think,canonical,,answer_segment,13,10,False,50,50,True,12.061617851257324,,ok_qwen_token_boundary,True,ok,25,25
exp_c,exp_c__gsm8k_test_000532__think,gsm8k_test_000532,think,canonical,,answer_segment,20,10,False,50,50,True,12.074832916259766,,ok_qwen_token_boundary,True,ok,25,25
exp_c,exp_c__gsm8k_test_000532__no_think,gsm8k_test_000532,no_think,canonical,,full_output,6,10,False,45,45,True,11.090192794799805,,ok,False,ok,25,12
exp_c,exp_c__gsm8k_test_000532__no_think,gsm8k_test_000532,no_think,canonical,,full_output,13,10,False,45,45,True,13.141973495483398,,ok,False,ok,25,12
exp_c,exp_c__gsm8k_test_000532__no_think,gsm8k_test_000532,no_think,canonical,,full_output,20,10,False,45,45,True,12.04374885559082,,ok,False,ok,25,12
exp_c,exp_c__gsm8k_test_000532__no_think,gsm8k_test_000532,no_think,canonical,,answer_segment,6,10,False,45,45,True,11.090192794799805,,ok,False,ok,25,12
exp_c,exp_c__gsm8k_test_000532__no_think,gsm8k_test_000532,no_think,canonical,,answer_segment,13,10,False,45,45,True,13.141973495483398,,ok,False,ok,25,12
exp_c,exp_c__gsm8k_test_000532__no_think,gsm8k_test_000532,no_think,canonical,,answer_segment,20,10,False,45,45,True,12.04374885559082,,ok,False,ok,25,12
exp_c,exp_c__gsm8k_test_000534__think,gsm8k_test_000534,think,canonical,,full_output,6,10,False,318,318,True,11.650162696838379,,ok,True,ok,300,300
exp_c,exp_c__gsm8k_test_000534__think,gsm8k_test_000534,think,canonical,,full_output,13,10,False,318,318,True,9.54448127746582,,ok,True,ok,300,300
exp_c,exp_c__gsm8k_test_000534__think,gsm8k_test_000534,think,canonical,,full_output,20,10,False,318,318,True,10.086215019226074,,ok,True,ok,300,300
exp_c,exp_c__gsm8k_test_000534__think,gsm8k_test_000534,think,canonical,,thinking_segment,6,10,False,272,272,True,11.64508056640625,,ok_qwen_token_boundary,True,ok,300,300
exp_c,exp_c__gsm8k_test_000534__think,gsm8k_test_000534,think,canonical,,thinking_segment,13,10,False,272,272,True,9.923871040344238,,ok_qwen_token_boundary,True,ok,300,300
exp_c,exp_c__gsm8k_test_000534__think,gsm8k_test_000534,think,canonical,,thinking_segment,20,10,False,272,272,True,10.340069770812988,,ok_qwen_token_boundary,True,ok,300,300
exp_c,exp_c__gsm8k_test_000534__think,gsm8k_test_000534,think,canonical,,answer_segment,6,10,False,46,46,True,12.804919242858887,,ok_qwen_token_boundary,True,ok,300,300
exp_c,exp_c__gsm8k_test_000534__think,gsm8k_test_000534,think,canonical,,answer_segment,13,10,False,46,46,True,12.718729972839355,,ok_qwen_token_boundary,True,ok,300,300
exp_c,exp_c__gsm8k_test_000534__think,gsm8k_test_000534,think,canonical,,answer_segment,20,10,False,46,46,True,11.034403800964355,,ok_qwen_token_boundary,True,ok,300,300
exp_c,exp_c__gsm8k_test_000534__no_think,gsm8k_test_000534,no_think,canonical,,full_output,6,10,False,52,52,True,11.251946449279785,,ok,True,ok,300,300
exp_c,exp_c__gsm8k_test_000534__no_think,gsm8k_test_000534,no_think,canonical,,full_output,13,10,False,52,52,True,10.570158004760742,,ok,True,ok,300,300
exp_c,exp_c__gsm8k_test_000534__no_think,gsm8k_test_000534,no_think,canonical,,full_output,20,10,False,52,52,True,10.782242774963379,,ok,True,ok,300,300
exp_c,exp_c__gsm8k_test_000534__no_think,gsm8k_test_000534,no_think,canonical,,answer_segment,6,10,False,52,52,True,11.251946449279785,,ok,True,ok,300,300
exp_c,exp_c__gsm8k_test_000534__no_think,gsm8k_test_000534,no_think,canonical,,answer_segment,13,10,False,52,52,True,10.570158004760742,,ok,True,ok,300,300
exp_c,exp_c__gsm8k_test_000534__no_think,gsm8k_test_000534,no_think,canonical,,answer_segment,20,10,False,52,52,True,10.782242774963379,,ok,True,ok,300,300
exp_c,exp_c__gsm8k_test_000543__think,gsm8k_test_000543,think,canonical,,full_output,6,10,False,276,276,True,14.120559692382812,,ok,True,ok,6,6
exp_c,exp_c__gsm8k_test_000543__think,gsm8k_test_000543,think,canonical,,full_output,13,10,False,276,276,True,11.290943145751953,,ok,True,ok,6,6
exp_c,exp_c__gsm8k_test_000543__think,gsm8k_test_000543,think,canonical,,full_output,20,10,False,276,276,True,11.28768253326416,,ok,True,ok,6,6
exp_c,exp_c__gsm8k_test_000543__think,gsm8k_test_000543,think,canonical,,thinking_segment,6,10,False,219,219,True,15.107584953308105,,ok_qwen_token_boundary,True,ok,6,6
exp_c,exp_c__gsm8k_test_000543__think,gsm8k_test_000543,think,canonical,,thinking_segment,13,10,False,219,219,True,11.679790496826172,,ok_qwen_token_boundary,True,ok,6,6
exp_c,exp_c__gsm8k_test_000543__think,gsm8k_test_000543,think,canonical,,thinking_segment,20,10,False,219,219,True,11.992158889770508,,ok_qwen_token_boundary,True,ok,6,6
exp_c,exp_c__gsm8k_test_000543__think,gsm8k_test_000543,think,canonical,,answer_segment,6,10,False,57,57,True,15.293986320495605,,ok_qwen_token_boundary,True,ok,6,6
exp_c,exp_c__gsm8k_test_000543__think,gsm8k_test_000543,think,canonical,,answer_segment,13,10,False,57,57,True,13.351576805114746,,ok_qwen_token_boundary,True,ok,6,6
exp_c,exp_c__gsm8k_test_000543__think,gsm8k_test_000543,think,canonical,,answer_segment,20,10,False,57,57,True,11.8203706741333,,ok_qwen_token_boundary,True,ok,6,6
exp_c,exp_c__gsm8k_test_000543__no_think,gsm8k_test_000543,no_think,canonical,,full_output,6,10,False,45,45,True,11.473819732666016,,ok,True,ok,6,6
exp_c,exp_c__gsm8k_test_000543__no_think,gsm8k_test_000543,no_think,canonical,,full_output,13,10,False,45,45,True,13.128057479858398,,ok,True,ok,6,6
exp_c,exp_c__gsm8k_test_000543__no_think,gsm8k_test_000543,no_think,canonical,,full_output,20,10,False,45,45,True,12.6046724319458,,ok,True,ok,6,6
exp_c,exp_c__gsm8k_test_000543__no_think,gsm8k_test_000543,no_think,canonical,,answer_segment,6,10,False,45,45,True,11.473819732666016,,ok,True,ok,6,6
exp_c,exp_c__gsm8k_test_000543__no_think,gsm8k_test_000543,no_think,canonical,,answer_segment,13,10,False,45,45,True,13.128057479858398,,ok,True,ok,6,6
exp_c,exp_c__gsm8k_test_000543__no_think,gsm8k_test_000543,no_think,canonical,,answer_segment,20,10,False,45,45,True,12.6046724319458,,ok,True,ok,6,6
exp_c,exp_c__gsm8k_test_000549__think,gsm8k_test_000549,think,canonical,,full_output,6,10,False,290,290,True,14.602729797363281,,ok,True,ok,398,398
exp_c,exp_c__gsm8k_test_000549__think,gsm8k_test_000549,think,canonical,,full_output,13,10,False,290,290,True,10.888413429260254,,ok,True,ok,398,398
exp_c,exp_c__gsm8k_test_000549__think,gsm8k_test_000549,think,canonical,,full_output,20,10,False,290,290,True,11.194952011108398,,ok,True,ok,398,398
exp_c,exp_c__gsm8k_test_000549__think,gsm8k_test_000549,think,canonical,,thinking_segment,6,10,False,240,240,True,15.296182632446289,,ok_qwen_token_boundary,True,ok,398,398
exp_c,exp_c__gsm8k_test_000549__think,gsm8k_test_000549,think,canonical,,thinking_segment,13,10,False,240,240,True,11.587783813476562,,ok_qwen_token_boundary,True,ok,398,398
exp_c,exp_c__gsm8k_test_000549__think,gsm8k_test_000549,think,canonical,,thinking_segment,20,10,False,240,240,True,11.750154495239258,,ok_qwen_token_boundary,True,ok,398,398
exp_c,exp_c__gsm8k_test_000549__think,gsm8k_test_000549,think,canonical,,answer_segment,6,10,False,50,50,True,16.762929916381836,,ok_qwen_token_boundary,True,ok,398,398
exp_c,exp_c__gsm8k_test_000549__think,gsm8k_test_000549,think,canonical,,answer_segment,13,10,False,50,50,True,13.550864219665527,,ok_qwen_token_boundary,True,ok,398,398
exp_c,exp_c__gsm8k_test_000549__think,gsm8k_test_000549,think,canonical,,answer_segment,20,10,False,50,50,True,11.705028533935547,,ok_qwen_token_boundary,True,ok,398,398
exp_c,exp_c__gsm8k_test_000549__no_think,gsm8k_test_000549,no_think,canonical,,full_output,6,10,False,50,50,True,14.442922592163086,,ok,True,ok,398,398
exp_c,exp_c__gsm8k_test_000549__no_think,gsm8k_test_000549,no_think,canonical,,full_output,13,10,False,50,50,True,13.009856224060059,,ok,True,ok,398,398
exp_c,exp_c__gsm8k_test_000549__no_think,gsm8k_test_000549,no_think,canonical,,full_output,20,10,False,50,50,True,12.053055763244629,,ok,True,ok,398,398
exp_c,exp_c__gsm8k_test_000549__no_think,gsm8k_test_000549,no_think,canonical,,answer_segment,6,10,False,50,50,True,14.442922592163086,,ok,True,ok,398,398
exp_c,exp_c__gsm8k_test_000549__no_think,gsm8k_test_000549,no_think,canonical,,answer_segment,13,10,False,50,50,True,13.009856224060059,,ok,True,ok,398,398
exp_c,exp_c__gsm8k_test_000549__no_think,gsm8k_test_000549,no_think,canonical,,answer_segment,20,10,False,50,50,True,12.053055763244629,,ok,True,ok,398,398
exp_c,exp_c__gsm8k_test_000560__think,gsm8k_test_000560,think,canonical,,full_output,6,10,False,292,292,True,12.796131134033203,,ok,True,ok,45,45
exp_c,exp_c__gsm8k_test_000560__think,gsm8k_test_000560,think,canonical,,full_output,13,10,False,292,292,True,10.448457717895508,,ok,True,ok,45,45
exp_c,exp_c__gsm8k_test_000560__think,gsm8k_test_000560,think,canonical,,full_output,20,10,False,292,292,True,10.234582901000977,,ok,True,ok,45,45
exp_c,exp_c__gsm8k_test_000560__think,gsm8k_test_000560,think,canonical,,thinking_segment,6,10,False,245,245,True,12.72042179107666,,ok_qwen_token_boundary,True,ok,45,45
exp_c,exp_c__gsm8k_test_000560__think,gsm8k_test_000560,think,canonical,,thinking_segment,13,10,False,245,245,True,10.331674575805664,,ok_qwen_token_boundary,True,ok,45,45
exp_c,exp_c__gsm8k_test_000560__think,gsm8k_test_000560,think,canonical,,thinking_segment,20,10,False,245,245,True,10.276078224182129,,ok_qwen_token_boundary,True,ok,45,45
exp_c,exp_c__gsm8k_test_000560__think,gsm8k_test_000560,think,canonical,,answer_segment,6,10,False,47,47,True,13.14138126373291,,ok_qwen_token_boundary,True,ok,45,45
exp_c,exp_c__gsm8k_test_000560__think,gsm8k_test_000560,think,canonical,,answer_segment,13,10,False,47,47,True,12.08191967010498,,ok_qwen_token_boundary,True,ok,45,45
exp_c,exp_c__gsm8k_test_000560__think,gsm8k_test_000560,think,canonical,,answer_segment,20,10,False,47,47,True,10.593667984008789,,ok_qwen_token_boundary,True,ok,45,45
exp_c,exp_c__gsm8k_test_000560__no_think,gsm8k_test_000560,no_think,canonical,,full_output,6,10,False,52,52,True,11.954629898071289,,ok,True,ok,45,45
exp_c,exp_c__gsm8k_test_000560__no_think,gsm8k_test_000560,no_think,canonical,,full_output,13,10,False,52,52,True,10.641271591186523,,ok,True,ok,45,45
exp_c,exp_c__gsm8k_test_000560__no_think,gsm8k_test_000560,no_think,canonical,,full_output,20,10,False,52,52,True,10.796895980834961,,ok,True,ok,45,45
exp_c,exp_c__gsm8k_test_000560__no_think,gsm8k_test_000560,no_think,canonical,,answer_segment,6,10,False,52,52,True,11.954629898071289,,ok,True,ok,45,45
exp_c,exp_c__gsm8k_test_000560__no_think,gsm8k_test_000560,no_think,canonical,,answer_segment,13,10,False,52,52,True,10.641271591186523,,ok,True,ok,45,45
exp_c,exp_c__gsm8k_test_000560__no_think,gsm8k_test_000560,no_think,canonical,,answer_segment,20,10,False,52,52,True,10.796895980834961,,ok,True,ok,45,45
exp_c,exp_c__gsm8k_test_000561__think,gsm8k_test_000561,think,canonical,,full_output,6,10,False,346,346,True,12.7074556350708,,ok,True,ok,180,180
exp_c,exp_c__gsm8k_test_000561__think,gsm8k_test_000561,think,canonical,,full_output,13,10,False,346,346,True,10.081684112548828,,ok,True,ok,180,180
exp_c,exp_c__gsm8k_test_000561__think,gsm8k_test_000561,think,canonical,,full_output,20,10,False,346,346,True,10.269662857055664,,ok,True,ok,180,180
exp_c,exp_c__gsm8k_test_000561__think,gsm8k_test_000561,think,canonical,,thinking_segment,6,10,False,266,266,True,11.106264114379883,,ok_qwen_token_boundary,True,ok,180,180
exp_c,exp_c__gsm8k_test_000561__think,gsm8k_test_000561,think,canonical,,thinking_segment,13,10,False,266,266,True,9.809483528137207,,ok_qwen_token_boundary,True,ok,180,180
exp_c,exp_c__gsm8k_test_000561__think,gsm8k_test_000561,think,canonical,,thinking_segment,20,10,False,266,266,True,10.193403244018555,,ok_qwen_token_boundary,True,ok,180,180
exp_c,exp_c__gsm8k_test_000561__think,gsm8k_test_000561,think,canonical,,answer_segment,6,10,False,80,80,True,14.676274299621582,,ok_qwen_token_boundary,True,ok,180,180
exp_c,exp_c__gsm8k_test_000561__think,gsm8k_test_000561,think,canonical,,answer_segment,13,10,False,80,80,True,10.65192985534668,,ok_qwen_token_boundary,True,ok,180,180
exp_c,exp_c__gsm8k_test_000561__think,gsm8k_test_000561,think,canonical,,answer_segment,20,10,False,80,80,True,10.575082778930664,,ok_qwen_token_boundary,True,ok,180,180
exp_c,exp_c__gsm8k_test_000561__no_think,gsm8k_test_000561,no_think,canonical,,full_output,6,10,False,65,65,True,13.34384536743164,,ok,False,ok,180,146.67
exp_c,exp_c__gsm8k_test_000561__no_think,gsm8k_test_000561,no_think,canonical,,full_output,13,10,False,65,65,True,10.756343841552734,,ok,False,ok,180,146.67
exp_c,exp_c__gsm8k_test_000561__no_think,gsm8k_test_000561,no_think,canonical,,full_output,20,10,False,65,65,True,10.339008331298828,,ok,False,ok,180,146.67
exp_c,exp_c__gsm8k_test_000561__no_think,gsm8k_test_000561,no_think,canonical,,answer_segment,6,10,False,65,65,True,13.34384536743164,,ok,False,ok,180,146.67
exp_c,exp_c__gsm8k_test_000561__no_think,gsm8k_test_000561,no_think,canonical,,answer_segment,13,10,False,65,65,True,10.756343841552734,,ok,False,ok,180,146.67
exp_c,exp_c__gsm8k_test_000561__no_think,gsm8k_test_000561,no_think,canonical,,answer_segment,20,10,False,65,65,True,10.339008331298828,,ok,False,ok,180,146.67
exp_c,exp_c__gsm8k_test_000564__think,gsm8k_test_000564,think,canonical,,full_output,6,10,False,565,565,True,11.332901954650879,,ok,True,ok,240,240
exp_c,exp_c__gsm8k_test_000564__think,gsm8k_test_000564,think,canonical,,full_output,13,10,False,565,565,True,9.79300308227539,,ok,True,ok,240,240
exp_c,exp_c__gsm8k_test_000564__think,gsm8k_test_000564,think,canonical,,full_output,20,10,False,565,565,True,19.888139724731445,,ok,True,ok,240,240
exp_c,exp_c__gsm8k_test_000564__think,gsm8k_test_000564,think,canonical,,thinking_segment,6,10,False,514,514,True,11.554180145263672,,ok_qwen_token_boundary,True,ok,240,240
exp_c,exp_c__gsm8k_test_000564__think,gsm8k_test_000564,think,canonical,,thinking_segment,13,10,False,514,514,True,9.906752586364746,,ok_qwen_token_boundary,True,ok,240,240
exp_c,exp_c__gsm8k_test_000564__think,gsm8k_test_000564,think,canonical,,thinking_segment,20,10,False,514,514,True,21.721866607666016,,ok_qwen_token_boundary,True,ok,240,240
exp_c,exp_c__gsm8k_test_000564__think,gsm8k_test_000564,think,canonical,,answer_segment,6,10,False,51,51,True,14.055068016052246,,ok_qwen_token_boundary,True,ok,240,240
exp_c,exp_c__gsm8k_test_000564__think,gsm8k_test_000564,think,canonical,,answer_segment,13,10,False,51,51,True,13.287001609802246,,ok_qwen_token_boundary,True,ok,240,240
exp_c,exp_c__gsm8k_test_000564__think,gsm8k_test_000564,think,canonical,,answer_segment,20,10,False,51,51,True,11.48842716217041,,ok_qwen_token_boundary,True,ok,240,240
exp_c,exp_c__gsm8k_test_000564__no_think,gsm8k_test_000564,no_think,canonical,,full_output,6,10,False,62,62,True,12.706111907958984,,ok,False,ok,240,340
exp_c,exp_c__gsm8k_test_000564__no_think,gsm8k_test_000564,no_think,canonical,,full_output,13,10,False,62,62,True,11.786886215209961,,ok,False,ok,240,340
exp_c,exp_c__gsm8k_test_000564__no_think,gsm8k_test_000564,no_think,canonical,,full_output,20,10,False,62,62,True,12.178064346313477,,ok,False,ok,240,340
exp_c,exp_c__gsm8k_test_000564__no_think,gsm8k_test_000564,no_think,canonical,,answer_segment,6,10,False,62,62,True,12.706111907958984,,ok,False,ok,240,340
exp_c,exp_c__gsm8k_test_000564__no_think,gsm8k_test_000564,no_think,canonical,,answer_segment,13,10,False,62,62,True,11.786886215209961,,ok,False,ok,240,340
exp_c,exp_c__gsm8k_test_000564__no_think,gsm8k_test_000564,no_think,canonical,,answer_segment,20,10,False,62,62,True,12.178064346313477,,ok,False,ok,240,340
exp_c,exp_c__gsm8k_test_000568__think,gsm8k_test_000568,think,canonical,,full_output,6,10,False,210,210,True,13.823240280151367,,ok,True,ok,175,175
exp_c,exp_c__gsm8k_test_000568__think,gsm8k_test_000568,think,canonical,,full_output,13,10,False,210,210,True,10.165955543518066,,ok,True,ok,175,175
exp_c,exp_c__gsm8k_test_000568__think,gsm8k_test_000568,think,canonical,,full_output,20,10,False,210,210,True,10.988813400268555,,ok,True,ok,175,175
exp_c,exp_c__gsm8k_test_000568__think,gsm8k_test_000568,think,canonical,,thinking_segment,6,10,False,156,156,True,13.101717948913574,,ok_qwen_token_boundary,True,ok,175,175
exp_c,exp_c__gsm8k_test_000568__think,gsm8k_test_000568,think,canonical,,thinking_segment,13,10,False,156,156,True,9.941030502319336,,ok_qwen_token_boundary,True,ok,175,175
exp_c,exp_c__gsm8k_test_000568__think,gsm8k_test_000568,think,canonical,,thinking_segment,20,10,False,156,156,True,10.76524543762207,,ok_qwen_token_boundary,True,ok,175,175
exp_c,exp_c__gsm8k_test_000568__think,gsm8k_test_000568,think,canonical,,answer_segment,6,10,False,54,54,True,11.05809497833252,,ok_qwen_token_boundary,True,ok,175,175
exp_c,exp_c__gsm8k_test_000568__think,gsm8k_test_000568,think,canonical,,answer_segment,13,10,False,54,54,True,11.203010559082031,,ok_qwen_token_boundary,True,ok,175,175
exp_c,exp_c__gsm8k_test_000568__think,gsm8k_test_000568,think,canonical,,answer_segment,20,10,False,54,54,True,10.654828071594238,,ok_qwen_token_boundary,True,ok,175,175
exp_c,exp_c__gsm8k_test_000568__no_think,gsm8k_test_000568,no_think,canonical,,full_output,6,10,False,55,55,True,10.108474731445312,,ok,False,ok,175,165
exp_c,exp_c__gsm8k_test_000568__no_think,gsm8k_test_000568,no_think,canonical,,full_output,13,10,False,55,55,True,10.283146858215332,,ok,False,ok,175,165
exp_c,exp_c__gsm8k_test_000568__no_think,gsm8k_test_000568,no_think,canonical,,full_output,20,10,False,55,55,True,11.014352798461914,,ok,False,ok,175,165
exp_c,exp_c__gsm8k_test_000568__no_think,gsm8k_test_000568,no_think,canonical,,answer_segment,6,10,False,55,55,True,10.108474731445312,,ok,False,ok,175,165
exp_c,exp_c__gsm8k_test_000568__no_think,gsm8k_test_000568,no_think,canonical,,answer_segment,13,10,False,55,55,True,10.283146858215332,,ok,False,ok,175,165
exp_c,exp_c__gsm8k_test_000568__no_think,gsm8k_test_000568,no_think,canonical,,answer_segment,20,10,False,55,55,True,11.014352798461914,,ok,False,ok,175,165
exp_c,exp_c__gsm8k_test_000582__think,gsm8k_test_000582,think,canonical,,full_output,6,10,False,272,272,True,11.94829273223877,,ok,True,ok,129200,129200
exp_c,exp_c__gsm8k_test_000582__think,gsm8k_test_000582,think,canonical,,full_output,13,10,False,272,272,True,10.337668418884277,,ok,True,ok,129200,129200
exp_c,exp_c__gsm8k_test_000582__think,gsm8k_test_000582,think,canonical,,full_output,20,10,False,272,272,True,10.329939842224121,,ok,True,ok,129200,129200
exp_c,exp_c__gsm8k_test_000582__think,gsm8k_test_000582,think,canonical,,thinking_segment,6,10,False,218,218,True,12.16921615600586,,ok_qwen_token_boundary,True,ok,129200,129200
exp_c,exp_c__gsm8k_test_000582__think,gsm8k_test_000582,think,canonical,,thinking_segment,13,10,False,218,218,True,10.521625518798828,,ok_qwen_token_boundary,True,ok,129200,129200
exp_c,exp_c__gsm8k_test_000582__think,gsm8k_test_000582,think,canonical,,thinking_segment,20,10,False,218,218,True,9.981687545776367,,ok_qwen_token_boundary,True,ok,129200,129200
exp_c,exp_c__gsm8k_test_000582__think,gsm8k_test_000582,think,canonical,,answer_segment,6,10,False,54,54,True,10.897943496704102,,ok_qwen_token_boundary,True,ok,129200,129200
exp_c,exp_c__gsm8k_test_000582__think,gsm8k_test_000582,think,canonical,,answer_segment,13,10,False,54,54,True,10.888810157775879,,ok_qwen_token_boundary,True,ok,129200,129200
exp_c,exp_c__gsm8k_test_000582__think,gsm8k_test_000582,think,canonical,,answer_segment,20,10,False,54,54,True,10.762956619262695,,ok_qwen_token_boundary,True,ok,129200,129200
exp_c,exp_c__gsm8k_test_000582__no_think,gsm8k_test_000582,no_think,canonical,,full_output,6,10,False,68,68,True,11.657612800598145,,ok,True,ok,129200,129200
exp_c,exp_c__gsm8k_test_000582__no_think,gsm8k_test_000582,no_think,canonical,,full_output,13,10,False,68,68,True,10.20694637298584,,ok,True,ok,129200,129200
exp_c,exp_c__gsm8k_test_000582__no_think,gsm8k_test_000582,no_think,canonical,,full_output,20,10,False,68,68,True,10.81922721862793,,ok,True,ok,129200,129200
exp_c,exp_c__gsm8k_test_000582__no_think,gsm8k_test_000582,no_think,canonical,,answer_segment,6,10,False,68,68,True,11.657612800598145,,ok,True,ok,129200,129200
exp_c,exp_c__gsm8k_test_000582__no_think,gsm8k_test_000582,no_think,canonical,,answer_segment,13,10,False,68,68,True,10.20694637298584,,ok,True,ok,129200,129200
exp_c,exp_c__gsm8k_test_000582__no_think,gsm8k_test_000582,no_think,canonical,,answer_segment,20,10,False,68,68,True,10.81922721862793,,ok,True,ok,129200,129200
exp_c,exp_c__gsm8k_test_000585__think,gsm8k_test_000585,think,canonical,,full_output,6,10,False,279,279,True,13.08167552947998,,ok,True,ok,40,40
exp_c,exp_c__gsm8k_test_000585__think,gsm8k_test_000585,think,canonical,,full_output,13,10,False,279,279,True,10.215475082397461,,ok,True,ok,40,40
exp_c,exp_c__gsm8k_test_000585__think,gsm8k_test_000585,think,canonical,,full_output,20,10,False,279,279,True,10.605607032775879,,ok,True,ok,40,40
exp_c,exp_c__gsm8k_test_000585__think,gsm8k_test_000585,think,canonical,,thinking_segment,6,10,False,222,222,True,12.453567504882812,,ok_qwen_token_boundary,True,ok,40,40
exp_c,exp_c__gsm8k_test_000585__think,gsm8k_test_000585,think,canonical,,thinking_segment,13,10,False,222,222,True,9.734850883483887,,ok_qwen_token_boundary,True,ok,40,40
exp_c,exp_c__gsm8k_test_000585__think,gsm8k_test_000585,think,canonical,,thinking_segment,20,10,False,222,222,True,10.397025108337402,,ok_qwen_token_boundary,True,ok,40,40
exp_c,exp_c__gsm8k_test_000585__think,gsm8k_test_000585,think,canonical,,answer_segment,6,10,False,57,57,True,15.19095230102539,,ok_qwen_token_boundary,True,ok,40,40
exp_c,exp_c__gsm8k_test_000585__think,gsm8k_test_000585,think,canonical,,answer_segment,13,10,False,57,57,True,12.24438190460205,,ok_qwen_token_boundary,True,ok,40,40
exp_c,exp_c__gsm8k_test_000585__think,gsm8k_test_000585,think,canonical,,answer_segment,20,10,False,57,57,True,12.523025512695312,,ok_qwen_token_boundary,True,ok,40,40
exp_c,exp_c__gsm8k_test_000585__no_think,gsm8k_test_000585,no_think,canonical,,full_output,6,10,False,52,52,True,12.167840003967285,,ok,False,ok,40,20
exp_c,exp_c__gsm8k_test_000585__no_think,gsm8k_test_000585,no_think,canonical,,full_output,13,10,False,52,52,True,10.844440460205078,,ok,False,ok,40,20
exp_c,exp_c__gsm8k_test_000585__no_think,gsm8k_test_000585,no_think,canonical,,full_output,20,10,False,52,52,True,11.444263458251953,,ok,False,ok,40,20
exp_c,exp_c__gsm8k_test_000585__no_think,gsm8k_test_000585,no_think,canonical,,answer_segment,6,10,False,52,52,True,12.167840003967285,,ok,False,ok,40,20
exp_c,exp_c__gsm8k_test_000585__no_think,gsm8k_test_000585,no_think,canonical,,answer_segment,13,10,False,52,52,True,10.844440460205078,,ok,False,ok,40,20
exp_c,exp_c__gsm8k_test_000585__no_think,gsm8k_test_000585,no_think,canonical,,answer_segment,20,10,False,52,52,True,11.444263458251953,,ok,False,ok,40,20
exp_c,exp_c__gsm8k_test_000586__think,gsm8k_test_000586,think,canonical,,full_output,6,10,False,277,277,True,14.287041664123535,,ok,True,ok,800,800
exp_c,exp_c__gsm8k_test_000586__think,gsm8k_test_000586,think,canonical,,full_output,13,10,False,277,277,True,11.572845458984375,,ok,True,ok,800,800
exp_c,exp_c__gsm8k_test_000586__think,gsm8k_test_000586,think,canonical,,full_output,20,10,False,277,277,True,36.01724624633789,,ok,True,ok,800,800
exp_c,exp_c__gsm8k_test_000586__think,gsm8k_test_000586,think,canonical,,thinking_segment,6,10,False,222,222,True,13.301614761352539,,ok_qwen_token_boundary,True,ok,800,800
exp_c,exp_c__gsm8k_test_000586__think,gsm8k_test_000586,think,canonical,,thinking_segment,13,10,False,222,222,True,11.779317855834961,,ok_qwen_token_boundary,True,ok,800,800
exp_c,exp_c__gsm8k_test_000586__think,gsm8k_test_000586,think,canonical,,thinking_segment,20,10,False,222,222,True,24.88668441772461,,ok_qwen_token_boundary,True,ok,800,800
exp_c,exp_c__gsm8k_test_000586__think,gsm8k_test_000586,think,canonical,,answer_segment,6,10,False,55,55,True,12.153644561767578,,ok_qwen_token_boundary,True,ok,800,800
exp_c,exp_c__gsm8k_test_000586__think,gsm8k_test_000586,think,canonical,,answer_segment,13,10,False,55,55,True,11.578166007995605,,ok_qwen_token_boundary,True,ok,800,800
exp_c,exp_c__gsm8k_test_000586__think,gsm8k_test_000586,think,canonical,,answer_segment,20,10,False,55,55,True,11.092423439025879,,ok_qwen_token_boundary,True,ok,800,800
exp_c,exp_c__gsm8k_test_000586__no_think,gsm8k_test_000586,no_think,canonical,,full_output,6,10,False,54,54,True,11.645576477050781,,ok,False,ok,800,550
exp_c,exp_c__gsm8k_test_000586__no_think,gsm8k_test_000586,no_think,canonical,,full_output,13,10,False,54,54,True,11.125103950500488,,ok,False,ok,800,550
exp_c,exp_c__gsm8k_test_000586__no_think,gsm8k_test_000586,no_think,canonical,,full_output,20,10,False,54,54,True,11.294449806213379,,ok,False,ok,800,550
exp_c,exp_c__gsm8k_test_000586__no_think,gsm8k_test_000586,no_think,canonical,,answer_segment,6,10,False,54,54,True,11.645576477050781,,ok,False,ok,800,550
exp_c,exp_c__gsm8k_test_000586__no_think,gsm8k_test_000586,no_think,canonical,,answer_segment,13,10,False,54,54,True,11.125103950500488,,ok,False,ok,800,550
exp_c,exp_c__gsm8k_test_000586__no_think,gsm8k_test_000586,no_think,canonical,,answer_segment,20,10,False,54,54,True,11.294449806213379,,ok,False,ok,800,550
exp_c,exp_c__gsm8k_test_000595__think,gsm8k_test_000595,think,canonical,,full_output,6,10,False,262,262,True,15.973398208618164,,ok,True,ok,13,13
exp_c,exp_c__gsm8k_test_000595__think,gsm8k_test_000595,think,canonical,,full_output,13,10,False,262,262,True,11.351171493530273,,ok,True,ok,13,13
exp_c,exp_c__gsm8k_test_000595__think,gsm8k_test_000595,think,canonical,,full_output,20,10,False,262,262,True,27.60344886779785,,ok,True,ok,13,13
exp_c,exp_c__gsm8k_test_000595__think,gsm8k_test_000595,think,canonical,,thinking_segment,6,10,False,218,218,True,14.101606369018555,,ok_qwen_token_boundary,True,ok,13,13
exp_c,exp_c__gsm8k_test_000595__think,gsm8k_test_000595,think,canonical,,thinking_segment,13,10,False,218,218,True,11.286670684814453,,ok_qwen_token_boundary,True,ok,13,13
exp_c,exp_c__gsm8k_test_000595__think,gsm8k_test_000595,think,canonical,,thinking_segment,20,10,False,218,218,True,42.48583221435547,,ok_qwen_token_boundary,True,ok,13,13
exp_c,exp_c__gsm8k_test_000595__think,gsm8k_test_000595,think,canonical,,answer_segment,6,10,False,44,44,True,12.164493560791016,,ok_qwen_token_boundary,True,ok,13,13
exp_c,exp_c__gsm8k_test_000595__think,gsm8k_test_000595,think,canonical,,answer_segment,13,10,False,44,44,True,12.955122947692871,,ok_qwen_token_boundary,True,ok,13,13
exp_c,exp_c__gsm8k_test_000595__think,gsm8k_test_000595,think,canonical,,answer_segment,20,10,False,44,44,True,12.331376075744629,,ok_qwen_token_boundary,True,ok,13,13
exp_c,exp_c__gsm8k_test_000595__no_think,gsm8k_test_000595,no_think,canonical,,full_output,6,10,False,37,37,True,11.157632827758789,,ok,False,ok,13,15
exp_c,exp_c__gsm8k_test_000595__no_think,gsm8k_test_000595,no_think,canonical,,full_output,13,10,False,37,37,True,11.430322647094727,,ok,False,ok,13,15
exp_c,exp_c__gsm8k_test_000595__no_think,gsm8k_test_000595,no_think,canonical,,full_output,20,10,False,37,37,True,10.824365615844727,,ok,False,ok,13,15
exp_c,exp_c__gsm8k_test_000595__no_think,gsm8k_test_000595,no_think,canonical,,answer_segment,6,10,False,37,37,True,11.157632827758789,,ok,False,ok,13,15
exp_c,exp_c__gsm8k_test_000595__no_think,gsm8k_test_000595,no_think,canonical,,answer_segment,13,10,False,37,37,True,11.430322647094727,,ok,False,ok,13,15
exp_c,exp_c__gsm8k_test_000595__no_think,gsm8k_test_000595,no_think,canonical,,answer_segment,20,10,False,37,37,True,10.824365615844727,,ok,False,ok,13,15
exp_c,exp_c__gsm8k_test_000604__think,gsm8k_test_000604,think,canonical,,full_output,6,10,False,155,155,True,17.71063804626465,,ok,True,ok,12,12
exp_c,exp_c__gsm8k_test_000604__think,gsm8k_test_000604,think,canonical,,full_output,13,10,False,155,155,True,12.233017921447754,,ok,True,ok,12,12
exp_c,exp_c__gsm8k_test_000604__think,gsm8k_test_000604,think,canonical,,full_output,20,10,False,155,155,True,11.514290809631348,,ok,True,ok,12,12
exp_c,exp_c__gsm8k_test_000604__think,gsm8k_test_000604,think,canonical,,thinking_segment,6,10,False,111,111,True,15.956893920898438,,ok_qwen_token_boundary,True,ok,12,12
exp_c,exp_c__gsm8k_test_000604__think,gsm8k_test_000604,think,canonical,,thinking_segment,13,10,False,111,111,True,11.838822364807129,,ok_qwen_token_boundary,True,ok,12,12
exp_c,exp_c__gsm8k_test_000604__think,gsm8k_test_000604,think,canonical,,thinking_segment,20,10,False,111,111,True,11.317811965942383,,ok_qwen_token_boundary,True,ok,12,12
exp_c,exp_c__gsm8k_test_000604__think,gsm8k_test_000604,think,canonical,,answer_segment,6,10,False,44,44,True,12.6835355758667,,ok_qwen_token_boundary,True,ok,12,12
exp_c,exp_c__gsm8k_test_000604__think,gsm8k_test_000604,think,canonical,,answer_segment,13,10,False,44,44,True,11.707828521728516,,ok_qwen_token_boundary,True,ok,12,12
exp_c,exp_c__gsm8k_test_000604__think,gsm8k_test_000604,think,canonical,,answer_segment,20,10,False,44,44,True,11.141655921936035,,ok_qwen_token_boundary,True,ok,12,12
exp_c,exp_c__gsm8k_test_000604__no_think,gsm8k_test_000604,no_think,canonical,,full_output,6,10,False,51,51,True,11.51269817352295,,ok,False,ok,12,16
exp_c,exp_c__gsm8k_test_000604__no_think,gsm8k_test_000604,no_think,canonical,,full_output,13,10,False,51,51,True,11.950224876403809,,ok,False,ok,12,16
exp_c,exp_c__gsm8k_test_000604__no_think,gsm8k_test_000604,no_think,canonical,,full_output,20,10,False,51,51,True,11.212119102478027,,ok,False,ok,12,16
exp_c,exp_c__gsm8k_test_000604__no_think,gsm8k_test_000604,no_think,canonical,,answer_segment,6,10,False,51,51,True,11.51269817352295,,ok,False,ok,12,16
exp_c,exp_c__gsm8k_test_000604__no_think,gsm8k_test_000604,no_think,canonical,,answer_segment,13,10,False,51,51,True,11.950224876403809,,ok,False,ok,12,16
exp_c,exp_c__gsm8k_test_000604__no_think,gsm8k_test_000604,no_think,canonical,,answer_segment,20,10,False,51,51,True,11.212119102478027,,ok,False,ok,12,16
exp_c,exp_c__gsm8k_test_000605__think,gsm8k_test_000605,think,canonical,,full_output,6,10,False,303,303,True,13.647951126098633,,ok,True,ok,42,42
exp_c,exp_c__gsm8k_test_000605__think,gsm8k_test_000605,think,canonical,,full_output,13,10,False,303,303,True,10.648524284362793,,ok,True,ok,42,42
exp_c,exp_c__gsm8k_test_000605__think,gsm8k_test_000605,think,canonical,,full_output,20,10,False,303,303,True,11.369868278503418,,ok,True,ok,42,42
exp_c,exp_c__gsm8k_test_000605__think,gsm8k_test_000605,think,canonical,,thinking_segment,6,10,False,251,251,True,13.8605375289917,,ok_qwen_token_boundary,True,ok,42,42
exp_c,exp_c__gsm8k_test_000605__think,gsm8k_test_000605,think,canonical,,thinking_segment,13,10,False,251,251,True,10.91946792602539,,ok_qwen_token_boundary,True,ok,42,42
exp_c,exp_c__gsm8k_test_000605__think,gsm8k_test_000605,think,canonical,,thinking_segment,20,10,False,251,251,True,11.511022567749023,,ok_qwen_token_boundary,True,ok,42,42
exp_c,exp_c__gsm8k_test_000605__think,gsm8k_test_000605,think,canonical,,answer_segment,6,10,False,52,52,True,12.344300270080566,,ok_qwen_token_boundary,True,ok,42,42
exp_c,exp_c__gsm8k_test_000605__think,gsm8k_test_000605,think,canonical,,answer_segment,13,10,False,52,52,True,13.138474464416504,,ok_qwen_token_boundary,True,ok,42,42
exp_c,exp_c__gsm8k_test_000605__think,gsm8k_test_000605,think,canonical,,answer_segment,20,10,False,52,52,True,11.021560668945312,,ok_qwen_token_boundary,True,ok,42,42
exp_c,exp_c__gsm8k_test_000605__no_think,gsm8k_test_000605,no_think,canonical,,full_output,6,10,False,63,63,True,10.725898742675781,,ok,False,ok,42,45
exp_c,exp_c__gsm8k_test_000605__no_think,gsm8k_test_000605,no_think,canonical,,full_output,13,10,False,63,63,True,11.246694564819336,,ok,False,ok,42,45
exp_c,exp_c__gsm8k_test_000605__no_think,gsm8k_test_000605,no_think,canonical,,full_output,20,10,False,63,63,True,11.806035041809082,,ok,False,ok,42,45
exp_c,exp_c__gsm8k_test_000605__no_think,gsm8k_test_000605,no_think,canonical,,answer_segment,6,10,False,63,63,True,10.725898742675781,,ok,False,ok,42,45
exp_c,exp_c__gsm8k_test_000605__no_think,gsm8k_test_000605,no_think,canonical,,answer_segment,13,10,False,63,63,True,11.246694564819336,,ok,False,ok,42,45
exp_c,exp_c__gsm8k_test_000605__no_think,gsm8k_test_000605,no_think,canonical,,answer_segment,20,10,False,63,63,True,11.806035041809082,,ok,False,ok,42,45
exp_c,exp_c__gsm8k_test_000625__think,gsm8k_test_000625,think,canonical,,full_output,6,10,False,208,208,True,15.82183837890625,,ok,True,ok,160,160
exp_c,exp_c__gsm8k_test_000625__think,gsm8k_test_000625,think,canonical,,full_output,13,10,False,208,208,True,11.3968505859375,,ok,True,ok,160,160
exp_c,exp_c__gsm8k_test_000625__think,gsm8k_test_000625,think,canonical,,full_output,20,10,False,208,208,True,11.644702911376953,,ok,True,ok,160,160
exp_c,exp_c__gsm8k_test_000625__think,gsm8k_test_000625,think,canonical,,thinking_segment,6,10,False,167,167,True,16.605165481567383,,ok_qwen_token_boundary,True,ok,160,160
exp_c,exp_c__gsm8k_test_000625__think,gsm8k_test_000625,think,canonical,,thinking_segment,13,10,False,167,167,True,12.116093635559082,,ok_qwen_token_boundary,True,ok,160,160
exp_c,exp_c__gsm8k_test_000625__think,gsm8k_test_000625,think,canonical,,thinking_segment,20,10,False,167,167,True,11.926900863647461,,ok_qwen_token_boundary,True,ok,160,160
exp_c,exp_c__gsm8k_test_000625__think,gsm8k_test_000625,think,canonical,,answer_segment,6,10,False,41,41,True,11.177119255065918,,ok_qwen_token_boundary,True,ok,160,160
exp_c,exp_c__gsm8k_test_000625__think,gsm8k_test_000625,think,canonical,,answer_segment,13,10,False,41,41,True,10.880682945251465,,ok_qwen_token_boundary,True,ok,160,160
exp_c,exp_c__gsm8k_test_000625__think,gsm8k_test_000625,think,canonical,,answer_segment,20,10,False,41,41,True,11.060271263122559,,ok_qwen_token_boundary,True,ok,160,160
exp_c,exp_c__gsm8k_test_000625__no_think,gsm8k_test_000625,no_think,canonical,,full_output,6,10,False,46,46,True,11.17630672454834,,ok,True,ok,160,160
exp_c,exp_c__gsm8k_test_000625__no_think,gsm8k_test_000625,no_think,canonical,,full_output,13,10,False,46,46,True,11.275184631347656,,ok,True,ok,160,160
exp_c,exp_c__gsm8k_test_000625__no_think,gsm8k_test_000625,no_think,canonical,,full_output,20,10,False,46,46,True,10.79428768157959,,ok,True,ok,160,160
exp_c,exp_c__gsm8k_test_000625__no_think,gsm8k_test_000625,no_think,canonical,,answer_segment,6,10,False,46,46,True,11.17630672454834,,ok,True,ok,160,160
exp_c,exp_c__gsm8k_test_000625__no_think,gsm8k_test_000625,no_think,canonical,,answer_segment,13,10,False,46,46,True,11.275184631347656,,ok,True,ok,160,160
exp_c,exp_c__gsm8k_test_000625__no_think,gsm8k_test_000625,no_think,canonical,,answer_segment,20,10,False,46,46,True,10.79428768157959,,ok,True,ok,160,160
exp_c,exp_c__gsm8k_test_000629__think,gsm8k_test_000629,think,canonical,,full_output,6,10,False,478,478,True,12.322442054748535,,ok,True,ok,17500,17500
exp_c,exp_c__gsm8k_test_000629__think,gsm8k_test_000629,think,canonical,,full_output,13,10,False,478,478,True,10.481853485107422,,ok,True,ok,17500,17500
exp_c,exp_c__gsm8k_test_000629__think,gsm8k_test_000629,think,canonical,,full_output,20,10,False,478,478,True,18.258411407470703,,ok,True,ok,17500,17500
exp_c,exp_c__gsm8k_test_000629__think,gsm8k_test_000629,think,canonical,,thinking_segment,6,10,False,418,418,True,11.782033920288086,,ok_qwen_token_boundary,True,ok,17500,17500
exp_c,exp_c__gsm8k_test_000629__think,gsm8k_test_000629,think,canonical,,thinking_segment,13,10,False,418,418,True,10.217119216918945,,ok_qwen_token_boundary,True,ok,17500,17500
exp_c,exp_c__gsm8k_test_000629__think,gsm8k_test_000629,think,canonical,,thinking_segment,20,10,False,418,418,True,22.079198837280273,,ok_qwen_token_boundary,True,ok,17500,17500
exp_c,exp_c__gsm8k_test_000629__think,gsm8k_test_000629,think,canonical,,answer_segment,6,10,False,60,60,True,15.184368133544922,,ok_qwen_token_boundary,True,ok,17500,17500
exp_c,exp_c__gsm8k_test_000629__think,gsm8k_test_000629,think,canonical,,answer_segment,13,10,False,60,60,True,11.303009986877441,,ok_qwen_token_boundary,True,ok,17500,17500
exp_c,exp_c__gsm8k_test_000629__think,gsm8k_test_000629,think,canonical,,answer_segment,20,10,False,60,60,True,11.350845336914062,,ok_qwen_token_boundary,True,ok,17500,17500
exp_c,exp_c__gsm8k_test_000629__no_think,gsm8k_test_000629,no_think,canonical,,full_output,6,10,False,61,61,True,13.586255073547363,,ok,True,ok,17500,17500
exp_c,exp_c__gsm8k_test_000629__no_think,gsm8k_test_000629,no_think,canonical,,full_output,13,10,False,61,61,True,10.883173942565918,,ok,True,ok,17500,17500
exp_c,exp_c__gsm8k_test_000629__no_think,gsm8k_test_000629,no_think,canonical,,full_output,20,10,False,61,61,True,11.290486335754395,,ok,True,ok,17500,17500
exp_c,exp_c__gsm8k_test_000629__no_think,gsm8k_test_000629,no_think,canonical,,answer_segment,6,10,False,61,61,True,13.586255073547363,,ok,True,ok,17500,17500
exp_c,exp_c__gsm8k_test_000629__no_think,gsm8k_test_000629,no_think,canonical,,answer_segment,13,10,False,61,61,True,10.883173942565918,,ok,True,ok,17500,17500
exp_c,exp_c__gsm8k_test_000629__no_think,gsm8k_test_000629,no_think,canonical,,answer_segment,20,10,False,61,61,True,11.290486335754395,,ok,True,ok,17500,17500
exp_c,exp_c__gsm8k_test_000633__think,gsm8k_test_000633,think,canonical,,full_output,6,10,False,265,265,True,15.985034942626953,,ok,True,ok,5,5
exp_c,exp_c__gsm8k_test_000633__think,gsm8k_test_000633,think,canonical,,full_output,13,10,False,265,265,True,11.453556060791016,,ok,True,ok,5,5
exp_c,exp_c__gsm8k_test_000633__think,gsm8k_test_000633,think,canonical,,full_output,20,10,False,265,265,True,11.59605884552002,,ok,True,ok,5,5
exp_c,exp_c__gsm8k_test_000633__think,gsm8k_test_000633,think,canonical,,thinking_segment,6,10,False,213,213,True,17.768335342407227,,ok_qwen_token_boundary,True,ok,5,5
exp_c,exp_c__gsm8k_test_000633__think,gsm8k_test_000633,think,canonical,,thinking_segment,13,10,False,213,213,True,11.823959350585938,,ok_qwen_token_boundary,True,ok,5,5
exp_c,exp_c__gsm8k_test_000633__think,gsm8k_test_000633,think,canonical,,thinking_segment,20,10,False,213,213,True,12.168991088867188,,ok_qwen_token_boundary,True,ok,5,5
exp_c,exp_c__gsm8k_test_000633__think,gsm8k_test_000633,think,canonical,,answer_segment,6,10,False,52,52,True,15.97701644897461,,ok_qwen_token_boundary,True,ok,5,5
exp_c,exp_c__gsm8k_test_000633__think,gsm8k_test_000633,think,canonical,,answer_segment,13,10,False,52,52,True,12.820427894592285,,ok_qwen_token_boundary,True,ok,5,5
exp_c,exp_c__gsm8k_test_000633__think,gsm8k_test_000633,think,canonical,,answer_segment,20,10,False,52,52,True,11.706888198852539,,ok_qwen_token_boundary,True,ok,5,5
exp_c,exp_c__gsm8k_test_000633__no_think,gsm8k_test_000633,no_think,canonical,,full_output,6,10,False,57,57,True,14.941364288330078,,ok,True,ok,5,5
exp_c,exp_c__gsm8k_test_000633__no_think,gsm8k_test_000633,no_think,canonical,,full_output,13,10,False,57,57,True,12.701553344726562,,ok,True,ok,5,5
exp_c,exp_c__gsm8k_test_000633__no_think,gsm8k_test_000633,no_think,canonical,,full_output,20,10,False,57,57,True,13.136356353759766,,ok,True,ok,5,5
exp_c,exp_c__gsm8k_test_000633__no_think,gsm8k_test_000633,no_think,canonical,,answer_segment,6,10,False,57,57,True,14.941364288330078,,ok,True,ok,5,5
exp_c,exp_c__gsm8k_test_000633__no_think,gsm8k_test_000633,no_think,canonical,,answer_segment,13,10,False,57,57,True,12.701553344726562,,ok,True,ok,5,5
exp_c,exp_c__gsm8k_test_000633__no_think,gsm8k_test_000633,no_think,canonical,,answer_segment,20,10,False,57,57,True,13.136356353759766,,ok,True,ok,5,5
exp_c,exp_c__gsm8k_test_000640__think,gsm8k_test_000640,think,canonical,,full_output,6,10,False,589,589,True,9.22894287109375,,ok,False,ok,43500,50500
exp_c,exp_c__gsm8k_test_000640__think,gsm8k_test_000640,think,canonical,,full_output,13,10,False,589,589,True,8.487203598022461,,ok,False,ok,43500,50500
exp_c,exp_c__gsm8k_test_000640__think,gsm8k_test_000640,think,canonical,,full_output,20,10,False,589,589,True,16.857288360595703,,ok,False,ok,43500,50500
exp_c,exp_c__gsm8k_test_000640__think,gsm8k_test_000640,think,canonical,,thinking_segment,6,10,False,514,514,True,8.057347297668457,,ok_qwen_token_boundary,False,ok,43500,50500
exp_c,exp_c__gsm8k_test_000640__think,gsm8k_test_000640,think,canonical,,thinking_segment,13,10,False,514,514,True,8.31710147857666,,ok_qwen_token_boundary,False,ok,43500,50500
exp_c,exp_c__gsm8k_test_000640__think,gsm8k_test_000640,think,canonical,,thinking_segment,20,10,False,514,514,True,14.479674339294434,,ok_qwen_token_boundary,False,ok,43500,50500
exp_c,exp_c__gsm8k_test_000640__think,gsm8k_test_000640,think,canonical,,answer_segment,6,10,False,75,75,True,10.691109657287598,,ok_qwen_token_boundary,False,ok,43500,50500
exp_c,exp_c__gsm8k_test_000640__think,gsm8k_test_000640,think,canonical,,answer_segment,13,10,False,75,75,True,9.8173189163208,,ok_qwen_token_boundary,False,ok,43500,50500
exp_c,exp_c__gsm8k_test_000640__think,gsm8k_test_000640,think,canonical,,answer_segment,20,10,False,75,75,True,9.68602180480957,,ok_qwen_token_boundary,False,ok,43500,50500
exp_c,exp_c__gsm8k_test_000640__no_think,gsm8k_test_000640,no_think,canonical,,full_output,6,10,False,77,77,True,11.517609596252441,,ok,False,ok,43500,55500
exp_c,exp_c__gsm8k_test_000640__no_think,gsm8k_test_000640,no_think,canonical,,full_output,13,10,False,77,77,True,9.743565559387207,,ok,False,ok,43500,55500
exp_c,exp_c__gsm8k_test_000640__no_think,gsm8k_test_000640,no_think,canonical,,full_output,20,10,False,77,77,True,9.720189094543457,,ok,False,ok,43500,55500
exp_c,exp_c__gsm8k_test_000640__no_think,gsm8k_test_000640,no_think,canonical,,answer_segment,6,10,False,77,77,True,11.517609596252441,,ok,False,ok,43500,55500
exp_c,exp_c__gsm8k_test_000640__no_think,gsm8k_test_000640,no_think,canonical,,answer_segment,13,10,False,77,77,True,9.743565559387207,,ok,False,ok,43500,55500
exp_c,exp_c__gsm8k_test_000640__no_think,gsm8k_test_000640,no_think,canonical,,answer_segment,20,10,False,77,77,True,9.720189094543457,,ok,False,ok,43500,55500
exp_c,exp_c__gsm8k_test_000641__think,gsm8k_test_000641,think,canonical,,full_output,6,10,False,567,567,True,12.036865234375,,ok,False,ok,262500,300000
exp_c,exp_c__gsm8k_test_000641__think,gsm8k_test_000641,think,canonical,,full_output,13,10,False,567,567,True,9.636175155639648,,ok,False,ok,262500,300000
exp_c,exp_c__gsm8k_test_000641__think,gsm8k_test_000641,think,canonical,,full_output,20,10,False,567,567,True,20.759624481201172,,ok,False,ok,262500,300000
exp_c,exp_c__gsm8k_test_000641__think,gsm8k_test_000641,think,canonical,,thinking_segment,6,10,False,514,514,True,10.96864128112793,,ok_qwen_token_boundary,False,ok,262500,300000
exp_c,exp_c__gsm8k_test_000641__think,gsm8k_test_000641,think,canonical,,thinking_segment,13,10,False,514,514,True,9.25178050994873,,ok_qwen_token_boundary,False,ok,262500,300000
exp_c,exp_c__gsm8k_test_000641__think,gsm8k_test_000641,think,canonical,,thinking_segment,20,10,False,514,514,True,21.04517936706543,,ok_qwen_token_boundary,False,ok,262500,300000
exp_c,exp_c__gsm8k_test_000641__think,gsm8k_test_000641,think,canonical,,answer_segment,6,10,False,53,53,True,11.26876449584961,,ok_qwen_token_boundary,False,ok,262500,300000
exp_c,exp_c__gsm8k_test_000641__think,gsm8k_test_000641,think,canonical,,answer_segment,13,10,False,53,53,True,10.811285972595215,,ok_qwen_token_boundary,False,ok,262500,300000
exp_c,exp_c__gsm8k_test_000641__think,gsm8k_test_000641,think,canonical,,answer_segment,20,10,False,53,53,True,10.973198890686035,,ok_qwen_token_boundary,False,ok,262500,300000
exp_c,exp_c__gsm8k_test_000641__no_think,gsm8k_test_000641,no_think,canonical,,full_output,6,10,False,61,61,True,12.960956573486328,,ok,False,ok,262500,252000
exp_c,exp_c__gsm8k_test_000641__no_think,gsm8k_test_000641,no_think,canonical,,full_output,13,10,False,61,61,True,12.171751976013184,,ok,False,ok,262500,252000
exp_c,exp_c__gsm8k_test_000641__no_think,gsm8k_test_000641,no_think,canonical,,full_output,20,10,False,61,61,True,11.246842384338379,,ok,False,ok,262500,252000
exp_c,exp_c__gsm8k_test_000641__no_think,gsm8k_test_000641,no_think,canonical,,answer_segment,6,10,False,61,61,True,12.960956573486328,,ok,False,ok,262500,252000
exp_c,exp_c__gsm8k_test_000641__no_think,gsm8k_test_000641,no_think,canonical,,answer_segment,13,10,False,61,61,True,12.171751976013184,,ok,False,ok,262500,252000
exp_c,exp_c__gsm8k_test_000641__no_think,gsm8k_test_000641,no_think,canonical,,answer_segment,20,10,False,61,61,True,11.246842384338379,,ok,False,ok,262500,252000
exp_c,exp_c__gsm8k_test_000644__think,gsm8k_test_000644,think,canonical,,full_output,6,10,False,497,497,True,12.134079933166504,,ok,True,ok,29,29
exp_c,exp_c__gsm8k_test_000644__think,gsm8k_test_000644,think,canonical,,full_output,13,10,False,497,497,True,9.859410285949707,,ok,True,ok,29,29
exp_c,exp_c__gsm8k_test_000644__think,gsm8k_test_000644,think,canonical,,full_output,20,10,False,497,497,True,19.898799896240234,,ok,True,ok,29,29
exp_c,exp_c__gsm8k_test_000644__think,gsm8k_test_000644,think,canonical,,thinking_segment,6,10,False,444,444,True,11.168465614318848,,ok_qwen_token_boundary,True,ok,29,29
exp_c,exp_c__gsm8k_test_000644__think,gsm8k_test_000644,think,canonical,,thinking_segment,13,10,False,444,444,True,9.524700164794922,,ok_qwen_token_boundary,True,ok,29,29
exp_c,exp_c__gsm8k_test_000644__think,gsm8k_test_000644,think,canonical,,thinking_segment,20,10,False,444,444,True,22.11062240600586,,ok_qwen_token_boundary,True,ok,29,29
exp_c,exp_c__gsm8k_test_000644__think,gsm8k_test_000644,think,canonical,,answer_segment,6,10,False,53,53,True,11.536511421203613,,ok_qwen_token_boundary,True,ok,29,29
exp_c,exp_c__gsm8k_test_000644__think,gsm8k_test_000644,think,canonical,,answer_segment,13,10,False,53,53,True,10.313138008117676,,ok_qwen_token_boundary,True,ok,29,29
exp_c,exp_c__gsm8k_test_000644__think,gsm8k_test_000644,think,canonical,,answer_segment,20,10,False,53,53,True,10.640782356262207,,ok_qwen_token_boundary,True,ok,29,29
exp_c,exp_c__gsm8k_test_000644__no_think,gsm8k_test_000644,no_think,canonical,,full_output,6,10,False,50,50,True,11.062617301940918,,ok,True,ok,29,29
exp_c,exp_c__gsm8k_test_000644__no_think,gsm8k_test_000644,no_think,canonical,,full_output,13,10,False,50,50,True,10.201775550842285,,ok,True,ok,29,29
exp_c,exp_c__gsm8k_test_000644__no_think,gsm8k_test_000644,no_think,canonical,,full_output,20,10,False,50,50,True,11.595088958740234,,ok,True,ok,29,29
exp_c,exp_c__gsm8k_test_000644__no_think,gsm8k_test_000644,no_think,canonical,,answer_segment,6,10,False,50,50,True,11.062617301940918,,ok,True,ok,29,29
exp_c,exp_c__gsm8k_test_000644__no_think,gsm8k_test_000644,no_think,canonical,,answer_segment,13,10,False,50,50,True,10.201775550842285,,ok,True,ok,29,29
exp_c,exp_c__gsm8k_test_000644__no_think,gsm8k_test_000644,no_think,canonical,,answer_segment,20,10,False,50,50,True,11.595088958740234,,ok,True,ok,29,29
exp_c,exp_c__gsm8k_test_000645__think,gsm8k_test_000645,think,canonical,,full_output,6,10,False,181,181,True,16.372846603393555,,ok,True,ok,48,48
exp_c,exp_c__gsm8k_test_000645__think,gsm8k_test_000645,think,canonical,,full_output,13,10,False,181,181,True,11.571089744567871,,ok,True,ok,48,48
exp_c,exp_c__gsm8k_test_000645__think,gsm8k_test_000645,think,canonical,,full_output,20,10,False,181,181,True,11.234452247619629,,ok,True,ok,48,48
exp_c,exp_c__gsm8k_test_000645__think,gsm8k_test_000645,think,canonical,,thinking_segment,6,10,False,146,146,True,16.971637725830078,,ok_qwen_token_boundary,True,ok,48,48
exp_c,exp_c__gsm8k_test_000645__think,gsm8k_test_000645,think,canonical,,thinking_segment,13,10,False,146,146,True,12.059130668640137,,ok_qwen_token_boundary,True,ok,48,48
exp_c,exp_c__gsm8k_test_000645__think,gsm8k_test_000645,think,canonical,,thinking_segment,20,10,False,146,146,True,11.114157676696777,,ok_qwen_token_boundary,True,ok,48,48
exp_c,exp_c__gsm8k_test_000645__think,gsm8k_test_000645,think,canonical,,answer_segment,6,10,False,35,35,True,12.602646827697754,,ok_qwen_token_boundary,True,ok,48,48
exp_c,exp_c__gsm8k_test_000645__think,gsm8k_test_000645,think,canonical,,answer_segment,13,10,False,35,35,True,11.814336776733398,,ok_qwen_token_boundary,True,ok,48,48
exp_c,exp_c__gsm8k_test_000645__think,gsm8k_test_000645,think,canonical,,answer_segment,20,10,False,35,35,True,11.412765502929688,,ok_qwen_token_boundary,True,ok,48,48
exp_c,exp_c__gsm8k_test_000645__no_think,gsm8k_test_000645,no_think,canonical,,full_output,6,10,False,35,35,True,11.234950065612793,,ok,True,ok,48,48
exp_c,exp_c__gsm8k_test_000645__no_think,gsm8k_test_000645,no_think,canonical,,full_output,13,10,False,35,35,True,11.844348907470703,,ok,True,ok,48,48
exp_c,exp_c__gsm8k_test_000645__no_think,gsm8k_test_000645,no_think,canonical,,full_output,20,10,False,35,35,True,11.06485366821289,,ok,True,ok,48,48
exp_c,exp_c__gsm8k_test_000645__no_think,gsm8k_test_000645,no_think,canonical,,answer_segment,6,10,False,35,35,True,11.234950065612793,,ok,True,ok,48,48
exp_c,exp_c__gsm8k_test_000645__no_think,gsm8k_test_000645,no_think,canonical,,answer_segment,13,10,False,35,35,True,11.844348907470703,,ok,True,ok,48,48
exp_c,exp_c__gsm8k_test_000645__no_think,gsm8k_test_000645,no_think,canonical,,answer_segment,20,10,False,35,35,True,11.06485366821289,,ok,True,ok,48,48
exp_c,exp_c__gsm8k_test_000655__think,gsm8k_test_000655,think,canonical,,full_output,6,10,False,264,264,True,14.816655158996582,,ok,True,ok,10,10
exp_c,exp_c__gsm8k_test_000655__think,gsm8k_test_000655,think,canonical,,full_output,13,10,False,264,264,True,10.676434516906738,,ok,True,ok,10,10
exp_c,exp_c__gsm8k_test_000655__think,gsm8k_test_000655,think,canonical,,full_output,20,10,False,264,264,True,11.224334716796875,,ok,True,ok,10,10
exp_c,exp_c__gsm8k_test_000655__think,gsm8k_test_000655,think,canonical,,thinking_segment,6,10,False,220,220,True,14.856328010559082,,ok_qwen_token_boundary,True,ok,10,10
exp_c,exp_c__gsm8k_test_000655__think,gsm8k_test_000655,think,canonical,,thinking_segment,13,10,False,220,220,True,10.552696228027344,,ok_qwen_token_boundary,True,ok,10,10
exp_c,exp_c__gsm8k_test_000655__think,gsm8k_test_000655,think,canonical,,thinking_segment,20,10,False,220,220,True,10.841592788696289,,ok_qwen_token_boundary,True,ok,10,10
exp_c,exp_c__gsm8k_test_000655__think,gsm8k_test_000655,think,canonical,,answer_segment,6,10,False,44,44,True,15.186087608337402,,ok_qwen_token_boundary,True,ok,10,10
exp_c,exp_c__gsm8k_test_000655__think,gsm8k_test_000655,think,canonical,,answer_segment,13,10,False,44,44,True,13.728415489196777,,ok_qwen_token_boundary,True,ok,10,10
exp_c,exp_c__gsm8k_test_000655__think,gsm8k_test_000655,think,canonical,,answer_segment,20,10,False,44,44,True,12.333844184875488,,ok_qwen_token_boundary,True,ok,10,10
exp_c,exp_c__gsm8k_test_000655__no_think,gsm8k_test_000655,no_think,canonical,,full_output,6,10,False,36,36,True,11.194656372070312,,ok,True,ok,10,10
exp_c,exp_c__gsm8k_test_000655__no_think,gsm8k_test_000655,no_think,canonical,,full_output,13,10,False,36,36,True,12.00039291381836,,ok,True,ok,10,10
exp_c,exp_c__gsm8k_test_000655__no_think,gsm8k_test_000655,no_think,canonical,,full_output,20,10,False,36,36,True,11.85634994506836,,ok,True,ok,10,10
exp_c,exp_c__gsm8k_test_000655__no_think,gsm8k_test_000655,no_think,canonical,,answer_segment,6,10,False,36,36,True,11.194656372070312,,ok,True,ok,10,10
exp_c,exp_c__gsm8k_test_000655__no_think,gsm8k_test_000655,no_think,canonical,,answer_segment,13,10,False,36,36,True,12.00039291381836,,ok,True,ok,10,10
exp_c,exp_c__gsm8k_test_000655__no_think,gsm8k_test_000655,no_think,canonical,,answer_segment,20,10,False,36,36,True,11.85634994506836,,ok,True,ok,10,10
exp_c,exp_c__gsm8k_test_000668__think,gsm8k_test_000668,think,canonical,,full_output,6,10,False,192,192,True,15.786601066589355,,ok,True,ok,3,3
exp_c,exp_c__gsm8k_test_000668__think,gsm8k_test_000668,think,canonical,,full_output,13,10,False,192,192,True,12.022412300109863,,ok,True,ok,3,3
exp_c,exp_c__gsm8k_test_000668__think,gsm8k_test_000668,think,canonical,,full_output,20,10,False,192,192,True,11.403887748718262,,ok,True,ok,3,3
exp_c,exp_c__gsm8k_test_000668__think,gsm8k_test_000668,think,canonical,,thinking_segment,6,10,False,147,147,True,15.85216999053955,,ok_qwen_token_boundary,True,ok,3,3
exp_c,exp_c__gsm8k_test_000668__think,gsm8k_test_000668,think,canonical,,thinking_segment,13,10,False,147,147,True,12.380461692810059,,ok_qwen_token_boundary,True,ok,3,3
exp_c,exp_c__gsm8k_test_000668__think,gsm8k_test_000668,think,canonical,,thinking_segment,20,10,False,147,147,True,11.441490173339844,,ok_qwen_token_boundary,True,ok,3,3
exp_c,exp_c__gsm8k_test_000668__think,gsm8k_test_000668,think,canonical,,answer_segment,6,10,False,45,45,True,11.85029411315918,,ok_qwen_token_boundary,True,ok,3,3
exp_c,exp_c__gsm8k_test_000668__think,gsm8k_test_000668,think,canonical,,answer_segment,13,10,False,45,45,True,10.49612808227539,,ok_qwen_token_boundary,True,ok,3,3
exp_c,exp_c__gsm8k_test_000668__think,gsm8k_test_000668,think,canonical,,answer_segment,20,10,False,45,45,True,10.30782699584961,,ok_qwen_token_boundary,True,ok,3,3
exp_c,exp_c__gsm8k_test_000668__no_think,gsm8k_test_000668,no_think,canonical,,full_output,6,10,False,42,42,True,10.672386169433594,,ok,True,ok,3,3
exp_c,exp_c__gsm8k_test_000668__no_think,gsm8k_test_000668,no_think,canonical,,full_output,13,10,False,42,42,True,10.862138748168945,,ok,True,ok,3,3
exp_c,exp_c__gsm8k_test_000668__no_think,gsm8k_test_000668,no_think,canonical,,full_output,20,10,False,42,42,True,10.331352233886719,,ok,True,ok,3,3
exp_c,exp_c__gsm8k_test_000668__no_think,gsm8k_test_000668,no_think,canonical,,answer_segment,6,10,False,42,42,True,10.672386169433594,,ok,True,ok,3,3
exp_c,exp_c__gsm8k_test_000668__no_think,gsm8k_test_000668,no_think,canonical,,answer_segment,13,10,False,42,42,True,10.862138748168945,,ok,True,ok,3,3
exp_c,exp_c__gsm8k_test_000668__no_think,gsm8k_test_000668,no_think,canonical,,answer_segment,20,10,False,42,42,True,10.331352233886719,,ok,True,ok,3,3
exp_c,exp_c__gsm8k_test_000684__think,gsm8k_test_000684,think,canonical,,full_output,6,10,False,237,237,True,16.97441864013672,,ok,True,ok,11,11
exp_c,exp_c__gsm8k_test_000684__think,gsm8k_test_000684,think,canonical,,full_output,13,10,False,237,237,True,11.86947250366211,,ok,True,ok,11,11
exp_c,exp_c__gsm8k_test_000684__think,gsm8k_test_000684,think,canonical,,full_output,20,10,False,237,237,True,11.494112014770508,,ok,True,ok,11,11
exp_c,exp_c__gsm8k_test_000684__think,gsm8k_test_000684,think,canonical,,thinking_segment,6,10,False,189,189,True,16.286962509155273,,ok_qwen_token_boundary,True,ok,11,11
exp_c,exp_c__gsm8k_test_000684__think,gsm8k_test_000684,think,canonical,,thinking_segment,13,10,False,189,189,True,11.84325122833252,,ok_qwen_token_boundary,True,ok,11,11
exp_c,exp_c__gsm8k_test_000684__think,gsm8k_test_000684,think,canonical,,thinking_segment,20,10,False,189,189,True,11.773798942565918,,ok_qwen_token_boundary,True,ok,11,11
exp_c,exp_c__gsm8k_test_000684__think,gsm8k_test_000684,think,canonical,,answer_segment,6,10,False,48,48,True,14.83435344696045,,ok_qwen_token_boundary,True,ok,11,11
exp_c,exp_c__gsm8k_test_000684__think,gsm8k_test_000684,think,canonical,,answer_segment,13,10,False,48,48,True,13.052711486816406,,ok_qwen_token_boundary,True,ok,11,11
exp_c,exp_c__gsm8k_test_000684__think,gsm8k_test_000684,think,canonical,,answer_segment,20,10,False,48,48,True,12.117880821228027,,ok_qwen_token_boundary,True,ok,11,11
exp_c,exp_c__gsm8k_test_000684__no_think,gsm8k_test_000684,no_think,canonical,,full_output,6,10,False,43,43,True,15.311205863952637,,ok,True,ok,11,11
exp_c,exp_c__gsm8k_test_000684__no_think,gsm8k_test_000684,no_think,canonical,,full_output,13,10,False,43,43,True,11.32896900177002,,ok,True,ok,11,11
exp_c,exp_c__gsm8k_test_000684__no_think,gsm8k_test_000684,no_think,canonical,,full_output,20,10,False,43,43,True,11.665955543518066,,ok,True,ok,11,11
exp_c,exp_c__gsm8k_test_000684__no_think,gsm8k_test_000684,no_think,canonical,,answer_segment,6,10,False,43,43,True,15.311205863952637,,ok,True,ok,11,11
exp_c,exp_c__gsm8k_test_000684__no_think,gsm8k_test_000684,no_think,canonical,,answer_segment,13,10,False,43,43,True,11.32896900177002,,ok,True,ok,11,11
exp_c,exp_c__gsm8k_test_000684__no_think,gsm8k_test_000684,no_think,canonical,,answer_segment,20,10,False,43,43,True,11.665955543518066,,ok,True,ok,11,11
exp_c,exp_c__gsm8k_test_000695__think,gsm8k_test_000695,think,canonical,,full_output,6,10,False,262,262,True,12.9389009475708,,ok,True,ok,5,5
exp_c,exp_c__gsm8k_test_000695__think,gsm8k_test_000695,think,canonical,,full_output,13,10,False,262,262,True,10.388919830322266,,ok,True,ok,5,5
exp_c,exp_c__gsm8k_test_000695__think,gsm8k_test_000695,think,canonical,,full_output,20,10,False,262,262,True,10.696147918701172,,ok,True,ok,5,5
exp_c,exp_c__gsm8k_test_000695__think,gsm8k_test_000695,think,canonical,,thinking_segment,6,10,False,220,220,True,13.767332077026367,,ok_qwen_token_boundary,True,ok,5,5
exp_c,exp_c__gsm8k_test_000695__think,gsm8k_test_000695,think,canonical,,thinking_segment,13,10,False,220,220,True,10.758926391601562,,ok_qwen_token_boundary,True,ok,5,5
exp_c,exp_c__gsm8k_test_000695__think,gsm8k_test_000695,think,canonical,,thinking_segment,20,10,False,220,220,True,10.710949897766113,,ok_qwen_token_boundary,True,ok,5,5
exp_c,exp_c__gsm8k_test_000695__think,gsm8k_test_000695,think,canonical,,answer_segment,6,10,False,42,42,True,13.216907501220703,,ok_qwen_token_boundary,True,ok,5,5
exp_c,exp_c__gsm8k_test_000695__think,gsm8k_test_000695,think,canonical,,answer_segment,13,10,False,42,42,True,11.143574714660645,,ok_qwen_token_boundary,True,ok,5,5
exp_c,exp_c__gsm8k_test_000695__think,gsm8k_test_000695,think,canonical,,answer_segment,20,10,False,42,42,True,10.810734748840332,,ok_qwen_token_boundary,True,ok,5,5
exp_c,exp_c__gsm8k_test_000695__no_think,gsm8k_test_000695,no_think,canonical,,full_output,6,10,False,44,44,True,11.687918663024902,,ok,True,ok,5,5
exp_c,exp_c__gsm8k_test_000695__no_think,gsm8k_test_000695,no_think,canonical,,full_output,13,10,False,44,44,True,10.839397430419922,,ok,True,ok,5,5
exp_c,exp_c__gsm8k_test_000695__no_think,gsm8k_test_000695,no_think,canonical,,full_output,20,10,False,44,44,True,11.383671760559082,,ok,True,ok,5,5
exp_c,exp_c__gsm8k_test_000695__no_think,gsm8k_test_000695,no_think,canonical,,answer_segment,6,10,False,44,44,True,11.687918663024902,,ok,True,ok,5,5
exp_c,exp_c__gsm8k_test_000695__no_think,gsm8k_test_000695,no_think,canonical,,answer_segment,13,10,False,44,44,True,10.839397430419922,,ok,True,ok,5,5
exp_c,exp_c__gsm8k_test_000695__no_think,gsm8k_test_000695,no_think,canonical,,answer_segment,20,10,False,44,44,True,11.383671760559082,,ok,True,ok,5,5
exp_c,exp_c__gsm8k_test_000697__think,gsm8k_test_000697,think,canonical,,full_output,6,10,False,264,264,True,12.268966674804688,,ok,True,ok,27,27
exp_c,exp_c__gsm8k_test_000697__think,gsm8k_test_000697,think,canonical,,full_output,13,10,False,264,264,True,8.804535865783691,,ok,True,ok,27,27
exp_c,exp_c__gsm8k_test_000697__think,gsm8k_test_000697,think,canonical,,full_output,20,10,False,264,264,True,9.306426048278809,,ok,True,ok,27,27
exp_c,exp_c__gsm8k_test_000697__think,gsm8k_test_000697,think,canonical,,thinking_segment,6,10,False,208,208,True,10.884099006652832,,ok_qwen_token_boundary,True,ok,27,27
exp_c,exp_c__gsm8k_test_000697__think,gsm8k_test_000697,think,canonical,,thinking_segment,13,10,False,208,208,True,8.738706588745117,,ok_qwen_token_boundary,True,ok,27,27
exp_c,exp_c__gsm8k_test_000697__think,gsm8k_test_000697,think,canonical,,thinking_segment,20,10,False,208,208,True,8.884709358215332,,ok_qwen_token_boundary,True,ok,27,27
exp_c,exp_c__gsm8k_test_000697__think,gsm8k_test_000697,think,canonical,,answer_segment,6,10,False,56,56,True,11.277070045471191,,ok_qwen_token_boundary,True,ok,27,27
exp_c,exp_c__gsm8k_test_000697__think,gsm8k_test_000697,think,canonical,,answer_segment,13,10,False,56,56,True,10.189321517944336,,ok_qwen_token_boundary,True,ok,27,27
exp_c,exp_c__gsm8k_test_000697__think,gsm8k_test_000697,think,canonical,,answer_segment,20,10,False,56,56,True,10.006489753723145,,ok_qwen_token_boundary,True,ok,27,27
exp_c,exp_c__gsm8k_test_000697__no_think,gsm8k_test_000697,no_think,canonical,,full_output,6,10,False,42,42,True,11.712651252746582,,ok,True,ok,27,27
exp_c,exp_c__gsm8k_test_000697__no_think,gsm8k_test_000697,no_think,canonical,,full_output,13,10,False,42,42,True,10.60128402709961,,ok,True,ok,27,27
exp_c,exp_c__gsm8k_test_000697__no_think,gsm8k_test_000697,no_think,canonical,,full_output,20,10,False,42,42,True,10.35966682434082,,ok,True,ok,27,27
exp_c,exp_c__gsm8k_test_000697__no_think,gsm8k_test_000697,no_think,canonical,,answer_segment,6,10,False,42,42,True,11.712651252746582,,ok,True,ok,27,27
exp_c,exp_c__gsm8k_test_000697__no_think,gsm8k_test_000697,no_think,canonical,,answer_segment,13,10,False,42,42,True,10.60128402709961,,ok,True,ok,27,27
exp_c,exp_c__gsm8k_test_000697__no_think,gsm8k_test_000697,no_think,canonical,,answer_segment,20,10,False,42,42,True,10.35966682434082,,ok,True,ok,27,27
exp_c,exp_c__gsm8k_test_000713__think,gsm8k_test_000713,think,canonical,,full_output,6,10,False,273,273,True,15.466431617736816,,ok,True,ok,576,576
exp_c,exp_c__gsm8k_test_000713__think,gsm8k_test_000713,think,canonical,,full_output,13,10,False,273,273,True,10.530763626098633,,ok,True,ok,576,576
exp_c,exp_c__gsm8k_test_000713__think,gsm8k_test_000713,think,canonical,,full_output,20,10,False,273,273,True,11.448043823242188,,ok,True,ok,576,576
exp_c,exp_c__gsm8k_test_000713__think,gsm8k_test_000713,think,canonical,,thinking_segment,6,10,False,229,229,True,15.875168800354004,,ok_qwen_token_boundary,True,ok,576,576
exp_c,exp_c__gsm8k_test_000713__think,gsm8k_test_000713,think,canonical,,thinking_segment,13,10,False,229,229,True,10.957892417907715,,ok_qwen_token_boundary,True,ok,576,576
exp_c,exp_c__gsm8k_test_000713__think,gsm8k_test_000713,think,canonical,,thinking_segment,20,10,False,229,229,True,11.708918571472168,,ok_qwen_token_boundary,True,ok,576,576
exp_c,exp_c__gsm8k_test_000713__think,gsm8k_test_000713,think,canonical,,answer_segment,6,10,False,44,44,True,11.845951080322266,,ok_qwen_token_boundary,True,ok,576,576
exp_c,exp_c__gsm8k_test_000713__think,gsm8k_test_000713,think,canonical,,answer_segment,13,10,False,44,44,True,12.614998817443848,,ok_qwen_token_boundary,True,ok,576,576
exp_c,exp_c__gsm8k_test_000713__think,gsm8k_test_000713,think,canonical,,answer_segment,20,10,False,44,44,True,11.548009872436523,,ok_qwen_token_boundary,True,ok,576,576
exp_c,exp_c__gsm8k_test_000713__no_think,gsm8k_test_000713,no_think,canonical,,full_output,6,10,False,45,45,True,12.318573951721191,,ok,True,ok,576,576
exp_c,exp_c__gsm8k_test_000713__no_think,gsm8k_test_000713,no_think,canonical,,full_output,13,10,False,45,45,True,11.952803611755371,,ok,True,ok,576,576
exp_c,exp_c__gsm8k_test_000713__no_think,gsm8k_test_000713,no_think,canonical,,full_output,20,10,False,45,45,True,11.42318344116211,,ok,True,ok,576,576
exp_c,exp_c__gsm8k_test_000713__no_think,gsm8k_test_000713,no_think,canonical,,answer_segment,6,10,False,45,45,True,12.318573951721191,,ok,True,ok,576,576
exp_c,exp_c__gsm8k_test_000713__no_think,gsm8k_test_000713,no_think,canonical,,answer_segment,13,10,False,45,45,True,11.952803611755371,,ok,True,ok,576,576
exp_c,exp_c__gsm8k_test_000713__no_think,gsm8k_test_000713,no_think,canonical,,answer_segment,20,10,False,45,45,True,11.42318344116211,,ok,True,ok,576,576
exp_c,exp_c__gsm8k_test_000740__think,gsm8k_test_000740,think,canonical,,full_output,6,10,False,375,375,True,12.211981773376465,,ok,True,ok,25,25
exp_c,exp_c__gsm8k_test_000740__think,gsm8k_test_000740,think,canonical,,full_output,13,10,False,375,375,True,9.894792556762695,,ok,True,ok,25,25
exp_c,exp_c__gsm8k_test_000740__think,gsm8k_test_000740,think,canonical,,full_output,20,10,False,375,375,True,10.525690078735352,,ok,True,ok,25,25
exp_c,exp_c__gsm8k_test_000740__think,gsm8k_test_000740,think,canonical,,thinking_segment,6,10,False,320,320,True,12.09476089477539,,ok_qwen_token_boundary,True,ok,25,25
exp_c,exp_c__gsm8k_test_000740__think,gsm8k_test_000740,think,canonical,,thinking_segment,13,10,False,320,320,True,9.992497444152832,,ok_qwen_token_boundary,True,ok,25,25
exp_c,exp_c__gsm8k_test_000740__think,gsm8k_test_000740,think,canonical,,thinking_segment,20,10,False,320,320,True,10.23979377746582,,ok_qwen_token_boundary,True,ok,25,25
exp_c,exp_c__gsm8k_test_000740__think,gsm8k_test_000740,think,canonical,,answer_segment,6,10,False,55,55,True,14.437541007995605,,ok_qwen_token_boundary,True,ok,25,25
exp_c,exp_c__gsm8k_test_000740__think,gsm8k_test_000740,think,canonical,,answer_segment,13,10,False,55,55,True,12.787264823913574,,ok_qwen_token_boundary,True,ok,25,25
exp_c,exp_c__gsm8k_test_000740__think,gsm8k_test_000740,think,canonical,,answer_segment,20,10,False,55,55,True,13.392512321472168,,ok_qwen_token_boundary,True,ok,25,25
exp_c,exp_c__gsm8k_test_000740__no_think,gsm8k_test_000740,no_think,canonical,,full_output,6,10,False,56,56,True,12.79865837097168,,ok,True,ok,25,25
exp_c,exp_c__gsm8k_test_000740__no_think,gsm8k_test_000740,no_think,canonical,,full_output,13,10,False,56,56,True,10.79289436340332,,ok,True,ok,25,25
exp_c,exp_c__gsm8k_test_000740__no_think,gsm8k_test_000740,no_think,canonical,,full_output,20,10,False,56,56,True,11.785168647766113,,ok,True,ok,25,25
exp_c,exp_c__gsm8k_test_000740__no_think,gsm8k_test_000740,no_think,canonical,,answer_segment,6,10,False,56,56,True,12.79865837097168,,ok,True,ok,25,25
exp_c,exp_c__gsm8k_test_000740__no_think,gsm8k_test_000740,no_think,canonical,,answer_segment,13,10,False,56,56,True,10.79289436340332,,ok,True,ok,25,25
exp_c,exp_c__gsm8k_test_000740__no_think,gsm8k_test_000740,no_think,canonical,,answer_segment,20,10,False,56,56,True,11.785168647766113,,ok,True,ok,25,25
exp_c,exp_c__gsm8k_test_000759__think,gsm8k_test_000759,think,canonical,,full_output,6,10,False,324,324,True,11.86413860321045,,ok,True,ok,60000,60000
exp_c,exp_c__gsm8k_test_000759__think,gsm8k_test_000759,think,canonical,,full_output,13,10,False,324,324,True,9.83032512664795,,ok,True,ok,60000,60000
exp_c,exp_c__gsm8k_test_000759__think,gsm8k_test_000759,think,canonical,,full_output,20,10,False,324,324,True,10.682014465332031,,ok,True,ok,60000,60000
exp_c,exp_c__gsm8k_test_000759__think,gsm8k_test_000759,think,canonical,,thinking_segment,6,10,False,276,276,True,12.715691566467285,,ok_qwen_token_boundary,True,ok,60000,60000
exp_c,exp_c__gsm8k_test_000759__think,gsm8k_test_000759,think,canonical,,thinking_segment,13,10,False,276,276,True,10.191561698913574,,ok_qwen_token_boundary,True,ok,60000,60000
exp_c,exp_c__gsm8k_test_000759__think,gsm8k_test_000759,think,canonical,,thinking_segment,20,10,False,276,276,True,11.11634349822998,,ok_qwen_token_boundary,True,ok,60000,60000
exp_c,exp_c__gsm8k_test_000759__think,gsm8k_test_000759,think,canonical,,answer_segment,6,10,False,48,48,True,11.209213256835938,,ok_qwen_token_boundary,True,ok,60000,60000
exp_c,exp_c__gsm8k_test_000759__think,gsm8k_test_000759,think,canonical,,answer_segment,13,10,False,48,48,True,11.144790649414062,,ok_qwen_token_boundary,True,ok,60000,60000
exp_c,exp_c__gsm8k_test_000759__think,gsm8k_test_000759,think,canonical,,answer_segment,20,10,False,48,48,True,10.707847595214844,,ok_qwen_token_boundary,True,ok,60000,60000
exp_c,exp_c__gsm8k_test_000759__no_think,gsm8k_test_000759,no_think,canonical,,full_output,6,10,False,54,54,True,13.190509796142578,,ok,False,ok,60000,6000
exp_c,exp_c__gsm8k_test_000759__no_think,gsm8k_test_000759,no_think,canonical,,full_output,13,10,False,54,54,True,10.377497673034668,,ok,False,ok,60000,6000
exp_c,exp_c__gsm8k_test_000759__no_think,gsm8k_test_000759,no_think,canonical,,full_output,20,10,False,54,54,True,10.71354866027832,,ok,False,ok,60000,6000
exp_c,exp_c__gsm8k_test_000759__no_think,gsm8k_test_000759,no_think,canonical,,answer_segment,6,10,False,54,54,True,13.190509796142578,,ok,False,ok,60000,6000
exp_c,exp_c__gsm8k_test_000759__no_think,gsm8k_test_000759,no_think,canonical,,answer_segment,13,10,False,54,54,True,10.377497673034668,,ok,False,ok,60000,6000
exp_c,exp_c__gsm8k_test_000759__no_think,gsm8k_test_000759,no_think,canonical,,answer_segment,20,10,False,54,54,True,10.71354866027832,,ok,False,ok,60000,6000
exp_c,exp_c__gsm8k_test_000760__think,gsm8k_test_000760,think,canonical,,full_output,6,10,False,305,305,True,12.917701721191406,,ok,True,ok,16,16
exp_c,exp_c__gsm8k_test_000760__think,gsm8k_test_000760,think,canonical,,full_output,13,10,False,305,305,True,10.044487953186035,,ok,True,ok,16,16
exp_c,exp_c__gsm8k_test_000760__think,gsm8k_test_000760,think,canonical,,full_output,20,10,False,305,305,True,10.598901748657227,,ok,True,ok,16,16
exp_c,exp_c__gsm8k_test_000760__think,gsm8k_test_000760,think,canonical,,thinking_segment,6,10,False,237,237,True,13.062918663024902,,ok_qwen_token_boundary,True,ok,16,16
exp_c,exp_c__gsm8k_test_000760__think,gsm8k_test_000760,think,canonical,,thinking_segment,13,10,False,237,237,True,9.90234375,,ok_qwen_token_boundary,True,ok,16,16
exp_c,exp_c__gsm8k_test_000760__think,gsm8k_test_000760,think,canonical,,thinking_segment,20,10,False,237,237,True,10.613866806030273,,ok_qwen_token_boundary,True,ok,16,16
exp_c,exp_c__gsm8k_test_000760__think,gsm8k_test_000760,think,canonical,,answer_segment,6,10,False,68,68,True,12.55325698852539,,ok_qwen_token_boundary,True,ok,16,16
exp_c,exp_c__gsm8k_test_000760__think,gsm8k_test_000760,think,canonical,,answer_segment,13,10,False,68,68,True,11.594893455505371,,ok_qwen_token_boundary,True,ok,16,16
exp_c,exp_c__gsm8k_test_000760__think,gsm8k_test_000760,think,canonical,,answer_segment,20,10,False,68,68,True,10.698442459106445,,ok_qwen_token_boundary,True,ok,16,16
exp_c,exp_c__gsm8k_test_000760__no_think,gsm8k_test_000760,no_think,canonical,,full_output,6,10,False,79,79,True,11.657318115234375,,ok,False,ok,16,20
exp_c,exp_c__gsm8k_test_000760__no_think,gsm8k_test_000760,no_think,canonical,,full_output,13,10,False,79,79,True,11.141982078552246,,ok,False,ok,16,20
exp_c,exp_c__gsm8k_test_000760__no_think,gsm8k_test_000760,no_think,canonical,,full_output,20,10,False,79,79,True,11.413805961608887,,ok,False,ok,16,20
exp_c,exp_c__gsm8k_test_000760__no_think,gsm8k_test_000760,no_think,canonical,,answer_segment,6,10,False,79,79,True,11.657318115234375,,ok,False,ok,16,20
exp_c,exp_c__gsm8k_test_000760__no_think,gsm8k_test_000760,no_think,canonical,,answer_segment,13,10,False,79,79,True,11.141982078552246,,ok,False,ok,16,20
exp_c,exp_c__gsm8k_test_000760__no_think,gsm8k_test_000760,no_think,canonical,,answer_segment,20,10,False,79,79,True,11.413805961608887,,ok,False,ok,16,20
exp_c,exp_c__gsm8k_test_000767__think,gsm8k_test_000767,think,canonical,,full_output,6,10,False,322,322,True,14.377477645874023,,ok,True,ok,60,60
exp_c,exp_c__gsm8k_test_000767__think,gsm8k_test_000767,think,canonical,,full_output,13,10,False,322,322,True,10.348150253295898,,ok,True,ok,60,60
exp_c,exp_c__gsm8k_test_000767__think,gsm8k_test_000767,think,canonical,,full_output,20,10,False,322,322,True,10.933073997497559,,ok,True,ok,60,60
exp_c,exp_c__gsm8k_test_000767__think,gsm8k_test_000767,think,canonical,,thinking_segment,6,10,False,279,279,True,14.517765998840332,,ok_qwen_token_boundary,True,ok,60,60
exp_c,exp_c__gsm8k_test_000767__think,gsm8k_test_000767,think,canonical,,thinking_segment,13,10,False,279,279,True,10.676265716552734,,ok_qwen_token_boundary,True,ok,60,60
exp_c,exp_c__gsm8k_test_000767__think,gsm8k_test_000767,think,canonical,,thinking_segment,20,10,False,279,279,True,11.240680694580078,,ok_qwen_token_boundary,True,ok,60,60
exp_c,exp_c__gsm8k_test_000767__think,gsm8k_test_000767,think,canonical,,answer_segment,6,10,False,43,43,True,13.015288352966309,,ok_qwen_token_boundary,True,ok,60,60
exp_c,exp_c__gsm8k_test_000767__think,gsm8k_test_000767,think,canonical,,answer_segment,13,10,False,43,43,True,11.305951118469238,,ok_qwen_token_boundary,True,ok,60,60
exp_c,exp_c__gsm8k_test_000767__think,gsm8k_test_000767,think,canonical,,answer_segment,20,10,False,43,43,True,10.556324005126953,,ok_qwen_token_boundary,True,ok,60,60
exp_c,exp_c__gsm8k_test_000767__no_think,gsm8k_test_000767,no_think,canonical,,full_output,6,10,False,43,43,True,11.988499641418457,,ok,True,ok,60,60
exp_c,exp_c__gsm8k_test_000767__no_think,gsm8k_test_000767,no_think,canonical,,full_output,13,10,False,43,43,True,11.195868492126465,,ok,True,ok,60,60
exp_c,exp_c__gsm8k_test_000767__no_think,gsm8k_test_000767,no_think,canonical,,full_output,20,10,False,43,43,True,11.287582397460938,,ok,True,ok,60,60
exp_c,exp_c__gsm8k_test_000767__no_think,gsm8k_test_000767,no_think,canonical,,answer_segment,6,10,False,43,43,True,11.988499641418457,,ok,True,ok,60,60
exp_c,exp_c__gsm8k_test_000767__no_think,gsm8k_test_000767,no_think,canonical,,answer_segment,13,10,False,43,43,True,11.195868492126465,,ok,True,ok,60,60
exp_c,exp_c__gsm8k_test_000767__no_think,gsm8k_test_000767,no_think,canonical,,answer_segment,20,10,False,43,43,True,11.287582397460938,,ok,True,ok,60,60
exp_c,exp_c__gsm8k_test_000775__think,gsm8k_test_000775,think,canonical,,full_output,6,10,False,205,205,True,15.527120590209961,,ok,True,ok,276,276
exp_c,exp_c__gsm8k_test_000775__think,gsm8k_test_000775,think,canonical,,full_output,13,10,False,205,205,True,11.533371925354004,,ok,True,ok,276,276
exp_c,exp_c__gsm8k_test_000775__think,gsm8k_test_000775,think,canonical,,full_output,20,10,False,205,205,True,10.8676118850708,,ok,True,ok,276,276
exp_c,exp_c__gsm8k_test_000775__think,gsm8k_test_000775,think,canonical,,thinking_segment,6,10,False,154,154,True,16.290430068969727,,ok_qwen_token_boundary,True,ok,276,276
exp_c,exp_c__gsm8k_test_000775__think,gsm8k_test_000775,think,canonical,,thinking_segment,13,10,False,154,154,True,11.999568939208984,,ok_qwen_token_boundary,True,ok,276,276
exp_c,exp_c__gsm8k_test_000775__think,gsm8k_test_000775,think,canonical,,thinking_segment,20,10,False,154,154,True,11.216793060302734,,ok_qwen_token_boundary,True,ok,276,276
exp_c,exp_c__gsm8k_test_000775__think,gsm8k_test_000775,think,canonical,,answer_segment,6,10,False,51,51,True,13.110136032104492,,ok_qwen_token_boundary,True,ok,276,276
exp_c,exp_c__gsm8k_test_000775__think,gsm8k_test_000775,think,canonical,,answer_segment,13,10,False,51,51,True,12.79289722442627,,ok_qwen_token_boundary,True,ok,276,276
exp_c,exp_c__gsm8k_test_000775__think,gsm8k_test_000775,think,canonical,,answer_segment,20,10,False,51,51,True,11.26207160949707,,ok_qwen_token_boundary,True,ok,276,276
exp_c,exp_c__gsm8k_test_000775__no_think,gsm8k_test_000775,no_think,canonical,,full_output,6,10,False,50,50,True,12.91584587097168,,ok,False,ok,276,456
exp_c,exp_c__gsm8k_test_000775__no_think,gsm8k_test_000775,no_think,canonical,,full_output,13,10,False,50,50,True,11.974115371704102,,ok,False,ok,276,456
exp_c,exp_c__gsm8k_test_000775__no_think,gsm8k_test_000775,no_think,canonical,,full_output,20,10,False,50,50,True,11.564339637756348,,ok,False,ok,276,456
exp_c,exp_c__gsm8k_test_000775__no_think,gsm8k_test_000775,no_think,canonical,,answer_segment,6,10,False,50,50,True,12.91584587097168,,ok,False,ok,276,456
exp_c,exp_c__gsm8k_test_000775__no_think,gsm8k_test_000775,no_think,canonical,,answer_segment,13,10,False,50,50,True,11.974115371704102,,ok,False,ok,276,456
exp_c,exp_c__gsm8k_test_000775__no_think,gsm8k_test_000775,no_think,canonical,,answer_segment,20,10,False,50,50,True,11.564339637756348,,ok,False,ok,276,456
exp_c,exp_c__gsm8k_test_000776__think,gsm8k_test_000776,think,canonical,,full_output,6,10,False,270,270,True,13.223536491394043,,ok,True,ok,800,800
exp_c,exp_c__gsm8k_test_000776__think,gsm8k_test_000776,think,canonical,,full_output,13,10,False,270,270,True,10.688319206237793,,ok,True,ok,800,800
exp_c,exp_c__gsm8k_test_000776__think,gsm8k_test_000776,think,canonical,,full_output,20,10,False,270,270,True,11.087331771850586,,ok,True,ok,800,800
exp_c,exp_c__gsm8k_test_000776__think,gsm8k_test_000776,think,canonical,,thinking_segment,6,10,False,218,218,True,14.16417121887207,,ok_qwen_token_boundary,True,ok,800,800
exp_c,exp_c__gsm8k_test_000776__think,gsm8k_test_000776,think,canonical,,thinking_segment,13,10,False,218,218,True,11.430974006652832,,ok_qwen_token_boundary,True,ok,800,800
exp_c,exp_c__gsm8k_test_000776__think,gsm8k_test_000776,think,canonical,,thinking_segment,20,10,False,218,218,True,11.510754585266113,,ok_qwen_token_boundary,True,ok,800,800
exp_c,exp_c__gsm8k_test_000776__think,gsm8k_test_000776,think,canonical,,answer_segment,6,10,False,52,52,True,13.641904830932617,,ok_qwen_token_boundary,True,ok,800,800
exp_c,exp_c__gsm8k_test_000776__think,gsm8k_test_000776,think,canonical,,answer_segment,13,10,False,52,52,True,12.414249420166016,,ok_qwen_token_boundary,True,ok,800,800
exp_c,exp_c__gsm8k_test_000776__think,gsm8k_test_000776,think,canonical,,answer_segment,20,10,False,52,52,True,11.30500316619873,,ok_qwen_token_boundary,True,ok,800,800
exp_c,exp_c__gsm8k_test_000776__no_think,gsm8k_test_000776,no_think,canonical,,full_output,6,10,False,52,52,True,12.506631851196289,,ok,True,ok,800,800
exp_c,exp_c__gsm8k_test_000776__no_think,gsm8k_test_000776,no_think,canonical,,full_output,13,10,False,52,52,True,11.560572624206543,,ok,True,ok,800,800
exp_c,exp_c__gsm8k_test_000776__no_think,gsm8k_test_000776,no_think,canonical,,full_output,20,10,False,52,52,True,12.284750938415527,,ok,True,ok,800,800
exp_c,exp_c__gsm8k_test_000776__no_think,gsm8k_test_000776,no_think,canonical,,answer_segment,6,10,False,52,52,True,12.506631851196289,,ok,True,ok,800,800
exp_c,exp_c__gsm8k_test_000776__no_think,gsm8k_test_000776,no_think,canonical,,answer_segment,13,10,False,52,52,True,11.560572624206543,,ok,True,ok,800,800
exp_c,exp_c__gsm8k_test_000776__no_think,gsm8k_test_000776,no_think,canonical,,answer_segment,20,10,False,52,52,True,12.284750938415527,,ok,True,ok,800,800
exp_c,exp_c__gsm8k_test_000781__think,gsm8k_test_000781,think,canonical,,full_output,6,10,False,278,278,True,15.060369491577148,,ok,False,ok,17,2
exp_c,exp_c__gsm8k_test_000781__think,gsm8k_test_000781,think,canonical,,full_output,13,10,False,278,278,True,10.594378471374512,,ok,False,ok,17,2
exp_c,exp_c__gsm8k_test_000781__think,gsm8k_test_000781,think,canonical,,full_output,20,10,False,278,278,True,10.369980812072754,,ok,False,ok,17,2
exp_c,exp_c__gsm8k_test_000781__think,gsm8k_test_000781,think,canonical,,thinking_segment,6,10,False,226,226,True,14.473766326904297,,ok_qwen_token_boundary,False,ok,17,2
exp_c,exp_c__gsm8k_test_000781__think,gsm8k_test_000781,think,canonical,,thinking_segment,13,10,False,226,226,True,10.544881820678711,,ok_qwen_token_boundary,False,ok,17,2
exp_c,exp_c__gsm8k_test_000781__think,gsm8k_test_000781,think,canonical,,thinking_segment,20,10,False,226,226,True,10.103623390197754,,ok_qwen_token_boundary,False,ok,17,2
exp_c,exp_c__gsm8k_test_000781__think,gsm8k_test_000781,think,canonical,,answer_segment,6,10,False,52,52,True,14.420334815979004,,ok_qwen_token_boundary,False,ok,17,2
exp_c,exp_c__gsm8k_test_000781__think,gsm8k_test_000781,think,canonical,,answer_segment,13,10,False,52,52,True,11.991969108581543,,ok_qwen_token_boundary,False,ok,17,2
exp_c,exp_c__gsm8k_test_000781__think,gsm8k_test_000781,think,canonical,,answer_segment,20,10,False,52,52,True,11.432961463928223,,ok_qwen_token_boundary,False,ok,17,2
exp_c,exp_c__gsm8k_test_000781__no_think,gsm8k_test_000781,no_think,canonical,,full_output,6,10,False,43,43,True,10.2587308883667,,ok,True,ok,17,17
exp_c,exp_c__gsm8k_test_000781__no_think,gsm8k_test_000781,no_think,canonical,,full_output,13,10,False,43,43,True,10.695640563964844,,ok,True,ok,17,17
exp_c,exp_c__gsm8k_test_000781__no_think,gsm8k_test_000781,no_think,canonical,,full_output,20,10,False,43,43,True,11.591404914855957,,ok,True,ok,17,17
exp_c,exp_c__gsm8k_test_000781__no_think,gsm8k_test_000781,no_think,canonical,,answer_segment,6,10,False,43,43,True,10.2587308883667,,ok,True,ok,17,17
exp_c,exp_c__gsm8k_test_000781__no_think,gsm8k_test_000781,no_think,canonical,,answer_segment,13,10,False,43,43,True,10.695640563964844,,ok,True,ok,17,17
exp_c,exp_c__gsm8k_test_000781__no_think,gsm8k_test_000781,no_think,canonical,,answer_segment,20,10,False,43,43,True,11.591404914855957,,ok,True,ok,17,17
exp_c,exp_c__gsm8k_test_000782__think,gsm8k_test_000782,think,canonical,,full_output,6,10,False,284,284,True,17.716686248779297,,ok,False,ok,54,27
exp_c,exp_c__gsm8k_test_000782__think,gsm8k_test_000782,think,canonical,,full_output,13,10,False,284,284,True,12.234062194824219,,ok,False,ok,54,27
exp_c,exp_c__gsm8k_test_000782__think,gsm8k_test_000782,think,canonical,,full_output,20,10,False,284,284,True,11.855741500854492,,ok,False,ok,54,27
exp_c,exp_c__gsm8k_test_000782__think,gsm8k_test_000782,think,canonical,,thinking_segment,6,10,False,241,241,True,16.09732437133789,,ok_qwen_token_boundary,False,ok,54,27
exp_c,exp_c__gsm8k_test_000782__think,gsm8k_test_000782,think,canonical,,thinking_segment,13,10,False,241,241,True,12.044026374816895,,ok_qwen_token_boundary,False,ok,54,27
exp_c,exp_c__gsm8k_test_000782__think,gsm8k_test_000782,think,canonical,,thinking_segment,20,10,False,241,241,True,11.842058181762695,,ok_qwen_token_boundary,False,ok,54,27
exp_c,exp_c__gsm8k_test_000782__think,gsm8k_test_000782,think,canonical,,answer_segment,6,10,False,43,43,True,12.061087608337402,,ok_qwen_token_boundary,False,ok,54,27
exp_c,exp_c__gsm8k_test_000782__think,gsm8k_test_000782,think,canonical,,answer_segment,13,10,False,43,43,True,12.886561393737793,,ok_qwen_token_boundary,False,ok,54,27
exp_c,exp_c__gsm8k_test_000782__think,gsm8k_test_000782,think,canonical,,answer_segment,20,10,False,43,43,True,10.676572799682617,,ok_qwen_token_boundary,False,ok,54,27
exp_c,exp_c__gsm8k_test_000782__no_think,gsm8k_test_000782,no_think,canonical,,full_output,6,10,False,49,49,True,14.551432609558105,,ok,False,ok,54,19
exp_c,exp_c__gsm8k_test_000782__no_think,gsm8k_test_000782,no_think,canonical,,full_output,13,10,False,49,49,True,12.717491149902344,,ok,False,ok,54,19
exp_c,exp_c__gsm8k_test_000782__no_think,gsm8k_test_000782,no_think,canonical,,full_output,20,10,False,49,49,True,11.837817192077637,,ok,False,ok,54,19
exp_c,exp_c__gsm8k_test_000782__no_think,gsm8k_test_000782,no_think,canonical,,answer_segment,6,10,False,49,49,True,14.551432609558105,,ok,False,ok,54,19
exp_c,exp_c__gsm8k_test_000782__no_think,gsm8k_test_000782,no_think,canonical,,answer_segment,13,10,False,49,49,True,12.717491149902344,,ok,False,ok,54,19
exp_c,exp_c__gsm8k_test_000782__no_think,gsm8k_test_000782,no_think,canonical,,answer_segment,20,10,False,49,49,True,11.837817192077637,,ok,False,ok,54,19
exp_c,exp_c__gsm8k_test_000795__think,gsm8k_test_000795,think,canonical,,full_output,6,10,False,184,184,True,15.687814712524414,,ok,True,ok,20,20
exp_c,exp_c__gsm8k_test_000795__think,gsm8k_test_000795,think,canonical,,full_output,13,10,False,184,184,True,10.754537582397461,,ok,True,ok,20,20
exp_c,exp_c__gsm8k_test_000795__think,gsm8k_test_000795,think,canonical,,full_output,20,10,False,184,184,True,11.0071439743042,,ok,True,ok,20,20
exp_c,exp_c__gsm8k_test_000795__think,gsm8k_test_000795,think,canonical,,thinking_segment,6,10,False,132,132,True,17.014705657958984,,ok_qwen_token_boundary,True,ok,20,20
exp_c,exp_c__gsm8k_test_000795__think,gsm8k_test_000795,think,canonical,,thinking_segment,13,10,False,132,132,True,11.119129180908203,,ok_qwen_token_boundary,True,ok,20,20
exp_c,exp_c__gsm8k_test_000795__think,gsm8k_test_000795,think,canonical,,thinking_segment,20,10,False,132,132,True,11.683268547058105,,ok_qwen_token_boundary,True,ok,20,20
exp_c,exp_c__gsm8k_test_000795__think,gsm8k_test_000795,think,canonical,,answer_segment,6,10,False,52,52,True,13.111886024475098,,ok_qwen_token_boundary,True,ok,20,20
exp_c,exp_c__gsm8k_test_000795__think,gsm8k_test_000795,think,canonical,,answer_segment,13,10,False,52,52,True,11.790071487426758,,ok_qwen_token_boundary,True,ok,20,20
exp_c,exp_c__gsm8k_test_000795__think,gsm8k_test_000795,think,canonical,,answer_segment,20,10,False,52,52,True,10.996359825134277,,ok_qwen_token_boundary,True,ok,20,20
exp_c,exp_c__gsm8k_test_000795__no_think,gsm8k_test_000795,no_think,canonical,,full_output,6,10,False,60,60,True,15.152629852294922,,ok,False,ok,20,10
exp_c,exp_c__gsm8k_test_000795__no_think,gsm8k_test_000795,no_think,canonical,,full_output,13,10,False,60,60,True,13.448531150817871,,ok,False,ok,20,10
exp_c,exp_c__gsm8k_test_000795__no_think,gsm8k_test_000795,no_think,canonical,,full_output,20,10,False,60,60,True,11.914093971252441,,ok,False,ok,20,10
exp_c,exp_c__gsm8k_test_000795__no_think,gsm8k_test_000795,no_think,canonical,,answer_segment,6,10,False,60,60,True,15.152629852294922,,ok,False,ok,20,10
exp_c,exp_c__gsm8k_test_000795__no_think,gsm8k_test_000795,no_think,canonical,,answer_segment,13,10,False,60,60,True,13.448531150817871,,ok,False,ok,20,10
exp_c,exp_c__gsm8k_test_000795__no_think,gsm8k_test_000795,no_think,canonical,,answer_segment,20,10,False,60,60,True,11.914093971252441,,ok,False,ok,20,10
exp_c,exp_c__gsm8k_test_000814__think,gsm8k_test_000814,think,canonical,,full_output,6,10,False,611,611,True,10.634980201721191,,ok,False,ok,11,3
exp_c,exp_c__gsm8k_test_000814__think,gsm8k_test_000814,think,canonical,,full_output,13,10,False,611,611,True,9.589323997497559,,ok,False,ok,11,3
exp_c,exp_c__gsm8k_test_000814__think,gsm8k_test_000814,think,canonical,,full_output,20,10,False,611,611,True,9.761185646057129,,ok,False,ok,11,3
exp_c,exp_c__gsm8k_test_000814__think,gsm8k_test_000814,think,canonical,,thinking_segment,6,10,False,514,514,True,10.948200225830078,,ok_qwen_token_boundary,False,ok,11,3
exp_c,exp_c__gsm8k_test_000814__think,gsm8k_test_000814,think,canonical,,thinking_segment,13,10,False,514,514,True,8.879175186157227,,ok_qwen_token_boundary,False,ok,11,3
exp_c,exp_c__gsm8k_test_000814__think,gsm8k_test_000814,think,canonical,,thinking_segment,20,10,False,514,514,True,9.483341217041016,,ok_qwen_token_boundary,False,ok,11,3
exp_c,exp_c__gsm8k_test_000814__think,gsm8k_test_000814,think,canonical,,answer_segment,6,10,False,97,97,True,16.823287963867188,,ok_qwen_token_boundary,False,ok,11,3
exp_c,exp_c__gsm8k_test_000814__think,gsm8k_test_000814,think,canonical,,answer_segment,13,10,False,97,97,True,11.991225242614746,,ok_qwen_token_boundary,False,ok,11,3
exp_c,exp_c__gsm8k_test_000814__think,gsm8k_test_000814,think,canonical,,answer_segment,20,10,False,97,97,True,11.126049995422363,,ok_qwen_token_boundary,False,ok,11,3
exp_c,exp_c__gsm8k_test_000814__no_think,gsm8k_test_000814,no_think,canonical,,full_output,6,10,False,61,61,True,14.690942764282227,,ok,False,ok,11,120
exp_c,exp_c__gsm8k_test_000814__no_think,gsm8k_test_000814,no_think,canonical,,full_output,13,10,False,61,61,True,12.443340301513672,,ok,False,ok,11,120
exp_c,exp_c__gsm8k_test_000814__no_think,gsm8k_test_000814,no_think,canonical,,full_output,20,10,False,61,61,True,12.376141548156738,,ok,False,ok,11,120
exp_c,exp_c__gsm8k_test_000814__no_think,gsm8k_test_000814,no_think,canonical,,answer_segment,6,10,False,61,61,True,14.690942764282227,,ok,False,ok,11,120
exp_c,exp_c__gsm8k_test_000814__no_think,gsm8k_test_000814,no_think,canonical,,answer_segment,13,10,False,61,61,True,12.443340301513672,,ok,False,ok,11,120
exp_c,exp_c__gsm8k_test_000814__no_think,gsm8k_test_000814,no_think,canonical,,answer_segment,20,10,False,61,61,True,12.376141548156738,,ok,False,ok,11,120
exp_c,exp_c__gsm8k_test_000828__think,gsm8k_test_000828,think,canonical,,full_output,6,10,False,188,188,True,17.633495330810547,,ok,True,ok,60,60
exp_c,exp_c__gsm8k_test_000828__think,gsm8k_test_000828,think,canonical,,full_output,13,10,False,188,188,True,12.22118091583252,,ok,True,ok,60,60
exp_c,exp_c__gsm8k_test_000828__think,gsm8k_test_000828,think,canonical,,full_output,20,10,False,188,188,True,12.3017578125,,ok,True,ok,60,60
exp_c,exp_c__gsm8k_test_000828__think,gsm8k_test_000828,think,canonical,,thinking_segment,6,10,False,139,139,True,19.021228790283203,,ok_qwen_token_boundary,True,ok,60,60
exp_c,exp_c__gsm8k_test_000828__think,gsm8k_test_000828,think,canonical,,thinking_segment,13,10,False,139,139,True,12.148972511291504,,ok_qwen_token_boundary,True,ok,60,60
exp_c,exp_c__gsm8k_test_000828__think,gsm8k_test_000828,think,canonical,,thinking_segment,20,10,False,139,139,True,12.466999053955078,,ok_qwen_token_boundary,True,ok,60,60
exp_c,exp_c__gsm8k_test_000828__think,gsm8k_test_000828,think,canonical,,answer_segment,6,10,False,49,49,True,14.224455833435059,,ok_qwen_token_boundary,True,ok,60,60
exp_c,exp_c__gsm8k_test_000828__think,gsm8k_test_000828,think,canonical,,answer_segment,13,10,False,49,49,True,12.919852256774902,,ok_qwen_token_boundary,True,ok,60,60
exp_c,exp_c__gsm8k_test_000828__think,gsm8k_test_000828,think,canonical,,answer_segment,20,10,False,49,49,True,11.4982328414917,,ok_qwen_token_boundary,True,ok,60,60
exp_c,exp_c__gsm8k_test_000828__no_think,gsm8k_test_000828,no_think,canonical,,full_output,6,10,False,46,46,True,12.252152442932129,,ok,False,ok,60,20
exp_c,exp_c__gsm8k_test_000828__no_think,gsm8k_test_000828,no_think,canonical,,full_output,13,10,False,46,46,True,12.44198989868164,,ok,False,ok,60,20
exp_c,exp_c__gsm8k_test_000828__no_think,gsm8k_test_000828,no_think,canonical,,full_output,20,10,False,46,46,True,10.887372016906738,,ok,False,ok,60,20
exp_c,exp_c__gsm8k_test_000828__no_think,gsm8k_test_000828,no_think,canonical,,answer_segment,6,10,False,46,46,True,12.252152442932129,,ok,False,ok,60,20
exp_c,exp_c__gsm8k_test_000828__no_think,gsm8k_test_000828,no_think,canonical,,answer_segment,13,10,False,46,46,True,12.44198989868164,,ok,False,ok,60,20
exp_c,exp_c__gsm8k_test_000828__no_think,gsm8k_test_000828,no_think,canonical,,answer_segment,20,10,False,46,46,True,10.887372016906738,,ok,False,ok,60,20
exp_c,exp_c__gsm8k_test_000829__think,gsm8k_test_000829,think,canonical,,full_output,6,10,False,331,331,True,15.912856101989746,,ok,True,ok,14000,14000
exp_c,exp_c__gsm8k_test_000829__think,gsm8k_test_000829,think,canonical,,full_output,13,10,False,331,331,True,12.704530715942383,,ok,True,ok,14000,14000
exp_c,exp_c__gsm8k_test_000829__think,gsm8k_test_000829,think,canonical,,full_output,20,10,False,331,331,True,21.106969833374023,,ok,True,ok,14000,14000
exp_c,exp_c__gsm8k_test_000829__think,gsm8k_test_000829,think,canonical,,thinking_segment,6,10,False,264,264,True,17.065635681152344,,ok_qwen_token_boundary,True,ok,14000,14000
exp_c,exp_c__gsm8k_test_000829__think,gsm8k_test_000829,think,canonical,,thinking_segment,13,10,False,264,264,True,13.019686698913574,,ok_qwen_token_boundary,True,ok,14000,14000
exp_c,exp_c__gsm8k_test_000829__think,gsm8k_test_000829,think,canonical,,thinking_segment,20,10,False,264,264,True,28.875154495239258,,ok_qwen_token_boundary,True,ok,14000,14000
exp_c,exp_c__gsm8k_test_000829__think,gsm8k_test_000829,think,canonical,,answer_segment,6,10,False,67,67,True,15.090597152709961,,ok_qwen_token_boundary,True,ok,14000,14000
exp_c,exp_c__gsm8k_test_000829__think,gsm8k_test_000829,think,canonical,,answer_segment,13,10,False,67,67,True,11.958809852600098,,ok_qwen_token_boundary,True,ok,14000,14000
exp_c,exp_c__gsm8k_test_000829__think,gsm8k_test_000829,think,canonical,,answer_segment,20,10,False,67,67,True,11.016016960144043,,ok_qwen_token_boundary,True,ok,14000,14000
exp_c,exp_c__gsm8k_test_000829__no_think,gsm8k_test_000829,no_think,canonical,,full_output,6,10,False,67,67,True,12.973341941833496,,ok,False,ok,14000,4000
exp_c,exp_c__gsm8k_test_000829__no_think,gsm8k_test_000829,no_think,canonical,,full_output,13,10,False,67,67,True,10.945099830627441,,ok,False,ok,14000,4000
exp_c,exp_c__gsm8k_test_000829__no_think,gsm8k_test_000829,no_think,canonical,,full_output,20,10,False,67,67,True,11.160868644714355,,ok,False,ok,14000,4000
exp_c,exp_c__gsm8k_test_000829__no_think,gsm8k_test_000829,no_think,canonical,,answer_segment,6,10,False,67,67,True,12.973341941833496,,ok,False,ok,14000,4000
exp_c,exp_c__gsm8k_test_000829__no_think,gsm8k_test_000829,no_think,canonical,,answer_segment,13,10,False,67,67,True,10.945099830627441,,ok,False,ok,14000,4000
exp_c,exp_c__gsm8k_test_000829__no_think,gsm8k_test_000829,no_think,canonical,,answer_segment,20,10,False,67,67,True,11.160868644714355,,ok,False,ok,14000,4000
exp_c,exp_c__gsm8k_test_000830__think,gsm8k_test_000830,think,canonical,,full_output,6,10,False,575,575,True,8.937384605407715,,ok,False,ok,1128,4320
exp_c,exp_c__gsm8k_test_000830__think,gsm8k_test_000830,think,canonical,,full_output,13,10,False,575,575,True,8.450910568237305,,ok,False,ok,1128,4320
exp_c,exp_c__gsm8k_test_000830__think,gsm8k_test_000830,think,canonical,,full_output,20,10,False,575,575,True,22.62594985961914,,ok,False,ok,1128,4320
exp_c,exp_c__gsm8k_test_000830__think,gsm8k_test_000830,think,canonical,,thinking_segment,6,10,False,514,514,True,8.728788375854492,,ok_qwen_token_boundary,False,ok,1128,4320
exp_c,exp_c__gsm8k_test_000830__think,gsm8k_test_000830,think,canonical,,thinking_segment,13,10,False,514,514,True,8.195331573486328,,ok_qwen_token_boundary,False,ok,1128,4320
exp_c,exp_c__gsm8k_test_000830__think,gsm8k_test_000830,think,canonical,,thinking_segment,20,10,False,514,514,True,17.474166870117188,,ok_qwen_token_boundary,False,ok,1128,4320
exp_c,exp_c__gsm8k_test_000830__think,gsm8k_test_000830,think,canonical,,answer_segment,6,10,False,61,61,True,13.2923002243042,,ok_qwen_token_boundary,False,ok,1128,4320
exp_c,exp_c__gsm8k_test_000830__think,gsm8k_test_000830,think,canonical,,answer_segment,13,10,False,61,61,True,11.846096992492676,,ok_qwen_token_boundary,False,ok,1128,4320
exp_c,exp_c__gsm8k_test_000830__think,gsm8k_test_000830,think,canonical,,answer_segment,20,10,False,61,61,True,10.997586250305176,,ok_qwen_token_boundary,False,ok,1128,4320
exp_c,exp_c__gsm8k_test_000830__no_think,gsm8k_test_000830,no_think,canonical,,full_output,6,10,False,54,54,True,15.418827056884766,,ok,False,ok,1128,3840
exp_c,exp_c__gsm8k_test_000830__no_think,gsm8k_test_000830,no_think,canonical,,full_output,13,10,False,54,54,True,12.157423973083496,,ok,False,ok,1128,3840
exp_c,exp_c__gsm8k_test_000830__no_think,gsm8k_test_000830,no_think,canonical,,full_output,20,10,False,54,54,True,11.374039649963379,,ok,False,ok,1128,3840
exp_c,exp_c__gsm8k_test_000830__no_think,gsm8k_test_000830,no_think,canonical,,answer_segment,6,10,False,54,54,True,15.418827056884766,,ok,False,ok,1128,3840
exp_c,exp_c__gsm8k_test_000830__no_think,gsm8k_test_000830,no_think,canonical,,answer_segment,13,10,False,54,54,True,12.157423973083496,,ok,False,ok,1128,3840
exp_c,exp_c__gsm8k_test_000830__no_think,gsm8k_test_000830,no_think,canonical,,answer_segment,20,10,False,54,54,True,11.374039649963379,,ok,False,ok,1128,3840
exp_c,exp_c__gsm8k_test_000848__think,gsm8k_test_000848,think,canonical,,full_output,6,10,False,318,318,True,12.540233612060547,,ok,True,ok,10,10
exp_c,exp_c__gsm8k_test_000848__think,gsm8k_test_000848,think,canonical,,full_output,13,10,False,318,318,True,10.35181999206543,,ok,True,ok,10,10
exp_c,exp_c__gsm8k_test_000848__think,gsm8k_test_000848,think,canonical,,full_output,20,10,False,318,318,True,10.781896591186523,,ok,True,ok,10,10
exp_c,exp_c__gsm8k_test_000848__think,gsm8k_test_000848,think,canonical,,thinking_segment,6,10,False,267,267,True,12.52988052368164,,ok_qwen_token_boundary,True,ok,10,10
exp_c,exp_c__gsm8k_test_000848__think,gsm8k_test_000848,think,canonical,,thinking_segment,13,10,False,267,267,True,9.979978561401367,,ok_qwen_token_boundary,True,ok,10,10
exp_c,exp_c__gsm8k_test_000848__think,gsm8k_test_000848,think,canonical,,thinking_segment,20,10,False,267,267,True,10.761250495910645,,ok_qwen_token_boundary,True,ok,10,10
exp_c,exp_c__gsm8k_test_000848__think,gsm8k_test_000848,think,canonical,,answer_segment,6,10,False,51,51,True,11.30003833770752,,ok_qwen_token_boundary,True,ok,10,10
exp_c,exp_c__gsm8k_test_000848__think,gsm8k_test_000848,think,canonical,,answer_segment,13,10,False,51,51,True,10.579567909240723,,ok_qwen_token_boundary,True,ok,10,10
exp_c,exp_c__gsm8k_test_000848__think,gsm8k_test_000848,think,canonical,,answer_segment,20,10,False,51,51,True,10.215702056884766,,ok_qwen_token_boundary,True,ok,10,10
exp_c,exp_c__gsm8k_test_000848__no_think,gsm8k_test_000848,no_think,canonical,,full_output,6,10,False,49,49,True,10.924657821655273,,ok,True,ok,10,10
exp_c,exp_c__gsm8k_test_000848__no_think,gsm8k_test_000848,no_think,canonical,,full_output,13,10,False,49,49,True,10.446192741394043,,ok,True,ok,10,10
exp_c,exp_c__gsm8k_test_000848__no_think,gsm8k_test_000848,no_think,canonical,,full_output,20,10,False,49,49,True,10.620894432067871,,ok,True,ok,10,10
exp_c,exp_c__gsm8k_test_000848__no_think,gsm8k_test_000848,no_think,canonical,,answer_segment,6,10,False,49,49,True,10.924657821655273,,ok,True,ok,10,10
exp_c,exp_c__gsm8k_test_000848__no_think,gsm8k_test_000848,no_think,canonical,,answer_segment,13,10,False,49,49,True,10.446192741394043,,ok,True,ok,10,10
exp_c,exp_c__gsm8k_test_000848__no_think,gsm8k_test_000848,no_think,canonical,,answer_segment,20,10,False,49,49,True,10.620894432067871,,ok,True,ok,10,10
exp_c,exp_c__gsm8k_test_000852__think,gsm8k_test_000852,think,canonical,,full_output,6,10,False,565,565,True,10.643671989440918,,ok,False,ok,123,111
exp_c,exp_c__gsm8k_test_000852__think,gsm8k_test_000852,think,canonical,,full_output,13,10,False,565,565,True,9.287981986999512,,ok,False,ok,123,111
exp_c,exp_c__gsm8k_test_000852__think,gsm8k_test_000852,think,canonical,,full_output,20,10,False,565,565,True,9.268001556396484,,ok,False,ok,123,111
exp_c,exp_c__gsm8k_test_000852__think,gsm8k_test_000852,think,canonical,,thinking_segment,6,10,False,514,514,True,10.852458000183105,,ok_qwen_token_boundary,False,ok,123,111
exp_c,exp_c__gsm8k_test_000852__think,gsm8k_test_000852,think,canonical,,thinking_segment,13,10,False,514,514,True,9.336136817932129,,ok_qwen_token_boundary,False,ok,123,111
exp_c,exp_c__gsm8k_test_000852__think,gsm8k_test_000852,think,canonical,,thinking_segment,20,10,False,514,514,True,9.192987442016602,,ok_qwen_token_boundary,False,ok,123,111
exp_c,exp_c__gsm8k_test_000852__think,gsm8k_test_000852,think,canonical,,answer_segment,6,10,False,51,51,True,13.230356216430664,,ok_qwen_token_boundary,False,ok,123,111
exp_c,exp_c__gsm8k_test_000852__think,gsm8k_test_000852,think,canonical,,answer_segment,13,10,False,51,51,True,11.728233337402344,,ok_qwen_token_boundary,False,ok,123,111
exp_c,exp_c__gsm8k_test_000852__think,gsm8k_test_000852,think,canonical,,answer_segment,20,10,False,51,51,True,11.567935943603516,,ok_qwen_token_boundary,False,ok,123,111
exp_c,exp_c__gsm8k_test_000852__no_think,gsm8k_test_000852,no_think,canonical,,full_output,6,10,False,55,55,True,13.270489692687988,,ok,False,ok,123,99
exp_c,exp_c__gsm8k_test_000852__no_think,gsm8k_test_000852,no_think,canonical,,full_output,13,10,False,55,55,True,12.485916137695312,,ok,False,ok,123,99
exp_c,exp_c__gsm8k_test_000852__no_think,gsm8k_test_000852,no_think,canonical,,full_output,20,10,False,55,55,True,12.675029754638672,,ok,False,ok,123,99
exp_c,exp_c__gsm8k_test_000852__no_think,gsm8k_test_000852,no_think,canonical,,answer_segment,6,10,False,55,55,True,13.270489692687988,,ok,False,ok,123,99
exp_c,exp_c__gsm8k_test_000852__no_think,gsm8k_test_000852,no_think,canonical,,answer_segment,13,10,False,55,55,True,12.485916137695312,,ok,False,ok,123,99
exp_c,exp_c__gsm8k_test_000852__no_think,gsm8k_test_000852,no_think,canonical,,answer_segment,20,10,False,55,55,True,12.675029754638672,,ok,False,ok,123,99
exp_c,exp_c__gsm8k_test_000871__think,gsm8k_test_000871,think,canonical,,full_output,6,10,False,327,327,True,13.896062850952148,,ok,True,ok,48,48
exp_c,exp_c__gsm8k_test_000871__think,gsm8k_test_000871,think,canonical,,full_output,13,10,False,327,327,True,10.569043159484863,,ok,True,ok,48,48
exp_c,exp_c__gsm8k_test_000871__think,gsm8k_test_000871,think,canonical,,full_output,20,10,False,327,327,True,10.423442840576172,,ok,True,ok,48,48
exp_c,exp_c__gsm8k_test_000871__think,gsm8k_test_000871,think,canonical,,thinking_segment,6,10,False,266,266,True,11.856246948242188,,ok_qwen_token_boundary,True,ok,48,48
exp_c,exp_c__gsm8k_test_000871__think,gsm8k_test_000871,think,canonical,,thinking_segment,13,10,False,266,266,True,10.231919288635254,,ok_qwen_token_boundary,True,ok,48,48
exp_c,exp_c__gsm8k_test_000871__think,gsm8k_test_000871,think,canonical,,thinking_segment,20,10,False,266,266,True,10.282085418701172,,ok_qwen_token_boundary,True,ok,48,48
exp_c,exp_c__gsm8k_test_000871__think,gsm8k_test_000871,think,canonical,,answer_segment,6,10,False,61,61,True,12.30976676940918,,ok_qwen_token_boundary,True,ok,48,48
exp_c,exp_c__gsm8k_test_000871__think,gsm8k_test_000871,think,canonical,,answer_segment,13,10,False,61,61,True,12.306225776672363,,ok_qwen_token_boundary,True,ok,48,48
exp_c,exp_c__gsm8k_test_000871__think,gsm8k_test_000871,think,canonical,,answer_segment,20,10,False,61,61,True,10.97237777709961,,ok_qwen_token_boundary,True,ok,48,48
exp_c,exp_c__gsm8k_test_000871__no_think,gsm8k_test_000871,no_think,canonical,,full_output,6,10,False,60,60,True,10.453964233398438,,ok,False,ok,48,58
exp_c,exp_c__gsm8k_test_000871__no_think,gsm8k_test_000871,no_think,canonical,,full_output,13,10,False,60,60,True,10.638718605041504,,ok,False,ok,48,58
exp_c,exp_c__gsm8k_test_000871__no_think,gsm8k_test_000871,no_think,canonical,,full_output,20,10,False,60,60,True,10.811056137084961,,ok,False,ok,48,58
exp_c,exp_c__gsm8k_test_000871__no_think,gsm8k_test_000871,no_think,canonical,,answer_segment,6,10,False,60,60,True,10.453964233398438,,ok,False,ok,48,58
exp_c,exp_c__gsm8k_test_000871__no_think,gsm8k_test_000871,no_think,canonical,,answer_segment,13,10,False,60,60,True,10.638718605041504,,ok,False,ok,48,58
exp_c,exp_c__gsm8k_test_000871__no_think,gsm8k_test_000871,no_think,canonical,,answer_segment,20,10,False,60,60,True,10.811056137084961,,ok,False,ok,48,58
exp_c,exp_c__gsm8k_test_000875__think,gsm8k_test_000875,think,canonical,,full_output,6,10,False,261,261,True,19.650238037109375,,ok,True,ok,60,60
exp_c,exp_c__gsm8k_test_000875__think,gsm8k_test_000875,think,canonical,,full_output,13,10,False,261,261,True,12.402812957763672,,ok,True,ok,60,60
exp_c,exp_c__gsm8k_test_000875__think,gsm8k_test_000875,think,canonical,,full_output,20,10,False,261,261,True,23.282470703125,,ok,True,ok,60,60
exp_c,exp_c__gsm8k_test_000875__think,gsm8k_test_000875,think,canonical,,thinking_segment,6,10,False,209,209,True,19.756420135498047,,ok_qwen_token_boundary,True,ok,60,60
exp_c,exp_c__gsm8k_test_000875__think,gsm8k_test_000875,think,canonical,,thinking_segment,13,10,False,209,209,True,12.25749683380127,,ok_qwen_token_boundary,True,ok,60,60
exp_c,exp_c__gsm8k_test_000875__think,gsm8k_test_000875,think,canonical,,thinking_segment,20,10,False,209,209,True,28.883283615112305,,ok_qwen_token_boundary,True,ok,60,60
exp_c,exp_c__gsm8k_test_000875__think,gsm8k_test_000875,think,canonical,,answer_segment,6,10,False,52,52,True,13.491531372070312,,ok_qwen_token_boundary,True,ok,60,60
exp_c,exp_c__gsm8k_test_000875__think,gsm8k_test_000875,think,canonical,,answer_segment,13,10,False,52,52,True,12.834071159362793,,ok_qwen_token_boundary,True,ok,60,60
exp_c,exp_c__gsm8k_test_000875__think,gsm8k_test_000875,think,canonical,,answer_segment,20,10,False,52,52,True,12.03242015838623,,ok_qwen_token_boundary,True,ok,60,60
exp_c,exp_c__gsm8k_test_000875__no_think,gsm8k_test_000875,no_think,canonical,,full_output,6,10,False,58,58,True,14.718676567077637,,ok,False,ok,60,51
exp_c,exp_c__gsm8k_test_000875__no_think,gsm8k_test_000875,no_think,canonical,,full_output,13,10,False,58,58,True,13.52149486541748,,ok,False,ok,60,51
exp_c,exp_c__gsm8k_test_000875__no_think,gsm8k_test_000875,no_think,canonical,,full_output,20,10,False,58,58,True,12.362174987792969,,ok,False,ok,60,51
exp_c,exp_c__gsm8k_test_000875__no_think,gsm8k_test_000875,no_think,canonical,,answer_segment,6,10,False,58,58,True,14.718676567077637,,ok,False,ok,60,51
exp_c,exp_c__gsm8k_test_000875__no_think,gsm8k_test_000875,no_think,canonical,,answer_segment,13,10,False,58,58,True,13.52149486541748,,ok,False,ok,60,51
exp_c,exp_c__gsm8k_test_000875__no_think,gsm8k_test_000875,no_think,canonical,,answer_segment,20,10,False,58,58,True,12.362174987792969,,ok,False,ok,60,51
exp_c,exp_c__gsm8k_test_000891__think,gsm8k_test_000891,think,canonical,,full_output,6,10,False,588,588,True,12.22479248046875,,ok,False,ok,55,50.416666
exp_c,exp_c__gsm8k_test_000891__think,gsm8k_test_000891,think,canonical,,full_output,13,10,False,588,588,True,9.608009338378906,,ok,False,ok,55,50.416666
exp_c,exp_c__gsm8k_test_000891__think,gsm8k_test_000891,think,canonical,,full_output,20,10,False,588,588,True,21.50514793395996,,ok,False,ok,55,50.416666
exp_c,exp_c__gsm8k_test_000891__think,gsm8k_test_000891,think,canonical,,thinking_segment,6,10,False,514,514,True,13.097600936889648,,ok_qwen_token_boundary,False,ok,55,50.416666
exp_c,exp_c__gsm8k_test_000891__think,gsm8k_test_000891,think,canonical,,thinking_segment,13,10,False,514,514,True,10.01314926147461,,ok_qwen_token_boundary,False,ok,55,50.416666
exp_c,exp_c__gsm8k_test_000891__think,gsm8k_test_000891,think,canonical,,thinking_segment,20,10,False,514,514,True,10.390090942382812,,ok_qwen_token_boundary,False,ok,55,50.416666
exp_c,exp_c__gsm8k_test_000891__think,gsm8k_test_000891,think,canonical,,answer_segment,6,10,False,74,74,True,14.976481437683105,,ok_qwen_token_boundary,False,ok,55,50.416666
exp_c,exp_c__gsm8k_test_000891__think,gsm8k_test_000891,think,canonical,,answer_segment,13,10,False,74,74,True,11.81473445892334,,ok_qwen_token_boundary,False,ok,55,50.416666
exp_c,exp_c__gsm8k_test_000891__think,gsm8k_test_000891,think,canonical,,answer_segment,20,10,False,74,74,True,40.187477111816406,,ok_qwen_token_boundary,False,ok,55,50.416666
exp_c,exp_c__gsm8k_test_000891__no_think,gsm8k_test_000891,no_think,canonical,,full_output,6,10,False,67,67,True,11.700629234313965,,ok,True,ok,55,55
exp_c,exp_c__gsm8k_test_000891__no_think,gsm8k_test_000891,no_think,canonical,,full_output,13,10,False,67,67,True,10.211919784545898,,ok,True,ok,55,55
exp_c,exp_c__gsm8k_test_000891__no_think,gsm8k_test_000891,no_think,canonical,,full_output,20,10,False,67,67,True,10.665840148925781,,ok,True,ok,55,55
exp_c,exp_c__gsm8k_test_000891__no_think,gsm8k_test_000891,no_think,canonical,,answer_segment,6,10,False,67,67,True,11.700629234313965,,ok,True,ok,55,55
exp_c,exp_c__gsm8k_test_000891__no_think,gsm8k_test_000891,no_think,canonical,,answer_segment,13,10,False,67,67,True,10.211919784545898,,ok,True,ok,55,55
exp_c,exp_c__gsm8k_test_000891__no_think,gsm8k_test_000891,no_think,canonical,,answer_segment,20,10,False,67,67,True,10.665840148925781,,ok,True,ok,55,55
exp_c,exp_c__gsm8k_test_000896__think,gsm8k_test_000896,think,canonical,,full_output,6,10,False,280,280,True,13.669527053833008,,ok,True,ok,250,250
exp_c,exp_c__gsm8k_test_000896__think,gsm8k_test_000896,think,canonical,,full_output,13,10,False,280,280,True,10.312727928161621,,ok,True,ok,250,250
exp_c,exp_c__gsm8k_test_000896__think,gsm8k_test_000896,think,canonical,,full_output,20,10,False,280,280,True,11.243653297424316,,ok,True,ok,250,250
exp_c,exp_c__gsm8k_test_000896__think,gsm8k_test_000896,think,canonical,,thinking_segment,6,10,False,238,238,True,14.004207611083984,,ok_qwen_token_boundary,True,ok,250,250
exp_c,exp_c__gsm8k_test_000896__think,gsm8k_test_000896,think,canonical,,thinking_segment,13,10,False,238,238,True,10.375880241394043,,ok_qwen_token_boundary,True,ok,250,250
exp_c,exp_c__gsm8k_test_000896__think,gsm8k_test_000896,think,canonical,,thinking_segment,20,10,False,238,238,True,11.242408752441406,,ok_qwen_token_boundary,True,ok,250,250
exp_c,exp_c__gsm8k_test_000896__think,gsm8k_test_000896,think,canonical,,answer_segment,6,10,False,42,42,True,11.245438575744629,,ok_qwen_token_boundary,True,ok,250,250
exp_c,exp_c__gsm8k_test_000896__think,gsm8k_test_000896,think,canonical,,answer_segment,13,10,False,42,42,True,12.90111255645752,,ok_qwen_token_boundary,True,ok,250,250
exp_c,exp_c__gsm8k_test_000896__think,gsm8k_test_000896,think,canonical,,answer_segment,20,10,False,42,42,True,12.025664329528809,,ok_qwen_token_boundary,True,ok,250,250
exp_c,exp_c__gsm8k_test_000896__no_think,gsm8k_test_000896,no_think,canonical,,full_output,6,10,False,38,38,True,10.021443367004395,,ok,True,ok,250,250
exp_c,exp_c__gsm8k_test_000896__no_think,gsm8k_test_000896,no_think,canonical,,full_output,13,10,False,38,38,True,10.834684371948242,,ok,True,ok,250,250
exp_c,exp_c__gsm8k_test_000896__no_think,gsm8k_test_000896,no_think,canonical,,full_output,20,10,False,38,38,True,11.327001571655273,,ok,True,ok,250,250
exp_c,exp_c__gsm8k_test_000896__no_think,gsm8k_test_000896,no_think,canonical,,answer_segment,6,10,False,38,38,True,10.021443367004395,,ok,True,ok,250,250
exp_c,exp_c__gsm8k_test_000896__no_think,gsm8k_test_000896,no_think,canonical,,answer_segment,13,10,False,38,38,True,10.834684371948242,,ok,True,ok,250,250
exp_c,exp_c__gsm8k_test_000896__no_think,gsm8k_test_000896,no_think,canonical,,answer_segment,20,10,False,38,38,True,11.327001571655273,,ok,True,ok,250,250
exp_c,exp_c__gsm8k_test_000900__think,gsm8k_test_000900,think,canonical,,full_output,6,10,False,286,286,True,14.371402740478516,,ok,True,ok,15,15
exp_c,exp_c__gsm8k_test_000900__think,gsm8k_test_000900,think,canonical,,full_output,13,10,False,286,286,True,10.992513656616211,,ok,True,ok,15,15
exp_c,exp_c__gsm8k_test_000900__think,gsm8k_test_000900,think,canonical,,full_output,20,10,False,286,286,True,12.032382011413574,,ok,True,ok,15,15
exp_c,exp_c__gsm8k_test_000900__think,gsm8k_test_000900,think,canonical,,thinking_segment,6,10,False,244,244,True,13.695537567138672,,ok_qwen_token_boundary,True,ok,15,15
exp_c,exp_c__gsm8k_test_000900__think,gsm8k_test_000900,think,canonical,,thinking_segment,13,10,False,244,244,True,11.104650497436523,,ok_qwen_token_boundary,True,ok,15,15
exp_c,exp_c__gsm8k_test_000900__think,gsm8k_test_000900,think,canonical,,thinking_segment,20,10,False,244,244,True,12.15280818939209,,ok_qwen_token_boundary,True,ok,15,15
exp_c,exp_c__gsm8k_test_000900__think,gsm8k_test_000900,think,canonical,,answer_segment,6,10,False,42,42,True,10.167665481567383,,ok_qwen_token_boundary,True,ok,15,15
exp_c,exp_c__gsm8k_test_000900__think,gsm8k_test_000900,think,canonical,,answer_segment,13,10,False,42,42,True,11.890847206115723,,ok_qwen_token_boundary,True,ok,15,15
exp_c,exp_c__gsm8k_test_000900__think,gsm8k_test_000900,think,canonical,,answer_segment,20,10,False,42,42,True,11.20619010925293,,ok_qwen_token_boundary,True,ok,15,15
exp_c,exp_c__gsm8k_test_000900__no_think,gsm8k_test_000900,no_think,canonical,,full_output,6,10,False,47,47,True,14.17335033416748,,ok,True,ok,15,15
exp_c,exp_c__gsm8k_test_000900__no_think,gsm8k_test_000900,no_think,canonical,,full_output,13,10,False,47,47,True,11.434142112731934,,ok,True,ok,15,15
exp_c,exp_c__gsm8k_test_000900__no_think,gsm8k_test_000900,no_think,canonical,,full_output,20,10,False,47,47,True,11.172800064086914,,ok,True,ok,15,15
exp_c,exp_c__gsm8k_test_000900__no_think,gsm8k_test_000900,no_think,canonical,,answer_segment,6,10,False,47,47,True,14.17335033416748,,ok,True,ok,15,15
exp_c,exp_c__gsm8k_test_000900__no_think,gsm8k_test_000900,no_think,canonical,,answer_segment,13,10,False,47,47,True,11.434142112731934,,ok,True,ok,15,15
exp_c,exp_c__gsm8k_test_000900__no_think,gsm8k_test_000900,no_think,canonical,,answer_segment,20,10,False,47,47,True,11.172800064086914,,ok,True,ok,15,15
exp_c,exp_c__gsm8k_test_000901__think,gsm8k_test_000901,think,canonical,,full_output,6,10,False,551,551,True,12.048909187316895,,ok,False,ok,1,3
exp_c,exp_c__gsm8k_test_000901__think,gsm8k_test_000901,think,canonical,,full_output,13,10,False,551,551,True,10.284128189086914,,ok,False,ok,1,3
exp_c,exp_c__gsm8k_test_000901__think,gsm8k_test_000901,think,canonical,,full_output,20,10,False,551,551,True,10.391908645629883,,ok,False,ok,1,3
exp_c,exp_c__gsm8k_test_000901__think,gsm8k_test_000901,think,canonical,,thinking_segment,6,10,False,514,514,True,10.751245498657227,,ok_qwen_token_boundary,False,ok,1,3
exp_c,exp_c__gsm8k_test_000901__think,gsm8k_test_000901,think,canonical,,thinking_segment,13,10,False,514,514,True,9.668022155761719,,ok_qwen_token_boundary,False,ok,1,3
exp_c,exp_c__gsm8k_test_000901__think,gsm8k_test_000901,think,canonical,,thinking_segment,20,10,False,514,514,True,10.032031059265137,,ok_qwen_token_boundary,False,ok,1,3
exp_c,exp_c__gsm8k_test_000901__think,gsm8k_test_000901,think,canonical,,answer_segment,6,10,False,37,37,True,11.867106437683105,,ok_qwen_token_boundary,False,ok,1,3
exp_c,exp_c__gsm8k_test_000901__think,gsm8k_test_000901,think,canonical,,answer_segment,13,10,False,37,37,True,11.821187019348145,,ok_qwen_token_boundary,False,ok,1,3
exp_c,exp_c__gsm8k_test_000901__think,gsm8k_test_000901,think,canonical,,answer_segment,20,10,False,37,37,True,12.687880516052246,,ok_qwen_token_boundary,False,ok,1,3
exp_c,exp_c__gsm8k_test_000901__no_think,gsm8k_test_000901,no_think,canonical,,full_output,6,10,False,53,53,True,12.339122772216797,,ok,False,ok,1,0.75
exp_c,exp_c__gsm8k_test_000901__no_think,gsm8k_test_000901,no_think,canonical,,full_output,13,10,False,53,53,True,11.654053688049316,,ok,False,ok,1,0.75
exp_c,exp_c__gsm8k_test_000901__no_think,gsm8k_test_000901,no_think,canonical,,full_output,20,10,False,53,53,True,13.068924903869629,,ok,False,ok,1,0.75
exp_c,exp_c__gsm8k_test_000901__no_think,gsm8k_test_000901,no_think,canonical,,answer_segment,6,10,False,53,53,True,12.339122772216797,,ok,False,ok,1,0.75
exp_c,exp_c__gsm8k_test_000901__no_think,gsm8k_test_000901,no_think,canonical,,answer_segment,13,10,False,53,53,True,11.654053688049316,,ok,False,ok,1,0.75
exp_c,exp_c__gsm8k_test_000901__no_think,gsm8k_test_000901,no_think,canonical,,answer_segment,20,10,False,53,53,True,13.068924903869629,,ok,False,ok,1,0.75
exp_c,exp_c__gsm8k_test_000911__think,gsm8k_test_000911,think,canonical,,full_output,6,10,False,209,209,True,19.921878814697266,,ok,True,ok,64,64
exp_c,exp_c__gsm8k_test_000911__think,gsm8k_test_000911,think,canonical,,full_output,13,10,False,209,209,True,11.91529369354248,,ok,True,ok,64,64
exp_c,exp_c__gsm8k_test_000911__think,gsm8k_test_000911,think,canonical,,full_output,20,10,False,209,209,True,11.884322166442871,,ok,True,ok,64,64
exp_c,exp_c__gsm8k_test_000911__think,gsm8k_test_000911,think,canonical,,thinking_segment,6,10,False,158,158,True,18.881248474121094,,ok_qwen_token_boundary,True,ok,64,64
exp_c,exp_c__gsm8k_test_000911__think,gsm8k_test_000911,think,canonical,,thinking_segment,13,10,False,158,158,True,12.272241592407227,,ok_qwen_token_boundary,True,ok,64,64
exp_c,exp_c__gsm8k_test_000911__think,gsm8k_test_000911,think,canonical,,thinking_segment,20,10,False,158,158,True,11.563048362731934,,ok_qwen_token_boundary,True,ok,64,64
exp_c,exp_c__gsm8k_test_000911__think,gsm8k_test_000911,think,canonical,,answer_segment,6,10,False,51,51,True,12.833602905273438,,ok_qwen_token_boundary,True,ok,64,64
exp_c,exp_c__gsm8k_test_000911__think,gsm8k_test_000911,think,canonical,,answer_segment,13,10,False,51,51,True,13.57229995727539,,ok_qwen_token_boundary,True,ok,64,64
exp_c,exp_c__gsm8k_test_000911__think,gsm8k_test_000911,think,canonical,,answer_segment,20,10,False,51,51,True,11.896676063537598,,ok_qwen_token_boundary,True,ok,64,64
exp_c,exp_c__gsm8k_test_000911__no_think,gsm8k_test_000911,no_think,canonical,,full_output,6,10,False,55,55,True,13.578047752380371,,ok,True,ok,64,64
exp_c,exp_c__gsm8k_test_000911__no_think,gsm8k_test_000911,no_think,canonical,,full_output,13,10,False,55,55,True,13.048896789550781,,ok,True,ok,64,64
exp_c,exp_c__gsm8k_test_000911__no_think,gsm8k_test_000911,no_think,canonical,,full_output,20,10,False,55,55,True,12.31700325012207,,ok,True,ok,64,64
exp_c,exp_c__gsm8k_test_000911__no_think,gsm8k_test_000911,no_think,canonical,,answer_segment,6,10,False,55,55,True,13.578047752380371,,ok,True,ok,64,64
exp_c,exp_c__gsm8k_test_000911__no_think,gsm8k_test_000911,no_think,canonical,,answer_segment,13,10,False,55,55,True,13.048896789550781,,ok,True,ok,64,64
exp_c,exp_c__gsm8k_test_000911__no_think,gsm8k_test_000911,no_think,canonical,,answer_segment,20,10,False,55,55,True,12.31700325012207,,ok,True,ok,64,64
exp_c,exp_c__gsm8k_test_000913__think,gsm8k_test_000913,think,canonical,,full_output,6,10,False,326,326,True,11.593510627746582,,ok,True,ok,6,6
exp_c,exp_c__gsm8k_test_000913__think,gsm8k_test_000913,think,canonical,,full_output,13,10,False,326,326,True,9.309795379638672,,ok,True,ok,6,6
exp_c,exp_c__gsm8k_test_000913__think,gsm8k_test_000913,think,canonical,,full_output,20,10,False,326,326,True,10.31368637084961,,ok,True,ok,6,6
exp_c,exp_c__gsm8k_test_000913__think,gsm8k_test_000913,think,canonical,,thinking_segment,6,10,False,266,266,True,12.582385063171387,,ok_qwen_token_boundary,True,ok,6,6
exp_c,exp_c__gsm8k_test_000913__think,gsm8k_test_000913,think,canonical,,thinking_segment,13,10,False,266,266,True,9.993000984191895,,ok_qwen_token_boundary,True,ok,6,6
exp_c,exp_c__gsm8k_test_000913__think,gsm8k_test_000913,think,canonical,,thinking_segment,20,10,False,266,266,True,10.958481788635254,,ok_qwen_token_boundary,True,ok,6,6
exp_c,exp_c__gsm8k_test_000913__think,gsm8k_test_000913,think,canonical,,answer_segment,6,10,False,60,60,True,14.79969596862793,,ok_qwen_token_boundary,True,ok,6,6
exp_c,exp_c__gsm8k_test_000913__think,gsm8k_test_000913,think,canonical,,answer_segment,13,10,False,60,60,True,12.184075355529785,,ok_qwen_token_boundary,True,ok,6,6
exp_c,exp_c__gsm8k_test_000913__think,gsm8k_test_000913,think,canonical,,answer_segment,20,10,False,60,60,True,10.949152946472168,,ok_qwen_token_boundary,True,ok,6,6
exp_c,exp_c__gsm8k_test_000913__no_think,gsm8k_test_000913,no_think,canonical,,full_output,6,10,False,49,49,True,14.250686645507812,,ok,False,ok,6,16
exp_c,exp_c__gsm8k_test_000913__no_think,gsm8k_test_000913,no_think,canonical,,full_output,13,10,False,49,49,True,12.32114315032959,,ok,False,ok,6,16
exp_c,exp_c__gsm8k_test_000913__no_think,gsm8k_test_000913,no_think,canonical,,full_output,20,10,False,49,49,True,12.529773712158203,,ok,False,ok,6,16
exp_c,exp_c__gsm8k_test_000913__no_think,gsm8k_test_000913,no_think,canonical,,answer_segment,6,10,False,49,49,True,14.250686645507812,,ok,False,ok,6,16
exp_c,exp_c__gsm8k_test_000913__no_think,gsm8k_test_000913,no_think,canonical,,answer_segment,13,10,False,49,49,True,12.32114315032959,,ok,False,ok,6,16
exp_c,exp_c__gsm8k_test_000913__no_think,gsm8k_test_000913,no_think,canonical,,answer_segment,20,10,False,49,49,True,12.529773712158203,,ok,False,ok,6,16
exp_c,exp_c__gsm8k_test_000914__think,gsm8k_test_000914,think,canonical,,full_output,6,10,False,290,290,True,12.515355110168457,,ok,True,ok,3,3
exp_c,exp_c__gsm8k_test_000914__think,gsm8k_test_000914,think,canonical,,full_output,13,10,False,290,290,True,10.89647102355957,,ok,True,ok,3,3
exp_c,exp_c__gsm8k_test_000914__think,gsm8k_test_000914,think,canonical,,full_output,20,10,False,290,290,True,29.536212921142578,,ok,True,ok,3,3
exp_c,exp_c__gsm8k_test_000914__think,gsm8k_test_000914,think,canonical,,thinking_segment,6,10,False,249,249,True,12.196520805358887,,ok_qwen_token_boundary,True,ok,3,3
exp_c,exp_c__gsm8k_test_000914__think,gsm8k_test_000914,think,canonical,,thinking_segment,13,10,False,249,249,True,10.85916519165039,,ok_qwen_token_boundary,True,ok,3,3
exp_c,exp_c__gsm8k_test_000914__think,gsm8k_test_000914,think,canonical,,thinking_segment,20,10,False,249,249,True,27.879255294799805,,ok_qwen_token_boundary,True,ok,3,3
exp_c,exp_c__gsm8k_test_000914__think,gsm8k_test_000914,think,canonical,,answer_segment,6,10,False,41,41,True,12.64863395690918,,ok_qwen_token_boundary,True,ok,3,3
exp_c,exp_c__gsm8k_test_000914__think,gsm8k_test_000914,think,canonical,,answer_segment,13,10,False,41,41,True,12.455585479736328,,ok_qwen_token_boundary,True,ok,3,3
exp_c,exp_c__gsm8k_test_000914__think,gsm8k_test_000914,think,canonical,,answer_segment,20,10,False,41,41,True,11.199710845947266,,ok_qwen_token_boundary,True,ok,3,3
exp_c,exp_c__gsm8k_test_000914__no_think,gsm8k_test_000914,no_think,canonical,,full_output,6,10,False,41,41,True,12.667675018310547,,ok,True,ok,3,3
exp_c,exp_c__gsm8k_test_000914__no_think,gsm8k_test_000914,no_think,canonical,,full_output,13,10,False,41,41,True,11.729960441589355,,ok,True,ok,3,3
exp_c,exp_c__gsm8k_test_000914__no_think,gsm8k_test_000914,no_think,canonical,,full_output,20,10,False,41,41,True,11.454096794128418,,ok,True,ok,3,3
exp_c,exp_c__gsm8k_test_000914__no_think,gsm8k_test_000914,no_think,canonical,,answer_segment,6,10,False,41,41,True,12.667675018310547,,ok,True,ok,3,3
exp_c,exp_c__gsm8k_test_000914__no_think,gsm8k_test_000914,no_think,canonical,,answer_segment,13,10,False,41,41,True,11.729960441589355,,ok,True,ok,3,3
exp_c,exp_c__gsm8k_test_000914__no_think,gsm8k_test_000914,no_think,canonical,,answer_segment,20,10,False,41,41,True,11.454096794128418,,ok,True,ok,3,3
exp_c,exp_c__gsm8k_test_000915__think,gsm8k_test_000915,think,canonical,,full_output,6,10,False,212,212,True,16.17612075805664,,ok,True,ok,23,23
exp_c,exp_c__gsm8k_test_000915__think,gsm8k_test_000915,think,canonical,,full_output,13,10,False,212,212,True,11.780499458312988,,ok,True,ok,23,23
exp_c,exp_c__gsm8k_test_000915__think,gsm8k_test_000915,think,canonical,,full_output,20,10,False,212,212,True,11.420389175415039,,ok,True,ok,23,23
exp_c,exp_c__gsm8k_test_000915__think,gsm8k_test_000915,think,canonical,,thinking_segment,6,10,False,157,157,True,17.567426681518555,,ok_qwen_token_boundary,True,ok,23,23
exp_c,exp_c__gsm8k_test_000915__think,gsm8k_test_000915,think,canonical,,thinking_segment,13,10,False,157,157,True,12.325814247131348,,ok_qwen_token_boundary,True,ok,23,23
exp_c,exp_c__gsm8k_test_000915__think,gsm8k_test_000915,think,canonical,,thinking_segment,20,10,False,157,157,True,11.377851486206055,,ok_qwen_token_boundary,True,ok,23,23
exp_c,exp_c__gsm8k_test_000915__think,gsm8k_test_000915,think,canonical,,answer_segment,6,10,False,55,55,True,13.988553047180176,,ok_qwen_token_boundary,True,ok,23,23
exp_c,exp_c__gsm8k_test_000915__think,gsm8k_test_000915,think,canonical,,answer_segment,13,10,False,55,55,True,11.632558822631836,,ok_qwen_token_boundary,True,ok,23,23
exp_c,exp_c__gsm8k_test_000915__think,gsm8k_test_000915,think,canonical,,answer_segment,20,10,False,55,55,True,11.662686347961426,,ok_qwen_token_boundary,True,ok,23,23
exp_c,exp_c__gsm8k_test_000915__no_think,gsm8k_test_000915,no_think,canonical,,full_output,6,10,False,47,47,True,11.33847713470459,,ok,False,ok,23,18
exp_c,exp_c__gsm8k_test_000915__no_think,gsm8k_test_000915,no_think,canonical,,full_output,13,10,False,47,47,True,10.439942359924316,,ok,False,ok,23,18
exp_c,exp_c__gsm8k_test_000915__no_think,gsm8k_test_000915,no_think,canonical,,full_output,20,10,False,47,47,True,11.41296100616455,,ok,False,ok,23,18
exp_c,exp_c__gsm8k_test_000915__no_think,gsm8k_test_000915,no_think,canonical,,answer_segment,6,10,False,47,47,True,11.33847713470459,,ok,False,ok,23,18
exp_c,exp_c__gsm8k_test_000915__no_think,gsm8k_test_000915,no_think,canonical,,answer_segment,13,10,False,47,47,True,10.439942359924316,,ok,False,ok,23,18
exp_c,exp_c__gsm8k_test_000915__no_think,gsm8k_test_000915,no_think,canonical,,answer_segment,20,10,False,47,47,True,11.41296100616455,,ok,False,ok,23,18
exp_c,exp_c__gsm8k_test_000917__think,gsm8k_test_000917,think,canonical,,full_output,6,10,False,194,194,True,15.74933910369873,,ok,True,ok,12,12
exp_c,exp_c__gsm8k_test_000917__think,gsm8k_test_000917,think,canonical,,full_output,13,10,False,194,194,True,10.815282821655273,,ok,True,ok,12,12
exp_c,exp_c__gsm8k_test_000917__think,gsm8k_test_000917,think,canonical,,full_output,20,10,False,194,194,True,11.05923080444336,,ok,True,ok,12,12
exp_c,exp_c__gsm8k_test_000917__think,gsm8k_test_000917,think,canonical,,thinking_segment,6,10,False,156,156,True,16.795804977416992,,ok_qwen_token_boundary,True,ok,12,12
exp_c,exp_c__gsm8k_test_000917__think,gsm8k_test_000917,think,canonical,,thinking_segment,13,10,False,156,156,True,11.675488471984863,,ok_qwen_token_boundary,True,ok,12,12
exp_c,exp_c__gsm8k_test_000917__think,gsm8k_test_000917,think,canonical,,thinking_segment,20,10,False,156,156,True,11.801886558532715,,ok_qwen_token_boundary,True,ok,12,12
exp_c,exp_c__gsm8k_test_000917__think,gsm8k_test_000917,think,canonical,,answer_segment,6,10,False,38,38,True,13.909600257873535,,ok_qwen_token_boundary,True,ok,12,12
exp_c,exp_c__gsm8k_test_000917__think,gsm8k_test_000917,think,canonical,,answer_segment,13,10,False,38,38,True,13.889784812927246,,ok_qwen_token_boundary,True,ok,12,12
exp_c,exp_c__gsm8k_test_000917__think,gsm8k_test_000917,think,canonical,,answer_segment,20,10,False,38,38,True,11.374597549438477,,ok_qwen_token_boundary,True,ok,12,12
exp_c,exp_c__gsm8k_test_000917__no_think,gsm8k_test_000917,no_think,canonical,,full_output,6,10,False,36,36,True,15.334633827209473,,ok,True,ok,12,12
exp_c,exp_c__gsm8k_test_000917__no_think,gsm8k_test_000917,no_think,canonical,,full_output,13,10,False,36,36,True,13.598278999328613,,ok,True,ok,12,12
exp_c,exp_c__gsm8k_test_000917__no_think,gsm8k_test_000917,no_think,canonical,,full_output,20,10,False,36,36,True,11.514134407043457,,ok,True,ok,12,12
exp_c,exp_c__gsm8k_test_000917__no_think,gsm8k_test_000917,no_think,canonical,,answer_segment,6,10,False,36,36,True,15.334633827209473,,ok,True,ok,12,12
exp_c,exp_c__gsm8k_test_000917__no_think,gsm8k_test_000917,no_think,canonical,,answer_segment,13,10,False,36,36,True,13.598278999328613,,ok,True,ok,12,12
exp_c,exp_c__gsm8k_test_000917__no_think,gsm8k_test_000917,no_think,canonical,,answer_segment,20,10,False,36,36,True,11.514134407043457,,ok,True,ok,12,12
exp_c,exp_c__gsm8k_test_000921__think,gsm8k_test_000921,think,canonical,,full_output,6,10,False,223,223,True,16.094011306762695,,ok,True,ok,4,4
exp_c,exp_c__gsm8k_test_000921__think,gsm8k_test_000921,think,canonical,,full_output,13,10,False,223,223,True,11.859374046325684,,ok,True,ok,4,4
exp_c,exp_c__gsm8k_test_000921__think,gsm8k_test_000921,think,canonical,,full_output,20,10,False,223,223,True,11.735169410705566,,ok,True,ok,4,4
exp_c,exp_c__gsm8k_test_000921__think,gsm8k_test_000921,think,canonical,,thinking_segment,6,10,False,177,177,True,15.782943725585938,,ok_qwen_token_boundary,True,ok,4,4
exp_c,exp_c__gsm8k_test_000921__think,gsm8k_test_000921,think,canonical,,thinking_segment,13,10,False,177,177,True,11.633575439453125,,ok_qwen_token_boundary,True,ok,4,4
exp_c,exp_c__gsm8k_test_000921__think,gsm8k_test_000921,think,canonical,,thinking_segment,20,10,False,177,177,True,11.510893821716309,,ok_qwen_token_boundary,True,ok,4,4
exp_c,exp_c__gsm8k_test_000921__think,gsm8k_test_000921,think,canonical,,answer_segment,6,10,False,46,46,True,11.224798202514648,,ok_qwen_token_boundary,True,ok,4,4
exp_c,exp_c__gsm8k_test_000921__think,gsm8k_test_000921,think,canonical,,answer_segment,13,10,False,46,46,True,11.41858196258545,,ok_qwen_token_boundary,True,ok,4,4
exp_c,exp_c__gsm8k_test_000921__think,gsm8k_test_000921,think,canonical,,answer_segment,20,10,False,46,46,True,12.2330961227417,,ok_qwen_token_boundary,True,ok,4,4
exp_c,exp_c__gsm8k_test_000921__no_think,gsm8k_test_000921,no_think,canonical,,full_output,6,10,False,42,42,True,11.366384506225586,,ok,False,ok,4,6
exp_c,exp_c__gsm8k_test_000921__no_think,gsm8k_test_000921,no_think,canonical,,full_output,13,10,False,42,42,True,11.148347854614258,,ok,False,ok,4,6
exp_c,exp_c__gsm8k_test_000921__no_think,gsm8k_test_000921,no_think,canonical,,full_output,20,10,False,42,42,True,12.959392547607422,,ok,False,ok,4,6
exp_c,exp_c__gsm8k_test_000921__no_think,gsm8k_test_000921,no_think,canonical,,answer_segment,6,10,False,42,42,True,11.366384506225586,,ok,False,ok,4,6
exp_c,exp_c__gsm8k_test_000921__no_think,gsm8k_test_000921,no_think,canonical,,answer_segment,13,10,False,42,42,True,11.148347854614258,,ok,False,ok,4,6
exp_c,exp_c__gsm8k_test_000921__no_think,gsm8k_test_000921,no_think,canonical,,answer_segment,20,10,False,42,42,True,12.959392547607422,,ok,False,ok,4,6
exp_c,exp_c__gsm8k_test_000923__think,gsm8k_test_000923,think,canonical,,full_output,6,10,False,351,351,True,13.294658660888672,,ok,True,ok,2,2
exp_c,exp_c__gsm8k_test_000923__think,gsm8k_test_000923,think,canonical,,full_output,13,10,False,351,351,True,10.031878471374512,,ok,True,ok,2,2
exp_c,exp_c__gsm8k_test_000923__think,gsm8k_test_000923,think,canonical,,full_output,20,10,False,351,351,True,10.23034954071045,,ok,True,ok,2,2
exp_c,exp_c__gsm8k_test_000923__think,gsm8k_test_000923,think,canonical,,thinking_segment,6,10,False,302,302,True,11.333866119384766,,ok_qwen_token_boundary,True,ok,2,2
exp_c,exp_c__gsm8k_test_000923__think,gsm8k_test_000923,think,canonical,,thinking_segment,13,10,False,302,302,True,9.714788436889648,,ok_qwen_token_boundary,True,ok,2,2
exp_c,exp_c__gsm8k_test_000923__think,gsm8k_test_000923,think,canonical,,thinking_segment,20,10,False,302,302,True,10.09656810760498,,ok_qwen_token_boundary,True,ok,2,2
exp_c,exp_c__gsm8k_test_000923__think,gsm8k_test_000923,think,canonical,,answer_segment,6,10,False,49,49,True,15.55024528503418,,ok_qwen_token_boundary,True,ok,2,2
exp_c,exp_c__gsm8k_test_000923__think,gsm8k_test_000923,think,canonical,,answer_segment,13,10,False,49,49,True,14.373259544372559,,ok_qwen_token_boundary,True,ok,2,2
exp_c,exp_c__gsm8k_test_000923__think,gsm8k_test_000923,think,canonical,,answer_segment,20,10,False,49,49,True,12.770389556884766,,ok_qwen_token_boundary,True,ok,2,2
exp_c,exp_c__gsm8k_test_000923__no_think,gsm8k_test_000923,no_think,canonical,,full_output,6,10,False,64,64,True,17.427600860595703,,ok,True,ok,2,2
exp_c,exp_c__gsm8k_test_000923__no_think,gsm8k_test_000923,no_think,canonical,,full_output,13,10,False,64,64,True,14.01131820678711,,ok,True,ok,2,2
exp_c,exp_c__gsm8k_test_000923__no_think,gsm8k_test_000923,no_think,canonical,,full_output,20,10,False,64,64,True,12.94681167602539,,ok,True,ok,2,2
exp_c,exp_c__gsm8k_test_000923__no_think,gsm8k_test_000923,no_think,canonical,,answer_segment,6,10,False,64,64,True,17.427600860595703,,ok,True,ok,2,2
exp_c,exp_c__gsm8k_test_000923__no_think,gsm8k_test_000923,no_think,canonical,,answer_segment,13,10,False,64,64,True,14.01131820678711,,ok,True,ok,2,2
exp_c,exp_c__gsm8k_test_000923__no_think,gsm8k_test_000923,no_think,canonical,,answer_segment,20,10,False,64,64,True,12.94681167602539,,ok,True,ok,2,2
exp_c,exp_c__gsm8k_test_000924__think,gsm8k_test_000924,think,canonical,,full_output,6,10,False,495,495,True,11.868562698364258,,ok,True,ok,12,12
exp_c,exp_c__gsm8k_test_000924__think,gsm8k_test_000924,think,canonical,,full_output,13,10,False,495,495,True,9.359747886657715,,ok,True,ok,12,12
exp_c,exp_c__gsm8k_test_000924__think,gsm8k_test_000924,think,canonical,,full_output,20,10,False,495,495,True,9.483560562133789,,ok,True,ok,12,12
exp_c,exp_c__gsm8k_test_000924__think,gsm8k_test_000924,think,canonical,,thinking_segment,6,10,False,453,453,True,11.261773109436035,,ok_qwen_token_boundary,True,ok,12,12
exp_c,exp_c__gsm8k_test_000924__think,gsm8k_test_000924,think,canonical,,thinking_segment,13,10,False,453,453,True,8.707395553588867,,ok_qwen_token_boundary,True,ok,12,12
exp_c,exp_c__gsm8k_test_000924__think,gsm8k_test_000924,think,canonical,,thinking_segment,20,10,False,453,453,True,9.018723487854004,,ok_qwen_token_boundary,True,ok,12,12
exp_c,exp_c__gsm8k_test_000924__think,gsm8k_test_000924,think,canonical,,answer_segment,6,10,False,42,42,True,10.560383796691895,,ok_qwen_token_boundary,True,ok,12,12
exp_c,exp_c__gsm8k_test_000924__think,gsm8k_test_000924,think,canonical,,answer_segment,13,10,False,42,42,True,11.814672470092773,,ok_qwen_token_boundary,True,ok,12,12
exp_c,exp_c__gsm8k_test_000924__think,gsm8k_test_000924,think,canonical,,answer_segment,20,10,False,42,42,True,12.047234535217285,,ok_qwen_token_boundary,True,ok,12,12
exp_c,exp_c__gsm8k_test_000924__no_think,gsm8k_test_000924,no_think,canonical,,full_output,6,10,False,53,53,True,13.11290454864502,,ok,False,ok,12,6
exp_c,exp_c__gsm8k_test_000924__no_think,gsm8k_test_000924,no_think,canonical,,full_output,13,10,False,53,53,True,10.899186134338379,,ok,False,ok,12,6
exp_c,exp_c__gsm8k_test_000924__no_think,gsm8k_test_000924,no_think,canonical,,full_output,20,10,False,53,53,True,11.944708824157715,,ok,False,ok,12,6
exp_c,exp_c__gsm8k_test_000924__no_think,gsm8k_test_000924,no_think,canonical,,answer_segment,6,10,False,53,53,True,13.11290454864502,,ok,False,ok,12,6
exp_c,exp_c__gsm8k_test_000924__no_think,gsm8k_test_000924,no_think,canonical,,answer_segment,13,10,False,53,53,True,10.899186134338379,,ok,False,ok,12,6
exp_c,exp_c__gsm8k_test_000924__no_think,gsm8k_test_000924,no_think,canonical,,answer_segment,20,10,False,53,53,True,11.944708824157715,,ok,False,ok,12,6
exp_c,exp_c__gsm8k_test_000930__think,gsm8k_test_000930,think,canonical,,full_output,6,10,False,363,363,True,15.094782829284668,,ok,True,ok,14,14
exp_c,exp_c__gsm8k_test_000930__think,gsm8k_test_000930,think,canonical,,full_output,13,10,False,363,363,True,10.637740135192871,,ok,True,ok,14,14
exp_c,exp_c__gsm8k_test_000930__think,gsm8k_test_000930,think,canonical,,full_output,20,10,False,363,363,True,26.447355270385742,,ok,True,ok,14,14
exp_c,exp_c__gsm8k_test_000930__think,gsm8k_test_000930,think,canonical,,thinking_segment,6,10,False,322,322,True,14.617375373840332,,ok_qwen_token_boundary,True,ok,14,14
exp_c,exp_c__gsm8k_test_000930__think,gsm8k_test_000930,think,canonical,,thinking_segment,13,10,False,322,322,True,10.533145904541016,,ok_qwen_token_boundary,True,ok,14,14
exp_c,exp_c__gsm8k_test_000930__think,gsm8k_test_000930,think,canonical,,thinking_segment,20,10,False,322,322,True,20.803762435913086,,ok_qwen_token_boundary,True,ok,14,14
exp_c,exp_c__gsm8k_test_000930__think,gsm8k_test_000930,think,canonical,,answer_segment,6,10,False,41,41,True,13.131423950195312,,ok_qwen_token_boundary,True,ok,14,14
exp_c,exp_c__gsm8k_test_000930__think,gsm8k_test_000930,think,canonical,,answer_segment,13,10,False,41,41,True,12.159225463867188,,ok_qwen_token_boundary,True,ok,14,14
exp_c,exp_c__gsm8k_test_000930__think,gsm8k_test_000930,think,canonical,,answer_segment,20,10,False,41,41,True,11.843440055847168,,ok_qwen_token_boundary,True,ok,14,14
exp_c,exp_c__gsm8k_test_000930__no_think,gsm8k_test_000930,no_think,canonical,,full_output,6,10,False,52,52,True,16.190052032470703,,ok,False,ok,14,24
exp_c,exp_c__gsm8k_test_000930__no_think,gsm8k_test_000930,no_think,canonical,,full_output,13,10,False,52,52,True,11.62247371673584,,ok,False,ok,14,24
exp_c,exp_c__gsm8k_test_000930__no_think,gsm8k_test_000930,no_think,canonical,,full_output,20,10,False,52,52,True,11.898801803588867,,ok,False,ok,14,24
exp_c,exp_c__gsm8k_test_000930__no_think,gsm8k_test_000930,no_think,canonical,,answer_segment,6,10,False,52,52,True,16.190052032470703,,ok,False,ok,14,24
exp_c,exp_c__gsm8k_test_000930__no_think,gsm8k_test_000930,no_think,canonical,,answer_segment,13,10,False,52,52,True,11.62247371673584,,ok,False,ok,14,24
exp_c,exp_c__gsm8k_test_000930__no_think,gsm8k_test_000930,no_think,canonical,,answer_segment,20,10,False,52,52,True,11.898801803588867,,ok,False,ok,14,24
exp_c,exp_c__gsm8k_test_000948__think,gsm8k_test_000948,think,canonical,,full_output,6,10,False,308,308,True,11.412413597106934,,ok,True,ok,15,15
exp_c,exp_c__gsm8k_test_000948__think,gsm8k_test_000948,think,canonical,,full_output,13,10,False,308,308,True,10.104330062866211,,ok,True,ok,15,15
exp_c,exp_c__gsm8k_test_000948__think,gsm8k_test_000948,think,canonical,,full_output,20,10,False,308,308,True,10.472817420959473,,ok,True,ok,15,15
exp_c,exp_c__gsm8k_test_000948__think,gsm8k_test_000948,think,canonical,,thinking_segment,6,10,False,256,256,True,12.856229782104492,,ok_qwen_token_boundary,True,ok,15,15
exp_c,exp_c__gsm8k_test_000948__think,gsm8k_test_000948,think,canonical,,thinking_segment,13,10,False,256,256,True,11.238584518432617,,ok_qwen_token_boundary,True,ok,15,15
exp_c,exp_c__gsm8k_test_000948__think,gsm8k_test_000948,think,canonical,,thinking_segment,20,10,False,256,256,True,11.419285774230957,,ok_qwen_token_boundary,True,ok,15,15
exp_c,exp_c__gsm8k_test_000948__think,gsm8k_test_000948,think,canonical,,answer_segment,6,10,False,52,52,True,14.065131187438965,,ok_qwen_token_boundary,True,ok,15,15
exp_c,exp_c__gsm8k_test_000948__think,gsm8k_test_000948,think,canonical,,answer_segment,13,10,False,52,52,True,12.871537208557129,,ok_qwen_token_boundary,True,ok,15,15
exp_c,exp_c__gsm8k_test_000948__think,gsm8k_test_000948,think,canonical,,answer_segment,20,10,False,52,52,True,10.990795135498047,,ok_qwen_token_boundary,True,ok,15,15
exp_c,exp_c__gsm8k_test_000948__no_think,gsm8k_test_000948,no_think,canonical,,full_output,6,10,False,50,50,True,17.451332092285156,,ok,False,ok,15,12
exp_c,exp_c__gsm8k_test_000948__no_think,gsm8k_test_000948,no_think,canonical,,full_output,13,10,False,50,50,True,13.010284423828125,,ok,False,ok,15,12
exp_c,exp_c__gsm8k_test_000948__no_think,gsm8k_test_000948,no_think,canonical,,full_output,20,10,False,50,50,True,11.079843521118164,,ok,False,ok,15,12
exp_c,exp_c__gsm8k_test_000948__no_think,gsm8k_test_000948,no_think,canonical,,answer_segment,6,10,False,50,50,True,17.451332092285156,,ok,False,ok,15,12
exp_c,exp_c__gsm8k_test_000948__no_think,gsm8k_test_000948,no_think,canonical,,answer_segment,13,10,False,50,50,True,13.010284423828125,,ok,False,ok,15,12
exp_c,exp_c__gsm8k_test_000948__no_think,gsm8k_test_000948,no_think,canonical,,answer_segment,20,10,False,50,50,True,11.079843521118164,,ok,False,ok,15,12
exp_c,exp_c__gsm8k_test_000956__think,gsm8k_test_000956,think,canonical,,full_output,6,10,False,158,158,True,14.371853828430176,,ok,True,ok,1,1
exp_c,exp_c__gsm8k_test_000956__think,gsm8k_test_000956,think,canonical,,full_output,13,10,False,158,158,True,10.946094512939453,,ok,True,ok,1,1
exp_c,exp_c__gsm8k_test_000956__think,gsm8k_test_000956,think,canonical,,full_output,20,10,False,158,158,True,11.79440975189209,,ok,True,ok,1,1
exp_c,exp_c__gsm8k_test_000956__think,gsm8k_test_000956,think,canonical,,thinking_segment,6,10,False,106,106,True,14.590239524841309,,ok_qwen_token_boundary,True,ok,1,1
exp_c,exp_c__gsm8k_test_000956__think,gsm8k_test_000956,think,canonical,,thinking_segment,13,10,False,106,106,True,10.917141914367676,,ok_qwen_token_boundary,True,ok,1,1
exp_c,exp_c__gsm8k_test_000956__think,gsm8k_test_000956,think,canonical,,thinking_segment,20,10,False,106,106,True,11.720348358154297,,ok_qwen_token_boundary,True,ok,1,1
exp_c,exp_c__gsm8k_test_000956__think,gsm8k_test_000956,think,canonical,,answer_segment,6,10,False,52,52,True,14.104745864868164,,ok_qwen_token_boundary,True,ok,1,1
exp_c,exp_c__gsm8k_test_000956__think,gsm8k_test_000956,think,canonical,,answer_segment,13,10,False,52,52,True,12.293864250183105,,ok_qwen_token_boundary,True,ok,1,1
exp_c,exp_c__gsm8k_test_000956__think,gsm8k_test_000956,think,canonical,,answer_segment,20,10,False,52,52,True,12.040830612182617,,ok_qwen_token_boundary,True,ok,1,1
exp_c,exp_c__gsm8k_test_000956__no_think,gsm8k_test_000956,no_think,canonical,,full_output,6,10,False,52,52,True,14.884146690368652,,ok,True,ok,1,1
exp_c,exp_c__gsm8k_test_000956__no_think,gsm8k_test_000956,no_think,canonical,,full_output,13,10,False,52,52,True,13.895102500915527,,ok,True,ok,1,1
exp_c,exp_c__gsm8k_test_000956__no_think,gsm8k_test_000956,no_think,canonical,,full_output,20,10,False,52,52,True,12.492582321166992,,ok,True,ok,1,1
exp_c,exp_c__gsm8k_test_000956__no_think,gsm8k_test_000956,no_think,canonical,,answer_segment,6,10,False,52,52,True,14.884146690368652,,ok,True,ok,1,1
exp_c,exp_c__gsm8k_test_000956__no_think,gsm8k_test_000956,no_think,canonical,,answer_segment,13,10,False,52,52,True,13.895102500915527,,ok,True,ok,1,1
exp_c,exp_c__gsm8k_test_000956__no_think,gsm8k_test_000956,no_think,canonical,,answer_segment,20,10,False,52,52,True,12.492582321166992,,ok,True,ok,1,1
exp_c,exp_c__gsm8k_test_000960__think,gsm8k_test_000960,think,canonical,,full_output,6,10,False,571,571,True,13.388359069824219,,ok,False,ok,11,15
exp_c,exp_c__gsm8k_test_000960__think,gsm8k_test_000960,think,canonical,,full_output,13,10,False,571,571,True,9.834840774536133,,ok,False,ok,11,15
exp_c,exp_c__gsm8k_test_000960__think,gsm8k_test_000960,think,canonical,,full_output,20,10,False,571,571,True,21.711454391479492,,ok,False,ok,11,15
exp_c,exp_c__gsm8k_test_000960__think,gsm8k_test_000960,think,canonical,,thinking_segment,6,10,False,514,514,True,13.277876853942871,,ok_qwen_token_boundary,False,ok,11,15
exp_c,exp_c__gsm8k_test_000960__think,gsm8k_test_000960,think,canonical,,thinking_segment,13,10,False,514,514,True,9.930397033691406,,ok_qwen_token_boundary,False,ok,11,15
exp_c,exp_c__gsm8k_test_000960__think,gsm8k_test_000960,think,canonical,,thinking_segment,20,10,False,514,514,True,21.028894424438477,,ok_qwen_token_boundary,False,ok,11,15
exp_c,exp_c__gsm8k_test_000960__think,gsm8k_test_000960,think,canonical,,answer_segment,6,10,False,57,57,True,17.710124969482422,,ok_qwen_token_boundary,False,ok,11,15
exp_c,exp_c__gsm8k_test_000960__think,gsm8k_test_000960,think,canonical,,answer_segment,13,10,False,57,57,True,12.635889053344727,,ok_qwen_token_boundary,False,ok,11,15
exp_c,exp_c__gsm8k_test_000960__think,gsm8k_test_000960,think,canonical,,answer_segment,20,10,False,57,57,True,11.513618469238281,,ok_qwen_token_boundary,False,ok,11,15
exp_c,exp_c__gsm8k_test_000960__no_think,gsm8k_test_000960,no_think,canonical,,full_output,6,10,False,57,57,True,12.459454536437988,,ok,False,ok,11,38
exp_c,exp_c__gsm8k_test_000960__no_think,gsm8k_test_000960,no_think,canonical,,full_output,13,10,False,57,57,True,11.835655212402344,,ok,False,ok,11,38
exp_c,exp_c__gsm8k_test_000960__no_think,gsm8k_test_000960,no_think,canonical,,full_output,20,10,False,57,57,True,11.859375,,ok,False,ok,11,38
exp_c,exp_c__gsm8k_test_000960__no_think,gsm8k_test_000960,no_think,canonical,,answer_segment,6,10,False,57,57,True,12.459454536437988,,ok,False,ok,11,38
exp_c,exp_c__gsm8k_test_000960__no_think,gsm8k_test_000960,no_think,canonical,,answer_segment,13,10,False,57,57,True,11.835655212402344,,ok,False,ok,11,38
exp_c,exp_c__gsm8k_test_000960__no_think,gsm8k_test_000960,no_think,canonical,,answer_segment,20,10,False,57,57,True,11.859375,,ok,False,ok,11,38
exp_c,exp_c__gsm8k_test_000965__think,gsm8k_test_000965,think,canonical,,full_output,6,10,False,411,411,True,12.984051704406738,,ok,True,ok,374,374
exp_c,exp_c__gsm8k_test_000965__think,gsm8k_test_000965,think,canonical,,full_output,13,10,False,411,411,True,10.239924430847168,,ok,True,ok,374,374
exp_c,exp_c__gsm8k_test_000965__think,gsm8k_test_000965,think,canonical,,full_output,20,10,False,411,411,True,11.02328109741211,,ok,True,ok,374,374
exp_c,exp_c__gsm8k_test_000965__think,gsm8k_test_000965,think,canonical,,thinking_segment,6,10,False,357,357,True,13.157844543457031,,ok_qwen_token_boundary,True,ok,374,374
exp_c,exp_c__gsm8k_test_000965__think,gsm8k_test_000965,think,canonical,,thinking_segment,13,10,False,357,357,True,10.414249420166016,,ok_qwen_token_boundary,True,ok,374,374
exp_c,exp_c__gsm8k_test_000965__think,gsm8k_test_000965,think,canonical,,thinking_segment,20,10,False,357,357,True,11.388215065002441,,ok_qwen_token_boundary,True,ok,374,374
exp_c,exp_c__gsm8k_test_000965__think,gsm8k_test_000965,think,canonical,,answer_segment,6,10,False,54,54,True,13.753582954406738,,ok_qwen_token_boundary,True,ok,374,374
exp_c,exp_c__gsm8k_test_000965__think,gsm8k_test_000965,think,canonical,,answer_segment,13,10,False,54,54,True,11.699207305908203,,ok_qwen_token_boundary,True,ok,374,374
exp_c,exp_c__gsm8k_test_000965__think,gsm8k_test_000965,think,canonical,,answer_segment,20,10,False,54,54,True,11.116141319274902,,ok_qwen_token_boundary,True,ok,374,374
exp_c,exp_c__gsm8k_test_000965__no_think,gsm8k_test_000965,no_think,canonical,,full_output,6,10,False,51,51,True,10.85247802734375,,ok,False,ok,374,332
exp_c,exp_c__gsm8k_test_000965__no_think,gsm8k_test_000965,no_think,canonical,,full_output,13,10,False,51,51,True,9.98603343963623,,ok,False,ok,374,332
exp_c,exp_c__gsm8k_test_000965__no_think,gsm8k_test_000965,no_think,canonical,,full_output,20,10,False,51,51,True,10.938654899597168,,ok,False,ok,374,332
exp_c,exp_c__gsm8k_test_000965__no_think,gsm8k_test_000965,no_think,canonical,,answer_segment,6,10,False,51,51,True,10.85247802734375,,ok,False,ok,374,332
exp_c,exp_c__gsm8k_test_000965__no_think,gsm8k_test_000965,no_think,canonical,,answer_segment,13,10,False,51,51,True,9.98603343963623,,ok,False,ok,374,332
exp_c,exp_c__gsm8k_test_000965__no_think,gsm8k_test_000965,no_think,canonical,,answer_segment,20,10,False,51,51,True,10.938654899597168,,ok,False,ok,374,332
exp_c,exp_c__gsm8k_test_000977__think,gsm8k_test_000977,think,canonical,,full_output,6,10,False,212,212,True,14.52783203125,,ok,True,ok,4,4
exp_c,exp_c__gsm8k_test_000977__think,gsm8k_test_000977,think,canonical,,full_output,13,10,False,212,212,True,11.111178398132324,,ok,True,ok,4,4
exp_c,exp_c__gsm8k_test_000977__think,gsm8k_test_000977,think,canonical,,full_output,20,10,False,212,212,True,11.447749137878418,,ok,True,ok,4,4
exp_c,exp_c__gsm8k_test_000977__think,gsm8k_test_000977,think,canonical,,thinking_segment,6,10,False,166,166,True,14.873764991760254,,ok_qwen_token_boundary,True,ok,4,4
exp_c,exp_c__gsm8k_test_000977__think,gsm8k_test_000977,think,canonical,,thinking_segment,13,10,False,166,166,True,11.149053573608398,,ok_qwen_token_boundary,True,ok,4,4
exp_c,exp_c__gsm8k_test_000977__think,gsm8k_test_000977,think,canonical,,thinking_segment,20,10,False,166,166,True,11.325276374816895,,ok_qwen_token_boundary,True,ok,4,4
exp_c,exp_c__gsm8k_test_000977__think,gsm8k_test_000977,think,canonical,,answer_segment,6,10,False,46,46,True,10.82270336151123,,ok_qwen_token_boundary,True,ok,4,4
exp_c,exp_c__gsm8k_test_000977__think,gsm8k_test_000977,think,canonical,,answer_segment,13,10,False,46,46,True,11.672294616699219,,ok_qwen_token_boundary,True,ok,4,4
exp_c,exp_c__gsm8k_test_000977__think,gsm8k_test_000977,think,canonical,,answer_segment,20,10,False,46,46,True,12.66668701171875,,ok_qwen_token_boundary,True,ok,4,4
exp_c,exp_c__gsm8k_test_000977__no_think,gsm8k_test_000977,no_think,canonical,,full_output,6,10,False,46,46,True,11.585103988647461,,ok,False,ok,4,32
exp_c,exp_c__gsm8k_test_000977__no_think,gsm8k_test_000977,no_think,canonical,,full_output,13,10,False,46,46,True,12.905623435974121,,ok,False,ok,4,32
exp_c,exp_c__gsm8k_test_000977__no_think,gsm8k_test_000977,no_think,canonical,,full_output,20,10,False,46,46,True,13.281816482543945,,ok,False,ok,4,32
exp_c,exp_c__gsm8k_test_000977__no_think,gsm8k_test_000977,no_think,canonical,,answer_segment,6,10,False,46,46,True,11.585103988647461,,ok,False,ok,4,32
exp_c,exp_c__gsm8k_test_000977__no_think,gsm8k_test_000977,no_think,canonical,,answer_segment,13,10,False,46,46,True,12.905623435974121,,ok,False,ok,4,32
exp_c,exp_c__gsm8k_test_000977__no_think,gsm8k_test_000977,no_think,canonical,,answer_segment,20,10,False,46,46,True,13.281816482543945,,ok,False,ok,4,32
exp_c,exp_c__gsm8k_test_000988__think,gsm8k_test_000988,think,canonical,,full_output,6,10,False,286,286,True,16.11125373840332,,ok,True,ok,6,6
exp_c,exp_c__gsm8k_test_000988__think,gsm8k_test_000988,think,canonical,,full_output,13,10,False,286,286,True,11.290169715881348,,ok,True,ok,6,6
exp_c,exp_c__gsm8k_test_000988__think,gsm8k_test_000988,think,canonical,,full_output,20,10,False,286,286,True,11.516480445861816,,ok,True,ok,6,6
exp_c,exp_c__gsm8k_test_000988__think,gsm8k_test_000988,think,canonical,,thinking_segment,6,10,False,238,238,True,15.297867774963379,,ok_qwen_token_boundary,True,ok,6,6
exp_c,exp_c__gsm8k_test_000988__think,gsm8k_test_000988,think,canonical,,thinking_segment,13,10,False,238,238,True,11.5629243850708,,ok_qwen_token_boundary,True,ok,6,6
exp_c,exp_c__gsm8k_test_000988__think,gsm8k_test_000988,think,canonical,,thinking_segment,20,10,False,238,238,True,11.705069541931152,,ok_qwen_token_boundary,True,ok,6,6
exp_c,exp_c__gsm8k_test_000988__think,gsm8k_test_000988,think,canonical,,answer_segment,6,10,False,48,48,True,13.412190437316895,,ok_qwen_token_boundary,True,ok,6,6
exp_c,exp_c__gsm8k_test_000988__think,gsm8k_test_000988,think,canonical,,answer_segment,13,10,False,48,48,True,12.733708381652832,,ok_qwen_token_boundary,True,ok,6,6
exp_c,exp_c__gsm8k_test_000988__think,gsm8k_test_000988,think,canonical,,answer_segment,20,10,False,48,48,True,12.177014350891113,,ok_qwen_token_boundary,True,ok,6,6
exp_c,exp_c__gsm8k_test_000988__no_think,gsm8k_test_000988,no_think,canonical,,full_output,6,10,False,49,49,True,12.907074928283691,,ok,True,ok,6,6
exp_c,exp_c__gsm8k_test_000988__no_think,gsm8k_test_000988,no_think,canonical,,full_output,13,10,False,49,49,True,13.024747848510742,,ok,True,ok,6,6
exp_c,exp_c__gsm8k_test_000988__no_think,gsm8k_test_000988,no_think,canonical,,full_output,20,10,False,49,49,True,11.74352741241455,,ok,True,ok,6,6
exp_c,exp_c__gsm8k_test_000988__no_think,gsm8k_test_000988,no_think,canonical,,answer_segment,6,10,False,49,49,True,12.907074928283691,,ok,True,ok,6,6
exp_c,exp_c__gsm8k_test_000988__no_think,gsm8k_test_000988,no_think,canonical,,answer_segment,13,10,False,49,49,True,13.024747848510742,,ok,True,ok,6,6
exp_c,exp_c__gsm8k_test_000988__no_think,gsm8k_test_000988,no_think,canonical,,answer_segment,20,10,False,49,49,True,11.74352741241455,,ok,True,ok,6,6
exp_c,exp_c__gsm8k_test_000990__think,gsm8k_test_000990,think,canonical,,full_output,6,10,False,296,296,True,13.466205596923828,,ok,True,ok,14,14
exp_c,exp_c__gsm8k_test_000990__think,gsm8k_test_000990,think,canonical,,full_output,13,10,False,296,296,True,10.572525978088379,,ok,True,ok,14,14
exp_c,exp_c__gsm8k_test_000990__think,gsm8k_test_000990,think,canonical,,full_output,20,10,False,296,296,True,11.026171684265137,,ok,True,ok,14,14
exp_c,exp_c__gsm8k_test_000990__think,gsm8k_test_000990,think,canonical,,thinking_segment,6,10,False,253,253,True,14.222917556762695,,ok_qwen_token_boundary,True,ok,14,14
exp_c,exp_c__gsm8k_test_000990__think,gsm8k_test_000990,think,canonical,,thinking_segment,13,10,False,253,253,True,10.935394287109375,,ok_qwen_token_boundary,True,ok,14,14
exp_c,exp_c__gsm8k_test_000990__think,gsm8k_test_000990,think,canonical,,thinking_segment,20,10,False,253,253,True,11.57616901397705,,ok_qwen_token_boundary,True,ok,14,14
exp_c,exp_c__gsm8k_test_000990__think,gsm8k_test_000990,think,canonical,,answer_segment,6,10,False,43,43,True,12.619625091552734,,ok_qwen_token_boundary,True,ok,14,14
exp_c,exp_c__gsm8k_test_000990__think,gsm8k_test_000990,think,canonical,,answer_segment,13,10,False,43,43,True,13.162734031677246,,ok_qwen_token_boundary,True,ok,14,14
exp_c,exp_c__gsm8k_test_000990__think,gsm8k_test_000990,think,canonical,,answer_segment,20,10,False,43,43,True,11.407638549804688,,ok_qwen_token_boundary,True,ok,14,14
exp_c,exp_c__gsm8k_test_000990__no_think,gsm8k_test_000990,no_think,canonical,,full_output,6,10,False,70,70,True,18.069007873535156,,ok,True,ok,14,14
exp_c,exp_c__gsm8k_test_000990__no_think,gsm8k_test_000990,no_think,canonical,,full_output,13,10,False,70,70,True,11.112895965576172,,ok,True,ok,14,14
exp_c,exp_c__gsm8k_test_000990__no_think,gsm8k_test_000990,no_think,canonical,,full_output,20,10,False,70,70,True,10.809276580810547,,ok,True,ok,14,14
exp_c,exp_c__gsm8k_test_000990__no_think,gsm8k_test_000990,no_think,canonical,,answer_segment,6,10,False,70,70,True,18.069007873535156,,ok,True,ok,14,14
exp_c,exp_c__gsm8k_test_000990__no_think,gsm8k_test_000990,no_think,canonical,,answer_segment,13,10,False,70,70,True,11.112895965576172,,ok,True,ok,14,14
exp_c,exp_c__gsm8k_test_000990__no_think,gsm8k_test_000990,no_think,canonical,,answer_segment,20,10,False,70,70,True,10.809276580810547,,ok,True,ok,14,14
exp_c,exp_c__gsm8k_test_000995__think,gsm8k_test_000995,think,canonical,,full_output,6,10,False,176,176,True,11.973763465881348,,ok,True,ok,12,12
exp_c,exp_c__gsm8k_test_000995__think,gsm8k_test_000995,think,canonical,,full_output,13,10,False,176,176,True,10.208837509155273,,ok,True,ok,12,12
exp_c,exp_c__gsm8k_test_000995__think,gsm8k_test_000995,think,canonical,,full_output,20,10,False,176,176,True,10.979233741760254,,ok,True,ok,12,12
exp_c,exp_c__gsm8k_test_000995__think,gsm8k_test_000995,think,canonical,,thinking_segment,6,10,False,116,116,True,12.54224967956543,,ok_qwen_token_boundary,True,ok,12,12
exp_c,exp_c__gsm8k_test_000995__think,gsm8k_test_000995,think,canonical,,thinking_segment,13,10,False,116,116,True,11.081409454345703,,ok_qwen_token_boundary,True,ok,12,12
exp_c,exp_c__gsm8k_test_000995__think,gsm8k_test_000995,think,canonical,,thinking_segment,20,10,False,116,116,True,11.285080909729004,,ok_qwen_token_boundary,True,ok,12,12
exp_c,exp_c__gsm8k_test_000995__think,gsm8k_test_000995,think,canonical,,answer_segment,6,10,False,60,60,True,18.010541915893555,,ok_qwen_token_boundary,True,ok,12,12
exp_c,exp_c__gsm8k_test_000995__think,gsm8k_test_000995,think,canonical,,answer_segment,13,10,False,60,60,True,13.3319091796875,,ok_qwen_token_boundary,True,ok,12,12
exp_c,exp_c__gsm8k_test_000995__think,gsm8k_test_000995,think,canonical,,answer_segment,20,10,False,60,60,True,12.064651489257812,,ok_qwen_token_boundary,True,ok,12,12
exp_c,exp_c__gsm8k_test_000995__no_think,gsm8k_test_000995,no_think,canonical,,full_output,6,10,False,50,50,True,14.49096965789795,,ok,True,ok,12,12
exp_c,exp_c__gsm8k_test_000995__no_think,gsm8k_test_000995,no_think,canonical,,full_output,13,10,False,50,50,True,13.40068244934082,,ok,True,ok,12,12
exp_c,exp_c__gsm8k_test_000995__no_think,gsm8k_test_000995,no_think,canonical,,full_output,20,10,False,50,50,True,13.036711692810059,,ok,True,ok,12,12
exp_c,exp_c__gsm8k_test_000995__no_think,gsm8k_test_000995,no_think,canonical,,answer_segment,6,10,False,50,50,True,14.49096965789795,,ok,True,ok,12,12
exp_c,exp_c__gsm8k_test_000995__no_think,gsm8k_test_000995,no_think,canonical,,answer_segment,13,10,False,50,50,True,13.40068244934082,,ok,True,ok,12,12
exp_c,exp_c__gsm8k_test_000995__no_think,gsm8k_test_000995,no_think,canonical,,answer_segment,20,10,False,50,50,True,13.036711692810059,,ok,True,ok,12,12
exp_c,exp_c__gsm8k_test_001002__think,gsm8k_test_001002,think,canonical,,full_output,6,10,False,218,218,True,14.593754768371582,,ok,True,ok,8,8
exp_c,exp_c__gsm8k_test_001002__think,gsm8k_test_001002,think,canonical,,full_output,13,10,False,218,218,True,10.90200138092041,,ok,True,ok,8,8
exp_c,exp_c__gsm8k_test_001002__think,gsm8k_test_001002,think,canonical,,full_output,20,10,False,218,218,True,11.312357902526855,,ok,True,ok,8,8
exp_c,exp_c__gsm8k_test_001002__think,gsm8k_test_001002,think,canonical,,thinking_segment,6,10,False,173,173,True,14.358780860900879,,ok_qwen_token_boundary,True,ok,8,8
exp_c,exp_c__gsm8k_test_001002__think,gsm8k_test_001002,think,canonical,,thinking_segment,13,10,False,173,173,True,10.388225555419922,,ok_qwen_token_boundary,True,ok,8,8
exp_c,exp_c__gsm8k_test_001002__think,gsm8k_test_001002,think,canonical,,thinking_segment,20,10,False,173,173,True,10.872370719909668,,ok_qwen_token_boundary,True,ok,8,8
exp_c,exp_c__gsm8k_test_001002__think,gsm8k_test_001002,think,canonical,,answer_segment,6,10,False,45,45,True,12.844343185424805,,ok_qwen_token_boundary,True,ok,8,8
exp_c,exp_c__gsm8k_test_001002__think,gsm8k_test_001002,think,canonical,,answer_segment,13,10,False,45,45,True,12.922684669494629,,ok_qwen_token_boundary,True,ok,8,8
exp_c,exp_c__gsm8k_test_001002__think,gsm8k_test_001002,think,canonical,,answer_segment,20,10,False,45,45,True,12.57205581665039,,ok_qwen_token_boundary,True,ok,8,8
exp_c,exp_c__gsm8k_test_001002__no_think,gsm8k_test_001002,no_think,canonical,,full_output,6,10,False,58,58,True,11.245022773742676,,ok,True,ok,8,8
exp_c,exp_c__gsm8k_test_001002__no_think,gsm8k_test_001002,no_think,canonical,,full_output,13,10,False,58,58,True,12.46672248840332,,ok,True,ok,8,8
exp_c,exp_c__gsm8k_test_001002__no_think,gsm8k_test_001002,no_think,canonical,,full_output,20,10,False,58,58,True,13.547442436218262,,ok,True,ok,8,8
exp_c,exp_c__gsm8k_test_001002__no_think,gsm8k_test_001002,no_think,canonical,,answer_segment,6,10,False,58,58,True,11.245022773742676,,ok,True,ok,8,8
exp_c,exp_c__gsm8k_test_001002__no_think,gsm8k_test_001002,no_think,canonical,,answer_segment,13,10,False,58,58,True,12.46672248840332,,ok,True,ok,8,8
exp_c,exp_c__gsm8k_test_001002__no_think,gsm8k_test_001002,no_think,canonical,,answer_segment,20,10,False,58,58,True,13.547442436218262,,ok,True,ok,8,8
exp_c,exp_c__gsm8k_test_001006__think,gsm8k_test_001006,think,canonical,,full_output,6,10,False,406,406,True,15.947827339172363,,ok,True,ok,826,826
exp_c,exp_c__gsm8k_test_001006__think,gsm8k_test_001006,think,canonical,,full_output,13,10,False,406,406,True,10.811569213867188,,ok,True,ok,826,826
exp_c,exp_c__gsm8k_test_001006__think,gsm8k_test_001006,think,canonical,,full_output,20,10,False,406,406,True,23.847719192504883,,ok,True,ok,826,826
exp_c,exp_c__gsm8k_test_001006__think,gsm8k_test_001006,think,canonical,,thinking_segment,6,10,False,339,339,True,17.705907821655273,,ok_qwen_token_boundary,True,ok,826,826
exp_c,exp_c__gsm8k_test_001006__think,gsm8k_test_001006,think,canonical,,thinking_segment,13,10,False,339,339,True,11.574405670166016,,ok_qwen_token_boundary,True,ok,826,826
exp_c,exp_c__gsm8k_test_001006__think,gsm8k_test_001006,think,canonical,,thinking_segment,20,10,False,339,339,True,24.256885528564453,,ok_qwen_token_boundary,True,ok,826,826
exp_c,exp_c__gsm8k_test_001006__think,gsm8k_test_001006,think,canonical,,answer_segment,6,10,False,67,67,True,13.968935012817383,,ok_qwen_token_boundary,True,ok,826,826
exp_c,exp_c__gsm8k_test_001006__think,gsm8k_test_001006,think,canonical,,answer_segment,13,10,False,67,67,True,10.917720794677734,,ok_qwen_token_boundary,True,ok,826,826
exp_c,exp_c__gsm8k_test_001006__think,gsm8k_test_001006,think,canonical,,answer_segment,20,10,False,67,67,True,10.220826148986816,,ok_qwen_token_boundary,True,ok,826,826
exp_c,exp_c__gsm8k_test_001006__no_think,gsm8k_test_001006,no_think,canonical,,full_output,6,10,False,71,71,True,13.564332962036133,,ok,False,ok,826,828.4
exp_c,exp_c__gsm8k_test_001006__no_think,gsm8k_test_001006,no_think,canonical,,full_output,13,10,False,71,71,True,10.954680442810059,,ok,False,ok,826,828.4
exp_c,exp_c__gsm8k_test_001006__no_think,gsm8k_test_001006,no_think,canonical,,full_output,20,10,False,71,71,True,10.90071964263916,,ok,False,ok,826,828.4
exp_c,exp_c__gsm8k_test_001006__no_think,gsm8k_test_001006,no_think,canonical,,answer_segment,6,10,False,71,71,True,13.564332962036133,,ok,False,ok,826,828.4
exp_c,exp_c__gsm8k_test_001006__no_think,gsm8k_test_001006,no_think,canonical,,answer_segment,13,10,False,71,71,True,10.954680442810059,,ok,False,ok,826,828.4
exp_c,exp_c__gsm8k_test_001006__no_think,gsm8k_test_001006,no_think,canonical,,answer_segment,20,10,False,71,71,True,10.90071964263916,,ok,False,ok,826,828.4
exp_c,exp_c__gsm8k_test_001008__think,gsm8k_test_001008,think,canonical,,full_output,6,10,False,282,282,True,13.811206817626953,,ok,True,ok,230,230
exp_c,exp_c__gsm8k_test_001008__think,gsm8k_test_001008,think,canonical,,full_output,13,10,False,282,282,True,10.818307876586914,,ok,True,ok,230,230
exp_c,exp_c__gsm8k_test_001008__think,gsm8k_test_001008,think,canonical,,full_output,20,10,False,282,282,True,10.543563842773438,,ok,True,ok,230,230
exp_c,exp_c__gsm8k_test_001008__think,gsm8k_test_001008,think,canonical,,thinking_segment,6,10,False,240,240,True,14.078200340270996,,ok_qwen_token_boundary,True,ok,230,230
exp_c,exp_c__gsm8k_test_001008__think,gsm8k_test_001008,think,canonical,,thinking_segment,13,10,False,240,240,True,10.444113731384277,,ok_qwen_token_boundary,True,ok,230,230
exp_c,exp_c__gsm8k_test_001008__think,gsm8k_test_001008,think,canonical,,thinking_segment,20,10,False,240,240,True,10.286561012268066,,ok_qwen_token_boundary,True,ok,230,230
exp_c,exp_c__gsm8k_test_001008__think,gsm8k_test_001008,think,canonical,,answer_segment,6,10,False,42,42,True,11.350140571594238,,ok_qwen_token_boundary,True,ok,230,230
exp_c,exp_c__gsm8k_test_001008__think,gsm8k_test_001008,think,canonical,,answer_segment,13,10,False,42,42,True,12.553658485412598,,ok_qwen_token_boundary,True,ok,230,230
exp_c,exp_c__gsm8k_test_001008__think,gsm8k_test_001008,think,canonical,,answer_segment,20,10,False,42,42,True,11.174073219299316,,ok_qwen_token_boundary,True,ok,230,230
exp_c,exp_c__gsm8k_test_001008__no_think,gsm8k_test_001008,no_think,canonical,,full_output,6,10,False,42,42,True,10.730910301208496,,ok,False,ok,230,170
exp_c,exp_c__gsm8k_test_001008__no_think,gsm8k_test_001008,no_think,canonical,,full_output,13,10,False,42,42,True,11.445197105407715,,ok,False,ok,230,170
exp_c,exp_c__gsm8k_test_001008__no_think,gsm8k_test_001008,no_think,canonical,,full_output,20,10,False,42,42,True,11.262664794921875,,ok,False,ok,230,170
exp_c,exp_c__gsm8k_test_001008__no_think,gsm8k_test_001008,no_think,canonical,,answer_segment,6,10,False,42,42,True,10.730910301208496,,ok,False,ok,230,170
exp_c,exp_c__gsm8k_test_001008__no_think,gsm8k_test_001008,no_think,canonical,,answer_segment,13,10,False,42,42,True,11.445197105407715,,ok,False,ok,230,170
exp_c,exp_c__gsm8k_test_001008__no_think,gsm8k_test_001008,no_think,canonical,,answer_segment,20,10,False,42,42,True,11.262664794921875,,ok,False,ok,230,170
exp_c,exp_c__gsm8k_test_001009__think,gsm8k_test_001009,think,canonical,,full_output,6,10,False,322,322,True,11.10678768157959,,ok,True,ok,1875,1875
exp_c,exp_c__gsm8k_test_001009__think,gsm8k_test_001009,think,canonical,,full_output,13,10,False,322,322,True,10.342073440551758,,ok,True,ok,1875,1875
exp_c,exp_c__gsm8k_test_001009__think,gsm8k_test_001009,think,canonical,,full_output,20,10,False,322,322,True,33.1878776550293,,ok,True,ok,1875,1875
exp_c,exp_c__gsm8k_test_001009__think,gsm8k_test_001009,think,canonical,,thinking_segment,6,10,False,251,251,True,11.636523246765137,,ok_qwen_token_boundary,True,ok,1875,1875
exp_c,exp_c__gsm8k_test_001009__think,gsm8k_test_001009,think,canonical,,thinking_segment,13,10,False,251,251,True,10.2484712600708,,ok_qwen_token_boundary,True,ok,1875,1875
exp_c,exp_c__gsm8k_test_001009__think,gsm8k_test_001009,think,canonical,,thinking_segment,20,10,False,251,251,True,26.680320739746094,,ok_qwen_token_boundary,True,ok,1875,1875
exp_c,exp_c__gsm8k_test_001009__think,gsm8k_test_001009,think,canonical,,answer_segment,6,10,False,71,71,True,10.76087760925293,,ok_qwen_token_boundary,True,ok,1875,1875
exp_c,exp_c__gsm8k_test_001009__think,gsm8k_test_001009,think,canonical,,answer_segment,13,10,False,71,71,True,10.60326099395752,,ok_qwen_token_boundary,True,ok,1875,1875
exp_c,exp_c__gsm8k_test_001009__think,gsm8k_test_001009,think,canonical,,answer_segment,20,10,False,71,71,True,10.257204055786133,,ok_qwen_token_boundary,True,ok,1875,1875
exp_c,exp_c__gsm8k_test_001009__no_think,gsm8k_test_001009,no_think,canonical,,full_output,6,10,False,58,58,True,11.578658103942871,,ok,False,ok,1875,1125
exp_c,exp_c__gsm8k_test_001009__no_think,gsm8k_test_001009,no_think,canonical,,full_output,13,10,False,58,58,True,9.765435218811035,,ok,False,ok,1875,1125
exp_c,exp_c__gsm8k_test_001009__no_think,gsm8k_test_001009,no_think,canonical,,full_output,20,10,False,58,58,True,10.567682266235352,,ok,False,ok,1875,1125
exp_c,exp_c__gsm8k_test_001009__no_think,gsm8k_test_001009,no_think,canonical,,answer_segment,6,10,False,58,58,True,11.578658103942871,,ok,False,ok,1875,1125
exp_c,exp_c__gsm8k_test_001009__no_think,gsm8k_test_001009,no_think,canonical,,answer_segment,13,10,False,58,58,True,9.765435218811035,,ok,False,ok,1875,1125
exp_c,exp_c__gsm8k_test_001009__no_think,gsm8k_test_001009,no_think,canonical,,answer_segment,20,10,False,58,58,True,10.567682266235352,,ok,False,ok,1875,1125
exp_c,exp_c__gsm8k_test_001013__think,gsm8k_test_001013,think,canonical,,full_output,6,10,False,291,291,True,14.979998588562012,,ok,True,ok,2,2
exp_c,exp_c__gsm8k_test_001013__think,gsm8k_test_001013,think,canonical,,full_output,13,10,False,291,291,True,11.057711601257324,,ok,True,ok,2,2
exp_c,exp_c__gsm8k_test_001013__think,gsm8k_test_001013,think,canonical,,full_output,20,10,False,291,291,True,11.582287788391113,,ok,True,ok,2,2
exp_c,exp_c__gsm8k_test_001013__think,gsm8k_test_001013,think,canonical,,thinking_segment,6,10,False,224,224,True,14.56539249420166,,ok_qwen_token_boundary,True,ok,2,2
exp_c,exp_c__gsm8k_test_001013__think,gsm8k_test_001013,think,canonical,,thinking_segment,13,10,False,224,224,True,11.318191528320312,,ok_qwen_token_boundary,True,ok,2,2
exp_c,exp_c__gsm8k_test_001013__think,gsm8k_test_001013,think,canonical,,thinking_segment,20,10,False,224,224,True,11.96495246887207,,ok_qwen_token_boundary,True,ok,2,2
exp_c,exp_c__gsm8k_test_001013__think,gsm8k_test_001013,think,canonical,,answer_segment,6,10,False,67,67,True,17.789663314819336,,ok_qwen_token_boundary,True,ok,2,2
exp_c,exp_c__gsm8k_test_001013__think,gsm8k_test_001013,think,canonical,,answer_segment,13,10,False,67,67,True,14.002352714538574,,ok_qwen_token_boundary,True,ok,2,2
exp_c,exp_c__gsm8k_test_001013__think,gsm8k_test_001013,think,canonical,,answer_segment,20,10,False,67,67,True,11.27560806274414,,ok_qwen_token_boundary,True,ok,2,2
exp_c,exp_c__gsm8k_test_001013__no_think,gsm8k_test_001013,no_think,canonical,,full_output,6,10,False,69,69,True,16.5234432220459,,ok,False,ok,2,100
exp_c,exp_c__gsm8k_test_001013__no_think,gsm8k_test_001013,no_think,canonical,,full_output,13,10,False,69,69,True,12.630903244018555,,ok,False,ok,2,100
exp_c,exp_c__gsm8k_test_001013__no_think,gsm8k_test_001013,no_think,canonical,,full_output,20,10,False,69,69,True,11.7318754196167,,ok,False,ok,2,100
exp_c,exp_c__gsm8k_test_001013__no_think,gsm8k_test_001013,no_think,canonical,,answer_segment,6,10,False,69,69,True,16.5234432220459,,ok,False,ok,2,100
exp_c,exp_c__gsm8k_test_001013__no_think,gsm8k_test_001013,no_think,canonical,,answer_segment,13,10,False,69,69,True,12.630903244018555,,ok,False,ok,2,100
exp_c,exp_c__gsm8k_test_001013__no_think,gsm8k_test_001013,no_think,canonical,,answer_segment,20,10,False,69,69,True,11.7318754196167,,ok,False,ok,2,100
exp_c,exp_c__gsm8k_test_001017__think,gsm8k_test_001017,think,canonical,,full_output,6,10,False,191,191,True,14.621844291687012,,ok,True,ok,45,45
exp_c,exp_c__gsm8k_test_001017__think,gsm8k_test_001017,think,canonical,,full_output,13,10,False,191,191,True,11.836906433105469,,ok,True,ok,45,45
exp_c,exp_c__gsm8k_test_001017__think,gsm8k_test_001017,think,canonical,,full_output,20,10,False,191,191,True,12.057290077209473,,ok,True,ok,45,45
exp_c,exp_c__gsm8k_test_001017__think,gsm8k_test_001017,think,canonical,,thinking_segment,6,10,False,138,138,True,15.65829849243164,,ok_qwen_token_boundary,True,ok,45,45
exp_c,exp_c__gsm8k_test_001017__think,gsm8k_test_001017,think,canonical,,thinking_segment,13,10,False,138,138,True,12.785821914672852,,ok_qwen_token_boundary,True,ok,45,45
exp_c,exp_c__gsm8k_test_001017__think,gsm8k_test_001017,think,canonical,,thinking_segment,20,10,False,138,138,True,12.09330940246582,,ok_qwen_token_boundary,True,ok,45,45
exp_c,exp_c__gsm8k_test_001017__think,gsm8k_test_001017,think,canonical,,answer_segment,6,10,False,53,53,True,12.287508964538574,,ok_qwen_token_boundary,True,ok,45,45
exp_c,exp_c__gsm8k_test_001017__think,gsm8k_test_001017,think,canonical,,answer_segment,13,10,False,53,53,True,12.656293869018555,,ok_qwen_token_boundary,True,ok,45,45
exp_c,exp_c__gsm8k_test_001017__think,gsm8k_test_001017,think,canonical,,answer_segment,20,10,False,53,53,True,12.503433227539062,,ok_qwen_token_boundary,True,ok,45,45
exp_c,exp_c__gsm8k_test_001017__no_think,gsm8k_test_001017,no_think,canonical,,full_output,6,10,False,55,55,True,11.700758934020996,,ok,True,ok,45,45
exp_c,exp_c__gsm8k_test_001017__no_think,gsm8k_test_001017,no_think,canonical,,full_output,13,10,False,55,55,True,11.284256935119629,,ok,True,ok,45,45
exp_c,exp_c__gsm8k_test_001017__no_think,gsm8k_test_001017,no_think,canonical,,full_output,20,10,False,55,55,True,13.138726234436035,,ok,True,ok,45,45
exp_c,exp_c__gsm8k_test_001017__no_think,gsm8k_test_001017,no_think,canonical,,answer_segment,6,10,False,55,55,True,11.700758934020996,,ok,True,ok,45,45
exp_c,exp_c__gsm8k_test_001017__no_think,gsm8k_test_001017,no_think,canonical,,answer_segment,13,10,False,55,55,True,11.284256935119629,,ok,True,ok,45,45
exp_c,exp_c__gsm8k_test_001017__no_think,gsm8k_test_001017,no_think,canonical,,answer_segment,20,10,False,55,55,True,13.138726234436035,,ok,True,ok,45,45
exp_c,exp_c__gsm8k_test_001026__think,gsm8k_test_001026,think,canonical,,full_output,6,10,False,321,321,True,14.134182929992676,,ok,True,ok,43200,43200
exp_c,exp_c__gsm8k_test_001026__think,gsm8k_test_001026,think,canonical,,full_output,13,10,False,321,321,True,10.660126686096191,,ok,True,ok,43200,43200
exp_c,exp_c__gsm8k_test_001026__think,gsm8k_test_001026,think,canonical,,full_output,20,10,False,321,321,True,10.89809799194336,,ok,True,ok,43200,43200
exp_c,exp_c__gsm8k_test_001026__think,gsm8k_test_001026,think,canonical,,thinking_segment,6,10,False,272,272,True,13.149480819702148,,ok_qwen_token_boundary,True,ok,43200,43200
exp_c,exp_c__gsm8k_test_001026__think,gsm8k_test_001026,think,canonical,,thinking_segment,13,10,False,272,272,True,10.65389347076416,,ok_qwen_token_boundary,True,ok,43200,43200
exp_c,exp_c__gsm8k_test_001026__think,gsm8k_test_001026,think,canonical,,thinking_segment,20,10,False,272,272,True,10.78376579284668,,ok_qwen_token_boundary,True,ok,43200,43200
exp_c,exp_c__gsm8k_test_001026__think,gsm8k_test_001026,think,canonical,,answer_segment,6,10,False,49,49,True,13.781582832336426,,ok_qwen_token_boundary,True,ok,43200,43200
exp_c,exp_c__gsm8k_test_001026__think,gsm8k_test_001026,think,canonical,,answer_segment,13,10,False,49,49,True,11.933932304382324,,ok_qwen_token_boundary,True,ok,43200,43200
exp_c,exp_c__gsm8k_test_001026__think,gsm8k_test_001026,think,canonical,,answer_segment,20,10,False,49,49,True,10.37913990020752,,ok_qwen_token_boundary,True,ok,43200,43200
exp_c,exp_c__gsm8k_test_001026__no_think,gsm8k_test_001026,no_think,canonical,,full_output,6,10,False,62,62,True,16.28450584411621,,ok,True,ok,43200,43200
exp_c,exp_c__gsm8k_test_001026__no_think,gsm8k_test_001026,no_think,canonical,,full_output,13,10,False,62,62,True,11.55582332611084,,ok,True,ok,43200,43200
exp_c,exp_c__gsm8k_test_001026__no_think,gsm8k_test_001026,no_think,canonical,,full_output,20,10,False,62,62,True,10.721555709838867,,ok,True,ok,43200,43200
exp_c,exp_c__gsm8k_test_001026__no_think,gsm8k_test_001026,no_think,canonical,,answer_segment,6,10,False,62,62,True,16.28450584411621,,ok,True,ok,43200,43200
exp_c,exp_c__gsm8k_test_001026__no_think,gsm8k_test_001026,no_think,canonical,,answer_segment,13,10,False,62,62,True,11.55582332611084,,ok,True,ok,43200,43200
exp_c,exp_c__gsm8k_test_001026__no_think,gsm8k_test_001026,no_think,canonical,,answer_segment,20,10,False,62,62,True,10.721555709838867,,ok,True,ok,43200,43200
exp_c,exp_c__gsm8k_test_001031__think,gsm8k_test_001031,think,canonical,,full_output,6,10,False,347,347,True,14.527923583984375,,ok,True,ok,5,5
exp_c,exp_c__gsm8k_test_001031__think,gsm8k_test_001031,think,canonical,,full_output,13,10,False,347,347,True,10.703843116760254,,ok,True,ok,5,5
exp_c,exp_c__gsm8k_test_001031__think,gsm8k_test_001031,think,canonical,,full_output,20,10,False,347,347,True,10.875828742980957,,ok,True,ok,5,5
exp_c,exp_c__gsm8k_test_001031__think,gsm8k_test_001031,think,canonical,,thinking_segment,6,10,False,292,292,True,13.447965621948242,,ok_qwen_token_boundary,True,ok,5,5
exp_c,exp_c__gsm8k_test_001031__think,gsm8k_test_001031,think,canonical,,thinking_segment,13,10,False,292,292,True,10.651880264282227,,ok_qwen_token_boundary,True,ok,5,5
exp_c,exp_c__gsm8k_test_001031__think,gsm8k_test_001031,think,canonical,,thinking_segment,20,10,False,292,292,True,10.907917022705078,,ok_qwen_token_boundary,True,ok,5,5
exp_c,exp_c__gsm8k_test_001031__think,gsm8k_test_001031,think,canonical,,answer_segment,6,10,False,55,55,True,12.174424171447754,,ok_qwen_token_boundary,True,ok,5,5
exp_c,exp_c__gsm8k_test_001031__think,gsm8k_test_001031,think,canonical,,answer_segment,13,10,False,55,55,True,12.00373649597168,,ok_qwen_token_boundary,True,ok,5,5
exp_c,exp_c__gsm8k_test_001031__think,gsm8k_test_001031,think,canonical,,answer_segment,20,10,False,55,55,True,11.765612602233887,,ok_qwen_token_boundary,True,ok,5,5
exp_c,exp_c__gsm8k_test_001031__no_think,gsm8k_test_001031,no_think,canonical,,full_output,6,10,False,49,49,True,11.786417961120605,,ok,False,ok,5,5750
exp_c,exp_c__gsm8k_test_001031__no_think,gsm8k_test_001031,no_think,canonical,,full_output,13,10,False,49,49,True,11.396869659423828,,ok,False,ok,5,5750
exp_c,exp_c__gsm8k_test_001031__no_think,gsm8k_test_001031,no_think,canonical,,full_output,20,10,False,49,49,True,12.421736717224121,,ok,False,ok,5,5750
exp_c,exp_c__gsm8k_test_001031__no_think,gsm8k_test_001031,no_think,canonical,,answer_segment,6,10,False,49,49,True,11.786417961120605,,ok,False,ok,5,5750
exp_c,exp_c__gsm8k_test_001031__no_think,gsm8k_test_001031,no_think,canonical,,answer_segment,13,10,False,49,49,True,11.396869659423828,,ok,False,ok,5,5750
exp_c,exp_c__gsm8k_test_001031__no_think,gsm8k_test_001031,no_think,canonical,,answer_segment,20,10,False,49,49,True,12.421736717224121,,ok,False,ok,5,5750
exp_c,exp_c__gsm8k_test_001038__think,gsm8k_test_001038,think,canonical,,full_output,6,10,False,544,544,True,9.59531021118164,,ok,True,ok,4,4
exp_c,exp_c__gsm8k_test_001038__think,gsm8k_test_001038,think,canonical,,full_output,13,10,False,544,544,True,9.062253952026367,,ok,True,ok,4,4
exp_c,exp_c__gsm8k_test_001038__think,gsm8k_test_001038,think,canonical,,full_output,20,10,False,544,544,True,20.372529983520508,,ok,True,ok,4,4
exp_c,exp_c__gsm8k_test_001038__think,gsm8k_test_001038,think,canonical,,thinking_segment,6,10,False,488,488,True,9.4879732131958,,ok_qwen_token_boundary,True,ok,4,4
exp_c,exp_c__gsm8k_test_001038__think,gsm8k_test_001038,think,canonical,,thinking_segment,13,10,False,488,488,True,8.972171783447266,,ok_qwen_token_boundary,True,ok,4,4
exp_c,exp_c__gsm8k_test_001038__think,gsm8k_test_001038,think,canonical,,thinking_segment,20,10,False,488,488,True,18.561206817626953,,ok_qwen_token_boundary,True,ok,4,4
exp_c,exp_c__gsm8k_test_001038__think,gsm8k_test_001038,think,canonical,,answer_segment,6,10,False,56,56,True,11.96276569366455,,ok_qwen_token_boundary,True,ok,4,4
exp_c,exp_c__gsm8k_test_001038__think,gsm8k_test_001038,think,canonical,,answer_segment,13,10,False,56,56,True,10.981284141540527,,ok_qwen_token_boundary,True,ok,4,4
exp_c,exp_c__gsm8k_test_001038__think,gsm8k_test_001038,think,canonical,,answer_segment,20,10,False,56,56,True,10.42273998260498,,ok_qwen_token_boundary,True,ok,4,4
exp_c,exp_c__gsm8k_test_001038__no_think,gsm8k_test_001038,no_think,canonical,,full_output,6,10,False,74,74,True,15.22297477722168,,ok,False,ok,4,8
exp_c,exp_c__gsm8k_test_001038__no_think,gsm8k_test_001038,no_think,canonical,,full_output,13,10,False,74,74,True,13.537179946899414,,ok,False,ok,4,8
exp_c,exp_c__gsm8k_test_001038__no_think,gsm8k_test_001038,no_think,canonical,,full_output,20,10,False,74,74,True,13.066213607788086,,ok,False,ok,4,8
exp_c,exp_c__gsm8k_test_001038__no_think,gsm8k_test_001038,no_think,canonical,,answer_segment,6,10,False,74,74,True,15.22297477722168,,ok,False,ok,4,8
exp_c,exp_c__gsm8k_test_001038__no_think,gsm8k_test_001038,no_think,canonical,,answer_segment,13,10,False,74,74,True,13.537179946899414,,ok,False,ok,4,8
exp_c,exp_c__gsm8k_test_001038__no_think,gsm8k_test_001038,no_think,canonical,,answer_segment,20,10,False,74,74,True,13.066213607788086,,ok,False,ok,4,8
exp_c,exp_c__gsm8k_test_001043__think,gsm8k_test_001043,think,canonical,,full_output,6,10,False,361,361,True,12.695720672607422,,ok,True,ok,130000,130000
exp_c,exp_c__gsm8k_test_001043__think,gsm8k_test_001043,think,canonical,,full_output,13,10,False,361,361,True,10.110559463500977,,ok,True,ok,130000,130000
exp_c,exp_c__gsm8k_test_001043__think,gsm8k_test_001043,think,canonical,,full_output,20,10,False,361,361,True,22.076885223388672,,ok,True,ok,130000,130000
exp_c,exp_c__gsm8k_test_001043__think,gsm8k_test_001043,think,canonical,,thinking_segment,6,10,False,312,312,True,13.627204895019531,,ok_qwen_token_boundary,True,ok,130000,130000
exp_c,exp_c__gsm8k_test_001043__think,gsm8k_test_001043,think,canonical,,thinking_segment,13,10,False,312,312,True,10.557600021362305,,ok_qwen_token_boundary,True,ok,130000,130000
exp_c,exp_c__gsm8k_test_001043__think,gsm8k_test_001043,think,canonical,,thinking_segment,20,10,False,312,312,True,23.04730987548828,,ok_qwen_token_boundary,True,ok,130000,130000
exp_c,exp_c__gsm8k_test_001043__think,gsm8k_test_001043,think,canonical,,answer_segment,6,10,False,49,49,True,12.87679386138916,,ok_qwen_token_boundary,True,ok,130000,130000
exp_c,exp_c__gsm8k_test_001043__think,gsm8k_test_001043,think,canonical,,answer_segment,13,10,False,49,49,True,11.7527437210083,,ok_qwen_token_boundary,True,ok,130000,130000
exp_c,exp_c__gsm8k_test_001043__think,gsm8k_test_001043,think,canonical,,answer_segment,20,10,False,49,49,True,10.747249603271484,,ok_qwen_token_boundary,True,ok,130000,130000
exp_c,exp_c__gsm8k_test_001043__no_think,gsm8k_test_001043,no_think,canonical,,full_output,6,10,False,50,50,True,13.310667991638184,,ok,True,ok,130000,130000
exp_c,exp_c__gsm8k_test_001043__no_think,gsm8k_test_001043,no_think,canonical,,full_output,13,10,False,50,50,True,10.951725959777832,,ok,True,ok,130000,130000
exp_c,exp_c__gsm8k_test_001043__no_think,gsm8k_test_001043,no_think,canonical,,full_output,20,10,False,50,50,True,11.340768814086914,,ok,True,ok,130000,130000
exp_c,exp_c__gsm8k_test_001043__no_think,gsm8k_test_001043,no_think,canonical,,answer_segment,6,10,False,50,50,True,13.310667991638184,,ok,True,ok,130000,130000
exp_c,exp_c__gsm8k_test_001043__no_think,gsm8k_test_001043,no_think,canonical,,answer_segment,13,10,False,50,50,True,10.951725959777832,,ok,True,ok,130000,130000
exp_c,exp_c__gsm8k_test_001043__no_think,gsm8k_test_001043,no_think,canonical,,answer_segment,20,10,False,50,50,True,11.340768814086914,,ok,True,ok,130000,130000
exp_c,exp_c__gsm8k_test_001047__think,gsm8k_test_001047,think,canonical,,full_output,6,10,False,342,342,True,16.615131378173828,,ok,True,ok,10,10
exp_c,exp_c__gsm8k_test_001047__think,gsm8k_test_001047,think,canonical,,full_output,13,10,False,342,342,True,11.068480491638184,,ok,True,ok,10,10
exp_c,exp_c__gsm8k_test_001047__think,gsm8k_test_001047,think,canonical,,full_output,20,10,False,342,342,True,10.992412567138672,,ok,True,ok,10,10
exp_c,exp_c__gsm8k_test_001047__think,gsm8k_test_001047,think,canonical,,thinking_segment,6,10,False,273,273,True,18.81926155090332,,ok_qwen_token_boundary,True,ok,10,10
exp_c,exp_c__gsm8k_test_001047__think,gsm8k_test_001047,think,canonical,,thinking_segment,13,10,False,273,273,True,11.572748184204102,,ok_qwen_token_boundary,True,ok,10,10
exp_c,exp_c__gsm8k_test_001047__think,gsm8k_test_001047,think,canonical,,thinking_segment,20,10,False,273,273,True,11.357680320739746,,ok_qwen_token_boundary,True,ok,10,10
exp_c,exp_c__gsm8k_test_001047__think,gsm8k_test_001047,think,canonical,,answer_segment,6,10,False,69,69,True,15.304344177246094,,ok_qwen_token_boundary,True,ok,10,10
exp_c,exp_c__gsm8k_test_001047__think,gsm8k_test_001047,think,canonical,,answer_segment,13,10,False,69,69,True,12.401046752929688,,ok_qwen_token_boundary,True,ok,10,10
exp_c,exp_c__gsm8k_test_001047__think,gsm8k_test_001047,think,canonical,,answer_segment,20,10,False,69,69,True,11.237308502197266,,ok_qwen_token_boundary,True,ok,10,10
exp_c,exp_c__gsm8k_test_001047__no_think,gsm8k_test_001047,no_think,canonical,,full_output,6,10,False,55,55,True,11.5249605178833,,ok,True,ok,10,10
exp_c,exp_c__gsm8k_test_001047__no_think,gsm8k_test_001047,no_think,canonical,,full_output,13,10,False,55,55,True,11.865607261657715,,ok,True,ok,10,10
exp_c,exp_c__gsm8k_test_001047__no_think,gsm8k_test_001047,no_think,canonical,,full_output,20,10,False,55,55,True,11.549656867980957,,ok,True,ok,10,10
exp_c,exp_c__gsm8k_test_001047__no_think,gsm8k_test_001047,no_think,canonical,,answer_segment,6,10,False,55,55,True,11.5249605178833,,ok,True,ok,10,10
exp_c,exp_c__gsm8k_test_001047__no_think,gsm8k_test_001047,no_think,canonical,,answer_segment,13,10,False,55,55,True,11.865607261657715,,ok,True,ok,10,10
exp_c,exp_c__gsm8k_test_001047__no_think,gsm8k_test_001047,no_think,canonical,,answer_segment,20,10,False,55,55,True,11.549656867980957,,ok,True,ok,10,10
exp_c,exp_c__gsm8k_test_001052__think,gsm8k_test_001052,think,canonical,,full_output,6,10,False,392,392,True,12.622847557067871,,ok,True,ok,110,110
exp_c,exp_c__gsm8k_test_001052__think,gsm8k_test_001052,think,canonical,,full_output,13,10,False,392,392,True,10.256171226501465,,ok,True,ok,110,110
exp_c,exp_c__gsm8k_test_001052__think,gsm8k_test_001052,think,canonical,,full_output,20,10,False,392,392,True,10.688700675964355,,ok,True,ok,110,110
exp_c,exp_c__gsm8k_test_001052__think,gsm8k_test_001052,think,canonical,,thinking_segment,6,10,False,336,336,True,13.155977249145508,,ok_qwen_token_boundary,True,ok,110,110
exp_c,exp_c__gsm8k_test_001052__think,gsm8k_test_001052,think,canonical,,thinking_segment,13,10,False,336,336,True,10.660012245178223,,ok_qwen_token_boundary,True,ok,110,110
exp_c,exp_c__gsm8k_test_001052__think,gsm8k_test_001052,think,canonical,,thinking_segment,20,10,False,336,336,True,10.806199073791504,,ok_qwen_token_boundary,True,ok,110,110
exp_c,exp_c__gsm8k_test_001052__think,gsm8k_test_001052,think,canonical,,answer_segment,6,10,False,56,56,True,17.024309158325195,,ok_qwen_token_boundary,True,ok,110,110
exp_c,exp_c__gsm8k_test_001052__think,gsm8k_test_001052,think,canonical,,answer_segment,13,10,False,56,56,True,10.876898765563965,,ok_qwen_token_boundary,True,ok,110,110
exp_c,exp_c__gsm8k_test_001052__think,gsm8k_test_001052,think,canonical,,answer_segment,20,10,False,56,56,True,10.3317289352417,,ok_qwen_token_boundary,True,ok,110,110
exp_c,exp_c__gsm8k_test_001052__no_think,gsm8k_test_001052,no_think,canonical,,full_output,6,10,False,56,56,True,16.81484603881836,,ok,False,ok,110,120
exp_c,exp_c__gsm8k_test_001052__no_think,gsm8k_test_001052,no_think,canonical,,full_output,13,10,False,56,56,True,10.736319541931152,,ok,False,ok,110,120
exp_c,exp_c__gsm8k_test_001052__no_think,gsm8k_test_001052,no_think,canonical,,full_output,20,10,False,56,56,True,9.911054611206055,,ok,False,ok,110,120
exp_c,exp_c__gsm8k_test_001052__no_think,gsm8k_test_001052,no_think,canonical,,answer_segment,6,10,False,56,56,True,16.81484603881836,,ok,False,ok,110,120
exp_c,exp_c__gsm8k_test_001052__no_think,gsm8k_test_001052,no_think,canonical,,answer_segment,13,10,False,56,56,True,10.736319541931152,,ok,False,ok,110,120
exp_c,exp_c__gsm8k_test_001052__no_think,gsm8k_test_001052,no_think,canonical,,answer_segment,20,10,False,56,56,True,9.911054611206055,,ok,False,ok,110,120
exp_c,exp_c__gsm8k_test_001058__think,gsm8k_test_001058,think,canonical,,full_output,6,10,False,258,258,True,13.526580810546875,,ok,True,ok,250,250
exp_c,exp_c__gsm8k_test_001058__think,gsm8k_test_001058,think,canonical,,full_output,13,10,False,258,258,True,11.21424388885498,,ok,True,ok,250,250
exp_c,exp_c__gsm8k_test_001058__think,gsm8k_test_001058,think,canonical,,full_output,20,10,False,258,258,True,11.042162895202637,,ok,True,ok,250,250
exp_c,exp_c__gsm8k_test_001058__think,gsm8k_test_001058,think,canonical,,thinking_segment,6,10,False,206,206,True,12.560638427734375,,ok_qwen_token_boundary,True,ok,250,250
exp_c,exp_c__gsm8k_test_001058__think,gsm8k_test_001058,think,canonical,,thinking_segment,13,10,False,206,206,True,10.750540733337402,,ok_qwen_token_boundary,True,ok,250,250
exp_c,exp_c__gsm8k_test_001058__think,gsm8k_test_001058,think,canonical,,thinking_segment,20,10,False,206,206,True,10.882833480834961,,ok_qwen_token_boundary,True,ok,250,250
exp_c,exp_c__gsm8k_test_001058__think,gsm8k_test_001058,think,canonical,,answer_segment,6,10,False,52,52,True,14.433053970336914,,ok_qwen_token_boundary,True,ok,250,250
exp_c,exp_c__gsm8k_test_001058__think,gsm8k_test_001058,think,canonical,,answer_segment,13,10,False,52,52,True,13.110637664794922,,ok_qwen_token_boundary,True,ok,250,250
exp_c,exp_c__gsm8k_test_001058__think,gsm8k_test_001058,think,canonical,,answer_segment,20,10,False,52,52,True,10.90262222290039,,ok_qwen_token_boundary,True,ok,250,250
exp_c,exp_c__gsm8k_test_001058__no_think,gsm8k_test_001058,no_think,canonical,,full_output,6,10,False,53,53,True,13.691704750061035,,ok,False,ok,250,200
exp_c,exp_c__gsm8k_test_001058__no_think,gsm8k_test_001058,no_think,canonical,,full_output,13,10,False,53,53,True,12.189287185668945,,ok,False,ok,250,200
exp_c,exp_c__gsm8k_test_001058__no_think,gsm8k_test_001058,no_think,canonical,,full_output,20,10,False,53,53,True,11.645431518554688,,ok,False,ok,250,200
exp_c,exp_c__gsm8k_test_001058__no_think,gsm8k_test_001058,no_think,canonical,,answer_segment,6,10,False,53,53,True,13.691704750061035,,ok,False,ok,250,200
exp_c,exp_c__gsm8k_test_001058__no_think,gsm8k_test_001058,no_think,canonical,,answer_segment,13,10,False,53,53,True,12.189287185668945,,ok,False,ok,250,200
exp_c,exp_c__gsm8k_test_001058__no_think,gsm8k_test_001058,no_think,canonical,,answer_segment,20,10,False,53,53,True,11.645431518554688,,ok,False,ok,250,200
exp_c,exp_c__gsm8k_test_001059__think,gsm8k_test_001059,think,canonical,,full_output,6,10,False,553,553,True,11.547457695007324,,ok,False,ok,2,6
exp_c,exp_c__gsm8k_test_001059__think,gsm8k_test_001059,think,canonical,,full_output,13,10,False,553,553,True,9.19393253326416,,ok,False,ok,2,6
exp_c,exp_c__gsm8k_test_001059__think,gsm8k_test_001059,think,canonical,,full_output,20,10,False,553,553,True,9.834254264831543,,ok,False,ok,2,6
exp_c,exp_c__gsm8k_test_001059__think,gsm8k_test_001059,think,canonical,,thinking_segment,6,10,False,514,514,True,11.332146644592285,,ok_qwen_token_boundary,False,ok,2,6
exp_c,exp_c__gsm8k_test_001059__think,gsm8k_test_001059,think,canonical,,thinking_segment,13,10,False,514,514,True,8.98220443725586,,ok_qwen_token_boundary,False,ok,2,6
exp_c,exp_c__gsm8k_test_001059__think,gsm8k_test_001059,think,canonical,,thinking_segment,20,10,False,514,514,True,9.776662826538086,,ok_qwen_token_boundary,False,ok,2,6
exp_c,exp_c__gsm8k_test_001059__think,gsm8k_test_001059,think,canonical,,answer_segment,6,10,False,39,39,True,10.34061336517334,,ok_qwen_token_boundary,False,ok,2,6
exp_c,exp_c__gsm8k_test_001059__think,gsm8k_test_001059,think,canonical,,answer_segment,13,10,False,39,39,True,11.090648651123047,,ok_qwen_token_boundary,False,ok,2,6
exp_c,exp_c__gsm8k_test_001059__think,gsm8k_test_001059,think,canonical,,answer_segment,20,10,False,39,39,True,10.946992874145508,,ok_qwen_token_boundary,False,ok,2,6
exp_c,exp_c__gsm8k_test_001059__no_think,gsm8k_test_001059,no_think,canonical,,full_output,6,10,False,45,45,True,11.904443740844727,,ok,True,ok,2,2
exp_c,exp_c__gsm8k_test_001059__no_think,gsm8k_test_001059,no_think,canonical,,full_output,13,10,False,45,45,True,10.655789375305176,,ok,True,ok,2,2
exp_c,exp_c__gsm8k_test_001059__no_think,gsm8k_test_001059,no_think,canonical,,full_output,20,10,False,45,45,True,11.564957618713379,,ok,True,ok,2,2
exp_c,exp_c__gsm8k_test_001059__no_think,gsm8k_test_001059,no_think,canonical,,answer_segment,6,10,False,45,45,True,11.904443740844727,,ok,True,ok,2,2
exp_c,exp_c__gsm8k_test_001059__no_think,gsm8k_test_001059,no_think,canonical,,answer_segment,13,10,False,45,45,True,10.655789375305176,,ok,True,ok,2,2
exp_c,exp_c__gsm8k_test_001059__no_think,gsm8k_test_001059,no_think,canonical,,answer_segment,20,10,False,45,45,True,11.564957618713379,,ok,True,ok,2,2
exp_c,exp_c__gsm8k_test_001079__think,gsm8k_test_001079,think,canonical,,full_output,6,10,False,384,384,True,13.122897148132324,,ok,True,ok,10,10
exp_c,exp_c__gsm8k_test_001079__think,gsm8k_test_001079,think,canonical,,full_output,13,10,False,384,384,True,10.149983406066895,,ok,True,ok,10,10
exp_c,exp_c__gsm8k_test_001079__think,gsm8k_test_001079,think,canonical,,full_output,20,10,False,384,384,True,23.878042221069336,,ok,True,ok,10,10
exp_c,exp_c__gsm8k_test_001079__think,gsm8k_test_001079,think,canonical,,thinking_segment,6,10,False,306,306,True,13.06116771697998,,ok_qwen_token_boundary,True,ok,10,10
exp_c,exp_c__gsm8k_test_001079__think,gsm8k_test_001079,think,canonical,,thinking_segment,13,10,False,306,306,True,10.346030235290527,,ok_qwen_token_boundary,True,ok,10,10
exp_c,exp_c__gsm8k_test_001079__think,gsm8k_test_001079,think,canonical,,thinking_segment,20,10,False,306,306,True,24.92516326904297,,ok_qwen_token_boundary,True,ok,10,10
exp_c,exp_c__gsm8k_test_001079__think,gsm8k_test_001079,think,canonical,,answer_segment,6,10,False,78,78,True,16.70436668395996,,ok_qwen_token_boundary,True,ok,10,10
exp_c,exp_c__gsm8k_test_001079__think,gsm8k_test_001079,think,canonical,,answer_segment,13,10,False,78,78,True,12.540975570678711,,ok_qwen_token_boundary,True,ok,10,10
exp_c,exp_c__gsm8k_test_001079__think,gsm8k_test_001079,think,canonical,,answer_segment,20,10,False,78,78,True,11.753888130187988,,ok_qwen_token_boundary,True,ok,10,10
exp_c,exp_c__gsm8k_test_001079__no_think,gsm8k_test_001079,no_think,canonical,,full_output,6,10,False,52,52,True,11.00527286529541,,ok,False,ok,10,90
exp_c,exp_c__gsm8k_test_001079__no_think,gsm8k_test_001079,no_think,canonical,,full_output,13,10,False,52,52,True,11.575888633728027,,ok,False,ok,10,90
exp_c,exp_c__gsm8k_test_001079__no_think,gsm8k_test_001079,no_think,canonical,,full_output,20,10,False,52,52,True,12.352864265441895,,ok,False,ok,10,90
exp_c,exp_c__gsm8k_test_001079__no_think,gsm8k_test_001079,no_think,canonical,,answer_segment,6,10,False,52,52,True,11.00527286529541,,ok,False,ok,10,90
exp_c,exp_c__gsm8k_test_001079__no_think,gsm8k_test_001079,no_think,canonical,,answer_segment,13,10,False,52,52,True,11.575888633728027,,ok,False,ok,10,90
exp_c,exp_c__gsm8k_test_001079__no_think,gsm8k_test_001079,no_think,canonical,,answer_segment,20,10,False,52,52,True,12.352864265441895,,ok,False,ok,10,90
exp_c,exp_c__gsm8k_test_001082__think,gsm8k_test_001082,think,canonical,,full_output,6,10,False,558,558,True,12.156512260437012,,ok,False,ok,2,1
exp_c,exp_c__gsm8k_test_001082__think,gsm8k_test_001082,think,canonical,,full_output,13,10,False,558,558,True,8.808337211608887,,ok,False,ok,2,1
exp_c,exp_c__gsm8k_test_001082__think,gsm8k_test_001082,think,canonical,,full_output,20,10,False,558,558,True,20.6190185546875,,ok,False,ok,2,1
exp_c,exp_c__gsm8k_test_001082__think,gsm8k_test_001082,think,canonical,,thinking_segment,6,10,False,514,514,True,12.202984809875488,,ok_qwen_token_boundary,False,ok,2,1
exp_c,exp_c__gsm8k_test_001082__think,gsm8k_test_001082,think,canonical,,thinking_segment,13,10,False,514,514,True,8.505125045776367,,ok_qwen_token_boundary,False,ok,2,1
exp_c,exp_c__gsm8k_test_001082__think,gsm8k_test_001082,think,canonical,,thinking_segment,20,10,False,514,514,True,22.093351364135742,,ok_qwen_token_boundary,False,ok,2,1
exp_c,exp_c__gsm8k_test_001082__think,gsm8k_test_001082,think,canonical,,answer_segment,6,10,False,44,44,True,14.031521797180176,,ok_qwen_token_boundary,False,ok,2,1
exp_c,exp_c__gsm8k_test_001082__think,gsm8k_test_001082,think,canonical,,answer_segment,13,10,False,44,44,True,11.863824844360352,,ok_qwen_token_boundary,False,ok,2,1
exp_c,exp_c__gsm8k_test_001082__think,gsm8k_test_001082,think,canonical,,answer_segment,20,10,False,44,44,True,11.700301170349121,,ok_qwen_token_boundary,False,ok,2,1
exp_c,exp_c__gsm8k_test_001082__no_think,gsm8k_test_001082,no_think,canonical,,full_output,6,10,False,49,49,True,13.346637725830078,,ok,False,ok,2,1
exp_c,exp_c__gsm8k_test_001082__no_think,gsm8k_test_001082,no_think,canonical,,full_output,13,10,False,49,49,True,10.487077713012695,,ok,False,ok,2,1
exp_c,exp_c__gsm8k_test_001082__no_think,gsm8k_test_001082,no_think,canonical,,full_output,20,10,False,49,49,True,10.757243156433105,,ok,False,ok,2,1
exp_c,exp_c__gsm8k_test_001082__no_think,gsm8k_test_001082,no_think,canonical,,answer_segment,6,10,False,49,49,True,13.346637725830078,,ok,False,ok,2,1
exp_c,exp_c__gsm8k_test_001082__no_think,gsm8k_test_001082,no_think,canonical,,answer_segment,13,10,False,49,49,True,10.487077713012695,,ok,False,ok,2,1
exp_c,exp_c__gsm8k_test_001082__no_think,gsm8k_test_001082,no_think,canonical,,answer_segment,20,10,False,49,49,True,10.757243156433105,,ok,False,ok,2,1
exp_c,exp_c__gsm8k_test_001088__think,gsm8k_test_001088,think,canonical,,full_output,6,10,False,594,594,True,10.635998725891113,,ok,False,ok,30,28.333
exp_c,exp_c__gsm8k_test_001088__think,gsm8k_test_001088,think,canonical,,full_output,13,10,False,594,594,True,9.301485061645508,,ok,False,ok,30,28.333
exp_c,exp_c__gsm8k_test_001088__think,gsm8k_test_001088,think,canonical,,full_output,20,10,False,594,594,True,25.387706756591797,,ok,False,ok,30,28.333
exp_c,exp_c__gsm8k_test_001088__think,gsm8k_test_001088,think,canonical,,thinking_segment,6,10,False,514,514,True,10.605311393737793,,ok_qwen_token_boundary,False,ok,30,28.333
exp_c,exp_c__gsm8k_test_001088__think,gsm8k_test_001088,think,canonical,,thinking_segment,13,10,False,514,514,True,9.449414253234863,,ok_qwen_token_boundary,False,ok,30,28.333
exp_c,exp_c__gsm8k_test_001088__think,gsm8k_test_001088,think,canonical,,thinking_segment,20,10,False,514,514,True,17.22234535217285,,ok_qwen_token_boundary,False,ok,30,28.333
exp_c,exp_c__gsm8k_test_001088__think,gsm8k_test_001088,think,canonical,,answer_segment,6,10,False,80,80,True,21.5224552154541,,ok_qwen_token_boundary,False,ok,30,28.333
exp_c,exp_c__gsm8k_test_001088__think,gsm8k_test_001088,think,canonical,,answer_segment,13,10,False,80,80,True,11.524290084838867,,ok_qwen_token_boundary,False,ok,30,28.333
exp_c,exp_c__gsm8k_test_001088__think,gsm8k_test_001088,think,canonical,,answer_segment,20,10,False,80,80,True,10.718781471252441,,ok_qwen_token_boundary,False,ok,30,28.333
exp_c,exp_c__gsm8k_test_001088__no_think,gsm8k_test_001088,no_think,canonical,,full_output,6,10,False,58,58,True,15.456048965454102,,ok,False,ok,30,25
exp_c,exp_c__gsm8k_test_001088__no_think,gsm8k_test_001088,no_think,canonical,,full_output,13,10,False,58,58,True,13.522541999816895,,ok,False,ok,30,25
exp_c,exp_c__gsm8k_test_001088__no_think,gsm8k_test_001088,no_think,canonical,,full_output,20,10,False,58,58,True,12.15937614440918,,ok,False,ok,30,25
exp_c,exp_c__gsm8k_test_001088__no_think,gsm8k_test_001088,no_think,canonical,,answer_segment,6,10,False,58,58,True,15.456048965454102,,ok,False,ok,30,25
exp_c,exp_c__gsm8k_test_001088__no_think,gsm8k_test_001088,no_think,canonical,,answer_segment,13,10,False,58,58,True,13.522541999816895,,ok,False,ok,30,25
exp_c,exp_c__gsm8k_test_001088__no_think,gsm8k_test_001088,no_think,canonical,,answer_segment,20,10,False,58,58,True,12.15937614440918,,ok,False,ok,30,25
exp_c,exp_c__gsm8k_test_001090__think,gsm8k_test_001090,think,canonical,,full_output,6,10,False,416,416,True,13.806833267211914,,ok,True,ok,72,72
exp_c,exp_c__gsm8k_test_001090__think,gsm8k_test_001090,think,canonical,,full_output,13,10,False,416,416,True,10.428971290588379,,ok,True,ok,72,72
exp_c,exp_c__gsm8k_test_001090__think,gsm8k_test_001090,think,canonical,,full_output,20,10,False,416,416,True,22.502023696899414,,ok,True,ok,72,72
exp_c,exp_c__gsm8k_test_001090__think,gsm8k_test_001090,think,canonical,,thinking_segment,6,10,False,362,362,True,13.852522850036621,,ok_qwen_token_boundary,True,ok,72,72
exp_c,exp_c__gsm8k_test_001090__think,gsm8k_test_001090,think,canonical,,thinking_segment,13,10,False,362,362,True,10.14569091796875,,ok_qwen_token_boundary,True,ok,72,72
exp_c,exp_c__gsm8k_test_001090__think,gsm8k_test_001090,think,canonical,,thinking_segment,20,10,False,362,362,True,20.072290420532227,,ok_qwen_token_boundary,True,ok,72,72
exp_c,exp_c__gsm8k_test_001090__think,gsm8k_test_001090,think,canonical,,answer_segment,6,10,False,54,54,True,13.194957733154297,,ok_qwen_token_boundary,True,ok,72,72
exp_c,exp_c__gsm8k_test_001090__think,gsm8k_test_001090,think,canonical,,answer_segment,13,10,False,54,54,True,10.875601768493652,,ok_qwen_token_boundary,True,ok,72,72
exp_c,exp_c__gsm8k_test_001090__think,gsm8k_test_001090,think,canonical,,answer_segment,20,10,False,54,54,True,11.79643440246582,,ok_qwen_token_boundary,True,ok,72,72
exp_c,exp_c__gsm8k_test_001090__no_think,gsm8k_test_001090,no_think,canonical,,full_output,6,10,False,48,48,True,12.42144775390625,,ok,False,ok,72,71
exp_c,exp_c__gsm8k_test_001090__no_think,gsm8k_test_001090,no_think,canonical,,full_output,13,10,False,48,48,True,11.528523445129395,,ok,False,ok,72,71
exp_c,exp_c__gsm8k_test_001090__no_think,gsm8k_test_001090,no_think,canonical,,full_output,20,10,False,48,48,True,11.773701667785645,,ok,False,ok,72,71
exp_c,exp_c__gsm8k_test_001090__no_think,gsm8k_test_001090,no_think,canonical,,answer_segment,6,10,False,48,48,True,12.42144775390625,,ok,False,ok,72,71
exp_c,exp_c__gsm8k_test_001090__no_think,gsm8k_test_001090,no_think,canonical,,answer_segment,13,10,False,48,48,True,11.528523445129395,,ok,False,ok,72,71
exp_c,exp_c__gsm8k_test_001090__no_think,gsm8k_test_001090,no_think,canonical,,answer_segment,20,10,False,48,48,True,11.773701667785645,,ok,False,ok,72,71
exp_c,exp_c__gsm8k_test_001094__think,gsm8k_test_001094,think,canonical,,full_output,6,10,False,376,376,True,14.065003395080566,,ok,True,ok,25,25
exp_c,exp_c__gsm8k_test_001094__think,gsm8k_test_001094,think,canonical,,full_output,13,10,False,376,376,True,10.005526542663574,,ok,True,ok,25,25
exp_c,exp_c__gsm8k_test_001094__think,gsm8k_test_001094,think,canonical,,full_output,20,10,False,376,376,True,22.896108627319336,,ok,True,ok,25,25
exp_c,exp_c__gsm8k_test_001094__think,gsm8k_test_001094,think,canonical,,thinking_segment,6,10,False,338,338,True,13.340385437011719,,ok_qwen_token_boundary,True,ok,25,25
exp_c,exp_c__gsm8k_test_001094__think,gsm8k_test_001094,think,canonical,,thinking_segment,13,10,False,338,338,True,9.66977310180664,,ok_qwen_token_boundary,True,ok,25,25
exp_c,exp_c__gsm8k_test_001094__think,gsm8k_test_001094,think,canonical,,thinking_segment,20,10,False,338,338,True,25.862314224243164,,ok_qwen_token_boundary,True,ok,25,25
exp_c,exp_c__gsm8k_test_001094__think,gsm8k_test_001094,think,canonical,,answer_segment,6,10,False,38,38,True,12.524789810180664,,ok_qwen_token_boundary,True,ok,25,25
exp_c,exp_c__gsm8k_test_001094__think,gsm8k_test_001094,think,canonical,,answer_segment,13,10,False,38,38,True,12.22331714630127,,ok_qwen_token_boundary,True,ok,25,25
exp_c,exp_c__gsm8k_test_001094__think,gsm8k_test_001094,think,canonical,,answer_segment,20,10,False,38,38,True,10.183066368103027,,ok_qwen_token_boundary,True,ok,25,25
exp_c,exp_c__gsm8k_test_001094__no_think,gsm8k_test_001094,no_think,canonical,,full_output,6,10,False,51,51,True,10.114027976989746,,ok,False,ok,25,66.6666666667
exp_c,exp_c__gsm8k_test_001094__no_think,gsm8k_test_001094,no_think,canonical,,full_output,13,10,False,51,51,True,9.19320011138916,,ok,False,ok,25,66.6666666667
exp_c,exp_c__gsm8k_test_001094__no_think,gsm8k_test_001094,no_think,canonical,,full_output,20,10,False,51,51,True,10.022187232971191,,ok,False,ok,25,66.6666666667
exp_c,exp_c__gsm8k_test_001094__no_think,gsm8k_test_001094,no_think,canonical,,answer_segment,6,10,False,51,51,True,10.114027976989746,,ok,False,ok,25,66.6666666667
exp_c,exp_c__gsm8k_test_001094__no_think,gsm8k_test_001094,no_think,canonical,,answer_segment,13,10,False,51,51,True,9.19320011138916,,ok,False,ok,25,66.6666666667
exp_c,exp_c__gsm8k_test_001094__no_think,gsm8k_test_001094,no_think,canonical,,answer_segment,20,10,False,51,51,True,10.022187232971191,,ok,False,ok,25,66.6666666667
exp_c,exp_c__gsm8k_test_001096__think,gsm8k_test_001096,think,canonical,,full_output,6,10,False,446,446,True,14.419004440307617,,ok,True,ok,240,240
exp_c,exp_c__gsm8k_test_001096__think,gsm8k_test_001096,think,canonical,,full_output,13,10,False,446,446,True,9.995535850524902,,ok,True,ok,240,240
exp_c,exp_c__gsm8k_test_001096__think,gsm8k_test_001096,think,canonical,,full_output,20,10,False,446,446,True,10.16296100616455,,ok,True,ok,240,240
exp_c,exp_c__gsm8k_test_001096__think,gsm8k_test_001096,think,canonical,,thinking_segment,6,10,False,393,393,True,13.014829635620117,,ok_qwen_token_boundary,True,ok,240,240
exp_c,exp_c__gsm8k_test_001096__think,gsm8k_test_001096,think,canonical,,thinking_segment,13,10,False,393,393,True,9.554458618164062,,ok_qwen_token_boundary,True,ok,240,240
exp_c,exp_c__gsm8k_test_001096__think,gsm8k_test_001096,think,canonical,,thinking_segment,20,10,False,393,393,True,9.56092357635498,,ok_qwen_token_boundary,True,ok,240,240
exp_c,exp_c__gsm8k_test_001096__think,gsm8k_test_001096,think,canonical,,answer_segment,6,10,False,53,53,True,14.741986274719238,,ok_qwen_token_boundary,True,ok,240,240
exp_c,exp_c__gsm8k_test_001096__think,gsm8k_test_001096,think,canonical,,answer_segment,13,10,False,53,53,True,12.042475700378418,,ok_qwen_token_boundary,True,ok,240,240
exp_c,exp_c__gsm8k_test_001096__think,gsm8k_test_001096,think,canonical,,answer_segment,20,10,False,53,53,True,12.68885326385498,,ok_qwen_token_boundary,True,ok,240,240
exp_c,exp_c__gsm8k_test_001096__no_think,gsm8k_test_001096,no_think,canonical,,full_output,6,10,False,56,56,True,12.872589111328125,,ok,False,ok,240,64
exp_c,exp_c__gsm8k_test_001096__no_think,gsm8k_test_001096,no_think,canonical,,full_output,13,10,False,56,56,True,11.097695350646973,,ok,False,ok,240,64
exp_c,exp_c__gsm8k_test_001096__no_think,gsm8k_test_001096,no_think,canonical,,full_output,20,10,False,56,56,True,11.50617790222168,,ok,False,ok,240,64
exp_c,exp_c__gsm8k_test_001096__no_think,gsm8k_test_001096,no_think,canonical,,answer_segment,6,10,False,56,56,True,12.872589111328125,,ok,False,ok,240,64
exp_c,exp_c__gsm8k_test_001096__no_think,gsm8k_test_001096,no_think,canonical,,answer_segment,13,10,False,56,56,True,11.097695350646973,,ok,False,ok,240,64
exp_c,exp_c__gsm8k_test_001096__no_think,gsm8k_test_001096,no_think,canonical,,answer_segment,20,10,False,56,56,True,11.50617790222168,,ok,False,ok,240,64
exp_c,exp_c__gsm8k_test_001098__think,gsm8k_test_001098,think,canonical,,full_output,6,10,False,312,312,True,14.80306339263916,,ok,True,ok,30,30
exp_c,exp_c__gsm8k_test_001098__think,gsm8k_test_001098,think,canonical,,full_output,13,10,False,312,312,True,9.945340156555176,,ok,True,ok,30,30
exp_c,exp_c__gsm8k_test_001098__think,gsm8k_test_001098,think,canonical,,full_output,20,10,False,312,312,True,22.53392219543457,,ok,True,ok,30,30
exp_c,exp_c__gsm8k_test_001098__think,gsm8k_test_001098,think,canonical,,thinking_segment,6,10,False,263,263,True,16.677377700805664,,ok_qwen_token_boundary,True,ok,30,30
exp_c,exp_c__gsm8k_test_001098__think,gsm8k_test_001098,think,canonical,,thinking_segment,13,10,False,263,263,True,10.465882301330566,,ok_qwen_token_boundary,True,ok,30,30
exp_c,exp_c__gsm8k_test_001098__think,gsm8k_test_001098,think,canonical,,thinking_segment,20,10,False,263,263,True,25.67116928100586,,ok_qwen_token_boundary,True,ok,30,30
exp_c,exp_c__gsm8k_test_001098__think,gsm8k_test_001098,think,canonical,,answer_segment,6,10,False,49,49,True,13.418062210083008,,ok_qwen_token_boundary,True,ok,30,30
exp_c,exp_c__gsm8k_test_001098__think,gsm8k_test_001098,think,canonical,,answer_segment,13,10,False,49,49,True,12.772075653076172,,ok_qwen_token_boundary,True,ok,30,30
exp_c,exp_c__gsm8k_test_001098__think,gsm8k_test_001098,think,canonical,,answer_segment,20,10,False,49,49,True,11.406033515930176,,ok_qwen_token_boundary,True,ok,30,30
exp_c,exp_c__gsm8k_test_001098__no_think,gsm8k_test_001098,no_think,canonical,,full_output,6,10,False,50,50,True,12.207991600036621,,ok,False,ok,30,34
exp_c,exp_c__gsm8k_test_001098__no_think,gsm8k_test_001098,no_think,canonical,,full_output,13,10,False,50,50,True,10.937363624572754,,ok,False,ok,30,34
exp_c,exp_c__gsm8k_test_001098__no_think,gsm8k_test_001098,no_think,canonical,,full_output,20,10,False,50,50,True,11.132011413574219,,ok,False,ok,30,34
exp_c,exp_c__gsm8k_test_001098__no_think,gsm8k_test_001098,no_think,canonical,,answer_segment,6,10,False,50,50,True,12.207991600036621,,ok,False,ok,30,34
exp_c,exp_c__gsm8k_test_001098__no_think,gsm8k_test_001098,no_think,canonical,,answer_segment,13,10,False,50,50,True,10.937363624572754,,ok,False,ok,30,34
exp_c,exp_c__gsm8k_test_001098__no_think,gsm8k_test_001098,no_think,canonical,,answer_segment,20,10,False,50,50,True,11.132011413574219,,ok,False,ok,30,34
exp_c,exp_c__gsm8k_test_001106__think,gsm8k_test_001106,think,canonical,,full_output,6,10,False,177,177,True,16.425405502319336,,ok,True,ok,5,5
exp_c,exp_c__gsm8k_test_001106__think,gsm8k_test_001106,think,canonical,,full_output,13,10,False,177,177,True,11.2706880569458,,ok,True,ok,5,5
exp_c,exp_c__gsm8k_test_001106__think,gsm8k_test_001106,think,canonical,,full_output,20,10,False,177,177,True,11.163341522216797,,ok,True,ok,5,5
exp_c,exp_c__gsm8k_test_001106__think,gsm8k_test_001106,think,canonical,,thinking_segment,6,10,False,134,134,True,14.7334623336792,,ok_qwen_token_boundary,True,ok,5,5
exp_c,exp_c__gsm8k_test_001106__think,gsm8k_test_001106,think,canonical,,thinking_segment,13,10,False,134,134,True,10.923463821411133,,ok_qwen_token_boundary,True,ok,5,5
exp_c,exp_c__gsm8k_test_001106__think,gsm8k_test_001106,think,canonical,,thinking_segment,20,10,False,134,134,True,10.838269233703613,,ok_qwen_token_boundary,True,ok,5,5
exp_c,exp_c__gsm8k_test_001106__think,gsm8k_test_001106,think,canonical,,answer_segment,6,10,False,43,43,True,13.787972450256348,,ok_qwen_token_boundary,True,ok,5,5
exp_c,exp_c__gsm8k_test_001106__think,gsm8k_test_001106,think,canonical,,answer_segment,13,10,False,43,43,True,12.134753227233887,,ok_qwen_token_boundary,True,ok,5,5
exp_c,exp_c__gsm8k_test_001106__think,gsm8k_test_001106,think,canonical,,answer_segment,20,10,False,43,43,True,11.54506778717041,,ok_qwen_token_boundary,True,ok,5,5
exp_c,exp_c__gsm8k_test_001106__no_think,gsm8k_test_001106,no_think,canonical,,full_output,6,10,False,49,49,True,13.667016983032227,,ok,True,ok,5,5
exp_c,exp_c__gsm8k_test_001106__no_think,gsm8k_test_001106,no_think,canonical,,full_output,13,10,False,49,49,True,11.854476928710938,,ok,True,ok,5,5
exp_c,exp_c__gsm8k_test_001106__no_think,gsm8k_test_001106,no_think,canonical,,full_output,20,10,False,49,49,True,11.43294620513916,,ok,True,ok,5,5
exp_c,exp_c__gsm8k_test_001106__no_think,gsm8k_test_001106,no_think,canonical,,answer_segment,6,10,False,49,49,True,13.667016983032227,,ok,True,ok,5,5
exp_c,exp_c__gsm8k_test_001106__no_think,gsm8k_test_001106,no_think,canonical,,answer_segment,13,10,False,49,49,True,11.854476928710938,,ok,True,ok,5,5
exp_c,exp_c__gsm8k_test_001106__no_think,gsm8k_test_001106,no_think,canonical,,answer_segment,20,10,False,49,49,True,11.43294620513916,,ok,True,ok,5,5
exp_c,exp_c__gsm8k_test_001108__think,gsm8k_test_001108,think,canonical,,full_output,6,10,False,180,180,True,21.432701110839844,,ok,True,ok,38,38
exp_c,exp_c__gsm8k_test_001108__think,gsm8k_test_001108,think,canonical,,full_output,13,10,False,180,180,True,12.65925121307373,,ok,True,ok,38,38
exp_c,exp_c__gsm8k_test_001108__think,gsm8k_test_001108,think,canonical,,full_output,20,10,False,180,180,True,11.440542221069336,,ok,True,ok,38,38
exp_c,exp_c__gsm8k_test_001108__think,gsm8k_test_001108,think,canonical,,thinking_segment,6,10,False,137,137,True,20.927806854248047,,ok_qwen_token_boundary,True,ok,38,38
exp_c,exp_c__gsm8k_test_001108__think,gsm8k_test_001108,think,canonical,,thinking_segment,13,10,False,137,137,True,12.858927726745605,,ok_qwen_token_boundary,True,ok,38,38
exp_c,exp_c__gsm8k_test_001108__think,gsm8k_test_001108,think,canonical,,thinking_segment,20,10,False,137,137,True,11.85030460357666,,ok_qwen_token_boundary,True,ok,38,38
exp_c,exp_c__gsm8k_test_001108__think,gsm8k_test_001108,think,canonical,,answer_segment,6,10,False,43,43,True,16.378273010253906,,ok_qwen_token_boundary,True,ok,38,38
exp_c,exp_c__gsm8k_test_001108__think,gsm8k_test_001108,think,canonical,,answer_segment,13,10,False,43,43,True,13.102635383605957,,ok_qwen_token_boundary,True,ok,38,38
exp_c,exp_c__gsm8k_test_001108__think,gsm8k_test_001108,think,canonical,,answer_segment,20,10,False,43,43,True,11.276960372924805,,ok_qwen_token_boundary,True,ok,38,38
exp_c,exp_c__gsm8k_test_001108__no_think,gsm8k_test_001108,no_think,canonical,,full_output,6,10,False,38,38,True,12.944361686706543,,ok,True,ok,38,38
exp_c,exp_c__gsm8k_test_001108__no_think,gsm8k_test_001108,no_think,canonical,,full_output,13,10,False,38,38,True,11.197938919067383,,ok,True,ok,38,38
exp_c,exp_c__gsm8k_test_001108__no_think,gsm8k_test_001108,no_think,canonical,,full_output,20,10,False,38,38,True,11.210246086120605,,ok,True,ok,38,38
exp_c,exp_c__gsm8k_test_001108__no_think,gsm8k_test_001108,no_think,canonical,,answer_segment,6,10,False,38,38,True,12.944361686706543,,ok,True,ok,38,38
exp_c,exp_c__gsm8k_test_001108__no_think,gsm8k_test_001108,no_think,canonical,,answer_segment,13,10,False,38,38,True,11.197938919067383,,ok,True,ok,38,38
exp_c,exp_c__gsm8k_test_001108__no_think,gsm8k_test_001108,no_think,canonical,,answer_segment,20,10,False,38,38,True,11.210246086120605,,ok,True,ok,38,38
exp_c,exp_c__gsm8k_test_001123__think,gsm8k_test_001123,think,canonical,,full_output,6,10,False,330,330,True,12.322858810424805,,ok,True,ok,105,105
exp_c,exp_c__gsm8k_test_001123__think,gsm8k_test_001123,think,canonical,,full_output,13,10,False,330,330,True,9.807022094726562,,ok,True,ok,105,105
exp_c,exp_c__gsm8k_test_001123__think,gsm8k_test_001123,think,canonical,,full_output,20,10,False,330,330,True,10.617027282714844,,ok,True,ok,105,105
exp_c,exp_c__gsm8k_test_001123__think,gsm8k_test_001123,think,canonical,,thinking_segment,6,10,False,277,277,True,11.674107551574707,,ok_qwen_token_boundary,True,ok,105,105
exp_c,exp_c__gsm8k_test_001123__think,gsm8k_test_001123,think,canonical,,thinking_segment,13,10,False,277,277,True,10.188865661621094,,ok_qwen_token_boundary,True,ok,105,105
exp_c,exp_c__gsm8k_test_001123__think,gsm8k_test_001123,think,canonical,,thinking_segment,20,10,False,277,277,True,10.807315826416016,,ok_qwen_token_boundary,True,ok,105,105
exp_c,exp_c__gsm8k_test_001123__think,gsm8k_test_001123,think,canonical,,answer_segment,6,10,False,53,53,True,11.017157554626465,,ok_qwen_token_boundary,True,ok,105,105
exp_c,exp_c__gsm8k_test_001123__think,gsm8k_test_001123,think,canonical,,answer_segment,13,10,False,53,53,True,12.387394905090332,,ok_qwen_token_boundary,True,ok,105,105
exp_c,exp_c__gsm8k_test_001123__think,gsm8k_test_001123,think,canonical,,answer_segment,20,10,False,53,53,True,11.509711265563965,,ok_qwen_token_boundary,True,ok,105,105
exp_c,exp_c__gsm8k_test_001123__no_think,gsm8k_test_001123,no_think,canonical,,full_output,6,10,False,47,47,True,11.301547050476074,,ok,False,ok,105,120
exp_c,exp_c__gsm8k_test_001123__no_think,gsm8k_test_001123,no_think,canonical,,full_output,13,10,False,47,47,True,10.894261360168457,,ok,False,ok,105,120
exp_c,exp_c__gsm8k_test_001123__no_think,gsm8k_test_001123,no_think,canonical,,full_output,20,10,False,47,47,True,10.92780876159668,,ok,False,ok,105,120
exp_c,exp_c__gsm8k_test_001123__no_think,gsm8k_test_001123,no_think,canonical,,answer_segment,6,10,False,47,47,True,11.301547050476074,,ok,False,ok,105,120
exp_c,exp_c__gsm8k_test_001123__no_think,gsm8k_test_001123,no_think,canonical,,answer_segment,13,10,False,47,47,True,10.894261360168457,,ok,False,ok,105,120
exp_c,exp_c__gsm8k_test_001123__no_think,gsm8k_test_001123,no_think,canonical,,answer_segment,20,10,False,47,47,True,10.92780876159668,,ok,False,ok,105,120
exp_c,exp_c__gsm8k_test_001136__think,gsm8k_test_001136,think,canonical,,full_output,6,10,False,284,284,True,12.890580177307129,,ok,True,ok,26,26
exp_c,exp_c__gsm8k_test_001136__think,gsm8k_test_001136,think,canonical,,full_output,13,10,False,284,284,True,10.4083833694458,,ok,True,ok,26,26
exp_c,exp_c__gsm8k_test_001136__think,gsm8k_test_001136,think,canonical,,full_output,20,10,False,284,284,True,10.701419830322266,,ok,True,ok,26,26
exp_c,exp_c__gsm8k_test_001136__think,gsm8k_test_001136,think,canonical,,thinking_segment,6,10,False,226,226,True,13.30768871307373,,ok_qwen_token_boundary,True,ok,26,26
exp_c,exp_c__gsm8k_test_001136__think,gsm8k_test_001136,think,canonical,,thinking_segment,13,10,False,226,226,True,10.158878326416016,,ok_qwen_token_boundary,True,ok,26,26
exp_c,exp_c__gsm8k_test_001136__think,gsm8k_test_001136,think,canonical,,thinking_segment,20,10,False,226,226,True,10.555959701538086,,ok_qwen_token_boundary,True,ok,26,26
exp_c,exp_c__gsm8k_test_001136__think,gsm8k_test_001136,think,canonical,,answer_segment,6,10,False,58,58,True,16.195981979370117,,ok_qwen_token_boundary,True,ok,26,26
exp_c,exp_c__gsm8k_test_001136__think,gsm8k_test_001136,think,canonical,,answer_segment,13,10,False,58,58,True,12.982870101928711,,ok_qwen_token_boundary,True,ok,26,26
exp_c,exp_c__gsm8k_test_001136__think,gsm8k_test_001136,think,canonical,,answer_segment,20,10,False,58,58,True,11.619790077209473,,ok_qwen_token_boundary,True,ok,26,26
exp_c,exp_c__gsm8k_test_001136__no_think,gsm8k_test_001136,no_think,canonical,,full_output,6,10,False,40,40,True,10.93320083618164,,ok,False,ok,26,34
exp_c,exp_c__gsm8k_test_001136__no_think,gsm8k_test_001136,no_think,canonical,,full_output,13,10,False,40,40,True,11.726590156555176,,ok,False,ok,26,34
exp_c,exp_c__gsm8k_test_001136__no_think,gsm8k_test_001136,no_think,canonical,,full_output,20,10,False,40,40,True,12.95781421661377,,ok,False,ok,26,34
exp_c,exp_c__gsm8k_test_001136__no_think,gsm8k_test_001136,no_think,canonical,,answer_segment,6,10,False,40,40,True,10.93320083618164,,ok,False,ok,26,34
exp_c,exp_c__gsm8k_test_001136__no_think,gsm8k_test_001136,no_think,canonical,,answer_segment,13,10,False,40,40,True,11.726590156555176,,ok,False,ok,26,34
exp_c,exp_c__gsm8k_test_001136__no_think,gsm8k_test_001136,no_think,canonical,,answer_segment,20,10,False,40,40,True,12.95781421661377,,ok,False,ok,26,34
exp_c,exp_c__gsm8k_test_001144__think,gsm8k_test_001144,think,canonical,,full_output,6,10,False,278,278,True,14.895624160766602,,ok,True,ok,34,34
exp_c,exp_c__gsm8k_test_001144__think,gsm8k_test_001144,think,canonical,,full_output,13,10,False,278,278,True,11.058069229125977,,ok,True,ok,34,34
exp_c,exp_c__gsm8k_test_001144__think,gsm8k_test_001144,think,canonical,,full_output,20,10,False,278,278,True,11.762741088867188,,ok,True,ok,34,34
exp_c,exp_c__gsm8k_test_001144__think,gsm8k_test_001144,think,canonical,,thinking_segment,6,10,False,238,238,True,15.083603858947754,,ok_qwen_token_boundary,True,ok,34,34
exp_c,exp_c__gsm8k_test_001144__think,gsm8k_test_001144,think,canonical,,thinking_segment,13,10,False,238,238,True,11.601339340209961,,ok_qwen_token_boundary,True,ok,34,34
exp_c,exp_c__gsm8k_test_001144__think,gsm8k_test_001144,think,canonical,,thinking_segment,20,10,False,238,238,True,12.211175918579102,,ok_qwen_token_boundary,True,ok,34,34
exp_c,exp_c__gsm8k_test_001144__think,gsm8k_test_001144,think,canonical,,answer_segment,6,10,False,40,40,True,13.8759183883667,,ok_qwen_token_boundary,True,ok,34,34
exp_c,exp_c__gsm8k_test_001144__think,gsm8k_test_001144,think,canonical,,answer_segment,13,10,False,40,40,True,13.297192573547363,,ok_qwen_token_boundary,True,ok,34,34
exp_c,exp_c__gsm8k_test_001144__think,gsm8k_test_001144,think,canonical,,answer_segment,20,10,False,40,40,True,11.621344566345215,,ok_qwen_token_boundary,True,ok,34,34
exp_c,exp_c__gsm8k_test_001144__no_think,gsm8k_test_001144,no_think,canonical,,full_output,6,10,False,45,45,True,13.729521751403809,,ok,False,ok,34,36
exp_c,exp_c__gsm8k_test_001144__no_think,gsm8k_test_001144,no_think,canonical,,full_output,13,10,False,45,45,True,13.161596298217773,,ok,False,ok,34,36
exp_c,exp_c__gsm8k_test_001144__no_think,gsm8k_test_001144,no_think,canonical,,full_output,20,10,False,45,45,True,13.819185256958008,,ok,False,ok,34,36
exp_c,exp_c__gsm8k_test_001144__no_think,gsm8k_test_001144,no_think,canonical,,answer_segment,6,10,False,45,45,True,13.729521751403809,,ok,False,ok,34,36
exp_c,exp_c__gsm8k_test_001144__no_think,gsm8k_test_001144,no_think,canonical,,answer_segment,13,10,False,45,45,True,13.161596298217773,,ok,False,ok,34,36
exp_c,exp_c__gsm8k_test_001144__no_think,gsm8k_test_001144,no_think,canonical,,answer_segment,20,10,False,45,45,True,13.819185256958008,,ok,False,ok,34,36
exp_c,exp_c__gsm8k_test_001145__think,gsm8k_test_001145,think,canonical,,full_output,6,10,False,564,564,True,9.156695365905762,,ok,True,ok,291,291
exp_c,exp_c__gsm8k_test_001145__think,gsm8k_test_001145,think,canonical,,full_output,13,10,False,564,564,True,8.91335391998291,,ok,True,ok,291,291
exp_c,exp_c__gsm8k_test_001145__think,gsm8k_test_001145,think,canonical,,full_output,20,10,False,564,564,True,9.873067855834961,,ok,True,ok,291,291
exp_c,exp_c__gsm8k_test_001145__think,gsm8k_test_001145,think,canonical,,thinking_segment,6,10,False,514,514,True,8.64451789855957,,ok_qwen_token_boundary,True,ok,291,291
exp_c,exp_c__gsm8k_test_001145__think,gsm8k_test_001145,think,canonical,,thinking_segment,13,10,False,514,514,True,8.646849632263184,,ok_qwen_token_boundary,True,ok,291,291
exp_c,exp_c__gsm8k_test_001145__think,gsm8k_test_001145,think,canonical,,thinking_segment,20,10,False,514,514,True,9.702946662902832,,ok_qwen_token_boundary,True,ok,291,291
exp_c,exp_c__gsm8k_test_001145__think,gsm8k_test_001145,think,canonical,,answer_segment,6,10,False,50,50,True,12.697309494018555,,ok_qwen_token_boundary,True,ok,291,291
exp_c,exp_c__gsm8k_test_001145__think,gsm8k_test_001145,think,canonical,,answer_segment,13,10,False,50,50,True,12.562699317932129,,ok_qwen_token_boundary,True,ok,291,291
exp_c,exp_c__gsm8k_test_001145__think,gsm8k_test_001145,think,canonical,,answer_segment,20,10,False,50,50,True,11.690582275390625,,ok_qwen_token_boundary,True,ok,291,291
exp_c,exp_c__gsm8k_test_001145__no_think,gsm8k_test_001145,no_think,canonical,,full_output,6,10,False,41,41,True,12.322657585144043,,ok,False,ok,291,35
exp_c,exp_c__gsm8k_test_001145__no_think,gsm8k_test_001145,no_think,canonical,,full_output,13,10,False,41,41,True,12.738072395324707,,ok,False,ok,291,35
exp_c,exp_c__gsm8k_test_001145__no_think,gsm8k_test_001145,no_think,canonical,,full_output,20,10,False,41,41,True,12.620940208435059,,ok,False,ok,291,35
exp_c,exp_c__gsm8k_test_001145__no_think,gsm8k_test_001145,no_think,canonical,,answer_segment,6,10,False,41,41,True,12.322657585144043,,ok,False,ok,291,35
exp_c,exp_c__gsm8k_test_001145__no_think,gsm8k_test_001145,no_think,canonical,,answer_segment,13,10,False,41,41,True,12.738072395324707,,ok,False,ok,291,35
exp_c,exp_c__gsm8k_test_001145__no_think,gsm8k_test_001145,no_think,canonical,,answer_segment,20,10,False,41,41,True,12.620940208435059,,ok,False,ok,291,35
exp_c,exp_c__gsm8k_test_001161__think,gsm8k_test_001161,think,canonical,,full_output,6,10,False,564,564,True,10.130781173706055,,ok,False,ok,170,140
exp_c,exp_c__gsm8k_test_001161__think,gsm8k_test_001161,think,canonical,,full_output,13,10,False,564,564,True,8.217935562133789,,ok,False,ok,170,140
exp_c,exp_c__gsm8k_test_001161__think,gsm8k_test_001161,think,canonical,,full_output,20,10,False,564,564,True,9.360536575317383,,ok,False,ok,170,140
exp_c,exp_c__gsm8k_test_001161__think,gsm8k_test_001161,think,canonical,,thinking_segment,6,10,False,514,514,True,8.587352752685547,,ok_qwen_token_boundary,False,ok,170,140
exp_c,exp_c__gsm8k_test_001161__think,gsm8k_test_001161,think,canonical,,thinking_segment,13,10,False,514,514,True,7.796140670776367,,ok_qwen_token_boundary,False,ok,170,140
exp_c,exp_c__gsm8k_test_001161__think,gsm8k_test_001161,think,canonical,,thinking_segment,20,10,False,514,514,True,9.201485633850098,,ok_qwen_token_boundary,False,ok,170,140
exp_c,exp_c__gsm8k_test_001161__think,gsm8k_test_001161,think,canonical,,answer_segment,6,10,False,50,50,True,15.24610710144043,,ok_qwen_token_boundary,False,ok,170,140
exp_c,exp_c__gsm8k_test_001161__think,gsm8k_test_001161,think,canonical,,answer_segment,13,10,False,50,50,True,12.569770812988281,,ok_qwen_token_boundary,False,ok,170,140
exp_c,exp_c__gsm8k_test_001161__think,gsm8k_test_001161,think,canonical,,answer_segment,20,10,False,50,50,True,11.844473838806152,,ok_qwen_token_boundary,False,ok,170,140
exp_c,exp_c__gsm8k_test_001161__no_think,gsm8k_test_001161,no_think,canonical,,full_output,6,10,False,55,55,True,11.2073974609375,,ok,False,ok,170,1000
exp_c,exp_c__gsm8k_test_001161__no_think,gsm8k_test_001161,no_think,canonical,,full_output,13,10,False,55,55,True,10.678365707397461,,ok,False,ok,170,1000
exp_c,exp_c__gsm8k_test_001161__no_think,gsm8k_test_001161,no_think,canonical,,full_output,20,10,False,55,55,True,10.517597198486328,,ok,False,ok,170,1000
exp_c,exp_c__gsm8k_test_001161__no_think,gsm8k_test_001161,no_think,canonical,,answer_segment,6,10,False,55,55,True,11.2073974609375,,ok,False,ok,170,1000
exp_c,exp_c__gsm8k_test_001161__no_think,gsm8k_test_001161,no_think,canonical,,answer_segment,13,10,False,55,55,True,10.678365707397461,,ok,False,ok,170,1000
exp_c,exp_c__gsm8k_test_001161__no_think,gsm8k_test_001161,no_think,canonical,,answer_segment,20,10,False,55,55,True,10.517597198486328,,ok,False,ok,170,1000
exp_c,exp_c__gsm8k_test_001164__think,gsm8k_test_001164,think,canonical,,full_output,6,10,False,353,353,True,15.26144027709961,,ok,True,ok,9,9
exp_c,exp_c__gsm8k_test_001164__think,gsm8k_test_001164,think,canonical,,full_output,13,10,False,353,353,True,11.615507125854492,,ok,True,ok,9,9
exp_c,exp_c__gsm8k_test_001164__think,gsm8k_test_001164,think,canonical,,full_output,20,10,False,353,353,True,24.873825073242188,,ok,True,ok,9,9
exp_c,exp_c__gsm8k_test_001164__think,gsm8k_test_001164,think,canonical,,thinking_segment,6,10,False,296,296,True,15.507218360900879,,ok_qwen_token_boundary,True,ok,9,9
exp_c,exp_c__gsm8k_test_001164__think,gsm8k_test_001164,think,canonical,,thinking_segment,13,10,False,296,296,True,11.631867408752441,,ok_qwen_token_boundary,True,ok,9,9
exp_c,exp_c__gsm8k_test_001164__think,gsm8k_test_001164,think,canonical,,thinking_segment,20,10,False,296,296,True,21.55012321472168,,ok_qwen_token_boundary,True,ok,9,9
exp_c,exp_c__gsm8k_test_001164__think,gsm8k_test_001164,think,canonical,,answer_segment,6,10,False,57,57,True,10.693955421447754,,ok_qwen_token_boundary,True,ok,9,9
exp_c,exp_c__gsm8k_test_001164__think,gsm8k_test_001164,think,canonical,,answer_segment,13,10,False,57,57,True,10.65749740600586,,ok_qwen_token_boundary,True,ok,9,9
exp_c,exp_c__gsm8k_test_001164__think,gsm8k_test_001164,think,canonical,,answer_segment,20,10,False,57,57,True,10.941405296325684,,ok_qwen_token_boundary,True,ok,9,9
exp_c,exp_c__gsm8k_test_001164__no_think,gsm8k_test_001164,no_think,canonical,,full_output,6,10,False,43,43,True,12.297733306884766,,ok,True,ok,9,9
exp_c,exp_c__gsm8k_test_001164__no_think,gsm8k_test_001164,no_think,canonical,,full_output,13,10,False,43,43,True,11.891183853149414,,ok,True,ok,9,9
exp_c,exp_c__gsm8k_test_001164__no_think,gsm8k_test_001164,no_think,canonical,,full_output,20,10,False,43,43,True,11.886910438537598,,ok,True,ok,9,9
exp_c,exp_c__gsm8k_test_001164__no_think,gsm8k_test_001164,no_think,canonical,,answer_segment,6,10,False,43,43,True,12.297733306884766,,ok,True,ok,9,9
exp_c,exp_c__gsm8k_test_001164__no_think,gsm8k_test_001164,no_think,canonical,,answer_segment,13,10,False,43,43,True,11.891183853149414,,ok,True,ok,9,9
exp_c,exp_c__gsm8k_test_001164__no_think,gsm8k_test_001164,no_think,canonical,,answer_segment,20,10,False,43,43,True,11.886910438537598,,ok,True,ok,9,9
exp_c,exp_c__gsm8k_test_001165__think,gsm8k_test_001165,think,canonical,,full_output,6,10,False,577,577,True,11.332697868347168,,ok,False,ok,1248,1040
exp_c,exp_c__gsm8k_test_001165__think,gsm8k_test_001165,think,canonical,,full_output,13,10,False,577,577,True,9.012950897216797,,ok,False,ok,1248,1040
exp_c,exp_c__gsm8k_test_001165__think,gsm8k_test_001165,think,canonical,,full_output,20,10,False,577,577,True,17.40859031677246,,ok,False,ok,1248,1040
exp_c,exp_c__gsm8k_test_001165__think,gsm8k_test_001165,think,canonical,,thinking_segment,6,10,False,514,514,True,10.744425773620605,,ok_qwen_token_boundary,False,ok,1248,1040
exp_c,exp_c__gsm8k_test_001165__think,gsm8k_test_001165,think,canonical,,thinking_segment,13,10,False,514,514,True,9.01375961303711,,ok_qwen_token_boundary,False,ok,1248,1040
exp_c,exp_c__gsm8k_test_001165__think,gsm8k_test_001165,think,canonical,,thinking_segment,20,10,False,514,514,True,16.397823333740234,,ok_qwen_token_boundary,False,ok,1248,1040
exp_c,exp_c__gsm8k_test_001165__think,gsm8k_test_001165,think,canonical,,answer_segment,6,10,False,63,63,True,13.973356246948242,,ok_qwen_token_boundary,False,ok,1248,1040
exp_c,exp_c__gsm8k_test_001165__think,gsm8k_test_001165,think,canonical,,answer_segment,13,10,False,63,63,True,11.50139331817627,,ok_qwen_token_boundary,False,ok,1248,1040
exp_c,exp_c__gsm8k_test_001165__think,gsm8k_test_001165,think,canonical,,answer_segment,20,10,False,63,63,True,11.596539497375488,,ok_qwen_token_boundary,False,ok,1248,1040
exp_c,exp_c__gsm8k_test_001165__no_think,gsm8k_test_001165,no_think,canonical,,full_output,6,10,False,73,73,True,14.11229133605957,,ok,False,ok,1248,1008
exp_c,exp_c__gsm8k_test_001165__no_think,gsm8k_test_001165,no_think,canonical,,full_output,13,10,False,73,73,True,10.927685737609863,,ok,False,ok,1248,1008
exp_c,exp_c__gsm8k_test_001165__no_think,gsm8k_test_001165,no_think,canonical,,full_output,20,10,False,73,73,True,10.736196517944336,,ok,False,ok,1248,1008
exp_c,exp_c__gsm8k_test_001165__no_think,gsm8k_test_001165,no_think,canonical,,answer_segment,6,10,False,73,73,True,14.11229133605957,,ok,False,ok,1248,1008
exp_c,exp_c__gsm8k_test_001165__no_think,gsm8k_test_001165,no_think,canonical,,answer_segment,13,10,False,73,73,True,10.927685737609863,,ok,False,ok,1248,1008
exp_c,exp_c__gsm8k_test_001165__no_think,gsm8k_test_001165,no_think,canonical,,answer_segment,20,10,False,73,73,True,10.736196517944336,,ok,False,ok,1248,1008
exp_c,exp_c__gsm8k_test_001178__think,gsm8k_test_001178,think,canonical,,full_output,6,10,False,184,184,True,16.282821655273438,,ok,True,ok,17,17
exp_c,exp_c__gsm8k_test_001178__think,gsm8k_test_001178,think,canonical,,full_output,13,10,False,184,184,True,11.656622886657715,,ok,True,ok,17,17
exp_c,exp_c__gsm8k_test_001178__think,gsm8k_test_001178,think,canonical,,full_output,20,10,False,184,184,True,11.5306978225708,,ok,True,ok,17,17
exp_c,exp_c__gsm8k_test_001178__think,gsm8k_test_001178,think,canonical,,thinking_segment,6,10,False,148,148,True,16.86663246154785,,ok_qwen_token_boundary,True,ok,17,17
exp_c,exp_c__gsm8k_test_001178__think,gsm8k_test_001178,think,canonical,,thinking_segment,13,10,False,148,148,True,12.001507759094238,,ok_qwen_token_boundary,True,ok,17,17
exp_c,exp_c__gsm8k_test_001178__think,gsm8k_test_001178,think,canonical,,thinking_segment,20,10,False,148,148,True,11.702625274658203,,ok_qwen_token_boundary,True,ok,17,17
exp_c,exp_c__gsm8k_test_001178__think,gsm8k_test_001178,think,canonical,,answer_segment,6,10,False,36,36,True,13.434616088867188,,ok_qwen_token_boundary,True,ok,17,17
exp_c,exp_c__gsm8k_test_001178__think,gsm8k_test_001178,think,canonical,,answer_segment,13,10,False,36,36,True,12.162267684936523,,ok_qwen_token_boundary,True,ok,17,17
exp_c,exp_c__gsm8k_test_001178__think,gsm8k_test_001178,think,canonical,,answer_segment,20,10,False,36,36,True,11.267963409423828,,ok_qwen_token_boundary,True,ok,17,17
exp_c,exp_c__gsm8k_test_001178__no_think,gsm8k_test_001178,no_think,canonical,,full_output,6,10,False,41,41,True,13.597386360168457,,ok,True,ok,17,17
exp_c,exp_c__gsm8k_test_001178__no_think,gsm8k_test_001178,no_think,canonical,,full_output,13,10,False,41,41,True,12.102822303771973,,ok,True,ok,17,17
exp_c,exp_c__gsm8k_test_001178__no_think,gsm8k_test_001178,no_think,canonical,,full_output,20,10,False,41,41,True,11.057154655456543,,ok,True,ok,17,17
exp_c,exp_c__gsm8k_test_001178__no_think,gsm8k_test_001178,no_think,canonical,,answer_segment,6,10,False,41,41,True,13.597386360168457,,ok,True,ok,17,17
exp_c,exp_c__gsm8k_test_001178__no_think,gsm8k_test_001178,no_think,canonical,,answer_segment,13,10,False,41,41,True,12.102822303771973,,ok,True,ok,17,17
exp_c,exp_c__gsm8k_test_001178__no_think,gsm8k_test_001178,no_think,canonical,,answer_segment,20,10,False,41,41,True,11.057154655456543,,ok,True,ok,17,17
exp_c,exp_c__gsm8k_test_001181__think,gsm8k_test_001181,think,canonical,,full_output,6,10,False,557,557,True,12.489236831665039,,ok,True,ok,20,20
exp_c,exp_c__gsm8k_test_001181__think,gsm8k_test_001181,think,canonical,,full_output,13,10,False,557,557,True,9.06015396118164,,ok,True,ok,20,20
exp_c,exp_c__gsm8k_test_001181__think,gsm8k_test_001181,think,canonical,,full_output,20,10,False,557,557,True,9.926994323730469,,ok,True,ok,20,20
exp_c,exp_c__gsm8k_test_001181__think,gsm8k_test_001181,think,canonical,,thinking_segment,6,10,False,497,497,True,12.643186569213867,,ok_qwen_token_boundary,True,ok,20,20
exp_c,exp_c__gsm8k_test_001181__think,gsm8k_test_001181,think,canonical,,thinking_segment,13,10,False,497,497,True,9.16330623626709,,ok_qwen_token_boundary,True,ok,20,20
exp_c,exp_c__gsm8k_test_001181__think,gsm8k_test_001181,think,canonical,,thinking_segment,20,10,False,497,497,True,9.89680290222168,,ok_qwen_token_boundary,True,ok,20,20
exp_c,exp_c__gsm8k_test_001181__think,gsm8k_test_001181,think,canonical,,answer_segment,6,10,False,60,60,True,15.079691886901855,,ok_qwen_token_boundary,True,ok,20,20
exp_c,exp_c__gsm8k_test_001181__think,gsm8k_test_001181,think,canonical,,answer_segment,13,10,False,60,60,True,11.594223022460938,,ok_qwen_token_boundary,True,ok,20,20
exp_c,exp_c__gsm8k_test_001181__think,gsm8k_test_001181,think,canonical,,answer_segment,20,10,False,60,60,True,10.806669235229492,,ok_qwen_token_boundary,True,ok,20,20
exp_c,exp_c__gsm8k_test_001181__no_think,gsm8k_test_001181,no_think,canonical,,full_output,6,10,False,56,56,True,9.755696296691895,,ok,False,ok,20,5
exp_c,exp_c__gsm8k_test_001181__no_think,gsm8k_test_001181,no_think,canonical,,full_output,13,10,False,56,56,True,9.587759971618652,,ok,False,ok,20,5
exp_c,exp_c__gsm8k_test_001181__no_think,gsm8k_test_001181,no_think,canonical,,full_output,20,10,False,56,56,True,10.363550186157227,,ok,False,ok,20,5
exp_c,exp_c__gsm8k_test_001181__no_think,gsm8k_test_001181,no_think,canonical,,answer_segment,6,10,False,56,56,True,9.755696296691895,,ok,False,ok,20,5
exp_c,exp_c__gsm8k_test_001181__no_think,gsm8k_test_001181,no_think,canonical,,answer_segment,13,10,False,56,56,True,9.587759971618652,,ok,False,ok,20,5
exp_c,exp_c__gsm8k_test_001181__no_think,gsm8k_test_001181,no_think,canonical,,answer_segment,20,10,False,56,56,True,10.363550186157227,,ok,False,ok,20,5
exp_c,exp_c__gsm8k_test_001182__think,gsm8k_test_001182,think,canonical,,full_output,6,10,False,488,488,True,11.664687156677246,,ok,True,ok,1800,1800
exp_c,exp_c__gsm8k_test_001182__think,gsm8k_test_001182,think,canonical,,full_output,13,10,False,488,488,True,9.710270881652832,,ok,True,ok,1800,1800
exp_c,exp_c__gsm8k_test_001182__think,gsm8k_test_001182,think,canonical,,full_output,20,10,False,488,488,True,21.250429153442383,,ok,True,ok,1800,1800
exp_c,exp_c__gsm8k_test_001182__think,gsm8k_test_001182,think,canonical,,thinking_segment,6,10,False,431,431,True,11.088348388671875,,ok_qwen_token_boundary,True,ok,1800,1800
exp_c,exp_c__gsm8k_test_001182__think,gsm8k_test_001182,think,canonical,,thinking_segment,13,10,False,431,431,True,9.772669792175293,,ok_qwen_token_boundary,True,ok,1800,1800
exp_c,exp_c__gsm8k_test_001182__think,gsm8k_test_001182,think,canonical,,thinking_segment,20,10,False,431,431,True,21.609697341918945,,ok_qwen_token_boundary,True,ok,1800,1800
exp_c,exp_c__gsm8k_test_001182__think,gsm8k_test_001182,think,canonical,,answer_segment,6,10,False,57,57,True,11.953709602355957,,ok_qwen_token_boundary,True,ok,1800,1800
exp_c,exp_c__gsm8k_test_001182__think,gsm8k_test_001182,think,canonical,,answer_segment,13,10,False,57,57,True,11.633240699768066,,ok_qwen_token_boundary,True,ok,1800,1800
exp_c,exp_c__gsm8k_test_001182__think,gsm8k_test_001182,think,canonical,,answer_segment,20,10,False,57,57,True,10.951257705688477,,ok_qwen_token_boundary,True,ok,1800,1800
exp_c,exp_c__gsm8k_test_001182__no_think,gsm8k_test_001182,no_think,canonical,,full_output,6,10,False,46,46,True,11.54221248626709,,ok,False,ok,1800,18
exp_c,exp_c__gsm8k_test_001182__no_think,gsm8k_test_001182,no_think,canonical,,full_output,13,10,False,46,46,True,11.672367095947266,,ok,False,ok,1800,18
exp_c,exp_c__gsm8k_test_001182__no_think,gsm8k_test_001182,no_think,canonical,,full_output,20,10,False,46,46,True,11.136850357055664,,ok,False,ok,1800,18
exp_c,exp_c__gsm8k_test_001182__no_think,gsm8k_test_001182,no_think,canonical,,answer_segment,6,10,False,46,46,True,11.54221248626709,,ok,False,ok,1800,18
exp_c,exp_c__gsm8k_test_001182__no_think,gsm8k_test_001182,no_think,canonical,,answer_segment,13,10,False,46,46,True,11.672367095947266,,ok,False,ok,1800,18
exp_c,exp_c__gsm8k_test_001182__no_think,gsm8k_test_001182,no_think,canonical,,answer_segment,20,10,False,46,46,True,11.136850357055664,,ok,False,ok,1800,18
exp_c,exp_c__gsm8k_test_001183__think,gsm8k_test_001183,think,canonical,,full_output,6,10,False,562,562,True,8.84457015991211,,ok,True,ok,11,11
exp_c,exp_c__gsm8k_test_001183__think,gsm8k_test_001183,think,canonical,,full_output,13,10,False,562,562,True,7.625895977020264,,ok,True,ok,11,11
exp_c,exp_c__gsm8k_test_001183__think,gsm8k_test_001183,think,canonical,,full_output,20,10,False,562,562,True,7.757193088531494,,ok,True,ok,11,11
exp_c,exp_c__gsm8k_test_001183__think,gsm8k_test_001183,think,canonical,,thinking_segment,6,10,False,514,514,True,9.073139190673828,,ok_qwen_token_boundary,True,ok,11,11
exp_c,exp_c__gsm8k_test_001183__think,gsm8k_test_001183,think,canonical,,thinking_segment,13,10,False,514,514,True,7.799137592315674,,ok_qwen_token_boundary,True,ok,11,11
exp_c,exp_c__gsm8k_test_001183__think,gsm8k_test_001183,think,canonical,,thinking_segment,20,10,False,514,514,True,7.426088333129883,,ok_qwen_token_boundary,True,ok,11,11
exp_c,exp_c__gsm8k_test_001183__think,gsm8k_test_001183,think,canonical,,answer_segment,6,10,False,48,48,True,13.68197250366211,,ok_qwen_token_boundary,True,ok,11,11
exp_c,exp_c__gsm8k_test_001183__think,gsm8k_test_001183,think,canonical,,answer_segment,13,10,False,48,48,True,11.403667449951172,,ok_qwen_token_boundary,True,ok,11,11
exp_c,exp_c__gsm8k_test_001183__think,gsm8k_test_001183,think,canonical,,answer_segment,20,10,False,48,48,True,10.7940034866333,,ok_qwen_token_boundary,True,ok,11,11
exp_c,exp_c__gsm8k_test_001183__no_think,gsm8k_test_001183,no_think,canonical,,full_output,6,10,False,60,60,True,14.67831039428711,,ok,False,ok,11,8
exp_c,exp_c__gsm8k_test_001183__no_think,gsm8k_test_001183,no_think,canonical,,full_output,13,10,False,60,60,True,11.841147422790527,,ok,False,ok,11,8
exp_c,exp_c__gsm8k_test_001183__no_think,gsm8k_test_001183,no_think,canonical,,full_output,20,10,False,60,60,True,11.739274978637695,,ok,False,ok,11,8
exp_c,exp_c__gsm8k_test_001183__no_think,gsm8k_test_001183,no_think,canonical,,answer_segment,6,10,False,60,60,True,14.67831039428711,,ok,False,ok,11,8
exp_c,exp_c__gsm8k_test_001183__no_think,gsm8k_test_001183,no_think,canonical,,answer_segment,13,10,False,60,60,True,11.841147422790527,,ok,False,ok,11,8
exp_c,exp_c__gsm8k_test_001183__no_think,gsm8k_test_001183,no_think,canonical,,answer_segment,20,10,False,60,60,True,11.739274978637695,,ok,False,ok,11,8
exp_c,exp_c__gsm8k_test_001186__think,gsm8k_test_001186,think,canonical,,full_output,6,10,False,359,359,True,16.423091888427734,,ok,True,ok,19,19
exp_c,exp_c__gsm8k_test_001186__think,gsm8k_test_001186,think,canonical,,full_output,13,10,False,359,359,True,10.878405570983887,,ok,True,ok,19,19
exp_c,exp_c__gsm8k_test_001186__think,gsm8k_test_001186,think,canonical,,full_output,20,10,False,359,359,True,31.053855895996094,,ok,True,ok,19,19
exp_c,exp_c__gsm8k_test_001186__think,gsm8k_test_001186,think,canonical,,thinking_segment,6,10,False,318,318,True,15.587798118591309,,ok_qwen_token_boundary,True,ok,19,19
exp_c,exp_c__gsm8k_test_001186__think,gsm8k_test_001186,think,canonical,,thinking_segment,13,10,False,318,318,True,10.654916763305664,,ok_qwen_token_boundary,True,ok,19,19
exp_c,exp_c__gsm8k_test_001186__think,gsm8k_test_001186,think,canonical,,thinking_segment,20,10,False,318,318,True,33.92811965942383,,ok_qwen_token_boundary,True,ok,19,19
exp_c,exp_c__gsm8k_test_001186__think,gsm8k_test_001186,think,canonical,,answer_segment,6,10,False,41,41,True,10.267990112304688,,ok_qwen_token_boundary,True,ok,19,19
exp_c,exp_c__gsm8k_test_001186__think,gsm8k_test_001186,think,canonical,,answer_segment,13,10,False,41,41,True,12.237309455871582,,ok_qwen_token_boundary,True,ok,19,19
exp_c,exp_c__gsm8k_test_001186__think,gsm8k_test_001186,think,canonical,,answer_segment,20,10,False,41,41,True,11.078259468078613,,ok_qwen_token_boundary,True,ok,19,19
exp_c,exp_c__gsm8k_test_001186__no_think,gsm8k_test_001186,no_think,canonical,,full_output,6,10,False,41,41,True,18.17495346069336,,ok,True,ok,19,19
exp_c,exp_c__gsm8k_test_001186__no_think,gsm8k_test_001186,no_think,canonical,,full_output,13,10,False,41,41,True,11.48863697052002,,ok,True,ok,19,19
exp_c,exp_c__gsm8k_test_001186__no_think,gsm8k_test_001186,no_think,canonical,,full_output,20,10,False,41,41,True,9.995723724365234,,ok,True,ok,19,19
exp_c,exp_c__gsm8k_test_001186__no_think,gsm8k_test_001186,no_think,canonical,,answer_segment,6,10,False,41,41,True,18.17495346069336,,ok,True,ok,19,19
exp_c,exp_c__gsm8k_test_001186__no_think,gsm8k_test_001186,no_think,canonical,,answer_segment,13,10,False,41,41,True,11.48863697052002,,ok,True,ok,19,19
exp_c,exp_c__gsm8k_test_001186__no_think,gsm8k_test_001186,no_think,canonical,,answer_segment,20,10,False,41,41,True,9.995723724365234,,ok,True,ok,19,19
exp_c,exp_c__gsm8k_test_001188__think,gsm8k_test_001188,think,canonical,,full_output,6,10,False,577,577,True,8.948412895202637,,ok,False,ok,24,14
exp_c,exp_c__gsm8k_test_001188__think,gsm8k_test_001188,think,canonical,,full_output,13,10,False,577,577,True,8.985880851745605,,ok,False,ok,24,14
exp_c,exp_c__gsm8k_test_001188__think,gsm8k_test_001188,think,canonical,,full_output,20,10,False,577,577,True,10.596856117248535,,ok,False,ok,24,14
exp_c,exp_c__gsm8k_test_001188__think,gsm8k_test_001188,think,canonical,,thinking_segment,6,10,False,514,514,True,8.433083534240723,,ok_qwen_token_boundary,False,ok,24,14
exp_c,exp_c__gsm8k_test_001188__think,gsm8k_test_001188,think,canonical,,thinking_segment,13,10,False,514,514,True,8.677996635437012,,ok_qwen_token_boundary,False,ok,24,14
exp_c,exp_c__gsm8k_test_001188__think,gsm8k_test_001188,think,canonical,,thinking_segment,20,10,False,514,514,True,10.413152694702148,,ok_qwen_token_boundary,False,ok,24,14
exp_c,exp_c__gsm8k_test_001188__think,gsm8k_test_001188,think,canonical,,answer_segment,6,10,False,63,63,True,10.183188438415527,,ok_qwen_token_boundary,False,ok,24,14
exp_c,exp_c__gsm8k_test_001188__think,gsm8k_test_001188,think,canonical,,answer_segment,13,10,False,63,63,True,9.54108715057373,,ok_qwen_token_boundary,False,ok,24,14
exp_c,exp_c__gsm8k_test_001188__think,gsm8k_test_001188,think,canonical,,answer_segment,20,10,False,63,63,True,10.275960922241211,,ok_qwen_token_boundary,False,ok,24,14
exp_c,exp_c__gsm8k_test_001188__no_think,gsm8k_test_001188,no_think,canonical,,full_output,6,10,False,49,49,True,7.188642978668213,,ok,False,ok,24,14
exp_c,exp_c__gsm8k_test_001188__no_think,gsm8k_test_001188,no_think,canonical,,full_output,13,10,False,49,49,True,8.609143257141113,,ok,False,ok,24,14
exp_c,exp_c__gsm8k_test_001188__no_think,gsm8k_test_001188,no_think,canonical,,full_output,20,10,False,49,49,True,9.904304504394531,,ok,False,ok,24,14
exp_c,exp_c__gsm8k_test_001188__no_think,gsm8k_test_001188,no_think,canonical,,answer_segment,6,10,False,49,49,True,7.188642978668213,,ok,False,ok,24,14
exp_c,exp_c__gsm8k_test_001188__no_think,gsm8k_test_001188,no_think,canonical,,answer_segment,13,10,False,49,49,True,8.609143257141113,,ok,False,ok,24,14
exp_c,exp_c__gsm8k_test_001188__no_think,gsm8k_test_001188,no_think,canonical,,answer_segment,20,10,False,49,49,True,9.904304504394531,,ok,False,ok,24,14
exp_c,exp_c__gsm8k_test_001191__think,gsm8k_test_001191,think,canonical,,full_output,6,10,False,246,246,True,13.179659843444824,,ok,True,ok,100,100
exp_c,exp_c__gsm8k_test_001191__think,gsm8k_test_001191,think,canonical,,full_output,13,10,False,246,246,True,10.016322135925293,,ok,True,ok,100,100
exp_c,exp_c__gsm8k_test_001191__think,gsm8k_test_001191,think,canonical,,full_output,20,10,False,246,246,True,10.806025505065918,,ok,True,ok,100,100
exp_c,exp_c__gsm8k_test_001191__think,gsm8k_test_001191,think,canonical,,thinking_segment,6,10,False,198,198,True,13.32009506225586,,ok_qwen_token_boundary,True,ok,100,100
exp_c,exp_c__gsm8k_test_001191__think,gsm8k_test_001191,think,canonical,,thinking_segment,13,10,False,198,198,True,10.334341049194336,,ok_qwen_token_boundary,True,ok,100,100
exp_c,exp_c__gsm8k_test_001191__think,gsm8k_test_001191,think,canonical,,thinking_segment,20,10,False,198,198,True,10.716715812683105,,ok_qwen_token_boundary,True,ok,100,100
exp_c,exp_c__gsm8k_test_001191__think,gsm8k_test_001191,think,canonical,,answer_segment,6,10,False,48,48,True,13.64167308807373,,ok_qwen_token_boundary,True,ok,100,100
exp_c,exp_c__gsm8k_test_001191__think,gsm8k_test_001191,think,canonical,,answer_segment,13,10,False,48,48,True,11.537671089172363,,ok_qwen_token_boundary,True,ok,100,100
exp_c,exp_c__gsm8k_test_001191__think,gsm8k_test_001191,think,canonical,,answer_segment,20,10,False,48,48,True,11.339404106140137,,ok_qwen_token_boundary,True,ok,100,100
exp_c,exp_c__gsm8k_test_001191__no_think,gsm8k_test_001191,no_think,canonical,,full_output,6,10,False,45,45,True,14.256597518920898,,ok,True,ok,100,100
exp_c,exp_c__gsm8k_test_001191__no_think,gsm8k_test_001191,no_think,canonical,,full_output,13,10,False,45,45,True,12.116156578063965,,ok,True,ok,100,100
exp_c,exp_c__gsm8k_test_001191__no_think,gsm8k_test_001191,no_think,canonical,,full_output,20,10,False,45,45,True,11.791764259338379,,ok,True,ok,100,100
exp_c,exp_c__gsm8k_test_001191__no_think,gsm8k_test_001191,no_think,canonical,,answer_segment,6,10,False,45,45,True,14.256597518920898,,ok,True,ok,100,100
exp_c,exp_c__gsm8k_test_001191__no_think,gsm8k_test_001191,no_think,canonical,,answer_segment,13,10,False,45,45,True,12.116156578063965,,ok,True,ok,100,100
exp_c,exp_c__gsm8k_test_001191__no_think,gsm8k_test_001191,no_think,canonical,,answer_segment,20,10,False,45,45,True,11.791764259338379,,ok,True,ok,100,100
exp_c,exp_c__gsm8k_test_001201__think,gsm8k_test_001201,think,canonical,,full_output,6,10,False,370,370,True,13.280552864074707,,ok,True,ok,42,42
exp_c,exp_c__gsm8k_test_001201__think,gsm8k_test_001201,think,canonical,,full_output,13,10,False,370,370,True,11.068495750427246,,ok,True,ok,42,42
exp_c,exp_c__gsm8k_test_001201__think,gsm8k_test_001201,think,canonical,,full_output,20,10,False,370,370,True,21.906999588012695,,ok,True,ok,42,42
exp_c,exp_c__gsm8k_test_001201__think,gsm8k_test_001201,think,canonical,,thinking_segment,6,10,False,298,298,True,13.532276153564453,,ok_qwen_token_boundary,True,ok,42,42
exp_c,exp_c__gsm8k_test_001201__think,gsm8k_test_001201,think,canonical,,thinking_segment,13,10,False,298,298,True,11.389570236206055,,ok_qwen_token_boundary,True,ok,42,42
exp_c,exp_c__gsm8k_test_001201__think,gsm8k_test_001201,think,canonical,,thinking_segment,20,10,False,298,298,True,27.547542572021484,,ok_qwen_token_boundary,True,ok,42,42
exp_c,exp_c__gsm8k_test_001201__think,gsm8k_test_001201,think,canonical,,answer_segment,6,10,False,72,72,True,13.055706024169922,,ok_qwen_token_boundary,True,ok,42,42
exp_c,exp_c__gsm8k_test_001201__think,gsm8k_test_001201,think,canonical,,answer_segment,13,10,False,72,72,True,12.134343147277832,,ok_qwen_token_boundary,True,ok,42,42
exp_c,exp_c__gsm8k_test_001201__think,gsm8k_test_001201,think,canonical,,answer_segment,20,10,False,72,72,True,10.5215482711792,,ok_qwen_token_boundary,True,ok,42,42
exp_c,exp_c__gsm8k_test_001201__no_think,gsm8k_test_001201,no_think,canonical,,full_output,6,10,False,54,54,True,9.994775772094727,,ok,False,ok,42,33
exp_c,exp_c__gsm8k_test_001201__no_think,gsm8k_test_001201,no_think,canonical,,full_output,13,10,False,54,54,True,11.083334922790527,,ok,False,ok,42,33
exp_c,exp_c__gsm8k_test_001201__no_think,gsm8k_test_001201,no_think,canonical,,full_output,20,10,False,54,54,True,12.596473693847656,,ok,False,ok,42,33
exp_c,exp_c__gsm8k_test_001201__no_think,gsm8k_test_001201,no_think,canonical,,answer_segment,6,10,False,54,54,True,9.994775772094727,,ok,False,ok,42,33
exp_c,exp_c__gsm8k_test_001201__no_think,gsm8k_test_001201,no_think,canonical,,answer_segment,13,10,False,54,54,True,11.083334922790527,,ok,False,ok,42,33
exp_c,exp_c__gsm8k_test_001201__no_think,gsm8k_test_001201,no_think,canonical,,answer_segment,20,10,False,54,54,True,12.596473693847656,,ok,False,ok,42,33
exp_c,exp_c__gsm8k_test_001208__think,gsm8k_test_001208,think,canonical,,full_output,6,10,False,331,331,True,13.220067024230957,,ok,True,ok,27,27
exp_c,exp_c__gsm8k_test_001208__think,gsm8k_test_001208,think,canonical,,full_output,13,10,False,331,331,True,10.0170259475708,,ok,True,ok,27,27
exp_c,exp_c__gsm8k_test_001208__think,gsm8k_test_001208,think,canonical,,full_output,20,10,False,331,331,True,9.694396018981934,,ok,True,ok,27,27
exp_c,exp_c__gsm8k_test_001208__think,gsm8k_test_001208,think,canonical,,thinking_segment,6,10,False,281,281,True,12.799894332885742,,ok_qwen_token_boundary,True,ok,27,27
exp_c,exp_c__gsm8k_test_001208__think,gsm8k_test_001208,think,canonical,,thinking_segment,13,10,False,281,281,True,10.30941390991211,,ok_qwen_token_boundary,True,ok,27,27
exp_c,exp_c__gsm8k_test_001208__think,gsm8k_test_001208,think,canonical,,thinking_segment,20,10,False,281,281,True,10.197362899780273,,ok_qwen_token_boundary,True,ok,27,27
exp_c,exp_c__gsm8k_test_001208__think,gsm8k_test_001208,think,canonical,,answer_segment,6,10,False,50,50,True,14.856850624084473,,ok_qwen_token_boundary,True,ok,27,27
exp_c,exp_c__gsm8k_test_001208__think,gsm8k_test_001208,think,canonical,,answer_segment,13,10,False,50,50,True,12.597966194152832,,ok_qwen_token_boundary,True,ok,27,27
exp_c,exp_c__gsm8k_test_001208__think,gsm8k_test_001208,think,canonical,,answer_segment,20,10,False,50,50,True,11.30846881866455,,ok_qwen_token_boundary,True,ok,27,27
exp_c,exp_c__gsm8k_test_001208__no_think,gsm8k_test_001208,no_think,canonical,,full_output,6,10,False,44,44,True,12.010842323303223,,ok,False,ok,27,18
exp_c,exp_c__gsm8k_test_001208__no_think,gsm8k_test_001208,no_think,canonical,,full_output,13,10,False,44,44,True,12.145171165466309,,ok,False,ok,27,18
exp_c,exp_c__gsm8k_test_001208__no_think,gsm8k_test_001208,no_think,canonical,,full_output,20,10,False,44,44,True,12.406073570251465,,ok,False,ok,27,18
exp_c,exp_c__gsm8k_test_001208__no_think,gsm8k_test_001208,no_think,canonical,,answer_segment,6,10,False,44,44,True,12.010842323303223,,ok,False,ok,27,18
exp_c,exp_c__gsm8k_test_001208__no_think,gsm8k_test_001208,no_think,canonical,,answer_segment,13,10,False,44,44,True,12.145171165466309,,ok,False,ok,27,18
exp_c,exp_c__gsm8k_test_001208__no_think,gsm8k_test_001208,no_think,canonical,,answer_segment,20,10,False,44,44,True,12.406073570251465,,ok,False,ok,27,18
exp_c,exp_c__gsm8k_test_001209__think,gsm8k_test_001209,think,canonical,,full_output,6,10,False,307,307,True,17.163320541381836,,ok,True,ok,29,29
exp_c,exp_c__gsm8k_test_001209__think,gsm8k_test_001209,think,canonical,,full_output,13,10,False,307,307,True,12.169483184814453,,ok,True,ok,29,29
exp_c,exp_c__gsm8k_test_001209__think,gsm8k_test_001209,think,canonical,,full_output,20,10,False,307,307,True,11.104902267456055,,ok,True,ok,29,29
exp_c,exp_c__gsm8k_test_001209__think,gsm8k_test_001209,think,canonical,,thinking_segment,6,10,False,252,252,True,16.740171432495117,,ok_qwen_token_boundary,True,ok,29,29
exp_c,exp_c__gsm8k_test_001209__think,gsm8k_test_001209,think,canonical,,thinking_segment,13,10,False,252,252,True,12.039031028747559,,ok_qwen_token_boundary,True,ok,29,29
exp_c,exp_c__gsm8k_test_001209__think,gsm8k_test_001209,think,canonical,,thinking_segment,20,10,False,252,252,True,10.850334167480469,,ok_qwen_token_boundary,True,ok,29,29
exp_c,exp_c__gsm8k_test_001209__think,gsm8k_test_001209,think,canonical,,answer_segment,6,10,False,55,55,True,13.592642784118652,,ok_qwen_token_boundary,True,ok,29,29
exp_c,exp_c__gsm8k_test_001209__think,gsm8k_test_001209,think,canonical,,answer_segment,13,10,False,55,55,True,12.000887870788574,,ok_qwen_token_boundary,True,ok,29,29
exp_c,exp_c__gsm8k_test_001209__think,gsm8k_test_001209,think,canonical,,answer_segment,20,10,False,55,55,True,11.284713745117188,,ok_qwen_token_boundary,True,ok,29,29
exp_c,exp_c__gsm8k_test_001209__no_think,gsm8k_test_001209,no_think,canonical,,full_output,6,10,False,53,53,True,11.916740417480469,,ok,True,ok,29,29
exp_c,exp_c__gsm8k_test_001209__no_think,gsm8k_test_001209,no_think,canonical,,full_output,13,10,False,53,53,True,11.108020782470703,,ok,True,ok,29,29
exp_c,exp_c__gsm8k_test_001209__no_think,gsm8k_test_001209,no_think,canonical,,full_output,20,10,False,53,53,True,10.581089973449707,,ok,True,ok,29,29
exp_c,exp_c__gsm8k_test_001209__no_think,gsm8k_test_001209,no_think,canonical,,answer_segment,6,10,False,53,53,True,11.916740417480469,,ok,True,ok,29,29
exp_c,exp_c__gsm8k_test_001209__no_think,gsm8k_test_001209,no_think,canonical,,answer_segment,13,10,False,53,53,True,11.108020782470703,,ok,True,ok,29,29
exp_c,exp_c__gsm8k_test_001209__no_think,gsm8k_test_001209,no_think,canonical,,answer_segment,20,10,False,53,53,True,10.581089973449707,,ok,True,ok,29,29
exp_c,exp_c__gsm8k_test_001221__think,gsm8k_test_001221,think,canonical,,full_output,6,10,False,167,167,True,15.618342399597168,,ok,True,ok,10,10
exp_c,exp_c__gsm8k_test_001221__think,gsm8k_test_001221,think,canonical,,full_output,13,10,False,167,167,True,11.673945426940918,,ok,True,ok,10,10
exp_c,exp_c__gsm8k_test_001221__think,gsm8k_test_001221,think,canonical,,full_output,20,10,False,167,167,True,11.924983978271484,,ok,True,ok,10,10
exp_c,exp_c__gsm8k_test_001221__think,gsm8k_test_001221,think,canonical,,thinking_segment,6,10,False,112,112,True,16.52754783630371,,ok_qwen_token_boundary,True,ok,10,10
exp_c,exp_c__gsm8k_test_001221__think,gsm8k_test_001221,think,canonical,,thinking_segment,13,10,False,112,112,True,12.479721069335938,,ok_qwen_token_boundary,True,ok,10,10
exp_c,exp_c__gsm8k_test_001221__think,gsm8k_test_001221,think,canonical,,thinking_segment,20,10,False,112,112,True,12.525700569152832,,ok_qwen_token_boundary,True,ok,10,10
exp_c,exp_c__gsm8k_test_001221__think,gsm8k_test_001221,think,canonical,,answer_segment,6,10,False,55,55,True,12.142056465148926,,ok_qwen_token_boundary,True,ok,10,10
exp_c,exp_c__gsm8k_test_001221__think,gsm8k_test_001221,think,canonical,,answer_segment,13,10,False,55,55,True,11.15989875793457,,ok_qwen_token_boundary,True,ok,10,10
exp_c,exp_c__gsm8k_test_001221__think,gsm8k_test_001221,think,canonical,,answer_segment,20,10,False,55,55,True,11.475723266601562,,ok_qwen_token_boundary,True,ok,10,10
exp_c,exp_c__gsm8k_test_001221__no_think,gsm8k_test_001221,no_think,canonical,,full_output,6,10,False,54,54,True,11.774568557739258,,ok,True,ok,10,10
exp_c,exp_c__gsm8k_test_001221__no_think,gsm8k_test_001221,no_think,canonical,,full_output,13,10,False,54,54,True,11.68305778503418,,ok,True,ok,10,10
exp_c,exp_c__gsm8k_test_001221__no_think,gsm8k_test_001221,no_think,canonical,,full_output,20,10,False,54,54,True,12.449260711669922,,ok,True,ok,10,10
exp_c,exp_c__gsm8k_test_001221__no_think,gsm8k_test_001221,no_think,canonical,,answer_segment,6,10,False,54,54,True,11.774568557739258,,ok,True,ok,10,10
exp_c,exp_c__gsm8k_test_001221__no_think,gsm8k_test_001221,no_think,canonical,,answer_segment,13,10,False,54,54,True,11.68305778503418,,ok,True,ok,10,10
exp_c,exp_c__gsm8k_test_001221__no_think,gsm8k_test_001221,no_think,canonical,,answer_segment,20,10,False,54,54,True,12.449260711669922,,ok,True,ok,10,10
exp_c,exp_c__gsm8k_test_001225__think,gsm8k_test_001225,think,canonical,,full_output,6,10,False,259,259,True,20.106008529663086,,ok,True,ok,3,3
exp_c,exp_c__gsm8k_test_001225__think,gsm8k_test_001225,think,canonical,,full_output,13,10,False,259,259,True,12.23758602142334,,ok,True,ok,3,3
exp_c,exp_c__gsm8k_test_001225__think,gsm8k_test_001225,think,canonical,,full_output,20,10,False,259,259,True,11.942349433898926,,ok,True,ok,3,3
exp_c,exp_c__gsm8k_test_001225__think,gsm8k_test_001225,think,canonical,,thinking_segment,6,10,False,216,216,True,20.287961959838867,,ok_qwen_token_boundary,True,ok,3,3
exp_c,exp_c__gsm8k_test_001225__think,gsm8k_test_001225,think,canonical,,thinking_segment,13,10,False,216,216,True,12.669273376464844,,ok_qwen_token_boundary,True,ok,3,3
exp_c,exp_c__gsm8k_test_001225__think,gsm8k_test_001225,think,canonical,,thinking_segment,20,10,False,216,216,True,12.423789978027344,,ok_qwen_token_boundary,True,ok,3,3
exp_c,exp_c__gsm8k_test_001225__think,gsm8k_test_001225,think,canonical,,answer_segment,6,10,False,43,43,True,14.422435760498047,,ok_qwen_token_boundary,True,ok,3,3
exp_c,exp_c__gsm8k_test_001225__think,gsm8k_test_001225,think,canonical,,answer_segment,13,10,False,43,43,True,11.997404098510742,,ok_qwen_token_boundary,True,ok,3,3
exp_c,exp_c__gsm8k_test_001225__think,gsm8k_test_001225,think,canonical,,answer_segment,20,10,False,43,43,True,10.66518783569336,,ok_qwen_token_boundary,True,ok,3,3
exp_c,exp_c__gsm8k_test_001225__no_think,gsm8k_test_001225,no_think,canonical,,full_output,6,10,False,41,41,True,12.242562294006348,,ok,False,ok,3,6
exp_c,exp_c__gsm8k_test_001225__no_think,gsm8k_test_001225,no_think,canonical,,full_output,13,10,False,41,41,True,12.448941230773926,,ok,False,ok,3,6
exp_c,exp_c__gsm8k_test_001225__no_think,gsm8k_test_001225,no_think,canonical,,full_output,20,10,False,41,41,True,12.020129203796387,,ok,False,ok,3,6
exp_c,exp_c__gsm8k_test_001225__no_think,gsm8k_test_001225,no_think,canonical,,answer_segment,6,10,False,41,41,True,12.242562294006348,,ok,False,ok,3,6
exp_c,exp_c__gsm8k_test_001225__no_think,gsm8k_test_001225,no_think,canonical,,answer_segment,13,10,False,41,41,True,12.448941230773926,,ok,False,ok,3,6
exp_c,exp_c__gsm8k_test_001225__no_think,gsm8k_test_001225,no_think,canonical,,answer_segment,20,10,False,41,41,True,12.020129203796387,,ok,False,ok,3,6
exp_c,exp_c__gsm8k_test_001232__think,gsm8k_test_001232,think,canonical,,full_output,6,10,False,256,256,True,17.21026039123535,,ok,True,ok,15,15
exp_c,exp_c__gsm8k_test_001232__think,gsm8k_test_001232,think,canonical,,full_output,13,10,False,256,256,True,11.17927360534668,,ok,True,ok,15,15
exp_c,exp_c__gsm8k_test_001232__think,gsm8k_test_001232,think,canonical,,full_output,20,10,False,256,256,True,10.819347381591797,,ok,True,ok,15,15
exp_c,exp_c__gsm8k_test_001232__think,gsm8k_test_001232,think,canonical,,thinking_segment,6,10,False,208,208,True,18.736303329467773,,ok_qwen_token_boundary,True,ok,15,15
exp_c,exp_c__gsm8k_test_001232__think,gsm8k_test_001232,think,canonical,,thinking_segment,13,10,False,208,208,True,11.924184799194336,,ok_qwen_token_boundary,True,ok,15,15
exp_c,exp_c__gsm8k_test_001232__think,gsm8k_test_001232,think,canonical,,thinking_segment,20,10,False,208,208,True,11.194840431213379,,ok_qwen_token_boundary,True,ok,15,15
exp_c,exp_c__gsm8k_test_001232__think,gsm8k_test_001232,think,canonical,,answer_segment,6,10,False,48,48,True,17.84087562561035,,ok_qwen_token_boundary,True,ok,15,15
exp_c,exp_c__gsm8k_test_001232__think,gsm8k_test_001232,think,canonical,,answer_segment,13,10,False,48,48,True,14.489624977111816,,ok_qwen_token_boundary,True,ok,15,15
exp_c,exp_c__gsm8k_test_001232__think,gsm8k_test_001232,think,canonical,,answer_segment,20,10,False,48,48,True,11.994796752929688,,ok_qwen_token_boundary,True,ok,15,15
exp_c,exp_c__gsm8k_test_001232__no_think,gsm8k_test_001232,no_think,canonical,,full_output,6,10,False,40,40,True,13.064682006835938,,ok,True,ok,15,15
exp_c,exp_c__gsm8k_test_001232__no_think,gsm8k_test_001232,no_think,canonical,,full_output,13,10,False,40,40,True,12.523229598999023,,ok,True,ok,15,15
exp_c,exp_c__gsm8k_test_001232__no_think,gsm8k_test_001232,no_think,canonical,,full_output,20,10,False,40,40,True,12.806344985961914,,ok,True,ok,15,15
exp_c,exp_c__gsm8k_test_001232__no_think,gsm8k_test_001232,no_think,canonical,,answer_segment,6,10,False,40,40,True,13.064682006835938,,ok,True,ok,15,15
exp_c,exp_c__gsm8k_test_001232__no_think,gsm8k_test_001232,no_think,canonical,,answer_segment,13,10,False,40,40,True,12.523229598999023,,ok,True,ok,15,15
exp_c,exp_c__gsm8k_test_001232__no_think,gsm8k_test_001232,no_think,canonical,,answer_segment,20,10,False,40,40,True,12.806344985961914,,ok,True,ok,15,15
exp_c,exp_c__gsm8k_test_001246__think,gsm8k_test_001246,think,canonical,,full_output,6,10,False,349,349,True,13.826732635498047,,ok,True,ok,3360,3360
exp_c,exp_c__gsm8k_test_001246__think,gsm8k_test_001246,think,canonical,,full_output,13,10,False,349,349,True,9.889111518859863,,ok,True,ok,3360,3360
exp_c,exp_c__gsm8k_test_001246__think,gsm8k_test_001246,think,canonical,,full_output,20,10,False,349,349,True,31.240257263183594,,ok,True,ok,3360,3360
exp_c,exp_c__gsm8k_test_001246__think,gsm8k_test_001246,think,canonical,,thinking_segment,6,10,False,302,302,True,12.755468368530273,,ok_qwen_token_boundary,True,ok,3360,3360
exp_c,exp_c__gsm8k_test_001246__think,gsm8k_test_001246,think,canonical,,thinking_segment,13,10,False,302,302,True,10.107744216918945,,ok_qwen_token_boundary,True,ok,3360,3360
exp_c,exp_c__gsm8k_test_001246__think,gsm8k_test_001246,think,canonical,,thinking_segment,20,10,False,302,302,True,38.572898864746094,,ok_qwen_token_boundary,True,ok,3360,3360
exp_c,exp_c__gsm8k_test_001246__think,gsm8k_test_001246,think,canonical,,answer_segment,6,10,False,47,47,True,13.156143188476562,,ok_qwen_token_boundary,True,ok,3360,3360
exp_c,exp_c__gsm8k_test_001246__think,gsm8k_test_001246,think,canonical,,answer_segment,13,10,False,47,47,True,11.659194946289062,,ok_qwen_token_boundary,True,ok,3360,3360
exp_c,exp_c__gsm8k_test_001246__think,gsm8k_test_001246,think,canonical,,answer_segment,20,10,False,47,47,True,11.458187103271484,,ok_qwen_token_boundary,True,ok,3360,3360
exp_c,exp_c__gsm8k_test_001246__no_think,gsm8k_test_001246,no_think,canonical,,full_output,6,10,False,52,52,True,11.632643699645996,,ok,True,ok,3360,3360
exp_c,exp_c__gsm8k_test_001246__no_think,gsm8k_test_001246,no_think,canonical,,full_output,13,10,False,52,52,True,10.527383804321289,,ok,True,ok,3360,3360
exp_c,exp_c__gsm8k_test_001246__no_think,gsm8k_test_001246,no_think,canonical,,full_output,20,10,False,52,52,True,10.069429397583008,,ok,True,ok,3360,3360
exp_c,exp_c__gsm8k_test_001246__no_think,gsm8k_test_001246,no_think,canonical,,answer_segment,6,10,False,52,52,True,11.632643699645996,,ok,True,ok,3360,3360
exp_c,exp_c__gsm8k_test_001246__no_think,gsm8k_test_001246,no_think,canonical,,answer_segment,13,10,False,52,52,True,10.527383804321289,,ok,True,ok,3360,3360
exp_c,exp_c__gsm8k_test_001246__no_think,gsm8k_test_001246,no_think,canonical,,answer_segment,20,10,False,52,52,True,10.069429397583008,,ok,True,ok,3360,3360
exp_c,exp_c__gsm8k_test_001247__think,gsm8k_test_001247,think,canonical,,full_output,6,10,False,363,363,True,10.472055435180664,,ok,True,ok,7,7
exp_c,exp_c__gsm8k_test_001247__think,gsm8k_test_001247,think,canonical,,full_output,13,10,False,363,363,True,9.144895553588867,,ok,True,ok,7,7
exp_c,exp_c__gsm8k_test_001247__think,gsm8k_test_001247,think,canonical,,full_output,20,10,False,363,363,True,10.125753402709961,,ok,True,ok,7,7
exp_c,exp_c__gsm8k_test_001247__think,gsm8k_test_001247,think,canonical,,thinking_segment,6,10,False,314,314,True,10.957432746887207,,ok_qwen_token_boundary,True,ok,7,7
exp_c,exp_c__gsm8k_test_001247__think,gsm8k_test_001247,think,canonical,,thinking_segment,13,10,False,314,314,True,9.248722076416016,,ok_qwen_token_boundary,True,ok,7,7
exp_c,exp_c__gsm8k_test_001247__think,gsm8k_test_001247,think,canonical,,thinking_segment,20,10,False,314,314,True,10.095844268798828,,ok_qwen_token_boundary,True,ok,7,7
exp_c,exp_c__gsm8k_test_001247__think,gsm8k_test_001247,think,canonical,,answer_segment,6,10,False,49,49,True,17.289134979248047,,ok_qwen_token_boundary,True,ok,7,7
exp_c,exp_c__gsm8k_test_001247__think,gsm8k_test_001247,think,canonical,,answer_segment,13,10,False,49,49,True,12.200399398803711,,ok_qwen_token_boundary,True,ok,7,7
exp_c,exp_c__gsm8k_test_001247__think,gsm8k_test_001247,think,canonical,,answer_segment,20,10,False,49,49,True,11.593384742736816,,ok_qwen_token_boundary,True,ok,7,7
exp_c,exp_c__gsm8k_test_001247__no_think,gsm8k_test_001247,no_think,canonical,,full_output,6,10,False,49,49,True,16.34329605102539,,ok,True,ok,7,7
exp_c,exp_c__gsm8k_test_001247__no_think,gsm8k_test_001247,no_think,canonical,,full_output,13,10,False,49,49,True,11.696993827819824,,ok,True,ok,7,7
exp_c,exp_c__gsm8k_test_001247__no_think,gsm8k_test_001247,no_think,canonical,,full_output,20,10,False,49,49,True,11.18508243560791,,ok,True,ok,7,7
exp_c,exp_c__gsm8k_test_001247__no_think,gsm8k_test_001247,no_think,canonical,,answer_segment,6,10,False,49,49,True,16.34329605102539,,ok,True,ok,7,7
exp_c,exp_c__gsm8k_test_001247__no_think,gsm8k_test_001247,no_think,canonical,,answer_segment,13,10,False,49,49,True,11.696993827819824,,ok,True,ok,7,7
exp_c,exp_c__gsm8k_test_001247__no_think,gsm8k_test_001247,no_think,canonical,,answer_segment,20,10,False,49,49,True,11.18508243560791,,ok,True,ok,7,7
exp_c,exp_c__gsm8k_test_001251__think,gsm8k_test_001251,think,canonical,,full_output,6,10,False,580,580,True,9.868643760681152,,ok,True,ok,30,30
exp_c,exp_c__gsm8k_test_001251__think,gsm8k_test_001251,think,canonical,,full_output,13,10,False,580,580,True,8.602983474731445,,ok,True,ok,30,30
exp_c,exp_c__gsm8k_test_001251__think,gsm8k_test_001251,think,canonical,,full_output,20,10,False,580,580,True,23.024747848510742,,ok,True,ok,30,30
exp_c,exp_c__gsm8k_test_001251__think,gsm8k_test_001251,think,canonical,,thinking_segment,6,10,False,514,514,True,9.504374504089355,,ok_qwen_token_boundary,True,ok,30,30
exp_c,exp_c__gsm8k_test_001251__think,gsm8k_test_001251,think,canonical,,thinking_segment,13,10,False,514,514,True,8.60654067993164,,ok_qwen_token_boundary,True,ok,30,30
exp_c,exp_c__gsm8k_test_001251__think,gsm8k_test_001251,think,canonical,,thinking_segment,20,10,False,514,514,True,21.014450073242188,,ok_qwen_token_boundary,True,ok,30,30
exp_c,exp_c__gsm8k_test_001251__think,gsm8k_test_001251,think,canonical,,answer_segment,6,10,False,66,66,True,22.692445755004883,,ok_qwen_token_boundary,True,ok,30,30
exp_c,exp_c__gsm8k_test_001251__think,gsm8k_test_001251,think,canonical,,answer_segment,13,10,False,66,66,True,10.146528244018555,,ok_qwen_token_boundary,True,ok,30,30
exp_c,exp_c__gsm8k_test_001251__think,gsm8k_test_001251,think,canonical,,answer_segment,20,10,False,66,66,True,10.258340835571289,,ok_qwen_token_boundary,True,ok,30,30
exp_c,exp_c__gsm8k_test_001251__no_think,gsm8k_test_001251,no_think,canonical,,full_output,6,10,False,55,55,True,12.471254348754883,,ok,True,ok,30,30
exp_c,exp_c__gsm8k_test_001251__no_think,gsm8k_test_001251,no_think,canonical,,full_output,13,10,False,55,55,True,9.209867477416992,,ok,True,ok,30,30
exp_c,exp_c__gsm8k_test_001251__no_think,gsm8k_test_001251,no_think,canonical,,full_output,20,10,False,55,55,True,10.071748733520508,,ok,True,ok,30,30
exp_c,exp_c__gsm8k_test_001251__no_think,gsm8k_test_001251,no_think,canonical,,answer_segment,6,10,False,55,55,True,12.471254348754883,,ok,True,ok,30,30
exp_c,exp_c__gsm8k_test_001251__no_think,gsm8k_test_001251,no_think,canonical,,answer_segment,13,10,False,55,55,True,9.209867477416992,,ok,True,ok,30,30
exp_c,exp_c__gsm8k_test_001251__no_think,gsm8k_test_001251,no_think,canonical,,answer_segment,20,10,False,55,55,True,10.071748733520508,,ok,True,ok,30,30
exp_c,exp_c__gsm8k_test_001253__think,gsm8k_test_001253,think,canonical,,full_output,6,10,False,274,274,True,14.840338706970215,,ok,True,ok,120,120
exp_c,exp_c__gsm8k_test_001253__think,gsm8k_test_001253,think,canonical,,full_output,13,10,False,274,274,True,11.301039695739746,,ok,True,ok,120,120
exp_c,exp_c__gsm8k_test_001253__think,gsm8k_test_001253,think,canonical,,full_output,20,10,False,274,274,True,12.03120231628418,,ok,True,ok,120,120
exp_c,exp_c__gsm8k_test_001253__think,gsm8k_test_001253,think,canonical,,thinking_segment,6,10,False,232,232,True,13.992402076721191,,ok_qwen_token_boundary,True,ok,120,120
exp_c,exp_c__gsm8k_test_001253__think,gsm8k_test_001253,think,canonical,,thinking_segment,13,10,False,232,232,True,11.43792724609375,,ok_qwen_token_boundary,True,ok,120,120
exp_c,exp_c__gsm8k_test_001253__think,gsm8k_test_001253,think,canonical,,thinking_segment,20,10,False,232,232,True,11.81096363067627,,ok_qwen_token_boundary,True,ok,120,120
exp_c,exp_c__gsm8k_test_001253__think,gsm8k_test_001253,think,canonical,,answer_segment,6,10,False,42,42,True,11.755793571472168,,ok_qwen_token_boundary,True,ok,120,120
exp_c,exp_c__gsm8k_test_001253__think,gsm8k_test_001253,think,canonical,,answer_segment,13,10,False,42,42,True,14.533883094787598,,ok_qwen_token_boundary,True,ok,120,120
exp_c,exp_c__gsm8k_test_001253__think,gsm8k_test_001253,think,canonical,,answer_segment,20,10,False,42,42,True,11.457441329956055,,ok_qwen_token_boundary,True,ok,120,120
exp_c,exp_c__gsm8k_test_001253__no_think,gsm8k_test_001253,no_think,canonical,,full_output,6,10,False,49,49,True,15.664502143859863,,ok,False,ok,120,20
exp_c,exp_c__gsm8k_test_001253__no_think,gsm8k_test_001253,no_think,canonical,,full_output,13,10,False,49,49,True,12.295528411865234,,ok,False,ok,120,20
exp_c,exp_c__gsm8k_test_001253__no_think,gsm8k_test_001253,no_think,canonical,,full_output,20,10,False,49,49,True,12.577415466308594,,ok,False,ok,120,20
exp_c,exp_c__gsm8k_test_001253__no_think,gsm8k_test_001253,no_think,canonical,,answer_segment,6,10,False,49,49,True,15.664502143859863,,ok,False,ok,120,20
exp_c,exp_c__gsm8k_test_001253__no_think,gsm8k_test_001253,no_think,canonical,,answer_segment,13,10,False,49,49,True,12.295528411865234,,ok,False,ok,120,20
exp_c,exp_c__gsm8k_test_001253__no_think,gsm8k_test_001253,no_think,canonical,,answer_segment,20,10,False,49,49,True,12.577415466308594,,ok,False,ok,120,20
exp_c,exp_c__gsm8k_test_001255__think,gsm8k_test_001255,think,canonical,,full_output,6,10,False,268,268,True,16.83456802368164,,ok,True,ok,12,12
exp_c,exp_c__gsm8k_test_001255__think,gsm8k_test_001255,think,canonical,,full_output,13,10,False,268,268,True,11.787657737731934,,ok,True,ok,12,12
exp_c,exp_c__gsm8k_test_001255__think,gsm8k_test_001255,think,canonical,,full_output,20,10,False,268,268,True,11.120281219482422,,ok,True,ok,12,12
exp_c,exp_c__gsm8k_test_001255__think,gsm8k_test_001255,think,canonical,,thinking_segment,6,10,False,202,202,True,14.940972328186035,,ok_qwen_token_boundary,True,ok,12,12
exp_c,exp_c__gsm8k_test_001255__think,gsm8k_test_001255,think,canonical,,thinking_segment,13,10,False,202,202,True,12.03084659576416,,ok_qwen_token_boundary,True,ok,12,12
exp_c,exp_c__gsm8k_test_001255__think,gsm8k_test_001255,think,canonical,,thinking_segment,20,10,False,202,202,True,11.393798828125,,ok_qwen_token_boundary,True,ok,12,12
exp_c,exp_c__gsm8k_test_001255__think,gsm8k_test_001255,think,canonical,,answer_segment,6,10,False,66,66,True,16.709884643554688,,ok_qwen_token_boundary,True,ok,12,12
exp_c,exp_c__gsm8k_test_001255__think,gsm8k_test_001255,think,canonical,,answer_segment,13,10,False,66,66,True,11.787097930908203,,ok_qwen_token_boundary,True,ok,12,12
exp_c,exp_c__gsm8k_test_001255__think,gsm8k_test_001255,think,canonical,,answer_segment,20,10,False,66,66,True,10.74545669555664,,ok_qwen_token_boundary,True,ok,12,12
exp_c,exp_c__gsm8k_test_001255__no_think,gsm8k_test_001255,no_think,canonical,,full_output,6,10,False,53,53,True,11.109432220458984,,ok,False,ok,12,8
exp_c,exp_c__gsm8k_test_001255__no_think,gsm8k_test_001255,no_think,canonical,,full_output,13,10,False,53,53,True,11.020442008972168,,ok,False,ok,12,8
exp_c,exp_c__gsm8k_test_001255__no_think,gsm8k_test_001255,no_think,canonical,,full_output,20,10,False,53,53,True,10.655427932739258,,ok,False,ok,12,8
exp_c,exp_c__gsm8k_test_001255__no_think,gsm8k_test_001255,no_think,canonical,,answer_segment,6,10,False,53,53,True,11.109432220458984,,ok,False,ok,12,8
exp_c,exp_c__gsm8k_test_001255__no_think,gsm8k_test_001255,no_think,canonical,,answer_segment,13,10,False,53,53,True,11.020442008972168,,ok,False,ok,12,8
exp_c,exp_c__gsm8k_test_001255__no_think,gsm8k_test_001255,no_think,canonical,,answer_segment,20,10,False,53,53,True,10.655427932739258,,ok,False,ok,12,8
exp_c,exp_c__gsm8k_test_001263__think,gsm8k_test_001263,think,canonical,,full_output,6,10,False,489,489,True,13.20789623260498,,ok,True,ok,500,500
exp_c,exp_c__gsm8k_test_001263__think,gsm8k_test_001263,think,canonical,,full_output,13,10,False,489,489,True,10.67652416229248,,ok,True,ok,500,500
exp_c,exp_c__gsm8k_test_001263__think,gsm8k_test_001263,think,canonical,,full_output,20,10,False,489,489,True,18.664974212646484,,ok,True,ok,500,500
exp_c,exp_c__gsm8k_test_001263__think,gsm8k_test_001263,think,canonical,,thinking_segment,6,10,False,425,425,True,12.690398216247559,,ok_qwen_token_boundary,True,ok,500,500
exp_c,exp_c__gsm8k_test_001263__think,gsm8k_test_001263,think,canonical,,thinking_segment,13,10,False,425,425,True,10.328983306884766,,ok_qwen_token_boundary,True,ok,500,500
exp_c,exp_c__gsm8k_test_001263__think,gsm8k_test_001263,think,canonical,,thinking_segment,20,10,False,425,425,True,17.84137725830078,,ok_qwen_token_boundary,True,ok,500,500
exp_c,exp_c__gsm8k_test_001263__think,gsm8k_test_001263,think,canonical,,answer_segment,6,10,False,64,64,True,13.757345199584961,,ok_qwen_token_boundary,True,ok,500,500
exp_c,exp_c__gsm8k_test_001263__think,gsm8k_test_001263,think,canonical,,answer_segment,13,10,False,64,64,True,10.913932800292969,,ok_qwen_token_boundary,True,ok,500,500
exp_c,exp_c__gsm8k_test_001263__think,gsm8k_test_001263,think,canonical,,answer_segment,20,10,False,64,64,True,10.899507522583008,,ok_qwen_token_boundary,True,ok,500,500
exp_c,exp_c__gsm8k_test_001263__no_think,gsm8k_test_001263,no_think,canonical,,full_output,6,10,False,69,69,True,14.765166282653809,,ok,False,ok,500,540
exp_c,exp_c__gsm8k_test_001263__no_think,gsm8k_test_001263,no_think,canonical,,full_output,13,10,False,69,69,True,10.879180908203125,,ok,False,ok,500,540
exp_c,exp_c__gsm8k_test_001263__no_think,gsm8k_test_001263,no_think,canonical,,full_output,20,10,False,69,69,True,11.332738876342773,,ok,False,ok,500,540
exp_c,exp_c__gsm8k_test_001263__no_think,gsm8k_test_001263,no_think,canonical,,answer_segment,6,10,False,69,69,True,14.765166282653809,,ok,False,ok,500,540
exp_c,exp_c__gsm8k_test_001263__no_think,gsm8k_test_001263,no_think,canonical,,answer_segment,13,10,False,69,69,True,10.879180908203125,,ok,False,ok,500,540
exp_c,exp_c__gsm8k_test_001263__no_think,gsm8k_test_001263,no_think,canonical,,answer_segment,20,10,False,69,69,True,11.332738876342773,,ok,False,ok,500,540
exp_c,exp_c__gsm8k_test_001271__think,gsm8k_test_001271,think,canonical,,full_output,6,10,False,268,268,True,16.715917587280273,,ok,True,ok,43,43
exp_c,exp_c__gsm8k_test_001271__think,gsm8k_test_001271,think,canonical,,full_output,13,10,False,268,268,True,12.344123840332031,,ok,True,ok,43,43
exp_c,exp_c__gsm8k_test_001271__think,gsm8k_test_001271,think,canonical,,full_output,20,10,False,268,268,True,11.632563591003418,,ok,True,ok,43,43
exp_c,exp_c__gsm8k_test_001271__think,gsm8k_test_001271,think,canonical,,thinking_segment,6,10,False,215,215,True,16.5435848236084,,ok_qwen_token_boundary,True,ok,43,43
exp_c,exp_c__gsm8k_test_001271__think,gsm8k_test_001271,think,canonical,,thinking_segment,13,10,False,215,215,True,12.314661979675293,,ok_qwen_token_boundary,True,ok,43,43
exp_c,exp_c__gsm8k_test_001271__think,gsm8k_test_001271,think,canonical,,thinking_segment,20,10,False,215,215,True,11.878503799438477,,ok_qwen_token_boundary,True,ok,43,43
exp_c,exp_c__gsm8k_test_001271__think,gsm8k_test_001271,think,canonical,,answer_segment,6,10,False,53,53,True,13.204025268554688,,ok_qwen_token_boundary,True,ok,43,43
exp_c,exp_c__gsm8k_test_001271__think,gsm8k_test_001271,think,canonical,,answer_segment,13,10,False,53,53,True,12.390518188476562,,ok_qwen_token_boundary,True,ok,43,43
exp_c,exp_c__gsm8k_test_001271__think,gsm8k_test_001271,think,canonical,,answer_segment,20,10,False,53,53,True,11.900993347167969,,ok_qwen_token_boundary,True,ok,43,43
exp_c,exp_c__gsm8k_test_001271__no_think,gsm8k_test_001271,no_think,canonical,,full_output,6,10,False,54,54,True,13.55983829498291,,ok,False,ok,43,64
exp_c,exp_c__gsm8k_test_001271__no_think,gsm8k_test_001271,no_think,canonical,,full_output,13,10,False,54,54,True,11.503546714782715,,ok,False,ok,43,64
exp_c,exp_c__gsm8k_test_001271__no_think,gsm8k_test_001271,no_think,canonical,,full_output,20,10,False,54,54,True,11.652857780456543,,ok,False,ok,43,64
exp_c,exp_c__gsm8k_test_001271__no_think,gsm8k_test_001271,no_think,canonical,,answer_segment,6,10,False,54,54,True,13.55983829498291,,ok,False,ok,43,64
exp_c,exp_c__gsm8k_test_001271__no_think,gsm8k_test_001271,no_think,canonical,,answer_segment,13,10,False,54,54,True,11.503546714782715,,ok,False,ok,43,64
exp_c,exp_c__gsm8k_test_001271__no_think,gsm8k_test_001271,no_think,canonical,,answer_segment,20,10,False,54,54,True,11.652857780456543,,ok,False,ok,43,64
exp_c,exp_c__gsm8k_test_001275__think,gsm8k_test_001275,think,canonical,,full_output,6,10,False,357,357,True,15.829785346984863,,ok,True,ok,16,16
exp_c,exp_c__gsm8k_test_001275__think,gsm8k_test_001275,think,canonical,,full_output,13,10,False,357,357,True,10.797115325927734,,ok,True,ok,16,16
exp_c,exp_c__gsm8k_test_001275__think,gsm8k_test_001275,think,canonical,,full_output,20,10,False,357,357,True,10.469249725341797,,ok,True,ok,16,16
exp_c,exp_c__gsm8k_test_001275__think,gsm8k_test_001275,think,canonical,,thinking_segment,6,10,False,291,291,True,15.568290710449219,,ok_qwen_token_boundary,True,ok,16,16
exp_c,exp_c__gsm8k_test_001275__think,gsm8k_test_001275,think,canonical,,thinking_segment,13,10,False,291,291,True,11.070440292358398,,ok_qwen_token_boundary,True,ok,16,16
exp_c,exp_c__gsm8k_test_001275__think,gsm8k_test_001275,think,canonical,,thinking_segment,20,10,False,291,291,True,10.653311729431152,,ok_qwen_token_boundary,True,ok,16,16
exp_c,exp_c__gsm8k_test_001275__think,gsm8k_test_001275,think,canonical,,answer_segment,6,10,False,66,66,True,13.158692359924316,,ok_qwen_token_boundary,True,ok,16,16
exp_c,exp_c__gsm8k_test_001275__think,gsm8k_test_001275,think,canonical,,answer_segment,13,10,False,66,66,True,10.018548965454102,,ok_qwen_token_boundary,True,ok,16,16
exp_c,exp_c__gsm8k_test_001275__think,gsm8k_test_001275,think,canonical,,answer_segment,20,10,False,66,66,True,10.76579475402832,,ok_qwen_token_boundary,True,ok,16,16
exp_c,exp_c__gsm8k_test_001275__no_think,gsm8k_test_001275,no_think,canonical,,full_output,6,10,False,59,59,True,15.68677806854248,,ok,False,ok,16,17.5
exp_c,exp_c__gsm8k_test_001275__no_think,gsm8k_test_001275,no_think,canonical,,full_output,13,10,False,59,59,True,10.814119338989258,,ok,False,ok,16,17.5
exp_c,exp_c__gsm8k_test_001275__no_think,gsm8k_test_001275,no_think,canonical,,full_output,20,10,False,59,59,True,11.635427474975586,,ok,False,ok,16,17.5
exp_c,exp_c__gsm8k_test_001275__no_think,gsm8k_test_001275,no_think,canonical,,answer_segment,6,10,False,59,59,True,15.68677806854248,,ok,False,ok,16,17.5
exp_c,exp_c__gsm8k_test_001275__no_think,gsm8k_test_001275,no_think,canonical,,answer_segment,13,10,False,59,59,True,10.814119338989258,,ok,False,ok,16,17.5
exp_c,exp_c__gsm8k_test_001275__no_think,gsm8k_test_001275,no_think,canonical,,answer_segment,20,10,False,59,59,True,11.635427474975586,,ok,False,ok,16,17.5
exp_c,exp_c__gsm8k_test_001289__think,gsm8k_test_001289,think,canonical,,full_output,6,10,False,292,292,True,15.263916015625,,ok,True,ok,101,101
exp_c,exp_c__gsm8k_test_001289__think,gsm8k_test_001289,think,canonical,,full_output,13,10,False,292,292,True,10.885321617126465,,ok,True,ok,101,101
exp_c,exp_c__gsm8k_test_001289__think,gsm8k_test_001289,think,canonical,,full_output,20,10,False,292,292,True,10.400882720947266,,ok,True,ok,101,101
exp_c,exp_c__gsm8k_test_001289__think,gsm8k_test_001289,think,canonical,,thinking_segment,6,10,False,232,232,True,16.851627349853516,,ok_qwen_token_boundary,True,ok,101,101
exp_c,exp_c__gsm8k_test_001289__think,gsm8k_test_001289,think,canonical,,thinking_segment,13,10,False,232,232,True,11.972265243530273,,ok_qwen_token_boundary,True,ok,101,101
exp_c,exp_c__gsm8k_test_001289__think,gsm8k_test_001289,think,canonical,,thinking_segment,20,10,False,232,232,True,11.275749206542969,,ok_qwen_token_boundary,True,ok,101,101
exp_c,exp_c__gsm8k_test_001289__think,gsm8k_test_001289,think,canonical,,answer_segment,6,10,False,60,60,True,14.69100570678711,,ok_qwen_token_boundary,True,ok,101,101
exp_c,exp_c__gsm8k_test_001289__think,gsm8k_test_001289,think,canonical,,answer_segment,13,10,False,60,60,True,11.55374526977539,,ok_qwen_token_boundary,True,ok,101,101
exp_c,exp_c__gsm8k_test_001289__think,gsm8k_test_001289,think,canonical,,answer_segment,20,10,False,60,60,True,10.456854820251465,,ok_qwen_token_boundary,True,ok,101,101
exp_c,exp_c__gsm8k_test_001289__no_think,gsm8k_test_001289,no_think,canonical,,full_output,6,10,False,60,60,True,12.412703514099121,,ok,False,ok,101,81
exp_c,exp_c__gsm8k_test_001289__no_think,gsm8k_test_001289,no_think,canonical,,full_output,13,10,False,60,60,True,11.107447624206543,,ok,False,ok,101,81
exp_c,exp_c__gsm8k_test_001289__no_think,gsm8k_test_001289,no_think,canonical,,full_output,20,10,False,60,60,True,10.27113151550293,,ok,False,ok,101,81
exp_c,exp_c__gsm8k_test_001289__no_think,gsm8k_test_001289,no_think,canonical,,answer_segment,6,10,False,60,60,True,12.412703514099121,,ok,False,ok,101,81
exp_c,exp_c__gsm8k_test_001289__no_think,gsm8k_test_001289,no_think,canonical,,answer_segment,13,10,False,60,60,True,11.107447624206543,,ok,False,ok,101,81
exp_c,exp_c__gsm8k_test_001289__no_think,gsm8k_test_001289,no_think,canonical,,answer_segment,20,10,False,60,60,True,10.27113151550293,,ok,False,ok,101,81
exp_c,exp_c__gsm8k_test_001291__think,gsm8k_test_001291,think,canonical,,full_output,6,10,False,216,216,True,13.601051330566406,,ok,True,ok,27,27
exp_c,exp_c__gsm8k_test_001291__think,gsm8k_test_001291,think,canonical,,full_output,13,10,False,216,216,True,11.048372268676758,,ok,True,ok,27,27
exp_c,exp_c__gsm8k_test_001291__think,gsm8k_test_001291,think,canonical,,full_output,20,10,False,216,216,True,11.024137496948242,,ok,True,ok,27,27
exp_c,exp_c__gsm8k_test_001291__think,gsm8k_test_001291,think,canonical,,thinking_segment,6,10,False,173,173,True,13.540389060974121,,ok_qwen_token_boundary,True,ok,27,27
exp_c,exp_c__gsm8k_test_001291__think,gsm8k_test_001291,think,canonical,,thinking_segment,13,10,False,173,173,True,11.06661605834961,,ok_qwen_token_boundary,True,ok,27,27
exp_c,exp_c__gsm8k_test_001291__think,gsm8k_test_001291,think,canonical,,thinking_segment,20,10,False,173,173,True,10.794565200805664,,ok_qwen_token_boundary,True,ok,27,27
exp_c,exp_c__gsm8k_test_001291__think,gsm8k_test_001291,think,canonical,,answer_segment,6,10,False,43,43,True,11.656881332397461,,ok_qwen_token_boundary,True,ok,27,27
exp_c,exp_c__gsm8k_test_001291__think,gsm8k_test_001291,think,canonical,,answer_segment,13,10,False,43,43,True,11.853370666503906,,ok_qwen_token_boundary,True,ok,27,27
exp_c,exp_c__gsm8k_test_001291__think,gsm8k_test_001291,think,canonical,,answer_segment,20,10,False,43,43,True,11.218149185180664,,ok_qwen_token_boundary,True,ok,27,27
exp_c,exp_c__gsm8k_test_001291__no_think,gsm8k_test_001291,no_think,canonical,,full_output,6,10,False,33,33,True,10.101641654968262,,ok,True,ok,27,27
exp_c,exp_c__gsm8k_test_001291__no_think,gsm8k_test_001291,no_think,canonical,,full_output,13,10,False,33,33,True,10.920031547546387,,ok,True,ok,27,27
exp_c,exp_c__gsm8k_test_001291__no_think,gsm8k_test_001291,no_think,canonical,,full_output,20,10,False,33,33,True,10.997512817382812,,ok,True,ok,27,27
exp_c,exp_c__gsm8k_test_001291__no_think,gsm8k_test_001291,no_think,canonical,,answer_segment,6,10,False,33,33,True,10.101641654968262,,ok,True,ok,27,27
exp_c,exp_c__gsm8k_test_001291__no_think,gsm8k_test_001291,no_think,canonical,,answer_segment,13,10,False,33,33,True,10.920031547546387,,ok,True,ok,27,27
exp_c,exp_c__gsm8k_test_001291__no_think,gsm8k_test_001291,no_think,canonical,,answer_segment,20,10,False,33,33,True,10.997512817382812,,ok,True,ok,27,27
exp_c,exp_c__gsm8k_test_001307__think,gsm8k_test_001307,think,canonical,,full_output,6,10,False,207,207,True,15.660136222839355,,ok,True,ok,8,8
exp_c,exp_c__gsm8k_test_001307__think,gsm8k_test_001307,think,canonical,,full_output,13,10,False,207,207,True,11.851197242736816,,ok,True,ok,8,8
exp_c,exp_c__gsm8k_test_001307__think,gsm8k_test_001307,think,canonical,,full_output,20,10,False,207,207,True,11.33903980255127,,ok,True,ok,8,8
exp_c,exp_c__gsm8k_test_001307__think,gsm8k_test_001307,think,canonical,,thinking_segment,6,10,False,170,170,True,15.488693237304688,,ok_qwen_token_boundary,True,ok,8,8
exp_c,exp_c__gsm8k_test_001307__think,gsm8k_test_001307,think,canonical,,thinking_segment,13,10,False,170,170,True,11.390833854675293,,ok_qwen_token_boundary,True,ok,8,8
exp_c,exp_c__gsm8k_test_001307__think,gsm8k_test_001307,think,canonical,,thinking_segment,20,10,False,170,170,True,10.869271278381348,,ok_qwen_token_boundary,True,ok,8,8
exp_c,exp_c__gsm8k_test_001307__think,gsm8k_test_001307,think,canonical,,answer_segment,6,10,False,37,37,True,11.703263282775879,,ok_qwen_token_boundary,True,ok,8,8
exp_c,exp_c__gsm8k_test_001307__think,gsm8k_test_001307,think,canonical,,answer_segment,13,10,False,37,37,True,12.047636032104492,,ok_qwen_token_boundary,True,ok,8,8
exp_c,exp_c__gsm8k_test_001307__think,gsm8k_test_001307,think,canonical,,answer_segment,20,10,False,37,37,True,11.658134460449219,,ok_qwen_token_boundary,True,ok,8,8
exp_c,exp_c__gsm8k_test_001307__no_think,gsm8k_test_001307,no_think,canonical,,full_output,6,10,False,44,44,True,12.103726387023926,,ok,True,ok,8,8
exp_c,exp_c__gsm8k_test_001307__no_think,gsm8k_test_001307,no_think,canonical,,full_output,13,10,False,44,44,True,12.343926429748535,,ok,True,ok,8,8
exp_c,exp_c__gsm8k_test_001307__no_think,gsm8k_test_001307,no_think,canonical,,full_output,20,10,False,44,44,True,11.54189395904541,,ok,True,ok,8,8
exp_c,exp_c__gsm8k_test_001307__no_think,gsm8k_test_001307,no_think,canonical,,answer_segment,6,10,False,44,44,True,12.103726387023926,,ok,True,ok,8,8
exp_c,exp_c__gsm8k_test_001307__no_think,gsm8k_test_001307,no_think,canonical,,answer_segment,13,10,False,44,44,True,12.343926429748535,,ok,True,ok,8,8
exp_c,exp_c__gsm8k_test_001307__no_think,gsm8k_test_001307,no_think,canonical,,answer_segment,20,10,False,44,44,True,11.54189395904541,,ok,True,ok,8,8
exp_c,exp_c__gsm8k_test_001311__think,gsm8k_test_001311,think,canonical,,full_output,6,10,False,244,244,True,15.626352310180664,,ok,True,ok,594,594
exp_c,exp_c__gsm8k_test_001311__think,gsm8k_test_001311,think,canonical,,full_output,13,10,False,244,244,True,11.261362075805664,,ok,True,ok,594,594
exp_c,exp_c__gsm8k_test_001311__think,gsm8k_test_001311,think,canonical,,full_output,20,10,False,244,244,True,11.043006896972656,,ok,True,ok,594,594
exp_c,exp_c__gsm8k_test_001311__think,gsm8k_test_001311,think,canonical,,thinking_segment,6,10,False,202,202,True,14.74712085723877,,ok_qwen_token_boundary,True,ok,594,594
exp_c,exp_c__gsm8k_test_001311__think,gsm8k_test_001311,think,canonical,,thinking_segment,13,10,False,202,202,True,11.160494804382324,,ok_qwen_token_boundary,True,ok,594,594
exp_c,exp_c__gsm8k_test_001311__think,gsm8k_test_001311,think,canonical,,thinking_segment,20,10,False,202,202,True,11.073805809020996,,ok_qwen_token_boundary,True,ok,594,594
exp_c,exp_c__gsm8k_test_001311__think,gsm8k_test_001311,think,canonical,,answer_segment,6,10,False,42,42,True,13.590126037597656,,ok_qwen_token_boundary,True,ok,594,594
exp_c,exp_c__gsm8k_test_001311__think,gsm8k_test_001311,think,canonical,,answer_segment,13,10,False,42,42,True,12.91761589050293,,ok_qwen_token_boundary,True,ok,594,594
exp_c,exp_c__gsm8k_test_001311__think,gsm8k_test_001311,think,canonical,,answer_segment,20,10,False,42,42,True,11.684307098388672,,ok_qwen_token_boundary,True,ok,594,594
exp_c,exp_c__gsm8k_test_001311__no_think,gsm8k_test_001311,no_think,canonical,,full_output,6,10,False,36,36,True,10.723705291748047,,ok,True,ok,594,594
exp_c,exp_c__gsm8k_test_001311__no_think,gsm8k_test_001311,no_think,canonical,,full_output,13,10,False,36,36,True,11.508788108825684,,ok,True,ok,594,594
exp_c,exp_c__gsm8k_test_001311__no_think,gsm8k_test_001311,no_think,canonical,,full_output,20,10,False,36,36,True,11.593572616577148,,ok,True,ok,594,594
exp_c,exp_c__gsm8k_test_001311__no_think,gsm8k_test_001311,no_think,canonical,,answer_segment,6,10,False,36,36,True,10.723705291748047,,ok,True,ok,594,594
exp_c,exp_c__gsm8k_test_001311__no_think,gsm8k_test_001311,no_think,canonical,,answer_segment,13,10,False,36,36,True,11.508788108825684,,ok,True,ok,594,594
exp_c,exp_c__gsm8k_test_001311__no_think,gsm8k_test_001311,no_think,canonical,,answer_segment,20,10,False,36,36,True,11.593572616577148,,ok,True,ok,594,594
exp_c,exp_c__gsm8k_test_001313__think,gsm8k_test_001313,think,canonical,,full_output,6,10,False,382,382,True,14.698694229125977,,ok,True,ok,2,2
exp_c,exp_c__gsm8k_test_001313__think,gsm8k_test_001313,think,canonical,,full_output,13,10,False,382,382,True,10.665279388427734,,ok,True,ok,2,2
exp_c,exp_c__gsm8k_test_001313__think,gsm8k_test_001313,think,canonical,,full_output,20,10,False,382,382,True,10.72520923614502,,ok,True,ok,2,2
exp_c,exp_c__gsm8k_test_001313__think,gsm8k_test_001313,think,canonical,,thinking_segment,6,10,False,331,331,True,13.928109169006348,,ok_qwen_token_boundary,True,ok,2,2
exp_c,exp_c__gsm8k_test_001313__think,gsm8k_test_001313,think,canonical,,thinking_segment,13,10,False,331,331,True,10.664351463317871,,ok_qwen_token_boundary,True,ok,2,2
exp_c,exp_c__gsm8k_test_001313__think,gsm8k_test_001313,think,canonical,,thinking_segment,20,10,False,331,331,True,10.621572494506836,,ok_qwen_token_boundary,True,ok,2,2
exp_c,exp_c__gsm8k_test_001313__think,gsm8k_test_001313,think,canonical,,answer_segment,6,10,False,51,51,True,15.97465705871582,,ok_qwen_token_boundary,True,ok,2,2
exp_c,exp_c__gsm8k_test_001313__think,gsm8k_test_001313,think,canonical,,answer_segment,13,10,False,51,51,True,12.930155754089355,,ok_qwen_token_boundary,True,ok,2,2
exp_c,exp_c__gsm8k_test_001313__think,gsm8k_test_001313,think,canonical,,answer_segment,20,10,False,51,51,True,11.869989395141602,,ok_qwen_token_boundary,True,ok,2,2
exp_c,exp_c__gsm8k_test_001313__no_think,gsm8k_test_001313,no_think,canonical,,full_output,6,10,False,64,64,True,14.532066345214844,,ok,True,ok,2,2
exp_c,exp_c__gsm8k_test_001313__no_think,gsm8k_test_001313,no_think,canonical,,full_output,13,10,False,64,64,True,12.241714477539062,,ok,True,ok,2,2
exp_c,exp_c__gsm8k_test_001313__no_think,gsm8k_test_001313,no_think,canonical,,full_output,20,10,False,64,64,True,11.3260498046875,,ok,True,ok,2,2
exp_c,exp_c__gsm8k_test_001313__no_think,gsm8k_test_001313,no_think,canonical,,answer_segment,6,10,False,64,64,True,14.532066345214844,,ok,True,ok,2,2
exp_c,exp_c__gsm8k_test_001313__no_think,gsm8k_test_001313,no_think,canonical,,answer_segment,13,10,False,64,64,True,12.241714477539062,,ok,True,ok,2,2
exp_c,exp_c__gsm8k_test_001313__no_think,gsm8k_test_001313,no_think,canonical,,answer_segment,20,10,False,64,64,True,11.3260498046875,,ok,True,ok,2,2
exp_c,exp_c__gsm8k_test_001317__think,gsm8k_test_001317,think,canonical,,full_output,6,10,False,384,384,True,16.609094619750977,,ok,True,ok,5,5
exp_c,exp_c__gsm8k_test_001317__think,gsm8k_test_001317,think,canonical,,full_output,13,10,False,384,384,True,11.525322914123535,,ok,True,ok,5,5
exp_c,exp_c__gsm8k_test_001317__think,gsm8k_test_001317,think,canonical,,full_output,20,10,False,384,384,True,11.729209899902344,,ok,True,ok,5,5
exp_c,exp_c__gsm8k_test_001317__think,gsm8k_test_001317,think,canonical,,thinking_segment,6,10,False,333,333,True,17.31473159790039,,ok_qwen_token_boundary,True,ok,5,5
exp_c,exp_c__gsm8k_test_001317__think,gsm8k_test_001317,think,canonical,,thinking_segment,13,10,False,333,333,True,11.830976486206055,,ok_qwen_token_boundary,True,ok,5,5
exp_c,exp_c__gsm8k_test_001317__think,gsm8k_test_001317,think,canonical,,thinking_segment,20,10,False,333,333,True,11.923462867736816,,ok_qwen_token_boundary,True,ok,5,5
exp_c,exp_c__gsm8k_test_001317__think,gsm8k_test_001317,think,canonical,,answer_segment,6,10,False,51,51,True,14.660968780517578,,ok_qwen_token_boundary,True,ok,5,5
exp_c,exp_c__gsm8k_test_001317__think,gsm8k_test_001317,think,canonical,,answer_segment,13,10,False,51,51,True,12.691191673278809,,ok_qwen_token_boundary,True,ok,5,5
exp_c,exp_c__gsm8k_test_001317__think,gsm8k_test_001317,think,canonical,,answer_segment,20,10,False,51,51,True,11.542139053344727,,ok_qwen_token_boundary,True,ok,5,5
exp_c,exp_c__gsm8k_test_001317__no_think,gsm8k_test_001317,no_think,canonical,,full_output,6,10,False,61,61,True,13.168014526367188,,ok,False,ok,5,15
exp_c,exp_c__gsm8k_test_001317__no_think,gsm8k_test_001317,no_think,canonical,,full_output,13,10,False,61,61,True,11.661320686340332,,ok,False,ok,5,15
exp_c,exp_c__gsm8k_test_001317__no_think,gsm8k_test_001317,no_think,canonical,,full_output,20,10,False,61,61,True,11.759443283081055,,ok,False,ok,5,15
exp_c,exp_c__gsm8k_test_001317__no_think,gsm8k_test_001317,no_think,canonical,,answer_segment,6,10,False,61,61,True,13.168014526367188,,ok,False,ok,5,15
exp_c,exp_c__gsm8k_test_001317__no_think,gsm8k_test_001317,no_think,canonical,,answer_segment,13,10,False,61,61,True,11.661320686340332,,ok,False,ok,5,15
exp_c,exp_c__gsm8k_test_001317__no_think,gsm8k_test_001317,no_think,canonical,,answer_segment,20,10,False,61,61,True,11.759443283081055,,ok,False,ok,5,15
