model,model_label,model_sort_key,example_id,layer,delta_name,delta,think_correct,no_think_correct
Qwen_Qwen3-1.7B,1.7B,1.7,gsm8k_test_000007,6,think_answer_minus_no_think_answer,2.5358638763427734,False,False
Qwen_Qwen3-1.7B,1.7B,1.7,gsm8k_test_000007,6,thinking_minus_think_answer,-6.7493062019348145,False,False
Qwen_Qwen3-1.7B,1.7B,1.7,gsm8k_test_000007,6,thinking_minus_no_think_answer,-4.213442325592041,False,False
Qwen_Qwen3-1.7B,1.7B,1.7,gsm8k_test_000007,13,think_answer_minus_no_think_answer,-1.3664674758911133,False,False
Qwen_Qwen3-1.7B,1.7B,1.7,gsm8k_test_000007,13,thinking_minus_think_answer,-2.506753921508789,False,False
Qwen_Qwen3-1.7B,1.7B,1.7,gsm8k_test_000007,13,thinking_minus_no_think_answer,-3.8732213973999023,False,False
Qwen_Qwen3-1.7B,1.7B,1.7,gsm8k_test_000007,20,think_answer_minus_no_think_answer,-0.33872032165527344,False,False
Qwen_Qwen3-1.7B,1.7B,1.7,gsm8k_test_000007,20,thinking_minus_think_answer,-2.038102149963379,False,False
Qwen_Qwen3-1.7B,1.7B,1.7,gsm8k_test_000007,20,thinking_minus_no_think_answer,-2.3768224716186523,False,False
Qwen_Qwen3-1.7B,1.7B,1.7,gsm8k_test_000028,6,think_answer_minus_no_think_answer,1.5440683364868182,True,True
Qwen_Qwen3-1.7B,1.7B,1.7,gsm8k_test_000028,6,thinking_minus_think_answer,-4.961446762084963,True,True
Qwen_Qwen3-1.7B,1.7B,1.7,gsm8k_test_000028,6,thinking_minus_no_think_answer,-3.4173784255981445,True,True
Qwen_Qwen3-1.7B,1.7B,1.7,gsm8k_test_000028,13,think_answer_minus_no_think_answer,-1.2179956436157227,True,True
Qwen_Qwen3-1.7B,1.7B,1.7,gsm8k_test_000028,13,thinking_minus_think_answer,-1.387181282043457,True,True
Qwen_Qwen3-1.7B,1.7B,1.7,gsm8k_test_000028,13,thinking_minus_no_think_answer,-2.6051769256591797,True,True
Qwen_Qwen3-1.7B,1.7B,1.7,gsm8k_test_000028,20,think_answer_minus_no_think_answer,-0.6734437942504883,True,True
Qwen_Qwen3-1.7B,1.7B,1.7,gsm8k_test_000028,20,thinking_minus_think_answer,-2.2330398559570295,True,True
Qwen_Qwen3-1.7B,1.7B,1.7,gsm8k_test_000028,20,thinking_minus_no_think_answer,-2.9064836502075178,True,True
Qwen_Qwen3-1.7B,1.7B,1.7,gsm8k_test_000031,6,think_answer_minus_no_think_answer,-1.1868305206298828,True,False
Qwen_Qwen3-1.7B,1.7B,1.7,gsm8k_test_000031,6,thinking_minus_think_answer,-3.267864227294922,True,False
Qwen_Qwen3-1.7B,1.7B,1.7,gsm8k_test_000031,6,thinking_minus_no_think_answer,-4.454694747924805,True,False
Qwen_Qwen3-1.7B,1.7B,1.7,gsm8k_test_000031,13,think_answer_minus_no_think_answer,-0.7307109832763672,True,False
Qwen_Qwen3-1.7B,1.7B,1.7,gsm8k_test_000031,13,thinking_minus_think_answer,-1.4049348831176776,True,False
Qwen_Qwen3-1.7B,1.7B,1.7,gsm8k_test_000031,13,thinking_minus_no_think_answer,-2.1356458663940447,True,False
Qwen_Qwen3-1.7B,1.7B,1.7,gsm8k_test_000031,20,think_answer_minus_no_think_answer,0.5128860473632812,True,False
Qwen_Qwen3-1.7B,1.7B,1.7,gsm8k_test_000031,20,thinking_minus_think_answer,-4.131662368774414,True,False
Qwen_Qwen3-1.7B,1.7B,1.7,gsm8k_test_000031,20,thinking_minus_no_think_answer,-3.618776321411133,True,False
Qwen_Qwen3-1.7B,1.7B,1.7,gsm8k_test_000042,6,think_answer_minus_no_think_answer,2.9161128997802734,True,True
Qwen_Qwen3-1.7B,1.7B,1.7,gsm8k_test_000042,6,thinking_minus_think_answer,-4.193989753723146,True,True
Qwen_Qwen3-1.7B,1.7B,1.7,gsm8k_test_000042,6,thinking_minus_no_think_answer,-1.2778768539428729,True,True
Qwen_Qwen3-1.7B,1.7B,1.7,gsm8k_test_000042,13,think_answer_minus_no_think_answer,1.2820730209350586,True,True
Qwen_Qwen3-1.7B,1.7B,1.7,gsm8k_test_000042,13,thinking_minus_think_answer,-0.8859329223632795,True,True
Qwen_Qwen3-1.7B,1.7B,1.7,gsm8k_test_000042,13,thinking_minus_no_think_answer,0.3961400985717791,True,True
Qwen_Qwen3-1.7B,1.7B,1.7,gsm8k_test_000042,20,think_answer_minus_no_think_answer,0.15895080566406428,True,True
Qwen_Qwen3-1.7B,1.7B,1.7,gsm8k_test_000042,20,thinking_minus_think_answer,-1.1338911056518572,True,True
Qwen_Qwen3-1.7B,1.7B,1.7,gsm8k_test_000042,20,thinking_minus_no_think_answer,-0.974940299987793,True,True
Qwen_Qwen3-1.7B,1.7B,1.7,gsm8k_test_000044,6,think_answer_minus_no_think_answer,0.9410629272460938,False,False
Qwen_Qwen3-1.7B,1.7B,1.7,gsm8k_test_000044,6,thinking_minus_think_answer,-3.2574644088745117,False,False
Qwen_Qwen3-1.7B,1.7B,1.7,gsm8k_test_000044,6,thinking_minus_no_think_answer,-2.316401481628418,False,False
Qwen_Qwen3-1.7B,1.7B,1.7,gsm8k_test_000044,13,think_answer_minus_no_think_answer,1.7286434173583984,False,False
Qwen_Qwen3-1.7B,1.7B,1.7,gsm8k_test_000044,13,thinking_minus_think_answer,-3.260586738586426,False,False
Qwen_Qwen3-1.7B,1.7B,1.7,gsm8k_test_000044,13,thinking_minus_no_think_answer,-1.5319433212280273,False,False
Qwen_Qwen3-1.7B,1.7B,1.7,gsm8k_test_000044,20,think_answer_minus_no_think_answer,1.0566120147705078,False,False
Qwen_Qwen3-1.7B,1.7B,1.7,gsm8k_test_000044,20,thinking_minus_think_answer,-2.938349723815918,False,False
Qwen_Qwen3-1.7B,1.7B,1.7,gsm8k_test_000044,20,thinking_minus_no_think_answer,-1.8817377090454102,False,False
Qwen_Qwen3-1.7B,1.7B,1.7,gsm8k_test_000054,6,think_answer_minus_no_think_answer,-1.164809226989746,False,False
Qwen_Qwen3-1.7B,1.7B,1.7,gsm8k_test_000054,6,thinking_minus_think_answer,-4.7635698318481445,False,False
Qwen_Qwen3-1.7B,1.7B,1.7,gsm8k_test_000054,6,thinking_minus_no_think_answer,-5.928379058837891,False,False
Qwen_Qwen3-1.7B,1.7B,1.7,gsm8k_test_000054,13,think_answer_minus_no_think_answer,0.7131195068359375,False,False
Qwen_Qwen3-1.7B,1.7B,1.7,gsm8k_test_000054,13,thinking_minus_think_answer,-2.7959280014038086,False,False
Qwen_Qwen3-1.7B,1.7B,1.7,gsm8k_test_000054,13,thinking_minus_no_think_answer,-2.082808494567871,False,False
Qwen_Qwen3-1.7B,1.7B,1.7,gsm8k_test_000054,20,think_answer_minus_no_think_answer,1.2393159866333008,False,False
Qwen_Qwen3-1.7B,1.7B,1.7,gsm8k_test_000054,20,thinking_minus_think_answer,-6.020232677459717,False,False
Qwen_Qwen3-1.7B,1.7B,1.7,gsm8k_test_000054,20,thinking_minus_no_think_answer,-4.780916690826416,False,False
Qwen_Qwen3-1.7B,1.7B,1.7,gsm8k_test_000088,6,think_answer_minus_no_think_answer,2.9562835693359393,True,True
Qwen_Qwen3-1.7B,1.7B,1.7,gsm8k_test_000088,6,thinking_minus_think_answer,-5.69108772277832,True,True
Qwen_Qwen3-1.7B,1.7B,1.7,gsm8k_test_000088,6,thinking_minus_no_think_answer,-2.734804153442381,True,True
Qwen_Qwen3-1.7B,1.7B,1.7,gsm8k_test_000088,13,think_answer_minus_no_think_answer,1.4847555160522443,True,True
Qwen_Qwen3-1.7B,1.7B,1.7,gsm8k_test_000088,13,thinking_minus_think_answer,-1.9137163162231445,True,True
Qwen_Qwen3-1.7B,1.7B,1.7,gsm8k_test_000088,13,thinking_minus_no_think_answer,-0.4289608001709002,True,True
Qwen_Qwen3-1.7B,1.7B,1.7,gsm8k_test_000088,20,think_answer_minus_no_think_answer,0.3899688720703125,True,True
Qwen_Qwen3-1.7B,1.7B,1.7,gsm8k_test_000088,20,thinking_minus_think_answer,-0.9688129425048828,True,True
Qwen_Qwen3-1.7B,1.7B,1.7,gsm8k_test_000088,20,thinking_minus_no_think_answer,-0.5788440704345703,True,True
Qwen_Qwen3-1.7B,1.7B,1.7,gsm8k_test_000099,6,think_answer_minus_no_think_answer,2.8878955841064453,True,False
Qwen_Qwen3-1.7B,1.7B,1.7,gsm8k_test_000099,6,thinking_minus_think_answer,-0.8559665679931641,True,False
Qwen_Qwen3-1.7B,1.7B,1.7,gsm8k_test_000099,6,thinking_minus_no_think_answer,2.0319290161132812,True,False
Qwen_Qwen3-1.7B,1.7B,1.7,gsm8k_test_000099,13,think_answer_minus_no_think_answer,0.7642974853515625,True,False
Qwen_Qwen3-1.7B,1.7B,1.7,gsm8k_test_000099,13,thinking_minus_think_answer,-0.3564300537109393,True,False
Qwen_Qwen3-1.7B,1.7B,1.7,gsm8k_test_000099,13,thinking_minus_no_think_answer,0.4078674316406232,True,False
Qwen_Qwen3-1.7B,1.7B,1.7,gsm8k_test_000099,20,think_answer_minus_no_think_answer,0.41739845275879084,True,False
Qwen_Qwen3-1.7B,1.7B,1.7,gsm8k_test_000099,20,thinking_minus_think_answer,-0.7397298812866229,True,False
Qwen_Qwen3-1.7B,1.7B,1.7,gsm8k_test_000099,20,thinking_minus_no_think_answer,-0.32233142852783203,True,False
Qwen_Qwen3-1.7B,1.7B,1.7,gsm8k_test_000109,6,think_answer_minus_no_think_answer,0.03098773956298828,True,True
Qwen_Qwen3-1.7B,1.7B,1.7,gsm8k_test_000109,6,thinking_minus_think_answer,-2.892033576965332,True,True
Qwen_Qwen3-1.7B,1.7B,1.7,gsm8k_test_000109,6,thinking_minus_no_think_answer,-2.8610458374023438,True,True
Qwen_Qwen3-1.7B,1.7B,1.7,gsm8k_test_000109,13,think_answer_minus_no_think_answer,0.24290847778320312,True,True
Qwen_Qwen3-1.7B,1.7B,1.7,gsm8k_test_000109,13,thinking_minus_think_answer,-1.076708793640135,True,True
Qwen_Qwen3-1.7B,1.7B,1.7,gsm8k_test_000109,13,thinking_minus_no_think_answer,-0.8338003158569318,True,True
Qwen_Qwen3-1.7B,1.7B,1.7,gsm8k_test_000109,20,think_answer_minus_no_think_answer,-0.009900093078613281,True,True
Qwen_Qwen3-1.7B,1.7B,1.7,gsm8k_test_000109,20,thinking_minus_think_answer,-0.9747409820556641,True,True
Qwen_Qwen3-1.7B,1.7B,1.7,gsm8k_test_000109,20,thinking_minus_no_think_answer,-0.9846410751342773,True,True
Qwen_Qwen3-1.7B,1.7B,1.7,gsm8k_test_000118,6,think_answer_minus_no_think_answer,2.5414791107177717,True,True
Qwen_Qwen3-1.7B,1.7B,1.7,gsm8k_test_000118,6,thinking_minus_think_answer,-2.1894512176513654,True,True
Qwen_Qwen3-1.7B,1.7B,1.7,gsm8k_test_000118,6,thinking_minus_no_think_answer,0.35202789306640625,True,True
Qwen_Qwen3-1.7B,1.7B,1.7,gsm8k_test_000118,13,think_answer_minus_no_think_answer,1.4574546813964862,True,True
Qwen_Qwen3-1.7B,1.7B,1.7,gsm8k_test_000118,13,thinking_minus_think_answer,-1.016350746154787,True,True
Qwen_Qwen3-1.7B,1.7B,1.7,gsm8k_test_000118,13,thinking_minus_no_think_answer,0.4411039352416992,True,True
Qwen_Qwen3-1.7B,1.7B,1.7,gsm8k_test_000118,20,think_answer_minus_no_think_answer,1.523872375488283,True,True
Qwen_Qwen3-1.7B,1.7B,1.7,gsm8k_test_000118,20,thinking_minus_think_answer,-1.6053342819213885,True,True
Qwen_Qwen3-1.7B,1.7B,1.7,gsm8k_test_000118,20,thinking_minus_no_think_answer,-0.08146190643310547,True,True
Qwen_Qwen3-1.7B,1.7B,1.7,gsm8k_test_000133,6,think_answer_minus_no_think_answer,0.29427528381347656,True,True
Qwen_Qwen3-1.7B,1.7B,1.7,gsm8k_test_000133,6,thinking_minus_think_answer,-1.1656131744384766,True,True
Qwen_Qwen3-1.7B,1.7B,1.7,gsm8k_test_000133,6,thinking_minus_no_think_answer,-0.871337890625,True,True
Qwen_Qwen3-1.7B,1.7B,1.7,gsm8k_test_000133,13,think_answer_minus_no_think_answer,1.06270122528076,True,True
Qwen_Qwen3-1.7B,1.7B,1.7,gsm8k_test_000133,13,thinking_minus_think_answer,-0.589988708496092,True,True
Qwen_Qwen3-1.7B,1.7B,1.7,gsm8k_test_000133,13,thinking_minus_no_think_answer,0.47271251678466797,True,True
Qwen_Qwen3-1.7B,1.7B,1.7,gsm8k_test_000133,20,think_answer_minus_no_think_answer,1.7130632400512695,True,True
Qwen_Qwen3-1.7B,1.7B,1.7,gsm8k_test_000133,20,thinking_minus_think_answer,-1.6278190612792969,True,True
Qwen_Qwen3-1.7B,1.7B,1.7,gsm8k_test_000133,20,thinking_minus_no_think_answer,0.08524417877197266,True,True
Qwen_Qwen3-1.7B,1.7B,1.7,gsm8k_test_000150,6,think_answer_minus_no_think_answer,-0.7445516586303693,False,False
Qwen_Qwen3-1.7B,1.7B,1.7,gsm8k_test_000150,6,thinking_minus_think_answer,-5.185381889343262,False,False
Qwen_Qwen3-1.7B,1.7B,1.7,gsm8k_test_000150,6,thinking_minus_no_think_answer,-5.929933547973631,False,False
Qwen_Qwen3-1.7B,1.7B,1.7,gsm8k_test_000150,13,think_answer_minus_no_think_answer,0.066891670227049,False,False
Qwen_Qwen3-1.7B,1.7B,1.7,gsm8k_test_000150,13,thinking_minus_think_answer,-0.9037942886352521,False,False
Qwen_Qwen3-1.7B,1.7B,1.7,gsm8k_test_000150,13,thinking_minus_no_think_answer,-0.8369026184082031,False,False
Qwen_Qwen3-1.7B,1.7B,1.7,gsm8k_test_000150,20,think_answer_minus_no_think_answer,0.03720664978027344,False,False
Qwen_Qwen3-1.7B,1.7B,1.7,gsm8k_test_000150,20,thinking_minus_think_answer,-2.1401939392089844,False,False
Qwen_Qwen3-1.7B,1.7B,1.7,gsm8k_test_000150,20,thinking_minus_no_think_answer,-2.102987289428711,False,False
Qwen_Qwen3-1.7B,1.7B,1.7,gsm8k_test_000182,6,think_answer_minus_no_think_answer,1.5553178787231445,False,False
Qwen_Qwen3-1.7B,1.7B,1.7,gsm8k_test_000182,6,thinking_minus_think_answer,-4.830465316772461,False,False
Qwen_Qwen3-1.7B,1.7B,1.7,gsm8k_test_000182,6,thinking_minus_no_think_answer,-3.2751474380493164,False,False
Qwen_Qwen3-1.7B,1.7B,1.7,gsm8k_test_000182,13,think_answer_minus_no_think_answer,1.6281452178955078,False,False
Qwen_Qwen3-1.7B,1.7B,1.7,gsm8k_test_000182,13,thinking_minus_think_answer,-3.6164622306823757,False,False
Qwen_Qwen3-1.7B,1.7B,1.7,gsm8k_test_000182,13,thinking_minus_no_think_answer,-1.988317012786868,False,False
Qwen_Qwen3-1.7B,1.7B,1.7,gsm8k_test_000182,20,think_answer_minus_no_think_answer,-1.3593664169311506,False,False
Qwen_Qwen3-1.7B,1.7B,1.7,gsm8k_test_000182,20,thinking_minus_think_answer,-3.4214062690734863,False,False
Qwen_Qwen3-1.7B,1.7B,1.7,gsm8k_test_000182,20,thinking_minus_no_think_answer,-4.780772686004637,False,False
Qwen_Qwen3-1.7B,1.7B,1.7,gsm8k_test_000199,6,think_answer_minus_no_think_answer,-5.927210807800295,True,False
Qwen_Qwen3-1.7B,1.7B,1.7,gsm8k_test_000199,6,thinking_minus_think_answer,-0.8655290603637678,True,False
Qwen_Qwen3-1.7B,1.7B,1.7,gsm8k_test_000199,6,thinking_minus_no_think_answer,-6.7927398681640625,True,False
Qwen_Qwen3-1.7B,1.7B,1.7,gsm8k_test_000199,13,think_answer_minus_no_think_answer,-1.09797954559326,True,False
Qwen_Qwen3-1.7B,1.7B,1.7,gsm8k_test_000199,13,thinking_minus_think_answer,-1.7311677932739276,True,False
Qwen_Qwen3-1.7B,1.7B,1.7,gsm8k_test_000199,13,thinking_minus_no_think_answer,-2.8291473388671875,True,False
Qwen_Qwen3-1.7B,1.7B,1.7,gsm8k_test_000199,20,think_answer_minus_no_think_answer,-0.5630054473876953,True,False
Qwen_Qwen3-1.7B,1.7B,1.7,gsm8k_test_000199,20,thinking_minus_think_answer,-2.7559070587158203,True,False
Qwen_Qwen3-1.7B,1.7B,1.7,gsm8k_test_000199,20,thinking_minus_no_think_answer,-3.3189125061035156,True,False
Qwen_Qwen3-1.7B,1.7B,1.7,gsm8k_test_000247,6,think_answer_minus_no_think_answer,5.988600730895996,True,False
Qwen_Qwen3-1.7B,1.7B,1.7,gsm8k_test_000247,6,thinking_minus_think_answer,-7.3140411376953125,True,False
Qwen_Qwen3-1.7B,1.7B,1.7,gsm8k_test_000247,6,thinking_minus_no_think_answer,-1.3254404067993164,True,False
Qwen_Qwen3-1.7B,1.7B,1.7,gsm8k_test_000247,13,think_answer_minus_no_think_answer,1.9591140747070295,True,False
Qwen_Qwen3-1.7B,1.7B,1.7,gsm8k_test_000247,13,thinking_minus_think_answer,-2.5569906234741193,True,False
Qwen_Qwen3-1.7B,1.7B,1.7,gsm8k_test_000247,13,thinking_minus_no_think_answer,-0.5978765487670898,True,False
Qwen_Qwen3-1.7B,1.7B,1.7,gsm8k_test_000247,20,think_answer_minus_no_think_answer,2.3775463104248065,True,False
Qwen_Qwen3-1.7B,1.7B,1.7,gsm8k_test_000247,20,thinking_minus_think_answer,-4.455114364624025,True,False
Qwen_Qwen3-1.7B,1.7B,1.7,gsm8k_test_000247,20,thinking_minus_no_think_answer,-2.0775680541992188,True,False
Qwen_Qwen3-1.7B,1.7B,1.7,gsm8k_test_000254,6,think_answer_minus_no_think_answer,1.7112932205200195,True,False
Qwen_Qwen3-1.7B,1.7B,1.7,gsm8k_test_000254,6,thinking_minus_think_answer,-1.971919059753418,True,False
Qwen_Qwen3-1.7B,1.7B,1.7,gsm8k_test_000254,6,thinking_minus_no_think_answer,-0.26062583923339844,True,False
Qwen_Qwen3-1.7B,1.7B,1.7,gsm8k_test_000254,13,think_answer_minus_no_think_answer,0.6296691894531268,True,False
Qwen_Qwen3-1.7B,1.7B,1.7,gsm8k_test_000254,13,thinking_minus_think_answer,-1.735811233520506,True,False
Qwen_Qwen3-1.7B,1.7B,1.7,gsm8k_test_000254,13,thinking_minus_no_think_answer,-1.1061420440673793,True,False
Qwen_Qwen3-1.7B,1.7B,1.7,gsm8k_test_000254,20,think_answer_minus_no_think_answer,1.1546707153320295,True,False
Qwen_Qwen3-1.7B,1.7B,1.7,gsm8k_test_000254,20,thinking_minus_think_answer,-1.0005283355712908,True,False
Qwen_Qwen3-1.7B,1.7B,1.7,gsm8k_test_000254,20,thinking_minus_no_think_answer,0.15414237976073863,True,False
Qwen_Qwen3-1.7B,1.7B,1.7,gsm8k_test_000257,6,think_answer_minus_no_think_answer,-0.8246011734008771,True,False
Qwen_Qwen3-1.7B,1.7B,1.7,gsm8k_test_000257,6,thinking_minus_think_answer,-1.3659877777099627,True,False
Qwen_Qwen3-1.7B,1.7B,1.7,gsm8k_test_000257,6,thinking_minus_no_think_answer,-2.19058895111084,True,False
Qwen_Qwen3-1.7B,1.7B,1.7,gsm8k_test_000257,13,think_answer_minus_no_think_answer,2.3207778930664062,True,False
Qwen_Qwen3-1.7B,1.7B,1.7,gsm8k_test_000257,13,thinking_minus_think_answer,-1.747262954711914,True,False
Qwen_Qwen3-1.7B,1.7B,1.7,gsm8k_test_000257,13,thinking_minus_no_think_answer,0.5735149383544922,True,False
Qwen_Qwen3-1.7B,1.7B,1.7,gsm8k_test_000257,20,think_answer_minus_no_think_answer,1.0175743103027344,True,False
Qwen_Qwen3-1.7B,1.7B,1.7,gsm8k_test_000257,20,thinking_minus_think_answer,-1.5847139358520526,True,False
Qwen_Qwen3-1.7B,1.7B,1.7,gsm8k_test_000257,20,thinking_minus_no_think_answer,-0.5671396255493182,True,False
Qwen_Qwen3-1.7B,1.7B,1.7,gsm8k_test_000273,6,think_answer_minus_no_think_answer,-0.3973703384399414,True,False
Qwen_Qwen3-1.7B,1.7B,1.7,gsm8k_test_000273,6,thinking_minus_think_answer,-1.7957639694213867,True,False
Qwen_Qwen3-1.7B,1.7B,1.7,gsm8k_test_000273,6,thinking_minus_no_think_answer,-2.193134307861328,True,False
Qwen_Qwen3-1.7B,1.7B,1.7,gsm8k_test_000273,13,think_answer_minus_no_think_answer,0.4440727233886719,True,False
Qwen_Qwen3-1.7B,1.7B,1.7,gsm8k_test_000273,13,thinking_minus_think_answer,-1.7109031677246112,True,False
Qwen_Qwen3-1.7B,1.7B,1.7,gsm8k_test_000273,13,thinking_minus_no_think_answer,-1.2668304443359393,True,False
Qwen_Qwen3-1.7B,1.7B,1.7,gsm8k_test_000273,20,think_answer_minus_no_think_answer,-1.5923967361450178,True,False
Qwen_Qwen3-1.7B,1.7B,1.7,gsm8k_test_000273,20,thinking_minus_think_answer,-2.1347742080688494,True,False
Qwen_Qwen3-1.7B,1.7B,1.7,gsm8k_test_000273,20,thinking_minus_no_think_answer,-3.727170944213867,True,False
Qwen_Qwen3-1.7B,1.7B,1.7,gsm8k_test_000300,6,think_answer_minus_no_think_answer,-0.651481628417967,True,False
Qwen_Qwen3-1.7B,1.7B,1.7,gsm8k_test_000300,6,thinking_minus_think_answer,-2.2234144210815447,True,False
Qwen_Qwen3-1.7B,1.7B,1.7,gsm8k_test_000300,6,thinking_minus_no_think_answer,-2.8748960494995117,True,False
Qwen_Qwen3-1.7B,1.7B,1.7,gsm8k_test_000300,13,think_answer_minus_no_think_answer,0.47865772247314275,True,False
Qwen_Qwen3-1.7B,1.7B,1.7,gsm8k_test_000300,13,thinking_minus_think_answer,-1.4747848510742188,True,False
Qwen_Qwen3-1.7B,1.7B,1.7,gsm8k_test_000300,13,thinking_minus_no_think_answer,-0.996127128601076,True,False
Qwen_Qwen3-1.7B,1.7B,1.7,gsm8k_test_000300,20,think_answer_minus_no_think_answer,1.0633573532104492,True,False
Qwen_Qwen3-1.7B,1.7B,1.7,gsm8k_test_000300,20,thinking_minus_think_answer,-3.435094833374025,True,False
Qwen_Qwen3-1.7B,1.7B,1.7,gsm8k_test_000300,20,thinking_minus_no_think_answer,-2.371737480163576,True,False
Qwen_Qwen3-1.7B,1.7B,1.7,gsm8k_test_000304,6,think_answer_minus_no_think_answer,-0.22184658050537287,False,False
Qwen_Qwen3-1.7B,1.7B,1.7,gsm8k_test_000304,6,thinking_minus_think_answer,-5.665044784545898,False,False
Qwen_Qwen3-1.7B,1.7B,1.7,gsm8k_test_000304,6,thinking_minus_no_think_answer,-5.886891365051271,False,False
Qwen_Qwen3-1.7B,1.7B,1.7,gsm8k_test_000304,13,think_answer_minus_no_think_answer,0.8928709030151385,False,False
Qwen_Qwen3-1.7B,1.7B,1.7,gsm8k_test_000304,13,thinking_minus_think_answer,-3.0716457366943377,False,False
Qwen_Qwen3-1.7B,1.7B,1.7,gsm8k_test_000304,13,thinking_minus_no_think_answer,-2.178774833679199,False,False
Qwen_Qwen3-1.7B,1.7B,1.7,gsm8k_test_000304,20,think_answer_minus_no_think_answer,1.1853342056274414,False,False
Qwen_Qwen3-1.7B,1.7B,1.7,gsm8k_test_000304,20,thinking_minus_think_answer,-3.3463993072509766,False,False
Qwen_Qwen3-1.7B,1.7B,1.7,gsm8k_test_000304,20,thinking_minus_no_think_answer,-2.161065101623535,False,False
Qwen_Qwen3-1.7B,1.7B,1.7,gsm8k_test_000307,6,think_answer_minus_no_think_answer,0.38811683654785156,False,False
Qwen_Qwen3-1.7B,1.7B,1.7,gsm8k_test_000307,6,thinking_minus_think_answer,-7.262937545776367,False,False
Qwen_Qwen3-1.7B,1.7B,1.7,gsm8k_test_000307,6,thinking_minus_no_think_answer,-6.874820709228516,False,False
Qwen_Qwen3-1.7B,1.7B,1.7,gsm8k_test_000307,13,think_answer_minus_no_think_answer,0.7201967239379883,False,False
Qwen_Qwen3-1.7B,1.7B,1.7,gsm8k_test_000307,13,thinking_minus_think_answer,-4.20346736907959,False,False
Qwen_Qwen3-1.7B,1.7B,1.7,gsm8k_test_000307,13,thinking_minus_no_think_answer,-3.4832706451416016,False,False
Qwen_Qwen3-1.7B,1.7B,1.7,gsm8k_test_000307,20,think_answer_minus_no_think_answer,0.2964935302734375,False,False
Qwen_Qwen3-1.7B,1.7B,1.7,gsm8k_test_000307,20,thinking_minus_think_answer,-5.347713947296143,False,False
Qwen_Qwen3-1.7B,1.7B,1.7,gsm8k_test_000307,20,thinking_minus_no_think_answer,-5.051220417022705,False,False
Qwen_Qwen3-1.7B,1.7B,1.7,gsm8k_test_000325,6,think_answer_minus_no_think_answer,0.9078159332275408,True,False
Qwen_Qwen3-1.7B,1.7B,1.7,gsm8k_test_000325,6,thinking_minus_think_answer,-4.086783409118652,True,False
Qwen_Qwen3-1.7B,1.7B,1.7,gsm8k_test_000325,6,thinking_minus_no_think_answer,-3.1789674758911115,True,False
Qwen_Qwen3-1.7B,1.7B,1.7,gsm8k_test_000325,13,think_answer_minus_no_think_answer,0.09291744232177734,True,False
Qwen_Qwen3-1.7B,1.7B,1.7,gsm8k_test_000325,13,thinking_minus_think_answer,-1.1996746063232422,True,False
Qwen_Qwen3-1.7B,1.7B,1.7,gsm8k_test_000325,13,thinking_minus_no_think_answer,-1.1067571640014648,True,False
Qwen_Qwen3-1.7B,1.7B,1.7,gsm8k_test_000325,20,think_answer_minus_no_think_answer,1.002943038940428,True,False
Qwen_Qwen3-1.7B,1.7B,1.7,gsm8k_test_000325,20,thinking_minus_think_answer,-2.583958625793457,True,False
Qwen_Qwen3-1.7B,1.7B,1.7,gsm8k_test_000325,20,thinking_minus_no_think_answer,-1.5810155868530291,True,False
Qwen_Qwen3-1.7B,1.7B,1.7,gsm8k_test_000351,6,think_answer_minus_no_think_answer,2.1247100830078143,True,True
Qwen_Qwen3-1.7B,1.7B,1.7,gsm8k_test_000351,6,thinking_minus_think_answer,-1.567552566528322,True,True
Qwen_Qwen3-1.7B,1.7B,1.7,gsm8k_test_000351,6,thinking_minus_no_think_answer,0.5571575164794922,True,True
Qwen_Qwen3-1.7B,1.7B,1.7,gsm8k_test_000351,13,think_answer_minus_no_think_answer,0.5903377532958984,True,True
Qwen_Qwen3-1.7B,1.7B,1.7,gsm8k_test_000351,13,thinking_minus_think_answer,-0.07785701751709162,True,True
Qwen_Qwen3-1.7B,1.7B,1.7,gsm8k_test_000351,13,thinking_minus_no_think_answer,0.5124807357788068,True,True
Qwen_Qwen3-1.7B,1.7B,1.7,gsm8k_test_000351,20,think_answer_minus_no_think_answer,-0.5224609375,True,True
Qwen_Qwen3-1.7B,1.7B,1.7,gsm8k_test_000351,20,thinking_minus_think_answer,-0.21654796600341442,True,True
Qwen_Qwen3-1.7B,1.7B,1.7,gsm8k_test_000351,20,thinking_minus_no_think_answer,-0.7390089035034144,True,True
Qwen_Qwen3-1.7B,1.7B,1.7,gsm8k_test_000361,6,think_answer_minus_no_think_answer,4.961667060852049,False,False
Qwen_Qwen3-1.7B,1.7B,1.7,gsm8k_test_000361,6,thinking_minus_think_answer,-6.2475385665893555,False,False
Qwen_Qwen3-1.7B,1.7B,1.7,gsm8k_test_000361,6,thinking_minus_no_think_answer,-1.2858715057373065,False,False
Qwen_Qwen3-1.7B,1.7B,1.7,gsm8k_test_000361,13,think_answer_minus_no_think_answer,0.20132923126220525,False,False
Qwen_Qwen3-1.7B,1.7B,1.7,gsm8k_test_000361,13,thinking_minus_think_answer,-1.1744422912597638,False,False
Qwen_Qwen3-1.7B,1.7B,1.7,gsm8k_test_000361,13,thinking_minus_no_think_answer,-0.9731130599975586,False,False
Qwen_Qwen3-1.7B,1.7B,1.7,gsm8k_test_000361,20,think_answer_minus_no_think_answer,-0.5249843597412127,False,False
Qwen_Qwen3-1.7B,1.7B,1.7,gsm8k_test_000361,20,thinking_minus_think_answer,-1.8221654891967756,False,False
Qwen_Qwen3-1.7B,1.7B,1.7,gsm8k_test_000361,20,thinking_minus_no_think_answer,-2.3471498489379883,False,False
Qwen_Qwen3-1.7B,1.7B,1.7,gsm8k_test_000389,6,think_answer_minus_no_think_answer,0.36966514587402344,False,False
Qwen_Qwen3-1.7B,1.7B,1.7,gsm8k_test_000389,6,thinking_minus_think_answer,-2.600600242614748,False,False
Qwen_Qwen3-1.7B,1.7B,1.7,gsm8k_test_000389,6,thinking_minus_no_think_answer,-2.2309350967407244,False,False
Qwen_Qwen3-1.7B,1.7B,1.7,gsm8k_test_000389,13,think_answer_minus_no_think_answer,-0.310427665710451,False,False
Qwen_Qwen3-1.7B,1.7B,1.7,gsm8k_test_000389,13,thinking_minus_think_answer,-1.57564067840576,False,False
Qwen_Qwen3-1.7B,1.7B,1.7,gsm8k_test_000389,13,thinking_minus_no_think_answer,-1.886068344116211,False,False
Qwen_Qwen3-1.7B,1.7B,1.7,gsm8k_test_000389,20,think_answer_minus_no_think_answer,-1.4895200729370117,False,False
Qwen_Qwen3-1.7B,1.7B,1.7,gsm8k_test_000389,20,thinking_minus_think_answer,-2.2642745971679688,False,False
Qwen_Qwen3-1.7B,1.7B,1.7,gsm8k_test_000389,20,thinking_minus_no_think_answer,-3.7537946701049805,False,False
Qwen_Qwen3-1.7B,1.7B,1.7,gsm8k_test_000415,6,think_answer_minus_no_think_answer,-0.03588294982910156,False,False
Qwen_Qwen3-1.7B,1.7B,1.7,gsm8k_test_000415,6,thinking_minus_think_answer,-3.1555910110473633,False,False
Qwen_Qwen3-1.7B,1.7B,1.7,gsm8k_test_000415,6,thinking_minus_no_think_answer,-3.191473960876465,False,False
Qwen_Qwen3-1.7B,1.7B,1.7,gsm8k_test_000415,13,think_answer_minus_no_think_answer,0.4402189254760742,False,False
Qwen_Qwen3-1.7B,1.7B,1.7,gsm8k_test_000415,13,thinking_minus_think_answer,-1.974940299987793,False,False
Qwen_Qwen3-1.7B,1.7B,1.7,gsm8k_test_000415,13,thinking_minus_no_think_answer,-1.5347213745117188,False,False
Qwen_Qwen3-1.7B,1.7B,1.7,gsm8k_test_000415,20,think_answer_minus_no_think_answer,-2.463214874267578,False,False
Qwen_Qwen3-1.7B,1.7B,1.7,gsm8k_test_000415,20,thinking_minus_think_answer,-2.7294540405273438,False,False
Qwen_Qwen3-1.7B,1.7B,1.7,gsm8k_test_000415,20,thinking_minus_no_think_answer,-5.192668914794922,False,False
Qwen_Qwen3-1.7B,1.7B,1.7,gsm8k_test_000426,6,think_answer_minus_no_think_answer,-2.4103784561157227,True,False
Qwen_Qwen3-1.7B,1.7B,1.7,gsm8k_test_000426,6,thinking_minus_think_answer,-0.6939544677734375,True,False
Qwen_Qwen3-1.7B,1.7B,1.7,gsm8k_test_000426,6,thinking_minus_no_think_answer,-3.10433292388916,True,False
Qwen_Qwen3-1.7B,1.7B,1.7,gsm8k_test_000426,13,think_answer_minus_no_think_answer,-0.48931217193603516,True,False
Qwen_Qwen3-1.7B,1.7B,1.7,gsm8k_test_000426,13,thinking_minus_think_answer,-1.2218351364135742,True,False
Qwen_Qwen3-1.7B,1.7B,1.7,gsm8k_test_000426,13,thinking_minus_no_think_answer,-1.7111473083496094,True,False
Qwen_Qwen3-1.7B,1.7B,1.7,gsm8k_test_000426,20,think_answer_minus_no_think_answer,-2.6020002365112305,True,False
Qwen_Qwen3-1.7B,1.7B,1.7,gsm8k_test_000426,20,thinking_minus_think_answer,-0.1411571502685529,True,False
Qwen_Qwen3-1.7B,1.7B,1.7,gsm8k_test_000426,20,thinking_minus_no_think_answer,-2.7431573867797834,True,False
Qwen_Qwen3-1.7B,1.7B,1.7,gsm8k_test_000432,6,think_answer_minus_no_think_answer,-2.5487022399902326,True,False
Qwen_Qwen3-1.7B,1.7B,1.7,gsm8k_test_000432,6,thinking_minus_think_answer,-1.396074295043947,True,False
Qwen_Qwen3-1.7B,1.7B,1.7,gsm8k_test_000432,6,thinking_minus_no_think_answer,-3.9447765350341797,True,False
Qwen_Qwen3-1.7B,1.7B,1.7,gsm8k_test_000432,13,think_answer_minus_no_think_answer,-0.9747209548950195,True,False
Qwen_Qwen3-1.7B,1.7B,1.7,gsm8k_test_000432,13,thinking_minus_think_answer,-1.2367706298828125,True,False
Qwen_Qwen3-1.7B,1.7B,1.7,gsm8k_test_000432,13,thinking_minus_no_think_answer,-2.211491584777832,True,False
Qwen_Qwen3-1.7B,1.7B,1.7,gsm8k_test_000432,20,think_answer_minus_no_think_answer,-1.1806049346923828,True,False
Qwen_Qwen3-1.7B,1.7B,1.7,gsm8k_test_000432,20,thinking_minus_think_answer,-1.9725446701049805,True,False
Qwen_Qwen3-1.7B,1.7B,1.7,gsm8k_test_000432,20,thinking_minus_no_think_answer,-3.1531496047973633,True,False
Qwen_Qwen3-1.7B,1.7B,1.7,gsm8k_test_000433,6,think_answer_minus_no_think_answer,1.371411323547365,True,False
Qwen_Qwen3-1.7B,1.7B,1.7,gsm8k_test_000433,6,thinking_minus_think_answer,-2.4749279022216815,True,False
Qwen_Qwen3-1.7B,1.7B,1.7,gsm8k_test_000433,6,thinking_minus_no_think_answer,-1.1035165786743164,True,False
Qwen_Qwen3-1.7B,1.7B,1.7,gsm8k_test_000433,13,think_answer_minus_no_think_answer,0.6981096267700195,True,False
Qwen_Qwen3-1.7B,1.7B,1.7,gsm8k_test_000433,13,thinking_minus_think_answer,-0.5264406204223633,True,False
Qwen_Qwen3-1.7B,1.7B,1.7,gsm8k_test_000433,13,thinking_minus_no_think_answer,0.17166900634765625,True,False
Qwen_Qwen3-1.7B,1.7B,1.7,gsm8k_test_000433,20,think_answer_minus_no_think_answer,-1.6117229461669922,True,False
Qwen_Qwen3-1.7B,1.7B,1.7,gsm8k_test_000433,20,thinking_minus_think_answer,0.03756523132324219,True,False
Qwen_Qwen3-1.7B,1.7B,1.7,gsm8k_test_000433,20,thinking_minus_no_think_answer,-1.57415771484375,True,False
Qwen_Qwen3-1.7B,1.7B,1.7,gsm8k_test_000448,6,think_answer_minus_no_think_answer,1.5050325393676758,True,False
Qwen_Qwen3-1.7B,1.7B,1.7,gsm8k_test_000448,6,thinking_minus_think_answer,-6.671334266662596,True,False
Qwen_Qwen3-1.7B,1.7B,1.7,gsm8k_test_000448,6,thinking_minus_no_think_answer,-5.16630172729492,True,False
Qwen_Qwen3-1.7B,1.7B,1.7,gsm8k_test_000448,13,think_answer_minus_no_think_answer,0.12115764617919922,True,False
Qwen_Qwen3-1.7B,1.7B,1.7,gsm8k_test_000448,13,thinking_minus_think_answer,-1.28593158721924,True,False
Qwen_Qwen3-1.7B,1.7B,1.7,gsm8k_test_000448,13,thinking_minus_no_think_answer,-1.1647739410400408,True,False
Qwen_Qwen3-1.7B,1.7B,1.7,gsm8k_test_000448,20,think_answer_minus_no_think_answer,-1.106424331665039,True,False
Qwen_Qwen3-1.7B,1.7B,1.7,gsm8k_test_000448,20,thinking_minus_think_answer,-1.1015634536743164,True,False
Qwen_Qwen3-1.7B,1.7B,1.7,gsm8k_test_000448,20,thinking_minus_no_think_answer,-2.2079877853393555,True,False
Qwen_Qwen3-1.7B,1.7B,1.7,gsm8k_test_000449,6,think_answer_minus_no_think_answer,-1.9261550903320295,True,False
Qwen_Qwen3-1.7B,1.7B,1.7,gsm8k_test_000449,6,thinking_minus_think_answer,0.5442962646484357,True,False
Qwen_Qwen3-1.7B,1.7B,1.7,gsm8k_test_000449,6,thinking_minus_no_think_answer,-1.3818588256835938,True,False
Qwen_Qwen3-1.7B,1.7B,1.7,gsm8k_test_000449,13,think_answer_minus_no_think_answer,0.23645591735839844,True,False
Qwen_Qwen3-1.7B,1.7B,1.7,gsm8k_test_000449,13,thinking_minus_think_answer,-0.26942920684814453,True,False
Qwen_Qwen3-1.7B,1.7B,1.7,gsm8k_test_000449,13,thinking_minus_no_think_answer,-0.032973289489746094,True,False
Qwen_Qwen3-1.7B,1.7B,1.7,gsm8k_test_000449,20,think_answer_minus_no_think_answer,-1.8061742782592756,True,False
Qwen_Qwen3-1.7B,1.7B,1.7,gsm8k_test_000449,20,thinking_minus_think_answer,-0.9475946426391602,True,False
Qwen_Qwen3-1.7B,1.7B,1.7,gsm8k_test_000449,20,thinking_minus_no_think_answer,-2.7537689208984357,True,False
Qwen_Qwen3-1.7B,1.7B,1.7,gsm8k_test_000460,6,think_answer_minus_no_think_answer,0.2800159454345703,True,False
Qwen_Qwen3-1.7B,1.7B,1.7,gsm8k_test_000460,6,thinking_minus_think_answer,0.4637594223022461,True,False
Qwen_Qwen3-1.7B,1.7B,1.7,gsm8k_test_000460,6,thinking_minus_no_think_answer,0.7437753677368164,True,False
Qwen_Qwen3-1.7B,1.7B,1.7,gsm8k_test_000460,13,think_answer_minus_no_think_answer,0.3400993347167969,True,False
Qwen_Qwen3-1.7B,1.7B,1.7,gsm8k_test_000460,13,thinking_minus_think_answer,0.13191604614257812,True,False
Qwen_Qwen3-1.7B,1.7B,1.7,gsm8k_test_000460,13,thinking_minus_no_think_answer,0.472015380859375,True,False
Qwen_Qwen3-1.7B,1.7B,1.7,gsm8k_test_000460,20,think_answer_minus_no_think_answer,0.7670650482177717,True,False
Qwen_Qwen3-1.7B,1.7B,1.7,gsm8k_test_000460,20,thinking_minus_think_answer,-0.8425979614257812,True,False
Qwen_Qwen3-1.7B,1.7B,1.7,gsm8k_test_000460,20,thinking_minus_no_think_answer,-0.07553291320800959,True,False
Qwen_Qwen3-1.7B,1.7B,1.7,gsm8k_test_000503,6,think_answer_minus_no_think_answer,-0.13985633850097656,True,False
Qwen_Qwen3-1.7B,1.7B,1.7,gsm8k_test_000503,6,thinking_minus_think_answer,-2.716521263122557,True,False
Qwen_Qwen3-1.7B,1.7B,1.7,gsm8k_test_000503,6,thinking_minus_no_think_answer,-2.8563776016235334,True,False
Qwen_Qwen3-1.7B,1.7B,1.7,gsm8k_test_000503,13,think_answer_minus_no_think_answer,-0.5399951934814435,True,False
Qwen_Qwen3-1.7B,1.7B,1.7,gsm8k_test_000503,13,thinking_minus_think_answer,-1.6004676818847656,True,False
Qwen_Qwen3-1.7B,1.7B,1.7,gsm8k_test_000503,13,thinking_minus_no_think_answer,-2.140462875366209,True,False
Qwen_Qwen3-1.7B,1.7B,1.7,gsm8k_test_000503,20,think_answer_minus_no_think_answer,-1.376636505126955,True,False
Qwen_Qwen3-1.7B,1.7B,1.7,gsm8k_test_000503,20,thinking_minus_think_answer,-1.4166107177734357,True,False
Qwen_Qwen3-1.7B,1.7B,1.7,gsm8k_test_000503,20,thinking_minus_no_think_answer,-2.7932472229003906,True,False
Qwen_Qwen3-1.7B,1.7B,1.7,gsm8k_test_000509,6,think_answer_minus_no_think_answer,-2.0180797576904297,True,False
Qwen_Qwen3-1.7B,1.7B,1.7,gsm8k_test_000509,6,thinking_minus_think_answer,-2.558100700378418,True,False
Qwen_Qwen3-1.7B,1.7B,1.7,gsm8k_test_000509,6,thinking_minus_no_think_answer,-4.576180458068848,True,False
Qwen_Qwen3-1.7B,1.7B,1.7,gsm8k_test_000509,13,think_answer_minus_no_think_answer,-0.4359006881713867,True,False
Qwen_Qwen3-1.7B,1.7B,1.7,gsm8k_test_000509,13,thinking_minus_think_answer,-2.4882688522338867,True,False
Qwen_Qwen3-1.7B,1.7B,1.7,gsm8k_test_000509,13,thinking_minus_no_think_answer,-2.9241695404052734,True,False
Qwen_Qwen3-1.7B,1.7B,1.7,gsm8k_test_000509,20,think_answer_minus_no_think_answer,-0.45357227325439453,True,False
Qwen_Qwen3-1.7B,1.7B,1.7,gsm8k_test_000509,20,thinking_minus_think_answer,-4.136290550231934,True,False
Qwen_Qwen3-1.7B,1.7B,1.7,gsm8k_test_000509,20,thinking_minus_no_think_answer,-4.589862823486328,True,False
Qwen_Qwen3-1.7B,1.7B,1.7,gsm8k_test_000534,6,think_answer_minus_no_think_answer,-1.5151491165161133,False,False
Qwen_Qwen3-1.7B,1.7B,1.7,gsm8k_test_000534,6,thinking_minus_think_answer,-5.811065673828125,False,False
Qwen_Qwen3-1.7B,1.7B,1.7,gsm8k_test_000534,6,thinking_minus_no_think_answer,-7.326214790344238,False,False
Qwen_Qwen3-1.7B,1.7B,1.7,gsm8k_test_000534,13,think_answer_minus_no_think_answer,-0.114956855773924,False,False
Qwen_Qwen3-1.7B,1.7B,1.7,gsm8k_test_000534,13,thinking_minus_think_answer,-2.4446630477905273,False,False
Qwen_Qwen3-1.7B,1.7B,1.7,gsm8k_test_000534,13,thinking_minus_no_think_answer,-2.5596199035644513,False,False
Qwen_Qwen3-1.7B,1.7B,1.7,gsm8k_test_000534,20,think_answer_minus_no_think_answer,0.6283998489379883,False,False
Qwen_Qwen3-1.7B,1.7B,1.7,gsm8k_test_000534,20,thinking_minus_think_answer,-4.839262962341309,False,False
Qwen_Qwen3-1.7B,1.7B,1.7,gsm8k_test_000534,20,thinking_minus_no_think_answer,-4.21086311340332,False,False
Qwen_Qwen3-1.7B,1.7B,1.7,gsm8k_test_000543,6,think_answer_minus_no_think_answer,-0.6828136444091797,True,False
Qwen_Qwen3-1.7B,1.7B,1.7,gsm8k_test_000543,6,thinking_minus_think_answer,-6.825041770935059,True,False
Qwen_Qwen3-1.7B,1.7B,1.7,gsm8k_test_000543,6,thinking_minus_no_think_answer,-7.507855415344238,True,False
Qwen_Qwen3-1.7B,1.7B,1.7,gsm8k_test_000543,13,think_answer_minus_no_think_answer,-0.7705850601196307,True,False
Qwen_Qwen3-1.7B,1.7B,1.7,gsm8k_test_000543,13,thinking_minus_think_answer,-1.1102399826049787,True,False
Qwen_Qwen3-1.7B,1.7B,1.7,gsm8k_test_000543,13,thinking_minus_no_think_answer,-1.8808250427246094,True,False
Qwen_Qwen3-1.7B,1.7B,1.7,gsm8k_test_000543,20,think_answer_minus_no_think_answer,-0.2525014877319336,True,False
Qwen_Qwen3-1.7B,1.7B,1.7,gsm8k_test_000543,20,thinking_minus_think_answer,-2.129903793334961,True,False
Qwen_Qwen3-1.7B,1.7B,1.7,gsm8k_test_000543,20,thinking_minus_no_think_answer,-2.3824052810668945,True,False
Qwen_Qwen3-1.7B,1.7B,1.7,gsm8k_test_000561,6,think_answer_minus_no_think_answer,0.9226827621459961,True,True
Qwen_Qwen3-1.7B,1.7B,1.7,gsm8k_test_000561,6,thinking_minus_think_answer,-1.7349004745483398,True,True
Qwen_Qwen3-1.7B,1.7B,1.7,gsm8k_test_000561,6,thinking_minus_no_think_answer,-0.8122177124023438,True,True
Qwen_Qwen3-1.7B,1.7B,1.7,gsm8k_test_000561,13,think_answer_minus_no_think_answer,0.5633697509765607,True,True
Qwen_Qwen3-1.7B,1.7B,1.7,gsm8k_test_000561,13,thinking_minus_think_answer,-1.249131202697754,True,True
Qwen_Qwen3-1.7B,1.7B,1.7,gsm8k_test_000561,13,thinking_minus_no_think_answer,-0.6857614517211932,True,True
Qwen_Qwen3-1.7B,1.7B,1.7,gsm8k_test_000561,20,think_answer_minus_no_think_answer,0.21045780181884588,True,True
Qwen_Qwen3-1.7B,1.7B,1.7,gsm8k_test_000561,20,thinking_minus_think_answer,-1.2731742858886719,True,True
Qwen_Qwen3-1.7B,1.7B,1.7,gsm8k_test_000561,20,thinking_minus_no_think_answer,-1.062716484069826,True,True
Qwen_Qwen3-1.7B,1.7B,1.7,gsm8k_test_000568,6,think_answer_minus_no_think_answer,1.4973783493041992,True,False
Qwen_Qwen3-1.7B,1.7B,1.7,gsm8k_test_000568,6,thinking_minus_think_answer,-4.495591163635254,True,False
Qwen_Qwen3-1.7B,1.7B,1.7,gsm8k_test_000568,6,thinking_minus_no_think_answer,-2.9982128143310547,True,False
Qwen_Qwen3-1.7B,1.7B,1.7,gsm8k_test_000568,13,think_answer_minus_no_think_answer,0.42972850799560547,True,False
Qwen_Qwen3-1.7B,1.7B,1.7,gsm8k_test_000568,13,thinking_minus_think_answer,-1.9702701568603516,True,False
Qwen_Qwen3-1.7B,1.7B,1.7,gsm8k_test_000568,13,thinking_minus_no_think_answer,-1.540541648864746,True,False
Qwen_Qwen3-1.7B,1.7B,1.7,gsm8k_test_000568,20,think_answer_minus_no_think_answer,-0.46510887145995916,True,False
Qwen_Qwen3-1.7B,1.7B,1.7,gsm8k_test_000568,20,thinking_minus_think_answer,-2.463479995727541,True,False
Qwen_Qwen3-1.7B,1.7B,1.7,gsm8k_test_000568,20,thinking_minus_no_think_answer,-2.9285888671875,True,False
Qwen_Qwen3-1.7B,1.7B,1.7,gsm8k_test_000582,6,think_answer_minus_no_think_answer,-0.9974842071533203,True,False
Qwen_Qwen3-1.7B,1.7B,1.7,gsm8k_test_000582,6,thinking_minus_think_answer,-3.195281982421875,True,False
Qwen_Qwen3-1.7B,1.7B,1.7,gsm8k_test_000582,6,thinking_minus_no_think_answer,-4.192766189575195,True,False
Qwen_Qwen3-1.7B,1.7B,1.7,gsm8k_test_000582,13,think_answer_minus_no_think_answer,-0.6126213073730451,True,False
Qwen_Qwen3-1.7B,1.7B,1.7,gsm8k_test_000582,13,thinking_minus_think_answer,-1.0825262069702166,True,False
Qwen_Qwen3-1.7B,1.7B,1.7,gsm8k_test_000582,13,thinking_minus_no_think_answer,-1.6951475143432617,True,False
Qwen_Qwen3-1.7B,1.7B,1.7,gsm8k_test_000582,20,think_answer_minus_no_think_answer,-0.6625337600708026,True,False
Qwen_Qwen3-1.7B,1.7B,1.7,gsm8k_test_000582,20,thinking_minus_think_answer,-0.927790641784668,True,False
Qwen_Qwen3-1.7B,1.7B,1.7,gsm8k_test_000582,20,thinking_minus_no_think_answer,-1.5903244018554705,True,False
Qwen_Qwen3-1.7B,1.7B,1.7,gsm8k_test_000585,6,think_answer_minus_no_think_answer,5.17352867126465,True,False
Qwen_Qwen3-1.7B,1.7B,1.7,gsm8k_test_000585,6,thinking_minus_think_answer,-6.124879837036135,True,False
Qwen_Qwen3-1.7B,1.7B,1.7,gsm8k_test_000585,6,thinking_minus_no_think_answer,-0.9513511657714844,True,False
Qwen_Qwen3-1.7B,1.7B,1.7,gsm8k_test_000585,13,think_answer_minus_no_think_answer,1.9447669982910156,True,False
Qwen_Qwen3-1.7B,1.7B,1.7,gsm8k_test_000585,13,thinking_minus_think_answer,-2.683319091796875,True,False
Qwen_Qwen3-1.7B,1.7B,1.7,gsm8k_test_000585,13,thinking_minus_no_think_answer,-0.7385520935058594,True,False
Qwen_Qwen3-1.7B,1.7B,1.7,gsm8k_test_000585,20,think_answer_minus_no_think_answer,2.154913902282715,True,False
Qwen_Qwen3-1.7B,1.7B,1.7,gsm8k_test_000585,20,thinking_minus_think_answer,-2.286954879760742,True,False
Qwen_Qwen3-1.7B,1.7B,1.7,gsm8k_test_000585,20,thinking_minus_no_think_answer,-0.13204097747802734,True,False
Qwen_Qwen3-1.7B,1.7B,1.7,gsm8k_test_000586,6,think_answer_minus_no_think_answer,0.05332756042480291,True,False
Qwen_Qwen3-1.7B,1.7B,1.7,gsm8k_test_000586,6,thinking_minus_think_answer,-4.444692611694336,True,False
Qwen_Qwen3-1.7B,1.7B,1.7,gsm8k_test_000586,6,thinking_minus_no_think_answer,-4.391365051269533,True,False
Qwen_Qwen3-1.7B,1.7B,1.7,gsm8k_test_000586,13,think_answer_minus_no_think_answer,1.393916130065918,True,False
Qwen_Qwen3-1.7B,1.7B,1.7,gsm8k_test_000586,13,thinking_minus_think_answer,-1.7644081115722656,True,False
Qwen_Qwen3-1.7B,1.7B,1.7,gsm8k_test_000586,13,thinking_minus_no_think_answer,-0.37049198150634766,True,False
Qwen_Qwen3-1.7B,1.7B,1.7,gsm8k_test_000586,20,think_answer_minus_no_think_answer,-0.3210868835449219,True,False
Qwen_Qwen3-1.7B,1.7B,1.7,gsm8k_test_000586,20,thinking_minus_think_answer,-1.5669031143188477,True,False
Qwen_Qwen3-1.7B,1.7B,1.7,gsm8k_test_000586,20,thinking_minus_no_think_answer,-1.8879899978637695,True,False
Qwen_Qwen3-1.7B,1.7B,1.7,gsm8k_test_000605,6,think_answer_minus_no_think_answer,4.092696189880371,True,False
Qwen_Qwen3-1.7B,1.7B,1.7,gsm8k_test_000605,6,thinking_minus_think_answer,-4.939795494079592,True,False
Qwen_Qwen3-1.7B,1.7B,1.7,gsm8k_test_000605,6,thinking_minus_no_think_answer,-0.8470993041992205,True,False
Qwen_Qwen3-1.7B,1.7B,1.7,gsm8k_test_000605,13,think_answer_minus_no_think_answer,1.471763610839842,True,False
Qwen_Qwen3-1.7B,1.7B,1.7,gsm8k_test_000605,13,thinking_minus_think_answer,-2.106326103210451,True,False
Qwen_Qwen3-1.7B,1.7B,1.7,gsm8k_test_000605,13,thinking_minus_no_think_answer,-0.634562492370609,True,False
Qwen_Qwen3-1.7B,1.7B,1.7,gsm8k_test_000605,20,think_answer_minus_no_think_answer,0.4539909362792969,True,False
Qwen_Qwen3-1.7B,1.7B,1.7,gsm8k_test_000605,20,thinking_minus_think_answer,-2.1440963745117188,True,False
Qwen_Qwen3-1.7B,1.7B,1.7,gsm8k_test_000605,20,thinking_minus_no_think_answer,-1.6901054382324219,True,False
Qwen_Qwen3-1.7B,1.7B,1.7,gsm8k_test_000640,6,think_answer_minus_no_think_answer,-0.19162654876708984,True,False
Qwen_Qwen3-1.7B,1.7B,1.7,gsm8k_test_000640,6,thinking_minus_think_answer,-3.320446014404297,True,False
Qwen_Qwen3-1.7B,1.7B,1.7,gsm8k_test_000640,6,thinking_minus_no_think_answer,-3.5120725631713867,True,False
Qwen_Qwen3-1.7B,1.7B,1.7,gsm8k_test_000640,13,think_answer_minus_no_think_answer,-0.7423181533813494,True,False
Qwen_Qwen3-1.7B,1.7B,1.7,gsm8k_test_000640,13,thinking_minus_think_answer,0.32514286041259766,True,False
Qwen_Qwen3-1.7B,1.7B,1.7,gsm8k_test_000640,13,thinking_minus_no_think_answer,-0.4171752929687518,True,False
Qwen_Qwen3-1.7B,1.7B,1.7,gsm8k_test_000640,20,think_answer_minus_no_think_answer,-0.2766370773315412,True,False
Qwen_Qwen3-1.7B,1.7B,1.7,gsm8k_test_000640,20,thinking_minus_think_answer,0.0793924331665039,True,False
Qwen_Qwen3-1.7B,1.7B,1.7,gsm8k_test_000640,20,thinking_minus_no_think_answer,-0.1972446441650373,True,False
Qwen_Qwen3-1.7B,1.7B,1.7,gsm8k_test_000668,6,think_answer_minus_no_think_answer,0.30362892150878906,True,True
Qwen_Qwen3-1.7B,1.7B,1.7,gsm8k_test_000668,6,thinking_minus_think_answer,-4.662909507751465,True,True
Qwen_Qwen3-1.7B,1.7B,1.7,gsm8k_test_000668,6,thinking_minus_no_think_answer,-4.359280586242676,True,True
Qwen_Qwen3-1.7B,1.7B,1.7,gsm8k_test_000668,13,think_answer_minus_no_think_answer,2.4719648361206072,True,True
Qwen_Qwen3-1.7B,1.7B,1.7,gsm8k_test_000668,13,thinking_minus_think_answer,-2.4943895339965856,True,True
Qwen_Qwen3-1.7B,1.7B,1.7,gsm8k_test_000668,13,thinking_minus_no_think_answer,-0.02242469787597834,True,True
Qwen_Qwen3-1.7B,1.7B,1.7,gsm8k_test_000668,20,think_answer_minus_no_think_answer,1.6339941024780273,True,True
Qwen_Qwen3-1.7B,1.7B,1.7,gsm8k_test_000668,20,thinking_minus_think_answer,-3.1151046752929688,True,True
Qwen_Qwen3-1.7B,1.7B,1.7,gsm8k_test_000668,20,thinking_minus_no_think_answer,-1.4811105728149414,True,True
Qwen_Qwen3-1.7B,1.7B,1.7,gsm8k_test_000684,6,think_answer_minus_no_think_answer,2.244039535522461,True,False
Qwen_Qwen3-1.7B,1.7B,1.7,gsm8k_test_000684,6,thinking_minus_think_answer,-6.667736053466797,True,False
Qwen_Qwen3-1.7B,1.7B,1.7,gsm8k_test_000684,6,thinking_minus_no_think_answer,-4.423696517944336,True,False
Qwen_Qwen3-1.7B,1.7B,1.7,gsm8k_test_000684,13,think_answer_minus_no_think_answer,0.3821582794189453,True,False
Qwen_Qwen3-1.7B,1.7B,1.7,gsm8k_test_000684,13,thinking_minus_think_answer,-2.1502256393432617,True,False
Qwen_Qwen3-1.7B,1.7B,1.7,gsm8k_test_000684,13,thinking_minus_no_think_answer,-1.7680673599243164,True,False
Qwen_Qwen3-1.7B,1.7B,1.7,gsm8k_test_000684,20,think_answer_minus_no_think_answer,-0.8121757507324237,True,False
Qwen_Qwen3-1.7B,1.7B,1.7,gsm8k_test_000684,20,thinking_minus_think_answer,-3.032942295074463,True,False
Qwen_Qwen3-1.7B,1.7B,1.7,gsm8k_test_000684,20,thinking_minus_no_think_answer,-3.8451180458068865,True,False
Qwen_Qwen3-1.7B,1.7B,1.7,gsm8k_test_000697,6,think_answer_minus_no_think_answer,-1.2205629348754883,True,False
Qwen_Qwen3-1.7B,1.7B,1.7,gsm8k_test_000697,6,thinking_minus_think_answer,-3.7009830474853516,True,False
Qwen_Qwen3-1.7B,1.7B,1.7,gsm8k_test_000697,6,thinking_minus_no_think_answer,-4.92154598236084,True,False
Qwen_Qwen3-1.7B,1.7B,1.7,gsm8k_test_000697,13,think_answer_minus_no_think_answer,-0.7228050231933612,True,False
Qwen_Qwen3-1.7B,1.7B,1.7,gsm8k_test_000697,13,thinking_minus_think_answer,-1.6389923095703125,True,False
Qwen_Qwen3-1.7B,1.7B,1.7,gsm8k_test_000697,13,thinking_minus_no_think_answer,-2.3617973327636737,True,False
Qwen_Qwen3-1.7B,1.7B,1.7,gsm8k_test_000697,20,think_answer_minus_no_think_answer,-1.1322107315063459,True,False
Qwen_Qwen3-1.7B,1.7B,1.7,gsm8k_test_000697,20,thinking_minus_think_answer,-2.5469446182250977,True,False
Qwen_Qwen3-1.7B,1.7B,1.7,gsm8k_test_000697,20,thinking_minus_no_think_answer,-3.6791553497314435,True,False
Qwen_Qwen3-1.7B,1.7B,1.7,gsm8k_test_000713,6,think_answer_minus_no_think_answer,-1.432420730590822,True,False
Qwen_Qwen3-1.7B,1.7B,1.7,gsm8k_test_000713,6,thinking_minus_think_answer,-3.0059099197387678,True,False
Qwen_Qwen3-1.7B,1.7B,1.7,gsm8k_test_000713,6,thinking_minus_no_think_answer,-4.43833065032959,True,False
Qwen_Qwen3-1.7B,1.7B,1.7,gsm8k_test_000713,13,think_answer_minus_no_think_answer,-0.4549989700317383,True,False
Qwen_Qwen3-1.7B,1.7B,1.7,gsm8k_test_000713,13,thinking_minus_think_answer,-0.6575613021850586,True,False
Qwen_Qwen3-1.7B,1.7B,1.7,gsm8k_test_000713,13,thinking_minus_no_think_answer,-1.1125602722167969,True,False
Qwen_Qwen3-1.7B,1.7B,1.7,gsm8k_test_000713,20,think_answer_minus_no_think_answer,0.5011148452758789,True,False
Qwen_Qwen3-1.7B,1.7B,1.7,gsm8k_test_000713,20,thinking_minus_think_answer,-2.415863037109375,True,False
Qwen_Qwen3-1.7B,1.7B,1.7,gsm8k_test_000713,20,thinking_minus_no_think_answer,-1.914748191833496,True,False
Qwen_Qwen3-1.7B,1.7B,1.7,gsm8k_test_000781,6,think_answer_minus_no_think_answer,1.3245782852172852,True,True
Qwen_Qwen3-1.7B,1.7B,1.7,gsm8k_test_000781,6,thinking_minus_think_answer,-5.587371826171875,True,True
Qwen_Qwen3-1.7B,1.7B,1.7,gsm8k_test_000781,6,thinking_minus_no_think_answer,-4.26279354095459,True,True
Qwen_Qwen3-1.7B,1.7B,1.7,gsm8k_test_000781,13,think_answer_minus_no_think_answer,1.038506507873537,True,True
Qwen_Qwen3-1.7B,1.7B,1.7,gsm8k_test_000781,13,thinking_minus_think_answer,-3.608335494995119,True,True
Qwen_Qwen3-1.7B,1.7B,1.7,gsm8k_test_000781,13,thinking_minus_no_think_answer,-2.569828987121582,True,True
Qwen_Qwen3-1.7B,1.7B,1.7,gsm8k_test_000781,20,think_answer_minus_no_think_answer,0.5146636962890643,True,True
Qwen_Qwen3-1.7B,1.7B,1.7,gsm8k_test_000781,20,thinking_minus_think_answer,-3.7943010330200195,True,True
Qwen_Qwen3-1.7B,1.7B,1.7,gsm8k_test_000781,20,thinking_minus_no_think_answer,-3.2796373367309553,True,True
Qwen_Qwen3-1.7B,1.7B,1.7,gsm8k_test_000814,6,think_answer_minus_no_think_answer,-0.5605888366699219,False,False
Qwen_Qwen3-1.7B,1.7B,1.7,gsm8k_test_000814,6,thinking_minus_think_answer,-5.545841217041016,False,False
Qwen_Qwen3-1.7B,1.7B,1.7,gsm8k_test_000814,6,thinking_minus_no_think_answer,-6.1064300537109375,False,False
Qwen_Qwen3-1.7B,1.7B,1.7,gsm8k_test_000814,13,think_answer_minus_no_think_answer,-0.19606304168701172,False,False
Qwen_Qwen3-1.7B,1.7B,1.7,gsm8k_test_000814,13,thinking_minus_think_answer,-3.560895919799803,False,False
Qwen_Qwen3-1.7B,1.7B,1.7,gsm8k_test_000814,13,thinking_minus_no_think_answer,-3.7569589614868146,False,False
Qwen_Qwen3-1.7B,1.7B,1.7,gsm8k_test_000814,20,think_answer_minus_no_think_answer,0.08143138885498047,False,False
Qwen_Qwen3-1.7B,1.7B,1.7,gsm8k_test_000814,20,thinking_minus_think_answer,-4.947866916656494,False,False
Qwen_Qwen3-1.7B,1.7B,1.7,gsm8k_test_000814,20,thinking_minus_no_think_answer,-4.866435527801514,False,False
Qwen_Qwen3-1.7B,1.7B,1.7,gsm8k_test_000828,6,think_answer_minus_no_think_answer,1.0877256393432635,True,False
Qwen_Qwen3-1.7B,1.7B,1.7,gsm8k_test_000828,6,thinking_minus_think_answer,-4.072700500488281,True,False
Qwen_Qwen3-1.7B,1.7B,1.7,gsm8k_test_000828,6,thinking_minus_no_think_answer,-2.9849748611450178,True,False
Qwen_Qwen3-1.7B,1.7B,1.7,gsm8k_test_000828,13,think_answer_minus_no_think_answer,1.164107322692871,True,False
Qwen_Qwen3-1.7B,1.7B,1.7,gsm8k_test_000828,13,thinking_minus_think_answer,-1.4093713760375977,True,False
Qwen_Qwen3-1.7B,1.7B,1.7,gsm8k_test_000828,13,thinking_minus_no_think_answer,-0.24526405334472656,True,False
Qwen_Qwen3-1.7B,1.7B,1.7,gsm8k_test_000828,20,think_answer_minus_no_think_answer,-0.7125892639160156,True,False
Qwen_Qwen3-1.7B,1.7B,1.7,gsm8k_test_000828,20,thinking_minus_think_answer,-0.08602142333984375,True,False
Qwen_Qwen3-1.7B,1.7B,1.7,gsm8k_test_000828,20,thinking_minus_no_think_answer,-0.7986106872558594,True,False
Qwen_Qwen3-1.7B,1.7B,1.7,gsm8k_test_000830,6,think_answer_minus_no_think_answer,-1.4178543090820295,False,False
Qwen_Qwen3-1.7B,1.7B,1.7,gsm8k_test_000830,6,thinking_minus_think_answer,-5.36146926879883,False,False
Qwen_Qwen3-1.7B,1.7B,1.7,gsm8k_test_000830,6,thinking_minus_no_think_answer,-6.779323577880859,False,False
Qwen_Qwen3-1.7B,1.7B,1.7,gsm8k_test_000830,13,think_answer_minus_no_think_answer,-0.3290529251098633,False,False
Qwen_Qwen3-1.7B,1.7B,1.7,gsm8k_test_000830,13,thinking_minus_think_answer,-2.3459043502807617,False,False
Qwen_Qwen3-1.7B,1.7B,1.7,gsm8k_test_000830,13,thinking_minus_no_think_answer,-2.674957275390625,False,False
Qwen_Qwen3-1.7B,1.7B,1.7,gsm8k_test_000830,20,think_answer_minus_no_think_answer,0.8701038360595703,False,False
Qwen_Qwen3-1.7B,1.7B,1.7,gsm8k_test_000830,20,thinking_minus_think_answer,-3.919064521789551,False,False
Qwen_Qwen3-1.7B,1.7B,1.7,gsm8k_test_000830,20,thinking_minus_no_think_answer,-3.0489606857299805,False,False
Qwen_Qwen3-1.7B,1.7B,1.7,gsm8k_test_000852,6,think_answer_minus_no_think_answer,2.5862054824829084,True,False
Qwen_Qwen3-1.7B,1.7B,1.7,gsm8k_test_000852,6,thinking_minus_think_answer,-6.80217170715332,True,False
Qwen_Qwen3-1.7B,1.7B,1.7,gsm8k_test_000852,6,thinking_minus_no_think_answer,-4.215966224670412,True,False
Qwen_Qwen3-1.7B,1.7B,1.7,gsm8k_test_000852,13,think_answer_minus_no_think_answer,1.236715316772461,True,False
Qwen_Qwen3-1.7B,1.7B,1.7,gsm8k_test_000852,13,thinking_minus_think_answer,-2.730748176574707,True,False
Qwen_Qwen3-1.7B,1.7B,1.7,gsm8k_test_000852,13,thinking_minus_no_think_answer,-1.494032859802246,True,False
Qwen_Qwen3-1.7B,1.7B,1.7,gsm8k_test_000852,20,think_answer_minus_no_think_answer,-0.3016700744628906,True,False
Qwen_Qwen3-1.7B,1.7B,1.7,gsm8k_test_000852,20,thinking_minus_think_answer,-1.7059516906738281,True,False
Qwen_Qwen3-1.7B,1.7B,1.7,gsm8k_test_000852,20,thinking_minus_no_think_answer,-2.0076217651367188,True,False
Qwen_Qwen3-1.7B,1.7B,1.7,gsm8k_test_000896,6,think_answer_minus_no_think_answer,0.3295869827270508,True,False
Qwen_Qwen3-1.7B,1.7B,1.7,gsm8k_test_000896,6,thinking_minus_think_answer,-1.261085510253908,True,False
Qwen_Qwen3-1.7B,1.7B,1.7,gsm8k_test_000896,6,thinking_minus_no_think_answer,-0.9314985275268572,True,False
Qwen_Qwen3-1.7B,1.7B,1.7,gsm8k_test_000896,13,think_answer_minus_no_think_answer,1.0272836685180682,True,False
Qwen_Qwen3-1.7B,1.7B,1.7,gsm8k_test_000896,13,thinking_minus_think_answer,-2.019047737121582,True,False
Qwen_Qwen3-1.7B,1.7B,1.7,gsm8k_test_000896,13,thinking_minus_no_think_answer,-0.9917640686035138,True,False
Qwen_Qwen3-1.7B,1.7B,1.7,gsm8k_test_000896,20,think_answer_minus_no_think_answer,1.558340072631836,True,False
Qwen_Qwen3-1.7B,1.7B,1.7,gsm8k_test_000896,20,thinking_minus_think_answer,-2.677920341491699,True,False
Qwen_Qwen3-1.7B,1.7B,1.7,gsm8k_test_000896,20,thinking_minus_no_think_answer,-1.1195802688598633,True,False
Qwen_Qwen3-1.7B,1.7B,1.7,gsm8k_test_000901,6,think_answer_minus_no_think_answer,-4.283075332641602,False,False
Qwen_Qwen3-1.7B,1.7B,1.7,gsm8k_test_000901,6,thinking_minus_think_answer,-2.6868362426757812,False,False
Qwen_Qwen3-1.7B,1.7B,1.7,gsm8k_test_000901,6,thinking_minus_no_think_answer,-6.969911575317383,False,False
Qwen_Qwen3-1.7B,1.7B,1.7,gsm8k_test_000901,13,think_answer_minus_no_think_answer,-0.5186166763305682,False,False
Qwen_Qwen3-1.7B,1.7B,1.7,gsm8k_test_000901,13,thinking_minus_think_answer,-3.1685819625854474,False,False
Qwen_Qwen3-1.7B,1.7B,1.7,gsm8k_test_000901,13,thinking_minus_no_think_answer,-3.6871986389160156,False,False
Qwen_Qwen3-1.7B,1.7B,1.7,gsm8k_test_000901,20,think_answer_minus_no_think_answer,-1.014113426208496,False,False
Qwen_Qwen3-1.7B,1.7B,1.7,gsm8k_test_000901,20,thinking_minus_think_answer,-3.9171600341796875,False,False
Qwen_Qwen3-1.7B,1.7B,1.7,gsm8k_test_000901,20,thinking_minus_no_think_answer,-4.931273460388184,False,False
Qwen_Qwen3-1.7B,1.7B,1.7,gsm8k_test_000911,6,think_answer_minus_no_think_answer,3.339470863342285,True,True
Qwen_Qwen3-1.7B,1.7B,1.7,gsm8k_test_000911,6,thinking_minus_think_answer,-4.109116554260252,True,True
Qwen_Qwen3-1.7B,1.7B,1.7,gsm8k_test_000911,6,thinking_minus_no_think_answer,-0.769645690917967,True,True
Qwen_Qwen3-1.7B,1.7B,1.7,gsm8k_test_000911,13,think_answer_minus_no_think_answer,0.42977523803711115,True,True
Qwen_Qwen3-1.7B,1.7B,1.7,gsm8k_test_000911,13,thinking_minus_think_answer,-1.7259149551391602,True,True
Qwen_Qwen3-1.7B,1.7B,1.7,gsm8k_test_000911,13,thinking_minus_no_think_answer,-1.296139717102049,True,True
Qwen_Qwen3-1.7B,1.7B,1.7,gsm8k_test_000911,20,think_answer_minus_no_think_answer,-1.1010627746582013,True,True
Qwen_Qwen3-1.7B,1.7B,1.7,gsm8k_test_000911,20,thinking_minus_think_answer,-2.071627616882324,True,True
Qwen_Qwen3-1.7B,1.7B,1.7,gsm8k_test_000911,20,thinking_minus_no_think_answer,-3.1726903915405256,True,True
Qwen_Qwen3-1.7B,1.7B,1.7,gsm8k_test_000923,6,think_answer_minus_no_think_answer,-1.1675691604614258,False,False
Qwen_Qwen3-1.7B,1.7B,1.7,gsm8k_test_000923,6,thinking_minus_think_answer,-5.024880409240721,False,False
Qwen_Qwen3-1.7B,1.7B,1.7,gsm8k_test_000923,6,thinking_minus_no_think_answer,-6.192449569702147,False,False
Qwen_Qwen3-1.7B,1.7B,1.7,gsm8k_test_000923,13,think_answer_minus_no_think_answer,-0.5798206329345703,False,False
Qwen_Qwen3-1.7B,1.7B,1.7,gsm8k_test_000923,13,thinking_minus_think_answer,-2.3519086837768555,False,False
Qwen_Qwen3-1.7B,1.7B,1.7,gsm8k_test_000923,13,thinking_minus_no_think_answer,-2.931729316711426,False,False
Qwen_Qwen3-1.7B,1.7B,1.7,gsm8k_test_000923,20,think_answer_minus_no_think_answer,-0.7164669036865234,False,False
Qwen_Qwen3-1.7B,1.7B,1.7,gsm8k_test_000923,20,thinking_minus_think_answer,-3.301229476928711,False,False
Qwen_Qwen3-1.7B,1.7B,1.7,gsm8k_test_000923,20,thinking_minus_no_think_answer,-4.017696380615234,False,False
Qwen_Qwen3-1.7B,1.7B,1.7,gsm8k_test_000924,6,think_answer_minus_no_think_answer,3.4943695068359375,True,False
Qwen_Qwen3-1.7B,1.7B,1.7,gsm8k_test_000924,6,thinking_minus_think_answer,-8.050019264221191,True,False
Qwen_Qwen3-1.7B,1.7B,1.7,gsm8k_test_000924,6,thinking_minus_no_think_answer,-4.555649757385254,True,False
Qwen_Qwen3-1.7B,1.7B,1.7,gsm8k_test_000924,13,think_answer_minus_no_think_answer,-0.6472806930541992,True,False
Qwen_Qwen3-1.7B,1.7B,1.7,gsm8k_test_000924,13,thinking_minus_think_answer,-2.4947433471679688,True,False
Qwen_Qwen3-1.7B,1.7B,1.7,gsm8k_test_000924,13,thinking_minus_no_think_answer,-3.142024040222168,True,False
Qwen_Qwen3-1.7B,1.7B,1.7,gsm8k_test_000924,20,think_answer_minus_no_think_answer,-0.7272748947143555,True,False
Qwen_Qwen3-1.7B,1.7B,1.7,gsm8k_test_000924,20,thinking_minus_think_answer,-5.120753288269043,True,False
Qwen_Qwen3-1.7B,1.7B,1.7,gsm8k_test_000924,20,thinking_minus_no_think_answer,-5.848028182983398,True,False
Qwen_Qwen3-1.7B,1.7B,1.7,gsm8k_test_000948,6,think_answer_minus_no_think_answer,1.4154577255249006,True,False
Qwen_Qwen3-1.7B,1.7B,1.7,gsm8k_test_000948,6,thinking_minus_think_answer,-6.333176612854006,True,False
Qwen_Qwen3-1.7B,1.7B,1.7,gsm8k_test_000948,6,thinking_minus_no_think_answer,-4.917718887329105,True,False
Qwen_Qwen3-1.7B,1.7B,1.7,gsm8k_test_000948,13,think_answer_minus_no_think_answer,0.48058223724365234,True,False
Qwen_Qwen3-1.7B,1.7B,1.7,gsm8k_test_000948,13,thinking_minus_think_answer,-1.8691816329956055,True,False
Qwen_Qwen3-1.7B,1.7B,1.7,gsm8k_test_000948,13,thinking_minus_no_think_answer,-1.3885993957519531,True,False
Qwen_Qwen3-1.7B,1.7B,1.7,gsm8k_test_000948,20,think_answer_minus_no_think_answer,-0.07822132110595881,True,False
Qwen_Qwen3-1.7B,1.7B,1.7,gsm8k_test_000948,20,thinking_minus_think_answer,-2.001868247985838,True,False
Qwen_Qwen3-1.7B,1.7B,1.7,gsm8k_test_000948,20,thinking_minus_no_think_answer,-2.080089569091797,True,False
Qwen_Qwen3-1.7B,1.7B,1.7,gsm8k_test_000965,6,think_answer_minus_no_think_answer,2.902936935424803,True,False
Qwen_Qwen3-1.7B,1.7B,1.7,gsm8k_test_000965,6,thinking_minus_think_answer,-5.769872665405273,True,False
Qwen_Qwen3-1.7B,1.7B,1.7,gsm8k_test_000965,6,thinking_minus_no_think_answer,-2.8669357299804705,True,False
Qwen_Qwen3-1.7B,1.7B,1.7,gsm8k_test_000965,13,think_answer_minus_no_think_answer,1.7325468063354492,True,False
Qwen_Qwen3-1.7B,1.7B,1.7,gsm8k_test_000965,13,thinking_minus_think_answer,-2.1758995056152326,True,False
Qwen_Qwen3-1.7B,1.7B,1.7,gsm8k_test_000965,13,thinking_minus_no_think_answer,-0.4433526992797834,True,False
Qwen_Qwen3-1.7B,1.7B,1.7,gsm8k_test_000965,20,think_answer_minus_no_think_answer,-0.9424915313720703,True,False
Qwen_Qwen3-1.7B,1.7B,1.7,gsm8k_test_000965,20,thinking_minus_think_answer,-1.5895500183105469,True,False
Qwen_Qwen3-1.7B,1.7B,1.7,gsm8k_test_000965,20,thinking_minus_no_think_answer,-2.532041549682617,True,False
Qwen_Qwen3-1.7B,1.7B,1.7,gsm8k_test_000977,6,think_answer_minus_no_think_answer,-0.5216379165649396,True,True
Qwen_Qwen3-1.7B,1.7B,1.7,gsm8k_test_000977,6,thinking_minus_think_answer,-1.1325426101684553,True,True
Qwen_Qwen3-1.7B,1.7B,1.7,gsm8k_test_000977,6,thinking_minus_no_think_answer,-1.6541805267333949,True,True
Qwen_Qwen3-1.7B,1.7B,1.7,gsm8k_test_000977,13,think_answer_minus_no_think_answer,-0.4213590621948242,True,True
Qwen_Qwen3-1.7B,1.7B,1.7,gsm8k_test_000977,13,thinking_minus_think_answer,-0.7137975692749023,True,True
Qwen_Qwen3-1.7B,1.7B,1.7,gsm8k_test_000977,13,thinking_minus_no_think_answer,-1.1351566314697266,True,True
Qwen_Qwen3-1.7B,1.7B,1.7,gsm8k_test_000977,20,think_answer_minus_no_think_answer,-0.23462867736816406,True,True
Qwen_Qwen3-1.7B,1.7B,1.7,gsm8k_test_000977,20,thinking_minus_think_answer,-1.093552589416504,True,True
Qwen_Qwen3-1.7B,1.7B,1.7,gsm8k_test_000977,20,thinking_minus_no_think_answer,-1.328181266784668,True,True
Qwen_Qwen3-1.7B,1.7B,1.7,gsm8k_test_000988,6,think_answer_minus_no_think_answer,2.2525806427001953,False,False
Qwen_Qwen3-1.7B,1.7B,1.7,gsm8k_test_000988,6,thinking_minus_think_answer,-9.062531471252441,False,False
Qwen_Qwen3-1.7B,1.7B,1.7,gsm8k_test_000988,6,thinking_minus_no_think_answer,-6.809950828552246,False,False
Qwen_Qwen3-1.7B,1.7B,1.7,gsm8k_test_000988,13,think_answer_minus_no_think_answer,-1.0074892044067383,False,False
Qwen_Qwen3-1.7B,1.7B,1.7,gsm8k_test_000988,13,thinking_minus_think_answer,-2.525392532348633,False,False
Qwen_Qwen3-1.7B,1.7B,1.7,gsm8k_test_000988,13,thinking_minus_no_think_answer,-3.532881736755371,False,False
Qwen_Qwen3-1.7B,1.7B,1.7,gsm8k_test_000988,20,think_answer_minus_no_think_answer,-0.27192211151123225,False,False
Qwen_Qwen3-1.7B,1.7B,1.7,gsm8k_test_000988,20,thinking_minus_think_answer,-4.954154014587402,False,False
Qwen_Qwen3-1.7B,1.7B,1.7,gsm8k_test_000988,20,thinking_minus_no_think_answer,-5.226076126098635,False,False
Qwen_Qwen3-1.7B,1.7B,1.7,gsm8k_test_001002,6,think_answer_minus_no_think_answer,1.5410890579223633,True,False
Qwen_Qwen3-1.7B,1.7B,1.7,gsm8k_test_001002,6,thinking_minus_think_answer,-3.7491197586059553,True,False
Qwen_Qwen3-1.7B,1.7B,1.7,gsm8k_test_001002,6,thinking_minus_no_think_answer,-2.208030700683592,True,False
Qwen_Qwen3-1.7B,1.7B,1.7,gsm8k_test_001002,13,think_answer_minus_no_think_answer,0.35268211364746094,True,False
Qwen_Qwen3-1.7B,1.7B,1.7,gsm8k_test_001002,13,thinking_minus_think_answer,-2.259821891784668,True,False
Qwen_Qwen3-1.7B,1.7B,1.7,gsm8k_test_001002,13,thinking_minus_no_think_answer,-1.907139778137207,True,False
Qwen_Qwen3-1.7B,1.7B,1.7,gsm8k_test_001002,20,think_answer_minus_no_think_answer,0.8896112442016602,True,False
Qwen_Qwen3-1.7B,1.7B,1.7,gsm8k_test_001002,20,thinking_minus_think_answer,-3.0880279541015643,True,False
Qwen_Qwen3-1.7B,1.7B,1.7,gsm8k_test_001002,20,thinking_minus_no_think_answer,-2.198416709899904,True,False
Qwen_Qwen3-1.7B,1.7B,1.7,gsm8k_test_001006,6,think_answer_minus_no_think_answer,-6.354233741760254,False,False
Qwen_Qwen3-1.7B,1.7B,1.7,gsm8k_test_001006,6,thinking_minus_think_answer,1.920710563659668,False,False
Qwen_Qwen3-1.7B,1.7B,1.7,gsm8k_test_001006,6,thinking_minus_no_think_answer,-4.433523178100586,False,False
Qwen_Qwen3-1.7B,1.7B,1.7,gsm8k_test_001006,13,think_answer_minus_no_think_answer,-1.296462059020996,False,False
Qwen_Qwen3-1.7B,1.7B,1.7,gsm8k_test_001006,13,thinking_minus_think_answer,1.6400012969970703,False,False
Qwen_Qwen3-1.7B,1.7B,1.7,gsm8k_test_001006,13,thinking_minus_no_think_answer,0.3435392379760742,False,False
Qwen_Qwen3-1.7B,1.7B,1.7,gsm8k_test_001006,20,think_answer_minus_no_think_answer,-2.101408004760742,False,False
Qwen_Qwen3-1.7B,1.7B,1.7,gsm8k_test_001006,20,thinking_minus_think_answer,0.10797595977783203,False,False
Qwen_Qwen3-1.7B,1.7B,1.7,gsm8k_test_001006,20,thinking_minus_no_think_answer,-1.9934320449829102,False,False
Qwen_Qwen3-1.7B,1.7B,1.7,gsm8k_test_001009,6,think_answer_minus_no_think_answer,0.6343717575073242,True,False
Qwen_Qwen3-1.7B,1.7B,1.7,gsm8k_test_001009,6,thinking_minus_think_answer,-4.003173828125,True,False
Qwen_Qwen3-1.7B,1.7B,1.7,gsm8k_test_001009,6,thinking_minus_no_think_answer,-3.368802070617676,True,False
Qwen_Qwen3-1.7B,1.7B,1.7,gsm8k_test_001009,13,think_answer_minus_no_think_answer,0.9066562652587873,True,False
Qwen_Qwen3-1.7B,1.7B,1.7,gsm8k_test_001009,13,thinking_minus_think_answer,-2.1770029067993164,True,False
Qwen_Qwen3-1.7B,1.7B,1.7,gsm8k_test_001009,13,thinking_minus_no_think_answer,-1.2703466415405291,True,False
Qwen_Qwen3-1.7B,1.7B,1.7,gsm8k_test_001009,20,think_answer_minus_no_think_answer,1.069653511047365,True,False
Qwen_Qwen3-1.7B,1.7B,1.7,gsm8k_test_001009,20,thinking_minus_think_answer,-2.9585380554199237,True,False
Qwen_Qwen3-1.7B,1.7B,1.7,gsm8k_test_001009,20,thinking_minus_no_think_answer,-1.8888845443725586,True,False
Qwen_Qwen3-1.7B,1.7B,1.7,gsm8k_test_001013,6,think_answer_minus_no_think_answer,2.675686836242676,True,False
Qwen_Qwen3-1.7B,1.7B,1.7,gsm8k_test_001013,6,thinking_minus_think_answer,-5.293845176696777,True,False
Qwen_Qwen3-1.7B,1.7B,1.7,gsm8k_test_001013,6,thinking_minus_no_think_answer,-2.6181583404541016,True,False
Qwen_Qwen3-1.7B,1.7B,1.7,gsm8k_test_001013,13,think_answer_minus_no_think_answer,1.7853012084960938,True,False
Qwen_Qwen3-1.7B,1.7B,1.7,gsm8k_test_001013,13,thinking_minus_think_answer,-0.8259115219116193,True,False
Qwen_Qwen3-1.7B,1.7B,1.7,gsm8k_test_001013,13,thinking_minus_no_think_answer,0.9593896865844744,True,False
Qwen_Qwen3-1.7B,1.7B,1.7,gsm8k_test_001013,20,think_answer_minus_no_think_answer,0.14719390869140625,True,False
Qwen_Qwen3-1.7B,1.7B,1.7,gsm8k_test_001013,20,thinking_minus_think_answer,-1.1272306442260742,True,False
Qwen_Qwen3-1.7B,1.7B,1.7,gsm8k_test_001013,20,thinking_minus_no_think_answer,-0.980036735534668,True,False
Qwen_Qwen3-1.7B,1.7B,1.7,gsm8k_test_001026,6,think_answer_minus_no_think_answer,1.8353052139282244,True,False
Qwen_Qwen3-1.7B,1.7B,1.7,gsm8k_test_001026,6,thinking_minus_think_answer,-6.535046577453613,True,False
Qwen_Qwen3-1.7B,1.7B,1.7,gsm8k_test_001026,6,thinking_minus_no_think_answer,-4.699741363525389,True,False
Qwen_Qwen3-1.7B,1.7B,1.7,gsm8k_test_001026,13,think_answer_minus_no_think_answer,0.2773303985595703,True,False
Qwen_Qwen3-1.7B,1.7B,1.7,gsm8k_test_001026,13,thinking_minus_think_answer,-0.7128009796142578,True,False
Qwen_Qwen3-1.7B,1.7B,1.7,gsm8k_test_001026,13,thinking_minus_no_think_answer,-0.4354705810546875,True,False
Qwen_Qwen3-1.7B,1.7B,1.7,gsm8k_test_001026,20,think_answer_minus_no_think_answer,1.441094398498537,True,False
Qwen_Qwen3-1.7B,1.7B,1.7,gsm8k_test_001026,20,thinking_minus_think_answer,-2.220396041870119,True,False
Qwen_Qwen3-1.7B,1.7B,1.7,gsm8k_test_001026,20,thinking_minus_no_think_answer,-0.779301643371582,True,False
Qwen_Qwen3-1.7B,1.7B,1.7,gsm8k_test_001031,6,think_answer_minus_no_think_answer,-2.6150436401367188,False,False
Qwen_Qwen3-1.7B,1.7B,1.7,gsm8k_test_001031,6,thinking_minus_think_answer,-2.3828887939453107,False,False
Qwen_Qwen3-1.7B,1.7B,1.7,gsm8k_test_001031,6,thinking_minus_no_think_answer,-4.9979324340820295,False,False
Qwen_Qwen3-1.7B,1.7B,1.7,gsm8k_test_001031,13,think_answer_minus_no_think_answer,0.8876419067382848,False,False
Qwen_Qwen3-1.7B,1.7B,1.7,gsm8k_test_001031,13,thinking_minus_think_answer,-1.6836614608764666,False,False
Qwen_Qwen3-1.7B,1.7B,1.7,gsm8k_test_001031,13,thinking_minus_no_think_answer,-0.7960195541381818,False,False
Qwen_Qwen3-1.7B,1.7B,1.7,gsm8k_test_001031,20,think_answer_minus_no_think_answer,-1.1782836914062518,False,False
Qwen_Qwen3-1.7B,1.7B,1.7,gsm8k_test_001031,20,thinking_minus_think_answer,-2.4966669082641584,False,False
Qwen_Qwen3-1.7B,1.7B,1.7,gsm8k_test_001031,20,thinking_minus_no_think_answer,-3.67495059967041,False,False
Qwen_Qwen3-1.7B,1.7B,1.7,gsm8k_test_001038,6,think_answer_minus_no_think_answer,-0.09031200408935547,True,False
Qwen_Qwen3-1.7B,1.7B,1.7,gsm8k_test_001038,6,thinking_minus_think_answer,-6.007586479187012,True,False
Qwen_Qwen3-1.7B,1.7B,1.7,gsm8k_test_001038,6,thinking_minus_no_think_answer,-6.097898483276367,True,False
Qwen_Qwen3-1.7B,1.7B,1.7,gsm8k_test_001038,13,think_answer_minus_no_think_answer,-0.7207183837890625,True,False
Qwen_Qwen3-1.7B,1.7B,1.7,gsm8k_test_001038,13,thinking_minus_think_answer,-1.3045358657836914,True,False
Qwen_Qwen3-1.7B,1.7B,1.7,gsm8k_test_001038,13,thinking_minus_no_think_answer,-2.025254249572754,True,False
Qwen_Qwen3-1.7B,1.7B,1.7,gsm8k_test_001038,20,think_answer_minus_no_think_answer,1.3943643569946307,True,False
Qwen_Qwen3-1.7B,1.7B,1.7,gsm8k_test_001038,20,thinking_minus_think_answer,-2.644163131713869,True,False
Qwen_Qwen3-1.7B,1.7B,1.7,gsm8k_test_001038,20,thinking_minus_no_think_answer,-1.2497987747192383,True,False
Qwen_Qwen3-1.7B,1.7B,1.7,gsm8k_test_001043,6,think_answer_minus_no_think_answer,-1.351389884948727,True,True
Qwen_Qwen3-1.7B,1.7B,1.7,gsm8k_test_001043,6,thinking_minus_think_answer,-2.515193939208986,True,True
Qwen_Qwen3-1.7B,1.7B,1.7,gsm8k_test_001043,6,thinking_minus_no_think_answer,-3.866583824157713,True,True
Qwen_Qwen3-1.7B,1.7B,1.7,gsm8k_test_001043,13,think_answer_minus_no_think_answer,0.2485141754150373,True,True
Qwen_Qwen3-1.7B,1.7B,1.7,gsm8k_test_001043,13,thinking_minus_think_answer,-1.428110122680664,True,True
Qwen_Qwen3-1.7B,1.7B,1.7,gsm8k_test_001043,13,thinking_minus_no_think_answer,-1.1795959472656268,True,True
Qwen_Qwen3-1.7B,1.7B,1.7,gsm8k_test_001043,20,think_answer_minus_no_think_answer,-0.49392032623291193,True,True
Qwen_Qwen3-1.7B,1.7B,1.7,gsm8k_test_001043,20,thinking_minus_think_answer,-0.7321510314941388,True,True
Qwen_Qwen3-1.7B,1.7B,1.7,gsm8k_test_001043,20,thinking_minus_no_think_answer,-1.2260713577270508,True,True
Qwen_Qwen3-1.7B,1.7B,1.7,gsm8k_test_001047,6,think_answer_minus_no_think_answer,2.6703901290893555,True,False
Qwen_Qwen3-1.7B,1.7B,1.7,gsm8k_test_001047,6,thinking_minus_think_answer,-1.232614517211914,True,False
Qwen_Qwen3-1.7B,1.7B,1.7,gsm8k_test_001047,6,thinking_minus_no_think_answer,1.4377756118774414,True,False
Qwen_Qwen3-1.7B,1.7B,1.7,gsm8k_test_001047,13,think_answer_minus_no_think_answer,2.3625078201293945,True,False
Qwen_Qwen3-1.7B,1.7B,1.7,gsm8k_test_001047,13,thinking_minus_think_answer,-0.6883363723754883,True,False
Qwen_Qwen3-1.7B,1.7B,1.7,gsm8k_test_001047,13,thinking_minus_no_think_answer,1.6741714477539062,True,False
Qwen_Qwen3-1.7B,1.7B,1.7,gsm8k_test_001047,20,think_answer_minus_no_think_answer,2.8549261093139666,True,False
Qwen_Qwen3-1.7B,1.7B,1.7,gsm8k_test_001047,20,thinking_minus_think_answer,-1.562058448791504,True,False
Qwen_Qwen3-1.7B,1.7B,1.7,gsm8k_test_001047,20,thinking_minus_no_think_answer,1.2928676605224627,True,False
Qwen_Qwen3-1.7B,1.7B,1.7,gsm8k_test_001052,6,think_answer_minus_no_think_answer,-0.3928985595703107,True,False
Qwen_Qwen3-1.7B,1.7B,1.7,gsm8k_test_001052,6,thinking_minus_think_answer,-3.768505096435547,True,False
Qwen_Qwen3-1.7B,1.7B,1.7,gsm8k_test_001052,6,thinking_minus_no_think_answer,-4.161403656005858,True,False
Qwen_Qwen3-1.7B,1.7B,1.7,gsm8k_test_001052,13,think_answer_minus_no_think_answer,-0.6101627349853516,True,False
Qwen_Qwen3-1.7B,1.7B,1.7,gsm8k_test_001052,13,thinking_minus_think_answer,-0.32778072357177734,True,False
Qwen_Qwen3-1.7B,1.7B,1.7,gsm8k_test_001052,13,thinking_minus_no_think_answer,-0.9379434585571289,True,False
Qwen_Qwen3-1.7B,1.7B,1.7,gsm8k_test_001052,20,think_answer_minus_no_think_answer,-1.4979686737060511,True,False
Qwen_Qwen3-1.7B,1.7B,1.7,gsm8k_test_001052,20,thinking_minus_think_answer,-2.060437202453617,True,False
Qwen_Qwen3-1.7B,1.7B,1.7,gsm8k_test_001052,20,thinking_minus_no_think_answer,-3.558405876159668,True,False
Qwen_Qwen3-1.7B,1.7B,1.7,gsm8k_test_001059,6,think_answer_minus_no_think_answer,-0.37372112274169744,False,True
Qwen_Qwen3-1.7B,1.7B,1.7,gsm8k_test_001059,6,thinking_minus_think_answer,-2.621662139892578,False,True
Qwen_Qwen3-1.7B,1.7B,1.7,gsm8k_test_001059,6,thinking_minus_no_think_answer,-2.9953832626342756,False,True
Qwen_Qwen3-1.7B,1.7B,1.7,gsm8k_test_001059,13,think_answer_minus_no_think_answer,0.9322185516357422,False,True
Qwen_Qwen3-1.7B,1.7B,1.7,gsm8k_test_001059,13,thinking_minus_think_answer,-1.5223369598388672,False,True
Qwen_Qwen3-1.7B,1.7B,1.7,gsm8k_test_001059,13,thinking_minus_no_think_answer,-0.590118408203125,False,True
Qwen_Qwen3-1.7B,1.7B,1.7,gsm8k_test_001059,20,think_answer_minus_no_think_answer,0.9728755950927734,False,True
Qwen_Qwen3-1.7B,1.7B,1.7,gsm8k_test_001059,20,thinking_minus_think_answer,-1.2985506057739258,False,True
Qwen_Qwen3-1.7B,1.7B,1.7,gsm8k_test_001059,20,thinking_minus_no_think_answer,-0.32567501068115234,False,True
Qwen_Qwen3-1.7B,1.7B,1.7,gsm8k_test_001079,6,think_answer_minus_no_think_answer,1.8976678848266602,True,False
Qwen_Qwen3-1.7B,1.7B,1.7,gsm8k_test_001079,6,thinking_minus_think_answer,-5.177420616149904,True,False
Qwen_Qwen3-1.7B,1.7B,1.7,gsm8k_test_001079,6,thinking_minus_no_think_answer,-3.279752731323244,True,False
Qwen_Qwen3-1.7B,1.7B,1.7,gsm8k_test_001079,13,think_answer_minus_no_think_answer,1.4655160903930664,True,False
Qwen_Qwen3-1.7B,1.7B,1.7,gsm8k_test_001079,13,thinking_minus_think_answer,-2.690858840942381,True,False
Qwen_Qwen3-1.7B,1.7B,1.7,gsm8k_test_001079,13,thinking_minus_no_think_answer,-1.2253427505493146,True,False
Qwen_Qwen3-1.7B,1.7B,1.7,gsm8k_test_001079,20,think_answer_minus_no_think_answer,1.4052562713623065,True,False
Qwen_Qwen3-1.7B,1.7B,1.7,gsm8k_test_001079,20,thinking_minus_think_answer,-2.226431846618654,True,False
Qwen_Qwen3-1.7B,1.7B,1.7,gsm8k_test_001079,20,thinking_minus_no_think_answer,-0.8211755752563477,True,False
Qwen_Qwen3-1.7B,1.7B,1.7,gsm8k_test_001088,6,think_answer_minus_no_think_answer,-5.55766487121582,False,False
Qwen_Qwen3-1.7B,1.7B,1.7,gsm8k_test_001088,6,thinking_minus_think_answer,-0.4708538055419922,False,False
Qwen_Qwen3-1.7B,1.7B,1.7,gsm8k_test_001088,6,thinking_minus_no_think_answer,-6.0285186767578125,False,False
Qwen_Qwen3-1.7B,1.7B,1.7,gsm8k_test_001088,13,think_answer_minus_no_think_answer,-1.177290916442871,False,False
Qwen_Qwen3-1.7B,1.7B,1.7,gsm8k_test_001088,13,thinking_minus_think_answer,-2.0570640563964844,False,False
Qwen_Qwen3-1.7B,1.7B,1.7,gsm8k_test_001088,13,thinking_minus_no_think_answer,-3.2343549728393555,False,False
Qwen_Qwen3-1.7B,1.7B,1.7,gsm8k_test_001088,20,think_answer_minus_no_think_answer,-1.2017202377319318,False,False
Qwen_Qwen3-1.7B,1.7B,1.7,gsm8k_test_001088,20,thinking_minus_think_answer,-1.7231554985046387,False,False
Qwen_Qwen3-1.7B,1.7B,1.7,gsm8k_test_001088,20,thinking_minus_no_think_answer,-2.9248757362365705,False,False
Qwen_Qwen3-1.7B,1.7B,1.7,gsm8k_test_001096,6,think_answer_minus_no_think_answer,-1.1392374038696307,True,False
Qwen_Qwen3-1.7B,1.7B,1.7,gsm8k_test_001096,6,thinking_minus_think_answer,-5.353094100952147,True,False
Qwen_Qwen3-1.7B,1.7B,1.7,gsm8k_test_001096,6,thinking_minus_no_think_answer,-6.492331504821777,True,False
Qwen_Qwen3-1.7B,1.7B,1.7,gsm8k_test_001096,13,think_answer_minus_no_think_answer,0.5329523086547852,True,False
Qwen_Qwen3-1.7B,1.7B,1.7,gsm8k_test_001096,13,thinking_minus_think_answer,-3.6019287109375,True,False
Qwen_Qwen3-1.7B,1.7B,1.7,gsm8k_test_001096,13,thinking_minus_no_think_answer,-3.068976402282715,True,False
Qwen_Qwen3-1.7B,1.7B,1.7,gsm8k_test_001096,20,think_answer_minus_no_think_answer,0.7132663726806641,True,False
Qwen_Qwen3-1.7B,1.7B,1.7,gsm8k_test_001096,20,thinking_minus_think_answer,-4.15774440765381,True,False
Qwen_Qwen3-1.7B,1.7B,1.7,gsm8k_test_001096,20,thinking_minus_no_think_answer,-3.4444780349731463,True,False
Qwen_Qwen3-1.7B,1.7B,1.7,gsm8k_test_001106,6,think_answer_minus_no_think_answer,1.0807762145996076,True,True
Qwen_Qwen3-1.7B,1.7B,1.7,gsm8k_test_001106,6,thinking_minus_think_answer,-2.867588043212887,True,True
Qwen_Qwen3-1.7B,1.7B,1.7,gsm8k_test_001106,6,thinking_minus_no_think_answer,-1.7868118286132795,True,True
Qwen_Qwen3-1.7B,1.7B,1.7,gsm8k_test_001106,13,think_answer_minus_no_think_answer,0.02884197235107422,True,True
Qwen_Qwen3-1.7B,1.7B,1.7,gsm8k_test_001106,13,thinking_minus_think_answer,-1.075190544128418,True,True
Qwen_Qwen3-1.7B,1.7B,1.7,gsm8k_test_001106,13,thinking_minus_no_think_answer,-1.0463485717773438,True,True
Qwen_Qwen3-1.7B,1.7B,1.7,gsm8k_test_001106,20,think_answer_minus_no_think_answer,0.25539684295654297,True,True
Qwen_Qwen3-1.7B,1.7B,1.7,gsm8k_test_001106,20,thinking_minus_think_answer,-2.005436897277832,True,True
Qwen_Qwen3-1.7B,1.7B,1.7,gsm8k_test_001106,20,thinking_minus_no_think_answer,-1.750040054321289,True,True
Qwen_Qwen3-1.7B,1.7B,1.7,gsm8k_test_001136,6,think_answer_minus_no_think_answer,2.9284324645996094,True,False
Qwen_Qwen3-1.7B,1.7B,1.7,gsm8k_test_001136,6,thinking_minus_think_answer,-3.524707794189453,True,False
Qwen_Qwen3-1.7B,1.7B,1.7,gsm8k_test_001136,6,thinking_minus_no_think_answer,-0.5962753295898438,True,False
Qwen_Qwen3-1.7B,1.7B,1.7,gsm8k_test_001136,13,think_answer_minus_no_think_answer,1.9897785186767578,True,False
Qwen_Qwen3-1.7B,1.7B,1.7,gsm8k_test_001136,13,thinking_minus_think_answer,-2.1389684677124023,True,False
Qwen_Qwen3-1.7B,1.7B,1.7,gsm8k_test_001136,13,thinking_minus_no_think_answer,-0.14918994903564453,True,False
Qwen_Qwen3-1.7B,1.7B,1.7,gsm8k_test_001136,20,think_answer_minus_no_think_answer,-1.1639604568481445,True,False
Qwen_Qwen3-1.7B,1.7B,1.7,gsm8k_test_001136,20,thinking_minus_think_answer,-0.7657413482666016,True,False
Qwen_Qwen3-1.7B,1.7B,1.7,gsm8k_test_001136,20,thinking_minus_no_think_answer,-1.929701805114746,True,False
Qwen_Qwen3-1.7B,1.7B,1.7,gsm8k_test_001164,6,think_answer_minus_no_think_answer,2.7037525177001953,True,False
Qwen_Qwen3-1.7B,1.7B,1.7,gsm8k_test_001164,6,thinking_minus_think_answer,-3.2097043991088867,True,False
Qwen_Qwen3-1.7B,1.7B,1.7,gsm8k_test_001164,6,thinking_minus_no_think_answer,-0.5059518814086914,True,False
Qwen_Qwen3-1.7B,1.7B,1.7,gsm8k_test_001164,13,think_answer_minus_no_think_answer,0.5581645965576172,True,False
Qwen_Qwen3-1.7B,1.7B,1.7,gsm8k_test_001164,13,thinking_minus_think_answer,-0.23853206634521484,True,False
Qwen_Qwen3-1.7B,1.7B,1.7,gsm8k_test_001164,13,thinking_minus_no_think_answer,0.31963253021240234,True,False
Qwen_Qwen3-1.7B,1.7B,1.7,gsm8k_test_001164,20,think_answer_minus_no_think_answer,1.248888969421385,True,False
Qwen_Qwen3-1.7B,1.7B,1.7,gsm8k_test_001164,20,thinking_minus_think_answer,-1.242443084716795,True,False
Qwen_Qwen3-1.7B,1.7B,1.7,gsm8k_test_001164,20,thinking_minus_no_think_answer,0.006445884704589844,True,False
Qwen_Qwen3-1.7B,1.7B,1.7,gsm8k_test_001165,6,think_answer_minus_no_think_answer,1.9799661636352521,False,False
Qwen_Qwen3-1.7B,1.7B,1.7,gsm8k_test_001165,6,thinking_minus_think_answer,-6.960179328918455,False,False
Qwen_Qwen3-1.7B,1.7B,1.7,gsm8k_test_001165,6,thinking_minus_no_think_answer,-4.980213165283203,False,False
Qwen_Qwen3-1.7B,1.7B,1.7,gsm8k_test_001165,13,think_answer_minus_no_think_answer,0.688054084777832,False,False
Qwen_Qwen3-1.7B,1.7B,1.7,gsm8k_test_001165,13,thinking_minus_think_answer,-2.3751440048217773,False,False
Qwen_Qwen3-1.7B,1.7B,1.7,gsm8k_test_001165,13,thinking_minus_no_think_answer,-1.6870899200439453,False,False
Qwen_Qwen3-1.7B,1.7B,1.7,gsm8k_test_001165,20,think_answer_minus_no_think_answer,0.3366346359252912,False,False
Qwen_Qwen3-1.7B,1.7B,1.7,gsm8k_test_001165,20,thinking_minus_think_answer,-2.7261300086975098,False,False
Qwen_Qwen3-1.7B,1.7B,1.7,gsm8k_test_001165,20,thinking_minus_no_think_answer,-2.3894953727722186,False,False
Qwen_Qwen3-1.7B,1.7B,1.7,gsm8k_test_001181,6,think_answer_minus_no_think_answer,0.6673679351806641,True,False
Qwen_Qwen3-1.7B,1.7B,1.7,gsm8k_test_001181,6,thinking_minus_think_answer,-3.484750747680664,True,False
Qwen_Qwen3-1.7B,1.7B,1.7,gsm8k_test_001181,6,thinking_minus_no_think_answer,-2.8173828125,True,False
Qwen_Qwen3-1.7B,1.7B,1.7,gsm8k_test_001181,13,think_answer_minus_no_think_answer,0.8399381637573242,True,False
Qwen_Qwen3-1.7B,1.7B,1.7,gsm8k_test_001181,13,thinking_minus_think_answer,-2.179929733276367,True,False
Qwen_Qwen3-1.7B,1.7B,1.7,gsm8k_test_001181,13,thinking_minus_no_think_answer,-1.339991569519043,True,False
Qwen_Qwen3-1.7B,1.7B,1.7,gsm8k_test_001181,20,think_answer_minus_no_think_answer,-0.6400651931762695,True,False
Qwen_Qwen3-1.7B,1.7B,1.7,gsm8k_test_001181,20,thinking_minus_think_answer,-1.3497352600097638,True,False
Qwen_Qwen3-1.7B,1.7B,1.7,gsm8k_test_001181,20,thinking_minus_no_think_answer,-1.9898004531860334,True,False
Qwen_Qwen3-1.7B,1.7B,1.7,gsm8k_test_001182,6,think_answer_minus_no_think_answer,-0.6745710372924787,True,False
Qwen_Qwen3-1.7B,1.7B,1.7,gsm8k_test_001182,6,thinking_minus_think_answer,-1.8129758834838885,True,False
Qwen_Qwen3-1.7B,1.7B,1.7,gsm8k_test_001182,6,thinking_minus_no_think_answer,-2.487546920776367,True,False
Qwen_Qwen3-1.7B,1.7B,1.7,gsm8k_test_001182,13,think_answer_minus_no_think_answer,1.6240663528442383,True,False
Qwen_Qwen3-1.7B,1.7B,1.7,gsm8k_test_001182,13,thinking_minus_think_answer,-2.450298309326172,True,False
Qwen_Qwen3-1.7B,1.7B,1.7,gsm8k_test_001182,13,thinking_minus_no_think_answer,-0.8262319564819336,True,False
Qwen_Qwen3-1.7B,1.7B,1.7,gsm8k_test_001182,20,think_answer_minus_no_think_answer,1.3194103240966797,True,False
Qwen_Qwen3-1.7B,1.7B,1.7,gsm8k_test_001182,20,thinking_minus_think_answer,-2.988644599914549,True,False
Qwen_Qwen3-1.7B,1.7B,1.7,gsm8k_test_001182,20,thinking_minus_no_think_answer,-1.6692342758178693,True,False
Qwen_Qwen3-1.7B,1.7B,1.7,gsm8k_test_001183,6,think_answer_minus_no_think_answer,-8.007638931274414,False,False
Qwen_Qwen3-1.7B,1.7B,1.7,gsm8k_test_001183,6,thinking_minus_think_answer,0.9413766860961914,False,False
Qwen_Qwen3-1.7B,1.7B,1.7,gsm8k_test_001183,6,thinking_minus_no_think_answer,-7.066262245178223,False,False
Qwen_Qwen3-1.7B,1.7B,1.7,gsm8k_test_001183,13,think_answer_minus_no_think_answer,-3.1413660049438494,False,False
Qwen_Qwen3-1.7B,1.7B,1.7,gsm8k_test_001183,13,thinking_minus_think_answer,-0.839818000793457,False,False
Qwen_Qwen3-1.7B,1.7B,1.7,gsm8k_test_001183,13,thinking_minus_no_think_answer,-3.9811840057373065,False,False
Qwen_Qwen3-1.7B,1.7B,1.7,gsm8k_test_001183,20,think_answer_minus_no_think_answer,-3.277224540710449,False,False
Qwen_Qwen3-1.7B,1.7B,1.7,gsm8k_test_001183,20,thinking_minus_think_answer,-0.787513256072998,False,False
Qwen_Qwen3-1.7B,1.7B,1.7,gsm8k_test_001183,20,thinking_minus_no_think_answer,-4.064737796783447,False,False
Qwen_Qwen3-1.7B,1.7B,1.7,gsm8k_test_001188,6,think_answer_minus_no_think_answer,0.9489679336547852,False,False
Qwen_Qwen3-1.7B,1.7B,1.7,gsm8k_test_001188,6,thinking_minus_think_answer,-4.200307846069336,False,False
Qwen_Qwen3-1.7B,1.7B,1.7,gsm8k_test_001188,6,thinking_minus_no_think_answer,-3.251339912414551,False,False
Qwen_Qwen3-1.7B,1.7B,1.7,gsm8k_test_001188,13,think_answer_minus_no_think_answer,0.6209869384765625,False,False
Qwen_Qwen3-1.7B,1.7B,1.7,gsm8k_test_001188,13,thinking_minus_think_answer,-2.287263870239256,False,False
Qwen_Qwen3-1.7B,1.7B,1.7,gsm8k_test_001188,13,thinking_minus_no_think_answer,-1.6662769317626935,False,False
Qwen_Qwen3-1.7B,1.7B,1.7,gsm8k_test_001188,20,think_answer_minus_no_think_answer,0.42403507232666016,False,False
Qwen_Qwen3-1.7B,1.7B,1.7,gsm8k_test_001188,20,thinking_minus_think_answer,-2.9027938842773438,False,False
Qwen_Qwen3-1.7B,1.7B,1.7,gsm8k_test_001188,20,thinking_minus_no_think_answer,-2.4787588119506836,False,False
Qwen_Qwen3-1.7B,1.7B,1.7,gsm8k_test_001209,6,think_answer_minus_no_think_answer,2.126688003540041,True,False
Qwen_Qwen3-1.7B,1.7B,1.7,gsm8k_test_001209,6,thinking_minus_think_answer,-3.632237434387207,True,False
Qwen_Qwen3-1.7B,1.7B,1.7,gsm8k_test_001209,6,thinking_minus_no_think_answer,-1.5055494308471662,True,False
Qwen_Qwen3-1.7B,1.7B,1.7,gsm8k_test_001209,13,think_answer_minus_no_think_answer,1.4319963455200213,True,False
Qwen_Qwen3-1.7B,1.7B,1.7,gsm8k_test_001209,13,thinking_minus_think_answer,-2.014905929565428,True,False
Qwen_Qwen3-1.7B,1.7B,1.7,gsm8k_test_001209,13,thinking_minus_no_think_answer,-0.5829095840454066,True,False
Qwen_Qwen3-1.7B,1.7B,1.7,gsm8k_test_001209,20,think_answer_minus_no_think_answer,1.4339342117309588,True,False
Qwen_Qwen3-1.7B,1.7B,1.7,gsm8k_test_001209,20,thinking_minus_think_answer,-2.091189384460451,True,False
Qwen_Qwen3-1.7B,1.7B,1.7,gsm8k_test_001209,20,thinking_minus_no_think_answer,-0.6572551727294922,True,False
Qwen_Qwen3-1.7B,1.7B,1.7,gsm8k_test_001225,6,think_answer_minus_no_think_answer,3.393770217895508,True,False
Qwen_Qwen3-1.7B,1.7B,1.7,gsm8k_test_001225,6,thinking_minus_think_answer,-8.039607048034668,True,False
Qwen_Qwen3-1.7B,1.7B,1.7,gsm8k_test_001225,6,thinking_minus_no_think_answer,-4.64583683013916,True,False
Qwen_Qwen3-1.7B,1.7B,1.7,gsm8k_test_001225,13,think_answer_minus_no_think_answer,1.1727972030639648,True,False
Qwen_Qwen3-1.7B,1.7B,1.7,gsm8k_test_001225,13,thinking_minus_think_answer,-4.602770805358887,True,False
Qwen_Qwen3-1.7B,1.7B,1.7,gsm8k_test_001225,13,thinking_minus_no_think_answer,-3.429973602294922,True,False
Qwen_Qwen3-1.7B,1.7B,1.7,gsm8k_test_001225,20,think_answer_minus_no_think_answer,2.134461402893068,True,False
Qwen_Qwen3-1.7B,1.7B,1.7,gsm8k_test_001225,20,thinking_minus_think_answer,-5.033788681030273,True,False
Qwen_Qwen3-1.7B,1.7B,1.7,gsm8k_test_001225,20,thinking_minus_no_think_answer,-2.8993272781372053,True,False
Qwen_Qwen3-1.7B,1.7B,1.7,gsm8k_test_001251,6,think_answer_minus_no_think_answer,1.3983917236328107,True,False
Qwen_Qwen3-1.7B,1.7B,1.7,gsm8k_test_001251,6,thinking_minus_think_answer,-5.491820335388184,True,False
Qwen_Qwen3-1.7B,1.7B,1.7,gsm8k_test_001251,6,thinking_minus_no_think_answer,-4.093428611755373,True,False
Qwen_Qwen3-1.7B,1.7B,1.7,gsm8k_test_001251,13,think_answer_minus_no_think_answer,-0.9543619155883771,True,False
Qwen_Qwen3-1.7B,1.7B,1.7,gsm8k_test_001251,13,thinking_minus_think_answer,-1.545954704284668,True,False
Qwen_Qwen3-1.7B,1.7B,1.7,gsm8k_test_001251,13,thinking_minus_no_think_answer,-2.500316619873045,True,False
Qwen_Qwen3-1.7B,1.7B,1.7,gsm8k_test_001251,20,think_answer_minus_no_think_answer,0.3986845016479492,True,False
Qwen_Qwen3-1.7B,1.7B,1.7,gsm8k_test_001251,20,thinking_minus_think_answer,-2.3308849334716797,True,False
Qwen_Qwen3-1.7B,1.7B,1.7,gsm8k_test_001251,20,thinking_minus_no_think_answer,-1.9322004318237305,True,False
Qwen_Qwen3-1.7B,1.7B,1.7,gsm8k_test_001263,6,think_answer_minus_no_think_answer,-0.6858558654785156,True,False
Qwen_Qwen3-1.7B,1.7B,1.7,gsm8k_test_001263,6,thinking_minus_think_answer,-2.9269819259643555,True,False
Qwen_Qwen3-1.7B,1.7B,1.7,gsm8k_test_001263,6,thinking_minus_no_think_answer,-3.612837791442871,True,False
Qwen_Qwen3-1.7B,1.7B,1.7,gsm8k_test_001263,13,think_answer_minus_no_think_answer,-0.8028955459594727,True,False
Qwen_Qwen3-1.7B,1.7B,1.7,gsm8k_test_001263,13,thinking_minus_think_answer,-0.12039375305175781,True,False
Qwen_Qwen3-1.7B,1.7B,1.7,gsm8k_test_001263,13,thinking_minus_no_think_answer,-0.9232892990112305,True,False
Qwen_Qwen3-1.7B,1.7B,1.7,gsm8k_test_001263,20,think_answer_minus_no_think_answer,-1.0957431793212873,True,False
Qwen_Qwen3-1.7B,1.7B,1.7,gsm8k_test_001263,20,thinking_minus_think_answer,-1.6642036437988281,True,False
Qwen_Qwen3-1.7B,1.7B,1.7,gsm8k_test_001263,20,thinking_minus_no_think_answer,-2.7599468231201154,True,False
Qwen_Qwen3-1.7B,1.7B,1.7,gsm8k_test_001271,6,think_answer_minus_no_think_answer,1.739590644836424,True,False
Qwen_Qwen3-1.7B,1.7B,1.7,gsm8k_test_001271,6,thinking_minus_think_answer,-3.8491849899291974,True,False
Qwen_Qwen3-1.7B,1.7B,1.7,gsm8k_test_001271,6,thinking_minus_no_think_answer,-2.1095943450927734,True,False
Qwen_Qwen3-1.7B,1.7B,1.7,gsm8k_test_001271,13,think_answer_minus_no_think_answer,0.4158630371093768,True,False
Qwen_Qwen3-1.7B,1.7B,1.7,gsm8k_test_001271,13,thinking_minus_think_answer,-1.805154800415039,True,False
Qwen_Qwen3-1.7B,1.7B,1.7,gsm8k_test_001271,13,thinking_minus_no_think_answer,-1.3892917633056623,True,False
Qwen_Qwen3-1.7B,1.7B,1.7,gsm8k_test_001271,20,think_answer_minus_no_think_answer,1.348071098327635,True,False
Qwen_Qwen3-1.7B,1.7B,1.7,gsm8k_test_001271,20,thinking_minus_think_answer,-3.142796516418457,True,False
Qwen_Qwen3-1.7B,1.7B,1.7,gsm8k_test_001271,20,thinking_minus_no_think_answer,-1.794725418090822,True,False
Qwen_Qwen3-1.7B,1.7B,1.7,gsm8k_test_001307,6,think_answer_minus_no_think_answer,0.4635477066040039,True,False
Qwen_Qwen3-1.7B,1.7B,1.7,gsm8k_test_001307,6,thinking_minus_think_answer,-1.5283432006835938,True,False
Qwen_Qwen3-1.7B,1.7B,1.7,gsm8k_test_001307,6,thinking_minus_no_think_answer,-1.0647954940795898,True,False
Qwen_Qwen3-1.7B,1.7B,1.7,gsm8k_test_001307,13,think_answer_minus_no_think_answer,-0.07459449768066406,True,False
Qwen_Qwen3-1.7B,1.7B,1.7,gsm8k_test_001307,13,thinking_minus_think_answer,0.10231304168701172,True,False
Qwen_Qwen3-1.7B,1.7B,1.7,gsm8k_test_001307,13,thinking_minus_no_think_answer,0.027718544006347656,True,False
Qwen_Qwen3-1.7B,1.7B,1.7,gsm8k_test_001307,20,think_answer_minus_no_think_answer,0.8177366256713849,True,False
Qwen_Qwen3-1.7B,1.7B,1.7,gsm8k_test_001307,20,thinking_minus_think_answer,-1.431563377380371,True,False
Qwen_Qwen3-1.7B,1.7B,1.7,gsm8k_test_001307,20,thinking_minus_no_think_answer,-0.6138267517089862,True,False
Qwen_Qwen3-1.7B,1.7B,1.7,gsm8k_test_001317,6,think_answer_minus_no_think_answer,2.6691112518310565,True,False
Qwen_Qwen3-1.7B,1.7B,1.7,gsm8k_test_001317,6,thinking_minus_think_answer,-0.5558490753173846,True,False
Qwen_Qwen3-1.7B,1.7B,1.7,gsm8k_test_001317,6,thinking_minus_no_think_answer,2.113262176513672,True,False
Qwen_Qwen3-1.7B,1.7B,1.7,gsm8k_test_001317,13,think_answer_minus_no_think_answer,1.4847383499145472,True,False
Qwen_Qwen3-1.7B,1.7B,1.7,gsm8k_test_001317,13,thinking_minus_think_answer,-0.14618206024169744,True,False
Qwen_Qwen3-1.7B,1.7B,1.7,gsm8k_test_001317,13,thinking_minus_no_think_answer,1.3385562896728498,True,False
Qwen_Qwen3-1.7B,1.7B,1.7,gsm8k_test_001317,20,think_answer_minus_no_think_answer,1.8810224533081055,True,False
Qwen_Qwen3-1.7B,1.7B,1.7,gsm8k_test_001317,20,thinking_minus_think_answer,-0.4051780700683594,True,False
Qwen_Qwen3-1.7B,1.7B,1.7,gsm8k_test_001317,20,thinking_minus_no_think_answer,1.475844383239746,True,False
Qwen_Qwen3-14B,14B,14.0,gsm8k_test_000003,6,think_answer_minus_no_think_answer,1.583860397338869,True,True
Qwen_Qwen3-14B,14B,14.0,gsm8k_test_000003,6,thinking_minus_think_answer,6.628430366516113,True,True
Qwen_Qwen3-14B,14B,14.0,gsm8k_test_000003,6,thinking_minus_no_think_answer,8.212290763854982,True,True
Qwen_Qwen3-14B,14B,14.0,gsm8k_test_000003,13,think_answer_minus_no_think_answer,1.321889877319336,True,True
Qwen_Qwen3-14B,14B,14.0,gsm8k_test_000003,13,thinking_minus_think_answer,2.2718887329101562,True,True
Qwen_Qwen3-14B,14B,14.0,gsm8k_test_000003,13,thinking_minus_no_think_answer,3.593778610229492,True,True
Qwen_Qwen3-14B,14B,14.0,gsm8k_test_000003,20,think_answer_minus_no_think_answer,0.412078857421875,True,True
Qwen_Qwen3-14B,14B,14.0,gsm8k_test_000003,20,thinking_minus_think_answer,1.530599594116211,True,True
Qwen_Qwen3-14B,14B,14.0,gsm8k_test_000003,20,thinking_minus_no_think_answer,1.942678451538086,True,True
Qwen_Qwen3-14B,14B,14.0,gsm8k_test_000007,6,think_answer_minus_no_think_answer,-0.07996368408203125,True,False
Qwen_Qwen3-14B,14B,14.0,gsm8k_test_000007,6,thinking_minus_think_answer,-2.006922721862793,True,False
Qwen_Qwen3-14B,14B,14.0,gsm8k_test_000007,6,thinking_minus_no_think_answer,-2.086886405944824,True,False
Qwen_Qwen3-14B,14B,14.0,gsm8k_test_000007,13,think_answer_minus_no_think_answer,-0.7663650512695312,True,False
Qwen_Qwen3-14B,14B,14.0,gsm8k_test_000007,13,thinking_minus_think_answer,-0.8168878555297852,True,False
Qwen_Qwen3-14B,14B,14.0,gsm8k_test_000007,13,thinking_minus_no_think_answer,-1.5832529067993164,True,False
Qwen_Qwen3-14B,14B,14.0,gsm8k_test_000007,20,think_answer_minus_no_think_answer,-0.0918197631835973,True,False
Qwen_Qwen3-14B,14B,14.0,gsm8k_test_000007,20,thinking_minus_think_answer,-0.8283824920654279,True,False
Qwen_Qwen3-14B,14B,14.0,gsm8k_test_000007,20,thinking_minus_no_think_answer,-0.9202022552490252,True,False
Qwen_Qwen3-14B,14B,14.0,gsm8k_test_000009,6,think_answer_minus_no_think_answer,-0.9848613739013672,True,True
Qwen_Qwen3-14B,14B,14.0,gsm8k_test_000009,6,thinking_minus_think_answer,-1.4730157852172834,True,True
Qwen_Qwen3-14B,14B,14.0,gsm8k_test_000009,6,thinking_minus_no_think_answer,-2.4578771591186506,True,True
Qwen_Qwen3-14B,14B,14.0,gsm8k_test_000009,13,think_answer_minus_no_think_answer,0.5999679565429705,True,True
Qwen_Qwen3-14B,14B,14.0,gsm8k_test_000009,13,thinking_minus_think_answer,0.16008758544921875,True,True
Qwen_Qwen3-14B,14B,14.0,gsm8k_test_000009,13,thinking_minus_no_think_answer,0.7600555419921893,True,True
Qwen_Qwen3-14B,14B,14.0,gsm8k_test_000009,20,think_answer_minus_no_think_answer,-0.7981538772583008,True,True
Qwen_Qwen3-14B,14B,14.0,gsm8k_test_000009,20,thinking_minus_think_answer,2.319411277770996,True,True
Qwen_Qwen3-14B,14B,14.0,gsm8k_test_000009,20,thinking_minus_no_think_answer,1.5212574005126953,True,True
Qwen_Qwen3-14B,14B,14.0,gsm8k_test_000028,6,think_answer_minus_no_think_answer,2.261296272277832,True,True
Qwen_Qwen3-14B,14B,14.0,gsm8k_test_000028,6,thinking_minus_think_answer,0.35375213623046875,True,True
Qwen_Qwen3-14B,14B,14.0,gsm8k_test_000028,6,thinking_minus_no_think_answer,2.615048408508301,True,True
Qwen_Qwen3-14B,14B,14.0,gsm8k_test_000028,13,think_answer_minus_no_think_answer,2.00148868560791,True,True
Qwen_Qwen3-14B,14B,14.0,gsm8k_test_000028,13,thinking_minus_think_answer,-1.9633665084838867,True,True
Qwen_Qwen3-14B,14B,14.0,gsm8k_test_000028,13,thinking_minus_no_think_answer,0.03812217712402344,True,True
Qwen_Qwen3-14B,14B,14.0,gsm8k_test_000028,20,think_answer_minus_no_think_answer,-0.4619903564453107,True,True
Qwen_Qwen3-14B,14B,14.0,gsm8k_test_000028,20,thinking_minus_think_answer,0.7778615951538068,True,True
Qwen_Qwen3-14B,14B,14.0,gsm8k_test_000028,20,thinking_minus_no_think_answer,0.3158712387084961,True,True
Qwen_Qwen3-14B,14B,14.0,gsm8k_test_000031,6,think_answer_minus_no_think_answer,1.7100477218627947,True,False
Qwen_Qwen3-14B,14B,14.0,gsm8k_test_000031,6,thinking_minus_think_answer,1.5515508651733398,True,False
Qwen_Qwen3-14B,14B,14.0,gsm8k_test_000031,6,thinking_minus_no_think_answer,3.2615985870361346,True,False
Qwen_Qwen3-14B,14B,14.0,gsm8k_test_000031,13,think_answer_minus_no_think_answer,-0.49050235748291016,True,False
Qwen_Qwen3-14B,14B,14.0,gsm8k_test_000031,13,thinking_minus_think_answer,1.0670452117919922,True,False
Qwen_Qwen3-14B,14B,14.0,gsm8k_test_000031,13,thinking_minus_no_think_answer,0.576542854309082,True,False
Qwen_Qwen3-14B,14B,14.0,gsm8k_test_000031,20,think_answer_minus_no_think_answer,-0.4399757385253906,True,False
Qwen_Qwen3-14B,14B,14.0,gsm8k_test_000031,20,thinking_minus_think_answer,-0.10965728759765625,True,False
Qwen_Qwen3-14B,14B,14.0,gsm8k_test_000031,20,thinking_minus_no_think_answer,-0.5496330261230469,True,False
Qwen_Qwen3-14B,14B,14.0,gsm8k_test_000035,6,think_answer_minus_no_think_answer,3.098857879638672,True,True
Qwen_Qwen3-14B,14B,14.0,gsm8k_test_000035,6,thinking_minus_think_answer,1.2916412353515625,True,True
Qwen_Qwen3-14B,14B,14.0,gsm8k_test_000035,6,thinking_minus_no_think_answer,4.390499114990234,True,True
Qwen_Qwen3-14B,14B,14.0,gsm8k_test_000035,13,think_answer_minus_no_think_answer,-1.259538650512697,True,True
Qwen_Qwen3-14B,14B,14.0,gsm8k_test_000035,13,thinking_minus_think_answer,0.6210432052612305,True,True
Qwen_Qwen3-14B,14B,14.0,gsm8k_test_000035,13,thinking_minus_no_think_answer,-0.6384954452514666,True,True
Qwen_Qwen3-14B,14B,14.0,gsm8k_test_000035,20,think_answer_minus_no_think_answer,-0.9217824935913086,True,True
Qwen_Qwen3-14B,14B,14.0,gsm8k_test_000035,20,thinking_minus_think_answer,0.5548954010009766,True,True
Qwen_Qwen3-14B,14B,14.0,gsm8k_test_000035,20,thinking_minus_no_think_answer,-0.36688709259033203,True,True
Qwen_Qwen3-14B,14B,14.0,gsm8k_test_000042,6,think_answer_minus_no_think_answer,5.159432411193848,True,True
Qwen_Qwen3-14B,14B,14.0,gsm8k_test_000042,6,thinking_minus_think_answer,3.8533935546875,True,True
Qwen_Qwen3-14B,14B,14.0,gsm8k_test_000042,6,thinking_minus_no_think_answer,9.012825965881348,True,True
Qwen_Qwen3-14B,14B,14.0,gsm8k_test_000042,13,think_answer_minus_no_think_answer,1.5270757675170898,True,True
Qwen_Qwen3-14B,14B,14.0,gsm8k_test_000042,13,thinking_minus_think_answer,3.0966968536376935,True,True
Qwen_Qwen3-14B,14B,14.0,gsm8k_test_000042,13,thinking_minus_no_think_answer,4.623772621154783,True,True
Qwen_Qwen3-14B,14B,14.0,gsm8k_test_000042,20,think_answer_minus_no_think_answer,1.1862449645996094,True,True
Qwen_Qwen3-14B,14B,14.0,gsm8k_test_000042,20,thinking_minus_think_answer,0.12620830535888672,True,True
Qwen_Qwen3-14B,14B,14.0,gsm8k_test_000042,20,thinking_minus_no_think_answer,1.312453269958496,True,True
Qwen_Qwen3-14B,14B,14.0,gsm8k_test_000044,6,think_answer_minus_no_think_answer,-0.6080780029296875,True,False
Qwen_Qwen3-14B,14B,14.0,gsm8k_test_000044,6,thinking_minus_think_answer,3.3080081939697266,True,False
Qwen_Qwen3-14B,14B,14.0,gsm8k_test_000044,6,thinking_minus_no_think_answer,2.699930191040039,True,False
Qwen_Qwen3-14B,14B,14.0,gsm8k_test_000044,13,think_answer_minus_no_think_answer,0.31543827056884766,True,False
Qwen_Qwen3-14B,14B,14.0,gsm8k_test_000044,13,thinking_minus_think_answer,-1.115492820739746,True,False
Qwen_Qwen3-14B,14B,14.0,gsm8k_test_000044,13,thinking_minus_no_think_answer,-0.8000545501708984,True,False
Qwen_Qwen3-14B,14B,14.0,gsm8k_test_000044,20,think_answer_minus_no_think_answer,-2.325565338134764,True,False
Qwen_Qwen3-14B,14B,14.0,gsm8k_test_000044,20,thinking_minus_think_answer,0.11398506164550781,True,False
Qwen_Qwen3-14B,14B,14.0,gsm8k_test_000044,20,thinking_minus_no_think_answer,-2.211580276489256,True,False
Qwen_Qwen3-14B,14B,14.0,gsm8k_test_000048,6,think_answer_minus_no_think_answer,1.1088104248046893,True,True
Qwen_Qwen3-14B,14B,14.0,gsm8k_test_000048,6,thinking_minus_think_answer,8.96681213378906,True,True
Qwen_Qwen3-14B,14B,14.0,gsm8k_test_000048,6,thinking_minus_no_think_answer,10.07562255859375,True,True
Qwen_Qwen3-14B,14B,14.0,gsm8k_test_000048,13,think_answer_minus_no_think_answer,-0.32247447967529297,True,True
Qwen_Qwen3-14B,14B,14.0,gsm8k_test_000048,13,thinking_minus_think_answer,2.839040756225586,True,True
Qwen_Qwen3-14B,14B,14.0,gsm8k_test_000048,13,thinking_minus_no_think_answer,2.516566276550293,True,True
Qwen_Qwen3-14B,14B,14.0,gsm8k_test_000048,20,think_answer_minus_no_think_answer,1.0274620056152362,True,True
Qwen_Qwen3-14B,14B,14.0,gsm8k_test_000048,20,thinking_minus_think_answer,0.6071882247924805,True,True
Qwen_Qwen3-14B,14B,14.0,gsm8k_test_000048,20,thinking_minus_no_think_answer,1.6346502304077166,True,True
Qwen_Qwen3-14B,14B,14.0,gsm8k_test_000054,6,think_answer_minus_no_think_answer,1.3301830291748047,True,False
Qwen_Qwen3-14B,14B,14.0,gsm8k_test_000054,6,thinking_minus_think_answer,-0.5889739990234375,True,False
Qwen_Qwen3-14B,14B,14.0,gsm8k_test_000054,6,thinking_minus_no_think_answer,0.7412090301513672,True,False
Qwen_Qwen3-14B,14B,14.0,gsm8k_test_000054,13,think_answer_minus_no_think_answer,-0.4932975769042969,True,False
Qwen_Qwen3-14B,14B,14.0,gsm8k_test_000054,13,thinking_minus_think_answer,0.3363809585571289,True,False
Qwen_Qwen3-14B,14B,14.0,gsm8k_test_000054,13,thinking_minus_no_think_answer,-0.15691661834716797,True,False
Qwen_Qwen3-14B,14B,14.0,gsm8k_test_000054,20,think_answer_minus_no_think_answer,-0.8862371444702166,True,False
Qwen_Qwen3-14B,14B,14.0,gsm8k_test_000054,20,thinking_minus_think_answer,0.08879280090332031,True,False
Qwen_Qwen3-14B,14B,14.0,gsm8k_test_000054,20,thinking_minus_no_think_answer,-0.7974443435668963,True,False
Qwen_Qwen3-14B,14B,14.0,gsm8k_test_000067,6,think_answer_minus_no_think_answer,-0.46253681182861683,True,False
Qwen_Qwen3-14B,14B,14.0,gsm8k_test_000067,6,thinking_minus_think_answer,0.38421535491943715,True,False
Qwen_Qwen3-14B,14B,14.0,gsm8k_test_000067,6,thinking_minus_no_think_answer,-0.07832145690917969,True,False
Qwen_Qwen3-14B,14B,14.0,gsm8k_test_000067,13,think_answer_minus_no_think_answer,0.522974014282223,True,False
Qwen_Qwen3-14B,14B,14.0,gsm8k_test_000067,13,thinking_minus_think_answer,0.5520229339599627,True,False
Qwen_Qwen3-14B,14B,14.0,gsm8k_test_000067,13,thinking_minus_no_think_answer,1.0749969482421857,True,False
Qwen_Qwen3-14B,14B,14.0,gsm8k_test_000067,20,think_answer_minus_no_think_answer,0.04402542114257457,True,False
Qwen_Qwen3-14B,14B,14.0,gsm8k_test_000067,20,thinking_minus_think_answer,0.6443471908569371,True,False
Qwen_Qwen3-14B,14B,14.0,gsm8k_test_000067,20,thinking_minus_no_think_answer,0.6883726119995117,True,False
Qwen_Qwen3-14B,14B,14.0,gsm8k_test_000069,6,think_answer_minus_no_think_answer,0.6007366180419922,True,True
Qwen_Qwen3-14B,14B,14.0,gsm8k_test_000069,6,thinking_minus_think_answer,3.519826889038086,True,True
Qwen_Qwen3-14B,14B,14.0,gsm8k_test_000069,6,thinking_minus_no_think_answer,4.120563507080078,True,True
Qwen_Qwen3-14B,14B,14.0,gsm8k_test_000069,13,think_answer_minus_no_think_answer,-0.6370954513549787,True,True
Qwen_Qwen3-14B,14B,14.0,gsm8k_test_000069,13,thinking_minus_think_answer,1.2646474838256836,True,True
Qwen_Qwen3-14B,14B,14.0,gsm8k_test_000069,13,thinking_minus_no_think_answer,0.6275520324707049,True,True
Qwen_Qwen3-14B,14B,14.0,gsm8k_test_000069,20,think_answer_minus_no_think_answer,0.22145175933838068,True,True
Qwen_Qwen3-14B,14B,14.0,gsm8k_test_000069,20,thinking_minus_think_answer,0.5006313323974592,True,True
Qwen_Qwen3-14B,14B,14.0,gsm8k_test_000069,20,thinking_minus_no_think_answer,0.7220830917358398,True,True
Qwen_Qwen3-14B,14B,14.0,gsm8k_test_000070,6,think_answer_minus_no_think_answer,0.46117687225341797,True,False
Qwen_Qwen3-14B,14B,14.0,gsm8k_test_000070,6,thinking_minus_think_answer,-5.350221633911133,True,False
Qwen_Qwen3-14B,14B,14.0,gsm8k_test_000070,6,thinking_minus_no_think_answer,-4.889044761657715,True,False
Qwen_Qwen3-14B,14B,14.0,gsm8k_test_000070,13,think_answer_minus_no_think_answer,-1.2408027648925781,True,False
Qwen_Qwen3-14B,14B,14.0,gsm8k_test_000070,13,thinking_minus_think_answer,-3.3912563323974627,True,False
Qwen_Qwen3-14B,14B,14.0,gsm8k_test_000070,13,thinking_minus_no_think_answer,-4.632059097290041,True,False
Qwen_Qwen3-14B,14B,14.0,gsm8k_test_000070,20,think_answer_minus_no_think_answer,-0.2574920654296875,True,False
Qwen_Qwen3-14B,14B,14.0,gsm8k_test_000070,20,thinking_minus_think_answer,-1.9248476028442383,True,False
Qwen_Qwen3-14B,14B,14.0,gsm8k_test_000070,20,thinking_minus_no_think_answer,-2.182339668273926,True,False
Qwen_Qwen3-14B,14B,14.0,gsm8k_test_000088,6,think_answer_minus_no_think_answer,-0.827095031738283,True,True
Qwen_Qwen3-14B,14B,14.0,gsm8k_test_000088,6,thinking_minus_think_answer,4.184779167175298,True,True
Qwen_Qwen3-14B,14B,14.0,gsm8k_test_000088,6,thinking_minus_no_think_answer,3.3576841354370153,True,True
Qwen_Qwen3-14B,14B,14.0,gsm8k_test_000088,13,think_answer_minus_no_think_answer,-0.7861747741699219,True,True
Qwen_Qwen3-14B,14B,14.0,gsm8k_test_000088,13,thinking_minus_think_answer,3.2883691787719727,True,True
Qwen_Qwen3-14B,14B,14.0,gsm8k_test_000088,13,thinking_minus_no_think_answer,2.502194404602051,True,True
Qwen_Qwen3-14B,14B,14.0,gsm8k_test_000088,20,think_answer_minus_no_think_answer,-0.6035909652709979,True,True
Qwen_Qwen3-14B,14B,14.0,gsm8k_test_000088,20,thinking_minus_think_answer,2.1523036956787127,True,True
Qwen_Qwen3-14B,14B,14.0,gsm8k_test_000088,20,thinking_minus_no_think_answer,1.5487127304077148,True,True
Qwen_Qwen3-14B,14B,14.0,gsm8k_test_000091,6,think_answer_minus_no_think_answer,2.9813060760498047,True,True
Qwen_Qwen3-14B,14B,14.0,gsm8k_test_000091,6,thinking_minus_think_answer,1.3522529602050817,True,True
Qwen_Qwen3-14B,14B,14.0,gsm8k_test_000091,6,thinking_minus_no_think_answer,4.333559036254886,True,True
Qwen_Qwen3-14B,14B,14.0,gsm8k_test_000091,13,think_answer_minus_no_think_answer,1.3391819000244123,True,True
Qwen_Qwen3-14B,14B,14.0,gsm8k_test_000091,13,thinking_minus_think_answer,1.303999900817871,True,True
Qwen_Qwen3-14B,14B,14.0,gsm8k_test_000091,13,thinking_minus_no_think_answer,2.6431818008422834,True,True
Qwen_Qwen3-14B,14B,14.0,gsm8k_test_000091,20,think_answer_minus_no_think_answer,1.0097427368164062,True,True
Qwen_Qwen3-14B,14B,14.0,gsm8k_test_000091,20,thinking_minus_think_answer,1.1360015869140625,True,True
Qwen_Qwen3-14B,14B,14.0,gsm8k_test_000091,20,thinking_minus_no_think_answer,2.1457443237304688,True,True
Qwen_Qwen3-14B,14B,14.0,gsm8k_test_000096,6,think_answer_minus_no_think_answer,0.6850042343139648,True,True
Qwen_Qwen3-14B,14B,14.0,gsm8k_test_000096,6,thinking_minus_think_answer,1.5122337341308594,True,True
Qwen_Qwen3-14B,14B,14.0,gsm8k_test_000096,6,thinking_minus_no_think_answer,2.197237968444824,True,True
Qwen_Qwen3-14B,14B,14.0,gsm8k_test_000096,13,think_answer_minus_no_think_answer,0.33588314056396307,True,True
Qwen_Qwen3-14B,14B,14.0,gsm8k_test_000096,13,thinking_minus_think_answer,0.8509740829467756,True,True
Qwen_Qwen3-14B,14B,14.0,gsm8k_test_000096,13,thinking_minus_no_think_answer,1.1868572235107386,True,True
Qwen_Qwen3-14B,14B,14.0,gsm8k_test_000096,20,think_answer_minus_no_think_answer,-1.3144397735595703,True,True
Qwen_Qwen3-14B,14B,14.0,gsm8k_test_000096,20,thinking_minus_think_answer,0.41517066955566406,True,True
Qwen_Qwen3-14B,14B,14.0,gsm8k_test_000096,20,thinking_minus_no_think_answer,-0.8992691040039062,True,True
Qwen_Qwen3-14B,14B,14.0,gsm8k_test_000099,6,think_answer_minus_no_think_answer,3.1010189056396484,True,True
Qwen_Qwen3-14B,14B,14.0,gsm8k_test_000099,6,thinking_minus_think_answer,-3.215155601501465,True,True
Qwen_Qwen3-14B,14B,14.0,gsm8k_test_000099,6,thinking_minus_no_think_answer,-0.1141366958618164,True,True
Qwen_Qwen3-14B,14B,14.0,gsm8k_test_000099,13,think_answer_minus_no_think_answer,1.628162384033205,True,True
Qwen_Qwen3-14B,14B,14.0,gsm8k_test_000099,13,thinking_minus_think_answer,-0.6461391448974627,True,True
Qwen_Qwen3-14B,14B,14.0,gsm8k_test_000099,13,thinking_minus_no_think_answer,0.9820232391357422,True,True
Qwen_Qwen3-14B,14B,14.0,gsm8k_test_000099,20,think_answer_minus_no_think_answer,-1.0697326660156268,True,True
Qwen_Qwen3-14B,14B,14.0,gsm8k_test_000099,20,thinking_minus_think_answer,0.30284786224365234,True,True
Qwen_Qwen3-14B,14B,14.0,gsm8k_test_000099,20,thinking_minus_no_think_answer,-0.7668848037719744,True,True
Qwen_Qwen3-14B,14B,14.0,gsm8k_test_000103,6,think_answer_minus_no_think_answer,-1.0422859191894531,True,True
Qwen_Qwen3-14B,14B,14.0,gsm8k_test_000103,6,thinking_minus_think_answer,3.0446548461914062,True,True
Qwen_Qwen3-14B,14B,14.0,gsm8k_test_000103,6,thinking_minus_no_think_answer,2.002368927001953,True,True
Qwen_Qwen3-14B,14B,14.0,gsm8k_test_000103,13,think_answer_minus_no_think_answer,2.2046098709106445,True,True
Qwen_Qwen3-14B,14B,14.0,gsm8k_test_000103,13,thinking_minus_think_answer,-1.3284320831298846,True,True
Qwen_Qwen3-14B,14B,14.0,gsm8k_test_000103,13,thinking_minus_no_think_answer,0.8761777877807599,True,True
Qwen_Qwen3-14B,14B,14.0,gsm8k_test_000103,20,think_answer_minus_no_think_answer,-0.27954959869384766,True,True
Qwen_Qwen3-14B,14B,14.0,gsm8k_test_000103,20,thinking_minus_think_answer,1.1275272369384748,True,True
Qwen_Qwen3-14B,14B,14.0,gsm8k_test_000103,20,thinking_minus_no_think_answer,0.8479776382446271,True,True
Qwen_Qwen3-14B,14B,14.0,gsm8k_test_000109,6,think_answer_minus_no_think_answer,0.6739768981933594,True,True
Qwen_Qwen3-14B,14B,14.0,gsm8k_test_000109,6,thinking_minus_think_answer,-1.7818470001220703,True,True
Qwen_Qwen3-14B,14B,14.0,gsm8k_test_000109,6,thinking_minus_no_think_answer,-1.107870101928711,True,True
Qwen_Qwen3-14B,14B,14.0,gsm8k_test_000109,13,think_answer_minus_no_think_answer,-0.20584869384765447,True,True
Qwen_Qwen3-14B,14B,14.0,gsm8k_test_000109,13,thinking_minus_think_answer,-0.5262002944946307,True,True
Qwen_Qwen3-14B,14B,14.0,gsm8k_test_000109,13,thinking_minus_no_think_answer,-0.7320489883422852,True,True
Qwen_Qwen3-14B,14B,14.0,gsm8k_test_000109,20,think_answer_minus_no_think_answer,0.4542427062988281,True,True
Qwen_Qwen3-14B,14B,14.0,gsm8k_test_000109,20,thinking_minus_think_answer,-0.8997068405151385,True,True
Qwen_Qwen3-14B,14B,14.0,gsm8k_test_000109,20,thinking_minus_no_think_answer,-0.44546413421631037,True,True
Qwen_Qwen3-14B,14B,14.0,gsm8k_test_000112,6,think_answer_minus_no_think_answer,0.24852657318115057,True,True
Qwen_Qwen3-14B,14B,14.0,gsm8k_test_000112,6,thinking_minus_think_answer,3.611396789550783,True,True
Qwen_Qwen3-14B,14B,14.0,gsm8k_test_000112,6,thinking_minus_no_think_answer,3.8599233627319336,True,True
Qwen_Qwen3-14B,14B,14.0,gsm8k_test_000112,13,think_answer_minus_no_think_answer,-0.02126312255859375,True,True
Qwen_Qwen3-14B,14B,14.0,gsm8k_test_000112,13,thinking_minus_think_answer,1.9002447128295898,True,True
Qwen_Qwen3-14B,14B,14.0,gsm8k_test_000112,13,thinking_minus_no_think_answer,1.878981590270996,True,True
Qwen_Qwen3-14B,14B,14.0,gsm8k_test_000112,20,think_answer_minus_no_think_answer,0.10901451110839844,True,True
Qwen_Qwen3-14B,14B,14.0,gsm8k_test_000112,20,thinking_minus_think_answer,1.1758098602294922,True,True
Qwen_Qwen3-14B,14B,14.0,gsm8k_test_000112,20,thinking_minus_no_think_answer,1.2848243713378906,True,True
Qwen_Qwen3-14B,14B,14.0,gsm8k_test_000118,6,think_answer_minus_no_think_answer,-0.08784961700439453,True,True
Qwen_Qwen3-14B,14B,14.0,gsm8k_test_000118,6,thinking_minus_think_answer,3.3769588470458984,True,True
Qwen_Qwen3-14B,14B,14.0,gsm8k_test_000118,6,thinking_minus_no_think_answer,3.289109230041504,True,True
Qwen_Qwen3-14B,14B,14.0,gsm8k_test_000118,13,think_answer_minus_no_think_answer,0.48801136016845703,True,True
Qwen_Qwen3-14B,14B,14.0,gsm8k_test_000118,13,thinking_minus_think_answer,-0.36956214904785156,True,True
Qwen_Qwen3-14B,14B,14.0,gsm8k_test_000118,13,thinking_minus_no_think_answer,0.11844921112060547,True,True
Qwen_Qwen3-14B,14B,14.0,gsm8k_test_000118,20,think_answer_minus_no_think_answer,0.4135246276855451,True,True
Qwen_Qwen3-14B,14B,14.0,gsm8k_test_000118,20,thinking_minus_think_answer,-0.7314481735229492,True,True
Qwen_Qwen3-14B,14B,14.0,gsm8k_test_000118,20,thinking_minus_no_think_answer,-0.3179235458374041,True,True
Qwen_Qwen3-14B,14B,14.0,gsm8k_test_000133,6,think_answer_minus_no_think_answer,1.0615701675415021,True,False
Qwen_Qwen3-14B,14B,14.0,gsm8k_test_000133,6,thinking_minus_think_answer,6.199347496032715,True,False
Qwen_Qwen3-14B,14B,14.0,gsm8k_test_000133,6,thinking_minus_no_think_answer,7.260917663574217,True,False
Qwen_Qwen3-14B,14B,14.0,gsm8k_test_000133,13,think_answer_minus_no_think_answer,1.6735591888427734,True,False
Qwen_Qwen3-14B,14B,14.0,gsm8k_test_000133,13,thinking_minus_think_answer,0.13706588745117188,True,False
Qwen_Qwen3-14B,14B,14.0,gsm8k_test_000133,13,thinking_minus_no_think_answer,1.8106250762939453,True,False
Qwen_Qwen3-14B,14B,14.0,gsm8k_test_000133,20,think_answer_minus_no_think_answer,-1.2203245162963867,True,False
Qwen_Qwen3-14B,14B,14.0,gsm8k_test_000133,20,thinking_minus_think_answer,2.738372802734375,True,False
Qwen_Qwen3-14B,14B,14.0,gsm8k_test_000133,20,thinking_minus_no_think_answer,1.5180482864379883,True,False
Qwen_Qwen3-14B,14B,14.0,gsm8k_test_000135,6,think_answer_minus_no_think_answer,-0.2599525451660156,True,True
Qwen_Qwen3-14B,14B,14.0,gsm8k_test_000135,6,thinking_minus_think_answer,-0.022748947143554688,True,True
Qwen_Qwen3-14B,14B,14.0,gsm8k_test_000135,6,thinking_minus_no_think_answer,-0.2827014923095703,True,True
Qwen_Qwen3-14B,14B,14.0,gsm8k_test_000135,13,think_answer_minus_no_think_answer,-1.0090303421020508,True,True
Qwen_Qwen3-14B,14B,14.0,gsm8k_test_000135,13,thinking_minus_think_answer,2.4903078079223615,True,True
Qwen_Qwen3-14B,14B,14.0,gsm8k_test_000135,13,thinking_minus_no_think_answer,1.4812774658203107,True,True
Qwen_Qwen3-14B,14B,14.0,gsm8k_test_000135,20,think_answer_minus_no_think_answer,-0.3111705780029279,True,True
Qwen_Qwen3-14B,14B,14.0,gsm8k_test_000135,20,thinking_minus_think_answer,1.5183591842651367,True,True
Qwen_Qwen3-14B,14B,14.0,gsm8k_test_000135,20,thinking_minus_no_think_answer,1.2071886062622088,True,True
Qwen_Qwen3-14B,14B,14.0,gsm8k_test_000150,6,think_answer_minus_no_think_answer,-1.2812271118164045,True,False
Qwen_Qwen3-14B,14B,14.0,gsm8k_test_000150,6,thinking_minus_think_answer,2.2023906707763654,True,False
Qwen_Qwen3-14B,14B,14.0,gsm8k_test_000150,6,thinking_minus_no_think_answer,0.9211635589599609,True,False
Qwen_Qwen3-14B,14B,14.0,gsm8k_test_000150,13,think_answer_minus_no_think_answer,-0.3974571228027344,True,False
Qwen_Qwen3-14B,14B,14.0,gsm8k_test_000150,13,thinking_minus_think_answer,1.230891227722168,True,False
Qwen_Qwen3-14B,14B,14.0,gsm8k_test_000150,13,thinking_minus_no_think_answer,0.8334341049194336,True,False
Qwen_Qwen3-14B,14B,14.0,gsm8k_test_000150,20,think_answer_minus_no_think_answer,-0.8232364654541051,True,False
Qwen_Qwen3-14B,14B,14.0,gsm8k_test_000150,20,thinking_minus_think_answer,1.1689710617065447,True,False
Qwen_Qwen3-14B,14B,14.0,gsm8k_test_000150,20,thinking_minus_no_think_answer,0.34573459625243963,True,False
Qwen_Qwen3-14B,14B,14.0,gsm8k_test_000156,6,think_answer_minus_no_think_answer,0.230865478515625,True,True
Qwen_Qwen3-14B,14B,14.0,gsm8k_test_000156,6,thinking_minus_think_answer,6.638011932373047,True,True
Qwen_Qwen3-14B,14B,14.0,gsm8k_test_000156,6,thinking_minus_no_think_answer,6.868877410888672,True,True
Qwen_Qwen3-14B,14B,14.0,gsm8k_test_000156,13,think_answer_minus_no_think_answer,1.0241956710815447,True,True
Qwen_Qwen3-14B,14B,14.0,gsm8k_test_000156,13,thinking_minus_think_answer,1.5665988922119105,True,True
Qwen_Qwen3-14B,14B,14.0,gsm8k_test_000156,13,thinking_minus_no_think_answer,2.5907945632934553,True,True
Qwen_Qwen3-14B,14B,14.0,gsm8k_test_000156,20,think_answer_minus_no_think_answer,0.5113630294799805,True,True
Qwen_Qwen3-14B,14B,14.0,gsm8k_test_000156,20,thinking_minus_think_answer,0.843754768371582,True,True
Qwen_Qwen3-14B,14B,14.0,gsm8k_test_000156,20,thinking_minus_no_think_answer,1.3551177978515625,True,True
Qwen_Qwen3-14B,14B,14.0,gsm8k_test_000162,6,think_answer_minus_no_think_answer,-1.3373012542724627,True,False
Qwen_Qwen3-14B,14B,14.0,gsm8k_test_000162,6,thinking_minus_think_answer,-0.3868942260742152,True,False
Qwen_Qwen3-14B,14B,14.0,gsm8k_test_000162,6,thinking_minus_no_think_answer,-1.724195480346678,True,False
Qwen_Qwen3-14B,14B,14.0,gsm8k_test_000162,13,think_answer_minus_no_think_answer,0.31325244903564453,True,False
Qwen_Qwen3-14B,14B,14.0,gsm8k_test_000162,13,thinking_minus_think_answer,-3.5191583633422834,True,False
Qwen_Qwen3-14B,14B,14.0,gsm8k_test_000162,13,thinking_minus_no_think_answer,-3.205905914306639,True,False
Qwen_Qwen3-14B,14B,14.0,gsm8k_test_000162,20,think_answer_minus_no_think_answer,-0.12810325622558416,True,False
Qwen_Qwen3-14B,14B,14.0,gsm8k_test_000162,20,thinking_minus_think_answer,-0.8975439071655291,True,False
Qwen_Qwen3-14B,14B,14.0,gsm8k_test_000162,20,thinking_minus_no_think_answer,-1.0256471633911133,True,False
Qwen_Qwen3-14B,14B,14.0,gsm8k_test_000172,6,think_answer_minus_no_think_answer,-1.688953399658205,True,False
Qwen_Qwen3-14B,14B,14.0,gsm8k_test_000172,6,thinking_minus_think_answer,-1.6225500106811506,True,False
Qwen_Qwen3-14B,14B,14.0,gsm8k_test_000172,6,thinking_minus_no_think_answer,-3.3115034103393555,True,False
Qwen_Qwen3-14B,14B,14.0,gsm8k_test_000172,13,think_answer_minus_no_think_answer,-0.8476638793945312,True,False
Qwen_Qwen3-14B,14B,14.0,gsm8k_test_000172,13,thinking_minus_think_answer,0.30501461029052734,True,False
Qwen_Qwen3-14B,14B,14.0,gsm8k_test_000172,13,thinking_minus_no_think_answer,-0.5426492691040039,True,False
Qwen_Qwen3-14B,14B,14.0,gsm8k_test_000172,20,think_answer_minus_no_think_answer,-2.013960838317871,True,False
Qwen_Qwen3-14B,14B,14.0,gsm8k_test_000172,20,thinking_minus_think_answer,1.7691221237182617,True,False
Qwen_Qwen3-14B,14B,14.0,gsm8k_test_000172,20,thinking_minus_no_think_answer,-0.24483871459960938,True,False
Qwen_Qwen3-14B,14B,14.0,gsm8k_test_000176,6,think_answer_minus_no_think_answer,1.3024301528930664,True,True
Qwen_Qwen3-14B,14B,14.0,gsm8k_test_000176,6,thinking_minus_think_answer,2.8520584106445312,True,True
Qwen_Qwen3-14B,14B,14.0,gsm8k_test_000176,6,thinking_minus_no_think_answer,4.154488563537598,True,True
Qwen_Qwen3-14B,14B,14.0,gsm8k_test_000176,13,think_answer_minus_no_think_answer,1.9106283187866193,True,True
Qwen_Qwen3-14B,14B,14.0,gsm8k_test_000176,13,thinking_minus_think_answer,0.29385185241699396,True,True
Qwen_Qwen3-14B,14B,14.0,gsm8k_test_000176,13,thinking_minus_no_think_answer,2.2044801712036133,True,True
Qwen_Qwen3-14B,14B,14.0,gsm8k_test_000176,20,think_answer_minus_no_think_answer,0.08925533294677912,True,True
Qwen_Qwen3-14B,14B,14.0,gsm8k_test_000176,20,thinking_minus_think_answer,1.8104286193847656,True,True
Qwen_Qwen3-14B,14B,14.0,gsm8k_test_000176,20,thinking_minus_no_think_answer,1.8996839523315447,True,True
Qwen_Qwen3-14B,14B,14.0,gsm8k_test_000182,6,think_answer_minus_no_think_answer,5.555230140686035,True,False
Qwen_Qwen3-14B,14B,14.0,gsm8k_test_000182,6,thinking_minus_think_answer,-4.473597526550293,True,False
Qwen_Qwen3-14B,14B,14.0,gsm8k_test_000182,6,thinking_minus_no_think_answer,1.0816326141357422,True,False
Qwen_Qwen3-14B,14B,14.0,gsm8k_test_000182,13,think_answer_minus_no_think_answer,2.282773017883301,True,False
Qwen_Qwen3-14B,14B,14.0,gsm8k_test_000182,13,thinking_minus_think_answer,-0.4742259979248047,True,False
Qwen_Qwen3-14B,14B,14.0,gsm8k_test_000182,13,thinking_minus_no_think_answer,1.808547019958496,True,False
Qwen_Qwen3-14B,14B,14.0,gsm8k_test_000182,20,think_answer_minus_no_think_answer,0.9588899612426758,True,False
Qwen_Qwen3-14B,14B,14.0,gsm8k_test_000182,20,thinking_minus_think_answer,-1.3808231353759748,True,False
Qwen_Qwen3-14B,14B,14.0,gsm8k_test_000182,20,thinking_minus_no_think_answer,-0.421933174133299,True,False
Qwen_Qwen3-14B,14B,14.0,gsm8k_test_000188,6,think_answer_minus_no_think_answer,-3.8245162963867188,True,True
Qwen_Qwen3-14B,14B,14.0,gsm8k_test_000188,6,thinking_minus_think_answer,-0.009432792663574219,True,True
Qwen_Qwen3-14B,14B,14.0,gsm8k_test_000188,6,thinking_minus_no_think_answer,-3.833949089050293,True,True
Qwen_Qwen3-14B,14B,14.0,gsm8k_test_000188,13,think_answer_minus_no_think_answer,0.26090049743652344,True,True
Qwen_Qwen3-14B,14B,14.0,gsm8k_test_000188,13,thinking_minus_think_answer,-1.6583070755004865,True,True
Qwen_Qwen3-14B,14B,14.0,gsm8k_test_000188,13,thinking_minus_no_think_answer,-1.397406578063963,True,True
Qwen_Qwen3-14B,14B,14.0,gsm8k_test_000188,20,think_answer_minus_no_think_answer,-1.250842094421385,True,True
Qwen_Qwen3-14B,14B,14.0,gsm8k_test_000188,20,thinking_minus_think_answer,-0.13739776611328303,True,True
Qwen_Qwen3-14B,14B,14.0,gsm8k_test_000188,20,thinking_minus_no_think_answer,-1.388239860534668,True,True
Qwen_Qwen3-14B,14B,14.0,gsm8k_test_000192,6,think_answer_minus_no_think_answer,2.828216552734375,True,False
Qwen_Qwen3-14B,14B,14.0,gsm8k_test_000192,6,thinking_minus_think_answer,6.433490753173828,True,False
Qwen_Qwen3-14B,14B,14.0,gsm8k_test_000192,6,thinking_minus_no_think_answer,9.261707305908203,True,False
Qwen_Qwen3-14B,14B,14.0,gsm8k_test_000192,13,think_answer_minus_no_think_answer,-1.5863866806030273,True,False
Qwen_Qwen3-14B,14B,14.0,gsm8k_test_000192,13,thinking_minus_think_answer,2.1488990783691406,True,False
Qwen_Qwen3-14B,14B,14.0,gsm8k_test_000192,13,thinking_minus_no_think_answer,0.5625123977661133,True,False
Qwen_Qwen3-14B,14B,14.0,gsm8k_test_000192,20,think_answer_minus_no_think_answer,-1.3462686538696271,True,False
Qwen_Qwen3-14B,14B,14.0,gsm8k_test_000192,20,thinking_minus_think_answer,2.028275489807127,True,False
Qwen_Qwen3-14B,14B,14.0,gsm8k_test_000192,20,thinking_minus_no_think_answer,0.6820068359375,True,False
Qwen_Qwen3-14B,14B,14.0,gsm8k_test_000199,6,think_answer_minus_no_think_answer,2.7718029022216797,True,True
Qwen_Qwen3-14B,14B,14.0,gsm8k_test_000199,6,thinking_minus_think_answer,2.3338060379028356,True,True
Qwen_Qwen3-14B,14B,14.0,gsm8k_test_000199,6,thinking_minus_no_think_answer,5.105608940124515,True,True
Qwen_Qwen3-14B,14B,14.0,gsm8k_test_000199,13,think_answer_minus_no_think_answer,0.2639360427856463,True,True
Qwen_Qwen3-14B,14B,14.0,gsm8k_test_000199,13,thinking_minus_think_answer,0.598114013671875,True,True
Qwen_Qwen3-14B,14B,14.0,gsm8k_test_000199,13,thinking_minus_no_think_answer,0.8620500564575213,True,True
Qwen_Qwen3-14B,14B,14.0,gsm8k_test_000199,20,think_answer_minus_no_think_answer,-0.8145513534545898,True,True
Qwen_Qwen3-14B,14B,14.0,gsm8k_test_000199,20,thinking_minus_think_answer,1.9126501083374041,True,True
Qwen_Qwen3-14B,14B,14.0,gsm8k_test_000199,20,thinking_minus_no_think_answer,1.0980987548828143,True,True
Qwen_Qwen3-14B,14B,14.0,gsm8k_test_000208,6,think_answer_minus_no_think_answer,-0.9072980880737305,True,True
Qwen_Qwen3-14B,14B,14.0,gsm8k_test_000208,6,thinking_minus_think_answer,4.984007835388184,True,True
Qwen_Qwen3-14B,14B,14.0,gsm8k_test_000208,6,thinking_minus_no_think_answer,4.076709747314453,True,True
Qwen_Qwen3-14B,14B,14.0,gsm8k_test_000208,13,think_answer_minus_no_think_answer,-0.0671548843383789,True,True
Qwen_Qwen3-14B,14B,14.0,gsm8k_test_000208,13,thinking_minus_think_answer,2.4130735397338867,True,True
Qwen_Qwen3-14B,14B,14.0,gsm8k_test_000208,13,thinking_minus_no_think_answer,2.345918655395508,True,True
Qwen_Qwen3-14B,14B,14.0,gsm8k_test_000208,20,think_answer_minus_no_think_answer,0.3828411102294904,True,True
Qwen_Qwen3-14B,14B,14.0,gsm8k_test_000208,20,thinking_minus_think_answer,1.7173776626586932,True,True
Qwen_Qwen3-14B,14B,14.0,gsm8k_test_000208,20,thinking_minus_no_think_answer,2.1002187728881836,True,True
Qwen_Qwen3-14B,14B,14.0,gsm8k_test_000217,6,think_answer_minus_no_think_answer,0.3542957305908203,True,True
Qwen_Qwen3-14B,14B,14.0,gsm8k_test_000217,6,thinking_minus_think_answer,-0.3810234069824219,True,True
Qwen_Qwen3-14B,14B,14.0,gsm8k_test_000217,6,thinking_minus_no_think_answer,-0.026727676391601562,True,True
Qwen_Qwen3-14B,14B,14.0,gsm8k_test_000217,13,think_answer_minus_no_think_answer,0.0687141418457049,True,True
Qwen_Qwen3-14B,14B,14.0,gsm8k_test_000217,13,thinking_minus_think_answer,1.8485708236694318,True,True
Qwen_Qwen3-14B,14B,14.0,gsm8k_test_000217,13,thinking_minus_no_think_answer,1.9172849655151367,True,True
Qwen_Qwen3-14B,14B,14.0,gsm8k_test_000217,20,think_answer_minus_no_think_answer,0.11948776245117188,True,True
Qwen_Qwen3-14B,14B,14.0,gsm8k_test_000217,20,thinking_minus_think_answer,0.6794376373291033,True,True
Qwen_Qwen3-14B,14B,14.0,gsm8k_test_000217,20,thinking_minus_no_think_answer,0.7989253997802752,True,True
Qwen_Qwen3-14B,14B,14.0,gsm8k_test_000227,6,think_answer_minus_no_think_answer,1.986093521118164,True,False
Qwen_Qwen3-14B,14B,14.0,gsm8k_test_000227,6,thinking_minus_think_answer,-2.318838119506836,True,False
Qwen_Qwen3-14B,14B,14.0,gsm8k_test_000227,6,thinking_minus_no_think_answer,-0.3327445983886719,True,False
Qwen_Qwen3-14B,14B,14.0,gsm8k_test_000227,13,think_answer_minus_no_think_answer,0.7701768875122053,True,False
Qwen_Qwen3-14B,14B,14.0,gsm8k_test_000227,13,thinking_minus_think_answer,-0.5065536499023438,True,False
Qwen_Qwen3-14B,14B,14.0,gsm8k_test_000227,13,thinking_minus_no_think_answer,0.2636232376098615,True,False
Qwen_Qwen3-14B,14B,14.0,gsm8k_test_000227,20,think_answer_minus_no_think_answer,1.3243007659912127,True,False
Qwen_Qwen3-14B,14B,14.0,gsm8k_test_000227,20,thinking_minus_think_answer,-0.36833000183105646,True,False
Qwen_Qwen3-14B,14B,14.0,gsm8k_test_000227,20,thinking_minus_no_think_answer,0.9559707641601562,True,False
Qwen_Qwen3-14B,14B,14.0,gsm8k_test_000243,6,think_answer_minus_no_think_answer,5.406162261962891,True,True
Qwen_Qwen3-14B,14B,14.0,gsm8k_test_000243,6,thinking_minus_think_answer,0.23859405517578125,True,True
Qwen_Qwen3-14B,14B,14.0,gsm8k_test_000243,6,thinking_minus_no_think_answer,5.644756317138672,True,True
Qwen_Qwen3-14B,14B,14.0,gsm8k_test_000243,13,think_answer_minus_no_think_answer,2.604884147644041,True,True
Qwen_Qwen3-14B,14B,14.0,gsm8k_test_000243,13,thinking_minus_think_answer,-0.9761800765991193,True,True
Qwen_Qwen3-14B,14B,14.0,gsm8k_test_000243,13,thinking_minus_no_think_answer,1.6287040710449219,True,True
Qwen_Qwen3-14B,14B,14.0,gsm8k_test_000243,20,think_answer_minus_no_think_answer,1.4196386337280291,True,True
Qwen_Qwen3-14B,14B,14.0,gsm8k_test_000243,20,thinking_minus_think_answer,-0.7218303680419922,True,True
Qwen_Qwen3-14B,14B,14.0,gsm8k_test_000243,20,thinking_minus_no_think_answer,0.6978082656860369,True,True
Qwen_Qwen3-14B,14B,14.0,gsm8k_test_000247,6,think_answer_minus_no_think_answer,-2.6281204223632812,True,False
Qwen_Qwen3-14B,14B,14.0,gsm8k_test_000247,6,thinking_minus_think_answer,6.487667083740231,True,False
Qwen_Qwen3-14B,14B,14.0,gsm8k_test_000247,6,thinking_minus_no_think_answer,3.8595466613769496,True,False
Qwen_Qwen3-14B,14B,14.0,gsm8k_test_000247,13,think_answer_minus_no_think_answer,-1.1191835403442383,True,False
Qwen_Qwen3-14B,14B,14.0,gsm8k_test_000247,13,thinking_minus_think_answer,3.3059234619140625,True,False
Qwen_Qwen3-14B,14B,14.0,gsm8k_test_000247,13,thinking_minus_no_think_answer,2.186739921569824,True,False
Qwen_Qwen3-14B,14B,14.0,gsm8k_test_000247,20,think_answer_minus_no_think_answer,-0.7412214279174805,True,False
Qwen_Qwen3-14B,14B,14.0,gsm8k_test_000247,20,thinking_minus_think_answer,1.4686393737792987,True,False
Qwen_Qwen3-14B,14B,14.0,gsm8k_test_000247,20,thinking_minus_no_think_answer,0.7274179458618182,True,False
Qwen_Qwen3-14B,14B,14.0,gsm8k_test_000252,6,think_answer_minus_no_think_answer,-0.35149955749512074,True,False
Qwen_Qwen3-14B,14B,14.0,gsm8k_test_000252,6,thinking_minus_think_answer,-4.6528415679931605,True,False
Qwen_Qwen3-14B,14B,14.0,gsm8k_test_000252,6,thinking_minus_no_think_answer,-5.004341125488281,True,False
Qwen_Qwen3-14B,14B,14.0,gsm8k_test_000252,13,think_answer_minus_no_think_answer,2.2309885025024414,True,False
Qwen_Qwen3-14B,14B,14.0,gsm8k_test_000252,13,thinking_minus_think_answer,-3.1964426040649414,True,False
Qwen_Qwen3-14B,14B,14.0,gsm8k_test_000252,13,thinking_minus_no_think_answer,-0.9654541015625,True,False
Qwen_Qwen3-14B,14B,14.0,gsm8k_test_000252,20,think_answer_minus_no_think_answer,-0.7022171020507812,True,False
Qwen_Qwen3-14B,14B,14.0,gsm8k_test_000252,20,thinking_minus_think_answer,-0.062397003173828125,True,False
Qwen_Qwen3-14B,14B,14.0,gsm8k_test_000252,20,thinking_minus_no_think_answer,-0.7646141052246094,True,False
Qwen_Qwen3-14B,14B,14.0,gsm8k_test_000254,6,think_answer_minus_no_think_answer,6.217681884765625,True,True
Qwen_Qwen3-14B,14B,14.0,gsm8k_test_000254,6,thinking_minus_think_answer,-1.433292388916012,True,True
Qwen_Qwen3-14B,14B,14.0,gsm8k_test_000254,6,thinking_minus_no_think_answer,4.784389495849613,True,True
Qwen_Qwen3-14B,14B,14.0,gsm8k_test_000254,13,think_answer_minus_no_think_answer,1.9326648712158203,True,True
Qwen_Qwen3-14B,14B,14.0,gsm8k_test_000254,13,thinking_minus_think_answer,0.34734535217285156,True,True
Qwen_Qwen3-14B,14B,14.0,gsm8k_test_000254,13,thinking_minus_no_think_answer,2.280010223388672,True,True
Qwen_Qwen3-14B,14B,14.0,gsm8k_test_000254,20,think_answer_minus_no_think_answer,0.3416242599487269,True,True
Qwen_Qwen3-14B,14B,14.0,gsm8k_test_000254,20,thinking_minus_think_answer,0.20538902282714844,True,True
Qwen_Qwen3-14B,14B,14.0,gsm8k_test_000254,20,thinking_minus_no_think_answer,0.5470132827758754,True,True
Qwen_Qwen3-14B,14B,14.0,gsm8k_test_000257,6,think_answer_minus_no_think_answer,2.037273406982422,True,True
Qwen_Qwen3-14B,14B,14.0,gsm8k_test_000257,6,thinking_minus_think_answer,-0.9575481414794922,True,True
Qwen_Qwen3-14B,14B,14.0,gsm8k_test_000257,6,thinking_minus_no_think_answer,1.0797252655029297,True,True
Qwen_Qwen3-14B,14B,14.0,gsm8k_test_000257,13,think_answer_minus_no_think_answer,1.5801992416381836,True,True
Qwen_Qwen3-14B,14B,14.0,gsm8k_test_000257,13,thinking_minus_think_answer,0.11669731140136719,True,True
Qwen_Qwen3-14B,14B,14.0,gsm8k_test_000257,13,thinking_minus_no_think_answer,1.6968965530395508,True,True
Qwen_Qwen3-14B,14B,14.0,gsm8k_test_000257,20,think_answer_minus_no_think_answer,1.916494369506836,True,True
Qwen_Qwen3-14B,14B,14.0,gsm8k_test_000257,20,thinking_minus_think_answer,-0.5858373641967756,True,True
Qwen_Qwen3-14B,14B,14.0,gsm8k_test_000257,20,thinking_minus_no_think_answer,1.3306570053100604,True,True
Qwen_Qwen3-14B,14B,14.0,gsm8k_test_000273,6,think_answer_minus_no_think_answer,0.6409502029418945,True,True
Qwen_Qwen3-14B,14B,14.0,gsm8k_test_000273,6,thinking_minus_think_answer,1.378549575805664,True,True
Qwen_Qwen3-14B,14B,14.0,gsm8k_test_000273,6,thinking_minus_no_think_answer,2.0194997787475586,True,True
Qwen_Qwen3-14B,14B,14.0,gsm8k_test_000273,13,think_answer_minus_no_think_answer,0.533096313476559,True,True
Qwen_Qwen3-14B,14B,14.0,gsm8k_test_000273,13,thinking_minus_think_answer,0.0918722152709961,True,True
Qwen_Qwen3-14B,14B,14.0,gsm8k_test_000273,13,thinking_minus_no_think_answer,0.624968528747555,True,True
Qwen_Qwen3-14B,14B,14.0,gsm8k_test_000273,20,think_answer_minus_no_think_answer,0.17824363708496094,True,True
Qwen_Qwen3-14B,14B,14.0,gsm8k_test_000273,20,thinking_minus_think_answer,0.5193214416503906,True,True
Qwen_Qwen3-14B,14B,14.0,gsm8k_test_000273,20,thinking_minus_no_think_answer,0.6975650787353516,True,True
Qwen_Qwen3-14B,14B,14.0,gsm8k_test_000274,6,think_answer_minus_no_think_answer,1.1793632507324219,True,True
Qwen_Qwen3-14B,14B,14.0,gsm8k_test_000274,6,thinking_minus_think_answer,-1.1711082458496094,True,True
Qwen_Qwen3-14B,14B,14.0,gsm8k_test_000274,6,thinking_minus_no_think_answer,0.0082550048828125,True,True
Qwen_Qwen3-14B,14B,14.0,gsm8k_test_000274,13,think_answer_minus_no_think_answer,2.543497085571289,True,True
Qwen_Qwen3-14B,14B,14.0,gsm8k_test_000274,13,thinking_minus_think_answer,-1.379246711730957,True,True
Qwen_Qwen3-14B,14B,14.0,gsm8k_test_000274,13,thinking_minus_no_think_answer,1.164250373840332,True,True
Qwen_Qwen3-14B,14B,14.0,gsm8k_test_000274,20,think_answer_minus_no_think_answer,0.6967153549194318,True,True
Qwen_Qwen3-14B,14B,14.0,gsm8k_test_000274,20,thinking_minus_think_answer,1.7318820953369176,True,True
Qwen_Qwen3-14B,14B,14.0,gsm8k_test_000274,20,thinking_minus_no_think_answer,2.4285974502563494,True,True
Qwen_Qwen3-14B,14B,14.0,gsm8k_test_000276,6,think_answer_minus_no_think_answer,1.8102731704711914,True,False
Qwen_Qwen3-14B,14B,14.0,gsm8k_test_000276,6,thinking_minus_think_answer,2.9756917953491193,True,False
Qwen_Qwen3-14B,14B,14.0,gsm8k_test_000276,6,thinking_minus_no_think_answer,4.785964965820311,True,False
Qwen_Qwen3-14B,14B,14.0,gsm8k_test_000276,13,think_answer_minus_no_think_answer,1.0302429199218768,True,False
Qwen_Qwen3-14B,14B,14.0,gsm8k_test_000276,13,thinking_minus_think_answer,0.45086002349853516,True,False
Qwen_Qwen3-14B,14B,14.0,gsm8k_test_000276,13,thinking_minus_no_think_answer,1.481102943420412,True,False
Qwen_Qwen3-14B,14B,14.0,gsm8k_test_000276,20,think_answer_minus_no_think_answer,0.1541957855224627,True,False
Qwen_Qwen3-14B,14B,14.0,gsm8k_test_000276,20,thinking_minus_think_answer,0.4628610610961914,True,False
Qwen_Qwen3-14B,14B,14.0,gsm8k_test_000276,20,thinking_minus_no_think_answer,0.6170568466186541,True,False
Qwen_Qwen3-14B,14B,14.0,gsm8k_test_000282,6,think_answer_minus_no_think_answer,-0.18837547302246094,True,False
Qwen_Qwen3-14B,14B,14.0,gsm8k_test_000282,6,thinking_minus_think_answer,2.6641101837158203,True,False
Qwen_Qwen3-14B,14B,14.0,gsm8k_test_000282,6,thinking_minus_no_think_answer,2.4757347106933594,True,False
Qwen_Qwen3-14B,14B,14.0,gsm8k_test_000282,13,think_answer_minus_no_think_answer,1.1953296661376953,True,False
Qwen_Qwen3-14B,14B,14.0,gsm8k_test_000282,13,thinking_minus_think_answer,-0.16983318328857422,True,False
Qwen_Qwen3-14B,14B,14.0,gsm8k_test_000282,13,thinking_minus_no_think_answer,1.025496482849121,True,False
Qwen_Qwen3-14B,14B,14.0,gsm8k_test_000282,20,think_answer_minus_no_think_answer,0.4537839889526385,True,False
Qwen_Qwen3-14B,14B,14.0,gsm8k_test_000282,20,thinking_minus_think_answer,1.2452440261840803,True,False
Qwen_Qwen3-14B,14B,14.0,gsm8k_test_000282,20,thinking_minus_no_think_answer,1.6990280151367188,True,False
Qwen_Qwen3-14B,14B,14.0,gsm8k_test_000290,6,think_answer_minus_no_think_answer,-0.2846221923828125,True,True
Qwen_Qwen3-14B,14B,14.0,gsm8k_test_000290,6,thinking_minus_think_answer,0.1776142120361328,True,True
Qwen_Qwen3-14B,14B,14.0,gsm8k_test_000290,6,thinking_minus_no_think_answer,-0.10700798034667969,True,True
Qwen_Qwen3-14B,14B,14.0,gsm8k_test_000290,13,think_answer_minus_no_think_answer,0.185272216796875,True,True
Qwen_Qwen3-14B,14B,14.0,gsm8k_test_000290,13,thinking_minus_think_answer,0.585385322570799,True,True
Qwen_Qwen3-14B,14B,14.0,gsm8k_test_000290,13,thinking_minus_no_think_answer,0.770657539367674,True,True
Qwen_Qwen3-14B,14B,14.0,gsm8k_test_000290,20,think_answer_minus_no_think_answer,0.00858402252197088,True,True
Qwen_Qwen3-14B,14B,14.0,gsm8k_test_000290,20,thinking_minus_think_answer,0.08786869049072443,True,True
Qwen_Qwen3-14B,14B,14.0,gsm8k_test_000290,20,thinking_minus_no_think_answer,0.09645271301269531,True,True
Qwen_Qwen3-14B,14B,14.0,gsm8k_test_000294,6,think_answer_minus_no_think_answer,1.482039451599121,True,True
Qwen_Qwen3-14B,14B,14.0,gsm8k_test_000294,6,thinking_minus_think_answer,8.431669235229492,True,True
Qwen_Qwen3-14B,14B,14.0,gsm8k_test_000294,6,thinking_minus_no_think_answer,9.913708686828613,True,True
Qwen_Qwen3-14B,14B,14.0,gsm8k_test_000294,13,think_answer_minus_no_think_answer,0.0674448013305664,True,True
Qwen_Qwen3-14B,14B,14.0,gsm8k_test_000294,13,thinking_minus_think_answer,4.338634490966797,True,True
Qwen_Qwen3-14B,14B,14.0,gsm8k_test_000294,13,thinking_minus_no_think_answer,4.406079292297363,True,True
Qwen_Qwen3-14B,14B,14.0,gsm8k_test_000294,20,think_answer_minus_no_think_answer,-1.9766130447387695,True,True
Qwen_Qwen3-14B,14B,14.0,gsm8k_test_000294,20,thinking_minus_think_answer,3.9822740554809553,True,True
Qwen_Qwen3-14B,14B,14.0,gsm8k_test_000294,20,thinking_minus_no_think_answer,2.0056610107421857,True,True
Qwen_Qwen3-14B,14B,14.0,gsm8k_test_000296,6,think_answer_minus_no_think_answer,1.0623149871826172,True,True
Qwen_Qwen3-14B,14B,14.0,gsm8k_test_000296,6,thinking_minus_think_answer,-3.479280471801758,True,True
Qwen_Qwen3-14B,14B,14.0,gsm8k_test_000296,6,thinking_minus_no_think_answer,-2.4169654846191406,True,True
Qwen_Qwen3-14B,14B,14.0,gsm8k_test_000296,13,think_answer_minus_no_think_answer,0.47447967529296875,True,True
Qwen_Qwen3-14B,14B,14.0,gsm8k_test_000296,13,thinking_minus_think_answer,-1.7124032974243164,True,True
Qwen_Qwen3-14B,14B,14.0,gsm8k_test_000296,13,thinking_minus_no_think_answer,-1.2379236221313477,True,True
Qwen_Qwen3-14B,14B,14.0,gsm8k_test_000296,20,think_answer_minus_no_think_answer,-0.055798530578611505,True,True
Qwen_Qwen3-14B,14B,14.0,gsm8k_test_000296,20,thinking_minus_think_answer,-1.8475074768066406,True,True
Qwen_Qwen3-14B,14B,14.0,gsm8k_test_000296,20,thinking_minus_no_think_answer,-1.9033060073852521,True,True
Qwen_Qwen3-14B,14B,14.0,gsm8k_test_000300,6,think_answer_minus_no_think_answer,-0.3931264877319336,True,True
Qwen_Qwen3-14B,14B,14.0,gsm8k_test_000300,6,thinking_minus_think_answer,4.562502861022949,True,True
Qwen_Qwen3-14B,14B,14.0,gsm8k_test_000300,6,thinking_minus_no_think_answer,4.169376373291016,True,True
Qwen_Qwen3-14B,14B,14.0,gsm8k_test_000300,13,think_answer_minus_no_think_answer,-0.2157039642334002,True,True
Qwen_Qwen3-14B,14B,14.0,gsm8k_test_000300,13,thinking_minus_think_answer,1.3540716171264648,True,True
Qwen_Qwen3-14B,14B,14.0,gsm8k_test_000300,13,thinking_minus_no_think_answer,1.1383676528930646,True,True
Qwen_Qwen3-14B,14B,14.0,gsm8k_test_000300,20,think_answer_minus_no_think_answer,-0.7434282302856445,True,True
Qwen_Qwen3-14B,14B,14.0,gsm8k_test_000300,20,thinking_minus_think_answer,0.6091661453247088,True,True
Qwen_Qwen3-14B,14B,14.0,gsm8k_test_000300,20,thinking_minus_no_think_answer,-0.13426208496093572,True,True
Qwen_Qwen3-14B,14B,14.0,gsm8k_test_000304,6,think_answer_minus_no_think_answer,2.793741226196289,False,False
Qwen_Qwen3-14B,14B,14.0,gsm8k_test_000304,6,thinking_minus_think_answer,-5.002617835998535,False,False
Qwen_Qwen3-14B,14B,14.0,gsm8k_test_000304,6,thinking_minus_no_think_answer,-2.208876609802246,False,False
Qwen_Qwen3-14B,14B,14.0,gsm8k_test_000304,13,think_answer_minus_no_think_answer,2.6521530151367188,False,False
Qwen_Qwen3-14B,14B,14.0,gsm8k_test_000304,13,thinking_minus_think_answer,-5.119848251342773,False,False
Qwen_Qwen3-14B,14B,14.0,gsm8k_test_000304,13,thinking_minus_no_think_answer,-2.4676952362060547,False,False
Qwen_Qwen3-14B,14B,14.0,gsm8k_test_000304,20,think_answer_minus_no_think_answer,-0.07721233367919922,False,False
Qwen_Qwen3-14B,14B,14.0,gsm8k_test_000304,20,thinking_minus_think_answer,-3.492155075073242,False,False
Qwen_Qwen3-14B,14B,14.0,gsm8k_test_000304,20,thinking_minus_no_think_answer,-3.5693674087524414,False,False
Qwen_Qwen3-14B,14B,14.0,gsm8k_test_000307,6,think_answer_minus_no_think_answer,-0.30546379089355646,False,False
Qwen_Qwen3-14B,14B,14.0,gsm8k_test_000307,6,thinking_minus_think_answer,-5.536653518676758,False,False
Qwen_Qwen3-14B,14B,14.0,gsm8k_test_000307,6,thinking_minus_no_think_answer,-5.842117309570314,False,False
Qwen_Qwen3-14B,14B,14.0,gsm8k_test_000307,13,think_answer_minus_no_think_answer,0.004231452941896308,False,False
Qwen_Qwen3-14B,14B,14.0,gsm8k_test_000307,13,thinking_minus_think_answer,-3.6848506927490234,False,False
Qwen_Qwen3-14B,14B,14.0,gsm8k_test_000307,13,thinking_minus_no_think_answer,-3.680619239807127,False,False
Qwen_Qwen3-14B,14B,14.0,gsm8k_test_000307,20,think_answer_minus_no_think_answer,0.6712436676025373,False,False
Qwen_Qwen3-14B,14B,14.0,gsm8k_test_000307,20,thinking_minus_think_answer,-3.7142257690429705,False,False
Qwen_Qwen3-14B,14B,14.0,gsm8k_test_000307,20,thinking_minus_no_think_answer,-3.0429821014404332,False,False
Qwen_Qwen3-14B,14B,14.0,gsm8k_test_000310,6,think_answer_minus_no_think_answer,3.9094676971435547,True,False
Qwen_Qwen3-14B,14B,14.0,gsm8k_test_000310,6,thinking_minus_think_answer,-1.8371524810791016,True,False
Qwen_Qwen3-14B,14B,14.0,gsm8k_test_000310,6,thinking_minus_no_think_answer,2.072315216064453,True,False
Qwen_Qwen3-14B,14B,14.0,gsm8k_test_000310,13,think_answer_minus_no_think_answer,1.9888076782226562,True,False
Qwen_Qwen3-14B,14B,14.0,gsm8k_test_000310,13,thinking_minus_think_answer,-1.0748367309570312,True,False
Qwen_Qwen3-14B,14B,14.0,gsm8k_test_000310,13,thinking_minus_no_think_answer,0.913970947265625,True,False
Qwen_Qwen3-14B,14B,14.0,gsm8k_test_000310,20,think_answer_minus_no_think_answer,0.4941692352294922,True,False
Qwen_Qwen3-14B,14B,14.0,gsm8k_test_000310,20,thinking_minus_think_answer,1.1708383560180646,True,False
Qwen_Qwen3-14B,14B,14.0,gsm8k_test_000310,20,thinking_minus_no_think_answer,1.6650075912475568,True,False
Qwen_Qwen3-14B,14B,14.0,gsm8k_test_000315,6,think_answer_minus_no_think_answer,-2.4758758544921875,True,True
Qwen_Qwen3-14B,14B,14.0,gsm8k_test_000315,6,thinking_minus_think_answer,-1.6526050567626953,True,True
Qwen_Qwen3-14B,14B,14.0,gsm8k_test_000315,6,thinking_minus_no_think_answer,-4.128480911254883,True,True
Qwen_Qwen3-14B,14B,14.0,gsm8k_test_000315,13,think_answer_minus_no_think_answer,1.7796401977539062,True,True
Qwen_Qwen3-14B,14B,14.0,gsm8k_test_000315,13,thinking_minus_think_answer,-2.5356292724609375,True,True
Qwen_Qwen3-14B,14B,14.0,gsm8k_test_000315,13,thinking_minus_no_think_answer,-0.7559890747070312,True,True
Qwen_Qwen3-14B,14B,14.0,gsm8k_test_000315,20,think_answer_minus_no_think_answer,-0.0165519714355451,True,True
Qwen_Qwen3-14B,14B,14.0,gsm8k_test_000315,20,thinking_minus_think_answer,-0.32883548736572266,True,True
Qwen_Qwen3-14B,14B,14.0,gsm8k_test_000315,20,thinking_minus_no_think_answer,-0.34538745880126775,True,True
Qwen_Qwen3-14B,14B,14.0,gsm8k_test_000325,6,think_answer_minus_no_think_answer,2.005157470703125,True,False
Qwen_Qwen3-14B,14B,14.0,gsm8k_test_000325,6,thinking_minus_think_answer,-2.6308040618896484,True,False
Qwen_Qwen3-14B,14B,14.0,gsm8k_test_000325,6,thinking_minus_no_think_answer,-0.6256465911865234,True,False
Qwen_Qwen3-14B,14B,14.0,gsm8k_test_000325,13,think_answer_minus_no_think_answer,1.0386562347412127,True,False
Qwen_Qwen3-14B,14B,14.0,gsm8k_test_000325,13,thinking_minus_think_answer,0.9816379547119105,True,False
Qwen_Qwen3-14B,14B,14.0,gsm8k_test_000325,13,thinking_minus_no_think_answer,2.0202941894531232,True,False
Qwen_Qwen3-14B,14B,14.0,gsm8k_test_000325,20,think_answer_minus_no_think_answer,0.456878662109375,True,False
Qwen_Qwen3-14B,14B,14.0,gsm8k_test_000325,20,thinking_minus_think_answer,0.742060661315918,True,False
Qwen_Qwen3-14B,14B,14.0,gsm8k_test_000325,20,thinking_minus_no_think_answer,1.198939323425293,True,False
Qwen_Qwen3-14B,14B,14.0,gsm8k_test_000338,6,think_answer_minus_no_think_answer,-0.386322021484375,True,True
Qwen_Qwen3-14B,14B,14.0,gsm8k_test_000338,6,thinking_minus_think_answer,3.8243846893310547,True,True
Qwen_Qwen3-14B,14B,14.0,gsm8k_test_000338,6,thinking_minus_no_think_answer,3.4380626678466797,True,True
Qwen_Qwen3-14B,14B,14.0,gsm8k_test_000338,13,think_answer_minus_no_think_answer,1.0784463882446307,True,True
Qwen_Qwen3-14B,14B,14.0,gsm8k_test_000338,13,thinking_minus_think_answer,-0.2166280746459961,True,True
Qwen_Qwen3-14B,14B,14.0,gsm8k_test_000338,13,thinking_minus_no_think_answer,0.8618183135986346,True,True
Qwen_Qwen3-14B,14B,14.0,gsm8k_test_000338,20,think_answer_minus_no_think_answer,-0.22314453125,True,True
Qwen_Qwen3-14B,14B,14.0,gsm8k_test_000338,20,thinking_minus_think_answer,0.7195682525634783,True,True
Qwen_Qwen3-14B,14B,14.0,gsm8k_test_000338,20,thinking_minus_no_think_answer,0.49642372131347834,True,True
Qwen_Qwen3-14B,14B,14.0,gsm8k_test_000343,6,think_answer_minus_no_think_answer,-0.9432144165039098,True,True
Qwen_Qwen3-14B,14B,14.0,gsm8k_test_000343,6,thinking_minus_think_answer,-0.3024463653564453,True,True
Qwen_Qwen3-14B,14B,14.0,gsm8k_test_000343,6,thinking_minus_no_think_answer,-1.2456607818603551,True,True
Qwen_Qwen3-14B,14B,14.0,gsm8k_test_000343,13,think_answer_minus_no_think_answer,-2.1088638305664062,True,True
Qwen_Qwen3-14B,14B,14.0,gsm8k_test_000343,13,thinking_minus_think_answer,1.5607900619506836,True,True
Qwen_Qwen3-14B,14B,14.0,gsm8k_test_000343,13,thinking_minus_no_think_answer,-0.5480737686157227,True,True
Qwen_Qwen3-14B,14B,14.0,gsm8k_test_000343,20,think_answer_minus_no_think_answer,-1.3027868270874023,True,True
Qwen_Qwen3-14B,14B,14.0,gsm8k_test_000343,20,thinking_minus_think_answer,1.3194322586059553,True,True
Qwen_Qwen3-14B,14B,14.0,gsm8k_test_000343,20,thinking_minus_no_think_answer,0.01664543151855291,True,True
Qwen_Qwen3-14B,14B,14.0,gsm8k_test_000351,6,think_answer_minus_no_think_answer,-0.8297901153564453,True,True
Qwen_Qwen3-14B,14B,14.0,gsm8k_test_000351,6,thinking_minus_think_answer,8.724403381347656,True,True
Qwen_Qwen3-14B,14B,14.0,gsm8k_test_000351,6,thinking_minus_no_think_answer,7.894613265991211,True,True
Qwen_Qwen3-14B,14B,14.0,gsm8k_test_000351,13,think_answer_minus_no_think_answer,0.9293308258056641,True,True
Qwen_Qwen3-14B,14B,14.0,gsm8k_test_000351,13,thinking_minus_think_answer,2.2833070755004883,True,True
Qwen_Qwen3-14B,14B,14.0,gsm8k_test_000351,13,thinking_minus_no_think_answer,3.2126379013061523,True,True
Qwen_Qwen3-14B,14B,14.0,gsm8k_test_000351,20,think_answer_minus_no_think_answer,0.21646404266357422,True,True
Qwen_Qwen3-14B,14B,14.0,gsm8k_test_000351,20,thinking_minus_think_answer,2.123784065246582,True,True
Qwen_Qwen3-14B,14B,14.0,gsm8k_test_000351,20,thinking_minus_no_think_answer,2.3402481079101562,True,True
Qwen_Qwen3-14B,14B,14.0,gsm8k_test_000360,6,think_answer_minus_no_think_answer,0.5292510986328125,True,True
Qwen_Qwen3-14B,14B,14.0,gsm8k_test_000360,6,thinking_minus_think_answer,-0.7113265991210938,True,True
Qwen_Qwen3-14B,14B,14.0,gsm8k_test_000360,6,thinking_minus_no_think_answer,-0.18207550048828125,True,True
Qwen_Qwen3-14B,14B,14.0,gsm8k_test_000360,13,think_answer_minus_no_think_answer,-0.011021614074708808,True,True
Qwen_Qwen3-14B,14B,14.0,gsm8k_test_000360,13,thinking_minus_think_answer,0.3987636566162127,True,True
Qwen_Qwen3-14B,14B,14.0,gsm8k_test_000360,13,thinking_minus_no_think_answer,0.3877420425415039,True,True
Qwen_Qwen3-14B,14B,14.0,gsm8k_test_000360,20,think_answer_minus_no_think_answer,-0.12722873687743963,True,True
Qwen_Qwen3-14B,14B,14.0,gsm8k_test_000360,20,thinking_minus_think_answer,1.0837717056274396,True,True
Qwen_Qwen3-14B,14B,14.0,gsm8k_test_000360,20,thinking_minus_no_think_answer,0.95654296875,True,True
Qwen_Qwen3-14B,14B,14.0,gsm8k_test_000361,6,think_answer_minus_no_think_answer,3.383998870849606,True,False
Qwen_Qwen3-14B,14B,14.0,gsm8k_test_000361,6,thinking_minus_think_answer,-4.255533218383787,True,False
Qwen_Qwen3-14B,14B,14.0,gsm8k_test_000361,6,thinking_minus_no_think_answer,-0.8715343475341815,True,False
Qwen_Qwen3-14B,14B,14.0,gsm8k_test_000361,13,think_answer_minus_no_think_answer,1.8334903717041016,True,False
Qwen_Qwen3-14B,14B,14.0,gsm8k_test_000361,13,thinking_minus_think_answer,-1.5684919357299805,True,False
Qwen_Qwen3-14B,14B,14.0,gsm8k_test_000361,13,thinking_minus_no_think_answer,0.2649984359741211,True,False
Qwen_Qwen3-14B,14B,14.0,gsm8k_test_000361,20,think_answer_minus_no_think_answer,0.28476333618163885,True,False
Qwen_Qwen3-14B,14B,14.0,gsm8k_test_000361,20,thinking_minus_think_answer,0.35210323333740234,True,False
Qwen_Qwen3-14B,14B,14.0,gsm8k_test_000361,20,thinking_minus_no_think_answer,0.6368665695190412,True,False
Qwen_Qwen3-14B,14B,14.0,gsm8k_test_000364,6,think_answer_minus_no_think_answer,0.5594673156738263,True,True
Qwen_Qwen3-14B,14B,14.0,gsm8k_test_000364,6,thinking_minus_think_answer,2.6375017166137695,True,True
Qwen_Qwen3-14B,14B,14.0,gsm8k_test_000364,6,thinking_minus_no_think_answer,3.196969032287596,True,True
Qwen_Qwen3-14B,14B,14.0,gsm8k_test_000364,13,think_answer_minus_no_think_answer,-0.3333463668823242,True,True
Qwen_Qwen3-14B,14B,14.0,gsm8k_test_000364,13,thinking_minus_think_answer,1.8936758041381836,True,True
Qwen_Qwen3-14B,14B,14.0,gsm8k_test_000364,13,thinking_minus_no_think_answer,1.5603294372558594,True,True
Qwen_Qwen3-14B,14B,14.0,gsm8k_test_000364,20,think_answer_minus_no_think_answer,-0.3833198547363299,True,True
Qwen_Qwen3-14B,14B,14.0,gsm8k_test_000364,20,thinking_minus_think_answer,-0.5208282470703107,True,True
Qwen_Qwen3-14B,14B,14.0,gsm8k_test_000364,20,thinking_minus_no_think_answer,-0.9041481018066406,True,True
Qwen_Qwen3-14B,14B,14.0,gsm8k_test_000374,6,think_answer_minus_no_think_answer,-1.9754981994628906,True,True
Qwen_Qwen3-14B,14B,14.0,gsm8k_test_000374,6,thinking_minus_think_answer,3.016437530517578,True,True
Qwen_Qwen3-14B,14B,14.0,gsm8k_test_000374,6,thinking_minus_no_think_answer,1.0409393310546875,True,True
Qwen_Qwen3-14B,14B,14.0,gsm8k_test_000374,13,think_answer_minus_no_think_answer,-0.6567192077636719,True,True
Qwen_Qwen3-14B,14B,14.0,gsm8k_test_000374,13,thinking_minus_think_answer,1.2966976165771502,True,True
Qwen_Qwen3-14B,14B,14.0,gsm8k_test_000374,13,thinking_minus_no_think_answer,0.6399784088134783,True,True
Qwen_Qwen3-14B,14B,14.0,gsm8k_test_000374,20,think_answer_minus_no_think_answer,-0.8252325057983398,True,True
Qwen_Qwen3-14B,14B,14.0,gsm8k_test_000374,20,thinking_minus_think_answer,1.333277702331543,True,True
Qwen_Qwen3-14B,14B,14.0,gsm8k_test_000374,20,thinking_minus_no_think_answer,0.5080451965332031,True,True
Qwen_Qwen3-14B,14B,14.0,gsm8k_test_000389,6,think_answer_minus_no_think_answer,1.165313720703125,True,True
Qwen_Qwen3-14B,14B,14.0,gsm8k_test_000389,6,thinking_minus_think_answer,-2.1989755630493146,True,True
Qwen_Qwen3-14B,14B,14.0,gsm8k_test_000389,6,thinking_minus_no_think_answer,-1.0336618423461896,True,True
Qwen_Qwen3-14B,14B,14.0,gsm8k_test_000389,13,think_answer_minus_no_think_answer,1.7795400619506854,True,True
Qwen_Qwen3-14B,14B,14.0,gsm8k_test_000389,13,thinking_minus_think_answer,-2.670779228210451,True,True
Qwen_Qwen3-14B,14B,14.0,gsm8k_test_000389,13,thinking_minus_no_think_answer,-0.8912391662597656,True,True
Qwen_Qwen3-14B,14B,14.0,gsm8k_test_000389,20,think_answer_minus_no_think_answer,-0.8110446929931641,True,True
Qwen_Qwen3-14B,14B,14.0,gsm8k_test_000389,20,thinking_minus_think_answer,-2.288072586059572,True,True
Qwen_Qwen3-14B,14B,14.0,gsm8k_test_000389,20,thinking_minus_no_think_answer,-3.099117279052736,True,True
Qwen_Qwen3-14B,14B,14.0,gsm8k_test_000395,6,think_answer_minus_no_think_answer,-2.116163253784176,True,False
Qwen_Qwen3-14B,14B,14.0,gsm8k_test_000395,6,thinking_minus_think_answer,1.1076869964599574,True,False
Qwen_Qwen3-14B,14B,14.0,gsm8k_test_000395,6,thinking_minus_no_think_answer,-1.0084762573242188,True,False
Qwen_Qwen3-14B,14B,14.0,gsm8k_test_000395,13,think_answer_minus_no_think_answer,0.038799285888671875,True,False
Qwen_Qwen3-14B,14B,14.0,gsm8k_test_000395,13,thinking_minus_think_answer,-0.1314401626586914,True,False
Qwen_Qwen3-14B,14B,14.0,gsm8k_test_000395,13,thinking_minus_no_think_answer,-0.09264087677001953,True,False
Qwen_Qwen3-14B,14B,14.0,gsm8k_test_000395,20,think_answer_minus_no_think_answer,-0.3391704559326172,True,False
Qwen_Qwen3-14B,14B,14.0,gsm8k_test_000395,20,thinking_minus_think_answer,0.9794158935546875,True,False
Qwen_Qwen3-14B,14B,14.0,gsm8k_test_000395,20,thinking_minus_no_think_answer,0.6402454376220703,True,False
Qwen_Qwen3-14B,14B,14.0,gsm8k_test_000398,6,think_answer_minus_no_think_answer,-0.9965000152587891,True,False
Qwen_Qwen3-14B,14B,14.0,gsm8k_test_000398,6,thinking_minus_think_answer,-0.7728128433227539,True,False
Qwen_Qwen3-14B,14B,14.0,gsm8k_test_000398,6,thinking_minus_no_think_answer,-1.769312858581543,True,False
Qwen_Qwen3-14B,14B,14.0,gsm8k_test_000398,13,think_answer_minus_no_think_answer,0.09030818939208807,True,False
Qwen_Qwen3-14B,14B,14.0,gsm8k_test_000398,13,thinking_minus_think_answer,0.7345790863037127,True,False
Qwen_Qwen3-14B,14B,14.0,gsm8k_test_000398,13,thinking_minus_no_think_answer,0.8248872756958008,True,False
Qwen_Qwen3-14B,14B,14.0,gsm8k_test_000398,20,think_answer_minus_no_think_answer,-0.5250301361083984,True,False
Qwen_Qwen3-14B,14B,14.0,gsm8k_test_000398,20,thinking_minus_think_answer,1.2486114501953125,True,False
Qwen_Qwen3-14B,14B,14.0,gsm8k_test_000398,20,thinking_minus_no_think_answer,0.7235813140869141,True,False
Qwen_Qwen3-14B,14B,14.0,gsm8k_test_000415,6,think_answer_minus_no_think_answer,0.3250598907470703,True,False
Qwen_Qwen3-14B,14B,14.0,gsm8k_test_000415,6,thinking_minus_think_answer,-5.075984954833984,True,False
Qwen_Qwen3-14B,14B,14.0,gsm8k_test_000415,6,thinking_minus_no_think_answer,-4.750925064086914,True,False
Qwen_Qwen3-14B,14B,14.0,gsm8k_test_000415,13,think_answer_minus_no_think_answer,0.7097587585449201,True,False
Qwen_Qwen3-14B,14B,14.0,gsm8k_test_000415,13,thinking_minus_think_answer,-3.3323249816894513,True,False
Qwen_Qwen3-14B,14B,14.0,gsm8k_test_000415,13,thinking_minus_no_think_answer,-2.6225662231445312,True,False
Qwen_Qwen3-14B,14B,14.0,gsm8k_test_000415,20,think_answer_minus_no_think_answer,-0.41030216217041016,True,False
Qwen_Qwen3-14B,14B,14.0,gsm8k_test_000415,20,thinking_minus_think_answer,-1.0184926986694336,True,False
Qwen_Qwen3-14B,14B,14.0,gsm8k_test_000415,20,thinking_minus_no_think_answer,-1.4287948608398438,True,False
Qwen_Qwen3-14B,14B,14.0,gsm8k_test_000426,6,think_answer_minus_no_think_answer,0.2544689178466797,True,True
Qwen_Qwen3-14B,14B,14.0,gsm8k_test_000426,6,thinking_minus_think_answer,-4.484348297119141,True,True
Qwen_Qwen3-14B,14B,14.0,gsm8k_test_000426,6,thinking_minus_no_think_answer,-4.229879379272461,True,True
Qwen_Qwen3-14B,14B,14.0,gsm8k_test_000426,13,think_answer_minus_no_think_answer,-0.04705619812011541,True,True
Qwen_Qwen3-14B,14B,14.0,gsm8k_test_000426,13,thinking_minus_think_answer,-2.111180305480957,True,True
Qwen_Qwen3-14B,14B,14.0,gsm8k_test_000426,13,thinking_minus_no_think_answer,-2.1582365036010724,True,True
Qwen_Qwen3-14B,14B,14.0,gsm8k_test_000426,20,think_answer_minus_no_think_answer,-0.1609687805175799,True,True
Qwen_Qwen3-14B,14B,14.0,gsm8k_test_000426,20,thinking_minus_think_answer,-1.4753961563110334,True,True
Qwen_Qwen3-14B,14B,14.0,gsm8k_test_000426,20,thinking_minus_no_think_answer,-1.6363649368286133,True,True
Qwen_Qwen3-14B,14B,14.0,gsm8k_test_000432,6,think_answer_minus_no_think_answer,-0.0048007965087890625,True,True
Qwen_Qwen3-14B,14B,14.0,gsm8k_test_000432,6,thinking_minus_think_answer,-4.280939102172853,True,True
Qwen_Qwen3-14B,14B,14.0,gsm8k_test_000432,6,thinking_minus_no_think_answer,-4.285739898681642,True,True
Qwen_Qwen3-14B,14B,14.0,gsm8k_test_000432,13,think_answer_minus_no_think_answer,0.06757354736328125,True,True
Qwen_Qwen3-14B,14B,14.0,gsm8k_test_000432,13,thinking_minus_think_answer,-1.6455755233764666,True,True
Qwen_Qwen3-14B,14B,14.0,gsm8k_test_000432,13,thinking_minus_no_think_answer,-1.5780019760131854,True,True
Qwen_Qwen3-14B,14B,14.0,gsm8k_test_000432,20,think_answer_minus_no_think_answer,-0.0716867446899414,True,True
Qwen_Qwen3-14B,14B,14.0,gsm8k_test_000432,20,thinking_minus_think_answer,-0.4691619873046857,True,True
Qwen_Qwen3-14B,14B,14.0,gsm8k_test_000432,20,thinking_minus_no_think_answer,-0.5408487319946271,True,True
Qwen_Qwen3-14B,14B,14.0,gsm8k_test_000433,6,think_answer_minus_no_think_answer,1.3794384002685547,True,True
Qwen_Qwen3-14B,14B,14.0,gsm8k_test_000433,6,thinking_minus_think_answer,7.064857482910156,True,True
Qwen_Qwen3-14B,14B,14.0,gsm8k_test_000433,6,thinking_minus_no_think_answer,8.444295883178711,True,True
Qwen_Qwen3-14B,14B,14.0,gsm8k_test_000433,13,think_answer_minus_no_think_answer,1.2521486282348633,True,True
Qwen_Qwen3-14B,14B,14.0,gsm8k_test_000433,13,thinking_minus_think_answer,-0.11274909973144531,True,True
Qwen_Qwen3-14B,14B,14.0,gsm8k_test_000433,13,thinking_minus_no_think_answer,1.139399528503418,True,True
Qwen_Qwen3-14B,14B,14.0,gsm8k_test_000433,20,think_answer_minus_no_think_answer,-1.6284484863281232,True,True
Qwen_Qwen3-14B,14B,14.0,gsm8k_test_000433,20,thinking_minus_think_answer,0.40364933013916016,True,True
Qwen_Qwen3-14B,14B,14.0,gsm8k_test_000433,20,thinking_minus_no_think_answer,-1.224799156188963,True,True
Qwen_Qwen3-14B,14B,14.0,gsm8k_test_000448,6,think_answer_minus_no_think_answer,-0.33309173583984375,True,False
Qwen_Qwen3-14B,14B,14.0,gsm8k_test_000448,6,thinking_minus_think_answer,1.8142490386962855,True,False
Qwen_Qwen3-14B,14B,14.0,gsm8k_test_000448,6,thinking_minus_no_think_answer,1.4811573028564418,True,False
Qwen_Qwen3-14B,14B,14.0,gsm8k_test_000448,13,think_answer_minus_no_think_answer,1.680075645446781,True,False
Qwen_Qwen3-14B,14B,14.0,gsm8k_test_000448,13,thinking_minus_think_answer,-1.5251865386962908,True,False
Qwen_Qwen3-14B,14B,14.0,gsm8k_test_000448,13,thinking_minus_no_think_answer,0.15488910675049006,True,False
Qwen_Qwen3-14B,14B,14.0,gsm8k_test_000448,20,think_answer_minus_no_think_answer,-0.25778675079345703,True,False
Qwen_Qwen3-14B,14B,14.0,gsm8k_test_000448,20,thinking_minus_think_answer,-0.5064611434936523,True,False
Qwen_Qwen3-14B,14B,14.0,gsm8k_test_000448,20,thinking_minus_no_think_answer,-0.7642478942871094,True,False
Qwen_Qwen3-14B,14B,14.0,gsm8k_test_000449,6,think_answer_minus_no_think_answer,-0.5064706802368182,True,False
Qwen_Qwen3-14B,14B,14.0,gsm8k_test_000449,6,thinking_minus_think_answer,3.0959625244140625,True,False
Qwen_Qwen3-14B,14B,14.0,gsm8k_test_000449,6,thinking_minus_no_think_answer,2.5894918441772443,True,False
Qwen_Qwen3-14B,14B,14.0,gsm8k_test_000449,13,think_answer_minus_no_think_answer,-0.039595603942871094,True,False
Qwen_Qwen3-14B,14B,14.0,gsm8k_test_000449,13,thinking_minus_think_answer,0.11543560028075994,True,False
Qwen_Qwen3-14B,14B,14.0,gsm8k_test_000449,13,thinking_minus_no_think_answer,0.07583999633788885,True,False
Qwen_Qwen3-14B,14B,14.0,gsm8k_test_000449,20,think_answer_minus_no_think_answer,-0.7926406860351545,True,False
Qwen_Qwen3-14B,14B,14.0,gsm8k_test_000449,20,thinking_minus_think_answer,1.3836631774902344,True,False
Qwen_Qwen3-14B,14B,14.0,gsm8k_test_000449,20,thinking_minus_no_think_answer,0.5910224914550799,True,False
Qwen_Qwen3-14B,14B,14.0,gsm8k_test_000460,6,think_answer_minus_no_think_answer,0.1926097869873047,True,True
Qwen_Qwen3-14B,14B,14.0,gsm8k_test_000460,6,thinking_minus_think_answer,0.6750164031982422,True,True
Qwen_Qwen3-14B,14B,14.0,gsm8k_test_000460,6,thinking_minus_no_think_answer,0.8676261901855469,True,True
Qwen_Qwen3-14B,14B,14.0,gsm8k_test_000460,13,think_answer_minus_no_think_answer,2.22027015686035,True,True
Qwen_Qwen3-14B,14B,14.0,gsm8k_test_000460,13,thinking_minus_think_answer,1.2646293640136719,True,True
Qwen_Qwen3-14B,14B,14.0,gsm8k_test_000460,13,thinking_minus_no_think_answer,3.4848995208740217,True,True
Qwen_Qwen3-14B,14B,14.0,gsm8k_test_000460,20,think_answer_minus_no_think_answer,-0.9047040939331037,True,True
Qwen_Qwen3-14B,14B,14.0,gsm8k_test_000460,20,thinking_minus_think_answer,0.11317729949950994,True,True
Qwen_Qwen3-14B,14B,14.0,gsm8k_test_000460,20,thinking_minus_no_think_answer,-0.7915267944335938,True,True
Qwen_Qwen3-14B,14B,14.0,gsm8k_test_000472,6,think_answer_minus_no_think_answer,-1.0046367645263672,True,True
Qwen_Qwen3-14B,14B,14.0,gsm8k_test_000472,6,thinking_minus_think_answer,-0.11368560791015625,True,True
Qwen_Qwen3-14B,14B,14.0,gsm8k_test_000472,6,thinking_minus_no_think_answer,-1.1183223724365234,True,True
Qwen_Qwen3-14B,14B,14.0,gsm8k_test_000472,13,think_answer_minus_no_think_answer,0.08391094207763672,True,True
Qwen_Qwen3-14B,14B,14.0,gsm8k_test_000472,13,thinking_minus_think_answer,1.5714645385742188,True,True
Qwen_Qwen3-14B,14B,14.0,gsm8k_test_000472,13,thinking_minus_no_think_answer,1.6553754806518555,True,True
Qwen_Qwen3-14B,14B,14.0,gsm8k_test_000472,20,think_answer_minus_no_think_answer,-0.8381767272949201,True,True
Qwen_Qwen3-14B,14B,14.0,gsm8k_test_000472,20,thinking_minus_think_answer,1.1138134002685547,True,True
Qwen_Qwen3-14B,14B,14.0,gsm8k_test_000472,20,thinking_minus_no_think_answer,0.2756366729736346,True,True
Qwen_Qwen3-14B,14B,14.0,gsm8k_test_000491,6,think_answer_minus_no_think_answer,-0.0990638732910174,True,True
Qwen_Qwen3-14B,14B,14.0,gsm8k_test_000491,6,thinking_minus_think_answer,2.5406484603881836,True,True
Qwen_Qwen3-14B,14B,14.0,gsm8k_test_000491,6,thinking_minus_no_think_answer,2.441584587097166,True,True
Qwen_Qwen3-14B,14B,14.0,gsm8k_test_000491,13,think_answer_minus_no_think_answer,0.8285083770751953,True,True
Qwen_Qwen3-14B,14B,14.0,gsm8k_test_000491,13,thinking_minus_think_answer,-0.6780757904052734,True,True
Qwen_Qwen3-14B,14B,14.0,gsm8k_test_000491,13,thinking_minus_no_think_answer,0.15043258666992188,True,True
Qwen_Qwen3-14B,14B,14.0,gsm8k_test_000491,20,think_answer_minus_no_think_answer,0.4261360168457049,True,True
Qwen_Qwen3-14B,14B,14.0,gsm8k_test_000491,20,thinking_minus_think_answer,-0.3910331726074219,True,True
Qwen_Qwen3-14B,14B,14.0,gsm8k_test_000491,20,thinking_minus_no_think_answer,0.035102844238283026,True,True
Qwen_Qwen3-14B,14B,14.0,gsm8k_test_000503,6,think_answer_minus_no_think_answer,5.955422401428223,True,True
Qwen_Qwen3-14B,14B,14.0,gsm8k_test_000503,6,thinking_minus_think_answer,-8.196430206298828,True,True
Qwen_Qwen3-14B,14B,14.0,gsm8k_test_000503,6,thinking_minus_no_think_answer,-2.2410078048706055,True,True
Qwen_Qwen3-14B,14B,14.0,gsm8k_test_000503,13,think_answer_minus_no_think_answer,3.0561037063598633,True,True
Qwen_Qwen3-14B,14B,14.0,gsm8k_test_000503,13,thinking_minus_think_answer,-1.6954021453857422,True,True
Qwen_Qwen3-14B,14B,14.0,gsm8k_test_000503,13,thinking_minus_no_think_answer,1.360701560974121,True,True
Qwen_Qwen3-14B,14B,14.0,gsm8k_test_000503,20,think_answer_minus_no_think_answer,0.6980142593383789,True,True
Qwen_Qwen3-14B,14B,14.0,gsm8k_test_000503,20,thinking_minus_think_answer,0.8493175506591797,True,True
Qwen_Qwen3-14B,14B,14.0,gsm8k_test_000503,20,thinking_minus_no_think_answer,1.5473318099975586,True,True
Qwen_Qwen3-14B,14B,14.0,gsm8k_test_000509,6,think_answer_minus_no_think_answer,-0.14542579650878906,True,True
Qwen_Qwen3-14B,14B,14.0,gsm8k_test_000509,6,thinking_minus_think_answer,-1.7606058120727557,True,True
Qwen_Qwen3-14B,14B,14.0,gsm8k_test_000509,6,thinking_minus_no_think_answer,-1.9060316085815447,True,True
Qwen_Qwen3-14B,14B,14.0,gsm8k_test_000509,13,think_answer_minus_no_think_answer,0.36327838897705256,True,True
Qwen_Qwen3-14B,14B,14.0,gsm8k_test_000509,13,thinking_minus_think_answer,0.496955871582033,True,True
Qwen_Qwen3-14B,14B,14.0,gsm8k_test_000509,13,thinking_minus_no_think_answer,0.8602342605590856,True,True
Qwen_Qwen3-14B,14B,14.0,gsm8k_test_000509,20,think_answer_minus_no_think_answer,-0.17556476593017578,True,True
Qwen_Qwen3-14B,14B,14.0,gsm8k_test_000509,20,thinking_minus_think_answer,-0.6434955596923828,True,True
Qwen_Qwen3-14B,14B,14.0,gsm8k_test_000509,20,thinking_minus_no_think_answer,-0.8190603256225586,True,True
Qwen_Qwen3-14B,14B,14.0,gsm8k_test_000514,6,think_answer_minus_no_think_answer,-0.9724435806274414,True,True
Qwen_Qwen3-14B,14B,14.0,gsm8k_test_000514,6,thinking_minus_think_answer,0.4360532760620135,True,True
Qwen_Qwen3-14B,14B,14.0,gsm8k_test_000514,6,thinking_minus_no_think_answer,-0.5363903045654279,True,True
Qwen_Qwen3-14B,14B,14.0,gsm8k_test_000514,13,think_answer_minus_no_think_answer,0.9227905273437482,True,True
Qwen_Qwen3-14B,14B,14.0,gsm8k_test_000514,13,thinking_minus_think_answer,-0.9809370040893537,True,True
Qwen_Qwen3-14B,14B,14.0,gsm8k_test_000514,13,thinking_minus_no_think_answer,-0.05814647674560547,True,True
Qwen_Qwen3-14B,14B,14.0,gsm8k_test_000514,20,think_answer_minus_no_think_answer,-0.08859920501708984,True,True
Qwen_Qwen3-14B,14B,14.0,gsm8k_test_000514,20,thinking_minus_think_answer,0.6158628463745117,True,True
Qwen_Qwen3-14B,14B,14.0,gsm8k_test_000514,20,thinking_minus_no_think_answer,0.5272636413574219,True,True
Qwen_Qwen3-14B,14B,14.0,gsm8k_test_000518,6,think_answer_minus_no_think_answer,0.22392654418945312,True,False
Qwen_Qwen3-14B,14B,14.0,gsm8k_test_000518,6,thinking_minus_think_answer,-2.3706588745117205,True,False
Qwen_Qwen3-14B,14B,14.0,gsm8k_test_000518,6,thinking_minus_no_think_answer,-2.1467323303222674,True,False
Qwen_Qwen3-14B,14B,14.0,gsm8k_test_000518,13,think_answer_minus_no_think_answer,1.5170831680297852,True,False
Qwen_Qwen3-14B,14B,14.0,gsm8k_test_000518,13,thinking_minus_think_answer,-1.3033866882324219,True,False
Qwen_Qwen3-14B,14B,14.0,gsm8k_test_000518,13,thinking_minus_no_think_answer,0.21369647979736328,True,False
Qwen_Qwen3-14B,14B,14.0,gsm8k_test_000518,20,think_answer_minus_no_think_answer,1.0210533142089862,True,False
Qwen_Qwen3-14B,14B,14.0,gsm8k_test_000518,20,thinking_minus_think_answer,-0.7231941223144567,True,False
Qwen_Qwen3-14B,14B,14.0,gsm8k_test_000518,20,thinking_minus_no_think_answer,0.2978591918945295,True,False
Qwen_Qwen3-14B,14B,14.0,gsm8k_test_000523,6,think_answer_minus_no_think_answer,2.247598648071289,True,False
Qwen_Qwen3-14B,14B,14.0,gsm8k_test_000523,6,thinking_minus_think_answer,0.17803001403808594,True,False
Qwen_Qwen3-14B,14B,14.0,gsm8k_test_000523,6,thinking_minus_no_think_answer,2.425628662109375,True,False
Qwen_Qwen3-14B,14B,14.0,gsm8k_test_000523,13,think_answer_minus_no_think_answer,3.5797576904296857,True,False
Qwen_Qwen3-14B,14B,14.0,gsm8k_test_000523,13,thinking_minus_think_answer,-1.2386560440063459,True,False
Qwen_Qwen3-14B,14B,14.0,gsm8k_test_000523,13,thinking_minus_no_think_answer,2.34110164642334,True,False
Qwen_Qwen3-14B,14B,14.0,gsm8k_test_000523,20,think_answer_minus_no_think_answer,0.4377784729003906,True,False
Qwen_Qwen3-14B,14B,14.0,gsm8k_test_000523,20,thinking_minus_think_answer,-0.6253890991210938,True,False
Qwen_Qwen3-14B,14B,14.0,gsm8k_test_000523,20,thinking_minus_no_think_answer,-0.18761062622070312,True,False
Qwen_Qwen3-14B,14B,14.0,gsm8k_test_000531,6,think_answer_minus_no_think_answer,-0.9834346771240234,True,True
Qwen_Qwen3-14B,14B,14.0,gsm8k_test_000531,6,thinking_minus_think_answer,-2.248812675476074,True,True
Qwen_Qwen3-14B,14B,14.0,gsm8k_test_000531,6,thinking_minus_no_think_answer,-3.2322473526000977,True,True
Qwen_Qwen3-14B,14B,14.0,gsm8k_test_000531,13,think_answer_minus_no_think_answer,-1.2788324356079084,True,True
Qwen_Qwen3-14B,14B,14.0,gsm8k_test_000531,13,thinking_minus_think_answer,-2.15775775909424,True,True
Qwen_Qwen3-14B,14B,14.0,gsm8k_test_000531,13,thinking_minus_no_think_answer,-3.4365901947021484,True,True
Qwen_Qwen3-14B,14B,14.0,gsm8k_test_000531,20,think_answer_minus_no_think_answer,-0.1561422348022461,True,True
Qwen_Qwen3-14B,14B,14.0,gsm8k_test_000531,20,thinking_minus_think_answer,-0.9220533370971662,True,True
Qwen_Qwen3-14B,14B,14.0,gsm8k_test_000531,20,thinking_minus_no_think_answer,-1.0781955718994123,True,True
Qwen_Qwen3-14B,14B,14.0,gsm8k_test_000532,6,think_answer_minus_no_think_answer,6.160453796386722,True,False
Qwen_Qwen3-14B,14B,14.0,gsm8k_test_000532,6,thinking_minus_think_answer,-10.860786437988285,True,False
Qwen_Qwen3-14B,14B,14.0,gsm8k_test_000532,6,thinking_minus_no_think_answer,-4.7003326416015625,True,False
Qwen_Qwen3-14B,14B,14.0,gsm8k_test_000532,13,think_answer_minus_no_think_answer,2.53798770904541,True,False
Qwen_Qwen3-14B,14B,14.0,gsm8k_test_000532,13,thinking_minus_think_answer,-2.123074531555174,True,False
Qwen_Qwen3-14B,14B,14.0,gsm8k_test_000532,13,thinking_minus_no_think_answer,0.41491317749023615,True,False
Qwen_Qwen3-14B,14B,14.0,gsm8k_test_000532,20,think_answer_minus_no_think_answer,0.4775390625,True,False
Qwen_Qwen3-14B,14B,14.0,gsm8k_test_000532,20,thinking_minus_think_answer,-0.7003326416015625,True,False
Qwen_Qwen3-14B,14B,14.0,gsm8k_test_000532,20,thinking_minus_no_think_answer,-0.2227935791015625,True,False
Qwen_Qwen3-14B,14B,14.0,gsm8k_test_000534,6,think_answer_minus_no_think_answer,-1.0205526351928693,True,False
Qwen_Qwen3-14B,14B,14.0,gsm8k_test_000534,6,thinking_minus_think_answer,-0.12915134429931818,True,False
Qwen_Qwen3-14B,14B,14.0,gsm8k_test_000534,6,thinking_minus_no_think_answer,-1.1497039794921875,True,False
Qwen_Qwen3-14B,14B,14.0,gsm8k_test_000534,13,think_answer_minus_no_think_answer,1.2455530166625977,True,False
Qwen_Qwen3-14B,14B,14.0,gsm8k_test_000534,13,thinking_minus_think_answer,-1.8701696395874041,True,False
Qwen_Qwen3-14B,14B,14.0,gsm8k_test_000534,13,thinking_minus_no_think_answer,-0.6246166229248065,True,False
Qwen_Qwen3-14B,14B,14.0,gsm8k_test_000534,20,think_answer_minus_no_think_answer,-0.42169666290283203,True,False
Qwen_Qwen3-14B,14B,14.0,gsm8k_test_000534,20,thinking_minus_think_answer,-1.7049579620361346,True,False
Qwen_Qwen3-14B,14B,14.0,gsm8k_test_000534,20,thinking_minus_no_think_answer,-2.1266546249389666,True,False
Qwen_Qwen3-14B,14B,14.0,gsm8k_test_000543,6,think_answer_minus_no_think_answer,-0.2465648651123047,True,True
Qwen_Qwen3-14B,14B,14.0,gsm8k_test_000543,6,thinking_minus_think_answer,-1.0770702362060547,True,True
Qwen_Qwen3-14B,14B,14.0,gsm8k_test_000543,6,thinking_minus_no_think_answer,-1.3236351013183594,True,True
Qwen_Qwen3-14B,14B,14.0,gsm8k_test_000543,13,think_answer_minus_no_think_answer,1.0407209396362305,True,True
Qwen_Qwen3-14B,14B,14.0,gsm8k_test_000543,13,thinking_minus_think_answer,0.3178043365478498,True,True
Qwen_Qwen3-14B,14B,14.0,gsm8k_test_000543,13,thinking_minus_no_think_answer,1.3585252761840803,True,True
Qwen_Qwen3-14B,14B,14.0,gsm8k_test_000543,20,think_answer_minus_no_think_answer,-0.4195718765258807,True,True
Qwen_Qwen3-14B,14B,14.0,gsm8k_test_000543,20,thinking_minus_think_answer,2.3755693435668963,True,True
Qwen_Qwen3-14B,14B,14.0,gsm8k_test_000543,20,thinking_minus_no_think_answer,1.9559974670410156,True,True
Qwen_Qwen3-14B,14B,14.0,gsm8k_test_000549,6,think_answer_minus_no_think_answer,0.13736343383789062,True,True
Qwen_Qwen3-14B,14B,14.0,gsm8k_test_000549,6,thinking_minus_think_answer,-3.730356216430664,True,True
Qwen_Qwen3-14B,14B,14.0,gsm8k_test_000549,6,thinking_minus_no_think_answer,-3.5929927825927734,True,True
Qwen_Qwen3-14B,14B,14.0,gsm8k_test_000549,13,think_answer_minus_no_think_answer,1.7289533615112322,True,True
Qwen_Qwen3-14B,14B,14.0,gsm8k_test_000549,13,thinking_minus_think_answer,-2.3265953063964844,True,True
Qwen_Qwen3-14B,14B,14.0,gsm8k_test_000549,13,thinking_minus_no_think_answer,-0.5976419448852521,True,True
Qwen_Qwen3-14B,14B,14.0,gsm8k_test_000549,20,think_answer_minus_no_think_answer,-0.9434776306152344,True,True
Qwen_Qwen3-14B,14B,14.0,gsm8k_test_000549,20,thinking_minus_think_answer,0.13393592834472656,True,True
Qwen_Qwen3-14B,14B,14.0,gsm8k_test_000549,20,thinking_minus_no_think_answer,-0.8095417022705078,True,True
Qwen_Qwen3-14B,14B,14.0,gsm8k_test_000560,6,think_answer_minus_no_think_answer,1.3937263488769567,True,True
Qwen_Qwen3-14B,14B,14.0,gsm8k_test_000560,6,thinking_minus_think_answer,-3.4875793457031286,True,True
Qwen_Qwen3-14B,14B,14.0,gsm8k_test_000560,6,thinking_minus_no_think_answer,-2.093852996826172,True,True
Qwen_Qwen3-14B,14B,14.0,gsm8k_test_000560,13,think_answer_minus_no_think_answer,1.2335138320922852,True,True
Qwen_Qwen3-14B,14B,14.0,gsm8k_test_000560,13,thinking_minus_think_answer,-0.3777036666870117,True,True
Qwen_Qwen3-14B,14B,14.0,gsm8k_test_000560,13,thinking_minus_no_think_answer,0.8558101654052734,True,True
Qwen_Qwen3-14B,14B,14.0,gsm8k_test_000560,20,think_answer_minus_no_think_answer,-0.27849578857421875,True,True
Qwen_Qwen3-14B,14B,14.0,gsm8k_test_000560,20,thinking_minus_think_answer,0.05107307434082031,True,True
Qwen_Qwen3-14B,14B,14.0,gsm8k_test_000560,20,thinking_minus_no_think_answer,-0.22742271423339844,True,True
Qwen_Qwen3-14B,14B,14.0,gsm8k_test_000561,6,think_answer_minus_no_think_answer,-0.03261661529541193,True,False
Qwen_Qwen3-14B,14B,14.0,gsm8k_test_000561,6,thinking_minus_think_answer,1.6801280975341815,True,False
Qwen_Qwen3-14B,14B,14.0,gsm8k_test_000561,6,thinking_minus_no_think_answer,1.6475114822387695,True,False
Qwen_Qwen3-14B,14B,14.0,gsm8k_test_000561,13,think_answer_minus_no_think_answer,0.30568695068359375,True,False
Qwen_Qwen3-14B,14B,14.0,gsm8k_test_000561,13,thinking_minus_think_answer,1.240978240966795,True,False
Qwen_Qwen3-14B,14B,14.0,gsm8k_test_000561,13,thinking_minus_no_think_answer,1.5466651916503888,True,False
Qwen_Qwen3-14B,14B,14.0,gsm8k_test_000561,20,think_answer_minus_no_think_answer,-0.19797134399414062,True,False
Qwen_Qwen3-14B,14B,14.0,gsm8k_test_000561,20,thinking_minus_think_answer,1.9276142120361346,True,False
Qwen_Qwen3-14B,14B,14.0,gsm8k_test_000561,20,thinking_minus_no_think_answer,1.729642868041994,True,False
Qwen_Qwen3-14B,14B,14.0,gsm8k_test_000564,6,think_answer_minus_no_think_answer,-0.12468147277832031,True,False
Qwen_Qwen3-14B,14B,14.0,gsm8k_test_000564,6,thinking_minus_think_answer,-4.531826972961426,True,False
Qwen_Qwen3-14B,14B,14.0,gsm8k_test_000564,6,thinking_minus_no_think_answer,-4.656508445739746,True,False
Qwen_Qwen3-14B,14B,14.0,gsm8k_test_000564,13,think_answer_minus_no_think_answer,0.9526786804199237,True,False
Qwen_Qwen3-14B,14B,14.0,gsm8k_test_000564,13,thinking_minus_think_answer,-2.3070592880249023,True,False
Qwen_Qwen3-14B,14B,14.0,gsm8k_test_000564,13,thinking_minus_no_think_answer,-1.3543806076049787,True,False
Qwen_Qwen3-14B,14B,14.0,gsm8k_test_000564,20,think_answer_minus_no_think_answer,-1.2255659103393572,True,False
Qwen_Qwen3-14B,14B,14.0,gsm8k_test_000564,20,thinking_minus_think_answer,-1.3779029846191388,True,False
Qwen_Qwen3-14B,14B,14.0,gsm8k_test_000564,20,thinking_minus_no_think_answer,-2.603468894958496,True,False
Qwen_Qwen3-14B,14B,14.0,gsm8k_test_000568,6,think_answer_minus_no_think_answer,0.7156734466552717,True,False
Qwen_Qwen3-14B,14B,14.0,gsm8k_test_000568,6,thinking_minus_think_answer,-1.5174531936645508,True,False
Qwen_Qwen3-14B,14B,14.0,gsm8k_test_000568,6,thinking_minus_no_think_answer,-0.8017797470092791,True,False
Qwen_Qwen3-14B,14B,14.0,gsm8k_test_000568,13,think_answer_minus_no_think_answer,0.03289985656738281,True,False
Qwen_Qwen3-14B,14B,14.0,gsm8k_test_000568,13,thinking_minus_think_answer,1.1235656738281232,True,False
Qwen_Qwen3-14B,14B,14.0,gsm8k_test_000568,13,thinking_minus_no_think_answer,1.156465530395506,True,False
Qwen_Qwen3-14B,14B,14.0,gsm8k_test_000568,20,think_answer_minus_no_think_answer,-0.1576690673828125,True,False
Qwen_Qwen3-14B,14B,14.0,gsm8k_test_000568,20,thinking_minus_think_answer,1.0362291336059553,True,False
Qwen_Qwen3-14B,14B,14.0,gsm8k_test_000568,20,thinking_minus_no_think_answer,0.8785600662231428,True,False
Qwen_Qwen3-14B,14B,14.0,gsm8k_test_000582,6,think_answer_minus_no_think_answer,4.342987060546875,True,True
Qwen_Qwen3-14B,14B,14.0,gsm8k_test_000582,6,thinking_minus_think_answer,-3.388617515563965,True,True
Qwen_Qwen3-14B,14B,14.0,gsm8k_test_000582,6,thinking_minus_no_think_answer,0.9543695449829102,True,True
Qwen_Qwen3-14B,14B,14.0,gsm8k_test_000582,13,think_answer_minus_no_think_answer,3.82279109954834,True,True
Qwen_Qwen3-14B,14B,14.0,gsm8k_test_000582,13,thinking_minus_think_answer,-2.3186025619506836,True,True
Qwen_Qwen3-14B,14B,14.0,gsm8k_test_000582,13,thinking_minus_no_think_answer,1.5041885375976562,True,True
Qwen_Qwen3-14B,14B,14.0,gsm8k_test_000582,20,think_answer_minus_no_think_answer,0.76318359375,True,True
Qwen_Qwen3-14B,14B,14.0,gsm8k_test_000582,20,thinking_minus_think_answer,-0.07777881622314275,True,True
Qwen_Qwen3-14B,14B,14.0,gsm8k_test_000582,20,thinking_minus_no_think_answer,0.6854047775268572,True,True
Qwen_Qwen3-14B,14B,14.0,gsm8k_test_000585,6,think_answer_minus_no_think_answer,-0.9471588134765625,True,False
Qwen_Qwen3-14B,14B,14.0,gsm8k_test_000585,6,thinking_minus_think_answer,-1.76849365234375,True,False
Qwen_Qwen3-14B,14B,14.0,gsm8k_test_000585,6,thinking_minus_no_think_answer,-2.7156524658203125,True,False
Qwen_Qwen3-14B,14B,14.0,gsm8k_test_000585,13,think_answer_minus_no_think_answer,0.9326400756835973,True,False
Qwen_Qwen3-14B,14B,14.0,gsm8k_test_000585,13,thinking_minus_think_answer,-0.6165256500244158,True,False
Qwen_Qwen3-14B,14B,14.0,gsm8k_test_000585,13,thinking_minus_no_think_answer,0.31611442565918146,True,False
Qwen_Qwen3-14B,14B,14.0,gsm8k_test_000585,20,think_answer_minus_no_think_answer,-1.7949180603027362,True,False
Qwen_Qwen3-14B,14B,14.0,gsm8k_test_000585,20,thinking_minus_think_answer,0.45559120178222656,True,False
Qwen_Qwen3-14B,14B,14.0,gsm8k_test_000585,20,thinking_minus_no_think_answer,-1.3393268585205096,True,False
Qwen_Qwen3-14B,14B,14.0,gsm8k_test_000586,6,think_answer_minus_no_think_answer,1.119039535522461,True,True
Qwen_Qwen3-14B,14B,14.0,gsm8k_test_000586,6,thinking_minus_think_answer,2.5857276916503906,True,True
Qwen_Qwen3-14B,14B,14.0,gsm8k_test_000586,6,thinking_minus_no_think_answer,3.7047672271728516,True,True
Qwen_Qwen3-14B,14B,14.0,gsm8k_test_000586,13,think_answer_minus_no_think_answer,0.9727010726928711,True,True
Qwen_Qwen3-14B,14B,14.0,gsm8k_test_000586,13,thinking_minus_think_answer,0.7866067886352539,True,True
Qwen_Qwen3-14B,14B,14.0,gsm8k_test_000586,13,thinking_minus_no_think_answer,1.759307861328125,True,True
Qwen_Qwen3-14B,14B,14.0,gsm8k_test_000586,20,think_answer_minus_no_think_answer,-0.9308052062988281,True,True
Qwen_Qwen3-14B,14B,14.0,gsm8k_test_000586,20,thinking_minus_think_answer,0.36971378326416016,True,True
Qwen_Qwen3-14B,14B,14.0,gsm8k_test_000586,20,thinking_minus_no_think_answer,-0.561091423034668,True,True
Qwen_Qwen3-14B,14B,14.0,gsm8k_test_000595,6,think_answer_minus_no_think_answer,-0.7772140502929723,True,False
Qwen_Qwen3-14B,14B,14.0,gsm8k_test_000595,6,thinking_minus_think_answer,1.4751968383789098,True,False
Qwen_Qwen3-14B,14B,14.0,gsm8k_test_000595,6,thinking_minus_no_think_answer,0.6979827880859375,True,False
Qwen_Qwen3-14B,14B,14.0,gsm8k_test_000595,13,think_answer_minus_no_think_answer,1.0320520401000959,True,False
Qwen_Qwen3-14B,14B,14.0,gsm8k_test_000595,13,thinking_minus_think_answer,0.6889257431030273,True,False
Qwen_Qwen3-14B,14B,14.0,gsm8k_test_000595,13,thinking_minus_no_think_answer,1.7209777832031232,True,False
Qwen_Qwen3-14B,14B,14.0,gsm8k_test_000595,20,think_answer_minus_no_think_answer,-0.7739486694335938,True,False
Qwen_Qwen3-14B,14B,14.0,gsm8k_test_000595,20,thinking_minus_think_answer,2.0354700088500977,True,False
Qwen_Qwen3-14B,14B,14.0,gsm8k_test_000595,20,thinking_minus_no_think_answer,1.261521339416504,True,False
Qwen_Qwen3-14B,14B,14.0,gsm8k_test_000604,6,think_answer_minus_no_think_answer,0.6613311767578125,True,True
Qwen_Qwen3-14B,14B,14.0,gsm8k_test_000604,6,thinking_minus_think_answer,-0.3360176086425781,True,True
Qwen_Qwen3-14B,14B,14.0,gsm8k_test_000604,6,thinking_minus_no_think_answer,0.3253135681152344,True,True
Qwen_Qwen3-14B,14B,14.0,gsm8k_test_000604,13,think_answer_minus_no_think_answer,1.0449285507202148,True,True
Qwen_Qwen3-14B,14B,14.0,gsm8k_test_000604,13,thinking_minus_think_answer,-0.8076047897338867,True,True
Qwen_Qwen3-14B,14B,14.0,gsm8k_test_000604,13,thinking_minus_no_think_answer,0.23732376098632812,True,True
Qwen_Qwen3-14B,14B,14.0,gsm8k_test_000604,20,think_answer_minus_no_think_answer,-1.1190671920776367,True,True
Qwen_Qwen3-14B,14B,14.0,gsm8k_test_000604,20,thinking_minus_think_answer,-0.3697214126586932,True,True
Qwen_Qwen3-14B,14B,14.0,gsm8k_test_000604,20,thinking_minus_no_think_answer,-1.48878860473633,True,True
Qwen_Qwen3-14B,14B,14.0,gsm8k_test_000605,6,think_answer_minus_no_think_answer,1.5059394836425781,True,False
Qwen_Qwen3-14B,14B,14.0,gsm8k_test_000605,6,thinking_minus_think_answer,-3.7922439575195312,True,False
Qwen_Qwen3-14B,14B,14.0,gsm8k_test_000605,6,thinking_minus_no_think_answer,-2.286304473876953,True,False
Qwen_Qwen3-14B,14B,14.0,gsm8k_test_000605,13,think_answer_minus_no_think_answer,1.4934358596801758,True,False
Qwen_Qwen3-14B,14B,14.0,gsm8k_test_000605,13,thinking_minus_think_answer,-1.1249494552612322,True,False
Qwen_Qwen3-14B,14B,14.0,gsm8k_test_000605,13,thinking_minus_no_think_answer,0.36848640441894354,True,False
Qwen_Qwen3-14B,14B,14.0,gsm8k_test_000605,20,think_answer_minus_no_think_answer,-0.7485733032226562,True,False
Qwen_Qwen3-14B,14B,14.0,gsm8k_test_000605,20,thinking_minus_think_answer,1.602644920349121,True,False
Qwen_Qwen3-14B,14B,14.0,gsm8k_test_000605,20,thinking_minus_no_think_answer,0.8540716171264648,True,False
Qwen_Qwen3-14B,14B,14.0,gsm8k_test_000625,6,think_answer_minus_no_think_answer,-0.586326599121092,True,True
Qwen_Qwen3-14B,14B,14.0,gsm8k_test_000625,6,thinking_minus_think_answer,3.8443632125854474,True,True
Qwen_Qwen3-14B,14B,14.0,gsm8k_test_000625,6,thinking_minus_no_think_answer,3.2580366134643555,True,True
Qwen_Qwen3-14B,14B,14.0,gsm8k_test_000625,13,think_answer_minus_no_think_answer,-0.16916275024413885,True,True
Qwen_Qwen3-14B,14B,14.0,gsm8k_test_000625,13,thinking_minus_think_answer,2.46598529815674,True,True
Qwen_Qwen3-14B,14B,14.0,gsm8k_test_000625,13,thinking_minus_no_think_answer,2.296822547912601,True,True
Qwen_Qwen3-14B,14B,14.0,gsm8k_test_000625,20,think_answer_minus_no_think_answer,-0.5315084457397461,True,True
Qwen_Qwen3-14B,14B,14.0,gsm8k_test_000625,20,thinking_minus_think_answer,1.563258171081543,True,True
Qwen_Qwen3-14B,14B,14.0,gsm8k_test_000625,20,thinking_minus_no_think_answer,1.0317497253417969,True,True
Qwen_Qwen3-14B,14B,14.0,gsm8k_test_000629,6,think_answer_minus_no_think_answer,-0.8580360412597656,True,False
Qwen_Qwen3-14B,14B,14.0,gsm8k_test_000629,6,thinking_minus_think_answer,-6.603057861328127,True,False
Qwen_Qwen3-14B,14B,14.0,gsm8k_test_000629,6,thinking_minus_no_think_answer,-7.461093902587892,True,False
Qwen_Qwen3-14B,14B,14.0,gsm8k_test_000629,13,think_answer_minus_no_think_answer,0.18397903442382812,True,False
Qwen_Qwen3-14B,14B,14.0,gsm8k_test_000629,13,thinking_minus_think_answer,-2.978364944458008,True,False
Qwen_Qwen3-14B,14B,14.0,gsm8k_test_000629,13,thinking_minus_no_think_answer,-2.7943859100341797,True,False
Qwen_Qwen3-14B,14B,14.0,gsm8k_test_000629,20,think_answer_minus_no_think_answer,-0.7587223052978533,True,False
Qwen_Qwen3-14B,14B,14.0,gsm8k_test_000629,20,thinking_minus_think_answer,-1.7705249786376935,True,False
Qwen_Qwen3-14B,14B,14.0,gsm8k_test_000629,20,thinking_minus_no_think_answer,-2.529247283935547,True,False
Qwen_Qwen3-14B,14B,14.0,gsm8k_test_000633,6,think_answer_minus_no_think_answer,1.0500850677490234,True,True
Qwen_Qwen3-14B,14B,14.0,gsm8k_test_000633,6,thinking_minus_think_answer,2.148618698120117,True,True
Qwen_Qwen3-14B,14B,14.0,gsm8k_test_000633,6,thinking_minus_no_think_answer,3.1987037658691406,True,True
Qwen_Qwen3-14B,14B,14.0,gsm8k_test_000633,13,think_answer_minus_no_think_answer,0.3207750320434588,True,True
Qwen_Qwen3-14B,14B,14.0,gsm8k_test_000633,13,thinking_minus_think_answer,1.0987501144409162,True,True
Qwen_Qwen3-14B,14B,14.0,gsm8k_test_000633,13,thinking_minus_no_think_answer,1.419525146484375,True,True
Qwen_Qwen3-14B,14B,14.0,gsm8k_test_000633,20,think_answer_minus_no_think_answer,0.43733310699462713,True,True
Qwen_Qwen3-14B,14B,14.0,gsm8k_test_000633,20,thinking_minus_think_answer,0.46332263946533203,True,True
Qwen_Qwen3-14B,14B,14.0,gsm8k_test_000633,20,thinking_minus_no_think_answer,0.9006557464599592,True,True
Qwen_Qwen3-14B,14B,14.0,gsm8k_test_000640,6,think_answer_minus_no_think_answer,-0.5526638031005895,False,False
Qwen_Qwen3-14B,14B,14.0,gsm8k_test_000640,6,thinking_minus_think_answer,-0.3958110809326154,False,False
Qwen_Qwen3-14B,14B,14.0,gsm8k_test_000640,6,thinking_minus_no_think_answer,-0.9484748840332049,False,False
Qwen_Qwen3-14B,14B,14.0,gsm8k_test_000640,13,think_answer_minus_no_think_answer,0.3991613388061541,False,False
Qwen_Qwen3-14B,14B,14.0,gsm8k_test_000640,13,thinking_minus_think_answer,-2.165472984313965,False,False
Qwen_Qwen3-14B,14B,14.0,gsm8k_test_000640,13,thinking_minus_no_think_answer,-1.7663116455078107,False,False
Qwen_Qwen3-14B,14B,14.0,gsm8k_test_000640,20,think_answer_minus_no_think_answer,0.2682962417602539,False,False
Qwen_Qwen3-14B,14B,14.0,gsm8k_test_000640,20,thinking_minus_think_answer,-0.8457784652709961,False,False
Qwen_Qwen3-14B,14B,14.0,gsm8k_test_000640,20,thinking_minus_no_think_answer,-0.5774822235107422,False,False
Qwen_Qwen3-14B,14B,14.0,gsm8k_test_000641,6,think_answer_minus_no_think_answer,2.526668548583988,False,False
Qwen_Qwen3-14B,14B,14.0,gsm8k_test_000641,6,thinking_minus_think_answer,-10.925028800964359,False,False
Qwen_Qwen3-14B,14B,14.0,gsm8k_test_000641,6,thinking_minus_no_think_answer,-8.398360252380371,False,False
Qwen_Qwen3-14B,14B,14.0,gsm8k_test_000641,13,think_answer_minus_no_think_answer,2.406484603881836,False,False
Qwen_Qwen3-14B,14B,14.0,gsm8k_test_000641,13,thinking_minus_think_answer,-4.334225654602051,False,False
Qwen_Qwen3-14B,14B,14.0,gsm8k_test_000641,13,thinking_minus_no_think_answer,-1.9277410507202148,False,False
Qwen_Qwen3-14B,14B,14.0,gsm8k_test_000641,20,think_answer_minus_no_think_answer,1.0673198699951172,False,False
Qwen_Qwen3-14B,14B,14.0,gsm8k_test_000641,20,thinking_minus_think_answer,-2.1512060165405273,False,False
Qwen_Qwen3-14B,14B,14.0,gsm8k_test_000641,20,thinking_minus_no_think_answer,-1.0838861465454102,False,False
Qwen_Qwen3-14B,14B,14.0,gsm8k_test_000644,6,think_answer_minus_no_think_answer,3.910696983337404,True,False
Qwen_Qwen3-14B,14B,14.0,gsm8k_test_000644,6,thinking_minus_think_answer,-6.993965148925781,True,False
Qwen_Qwen3-14B,14B,14.0,gsm8k_test_000644,6,thinking_minus_no_think_answer,-3.083268165588377,True,False
Qwen_Qwen3-14B,14B,14.0,gsm8k_test_000644,13,think_answer_minus_no_think_answer,-0.037565231323243964,True,False
Qwen_Qwen3-14B,14B,14.0,gsm8k_test_000644,13,thinking_minus_think_answer,-0.726959228515625,True,False
Qwen_Qwen3-14B,14B,14.0,gsm8k_test_000644,13,thinking_minus_no_think_answer,-0.764524459838869,True,False
Qwen_Qwen3-14B,14B,14.0,gsm8k_test_000644,20,think_answer_minus_no_think_answer,-0.5807094573974627,True,False
Qwen_Qwen3-14B,14B,14.0,gsm8k_test_000644,20,thinking_minus_think_answer,0.3856534957885742,True,False
Qwen_Qwen3-14B,14B,14.0,gsm8k_test_000644,20,thinking_minus_no_think_answer,-0.1950559616088885,True,False
Qwen_Qwen3-14B,14B,14.0,gsm8k_test_000645,6,think_answer_minus_no_think_answer,1.174428939819336,True,True
Qwen_Qwen3-14B,14B,14.0,gsm8k_test_000645,6,thinking_minus_think_answer,5.014270782470703,True,True
Qwen_Qwen3-14B,14B,14.0,gsm8k_test_000645,6,thinking_minus_no_think_answer,6.188699722290039,True,True
Qwen_Qwen3-14B,14B,14.0,gsm8k_test_000645,13,think_answer_minus_no_think_answer,0.015561103820800781,True,True
Qwen_Qwen3-14B,14B,14.0,gsm8k_test_000645,13,thinking_minus_think_answer,3.297983169555664,True,True
Qwen_Qwen3-14B,14B,14.0,gsm8k_test_000645,13,thinking_minus_no_think_answer,3.313544273376465,True,True
Qwen_Qwen3-14B,14B,14.0,gsm8k_test_000645,20,think_answer_minus_no_think_answer,-0.36278438568115234,True,True
Qwen_Qwen3-14B,14B,14.0,gsm8k_test_000645,20,thinking_minus_think_answer,0.9379606246948242,True,True
Qwen_Qwen3-14B,14B,14.0,gsm8k_test_000645,20,thinking_minus_no_think_answer,0.5751762390136719,True,True
Qwen_Qwen3-14B,14B,14.0,gsm8k_test_000655,6,think_answer_minus_no_think_answer,-1.0665740966796875,True,True
Qwen_Qwen3-14B,14B,14.0,gsm8k_test_000655,6,thinking_minus_think_answer,6.154943466186523,True,True
Qwen_Qwen3-14B,14B,14.0,gsm8k_test_000655,6,thinking_minus_no_think_answer,5.088369369506836,True,True
Qwen_Qwen3-14B,14B,14.0,gsm8k_test_000655,13,think_answer_minus_no_think_answer,0.6222696304321289,True,True
Qwen_Qwen3-14B,14B,14.0,gsm8k_test_000655,13,thinking_minus_think_answer,0.6047248840332031,True,True
Qwen_Qwen3-14B,14B,14.0,gsm8k_test_000655,13,thinking_minus_no_think_answer,1.226994514465332,True,True
Qwen_Qwen3-14B,14B,14.0,gsm8k_test_000655,20,think_answer_minus_no_think_answer,-0.9622926712036115,True,True
Qwen_Qwen3-14B,14B,14.0,gsm8k_test_000655,20,thinking_minus_think_answer,1.5788736343383771,True,True
Qwen_Qwen3-14B,14B,14.0,gsm8k_test_000655,20,thinking_minus_no_think_answer,0.6165809631347656,True,True
Qwen_Qwen3-14B,14B,14.0,gsm8k_test_000668,6,think_answer_minus_no_think_answer,0.26361656188964844,True,True
Qwen_Qwen3-14B,14B,14.0,gsm8k_test_000668,6,thinking_minus_think_answer,5.377053260803223,True,True
Qwen_Qwen3-14B,14B,14.0,gsm8k_test_000668,6,thinking_minus_no_think_answer,5.640669822692871,True,True
Qwen_Qwen3-14B,14B,14.0,gsm8k_test_000668,13,think_answer_minus_no_think_answer,0.5130825042724592,True,True
Qwen_Qwen3-14B,14B,14.0,gsm8k_test_000668,13,thinking_minus_think_answer,0.8540658950805682,True,True
Qwen_Qwen3-14B,14B,14.0,gsm8k_test_000668,13,thinking_minus_no_think_answer,1.3671483993530273,True,True
Qwen_Qwen3-14B,14B,14.0,gsm8k_test_000668,20,think_answer_minus_no_think_answer,-0.15250492095947266,True,True
Qwen_Qwen3-14B,14B,14.0,gsm8k_test_000668,20,thinking_minus_think_answer,0.9131393432617188,True,True
Qwen_Qwen3-14B,14B,14.0,gsm8k_test_000668,20,thinking_minus_no_think_answer,0.7606344223022461,True,True
Qwen_Qwen3-14B,14B,14.0,gsm8k_test_000684,6,think_answer_minus_no_think_answer,1.6663846969604492,True,True
Qwen_Qwen3-14B,14B,14.0,gsm8k_test_000684,6,thinking_minus_think_answer,4.144992828369141,True,True
Qwen_Qwen3-14B,14B,14.0,gsm8k_test_000684,6,thinking_minus_no_think_answer,5.81137752532959,True,True
Qwen_Qwen3-14B,14B,14.0,gsm8k_test_000684,13,think_answer_minus_no_think_answer,1.9345588684082031,True,True
Qwen_Qwen3-14B,14B,14.0,gsm8k_test_000684,13,thinking_minus_think_answer,0.6594104766845703,True,True
Qwen_Qwen3-14B,14B,14.0,gsm8k_test_000684,13,thinking_minus_no_think_answer,2.5939693450927734,True,True
Qwen_Qwen3-14B,14B,14.0,gsm8k_test_000684,20,think_answer_minus_no_think_answer,0.0012531280517578125,True,True
Qwen_Qwen3-14B,14B,14.0,gsm8k_test_000684,20,thinking_minus_think_answer,1.164689064025879,True,True
Qwen_Qwen3-14B,14B,14.0,gsm8k_test_000684,20,thinking_minus_no_think_answer,1.1659421920776367,True,True
Qwen_Qwen3-14B,14B,14.0,gsm8k_test_000695,6,think_answer_minus_no_think_answer,-0.3560600280761719,True,True
Qwen_Qwen3-14B,14B,14.0,gsm8k_test_000695,6,thinking_minus_think_answer,3.5757570266723633,True,True
Qwen_Qwen3-14B,14B,14.0,gsm8k_test_000695,6,thinking_minus_no_think_answer,3.2196969985961914,True,True
Qwen_Qwen3-14B,14B,14.0,gsm8k_test_000695,13,think_answer_minus_no_think_answer,0.26298236846924006,True,True
Qwen_Qwen3-14B,14B,14.0,gsm8k_test_000695,13,thinking_minus_think_answer,0.6226634979248029,True,True
Qwen_Qwen3-14B,14B,14.0,gsm8k_test_000695,13,thinking_minus_no_think_answer,0.885645866394043,True,True
Qwen_Qwen3-14B,14B,14.0,gsm8k_test_000695,20,think_answer_minus_no_think_answer,-0.35758876800537287,True,True
Qwen_Qwen3-14B,14B,14.0,gsm8k_test_000695,20,thinking_minus_think_answer,0.862028121948244,True,True
Qwen_Qwen3-14B,14B,14.0,gsm8k_test_000695,20,thinking_minus_no_think_answer,0.5044393539428711,True,True
Qwen_Qwen3-14B,14B,14.0,gsm8k_test_000697,6,think_answer_minus_no_think_answer,-1.8613185882568377,True,True
Qwen_Qwen3-14B,14B,14.0,gsm8k_test_000697,6,thinking_minus_think_answer,3.0331363677978516,True,True
Qwen_Qwen3-14B,14B,14.0,gsm8k_test_000697,6,thinking_minus_no_think_answer,1.1718177795410138,True,True
Qwen_Qwen3-14B,14B,14.0,gsm8k_test_000697,13,think_answer_minus_no_think_answer,-0.38200855255126953,True,True
Qwen_Qwen3-14B,14B,14.0,gsm8k_test_000697,13,thinking_minus_think_answer,0.6574487686157227,True,True
Qwen_Qwen3-14B,14B,14.0,gsm8k_test_000697,13,thinking_minus_no_think_answer,0.2754402160644531,True,True
Qwen_Qwen3-14B,14B,14.0,gsm8k_test_000697,20,think_answer_minus_no_think_answer,-1.1287908554077148,True,True
Qwen_Qwen3-14B,14B,14.0,gsm8k_test_000697,20,thinking_minus_think_answer,0.19526290893554688,True,True
Qwen_Qwen3-14B,14B,14.0,gsm8k_test_000697,20,thinking_minus_no_think_answer,-0.933527946472168,True,True
Qwen_Qwen3-14B,14B,14.0,gsm8k_test_000713,6,think_answer_minus_no_think_answer,1.2826156616210938,True,True
Qwen_Qwen3-14B,14B,14.0,gsm8k_test_000713,6,thinking_minus_think_answer,-1.8090162277221697,True,True
Qwen_Qwen3-14B,14B,14.0,gsm8k_test_000713,6,thinking_minus_no_think_answer,-0.526400566101076,True,True
Qwen_Qwen3-14B,14B,14.0,gsm8k_test_000713,13,think_answer_minus_no_think_answer,0.49868965148925604,True,True
Qwen_Qwen3-14B,14B,14.0,gsm8k_test_000713,13,thinking_minus_think_answer,-0.5252447128295881,True,True
Qwen_Qwen3-14B,14B,14.0,gsm8k_test_000713,13,thinking_minus_no_think_answer,-0.02655506134033203,True,True
Qwen_Qwen3-14B,14B,14.0,gsm8k_test_000713,20,think_answer_minus_no_think_answer,0.10414600372314453,True,True
Qwen_Qwen3-14B,14B,14.0,gsm8k_test_000713,20,thinking_minus_think_answer,0.12410163879394531,True,True
Qwen_Qwen3-14B,14B,14.0,gsm8k_test_000713,20,thinking_minus_no_think_answer,0.22824764251708984,True,True
Qwen_Qwen3-14B,14B,14.0,gsm8k_test_000740,6,think_answer_minus_no_think_answer,5.668981552124023,True,False
Qwen_Qwen3-14B,14B,14.0,gsm8k_test_000740,6,thinking_minus_think_answer,-3.2477169036865234,True,False
Qwen_Qwen3-14B,14B,14.0,gsm8k_test_000740,6,thinking_minus_no_think_answer,2.4212646484375,True,False
Qwen_Qwen3-14B,14B,14.0,gsm8k_test_000740,13,think_answer_minus_no_think_answer,0.24459457397460938,True,False
Qwen_Qwen3-14B,14B,14.0,gsm8k_test_000740,13,thinking_minus_think_answer,-0.9505071640014666,True,False
Qwen_Qwen3-14B,14B,14.0,gsm8k_test_000740,13,thinking_minus_no_think_answer,-0.7059125900268572,True,False
Qwen_Qwen3-14B,14B,14.0,gsm8k_test_000740,20,think_answer_minus_no_think_answer,-1.571922302246092,True,False
Qwen_Qwen3-14B,14B,14.0,gsm8k_test_000740,20,thinking_minus_think_answer,-0.020034790039064276,True,False
Qwen_Qwen3-14B,14B,14.0,gsm8k_test_000740,20,thinking_minus_no_think_answer,-1.5919570922851562,True,False
Qwen_Qwen3-14B,14B,14.0,gsm8k_test_000759,6,think_answer_minus_no_think_answer,1.4009065628051758,True,True
Qwen_Qwen3-14B,14B,14.0,gsm8k_test_000759,6,thinking_minus_think_answer,2.410040855407715,True,True
Qwen_Qwen3-14B,14B,14.0,gsm8k_test_000759,6,thinking_minus_no_think_answer,3.8109474182128906,True,True
Qwen_Qwen3-14B,14B,14.0,gsm8k_test_000759,13,think_answer_minus_no_think_answer,1.4527130126953125,True,True
Qwen_Qwen3-14B,14B,14.0,gsm8k_test_000759,13,thinking_minus_think_answer,0.6963586807250977,True,True
Qwen_Qwen3-14B,14B,14.0,gsm8k_test_000759,13,thinking_minus_no_think_answer,2.14907169342041,True,True
Qwen_Qwen3-14B,14B,14.0,gsm8k_test_000759,20,think_answer_minus_no_think_answer,0.7202453613281232,True,True
Qwen_Qwen3-14B,14B,14.0,gsm8k_test_000759,20,thinking_minus_think_answer,0.9291572570800781,True,True
Qwen_Qwen3-14B,14B,14.0,gsm8k_test_000759,20,thinking_minus_no_think_answer,1.6494026184082013,True,True
Qwen_Qwen3-14B,14B,14.0,gsm8k_test_000760,6,think_answer_minus_no_think_answer,-0.9681196212768572,True,False
Qwen_Qwen3-14B,14B,14.0,gsm8k_test_000760,6,thinking_minus_think_answer,1.995565414428711,True,False
Qwen_Qwen3-14B,14B,14.0,gsm8k_test_000760,6,thinking_minus_no_think_answer,1.0274457931518537,True,False
Qwen_Qwen3-14B,14B,14.0,gsm8k_test_000760,13,think_answer_minus_no_think_answer,1.3348770141601562,True,False
Qwen_Qwen3-14B,14B,14.0,gsm8k_test_000760,13,thinking_minus_think_answer,-1.6955556869506818,True,False
Qwen_Qwen3-14B,14B,14.0,gsm8k_test_000760,13,thinking_minus_no_think_answer,-0.36067867279052557,True,False
Qwen_Qwen3-14B,14B,14.0,gsm8k_test_000760,20,think_answer_minus_no_think_answer,-0.2420787811279279,True,False
Qwen_Qwen3-14B,14B,14.0,gsm8k_test_000760,20,thinking_minus_think_answer,0.2343540191650373,True,False
Qwen_Qwen3-14B,14B,14.0,gsm8k_test_000760,20,thinking_minus_no_think_answer,-0.007724761962890625,True,False
Qwen_Qwen3-14B,14B,14.0,gsm8k_test_000767,6,think_answer_minus_no_think_answer,1.303126335144043,True,True
Qwen_Qwen3-14B,14B,14.0,gsm8k_test_000767,6,thinking_minus_think_answer,-0.5248260498046893,True,True
Qwen_Qwen3-14B,14B,14.0,gsm8k_test_000767,6,thinking_minus_no_think_answer,0.7783002853393537,True,True
Qwen_Qwen3-14B,14B,14.0,gsm8k_test_000767,13,think_answer_minus_no_think_answer,0.32408237457275213,True,True
Qwen_Qwen3-14B,14B,14.0,gsm8k_test_000767,13,thinking_minus_think_answer,0.4572734832763672,True,True
Qwen_Qwen3-14B,14B,14.0,gsm8k_test_000767,13,thinking_minus_no_think_answer,0.7813558578491193,True,True
Qwen_Qwen3-14B,14B,14.0,gsm8k_test_000767,20,think_answer_minus_no_think_answer,0.6589498519897425,True,True
Qwen_Qwen3-14B,14B,14.0,gsm8k_test_000767,20,thinking_minus_think_answer,0.11589145660400568,True,True
Qwen_Qwen3-14B,14B,14.0,gsm8k_test_000767,20,thinking_minus_no_think_answer,0.7748413085937482,True,True
Qwen_Qwen3-14B,14B,14.0,gsm8k_test_000775,6,think_answer_minus_no_think_answer,0.7388973236083984,True,False
Qwen_Qwen3-14B,14B,14.0,gsm8k_test_000775,6,thinking_minus_think_answer,0.7465152740478516,True,False
Qwen_Qwen3-14B,14B,14.0,gsm8k_test_000775,6,thinking_minus_no_think_answer,1.48541259765625,True,False
Qwen_Qwen3-14B,14B,14.0,gsm8k_test_000775,13,think_answer_minus_no_think_answer,1.0594472885131818,True,False
Qwen_Qwen3-14B,14B,14.0,gsm8k_test_000775,13,thinking_minus_think_answer,-1.7748813629150373,True,False
Qwen_Qwen3-14B,14B,14.0,gsm8k_test_000775,13,thinking_minus_no_think_answer,-0.7154340744018555,True,False
Qwen_Qwen3-14B,14B,14.0,gsm8k_test_000775,20,think_answer_minus_no_think_answer,-0.4185857772827113,True,False
Qwen_Qwen3-14B,14B,14.0,gsm8k_test_000775,20,thinking_minus_think_answer,-0.054693222045900214,True,False
Qwen_Qwen3-14B,14B,14.0,gsm8k_test_000775,20,thinking_minus_no_think_answer,-0.4732789993286115,True,False
Qwen_Qwen3-14B,14B,14.0,gsm8k_test_000776,6,think_answer_minus_no_think_answer,2.173800468444826,True,True
Qwen_Qwen3-14B,14B,14.0,gsm8k_test_000776,6,thinking_minus_think_answer,0.014434814453125,True,True
Qwen_Qwen3-14B,14B,14.0,gsm8k_test_000776,6,thinking_minus_no_think_answer,2.188235282897951,True,True
Qwen_Qwen3-14B,14B,14.0,gsm8k_test_000776,13,think_answer_minus_no_think_answer,0.6085195541381836,True,True
Qwen_Qwen3-14B,14B,14.0,gsm8k_test_000776,13,thinking_minus_think_answer,0.571986198425293,True,True
Qwen_Qwen3-14B,14B,14.0,gsm8k_test_000776,13,thinking_minus_no_think_answer,1.1805057525634766,True,True
Qwen_Qwen3-14B,14B,14.0,gsm8k_test_000776,20,think_answer_minus_no_think_answer,-0.4950952529907209,True,True
Qwen_Qwen3-14B,14B,14.0,gsm8k_test_000776,20,thinking_minus_think_answer,0.9426307678222638,True,True
Qwen_Qwen3-14B,14B,14.0,gsm8k_test_000776,20,thinking_minus_no_think_answer,0.44753551483154297,True,True
Qwen_Qwen3-14B,14B,14.0,gsm8k_test_000781,6,think_answer_minus_no_think_answer,-0.28438758850097656,True,True
Qwen_Qwen3-14B,14B,14.0,gsm8k_test_000781,6,thinking_minus_think_answer,2.2334251403808594,True,True
Qwen_Qwen3-14B,14B,14.0,gsm8k_test_000781,6,thinking_minus_no_think_answer,1.9490375518798828,True,True
Qwen_Qwen3-14B,14B,14.0,gsm8k_test_000781,13,think_answer_minus_no_think_answer,1.4283475875854492,True,True
Qwen_Qwen3-14B,14B,14.0,gsm8k_test_000781,13,thinking_minus_think_answer,1.276023864746092,True,True
Qwen_Qwen3-14B,14B,14.0,gsm8k_test_000781,13,thinking_minus_no_think_answer,2.704371452331541,True,True
Qwen_Qwen3-14B,14B,14.0,gsm8k_test_000781,20,think_answer_minus_no_think_answer,0.7939109802246076,True,True
Qwen_Qwen3-14B,14B,14.0,gsm8k_test_000781,20,thinking_minus_think_answer,0.7622032165527362,True,True
Qwen_Qwen3-14B,14B,14.0,gsm8k_test_000781,20,thinking_minus_no_think_answer,1.5561141967773438,True,True
Qwen_Qwen3-14B,14B,14.0,gsm8k_test_000782,6,think_answer_minus_no_think_answer,1.9203529357910156,False,False
Qwen_Qwen3-14B,14B,14.0,gsm8k_test_000782,6,thinking_minus_think_answer,-0.3715248107910156,False,False
Qwen_Qwen3-14B,14B,14.0,gsm8k_test_000782,6,thinking_minus_no_think_answer,1.548828125,False,False
Qwen_Qwen3-14B,14B,14.0,gsm8k_test_000782,13,think_answer_minus_no_think_answer,2.62558650970459,False,False
Qwen_Qwen3-14B,14B,14.0,gsm8k_test_000782,13,thinking_minus_think_answer,-1.443263053894043,False,False
Qwen_Qwen3-14B,14B,14.0,gsm8k_test_000782,13,thinking_minus_no_think_answer,1.1823234558105469,False,False
Qwen_Qwen3-14B,14B,14.0,gsm8k_test_000782,20,think_answer_minus_no_think_answer,-0.41271686553955256,False,False
Qwen_Qwen3-14B,14B,14.0,gsm8k_test_000782,20,thinking_minus_think_answer,-0.031379699707029474,False,False
Qwen_Qwen3-14B,14B,14.0,gsm8k_test_000782,20,thinking_minus_no_think_answer,-0.44409656524658203,False,False
Qwen_Qwen3-14B,14B,14.0,gsm8k_test_000795,6,think_answer_minus_no_think_answer,1.1335020065307617,True,False
Qwen_Qwen3-14B,14B,14.0,gsm8k_test_000795,6,thinking_minus_think_answer,1.631246566772461,True,False
Qwen_Qwen3-14B,14B,14.0,gsm8k_test_000795,6,thinking_minus_no_think_answer,2.7647485733032227,True,False
Qwen_Qwen3-14B,14B,14.0,gsm8k_test_000795,13,think_answer_minus_no_think_answer,-1.1219091415405291,True,False
Qwen_Qwen3-14B,14B,14.0,gsm8k_test_000795,13,thinking_minus_think_answer,0.4318866729736346,True,False
Qwen_Qwen3-14B,14B,14.0,gsm8k_test_000795,13,thinking_minus_no_think_answer,-0.6900224685668945,True,False
Qwen_Qwen3-14B,14B,14.0,gsm8k_test_000795,20,think_answer_minus_no_think_answer,-1.672739028930664,True,False
Qwen_Qwen3-14B,14B,14.0,gsm8k_test_000795,20,thinking_minus_think_answer,1.1621694564819318,True,False
Qwen_Qwen3-14B,14B,14.0,gsm8k_test_000795,20,thinking_minus_no_think_answer,-0.5105695724487322,True,False
Qwen_Qwen3-14B,14B,14.0,gsm8k_test_000814,6,think_answer_minus_no_think_answer,5.621707916259766,False,False
Qwen_Qwen3-14B,14B,14.0,gsm8k_test_000814,6,thinking_minus_think_answer,-4.6078033447265625,False,False
Qwen_Qwen3-14B,14B,14.0,gsm8k_test_000814,6,thinking_minus_no_think_answer,1.0139045715332031,False,False
Qwen_Qwen3-14B,14B,14.0,gsm8k_test_000814,13,think_answer_minus_no_think_answer,1.9219112396240217,False,False
Qwen_Qwen3-14B,14B,14.0,gsm8k_test_000814,13,thinking_minus_think_answer,0.4277505874633807,False,False
Qwen_Qwen3-14B,14B,14.0,gsm8k_test_000814,13,thinking_minus_no_think_answer,2.3496618270874023,False,False
Qwen_Qwen3-14B,14B,14.0,gsm8k_test_000814,20,think_answer_minus_no_think_answer,0.09191513061523438,False,False
Qwen_Qwen3-14B,14B,14.0,gsm8k_test_000814,20,thinking_minus_think_answer,0.8721513748168963,False,False
Qwen_Qwen3-14B,14B,14.0,gsm8k_test_000814,20,thinking_minus_no_think_answer,0.9640665054321307,False,False
Qwen_Qwen3-14B,14B,14.0,gsm8k_test_000828,6,think_answer_minus_no_think_answer,1.8156700134277344,True,True
Qwen_Qwen3-14B,14B,14.0,gsm8k_test_000828,6,thinking_minus_think_answer,0.36174201965332387,True,True
Qwen_Qwen3-14B,14B,14.0,gsm8k_test_000828,6,thinking_minus_no_think_answer,2.1774120330810582,True,True
Qwen_Qwen3-14B,14B,14.0,gsm8k_test_000828,13,think_answer_minus_no_think_answer,1.8702983856201172,True,True
Qwen_Qwen3-14B,14B,14.0,gsm8k_test_000828,13,thinking_minus_think_answer,-1.3288469314575195,True,True
Qwen_Qwen3-14B,14B,14.0,gsm8k_test_000828,13,thinking_minus_no_think_answer,0.5414514541625977,True,True
Qwen_Qwen3-14B,14B,14.0,gsm8k_test_000828,20,think_answer_minus_no_think_answer,0.11386775970458807,True,True
Qwen_Qwen3-14B,14B,14.0,gsm8k_test_000828,20,thinking_minus_think_answer,0.1314048767089826,True,True
Qwen_Qwen3-14B,14B,14.0,gsm8k_test_000828,20,thinking_minus_no_think_answer,0.24527263641357067,True,True
Qwen_Qwen3-14B,14B,14.0,gsm8k_test_000829,6,think_answer_minus_no_think_answer,0.08020877838134588,True,True
Qwen_Qwen3-14B,14B,14.0,gsm8k_test_000829,6,thinking_minus_think_answer,-0.9995031356811523,True,True
Qwen_Qwen3-14B,14B,14.0,gsm8k_test_000829,6,thinking_minus_no_think_answer,-0.9192943572998065,True,True
Qwen_Qwen3-14B,14B,14.0,gsm8k_test_000829,13,think_answer_minus_no_think_answer,0.0924835205078125,True,True
Qwen_Qwen3-14B,14B,14.0,gsm8k_test_000829,13,thinking_minus_think_answer,1.292367935180664,True,True
Qwen_Qwen3-14B,14B,14.0,gsm8k_test_000829,13,thinking_minus_no_think_answer,1.3848514556884766,True,True
Qwen_Qwen3-14B,14B,14.0,gsm8k_test_000829,20,think_answer_minus_no_think_answer,0.2487659454345703,True,True
Qwen_Qwen3-14B,14B,14.0,gsm8k_test_000829,20,thinking_minus_think_answer,1.3440141677856428,True,True
Qwen_Qwen3-14B,14B,14.0,gsm8k_test_000829,20,thinking_minus_no_think_answer,1.592780113220213,True,True
Qwen_Qwen3-14B,14B,14.0,gsm8k_test_000830,6,think_answer_minus_no_think_answer,1.137731552124027,True,False
Qwen_Qwen3-14B,14B,14.0,gsm8k_test_000830,6,thinking_minus_think_answer,-6.6912794113159215,True,False
Qwen_Qwen3-14B,14B,14.0,gsm8k_test_000830,6,thinking_minus_no_think_answer,-5.5535478591918945,True,False
Qwen_Qwen3-14B,14B,14.0,gsm8k_test_000830,13,think_answer_minus_no_think_answer,0.3281192779540998,True,False
Qwen_Qwen3-14B,14B,14.0,gsm8k_test_000830,13,thinking_minus_think_answer,-1.3132925033569318,True,False
Qwen_Qwen3-14B,14B,14.0,gsm8k_test_000830,13,thinking_minus_no_think_answer,-0.985173225402832,True,False
Qwen_Qwen3-14B,14B,14.0,gsm8k_test_000830,20,think_answer_minus_no_think_answer,0.1761207580566424,True,False
Qwen_Qwen3-14B,14B,14.0,gsm8k_test_000830,20,thinking_minus_think_answer,-1.0625867843627947,True,False
Qwen_Qwen3-14B,14B,14.0,gsm8k_test_000830,20,thinking_minus_no_think_answer,-0.8864660263061523,True,False
Qwen_Qwen3-14B,14B,14.0,gsm8k_test_000848,6,think_answer_minus_no_think_answer,-0.25441551208496094,True,True
Qwen_Qwen3-14B,14B,14.0,gsm8k_test_000848,6,thinking_minus_think_answer,-0.7964658737182617,True,True
Qwen_Qwen3-14B,14B,14.0,gsm8k_test_000848,6,thinking_minus_no_think_answer,-1.0508813858032227,True,True
Qwen_Qwen3-14B,14B,14.0,gsm8k_test_000848,13,think_answer_minus_no_think_answer,0.5068359375,True,True
Qwen_Qwen3-14B,14B,14.0,gsm8k_test_000848,13,thinking_minus_think_answer,-1.053041458129881,True,True
Qwen_Qwen3-14B,14B,14.0,gsm8k_test_000848,13,thinking_minus_no_think_answer,-0.546205520629881,True,True
Qwen_Qwen3-14B,14B,14.0,gsm8k_test_000848,20,think_answer_minus_no_think_answer,-0.8939409255981428,True,True
Qwen_Qwen3-14B,14B,14.0,gsm8k_test_000848,20,thinking_minus_think_answer,0.720433235168457,True,True
Qwen_Qwen3-14B,14B,14.0,gsm8k_test_000848,20,thinking_minus_no_think_answer,-0.17350769042968572,True,True
Qwen_Qwen3-14B,14B,14.0,gsm8k_test_000852,6,think_answer_minus_no_think_answer,-1.824549674987793,False,False
Qwen_Qwen3-14B,14B,14.0,gsm8k_test_000852,6,thinking_minus_think_answer,0.9597654342651349,False,False
Qwen_Qwen3-14B,14B,14.0,gsm8k_test_000852,6,thinking_minus_no_think_answer,-0.864784240722658,False,False
Qwen_Qwen3-14B,14B,14.0,gsm8k_test_000852,13,think_answer_minus_no_think_answer,-1.5048646926879883,False,False
Qwen_Qwen3-14B,14B,14.0,gsm8k_test_000852,13,thinking_minus_think_answer,-2.491835594177248,False,False
Qwen_Qwen3-14B,14B,14.0,gsm8k_test_000852,13,thinking_minus_no_think_answer,-3.996700286865236,False,False
Qwen_Qwen3-14B,14B,14.0,gsm8k_test_000852,20,think_answer_minus_no_think_answer,-1.1520814895629883,False,False
Qwen_Qwen3-14B,14B,14.0,gsm8k_test_000852,20,thinking_minus_think_answer,-2.2519874572753906,False,False
Qwen_Qwen3-14B,14B,14.0,gsm8k_test_000852,20,thinking_minus_no_think_answer,-3.404068946838379,False,False
Qwen_Qwen3-14B,14B,14.0,gsm8k_test_000871,6,think_answer_minus_no_think_answer,1.7003650665283203,True,False
Qwen_Qwen3-14B,14B,14.0,gsm8k_test_000871,6,thinking_minus_think_answer,-3.3524045944213867,True,False
Qwen_Qwen3-14B,14B,14.0,gsm8k_test_000871,6,thinking_minus_no_think_answer,-1.6520395278930664,True,False
Qwen_Qwen3-14B,14B,14.0,gsm8k_test_000871,13,think_answer_minus_no_think_answer,0.8693809509277344,True,False
Qwen_Qwen3-14B,14B,14.0,gsm8k_test_000871,13,thinking_minus_think_answer,-1.4074010848999023,True,False
Qwen_Qwen3-14B,14B,14.0,gsm8k_test_000871,13,thinking_minus_no_think_answer,-0.538020133972168,True,False
Qwen_Qwen3-14B,14B,14.0,gsm8k_test_000871,20,think_answer_minus_no_think_answer,-0.14826202392578125,True,False
Qwen_Qwen3-14B,14B,14.0,gsm8k_test_000871,20,thinking_minus_think_answer,-1.3702669143676758,True,False
Qwen_Qwen3-14B,14B,14.0,gsm8k_test_000871,20,thinking_minus_no_think_answer,-1.518528938293457,True,False
Qwen_Qwen3-14B,14B,14.0,gsm8k_test_000875,6,think_answer_minus_no_think_answer,-0.42864036560058594,True,False
Qwen_Qwen3-14B,14B,14.0,gsm8k_test_000875,6,thinking_minus_think_answer,1.4865541458129883,True,False
Qwen_Qwen3-14B,14B,14.0,gsm8k_test_000875,6,thinking_minus_no_think_answer,1.0579137802124023,True,False
Qwen_Qwen3-14B,14B,14.0,gsm8k_test_000875,13,think_answer_minus_no_think_answer,0.5422477722167951,True,False
Qwen_Qwen3-14B,14B,14.0,gsm8k_test_000875,13,thinking_minus_think_answer,0.7303285598754883,True,False
Qwen_Qwen3-14B,14B,14.0,gsm8k_test_000875,13,thinking_minus_no_think_answer,1.2725763320922834,True,False
Qwen_Qwen3-14B,14B,14.0,gsm8k_test_000875,20,think_answer_minus_no_think_answer,1.5773344039916992,True,False
Qwen_Qwen3-14B,14B,14.0,gsm8k_test_000875,20,thinking_minus_think_answer,-0.41597652435302734,True,False
Qwen_Qwen3-14B,14B,14.0,gsm8k_test_000875,20,thinking_minus_no_think_answer,1.1613578796386719,True,False
Qwen_Qwen3-14B,14B,14.0,gsm8k_test_000891,6,think_answer_minus_no_think_answer,-1.471059799194336,True,True
Qwen_Qwen3-14B,14B,14.0,gsm8k_test_000891,6,thinking_minus_think_answer,-2.2841711044311523,True,True
Qwen_Qwen3-14B,14B,14.0,gsm8k_test_000891,6,thinking_minus_no_think_answer,-3.7552309036254883,True,True
Qwen_Qwen3-14B,14B,14.0,gsm8k_test_000891,13,think_answer_minus_no_think_answer,-0.4015960693359375,True,True
Qwen_Qwen3-14B,14B,14.0,gsm8k_test_000891,13,thinking_minus_think_answer,1.1025781631469744,True,True
Qwen_Qwen3-14B,14B,14.0,gsm8k_test_000891,13,thinking_minus_no_think_answer,0.7009820938110369,True,True
Qwen_Qwen3-14B,14B,14.0,gsm8k_test_000891,20,think_answer_minus_no_think_answer,0.8231124877929688,True,True
Qwen_Qwen3-14B,14B,14.0,gsm8k_test_000891,20,thinking_minus_think_answer,0.35187816619873047,True,True
Qwen_Qwen3-14B,14B,14.0,gsm8k_test_000891,20,thinking_minus_no_think_answer,1.1749906539916992,True,True
Qwen_Qwen3-14B,14B,14.0,gsm8k_test_000896,6,think_answer_minus_no_think_answer,-0.7700672149658203,True,True
Qwen_Qwen3-14B,14B,14.0,gsm8k_test_000896,6,thinking_minus_think_answer,4.241952896118164,True,True
Qwen_Qwen3-14B,14B,14.0,gsm8k_test_000896,6,thinking_minus_no_think_answer,3.4718856811523438,True,True
Qwen_Qwen3-14B,14B,14.0,gsm8k_test_000896,13,think_answer_minus_no_think_answer,-0.741912841796875,True,True
Qwen_Qwen3-14B,14B,14.0,gsm8k_test_000896,13,thinking_minus_think_answer,3.051980972290039,True,True
Qwen_Qwen3-14B,14B,14.0,gsm8k_test_000896,13,thinking_minus_no_think_answer,2.310068130493164,True,True
Qwen_Qwen3-14B,14B,14.0,gsm8k_test_000896,20,think_answer_minus_no_think_answer,-0.8061637878417969,True,True
Qwen_Qwen3-14B,14B,14.0,gsm8k_test_000896,20,thinking_minus_think_answer,1.2073078155517578,True,True
Qwen_Qwen3-14B,14B,14.0,gsm8k_test_000896,20,thinking_minus_no_think_answer,0.40114402770996094,True,True
Qwen_Qwen3-14B,14B,14.0,gsm8k_test_000900,6,think_answer_minus_no_think_answer,0.05519390106201172,True,True
Qwen_Qwen3-14B,14B,14.0,gsm8k_test_000900,6,thinking_minus_think_answer,-1.3240242004394531,True,True
Qwen_Qwen3-14B,14B,14.0,gsm8k_test_000900,6,thinking_minus_no_think_answer,-1.2688302993774414,True,True
Qwen_Qwen3-14B,14B,14.0,gsm8k_test_000900,13,think_answer_minus_no_think_answer,-0.1137838363647461,True,True
Qwen_Qwen3-14B,14B,14.0,gsm8k_test_000900,13,thinking_minus_think_answer,0.29506111145019354,True,True
Qwen_Qwen3-14B,14B,14.0,gsm8k_test_000900,13,thinking_minus_no_think_answer,0.18127727508544744,True,True
Qwen_Qwen3-14B,14B,14.0,gsm8k_test_000900,20,think_answer_minus_no_think_answer,-1.7539291381835938,True,True
Qwen_Qwen3-14B,14B,14.0,gsm8k_test_000900,20,thinking_minus_think_answer,1.4905576705932617,True,True
Qwen_Qwen3-14B,14B,14.0,gsm8k_test_000900,20,thinking_minus_no_think_answer,-0.26337146759033203,True,True
Qwen_Qwen3-14B,14B,14.0,gsm8k_test_000901,6,think_answer_minus_no_think_answer,-3.1846675872802734,True,False
Qwen_Qwen3-14B,14B,14.0,gsm8k_test_000901,6,thinking_minus_think_answer,-3.7250938415527344,True,False
Qwen_Qwen3-14B,14B,14.0,gsm8k_test_000901,6,thinking_minus_no_think_answer,-6.909761428833008,True,False
Qwen_Qwen3-14B,14B,14.0,gsm8k_test_000901,13,think_answer_minus_no_think_answer,-1.2581357955932617,True,False
Qwen_Qwen3-14B,14B,14.0,gsm8k_test_000901,13,thinking_minus_think_answer,-0.8654565811157227,True,False
Qwen_Qwen3-14B,14B,14.0,gsm8k_test_000901,13,thinking_minus_no_think_answer,-2.1235923767089844,True,False
Qwen_Qwen3-14B,14B,14.0,gsm8k_test_000901,20,think_answer_minus_no_think_answer,-1.9163274765014648,True,False
Qwen_Qwen3-14B,14B,14.0,gsm8k_test_000901,20,thinking_minus_think_answer,0.3038291931152344,True,False
Qwen_Qwen3-14B,14B,14.0,gsm8k_test_000901,20,thinking_minus_no_think_answer,-1.6124982833862305,True,False
Qwen_Qwen3-14B,14B,14.0,gsm8k_test_000911,6,think_answer_minus_no_think_answer,0.5903968811035156,True,True
Qwen_Qwen3-14B,14B,14.0,gsm8k_test_000911,6,thinking_minus_think_answer,2.469294548034668,True,True
Qwen_Qwen3-14B,14B,14.0,gsm8k_test_000911,6,thinking_minus_no_think_answer,3.0596914291381836,True,True
Qwen_Qwen3-14B,14B,14.0,gsm8k_test_000911,13,think_answer_minus_no_think_answer,1.6645803451538086,True,True
Qwen_Qwen3-14B,14B,14.0,gsm8k_test_000911,13,thinking_minus_think_answer,-1.8353528976440447,True,True
Qwen_Qwen3-14B,14B,14.0,gsm8k_test_000911,13,thinking_minus_no_think_answer,-0.17077255249023615,True,True
Qwen_Qwen3-14B,14B,14.0,gsm8k_test_000911,20,think_answer_minus_no_think_answer,-0.05836677551269709,True,True
Qwen_Qwen3-14B,14B,14.0,gsm8k_test_000911,20,thinking_minus_think_answer,-0.4353599548339844,True,True
Qwen_Qwen3-14B,14B,14.0,gsm8k_test_000911,20,thinking_minus_no_think_answer,-0.49372673034668146,True,True
Qwen_Qwen3-14B,14B,14.0,gsm8k_test_000913,6,think_answer_minus_no_think_answer,0.35550403594970703,True,True
Qwen_Qwen3-14B,14B,14.0,gsm8k_test_000913,6,thinking_minus_think_answer,2.2781524658203125,True,True
Qwen_Qwen3-14B,14B,14.0,gsm8k_test_000913,6,thinking_minus_no_think_answer,2.6336565017700195,True,True
Qwen_Qwen3-14B,14B,14.0,gsm8k_test_000913,13,think_answer_minus_no_think_answer,1.1729879379272443,True,True
Qwen_Qwen3-14B,14B,14.0,gsm8k_test_000913,13,thinking_minus_think_answer,0.27085399627685547,True,True
Qwen_Qwen3-14B,14B,14.0,gsm8k_test_000913,13,thinking_minus_no_think_answer,1.4438419342040998,True,True
Qwen_Qwen3-14B,14B,14.0,gsm8k_test_000913,20,think_answer_minus_no_think_answer,-0.42444324493408203,True,True
Qwen_Qwen3-14B,14B,14.0,gsm8k_test_000913,20,thinking_minus_think_answer,1.094834327697754,True,True
Qwen_Qwen3-14B,14B,14.0,gsm8k_test_000913,20,thinking_minus_no_think_answer,0.6703910827636719,True,True
Qwen_Qwen3-14B,14B,14.0,gsm8k_test_000914,6,think_answer_minus_no_think_answer,4.264966011047363,True,True
Qwen_Qwen3-14B,14B,14.0,gsm8k_test_000914,6,thinking_minus_think_answer,0.2463512420654297,True,True
Qwen_Qwen3-14B,14B,14.0,gsm8k_test_000914,6,thinking_minus_no_think_answer,4.511317253112793,True,True
Qwen_Qwen3-14B,14B,14.0,gsm8k_test_000914,13,think_answer_minus_no_think_answer,-0.014177322387697089,True,True
Qwen_Qwen3-14B,14B,14.0,gsm8k_test_000914,13,thinking_minus_think_answer,1.817155838012697,True,True
Qwen_Qwen3-14B,14B,14.0,gsm8k_test_000914,13,thinking_minus_no_think_answer,1.802978515625,True,True
Qwen_Qwen3-14B,14B,14.0,gsm8k_test_000914,20,think_answer_minus_no_think_answer,-0.3505725860595703,True,True
Qwen_Qwen3-14B,14B,14.0,gsm8k_test_000914,20,thinking_minus_think_answer,1.1123828887939453,True,True
Qwen_Qwen3-14B,14B,14.0,gsm8k_test_000914,20,thinking_minus_no_think_answer,0.761810302734375,True,True
Qwen_Qwen3-14B,14B,14.0,gsm8k_test_000915,6,think_answer_minus_no_think_answer,-0.23911571502685547,True,True
Qwen_Qwen3-14B,14B,14.0,gsm8k_test_000915,6,thinking_minus_think_answer,1.8107166290283203,True,True
Qwen_Qwen3-14B,14B,14.0,gsm8k_test_000915,6,thinking_minus_no_think_answer,1.5716009140014648,True,True
Qwen_Qwen3-14B,14B,14.0,gsm8k_test_000915,13,think_answer_minus_no_think_answer,-0.23237228393554688,True,True
Qwen_Qwen3-14B,14B,14.0,gsm8k_test_000915,13,thinking_minus_think_answer,1.628440856933592,True,True
Qwen_Qwen3-14B,14B,14.0,gsm8k_test_000915,13,thinking_minus_no_think_answer,1.396068572998045,True,True
Qwen_Qwen3-14B,14B,14.0,gsm8k_test_000915,20,think_answer_minus_no_think_answer,-1.2005348205566406,True,True
Qwen_Qwen3-14B,14B,14.0,gsm8k_test_000915,20,thinking_minus_think_answer,2.187917709350584,True,True
Qwen_Qwen3-14B,14B,14.0,gsm8k_test_000915,20,thinking_minus_no_think_answer,0.9873828887939435,True,True
Qwen_Qwen3-14B,14B,14.0,gsm8k_test_000917,6,think_answer_minus_no_think_answer,2.651998519897461,True,True
Qwen_Qwen3-14B,14B,14.0,gsm8k_test_000917,6,thinking_minus_think_answer,5.675508499145508,True,True
Qwen_Qwen3-14B,14B,14.0,gsm8k_test_000917,6,thinking_minus_no_think_answer,8.327507019042969,True,True
Qwen_Qwen3-14B,14B,14.0,gsm8k_test_000917,13,think_answer_minus_no_think_answer,2.8127479553222656,True,True
Qwen_Qwen3-14B,14B,14.0,gsm8k_test_000917,13,thinking_minus_think_answer,1.279810905456543,True,True
Qwen_Qwen3-14B,14B,14.0,gsm8k_test_000917,13,thinking_minus_no_think_answer,4.092558860778809,True,True
Qwen_Qwen3-14B,14B,14.0,gsm8k_test_000917,20,think_answer_minus_no_think_answer,-0.2542448043823242,True,True
Qwen_Qwen3-14B,14B,14.0,gsm8k_test_000917,20,thinking_minus_think_answer,2.28690242767334,True,True
Qwen_Qwen3-14B,14B,14.0,gsm8k_test_000917,20,thinking_minus_no_think_answer,2.0326576232910156,True,True
Qwen_Qwen3-14B,14B,14.0,gsm8k_test_000921,6,think_answer_minus_no_think_answer,-3.7046680450439453,True,True
Qwen_Qwen3-14B,14B,14.0,gsm8k_test_000921,6,thinking_minus_think_answer,1.4251060485839844,True,True
Qwen_Qwen3-14B,14B,14.0,gsm8k_test_000921,6,thinking_minus_no_think_answer,-2.279561996459961,True,True
Qwen_Qwen3-14B,14B,14.0,gsm8k_test_000921,13,think_answer_minus_no_think_answer,-0.7814779281616211,True,True
Qwen_Qwen3-14B,14B,14.0,gsm8k_test_000921,13,thinking_minus_think_answer,0.2876434326171893,True,True
Qwen_Qwen3-14B,14B,14.0,gsm8k_test_000921,13,thinking_minus_no_think_answer,-0.4938344955444318,True,True
Qwen_Qwen3-14B,14B,14.0,gsm8k_test_000921,20,think_answer_minus_no_think_answer,-1.2006378173828125,True,True
Qwen_Qwen3-14B,14B,14.0,gsm8k_test_000921,20,thinking_minus_think_answer,1.1540260314941424,True,True
Qwen_Qwen3-14B,14B,14.0,gsm8k_test_000921,20,thinking_minus_no_think_answer,-0.0466117858886701,True,True
Qwen_Qwen3-14B,14B,14.0,gsm8k_test_000923,6,think_answer_minus_no_think_answer,-3.251155853271481,False,True
Qwen_Qwen3-14B,14B,14.0,gsm8k_test_000923,6,thinking_minus_think_answer,-5.224083900451664,False,True
Qwen_Qwen3-14B,14B,14.0,gsm8k_test_000923,6,thinking_minus_no_think_answer,-8.475239753723145,False,True
Qwen_Qwen3-14B,14B,14.0,gsm8k_test_000923,13,think_answer_minus_no_think_answer,-0.9213590621948242,False,True
Qwen_Qwen3-14B,14B,14.0,gsm8k_test_000923,13,thinking_minus_think_answer,-3.590055465698242,False,True
Qwen_Qwen3-14B,14B,14.0,gsm8k_test_000923,13,thinking_minus_no_think_answer,-4.511414527893066,False,True
Qwen_Qwen3-14B,14B,14.0,gsm8k_test_000923,20,think_answer_minus_no_think_answer,-0.7006797790527344,False,True
Qwen_Qwen3-14B,14B,14.0,gsm8k_test_000923,20,thinking_minus_think_answer,-3.126530647277832,False,True
Qwen_Qwen3-14B,14B,14.0,gsm8k_test_000923,20,thinking_minus_no_think_answer,-3.8272104263305664,False,True
Qwen_Qwen3-14B,14B,14.0,gsm8k_test_000924,6,think_answer_minus_no_think_answer,-2.2518424987792933,True,True
Qwen_Qwen3-14B,14B,14.0,gsm8k_test_000924,6,thinking_minus_think_answer,-2.253917694091797,True,True
Qwen_Qwen3-14B,14B,14.0,gsm8k_test_000924,6,thinking_minus_no_think_answer,-4.50576019287109,True,True
Qwen_Qwen3-14B,14B,14.0,gsm8k_test_000924,13,think_answer_minus_no_think_answer,1.3260297775268555,True,True
Qwen_Qwen3-14B,14B,14.0,gsm8k_test_000924,13,thinking_minus_think_answer,-3.4581480026245117,True,True
Qwen_Qwen3-14B,14B,14.0,gsm8k_test_000924,13,thinking_minus_no_think_answer,-2.1321182250976562,True,True
Qwen_Qwen3-14B,14B,14.0,gsm8k_test_000924,20,think_answer_minus_no_think_answer,-0.8253574371337873,True,True
Qwen_Qwen3-14B,14B,14.0,gsm8k_test_000924,20,thinking_minus_think_answer,-2.2553291320800817,True,True
Qwen_Qwen3-14B,14B,14.0,gsm8k_test_000924,20,thinking_minus_no_think_answer,-3.080686569213869,True,True
Qwen_Qwen3-14B,14B,14.0,gsm8k_test_000930,6,think_answer_minus_no_think_answer,1.6867742538452148,True,True
Qwen_Qwen3-14B,14B,14.0,gsm8k_test_000930,6,thinking_minus_think_answer,3.0494899749755895,True,True
Qwen_Qwen3-14B,14B,14.0,gsm8k_test_000930,6,thinking_minus_no_think_answer,4.736264228820804,True,True
Qwen_Qwen3-14B,14B,14.0,gsm8k_test_000930,13,think_answer_minus_no_think_answer,0.2107067108154297,True,True
Qwen_Qwen3-14B,14B,14.0,gsm8k_test_000930,13,thinking_minus_think_answer,1.0368928909301758,True,True
Qwen_Qwen3-14B,14B,14.0,gsm8k_test_000930,13,thinking_minus_no_think_answer,1.2475996017456055,True,True
Qwen_Qwen3-14B,14B,14.0,gsm8k_test_000930,20,think_answer_minus_no_think_answer,0.059487342834472656,True,True
Qwen_Qwen3-14B,14B,14.0,gsm8k_test_000930,20,thinking_minus_think_answer,0.8174953460693359,True,True
Qwen_Qwen3-14B,14B,14.0,gsm8k_test_000930,20,thinking_minus_no_think_answer,0.8769826889038086,True,True
Qwen_Qwen3-14B,14B,14.0,gsm8k_test_000948,6,think_answer_minus_no_think_answer,-2.6154022216796875,True,False
Qwen_Qwen3-14B,14B,14.0,gsm8k_test_000948,6,thinking_minus_think_answer,-1.1155786514282209,True,False
Qwen_Qwen3-14B,14B,14.0,gsm8k_test_000948,6,thinking_minus_no_think_answer,-3.7309808731079084,True,False
Qwen_Qwen3-14B,14B,14.0,gsm8k_test_000948,13,think_answer_minus_no_think_answer,0.4234561920166051,True,False
Qwen_Qwen3-14B,14B,14.0,gsm8k_test_000948,13,thinking_minus_think_answer,-0.48589801788330256,True,False
Qwen_Qwen3-14B,14B,14.0,gsm8k_test_000948,13,thinking_minus_no_think_answer,-0.06244182586669744,True,False
Qwen_Qwen3-14B,14B,14.0,gsm8k_test_000948,20,think_answer_minus_no_think_answer,-0.15445995330810547,True,False
Qwen_Qwen3-14B,14B,14.0,gsm8k_test_000948,20,thinking_minus_think_answer,0.38372802734375,True,False
Qwen_Qwen3-14B,14B,14.0,gsm8k_test_000948,20,thinking_minus_no_think_answer,0.22926807403564453,True,False
Qwen_Qwen3-14B,14B,14.0,gsm8k_test_000956,6,think_answer_minus_no_think_answer,-0.5108051300048828,True,True
Qwen_Qwen3-14B,14B,14.0,gsm8k_test_000956,6,thinking_minus_think_answer,1.8485145568847656,True,True
Qwen_Qwen3-14B,14B,14.0,gsm8k_test_000956,6,thinking_minus_no_think_answer,1.3377094268798828,True,True
Qwen_Qwen3-14B,14B,14.0,gsm8k_test_000956,13,think_answer_minus_no_think_answer,-0.17211055755615234,True,True
Qwen_Qwen3-14B,14B,14.0,gsm8k_test_000956,13,thinking_minus_think_answer,0.2688713073730469,True,True
Qwen_Qwen3-14B,14B,14.0,gsm8k_test_000956,13,thinking_minus_no_think_answer,0.09676074981689453,True,True
Qwen_Qwen3-14B,14B,14.0,gsm8k_test_000956,20,think_answer_minus_no_think_answer,0.7254581451416016,True,True
Qwen_Qwen3-14B,14B,14.0,gsm8k_test_000956,20,thinking_minus_think_answer,0.10597705841064275,True,True
Qwen_Qwen3-14B,14B,14.0,gsm8k_test_000956,20,thinking_minus_no_think_answer,0.8314352035522443,True,True
Qwen_Qwen3-14B,14B,14.0,gsm8k_test_000960,6,think_answer_minus_no_think_answer,-0.09302043914794744,True,True
Qwen_Qwen3-14B,14B,14.0,gsm8k_test_000960,6,thinking_minus_think_answer,0.945220947265625,True,True
Qwen_Qwen3-14B,14B,14.0,gsm8k_test_000960,6,thinking_minus_no_think_answer,0.8522005081176776,True,True
Qwen_Qwen3-14B,14B,14.0,gsm8k_test_000960,13,think_answer_minus_no_think_answer,2.144646644592285,True,True
Qwen_Qwen3-14B,14B,14.0,gsm8k_test_000960,13,thinking_minus_think_answer,-1.8427324295043945,True,True
Qwen_Qwen3-14B,14B,14.0,gsm8k_test_000960,13,thinking_minus_no_think_answer,0.3019142150878906,True,True
Qwen_Qwen3-14B,14B,14.0,gsm8k_test_000960,20,think_answer_minus_no_think_answer,0.7775821685791016,True,True
Qwen_Qwen3-14B,14B,14.0,gsm8k_test_000960,20,thinking_minus_think_answer,0.6538305282592773,True,True
Qwen_Qwen3-14B,14B,14.0,gsm8k_test_000960,20,thinking_minus_no_think_answer,1.431412696838379,True,True
Qwen_Qwen3-14B,14B,14.0,gsm8k_test_000965,6,think_answer_minus_no_think_answer,1.1469640731811523,True,False
Qwen_Qwen3-14B,14B,14.0,gsm8k_test_000965,6,thinking_minus_think_answer,2.788428306579588,True,False
Qwen_Qwen3-14B,14B,14.0,gsm8k_test_000965,6,thinking_minus_no_think_answer,3.9353923797607404,True,False
Qwen_Qwen3-14B,14B,14.0,gsm8k_test_000965,13,think_answer_minus_no_think_answer,0.23038673400878906,True,False
Qwen_Qwen3-14B,14B,14.0,gsm8k_test_000965,13,thinking_minus_think_answer,1.893663406372072,True,False
Qwen_Qwen3-14B,14B,14.0,gsm8k_test_000965,13,thinking_minus_no_think_answer,2.124050140380861,True,False
Qwen_Qwen3-14B,14B,14.0,gsm8k_test_000965,20,think_answer_minus_no_think_answer,-0.6927709579467773,True,False
Qwen_Qwen3-14B,14B,14.0,gsm8k_test_000965,20,thinking_minus_think_answer,1.5646944046020526,True,False
Qwen_Qwen3-14B,14B,14.0,gsm8k_test_000965,20,thinking_minus_no_think_answer,0.8719234466552752,True,False
Qwen_Qwen3-14B,14B,14.0,gsm8k_test_000977,6,think_answer_minus_no_think_answer,1.9156112670898438,True,True
Qwen_Qwen3-14B,14B,14.0,gsm8k_test_000977,6,thinking_minus_think_answer,5.997720718383789,True,True
Qwen_Qwen3-14B,14B,14.0,gsm8k_test_000977,6,thinking_minus_no_think_answer,7.913331985473633,True,True
Qwen_Qwen3-14B,14B,14.0,gsm8k_test_000977,13,think_answer_minus_no_think_answer,1.336867332458496,True,True
Qwen_Qwen3-14B,14B,14.0,gsm8k_test_000977,13,thinking_minus_think_answer,0.2142791748046875,True,True
Qwen_Qwen3-14B,14B,14.0,gsm8k_test_000977,13,thinking_minus_no_think_answer,1.5511465072631836,True,True
Qwen_Qwen3-14B,14B,14.0,gsm8k_test_000977,20,think_answer_minus_no_think_answer,0.04309749603271307,True,True
Qwen_Qwen3-14B,14B,14.0,gsm8k_test_000977,20,thinking_minus_think_answer,-1.0792570114135707,True,True
Qwen_Qwen3-14B,14B,14.0,gsm8k_test_000977,20,thinking_minus_no_think_answer,-1.0361595153808576,True,True
Qwen_Qwen3-14B,14B,14.0,gsm8k_test_000988,6,think_answer_minus_no_think_answer,-1.6872844696044922,True,True
Qwen_Qwen3-14B,14B,14.0,gsm8k_test_000988,6,thinking_minus_think_answer,-2.4078102111816406,True,True
Qwen_Qwen3-14B,14B,14.0,gsm8k_test_000988,6,thinking_minus_no_think_answer,-4.095094680786133,True,True
Qwen_Qwen3-14B,14B,14.0,gsm8k_test_000988,13,think_answer_minus_no_think_answer,-0.3960533142089826,True,True
Qwen_Qwen3-14B,14B,14.0,gsm8k_test_000988,13,thinking_minus_think_answer,-1.7491598129272496,True,True
Qwen_Qwen3-14B,14B,14.0,gsm8k_test_000988,13,thinking_minus_no_think_answer,-2.1452131271362322,True,True
Qwen_Qwen3-14B,14B,14.0,gsm8k_test_000988,20,think_answer_minus_no_think_answer,-0.7817316055297852,True,True
Qwen_Qwen3-14B,14B,14.0,gsm8k_test_000988,20,thinking_minus_think_answer,0.14943408966064275,True,True
Qwen_Qwen3-14B,14B,14.0,gsm8k_test_000988,20,thinking_minus_no_think_answer,-0.6322975158691424,True,True
Qwen_Qwen3-14B,14B,14.0,gsm8k_test_000990,6,think_answer_minus_no_think_answer,-1.1862821578979474,True,True
Qwen_Qwen3-14B,14B,14.0,gsm8k_test_000990,6,thinking_minus_think_answer,-1.913586616516115,True,True
Qwen_Qwen3-14B,14B,14.0,gsm8k_test_000990,6,thinking_minus_no_think_answer,-3.0998687744140625,True,True
Qwen_Qwen3-14B,14B,14.0,gsm8k_test_000990,13,think_answer_minus_no_think_answer,-0.08913993835449219,True,True
Qwen_Qwen3-14B,14B,14.0,gsm8k_test_000990,13,thinking_minus_think_answer,-1.4623537063598633,True,True
Qwen_Qwen3-14B,14B,14.0,gsm8k_test_000990,13,thinking_minus_no_think_answer,-1.5514936447143555,True,True
Qwen_Qwen3-14B,14B,14.0,gsm8k_test_000990,20,think_answer_minus_no_think_answer,-0.7752933502197266,True,True
Qwen_Qwen3-14B,14B,14.0,gsm8k_test_000990,20,thinking_minus_think_answer,0.11506748199463068,True,True
Qwen_Qwen3-14B,14B,14.0,gsm8k_test_000990,20,thinking_minus_no_think_answer,-0.6602258682250959,True,True
Qwen_Qwen3-14B,14B,14.0,gsm8k_test_000995,6,think_answer_minus_no_think_answer,1.9926986694335938,True,True
Qwen_Qwen3-14B,14B,14.0,gsm8k_test_000995,6,thinking_minus_think_answer,-2.3182373046875,True,True
Qwen_Qwen3-14B,14B,14.0,gsm8k_test_000995,6,thinking_minus_no_think_answer,-0.32553863525390625,True,True
Qwen_Qwen3-14B,14B,14.0,gsm8k_test_000995,13,think_answer_minus_no_think_answer,-1.532362937927246,True,True
Qwen_Qwen3-14B,14B,14.0,gsm8k_test_000995,13,thinking_minus_think_answer,-0.8719806671142578,True,True
Qwen_Qwen3-14B,14B,14.0,gsm8k_test_000995,13,thinking_minus_no_think_answer,-2.404343605041504,True,True
Qwen_Qwen3-14B,14B,14.0,gsm8k_test_000995,20,think_answer_minus_no_think_answer,-1.1392335891723615,True,True
Qwen_Qwen3-14B,14B,14.0,gsm8k_test_000995,20,thinking_minus_think_answer,0.6258287429809588,True,True
Qwen_Qwen3-14B,14B,14.0,gsm8k_test_000995,20,thinking_minus_no_think_answer,-0.5134048461914027,True,True
Qwen_Qwen3-14B,14B,14.0,gsm8k_test_001002,6,think_answer_minus_no_think_answer,-0.36513423919677557,True,True
Qwen_Qwen3-14B,14B,14.0,gsm8k_test_001002,6,thinking_minus_think_answer,12.968531608581541,True,True
Qwen_Qwen3-14B,14B,14.0,gsm8k_test_001002,6,thinking_minus_no_think_answer,12.603397369384766,True,True
Qwen_Qwen3-14B,14B,14.0,gsm8k_test_001002,13,think_answer_minus_no_think_answer,0.7861948013305629,True,True
Qwen_Qwen3-14B,14B,14.0,gsm8k_test_001002,13,thinking_minus_think_answer,2.585298538208008,True,True
Qwen_Qwen3-14B,14B,14.0,gsm8k_test_001002,13,thinking_minus_no_think_answer,3.3714933395385707,True,True
Qwen_Qwen3-14B,14B,14.0,gsm8k_test_001002,20,think_answer_minus_no_think_answer,-0.9342689514160156,True,True
Qwen_Qwen3-14B,14B,14.0,gsm8k_test_001002,20,thinking_minus_think_answer,0.7274961471557599,True,True
Qwen_Qwen3-14B,14B,14.0,gsm8k_test_001002,20,thinking_minus_no_think_answer,-0.20677280426025568,True,True
Qwen_Qwen3-14B,14B,14.0,gsm8k_test_001006,6,think_answer_minus_no_think_answer,3.9225759506225586,True,True
Qwen_Qwen3-14B,14B,14.0,gsm8k_test_001006,6,thinking_minus_think_answer,-3.130786895751955,True,True
Qwen_Qwen3-14B,14B,14.0,gsm8k_test_001006,6,thinking_minus_no_think_answer,0.7917890548706037,True,True
Qwen_Qwen3-14B,14B,14.0,gsm8k_test_001006,13,think_answer_minus_no_think_answer,1.0263261795043945,True,True
Qwen_Qwen3-14B,14B,14.0,gsm8k_test_001006,13,thinking_minus_think_answer,-0.929783821105957,True,True
Qwen_Qwen3-14B,14B,14.0,gsm8k_test_001006,13,thinking_minus_no_think_answer,0.0965423583984375,True,True
Qwen_Qwen3-14B,14B,14.0,gsm8k_test_001006,20,think_answer_minus_no_think_answer,0.1468963623046875,True,True
Qwen_Qwen3-14B,14B,14.0,gsm8k_test_001006,20,thinking_minus_think_answer,-0.8033809661865234,True,True
Qwen_Qwen3-14B,14B,14.0,gsm8k_test_001006,20,thinking_minus_no_think_answer,-0.6564846038818359,True,True
Qwen_Qwen3-14B,14B,14.0,gsm8k_test_001008,6,think_answer_minus_no_think_answer,-1.9026985168457031,True,False
Qwen_Qwen3-14B,14B,14.0,gsm8k_test_001008,6,thinking_minus_think_answer,2.780303955078125,True,False
Qwen_Qwen3-14B,14B,14.0,gsm8k_test_001008,6,thinking_minus_no_think_answer,0.8776054382324219,True,False
Qwen_Qwen3-14B,14B,14.0,gsm8k_test_001008,13,think_answer_minus_no_think_answer,1.2250423431396484,True,False
Qwen_Qwen3-14B,14B,14.0,gsm8k_test_001008,13,thinking_minus_think_answer,-0.04047584533691406,True,False
Qwen_Qwen3-14B,14B,14.0,gsm8k_test_001008,13,thinking_minus_no_think_answer,1.1845664978027344,True,False
Qwen_Qwen3-14B,14B,14.0,gsm8k_test_001008,20,think_answer_minus_no_think_answer,-1.1208343505859375,True,False
Qwen_Qwen3-14B,14B,14.0,gsm8k_test_001008,20,thinking_minus_think_answer,1.6245784759521484,True,False
Qwen_Qwen3-14B,14B,14.0,gsm8k_test_001008,20,thinking_minus_no_think_answer,0.5037441253662109,True,False
Qwen_Qwen3-14B,14B,14.0,gsm8k_test_001009,6,think_answer_minus_no_think_answer,2.358745574951172,True,True
Qwen_Qwen3-14B,14B,14.0,gsm8k_test_001009,6,thinking_minus_think_answer,-0.6341056823730469,True,True
Qwen_Qwen3-14B,14B,14.0,gsm8k_test_001009,6,thinking_minus_no_think_answer,1.724639892578125,True,True
Qwen_Qwen3-14B,14B,14.0,gsm8k_test_001009,13,think_answer_minus_no_think_answer,0.7111968994140625,True,True
Qwen_Qwen3-14B,14B,14.0,gsm8k_test_001009,13,thinking_minus_think_answer,-0.34833335876464844,True,True
Qwen_Qwen3-14B,14B,14.0,gsm8k_test_001009,13,thinking_minus_no_think_answer,0.36286354064941406,True,True
Qwen_Qwen3-14B,14B,14.0,gsm8k_test_001009,20,think_answer_minus_no_think_answer,0.769864082336424,True,True
Qwen_Qwen3-14B,14B,14.0,gsm8k_test_001009,20,thinking_minus_think_answer,0.6832160949707031,True,True
Qwen_Qwen3-14B,14B,14.0,gsm8k_test_001009,20,thinking_minus_no_think_answer,1.4530801773071271,True,True
Qwen_Qwen3-14B,14B,14.0,gsm8k_test_001013,6,think_answer_minus_no_think_answer,-3.5869922637939418,True,False
Qwen_Qwen3-14B,14B,14.0,gsm8k_test_001013,6,thinking_minus_think_answer,1.5923576354980433,True,False
Qwen_Qwen3-14B,14B,14.0,gsm8k_test_001013,6,thinking_minus_no_think_answer,-1.9946346282958984,True,False
Qwen_Qwen3-14B,14B,14.0,gsm8k_test_001013,13,think_answer_minus_no_think_answer,-0.5166664123535156,True,False
Qwen_Qwen3-14B,14B,14.0,gsm8k_test_001013,13,thinking_minus_think_answer,1.3952579498291051,True,False
Qwen_Qwen3-14B,14B,14.0,gsm8k_test_001013,13,thinking_minus_no_think_answer,0.8785915374755895,True,False
Qwen_Qwen3-14B,14B,14.0,gsm8k_test_001013,20,think_answer_minus_no_think_answer,-1.567626953125,True,False
Qwen_Qwen3-14B,14B,14.0,gsm8k_test_001013,20,thinking_minus_think_answer,1.0102653503417969,True,False
Qwen_Qwen3-14B,14B,14.0,gsm8k_test_001013,20,thinking_minus_no_think_answer,-0.5573616027832031,True,False
Qwen_Qwen3-14B,14B,14.0,gsm8k_test_001017,6,think_answer_minus_no_think_answer,-2.4014110565185547,True,True
Qwen_Qwen3-14B,14B,14.0,gsm8k_test_001017,6,thinking_minus_think_answer,2.4128742218017543,True,True
Qwen_Qwen3-14B,14B,14.0,gsm8k_test_001017,6,thinking_minus_no_think_answer,0.011463165283199572,True,True
Qwen_Qwen3-14B,14B,14.0,gsm8k_test_001017,13,think_answer_minus_no_think_answer,0.6294193267822266,True,True
Qwen_Qwen3-14B,14B,14.0,gsm8k_test_001017,13,thinking_minus_think_answer,0.8664464950561506,True,True
Qwen_Qwen3-14B,14B,14.0,gsm8k_test_001017,13,thinking_minus_no_think_answer,1.4958658218383771,True,True
Qwen_Qwen3-14B,14B,14.0,gsm8k_test_001017,20,think_answer_minus_no_think_answer,-1.1779251098632812,True,True
Qwen_Qwen3-14B,14B,14.0,gsm8k_test_001017,20,thinking_minus_think_answer,1.3653154373168945,True,True
Qwen_Qwen3-14B,14B,14.0,gsm8k_test_001017,20,thinking_minus_no_think_answer,0.18739032745361328,True,True
Qwen_Qwen3-14B,14B,14.0,gsm8k_test_001026,6,think_answer_minus_no_think_answer,1.2753887176513636,True,True
Qwen_Qwen3-14B,14B,14.0,gsm8k_test_001026,6,thinking_minus_think_answer,-3.4668769836425746,True,True
Qwen_Qwen3-14B,14B,14.0,gsm8k_test_001026,6,thinking_minus_no_think_answer,-2.191488265991211,True,True
Qwen_Qwen3-14B,14B,14.0,gsm8k_test_001026,13,think_answer_minus_no_think_answer,1.657701492309572,True,True
Qwen_Qwen3-14B,14B,14.0,gsm8k_test_001026,13,thinking_minus_think_answer,-1.3769693374633807,True,True
Qwen_Qwen3-14B,14B,14.0,gsm8k_test_001026,13,thinking_minus_no_think_answer,0.2807321548461914,True,True
Qwen_Qwen3-14B,14B,14.0,gsm8k_test_001026,20,think_answer_minus_no_think_answer,-0.13932418823242543,True,True
Qwen_Qwen3-14B,14B,14.0,gsm8k_test_001026,20,thinking_minus_think_answer,0.3224229812622088,True,True
Qwen_Qwen3-14B,14B,14.0,gsm8k_test_001026,20,thinking_minus_no_think_answer,0.18309879302978338,True,True
Qwen_Qwen3-14B,14B,14.0,gsm8k_test_001031,6,think_answer_minus_no_think_answer,1.6119251251220703,True,True
Qwen_Qwen3-14B,14B,14.0,gsm8k_test_001031,6,thinking_minus_think_answer,-0.8317699432373047,True,True
Qwen_Qwen3-14B,14B,14.0,gsm8k_test_001031,6,thinking_minus_no_think_answer,0.7801551818847656,True,True
Qwen_Qwen3-14B,14B,14.0,gsm8k_test_001031,13,think_answer_minus_no_think_answer,0.009001731872558594,True,True
Qwen_Qwen3-14B,14B,14.0,gsm8k_test_001031,13,thinking_minus_think_answer,-0.24311447143554688,True,True
Qwen_Qwen3-14B,14B,14.0,gsm8k_test_001031,13,thinking_minus_no_think_answer,-0.23411273956298828,True,True
Qwen_Qwen3-14B,14B,14.0,gsm8k_test_001031,20,think_answer_minus_no_think_answer,-0.3601875305175799,True,True
Qwen_Qwen3-14B,14B,14.0,gsm8k_test_001031,20,thinking_minus_think_answer,0.04370880126953125,True,True
Qwen_Qwen3-14B,14B,14.0,gsm8k_test_001031,20,thinking_minus_no_think_answer,-0.31647872924804865,True,True
Qwen_Qwen3-14B,14B,14.0,gsm8k_test_001038,6,think_answer_minus_no_think_answer,-0.8559064865112322,True,True
Qwen_Qwen3-14B,14B,14.0,gsm8k_test_001038,6,thinking_minus_think_answer,-0.2021894454956037,True,True
Qwen_Qwen3-14B,14B,14.0,gsm8k_test_001038,6,thinking_minus_no_think_answer,-1.058095932006836,True,True
Qwen_Qwen3-14B,14B,14.0,gsm8k_test_001038,13,think_answer_minus_no_think_answer,-1.4257278442382812,True,True
Qwen_Qwen3-14B,14B,14.0,gsm8k_test_001038,13,thinking_minus_think_answer,1.3217105865478516,True,True
Qwen_Qwen3-14B,14B,14.0,gsm8k_test_001038,13,thinking_minus_no_think_answer,-0.10401725769042969,True,True
Qwen_Qwen3-14B,14B,14.0,gsm8k_test_001038,20,think_answer_minus_no_think_answer,-1.14630126953125,True,True
Qwen_Qwen3-14B,14B,14.0,gsm8k_test_001038,20,thinking_minus_think_answer,0.11429023742675781,True,True
Qwen_Qwen3-14B,14B,14.0,gsm8k_test_001038,20,thinking_minus_no_think_answer,-1.0320110321044922,True,True
Qwen_Qwen3-14B,14B,14.0,gsm8k_test_001043,6,think_answer_minus_no_think_answer,0.5081729888915998,True,True
Qwen_Qwen3-14B,14B,14.0,gsm8k_test_001043,6,thinking_minus_think_answer,0.9112844467163086,True,True
Qwen_Qwen3-14B,14B,14.0,gsm8k_test_001043,6,thinking_minus_no_think_answer,1.4194574356079084,True,True
Qwen_Qwen3-14B,14B,14.0,gsm8k_test_001043,13,think_answer_minus_no_think_answer,0.1519775390625,True,True
Qwen_Qwen3-14B,14B,14.0,gsm8k_test_001043,13,thinking_minus_think_answer,1.50480365753174,True,True
Qwen_Qwen3-14B,14B,14.0,gsm8k_test_001043,13,thinking_minus_no_think_answer,1.65678119659424,True,True
Qwen_Qwen3-14B,14B,14.0,gsm8k_test_001043,20,think_answer_minus_no_think_answer,0.34104728698730646,True,True
Qwen_Qwen3-14B,14B,14.0,gsm8k_test_001043,20,thinking_minus_think_answer,1.683825492858885,True,True
Qwen_Qwen3-14B,14B,14.0,gsm8k_test_001043,20,thinking_minus_no_think_answer,2.0248727798461914,True,True
Qwen_Qwen3-14B,14B,14.0,gsm8k_test_001047,6,think_answer_minus_no_think_answer,2.1094255447387713,True,True
Qwen_Qwen3-14B,14B,14.0,gsm8k_test_001047,6,thinking_minus_think_answer,-0.4363536834716797,True,True
Qwen_Qwen3-14B,14B,14.0,gsm8k_test_001047,6,thinking_minus_no_think_answer,1.6730718612670916,True,True
Qwen_Qwen3-14B,14B,14.0,gsm8k_test_001047,13,think_answer_minus_no_think_answer,0.1779422760009748,True,True
Qwen_Qwen3-14B,14B,14.0,gsm8k_test_001047,13,thinking_minus_think_answer,1.365957260131836,True,True
Qwen_Qwen3-14B,14B,14.0,gsm8k_test_001047,13,thinking_minus_no_think_answer,1.5438995361328107,True,True
Qwen_Qwen3-14B,14B,14.0,gsm8k_test_001047,20,think_answer_minus_no_think_answer,-0.7343816757202131,True,True
Qwen_Qwen3-14B,14B,14.0,gsm8k_test_001047,20,thinking_minus_think_answer,0.9035425186157209,True,True
Qwen_Qwen3-14B,14B,14.0,gsm8k_test_001047,20,thinking_minus_no_think_answer,0.1691608428955078,True,True
Qwen_Qwen3-14B,14B,14.0,gsm8k_test_001052,6,think_answer_minus_no_think_answer,0.13646316528320312,True,True
Qwen_Qwen3-14B,14B,14.0,gsm8k_test_001052,6,thinking_minus_think_answer,-0.5919713973999023,True,True
Qwen_Qwen3-14B,14B,14.0,gsm8k_test_001052,6,thinking_minus_no_think_answer,-0.4555082321166992,True,True
Qwen_Qwen3-14B,14B,14.0,gsm8k_test_001052,13,think_answer_minus_no_think_answer,0.7541704177856428,True,True
Qwen_Qwen3-14B,14B,14.0,gsm8k_test_001052,13,thinking_minus_think_answer,-1.7606496810913068,True,True
Qwen_Qwen3-14B,14B,14.0,gsm8k_test_001052,13,thinking_minus_no_think_answer,-1.006479263305664,True,True
Qwen_Qwen3-14B,14B,14.0,gsm8k_test_001052,20,think_answer_minus_no_think_answer,0.0226936340332049,True,True
Qwen_Qwen3-14B,14B,14.0,gsm8k_test_001052,20,thinking_minus_think_answer,1.0013999938964826,True,True
Qwen_Qwen3-14B,14B,14.0,gsm8k_test_001052,20,thinking_minus_no_think_answer,1.0240936279296875,True,True
Qwen_Qwen3-14B,14B,14.0,gsm8k_test_001058,6,think_answer_minus_no_think_answer,0.4866752624511719,True,True
Qwen_Qwen3-14B,14B,14.0,gsm8k_test_001058,6,thinking_minus_think_answer,-4.616499900817871,True,True
Qwen_Qwen3-14B,14B,14.0,gsm8k_test_001058,6,thinking_minus_no_think_answer,-4.129824638366699,True,True
Qwen_Qwen3-14B,14B,14.0,gsm8k_test_001058,13,think_answer_minus_no_think_answer,1.1740684509277362,True,True
Qwen_Qwen3-14B,14B,14.0,gsm8k_test_001058,13,thinking_minus_think_answer,-3.653578758239748,True,True
Qwen_Qwen3-14B,14B,14.0,gsm8k_test_001058,13,thinking_minus_no_think_answer,-2.4795103073120117,True,True
Qwen_Qwen3-14B,14B,14.0,gsm8k_test_001058,20,think_answer_minus_no_think_answer,-0.6302881240844709,True,True
Qwen_Qwen3-14B,14B,14.0,gsm8k_test_001058,20,thinking_minus_think_answer,-0.02953624725342152,True,True
Qwen_Qwen3-14B,14B,14.0,gsm8k_test_001058,20,thinking_minus_no_think_answer,-0.6598243713378924,True,True
Qwen_Qwen3-14B,14B,14.0,gsm8k_test_001059,6,think_answer_minus_no_think_answer,-4.265923500061035,True,True
Qwen_Qwen3-14B,14B,14.0,gsm8k_test_001059,6,thinking_minus_think_answer,6.363337516784668,True,True
Qwen_Qwen3-14B,14B,14.0,gsm8k_test_001059,6,thinking_minus_no_think_answer,2.097414016723633,True,True
Qwen_Qwen3-14B,14B,14.0,gsm8k_test_001059,13,think_answer_minus_no_think_answer,-2.1716842651367188,True,True
Qwen_Qwen3-14B,14B,14.0,gsm8k_test_001059,13,thinking_minus_think_answer,2.0822429656982404,True,True
Qwen_Qwen3-14B,14B,14.0,gsm8k_test_001059,13,thinking_minus_no_think_answer,-0.08944129943847834,True,True
Qwen_Qwen3-14B,14B,14.0,gsm8k_test_001059,20,think_answer_minus_no_think_answer,0.24039840698242188,True,True
Qwen_Qwen3-14B,14B,14.0,gsm8k_test_001059,20,thinking_minus_think_answer,0.5973825454711914,True,True
Qwen_Qwen3-14B,14B,14.0,gsm8k_test_001059,20,thinking_minus_no_think_answer,0.8377809524536133,True,True
Qwen_Qwen3-14B,14B,14.0,gsm8k_test_001079,6,think_answer_minus_no_think_answer,0.250460624694826,True,False
Qwen_Qwen3-14B,14B,14.0,gsm8k_test_001079,6,thinking_minus_think_answer,-3.6698579788208026,True,False
Qwen_Qwen3-14B,14B,14.0,gsm8k_test_001079,6,thinking_minus_no_think_answer,-3.4193973541259766,True,False
Qwen_Qwen3-14B,14B,14.0,gsm8k_test_001079,13,think_answer_minus_no_think_answer,3.46185302734375,True,False
Qwen_Qwen3-14B,14B,14.0,gsm8k_test_001079,13,thinking_minus_think_answer,-4.612162590026854,True,False
Qwen_Qwen3-14B,14B,14.0,gsm8k_test_001079,13,thinking_minus_no_think_answer,-1.1503095626831037,True,False
Qwen_Qwen3-14B,14B,14.0,gsm8k_test_001079,20,think_answer_minus_no_think_answer,0.24975967407226385,True,False
Qwen_Qwen3-14B,14B,14.0,gsm8k_test_001079,20,thinking_minus_think_answer,-1.1516971588134766,True,False
Qwen_Qwen3-14B,14B,14.0,gsm8k_test_001079,20,thinking_minus_no_think_answer,-0.9019374847412127,True,False
Qwen_Qwen3-14B,14B,14.0,gsm8k_test_001082,6,think_answer_minus_no_think_answer,1.5837097167968714,False,False
Qwen_Qwen3-14B,14B,14.0,gsm8k_test_001082,6,thinking_minus_think_answer,-8.820824623107907,False,False
Qwen_Qwen3-14B,14B,14.0,gsm8k_test_001082,6,thinking_minus_no_think_answer,-7.237114906311035,False,False
Qwen_Qwen3-14B,14B,14.0,gsm8k_test_001082,13,think_answer_minus_no_think_answer,0.534698486328125,False,False
Qwen_Qwen3-14B,14B,14.0,gsm8k_test_001082,13,thinking_minus_think_answer,-2.5343055725097656,False,False
Qwen_Qwen3-14B,14B,14.0,gsm8k_test_001082,13,thinking_minus_no_think_answer,-1.9996070861816406,False,False
Qwen_Qwen3-14B,14B,14.0,gsm8k_test_001082,20,think_answer_minus_no_think_answer,-0.3379011154174787,False,False
Qwen_Qwen3-14B,14B,14.0,gsm8k_test_001082,20,thinking_minus_think_answer,-1.913792610168457,False,False
Qwen_Qwen3-14B,14B,14.0,gsm8k_test_001082,20,thinking_minus_no_think_answer,-2.2516937255859357,False,False
Qwen_Qwen3-14B,14B,14.0,gsm8k_test_001088,6,think_answer_minus_no_think_answer,-5.1312713623046875,False,False
Qwen_Qwen3-14B,14B,14.0,gsm8k_test_001088,6,thinking_minus_think_answer,-6.810183525085449,False,False
Qwen_Qwen3-14B,14B,14.0,gsm8k_test_001088,6,thinking_minus_no_think_answer,-11.941454887390137,False,False
Qwen_Qwen3-14B,14B,14.0,gsm8k_test_001088,13,think_answer_minus_no_think_answer,0.11026668548583984,False,False
Qwen_Qwen3-14B,14B,14.0,gsm8k_test_001088,13,thinking_minus_think_answer,-4.006350517272947,False,False
Qwen_Qwen3-14B,14B,14.0,gsm8k_test_001088,13,thinking_minus_no_think_answer,-3.8960838317871076,False,False
Qwen_Qwen3-14B,14B,14.0,gsm8k_test_001088,20,think_answer_minus_no_think_answer,0.22134017944335938,False,False
Qwen_Qwen3-14B,14B,14.0,gsm8k_test_001088,20,thinking_minus_think_answer,-2.725314140319824,False,False
Qwen_Qwen3-14B,14B,14.0,gsm8k_test_001088,20,thinking_minus_no_think_answer,-2.503973960876465,False,False
Qwen_Qwen3-14B,14B,14.0,gsm8k_test_001090,6,think_answer_minus_no_think_answer,5.752406120300291,True,False
Qwen_Qwen3-14B,14B,14.0,gsm8k_test_001090,6,thinking_minus_think_answer,-3.606678009033203,True,False
Qwen_Qwen3-14B,14B,14.0,gsm8k_test_001090,6,thinking_minus_no_think_answer,2.145728111267088,True,False
Qwen_Qwen3-14B,14B,14.0,gsm8k_test_001090,13,think_answer_minus_no_think_answer,-0.23690223693847834,True,False
Qwen_Qwen3-14B,14B,14.0,gsm8k_test_001090,13,thinking_minus_think_answer,-1.1480102539062482,True,False
Qwen_Qwen3-14B,14B,14.0,gsm8k_test_001090,13,thinking_minus_no_think_answer,-1.3849124908447266,True,False
Qwen_Qwen3-14B,14B,14.0,gsm8k_test_001090,20,think_answer_minus_no_think_answer,0.3571043014526367,True,False
Qwen_Qwen3-14B,14B,14.0,gsm8k_test_001090,20,thinking_minus_think_answer,-0.4479207992553711,True,False
Qwen_Qwen3-14B,14B,14.0,gsm8k_test_001090,20,thinking_minus_no_think_answer,-0.09081649780273438,True,False
Qwen_Qwen3-14B,14B,14.0,gsm8k_test_001094,6,think_answer_minus_no_think_answer,1.328603744506836,True,False
Qwen_Qwen3-14B,14B,14.0,gsm8k_test_001094,6,thinking_minus_think_answer,1.6953620910644531,True,False
Qwen_Qwen3-14B,14B,14.0,gsm8k_test_001094,6,thinking_minus_no_think_answer,3.023965835571289,True,False
Qwen_Qwen3-14B,14B,14.0,gsm8k_test_001094,13,think_answer_minus_no_think_answer,1.344517707824707,True,False
Qwen_Qwen3-14B,14B,14.0,gsm8k_test_001094,13,thinking_minus_think_answer,0.1419048309326172,True,False
Qwen_Qwen3-14B,14B,14.0,gsm8k_test_001094,13,thinking_minus_no_think_answer,1.4864225387573242,True,False
Qwen_Qwen3-14B,14B,14.0,gsm8k_test_001094,20,think_answer_minus_no_think_answer,-0.21230602264404297,True,False
Qwen_Qwen3-14B,14B,14.0,gsm8k_test_001094,20,thinking_minus_think_answer,0.7240104675292969,True,False
Qwen_Qwen3-14B,14B,14.0,gsm8k_test_001094,20,thinking_minus_no_think_answer,0.5117044448852539,True,False
Qwen_Qwen3-14B,14B,14.0,gsm8k_test_001096,6,think_answer_minus_no_think_answer,4.875591278076172,True,False
Qwen_Qwen3-14B,14B,14.0,gsm8k_test_001096,6,thinking_minus_think_answer,-8.113631248474121,True,False
Qwen_Qwen3-14B,14B,14.0,gsm8k_test_001096,6,thinking_minus_no_think_answer,-3.238039970397949,True,False
Qwen_Qwen3-14B,14B,14.0,gsm8k_test_001096,13,think_answer_minus_no_think_answer,2.290671348571779,True,False
Qwen_Qwen3-14B,14B,14.0,gsm8k_test_001096,13,thinking_minus_think_answer,-4.208142280578613,True,False
Qwen_Qwen3-14B,14B,14.0,gsm8k_test_001096,13,thinking_minus_no_think_answer,-1.9174709320068342,True,False
Qwen_Qwen3-14B,14B,14.0,gsm8k_test_001096,20,think_answer_minus_no_think_answer,1.9274368286132795,True,False
Qwen_Qwen3-14B,14B,14.0,gsm8k_test_001096,20,thinking_minus_think_answer,-3.3040590286254883,True,False
Qwen_Qwen3-14B,14B,14.0,gsm8k_test_001096,20,thinking_minus_no_think_answer,-1.3766222000122088,True,False
Qwen_Qwen3-14B,14B,14.0,gsm8k_test_001098,6,think_answer_minus_no_think_answer,0.766963005065918,True,True
Qwen_Qwen3-14B,14B,14.0,gsm8k_test_001098,6,thinking_minus_think_answer,-0.157989501953125,True,True
Qwen_Qwen3-14B,14B,14.0,gsm8k_test_001098,6,thinking_minus_no_think_answer,0.608973503112793,True,True
Qwen_Qwen3-14B,14B,14.0,gsm8k_test_001098,13,think_answer_minus_no_think_answer,1.1812562942504883,True,True
Qwen_Qwen3-14B,14B,14.0,gsm8k_test_001098,13,thinking_minus_think_answer,-1.4487247467041016,True,True
Qwen_Qwen3-14B,14B,14.0,gsm8k_test_001098,13,thinking_minus_no_think_answer,-0.2674684524536133,True,True
Qwen_Qwen3-14B,14B,14.0,gsm8k_test_001098,20,think_answer_minus_no_think_answer,-0.7696065902709979,True,True
Qwen_Qwen3-14B,14B,14.0,gsm8k_test_001098,20,thinking_minus_think_answer,0.447547912597658,True,True
Qwen_Qwen3-14B,14B,14.0,gsm8k_test_001098,20,thinking_minus_no_think_answer,-0.32205867767333984,True,True
Qwen_Qwen3-14B,14B,14.0,gsm8k_test_001106,6,think_answer_minus_no_think_answer,2.0755300521850604,True,True
Qwen_Qwen3-14B,14B,14.0,gsm8k_test_001106,6,thinking_minus_think_answer,4.925802230834961,True,True
Qwen_Qwen3-14B,14B,14.0,gsm8k_test_001106,6,thinking_minus_no_think_answer,7.001332283020021,True,True
Qwen_Qwen3-14B,14B,14.0,gsm8k_test_001106,13,think_answer_minus_no_think_answer,2.99971866607666,True,True
Qwen_Qwen3-14B,14B,14.0,gsm8k_test_001106,13,thinking_minus_think_answer,0.29751110076904297,True,True
Qwen_Qwen3-14B,14B,14.0,gsm8k_test_001106,13,thinking_minus_no_think_answer,3.297229766845703,True,True
Qwen_Qwen3-14B,14B,14.0,gsm8k_test_001106,20,think_answer_minus_no_think_answer,0.2504920959472692,True,True
Qwen_Qwen3-14B,14B,14.0,gsm8k_test_001106,20,thinking_minus_think_answer,1.8852663040161115,True,True
Qwen_Qwen3-14B,14B,14.0,gsm8k_test_001106,20,thinking_minus_no_think_answer,2.1357583999633807,True,True
Qwen_Qwen3-14B,14B,14.0,gsm8k_test_001108,6,think_answer_minus_no_think_answer,0.07286453247070312,True,True
Qwen_Qwen3-14B,14B,14.0,gsm8k_test_001108,6,thinking_minus_think_answer,6.984443664550781,True,True
Qwen_Qwen3-14B,14B,14.0,gsm8k_test_001108,6,thinking_minus_no_think_answer,7.057308197021484,True,True
Qwen_Qwen3-14B,14B,14.0,gsm8k_test_001108,13,think_answer_minus_no_think_answer,-0.2852039337158203,True,True
Qwen_Qwen3-14B,14B,14.0,gsm8k_test_001108,13,thinking_minus_think_answer,2.767597198486328,True,True
Qwen_Qwen3-14B,14B,14.0,gsm8k_test_001108,13,thinking_minus_no_think_answer,2.482393264770508,True,True
Qwen_Qwen3-14B,14B,14.0,gsm8k_test_001108,20,think_answer_minus_no_think_answer,0.3179454803466797,True,True
Qwen_Qwen3-14B,14B,14.0,gsm8k_test_001108,20,thinking_minus_think_answer,1.6385412216186523,True,True
Qwen_Qwen3-14B,14B,14.0,gsm8k_test_001108,20,thinking_minus_no_think_answer,1.956486701965332,True,True
Qwen_Qwen3-14B,14B,14.0,gsm8k_test_001123,6,think_answer_minus_no_think_answer,0.2763681411743164,True,False
Qwen_Qwen3-14B,14B,14.0,gsm8k_test_001123,6,thinking_minus_think_answer,0.9501504898071289,True,False
Qwen_Qwen3-14B,14B,14.0,gsm8k_test_001123,6,thinking_minus_no_think_answer,1.2265186309814453,True,False
Qwen_Qwen3-14B,14B,14.0,gsm8k_test_001123,13,think_answer_minus_no_think_answer,1.8394479751586932,True,False
Qwen_Qwen3-14B,14B,14.0,gsm8k_test_001123,13,thinking_minus_think_answer,-0.9604272842407244,True,False
Qwen_Qwen3-14B,14B,14.0,gsm8k_test_001123,13,thinking_minus_no_think_answer,0.8790206909179688,True,False
Qwen_Qwen3-14B,14B,14.0,gsm8k_test_001123,20,think_answer_minus_no_think_answer,0.5104475021362305,True,False
Qwen_Qwen3-14B,14B,14.0,gsm8k_test_001123,20,thinking_minus_think_answer,0.08197784423828125,True,False
Qwen_Qwen3-14B,14B,14.0,gsm8k_test_001123,20,thinking_minus_no_think_answer,0.5924253463745117,True,False
Qwen_Qwen3-14B,14B,14.0,gsm8k_test_001136,6,think_answer_minus_no_think_answer,2.3297996520996094,True,True
Qwen_Qwen3-14B,14B,14.0,gsm8k_test_001136,6,thinking_minus_think_answer,-4.062533378601074,True,True
Qwen_Qwen3-14B,14B,14.0,gsm8k_test_001136,6,thinking_minus_no_think_answer,-1.7327337265014648,True,True
Qwen_Qwen3-14B,14B,14.0,gsm8k_test_001136,13,think_answer_minus_no_think_answer,1.3542098999023438,True,True
Qwen_Qwen3-14B,14B,14.0,gsm8k_test_001136,13,thinking_minus_think_answer,-1.6402711868286115,True,True
Qwen_Qwen3-14B,14B,14.0,gsm8k_test_001136,13,thinking_minus_no_think_answer,-0.28606128692626775,True,True
Qwen_Qwen3-14B,14B,14.0,gsm8k_test_001136,20,think_answer_minus_no_think_answer,1.410177230834961,True,True
Qwen_Qwen3-14B,14B,14.0,gsm8k_test_001136,20,thinking_minus_think_answer,-0.7705268859863281,True,True
Qwen_Qwen3-14B,14B,14.0,gsm8k_test_001136,20,thinking_minus_no_think_answer,0.6396503448486328,True,True
Qwen_Qwen3-14B,14B,14.0,gsm8k_test_001144,6,think_answer_minus_no_think_answer,1.7866554260253906,True,True
Qwen_Qwen3-14B,14B,14.0,gsm8k_test_001144,6,thinking_minus_think_answer,-0.8333683013916016,True,True
Qwen_Qwen3-14B,14B,14.0,gsm8k_test_001144,6,thinking_minus_no_think_answer,0.9532871246337891,True,True
Qwen_Qwen3-14B,14B,14.0,gsm8k_test_001144,13,think_answer_minus_no_think_answer,2.268149375915529,True,True
Qwen_Qwen3-14B,14B,14.0,gsm8k_test_001144,13,thinking_minus_think_answer,-3.2821521759033203,True,True
Qwen_Qwen3-14B,14B,14.0,gsm8k_test_001144,13,thinking_minus_no_think_answer,-1.0140027999877912,True,True
Qwen_Qwen3-14B,14B,14.0,gsm8k_test_001144,20,think_answer_minus_no_think_answer,0.4314498901367205,True,True
Qwen_Qwen3-14B,14B,14.0,gsm8k_test_001144,20,thinking_minus_think_answer,-1.4012537002563494,True,True
Qwen_Qwen3-14B,14B,14.0,gsm8k_test_001144,20,thinking_minus_no_think_answer,-0.9698038101196289,True,True
Qwen_Qwen3-14B,14B,14.0,gsm8k_test_001145,6,think_answer_minus_no_think_answer,-0.00830841064453125,True,False
Qwen_Qwen3-14B,14B,14.0,gsm8k_test_001145,6,thinking_minus_think_answer,-4.708827972412109,True,False
Qwen_Qwen3-14B,14B,14.0,gsm8k_test_001145,6,thinking_minus_no_think_answer,-4.717136383056641,True,False
Qwen_Qwen3-14B,14B,14.0,gsm8k_test_001145,13,think_answer_minus_no_think_answer,1.4250097274780273,True,False
Qwen_Qwen3-14B,14B,14.0,gsm8k_test_001145,13,thinking_minus_think_answer,-2.3166952133178693,True,False
Qwen_Qwen3-14B,14B,14.0,gsm8k_test_001145,13,thinking_minus_no_think_answer,-0.891685485839842,True,False
Qwen_Qwen3-14B,14B,14.0,gsm8k_test_001145,20,think_answer_minus_no_think_answer,-0.2701025009155291,True,False
Qwen_Qwen3-14B,14B,14.0,gsm8k_test_001145,20,thinking_minus_think_answer,-1.0185537338256818,True,False
Qwen_Qwen3-14B,14B,14.0,gsm8k_test_001145,20,thinking_minus_no_think_answer,-1.288656234741211,True,False
Qwen_Qwen3-14B,14B,14.0,gsm8k_test_001161,6,think_answer_minus_no_think_answer,4.967751502990723,False,False
Qwen_Qwen3-14B,14B,14.0,gsm8k_test_001161,6,thinking_minus_think_answer,-9.0920934677124,False,False
Qwen_Qwen3-14B,14B,14.0,gsm8k_test_001161,6,thinking_minus_no_think_answer,-4.124341964721678,False,False
Qwen_Qwen3-14B,14B,14.0,gsm8k_test_001161,13,think_answer_minus_no_think_answer,3.833490371704105,False,False
Qwen_Qwen3-14B,14B,14.0,gsm8k_test_001161,13,thinking_minus_think_answer,-5.043821334838869,False,False
Qwen_Qwen3-14B,14B,14.0,gsm8k_test_001161,13,thinking_minus_no_think_answer,-1.2103309631347638,False,False
Qwen_Qwen3-14B,14B,14.0,gsm8k_test_001161,20,think_answer_minus_no_think_answer,-0.5822954177856445,False,False
Qwen_Qwen3-14B,14B,14.0,gsm8k_test_001161,20,thinking_minus_think_answer,-0.7458848953247053,False,False
Qwen_Qwen3-14B,14B,14.0,gsm8k_test_001161,20,thinking_minus_no_think_answer,-1.3281803131103498,False,False
Qwen_Qwen3-14B,14B,14.0,gsm8k_test_001164,6,think_answer_minus_no_think_answer,6.09915828704834,True,False
Qwen_Qwen3-14B,14B,14.0,gsm8k_test_001164,6,thinking_minus_think_answer,-0.5470218658447266,True,False
Qwen_Qwen3-14B,14B,14.0,gsm8k_test_001164,6,thinking_minus_no_think_answer,5.552136421203613,True,False
Qwen_Qwen3-14B,14B,14.0,gsm8k_test_001164,13,think_answer_minus_no_think_answer,-1.1199913024902344,True,False
Qwen_Qwen3-14B,14B,14.0,gsm8k_test_001164,13,thinking_minus_think_answer,1.4108085632324219,True,False
Qwen_Qwen3-14B,14B,14.0,gsm8k_test_001164,13,thinking_minus_no_think_answer,0.2908172607421875,True,False
Qwen_Qwen3-14B,14B,14.0,gsm8k_test_001164,20,think_answer_minus_no_think_answer,-0.5738992691040039,True,False
Qwen_Qwen3-14B,14B,14.0,gsm8k_test_001164,20,thinking_minus_think_answer,0.3172159194946289,True,False
Qwen_Qwen3-14B,14B,14.0,gsm8k_test_001164,20,thinking_minus_no_think_answer,-0.256683349609375,True,False
Qwen_Qwen3-14B,14B,14.0,gsm8k_test_001165,6,think_answer_minus_no_think_answer,3.1171674728393537,True,False
Qwen_Qwen3-14B,14B,14.0,gsm8k_test_001165,6,thinking_minus_think_answer,-4.456422805786135,True,False
Qwen_Qwen3-14B,14B,14.0,gsm8k_test_001165,6,thinking_minus_no_think_answer,-1.339255332946781,True,False
Qwen_Qwen3-14B,14B,14.0,gsm8k_test_001165,13,think_answer_minus_no_think_answer,1.2275676727294922,True,False
Qwen_Qwen3-14B,14B,14.0,gsm8k_test_001165,13,thinking_minus_think_answer,-2.866530418395996,True,False
Qwen_Qwen3-14B,14B,14.0,gsm8k_test_001165,13,thinking_minus_no_think_answer,-1.638962745666504,True,False
Qwen_Qwen3-14B,14B,14.0,gsm8k_test_001165,20,think_answer_minus_no_think_answer,0.9474287033081055,True,False
Qwen_Qwen3-14B,14B,14.0,gsm8k_test_001165,20,thinking_minus_think_answer,-1.5297489166259766,True,False
Qwen_Qwen3-14B,14B,14.0,gsm8k_test_001165,20,thinking_minus_no_think_answer,-0.5823202133178711,True,False
Qwen_Qwen3-14B,14B,14.0,gsm8k_test_001178,6,think_answer_minus_no_think_answer,1.3717517852783203,True,True
Qwen_Qwen3-14B,14B,14.0,gsm8k_test_001178,6,thinking_minus_think_answer,0.2166881561279297,True,True
Qwen_Qwen3-14B,14B,14.0,gsm8k_test_001178,6,thinking_minus_no_think_answer,1.58843994140625,True,True
Qwen_Qwen3-14B,14B,14.0,gsm8k_test_001178,13,think_answer_minus_no_think_answer,-0.5406627655029315,True,True
Qwen_Qwen3-14B,14B,14.0,gsm8k_test_001178,13,thinking_minus_think_answer,-0.050736427307128906,True,True
Qwen_Qwen3-14B,14B,14.0,gsm8k_test_001178,13,thinking_minus_no_think_answer,-0.5913991928100604,True,True
Qwen_Qwen3-14B,14B,14.0,gsm8k_test_001178,20,think_answer_minus_no_think_answer,-0.5738992691040057,True,True
Qwen_Qwen3-14B,14B,14.0,gsm8k_test_001178,20,thinking_minus_think_answer,0.35578632354736506,True,True
Qwen_Qwen3-14B,14B,14.0,gsm8k_test_001178,20,thinking_minus_no_think_answer,-0.21811294555664062,True,True
Qwen_Qwen3-14B,14B,14.0,gsm8k_test_001181,6,think_answer_minus_no_think_answer,1.9275360107421875,True,False
Qwen_Qwen3-14B,14B,14.0,gsm8k_test_001181,6,thinking_minus_think_answer,-7.914037704467773,True,False
Qwen_Qwen3-14B,14B,14.0,gsm8k_test_001181,6,thinking_minus_no_think_answer,-5.986501693725586,True,False
Qwen_Qwen3-14B,14B,14.0,gsm8k_test_001181,13,think_answer_minus_no_think_answer,0.28197479248046875,True,False
Qwen_Qwen3-14B,14B,14.0,gsm8k_test_001181,13,thinking_minus_think_answer,-1.1853237152099592,True,False
Qwen_Qwen3-14B,14B,14.0,gsm8k_test_001181,13,thinking_minus_no_think_answer,-0.9033489227294904,True,False
Qwen_Qwen3-14B,14B,14.0,gsm8k_test_001181,20,think_answer_minus_no_think_answer,-1.4812936782836932,True,False
Qwen_Qwen3-14B,14B,14.0,gsm8k_test_001181,20,thinking_minus_think_answer,0.2916622161865252,True,False
Qwen_Qwen3-14B,14B,14.0,gsm8k_test_001181,20,thinking_minus_no_think_answer,-1.189631462097168,True,False
Qwen_Qwen3-14B,14B,14.0,gsm8k_test_001182,6,think_answer_minus_no_think_answer,-1.207632064819336,True,True
Qwen_Qwen3-14B,14B,14.0,gsm8k_test_001182,6,thinking_minus_think_answer,0.5778026580810565,True,True
Qwen_Qwen3-14B,14B,14.0,gsm8k_test_001182,6,thinking_minus_no_think_answer,-0.6298294067382795,True,True
Qwen_Qwen3-14B,14B,14.0,gsm8k_test_001182,13,think_answer_minus_no_think_answer,-0.41612815856933594,True,True
Qwen_Qwen3-14B,14B,14.0,gsm8k_test_001182,13,thinking_minus_think_answer,1.1567163467407227,True,True
Qwen_Qwen3-14B,14B,14.0,gsm8k_test_001182,13,thinking_minus_no_think_answer,0.7405881881713867,True,True
Qwen_Qwen3-14B,14B,14.0,gsm8k_test_001182,20,think_answer_minus_no_think_answer,-0.6668567657470721,True,True
Qwen_Qwen3-14B,14B,14.0,gsm8k_test_001182,20,thinking_minus_think_answer,0.6257009506225586,True,True
Qwen_Qwen3-14B,14B,14.0,gsm8k_test_001182,20,thinking_minus_no_think_answer,-0.041155815124513495,True,True
Qwen_Qwen3-14B,14B,14.0,gsm8k_test_001183,6,think_answer_minus_no_think_answer,-0.45833778381347656,True,True
Qwen_Qwen3-14B,14B,14.0,gsm8k_test_001183,6,thinking_minus_think_answer,-4.4654035568237305,True,True
Qwen_Qwen3-14B,14B,14.0,gsm8k_test_001183,6,thinking_minus_no_think_answer,-4.923741340637207,True,True
Qwen_Qwen3-14B,14B,14.0,gsm8k_test_001183,13,think_answer_minus_no_think_answer,-0.09669208526611328,True,True
Qwen_Qwen3-14B,14B,14.0,gsm8k_test_001183,13,thinking_minus_think_answer,-2.614809036254883,True,True
Qwen_Qwen3-14B,14B,14.0,gsm8k_test_001183,13,thinking_minus_no_think_answer,-2.711501121520996,True,True
Qwen_Qwen3-14B,14B,14.0,gsm8k_test_001183,20,think_answer_minus_no_think_answer,-0.4008321762084961,True,True
Qwen_Qwen3-14B,14B,14.0,gsm8k_test_001183,20,thinking_minus_think_answer,-2.1474790573120117,True,True
Qwen_Qwen3-14B,14B,14.0,gsm8k_test_001183,20,thinking_minus_no_think_answer,-2.548311233520508,True,True
Qwen_Qwen3-14B,14B,14.0,gsm8k_test_001186,6,think_answer_minus_no_think_answer,1.0560245513916016,True,True
Qwen_Qwen3-14B,14B,14.0,gsm8k_test_001186,6,thinking_minus_think_answer,-4.251459121704102,True,True
Qwen_Qwen3-14B,14B,14.0,gsm8k_test_001186,6,thinking_minus_no_think_answer,-3.1954345703125,True,True
Qwen_Qwen3-14B,14B,14.0,gsm8k_test_001186,13,think_answer_minus_no_think_answer,0.993525505065918,True,True
Qwen_Qwen3-14B,14B,14.0,gsm8k_test_001186,13,thinking_minus_think_answer,-3.4545946121215803,True,True
Qwen_Qwen3-14B,14B,14.0,gsm8k_test_001186,13,thinking_minus_no_think_answer,-2.4610691070556623,True,True
Qwen_Qwen3-14B,14B,14.0,gsm8k_test_001186,20,think_answer_minus_no_think_answer,0.06595325469970703,True,True
Qwen_Qwen3-14B,14B,14.0,gsm8k_test_001186,20,thinking_minus_think_answer,-1.363410949707033,True,True
Qwen_Qwen3-14B,14B,14.0,gsm8k_test_001186,20,thinking_minus_no_think_answer,-1.297457695007326,True,True
Qwen_Qwen3-14B,14B,14.0,gsm8k_test_001188,6,think_answer_minus_no_think_answer,0.23363208770751953,True,True
Qwen_Qwen3-14B,14B,14.0,gsm8k_test_001188,6,thinking_minus_think_answer,-4.202567100524902,True,True
Qwen_Qwen3-14B,14B,14.0,gsm8k_test_001188,6,thinking_minus_no_think_answer,-3.968935012817383,True,True
Qwen_Qwen3-14B,14B,14.0,gsm8k_test_001188,13,think_answer_minus_no_think_answer,0.518836975097658,True,True
Qwen_Qwen3-14B,14B,14.0,gsm8k_test_001188,13,thinking_minus_think_answer,-1.4763145446777362,True,True
Qwen_Qwen3-14B,14B,14.0,gsm8k_test_001188,13,thinking_minus_no_think_answer,-0.9574775695800781,True,True
Qwen_Qwen3-14B,14B,14.0,gsm8k_test_001188,20,think_answer_minus_no_think_answer,-0.3573894500732422,True,True
Qwen_Qwen3-14B,14B,14.0,gsm8k_test_001188,20,thinking_minus_think_answer,-0.37120723724365234,True,True
Qwen_Qwen3-14B,14B,14.0,gsm8k_test_001188,20,thinking_minus_no_think_answer,-0.7285966873168945,True,True
Qwen_Qwen3-14B,14B,14.0,gsm8k_test_001191,6,think_answer_minus_no_think_answer,-2.74163818359375,True,True
Qwen_Qwen3-14B,14B,14.0,gsm8k_test_001191,6,thinking_minus_think_answer,0.9505519866943359,True,True
Qwen_Qwen3-14B,14B,14.0,gsm8k_test_001191,6,thinking_minus_no_think_answer,-1.791086196899414,True,True
Qwen_Qwen3-14B,14B,14.0,gsm8k_test_001191,13,think_answer_minus_no_think_answer,-0.1356334686279279,True,True
Qwen_Qwen3-14B,14B,14.0,gsm8k_test_001191,13,thinking_minus_think_answer,0.08113956451416016,True,True
Qwen_Qwen3-14B,14B,14.0,gsm8k_test_001191,13,thinking_minus_no_think_answer,-0.054493904113767755,True,True
Qwen_Qwen3-14B,14B,14.0,gsm8k_test_001191,20,think_answer_minus_no_think_answer,0.24624252319335938,True,True
Qwen_Qwen3-14B,14B,14.0,gsm8k_test_001191,20,thinking_minus_think_answer,-0.09348011016845525,True,True
Qwen_Qwen3-14B,14B,14.0,gsm8k_test_001191,20,thinking_minus_no_think_answer,0.15276241302490412,True,True
Qwen_Qwen3-14B,14B,14.0,gsm8k_test_001201,6,think_answer_minus_no_think_answer,2.6451635360717756,True,False
Qwen_Qwen3-14B,14B,14.0,gsm8k_test_001201,6,thinking_minus_think_answer,-0.5755891799926758,True,False
Qwen_Qwen3-14B,14B,14.0,gsm8k_test_001201,6,thinking_minus_no_think_answer,2.0695743560791,True,False
Qwen_Qwen3-14B,14B,14.0,gsm8k_test_001201,13,think_answer_minus_no_think_answer,2.0784406661987322,True,False
Qwen_Qwen3-14B,14B,14.0,gsm8k_test_001201,13,thinking_minus_think_answer,-2.6770429611206072,True,False
Qwen_Qwen3-14B,14B,14.0,gsm8k_test_001201,13,thinking_minus_no_think_answer,-0.598602294921875,True,False
Qwen_Qwen3-14B,14B,14.0,gsm8k_test_001201,20,think_answer_minus_no_think_answer,0.829933166503908,True,False
Qwen_Qwen3-14B,14B,14.0,gsm8k_test_001201,20,thinking_minus_think_answer,-1.302433967590332,True,False
Qwen_Qwen3-14B,14B,14.0,gsm8k_test_001201,20,thinking_minus_no_think_answer,-0.472500801086424,True,False
Qwen_Qwen3-14B,14B,14.0,gsm8k_test_001208,6,think_answer_minus_no_think_answer,-0.46723365783691406,True,False
Qwen_Qwen3-14B,14B,14.0,gsm8k_test_001208,6,thinking_minus_think_answer,2.4382972717285156,True,False
Qwen_Qwen3-14B,14B,14.0,gsm8k_test_001208,6,thinking_minus_no_think_answer,1.9710636138916016,True,False
Qwen_Qwen3-14B,14B,14.0,gsm8k_test_001208,13,think_answer_minus_no_think_answer,0.15604209899902344,True,False
Qwen_Qwen3-14B,14B,14.0,gsm8k_test_001208,13,thinking_minus_think_answer,2.0125885009765625,True,False
Qwen_Qwen3-14B,14B,14.0,gsm8k_test_001208,13,thinking_minus_no_think_answer,2.168630599975586,True,False
Qwen_Qwen3-14B,14B,14.0,gsm8k_test_001208,20,think_answer_minus_no_think_answer,-3.6911087036132812,True,False
Qwen_Qwen3-14B,14B,14.0,gsm8k_test_001208,20,thinking_minus_think_answer,2.7068042755126953,True,False
Qwen_Qwen3-14B,14B,14.0,gsm8k_test_001208,20,thinking_minus_no_think_answer,-0.9843044281005859,True,False
Qwen_Qwen3-14B,14B,14.0,gsm8k_test_001209,6,think_answer_minus_no_think_answer,2.615753173828125,True,True
Qwen_Qwen3-14B,14B,14.0,gsm8k_test_001209,6,thinking_minus_think_answer,-2.213357925415039,True,True
Qwen_Qwen3-14B,14B,14.0,gsm8k_test_001209,6,thinking_minus_no_think_answer,0.40239524841308594,True,True
Qwen_Qwen3-14B,14B,14.0,gsm8k_test_001209,13,think_answer_minus_no_think_answer,0.1648645401001012,True,True
Qwen_Qwen3-14B,14B,14.0,gsm8k_test_001209,13,thinking_minus_think_answer,-0.3190660476684588,True,True
Qwen_Qwen3-14B,14B,14.0,gsm8k_test_001209,13,thinking_minus_no_think_answer,-0.1542015075683576,True,True
Qwen_Qwen3-14B,14B,14.0,gsm8k_test_001209,20,think_answer_minus_no_think_answer,-0.7534036636352504,True,True
Qwen_Qwen3-14B,14B,14.0,gsm8k_test_001209,20,thinking_minus_think_answer,0.775080680847168,True,True
Qwen_Qwen3-14B,14B,14.0,gsm8k_test_001209,20,thinking_minus_no_think_answer,0.021677017211917615,True,True
Qwen_Qwen3-14B,14B,14.0,gsm8k_test_001221,6,think_answer_minus_no_think_answer,-1.7017574310302752,True,True
Qwen_Qwen3-14B,14B,14.0,gsm8k_test_001221,6,thinking_minus_think_answer,8.654744148254395,True,True
Qwen_Qwen3-14B,14B,14.0,gsm8k_test_001221,6,thinking_minus_no_think_answer,6.952986717224119,True,True
Qwen_Qwen3-14B,14B,14.0,gsm8k_test_001221,13,think_answer_minus_no_think_answer,-1.5063028335571307,True,True
Qwen_Qwen3-14B,14B,14.0,gsm8k_test_001221,13,thinking_minus_think_answer,2.201608657836916,True,True
Qwen_Qwen3-14B,14B,14.0,gsm8k_test_001221,13,thinking_minus_no_think_answer,0.6953058242797852,True,True
Qwen_Qwen3-14B,14B,14.0,gsm8k_test_001221,20,think_answer_minus_no_think_answer,-1.204379081726076,True,True
Qwen_Qwen3-14B,14B,14.0,gsm8k_test_001221,20,thinking_minus_think_answer,1.4282102584838867,True,True
Qwen_Qwen3-14B,14B,14.0,gsm8k_test_001221,20,thinking_minus_no_think_answer,0.22383117675781072,True,True
Qwen_Qwen3-14B,14B,14.0,gsm8k_test_001225,6,think_answer_minus_no_think_answer,2.2094497680664062,True,True
Qwen_Qwen3-14B,14B,14.0,gsm8k_test_001225,6,thinking_minus_think_answer,1.2451362609863281,True,True
Qwen_Qwen3-14B,14B,14.0,gsm8k_test_001225,6,thinking_minus_no_think_answer,3.4545860290527344,True,True
Qwen_Qwen3-14B,14B,14.0,gsm8k_test_001225,13,think_answer_minus_no_think_answer,2.094493865966797,True,True
Qwen_Qwen3-14B,14B,14.0,gsm8k_test_001225,13,thinking_minus_think_answer,0.8186140060424805,True,True
Qwen_Qwen3-14B,14B,14.0,gsm8k_test_001225,13,thinking_minus_no_think_answer,2.9131078720092773,True,True
Qwen_Qwen3-14B,14B,14.0,gsm8k_test_001225,20,think_answer_minus_no_think_answer,1.1083230972290021,True,True
Qwen_Qwen3-14B,14B,14.0,gsm8k_test_001225,20,thinking_minus_think_answer,0.1778297424316424,True,True
Qwen_Qwen3-14B,14B,14.0,gsm8k_test_001225,20,thinking_minus_no_think_answer,1.2861528396606445,True,True
Qwen_Qwen3-14B,14B,14.0,gsm8k_test_001232,6,think_answer_minus_no_think_answer,-1.323324203491211,True,True
Qwen_Qwen3-14B,14B,14.0,gsm8k_test_001232,6,thinking_minus_think_answer,0.7181835174560547,True,True
Qwen_Qwen3-14B,14B,14.0,gsm8k_test_001232,6,thinking_minus_no_think_answer,-0.6051406860351562,True,True
Qwen_Qwen3-14B,14B,14.0,gsm8k_test_001232,13,think_answer_minus_no_think_answer,1.4030036926269531,True,True
Qwen_Qwen3-14B,14B,14.0,gsm8k_test_001232,13,thinking_minus_think_answer,-3.069220542907713,True,True
Qwen_Qwen3-14B,14B,14.0,gsm8k_test_001232,13,thinking_minus_no_think_answer,-1.66621685028076,True,True
Qwen_Qwen3-14B,14B,14.0,gsm8k_test_001232,20,think_answer_minus_no_think_answer,-1.239176750183109,True,True
Qwen_Qwen3-14B,14B,14.0,gsm8k_test_001232,20,thinking_minus_think_answer,0.8444662094116229,True,True
Qwen_Qwen3-14B,14B,14.0,gsm8k_test_001232,20,thinking_minus_no_think_answer,-0.39471054077148615,True,True
Qwen_Qwen3-14B,14B,14.0,gsm8k_test_001246,6,think_answer_minus_no_think_answer,1.1858301162719727,True,True
Qwen_Qwen3-14B,14B,14.0,gsm8k_test_001246,6,thinking_minus_think_answer,4.248186111450199,True,True
Qwen_Qwen3-14B,14B,14.0,gsm8k_test_001246,6,thinking_minus_no_think_answer,5.4340162277221715,True,True
Qwen_Qwen3-14B,14B,14.0,gsm8k_test_001246,13,think_answer_minus_no_think_answer,0.7134170532226562,True,True
Qwen_Qwen3-14B,14B,14.0,gsm8k_test_001246,13,thinking_minus_think_answer,0.1411600112915039,True,True
Qwen_Qwen3-14B,14B,14.0,gsm8k_test_001246,13,thinking_minus_no_think_answer,0.8545770645141602,True,True
Qwen_Qwen3-14B,14B,14.0,gsm8k_test_001246,20,think_answer_minus_no_think_answer,0.47186756134033203,True,True
Qwen_Qwen3-14B,14B,14.0,gsm8k_test_001246,20,thinking_minus_think_answer,0.4473915100097656,True,True
Qwen_Qwen3-14B,14B,14.0,gsm8k_test_001246,20,thinking_minus_no_think_answer,0.9192590713500977,True,True
Qwen_Qwen3-14B,14B,14.0,gsm8k_test_001247,6,think_answer_minus_no_think_answer,1.1216144561767578,True,False
Qwen_Qwen3-14B,14B,14.0,gsm8k_test_001247,6,thinking_minus_think_answer,1.909103393554691,True,False
Qwen_Qwen3-14B,14B,14.0,gsm8k_test_001247,6,thinking_minus_no_think_answer,3.030717849731449,True,False
Qwen_Qwen3-14B,14B,14.0,gsm8k_test_001247,13,think_answer_minus_no_think_answer,-0.842592239379881,True,False
Qwen_Qwen3-14B,14B,14.0,gsm8k_test_001247,13,thinking_minus_think_answer,1.0492029190063477,True,False
Qwen_Qwen3-14B,14B,14.0,gsm8k_test_001247,13,thinking_minus_no_think_answer,0.20661067962646662,True,False
Qwen_Qwen3-14B,14B,14.0,gsm8k_test_001247,20,think_answer_minus_no_think_answer,0.5236186981201172,True,False
Qwen_Qwen3-14B,14B,14.0,gsm8k_test_001247,20,thinking_minus_think_answer,1.0030803680419922,True,False
Qwen_Qwen3-14B,14B,14.0,gsm8k_test_001247,20,thinking_minus_no_think_answer,1.5266990661621094,True,False
Qwen_Qwen3-14B,14B,14.0,gsm8k_test_001251,6,think_answer_minus_no_think_answer,0.9330863952636719,True,False
Qwen_Qwen3-14B,14B,14.0,gsm8k_test_001251,6,thinking_minus_think_answer,-0.110995292663576,True,False
Qwen_Qwen3-14B,14B,14.0,gsm8k_test_001251,6,thinking_minus_no_think_answer,0.8220911026000959,True,False
Qwen_Qwen3-14B,14B,14.0,gsm8k_test_001251,13,think_answer_minus_no_think_answer,2.636612892150877,True,False
Qwen_Qwen3-14B,14B,14.0,gsm8k_test_001251,13,thinking_minus_think_answer,-2.5189256668090785,True,False
Qwen_Qwen3-14B,14B,14.0,gsm8k_test_001251,13,thinking_minus_no_think_answer,0.11768722534179865,True,False
Qwen_Qwen3-14B,14B,14.0,gsm8k_test_001251,20,think_answer_minus_no_think_answer,0.5776891708374023,True,False
Qwen_Qwen3-14B,14B,14.0,gsm8k_test_001251,20,thinking_minus_think_answer,-0.28293800354003906,True,False
Qwen_Qwen3-14B,14B,14.0,gsm8k_test_001251,20,thinking_minus_no_think_answer,0.2947511672973633,True,False
Qwen_Qwen3-14B,14B,14.0,gsm8k_test_001253,6,think_answer_minus_no_think_answer,1.2333393096923828,True,True
Qwen_Qwen3-14B,14B,14.0,gsm8k_test_001253,6,thinking_minus_think_answer,1.2054710388183594,True,True
Qwen_Qwen3-14B,14B,14.0,gsm8k_test_001253,6,thinking_minus_no_think_answer,2.438810348510742,True,True
Qwen_Qwen3-14B,14B,14.0,gsm8k_test_001253,13,think_answer_minus_no_think_answer,1.7472400665283203,True,True
Qwen_Qwen3-14B,14B,14.0,gsm8k_test_001253,13,thinking_minus_think_answer,-0.3805084228515625,True,True
Qwen_Qwen3-14B,14B,14.0,gsm8k_test_001253,13,thinking_minus_no_think_answer,1.3667316436767578,True,True
Qwen_Qwen3-14B,14B,14.0,gsm8k_test_001253,20,think_answer_minus_no_think_answer,0.3641328811645508,True,True
Qwen_Qwen3-14B,14B,14.0,gsm8k_test_001253,20,thinking_minus_think_answer,-0.7740087509155291,True,True
Qwen_Qwen3-14B,14B,14.0,gsm8k_test_001253,20,thinking_minus_no_think_answer,-0.40987586975097834,True,True
Qwen_Qwen3-14B,14B,14.0,gsm8k_test_001255,6,think_answer_minus_no_think_answer,3.8145532608032227,True,False
Qwen_Qwen3-14B,14B,14.0,gsm8k_test_001255,6,thinking_minus_think_answer,1.5336837768554688,True,False
Qwen_Qwen3-14B,14B,14.0,gsm8k_test_001255,6,thinking_minus_no_think_answer,5.348237037658691,True,False
Qwen_Qwen3-14B,14B,14.0,gsm8k_test_001255,13,think_answer_minus_no_think_answer,3.089655876159668,True,False
Qwen_Qwen3-14B,14B,14.0,gsm8k_test_001255,13,thinking_minus_think_answer,0.1480817794799787,True,False
Qwen_Qwen3-14B,14B,14.0,gsm8k_test_001255,13,thinking_minus_no_think_answer,3.2377376556396467,True,False
Qwen_Qwen3-14B,14B,14.0,gsm8k_test_001255,20,think_answer_minus_no_think_answer,-0.2387380599975586,True,False
Qwen_Qwen3-14B,14B,14.0,gsm8k_test_001255,20,thinking_minus_think_answer,0.8039073944091815,True,False
Qwen_Qwen3-14B,14B,14.0,gsm8k_test_001255,20,thinking_minus_no_think_answer,0.5651693344116229,True,False
Qwen_Qwen3-14B,14B,14.0,gsm8k_test_001263,6,think_answer_minus_no_think_answer,2.225121498107912,True,False
Qwen_Qwen3-14B,14B,14.0,gsm8k_test_001263,6,thinking_minus_think_answer,0.8634471893310547,True,False
Qwen_Qwen3-14B,14B,14.0,gsm8k_test_001263,6,thinking_minus_no_think_answer,3.0885686874389666,True,False
Qwen_Qwen3-14B,14B,14.0,gsm8k_test_001263,13,think_answer_minus_no_think_answer,1.1081418991088832,True,False
Qwen_Qwen3-14B,14B,14.0,gsm8k_test_001263,13,thinking_minus_think_answer,0.04125595092773615,True,False
Qwen_Qwen3-14B,14B,14.0,gsm8k_test_001263,13,thinking_minus_no_think_answer,1.1493978500366193,True,False
Qwen_Qwen3-14B,14B,14.0,gsm8k_test_001263,20,think_answer_minus_no_think_answer,-0.1162223815917951,True,False
Qwen_Qwen3-14B,14B,14.0,gsm8k_test_001263,20,thinking_minus_think_answer,0.19964981079101385,True,False
Qwen_Qwen3-14B,14B,14.0,gsm8k_test_001263,20,thinking_minus_no_think_answer,0.08342742919921875,True,False
Qwen_Qwen3-14B,14B,14.0,gsm8k_test_001271,6,think_answer_minus_no_think_answer,1.0636234283447248,True,True
Qwen_Qwen3-14B,14B,14.0,gsm8k_test_001271,6,thinking_minus_think_answer,4.089264869689941,True,True
Qwen_Qwen3-14B,14B,14.0,gsm8k_test_001271,6,thinking_minus_no_think_answer,5.152888298034666,True,True
Qwen_Qwen3-14B,14B,14.0,gsm8k_test_001271,13,think_answer_minus_no_think_answer,1.3710641860961914,True,True
Qwen_Qwen3-14B,14B,14.0,gsm8k_test_001271,13,thinking_minus_think_answer,-1.2250146865844709,True,True
Qwen_Qwen3-14B,14B,14.0,gsm8k_test_001271,13,thinking_minus_no_think_answer,0.14604949951172053,True,True
Qwen_Qwen3-14B,14B,14.0,gsm8k_test_001271,20,think_answer_minus_no_think_answer,0.1881723403930664,True,True
Qwen_Qwen3-14B,14B,14.0,gsm8k_test_001271,20,thinking_minus_think_answer,0.5879917144775391,True,True
Qwen_Qwen3-14B,14B,14.0,gsm8k_test_001271,20,thinking_minus_no_think_answer,0.7761640548706055,True,True
Qwen_Qwen3-14B,14B,14.0,gsm8k_test_001275,6,think_answer_minus_no_think_answer,3.1626291275024414,True,True
Qwen_Qwen3-14B,14B,14.0,gsm8k_test_001275,6,thinking_minus_think_answer,-2.2654104232788086,True,True
Qwen_Qwen3-14B,14B,14.0,gsm8k_test_001275,6,thinking_minus_no_think_answer,0.8972187042236328,True,True
Qwen_Qwen3-14B,14B,14.0,gsm8k_test_001275,13,think_answer_minus_no_think_answer,1.7090711593627912,True,True
Qwen_Qwen3-14B,14B,14.0,gsm8k_test_001275,13,thinking_minus_think_answer,0.08456230163574396,True,True
Qwen_Qwen3-14B,14B,14.0,gsm8k_test_001275,13,thinking_minus_no_think_answer,1.7936334609985352,True,True
Qwen_Qwen3-14B,14B,14.0,gsm8k_test_001275,20,think_answer_minus_no_think_answer,1.4127559661865234,True,True
Qwen_Qwen3-14B,14B,14.0,gsm8k_test_001275,20,thinking_minus_think_answer,0.6974115371704102,True,True
Qwen_Qwen3-14B,14B,14.0,gsm8k_test_001275,20,thinking_minus_no_think_answer,2.1101675033569336,True,True
Qwen_Qwen3-14B,14B,14.0,gsm8k_test_001289,6,think_answer_minus_no_think_answer,0.9767131805419922,True,True
Qwen_Qwen3-14B,14B,14.0,gsm8k_test_001289,6,thinking_minus_think_answer,0.5289630889892578,True,True
Qwen_Qwen3-14B,14B,14.0,gsm8k_test_001289,6,thinking_minus_no_think_answer,1.50567626953125,True,True
Qwen_Qwen3-14B,14B,14.0,gsm8k_test_001289,13,think_answer_minus_no_think_answer,0.7937994003295898,True,True
Qwen_Qwen3-14B,14B,14.0,gsm8k_test_001289,13,thinking_minus_think_answer,-0.7580327987670898,True,True
Qwen_Qwen3-14B,14B,14.0,gsm8k_test_001289,13,thinking_minus_no_think_answer,0.0357666015625,True,True
Qwen_Qwen3-14B,14B,14.0,gsm8k_test_001289,20,think_answer_minus_no_think_answer,-0.1549053192138672,True,True
Qwen_Qwen3-14B,14B,14.0,gsm8k_test_001289,20,thinking_minus_think_answer,0.33440303802490234,True,True
Qwen_Qwen3-14B,14B,14.0,gsm8k_test_001289,20,thinking_minus_no_think_answer,0.17949771881103516,True,True
Qwen_Qwen3-14B,14B,14.0,gsm8k_test_001291,6,think_answer_minus_no_think_answer,-1.3088865280151367,True,True
Qwen_Qwen3-14B,14B,14.0,gsm8k_test_001291,6,thinking_minus_think_answer,1.1222925186157227,True,True
Qwen_Qwen3-14B,14B,14.0,gsm8k_test_001291,6,thinking_minus_no_think_answer,-0.18659400939941406,True,True
Qwen_Qwen3-14B,14B,14.0,gsm8k_test_001291,13,think_answer_minus_no_think_answer,-0.18810176849365412,True,True
Qwen_Qwen3-14B,14B,14.0,gsm8k_test_001291,13,thinking_minus_think_answer,0.062274932861328125,True,True
Qwen_Qwen3-14B,14B,14.0,gsm8k_test_001291,13,thinking_minus_no_think_answer,-0.125826835632326,True,True
Qwen_Qwen3-14B,14B,14.0,gsm8k_test_001291,20,think_answer_minus_no_think_answer,-0.3240842819213867,True,True
Qwen_Qwen3-14B,14B,14.0,gsm8k_test_001291,20,thinking_minus_think_answer,-0.08086776733398438,True,True
Qwen_Qwen3-14B,14B,14.0,gsm8k_test_001291,20,thinking_minus_no_think_answer,-0.4049520492553711,True,True
Qwen_Qwen3-14B,14B,14.0,gsm8k_test_001307,6,think_answer_minus_no_think_answer,-2.283111572265625,True,False
Qwen_Qwen3-14B,14B,14.0,gsm8k_test_001307,6,thinking_minus_think_answer,0.70672607421875,True,False
Qwen_Qwen3-14B,14B,14.0,gsm8k_test_001307,6,thinking_minus_no_think_answer,-1.576385498046875,True,False
Qwen_Qwen3-14B,14B,14.0,gsm8k_test_001307,13,think_answer_minus_no_think_answer,0.9455986022949219,True,False
Qwen_Qwen3-14B,14B,14.0,gsm8k_test_001307,13,thinking_minus_think_answer,-1.1790056228637695,True,False
Qwen_Qwen3-14B,14B,14.0,gsm8k_test_001307,13,thinking_minus_no_think_answer,-0.23340702056884766,True,False
Qwen_Qwen3-14B,14B,14.0,gsm8k_test_001307,20,think_answer_minus_no_think_answer,0.23114013671875,True,False
Qwen_Qwen3-14B,14B,14.0,gsm8k_test_001307,20,thinking_minus_think_answer,-0.27814769744873225,True,False
Qwen_Qwen3-14B,14B,14.0,gsm8k_test_001307,20,thinking_minus_no_think_answer,-0.047007560729982245,True,False
Qwen_Qwen3-14B,14B,14.0,gsm8k_test_001311,6,think_answer_minus_no_think_answer,-0.3767833709716797,True,True
Qwen_Qwen3-14B,14B,14.0,gsm8k_test_001311,6,thinking_minus_think_answer,1.3352079391479492,True,True
Qwen_Qwen3-14B,14B,14.0,gsm8k_test_001311,6,thinking_minus_no_think_answer,0.9584245681762695,True,True
Qwen_Qwen3-14B,14B,14.0,gsm8k_test_001311,13,think_answer_minus_no_think_answer,0.729156494140625,True,True
Qwen_Qwen3-14B,14B,14.0,gsm8k_test_001311,13,thinking_minus_think_answer,-0.9640808105468768,True,True
Qwen_Qwen3-14B,14B,14.0,gsm8k_test_001311,13,thinking_minus_no_think_answer,-0.23492431640625178,True,True
Qwen_Qwen3-14B,14B,14.0,gsm8k_test_001311,20,think_answer_minus_no_think_answer,-0.8080978393554688,True,True
Qwen_Qwen3-14B,14B,14.0,gsm8k_test_001311,20,thinking_minus_think_answer,-0.6723232269287109,True,True
Qwen_Qwen3-14B,14B,14.0,gsm8k_test_001311,20,thinking_minus_no_think_answer,-1.4804210662841797,True,True
Qwen_Qwen3-14B,14B,14.0,gsm8k_test_001313,6,think_answer_minus_no_think_answer,1.5253944396972656,True,True
Qwen_Qwen3-14B,14B,14.0,gsm8k_test_001313,6,thinking_minus_think_answer,-5.504805564880373,True,True
Qwen_Qwen3-14B,14B,14.0,gsm8k_test_001313,6,thinking_minus_no_think_answer,-3.9794111251831072,True,True
Qwen_Qwen3-14B,14B,14.0,gsm8k_test_001313,13,think_answer_minus_no_think_answer,0.5770835876464844,True,True
Qwen_Qwen3-14B,14B,14.0,gsm8k_test_001313,13,thinking_minus_think_answer,-0.7209110260009766,True,True
Qwen_Qwen3-14B,14B,14.0,gsm8k_test_001313,13,thinking_minus_no_think_answer,-0.1438274383544922,True,True
Qwen_Qwen3-14B,14B,14.0,gsm8k_test_001313,20,think_answer_minus_no_think_answer,-0.6105594635009748,True,True
Qwen_Qwen3-14B,14B,14.0,gsm8k_test_001313,20,thinking_minus_think_answer,-0.2741584777832031,True,True
Qwen_Qwen3-14B,14B,14.0,gsm8k_test_001313,20,thinking_minus_no_think_answer,-0.8847179412841779,True,True
Qwen_Qwen3-14B,14B,14.0,gsm8k_test_001317,6,think_answer_minus_no_think_answer,3.0588579177856445,True,True
Qwen_Qwen3-14B,14B,14.0,gsm8k_test_001317,6,thinking_minus_think_answer,1.4282684326171875,True,True
Qwen_Qwen3-14B,14B,14.0,gsm8k_test_001317,6,thinking_minus_no_think_answer,4.487126350402832,True,True
Qwen_Qwen3-14B,14B,14.0,gsm8k_test_001317,13,think_answer_minus_no_think_answer,1.1580286026000977,True,True
Qwen_Qwen3-14B,14B,14.0,gsm8k_test_001317,13,thinking_minus_think_answer,0.5530185699462873,True,True
Qwen_Qwen3-14B,14B,14.0,gsm8k_test_001317,13,thinking_minus_no_think_answer,1.711047172546385,True,True
Qwen_Qwen3-14B,14B,14.0,gsm8k_test_001317,20,think_answer_minus_no_think_answer,0.4047117233276385,True,True
Qwen_Qwen3-14B,14B,14.0,gsm8k_test_001317,20,thinking_minus_think_answer,0.8500442504882812,True,True
Qwen_Qwen3-14B,14B,14.0,gsm8k_test_001317,20,thinking_minus_no_think_answer,1.2547559738159197,True,True
Qwen_Qwen3-32B,32B,32.0,gsm8k_test_000003,6,think_answer_minus_no_think_answer,0.4844532012939453,True,True
Qwen_Qwen3-32B,32B,32.0,gsm8k_test_000003,6,thinking_minus_think_answer,8.46744441986084,True,True
Qwen_Qwen3-32B,32B,32.0,gsm8k_test_000003,6,thinking_minus_no_think_answer,8.951897621154785,True,True
Qwen_Qwen3-32B,32B,32.0,gsm8k_test_000003,13,think_answer_minus_no_think_answer,0.051492691040037286,True,True
Qwen_Qwen3-32B,32B,32.0,gsm8k_test_000003,13,thinking_minus_think_answer,1.6474018096923828,True,True
Qwen_Qwen3-32B,32B,32.0,gsm8k_test_000003,13,thinking_minus_no_think_answer,1.69889450073242,True,True
Qwen_Qwen3-32B,32B,32.0,gsm8k_test_000003,20,think_answer_minus_no_think_answer,-0.023324012756347656,True,True
Qwen_Qwen3-32B,32B,32.0,gsm8k_test_000003,20,thinking_minus_think_answer,1.481790542602539,True,True
Qwen_Qwen3-32B,32B,32.0,gsm8k_test_000003,20,thinking_minus_no_think_answer,1.4584665298461914,True,True
Qwen_Qwen3-32B,32B,32.0,gsm8k_test_000007,6,think_answer_minus_no_think_answer,-0.7554016113281232,True,False
Qwen_Qwen3-32B,32B,32.0,gsm8k_test_000007,6,thinking_minus_think_answer,8.268589973449707,True,False
Qwen_Qwen3-32B,32B,32.0,gsm8k_test_000007,6,thinking_minus_no_think_answer,7.513188362121584,True,False
Qwen_Qwen3-32B,32B,32.0,gsm8k_test_000007,13,think_answer_minus_no_think_answer,-0.23369789123535156,True,False
Qwen_Qwen3-32B,32B,32.0,gsm8k_test_000007,13,thinking_minus_think_answer,1.2719078063964844,True,False
Qwen_Qwen3-32B,32B,32.0,gsm8k_test_000007,13,thinking_minus_no_think_answer,1.0382099151611328,True,False
Qwen_Qwen3-32B,32B,32.0,gsm8k_test_000007,20,think_answer_minus_no_think_answer,0.15212535858154475,True,False
Qwen_Qwen3-32B,32B,32.0,gsm8k_test_000007,20,thinking_minus_think_answer,0.7706756591796857,True,False
Qwen_Qwen3-32B,32B,32.0,gsm8k_test_000007,20,thinking_minus_no_think_answer,0.9228010177612305,True,False
Qwen_Qwen3-32B,32B,32.0,gsm8k_test_000009,6,think_answer_minus_no_think_answer,-1.8658027648925781,True,True
Qwen_Qwen3-32B,32B,32.0,gsm8k_test_000009,6,thinking_minus_think_answer,3.497274398803711,True,True
Qwen_Qwen3-32B,32B,32.0,gsm8k_test_000009,6,thinking_minus_no_think_answer,1.6314716339111328,True,True
Qwen_Qwen3-32B,32B,32.0,gsm8k_test_000009,13,think_answer_minus_no_think_answer,-1.0136289596557617,True,True
Qwen_Qwen3-32B,32B,32.0,gsm8k_test_000009,13,thinking_minus_think_answer,-0.4072895050048828,True,True
Qwen_Qwen3-32B,32B,32.0,gsm8k_test_000009,13,thinking_minus_no_think_answer,-1.4209184646606445,True,True
Qwen_Qwen3-32B,32B,32.0,gsm8k_test_000009,20,think_answer_minus_no_think_answer,-0.3581657409667969,True,True
Qwen_Qwen3-32B,32B,32.0,gsm8k_test_000009,20,thinking_minus_think_answer,-0.2519989013671875,True,True
Qwen_Qwen3-32B,32B,32.0,gsm8k_test_000009,20,thinking_minus_no_think_answer,-0.6101646423339844,True,True
Qwen_Qwen3-32B,32B,32.0,gsm8k_test_000028,6,think_answer_minus_no_think_answer,0.3847007751464844,True,True
Qwen_Qwen3-32B,32B,32.0,gsm8k_test_000028,6,thinking_minus_think_answer,3.3932580947875977,True,True
Qwen_Qwen3-32B,32B,32.0,gsm8k_test_000028,6,thinking_minus_no_think_answer,3.777958869934082,True,True
Qwen_Qwen3-32B,32B,32.0,gsm8k_test_000028,13,think_answer_minus_no_think_answer,-0.9384708404541016,True,True
Qwen_Qwen3-32B,32B,32.0,gsm8k_test_000028,13,thinking_minus_think_answer,1.09260940551758,True,True
Qwen_Qwen3-32B,32B,32.0,gsm8k_test_000028,13,thinking_minus_no_think_answer,0.15413856506347834,True,True
Qwen_Qwen3-32B,32B,32.0,gsm8k_test_000028,20,think_answer_minus_no_think_answer,0.5704965591430664,True,True
Qwen_Qwen3-32B,32B,32.0,gsm8k_test_000028,20,thinking_minus_think_answer,1.8218412399291992,True,True
Qwen_Qwen3-32B,32B,32.0,gsm8k_test_000028,20,thinking_minus_no_think_answer,2.3923377990722656,True,True
Qwen_Qwen3-32B,32B,32.0,gsm8k_test_000031,6,think_answer_minus_no_think_answer,0.9471693038940447,True,False
Qwen_Qwen3-32B,32B,32.0,gsm8k_test_000031,6,thinking_minus_think_answer,6.811169624328613,True,False
Qwen_Qwen3-32B,32B,32.0,gsm8k_test_000031,6,thinking_minus_no_think_answer,7.758338928222658,True,False
Qwen_Qwen3-32B,32B,32.0,gsm8k_test_000031,13,think_answer_minus_no_think_answer,-0.529271125793457,True,False
Qwen_Qwen3-32B,32B,32.0,gsm8k_test_000031,13,thinking_minus_think_answer,2.9011173248291,True,False
Qwen_Qwen3-32B,32B,32.0,gsm8k_test_000031,13,thinking_minus_no_think_answer,2.3718461990356428,True,False
Qwen_Qwen3-32B,32B,32.0,gsm8k_test_000031,20,think_answer_minus_no_think_answer,0.13618755340575994,True,False
Qwen_Qwen3-32B,32B,32.0,gsm8k_test_000031,20,thinking_minus_think_answer,1.5842018127441388,True,False
Qwen_Qwen3-32B,32B,32.0,gsm8k_test_000031,20,thinking_minus_no_think_answer,1.7203893661498988,True,False
Qwen_Qwen3-32B,32B,32.0,gsm8k_test_000035,6,think_answer_minus_no_think_answer,-0.23779869079589844,True,True
Qwen_Qwen3-32B,32B,32.0,gsm8k_test_000035,6,thinking_minus_think_answer,5.580257415771484,True,True
Qwen_Qwen3-32B,32B,32.0,gsm8k_test_000035,6,thinking_minus_no_think_answer,5.342458724975586,True,True
Qwen_Qwen3-32B,32B,32.0,gsm8k_test_000035,13,think_answer_minus_no_think_answer,-0.4634952545165998,True,True
Qwen_Qwen3-32B,32B,32.0,gsm8k_test_000035,13,thinking_minus_think_answer,1.8624124526977521,True,True
Qwen_Qwen3-32B,32B,32.0,gsm8k_test_000035,13,thinking_minus_no_think_answer,1.3989171981811523,True,True
Qwen_Qwen3-32B,32B,32.0,gsm8k_test_000035,20,think_answer_minus_no_think_answer,-0.6379003524780273,True,True
Qwen_Qwen3-32B,32B,32.0,gsm8k_test_000035,20,thinking_minus_think_answer,3.361426353454588,True,True
Qwen_Qwen3-32B,32B,32.0,gsm8k_test_000035,20,thinking_minus_no_think_answer,2.7235260009765607,True,True
Qwen_Qwen3-32B,32B,32.0,gsm8k_test_000042,6,think_answer_minus_no_think_answer,1.0993080139160138,True,True
Qwen_Qwen3-32B,32B,32.0,gsm8k_test_000042,6,thinking_minus_think_answer,14.51392936706543,True,True
Qwen_Qwen3-32B,32B,32.0,gsm8k_test_000042,6,thinking_minus_no_think_answer,15.613237380981444,True,True
Qwen_Qwen3-32B,32B,32.0,gsm8k_test_000042,13,think_answer_minus_no_think_answer,0.8502588272094727,True,True
Qwen_Qwen3-32B,32B,32.0,gsm8k_test_000042,13,thinking_minus_think_answer,2.3800010681152344,True,True
Qwen_Qwen3-32B,32B,32.0,gsm8k_test_000042,13,thinking_minus_no_think_answer,3.230259895324707,True,True
Qwen_Qwen3-32B,32B,32.0,gsm8k_test_000042,20,think_answer_minus_no_think_answer,0.9297313690185565,True,True
Qwen_Qwen3-32B,32B,32.0,gsm8k_test_000042,20,thinking_minus_think_answer,1.0463600158691406,True,True
Qwen_Qwen3-32B,32B,32.0,gsm8k_test_000042,20,thinking_minus_no_think_answer,1.976091384887697,True,True
Qwen_Qwen3-32B,32B,32.0,gsm8k_test_000044,6,think_answer_minus_no_think_answer,-1.7253303527832031,True,False
Qwen_Qwen3-32B,32B,32.0,gsm8k_test_000044,6,thinking_minus_think_answer,0.3836669921875,True,False
Qwen_Qwen3-32B,32B,32.0,gsm8k_test_000044,6,thinking_minus_no_think_answer,-1.3416633605957031,True,False
Qwen_Qwen3-32B,32B,32.0,gsm8k_test_000044,13,think_answer_minus_no_think_answer,1.0569953918457031,True,False
Qwen_Qwen3-32B,32B,32.0,gsm8k_test_000044,13,thinking_minus_think_answer,0.5815773010253906,True,False
Qwen_Qwen3-32B,32B,32.0,gsm8k_test_000044,13,thinking_minus_no_think_answer,1.6385726928710938,True,False
Qwen_Qwen3-32B,32B,32.0,gsm8k_test_000044,20,think_answer_minus_no_think_answer,1.341928482055664,True,False
Qwen_Qwen3-32B,32B,32.0,gsm8k_test_000044,20,thinking_minus_think_answer,0.4217805862426758,True,False
Qwen_Qwen3-32B,32B,32.0,gsm8k_test_000044,20,thinking_minus_no_think_answer,1.7637090682983398,True,False
Qwen_Qwen3-32B,32B,32.0,gsm8k_test_000048,6,think_answer_minus_no_think_answer,1.4895782470703107,True,True
Qwen_Qwen3-32B,32B,32.0,gsm8k_test_000048,6,thinking_minus_think_answer,8.710771560668947,True,True
Qwen_Qwen3-32B,32B,32.0,gsm8k_test_000048,6,thinking_minus_no_think_answer,10.200349807739258,True,True
Qwen_Qwen3-32B,32B,32.0,gsm8k_test_000048,13,think_answer_minus_no_think_answer,0.9100265502929688,True,True
Qwen_Qwen3-32B,32B,32.0,gsm8k_test_000048,13,thinking_minus_think_answer,2.3304920196533203,True,True
Qwen_Qwen3-32B,32B,32.0,gsm8k_test_000048,13,thinking_minus_no_think_answer,3.240518569946289,True,True
Qwen_Qwen3-32B,32B,32.0,gsm8k_test_000048,20,think_answer_minus_no_think_answer,0.7557363510131836,True,True
Qwen_Qwen3-32B,32B,32.0,gsm8k_test_000048,20,thinking_minus_think_answer,3.885568618774414,True,True
Qwen_Qwen3-32B,32B,32.0,gsm8k_test_000048,20,thinking_minus_no_think_answer,4.641304969787598,True,True
Qwen_Qwen3-32B,32B,32.0,gsm8k_test_000054,6,think_answer_minus_no_think_answer,5.123946189880371,True,False
Qwen_Qwen3-32B,32B,32.0,gsm8k_test_000054,6,thinking_minus_think_answer,1.9144725799560547,True,False
Qwen_Qwen3-32B,32B,32.0,gsm8k_test_000054,6,thinking_minus_no_think_answer,7.038418769836426,True,False
Qwen_Qwen3-32B,32B,32.0,gsm8k_test_000054,13,think_answer_minus_no_think_answer,0.22567081451416016,True,False
Qwen_Qwen3-32B,32B,32.0,gsm8k_test_000054,13,thinking_minus_think_answer,-0.7168369293212908,True,False
Qwen_Qwen3-32B,32B,32.0,gsm8k_test_000054,13,thinking_minus_no_think_answer,-0.4911661148071307,True,False
Qwen_Qwen3-32B,32B,32.0,gsm8k_test_000054,20,think_answer_minus_no_think_answer,-0.17942810058593572,True,False
Qwen_Qwen3-32B,32B,32.0,gsm8k_test_000054,20,thinking_minus_think_answer,0.31632137298583984,True,False
Qwen_Qwen3-32B,32B,32.0,gsm8k_test_000054,20,thinking_minus_no_think_answer,0.13689327239990412,True,False
Qwen_Qwen3-32B,32B,32.0,gsm8k_test_000067,6,think_answer_minus_no_think_answer,2.17342472076416,True,False
Qwen_Qwen3-32B,32B,32.0,gsm8k_test_000067,6,thinking_minus_think_answer,-1.5903768539428729,True,False
Qwen_Qwen3-32B,32B,32.0,gsm8k_test_000067,6,thinking_minus_no_think_answer,0.5830478668212873,True,False
Qwen_Qwen3-32B,32B,32.0,gsm8k_test_000067,13,think_answer_minus_no_think_answer,0.33275032043456854,True,False
Qwen_Qwen3-32B,32B,32.0,gsm8k_test_000067,13,thinking_minus_think_answer,-0.7342100143432617,True,False
Qwen_Qwen3-32B,32B,32.0,gsm8k_test_000067,13,thinking_minus_no_think_answer,-0.4014596939086932,True,False
Qwen_Qwen3-32B,32B,32.0,gsm8k_test_000067,20,think_answer_minus_no_think_answer,0.4029083251953125,True,False
Qwen_Qwen3-32B,32B,32.0,gsm8k_test_000067,20,thinking_minus_think_answer,0.22159290313720703,True,False
Qwen_Qwen3-32B,32B,32.0,gsm8k_test_000067,20,thinking_minus_no_think_answer,0.6245012283325195,True,False
Qwen_Qwen3-32B,32B,32.0,gsm8k_test_000069,6,think_answer_minus_no_think_answer,1.4297151565551758,True,True
Qwen_Qwen3-32B,32B,32.0,gsm8k_test_000069,6,thinking_minus_think_answer,7.52876091003418,True,True
Qwen_Qwen3-32B,32B,32.0,gsm8k_test_000069,6,thinking_minus_no_think_answer,8.958476066589355,True,True
Qwen_Qwen3-32B,32B,32.0,gsm8k_test_000069,13,think_answer_minus_no_think_answer,0.05783367156982422,True,True
Qwen_Qwen3-32B,32B,32.0,gsm8k_test_000069,13,thinking_minus_think_answer,2.277146339416504,True,True
Qwen_Qwen3-32B,32B,32.0,gsm8k_test_000069,13,thinking_minus_no_think_answer,2.334980010986328,True,True
Qwen_Qwen3-32B,32B,32.0,gsm8k_test_000069,20,think_answer_minus_no_think_answer,0.6673984527587891,True,True
Qwen_Qwen3-32B,32B,32.0,gsm8k_test_000069,20,thinking_minus_think_answer,2.45869827270508,True,True
Qwen_Qwen3-32B,32B,32.0,gsm8k_test_000069,20,thinking_minus_no_think_answer,3.126096725463869,True,True
Qwen_Qwen3-32B,32B,32.0,gsm8k_test_000070,6,think_answer_minus_no_think_answer,0.11075496673583984,True,False
Qwen_Qwen3-32B,32B,32.0,gsm8k_test_000070,6,thinking_minus_think_answer,1.5914249420166016,True,False
Qwen_Qwen3-32B,32B,32.0,gsm8k_test_000070,6,thinking_minus_no_think_answer,1.7021799087524414,True,False
Qwen_Qwen3-32B,32B,32.0,gsm8k_test_000070,13,think_answer_minus_no_think_answer,0.8463115692138672,True,False
Qwen_Qwen3-32B,32B,32.0,gsm8k_test_000070,13,thinking_minus_think_answer,-0.14702606201171875,True,False
Qwen_Qwen3-32B,32B,32.0,gsm8k_test_000070,13,thinking_minus_no_think_answer,0.6992855072021484,True,False
Qwen_Qwen3-32B,32B,32.0,gsm8k_test_000070,20,think_answer_minus_no_think_answer,2.173592567443846,True,False
Qwen_Qwen3-32B,32B,32.0,gsm8k_test_000070,20,thinking_minus_think_answer,0.5024042129516619,True,False
Qwen_Qwen3-32B,32B,32.0,gsm8k_test_000070,20,thinking_minus_no_think_answer,2.675996780395508,True,False
Qwen_Qwen3-32B,32B,32.0,gsm8k_test_000088,6,think_answer_minus_no_think_answer,3.8050479888916016,True,True
Qwen_Qwen3-32B,32B,32.0,gsm8k_test_000088,6,thinking_minus_think_answer,1.3496036529541016,True,True
Qwen_Qwen3-32B,32B,32.0,gsm8k_test_000088,6,thinking_minus_no_think_answer,5.154651641845703,True,True
Qwen_Qwen3-32B,32B,32.0,gsm8k_test_000088,13,think_answer_minus_no_think_answer,2.7265739440917987,True,True
Qwen_Qwen3-32B,32B,32.0,gsm8k_test_000088,13,thinking_minus_think_answer,-0.7446508407592791,True,True
Qwen_Qwen3-32B,32B,32.0,gsm8k_test_000088,13,thinking_minus_no_think_answer,1.9819231033325195,True,True
Qwen_Qwen3-32B,32B,32.0,gsm8k_test_000088,20,think_answer_minus_no_think_answer,1.5992851257324254,True,True
Qwen_Qwen3-32B,32B,32.0,gsm8k_test_000088,20,thinking_minus_think_answer,2.6006431579589826,True,True
Qwen_Qwen3-32B,32B,32.0,gsm8k_test_000088,20,thinking_minus_no_think_answer,4.199928283691408,True,True
Qwen_Qwen3-32B,32B,32.0,gsm8k_test_000091,6,think_answer_minus_no_think_answer,2.8801279067993164,True,False
Qwen_Qwen3-32B,32B,32.0,gsm8k_test_000091,6,thinking_minus_think_answer,1.2262344360351562,True,False
Qwen_Qwen3-32B,32B,32.0,gsm8k_test_000091,6,thinking_minus_no_think_answer,4.106362342834473,True,False
Qwen_Qwen3-32B,32B,32.0,gsm8k_test_000091,13,think_answer_minus_no_think_answer,1.7949924468994123,True,False
Qwen_Qwen3-32B,32B,32.0,gsm8k_test_000091,13,thinking_minus_think_answer,0.07671642303466797,True,False
Qwen_Qwen3-32B,32B,32.0,gsm8k_test_000091,13,thinking_minus_no_think_answer,1.8717088699340803,True,False
Qwen_Qwen3-32B,32B,32.0,gsm8k_test_000091,20,think_answer_minus_no_think_answer,0.2778797149658203,True,False
Qwen_Qwen3-32B,32B,32.0,gsm8k_test_000091,20,thinking_minus_think_answer,0.86663818359375,True,False
Qwen_Qwen3-32B,32B,32.0,gsm8k_test_000091,20,thinking_minus_no_think_answer,1.1445178985595703,True,False
Qwen_Qwen3-32B,32B,32.0,gsm8k_test_000096,6,think_answer_minus_no_think_answer,1.3059206008911133,True,True
Qwen_Qwen3-32B,32B,32.0,gsm8k_test_000096,6,thinking_minus_think_answer,7.754067420959473,True,True
Qwen_Qwen3-32B,32B,32.0,gsm8k_test_000096,6,thinking_minus_no_think_answer,9.059988021850586,True,True
Qwen_Qwen3-32B,32B,32.0,gsm8k_test_000096,13,think_answer_minus_no_think_answer,-0.002359390258787286,True,True
Qwen_Qwen3-32B,32B,32.0,gsm8k_test_000096,13,thinking_minus_think_answer,3.0381174087524414,True,True
Qwen_Qwen3-32B,32B,32.0,gsm8k_test_000096,13,thinking_minus_no_think_answer,3.035758018493654,True,True
Qwen_Qwen3-32B,32B,32.0,gsm8k_test_000096,20,think_answer_minus_no_think_answer,-0.2991952896118164,True,True
Qwen_Qwen3-32B,32B,32.0,gsm8k_test_000096,20,thinking_minus_think_answer,2.255887031555174,True,True
Qwen_Qwen3-32B,32B,32.0,gsm8k_test_000096,20,thinking_minus_no_think_answer,1.9566917419433576,True,True
Qwen_Qwen3-32B,32B,32.0,gsm8k_test_000099,6,think_answer_minus_no_think_answer,-0.24600601196289062,True,True
Qwen_Qwen3-32B,32B,32.0,gsm8k_test_000099,6,thinking_minus_think_answer,6.438175201416016,True,True
Qwen_Qwen3-32B,32B,32.0,gsm8k_test_000099,6,thinking_minus_no_think_answer,6.192169189453125,True,True
Qwen_Qwen3-32B,32B,32.0,gsm8k_test_000099,13,think_answer_minus_no_think_answer,-0.23395824432373047,True,True
Qwen_Qwen3-32B,32B,32.0,gsm8k_test_000099,13,thinking_minus_think_answer,-0.47898197174072266,True,True
Qwen_Qwen3-32B,32B,32.0,gsm8k_test_000099,13,thinking_minus_no_think_answer,-0.7129402160644531,True,True
Qwen_Qwen3-32B,32B,32.0,gsm8k_test_000099,20,think_answer_minus_no_think_answer,1.8054838180541974,True,True
Qwen_Qwen3-32B,32B,32.0,gsm8k_test_000099,20,thinking_minus_think_answer,-1.1934089660644513,True,True
Qwen_Qwen3-32B,32B,32.0,gsm8k_test_000099,20,thinking_minus_no_think_answer,0.6120748519897461,True,True
Qwen_Qwen3-32B,32B,32.0,gsm8k_test_000103,6,think_answer_minus_no_think_answer,-4.5071001052856445,True,True
Qwen_Qwen3-32B,32B,32.0,gsm8k_test_000103,6,thinking_minus_think_answer,5.832232475280762,True,True
Qwen_Qwen3-32B,32B,32.0,gsm8k_test_000103,6,thinking_minus_no_think_answer,1.3251323699951172,True,True
Qwen_Qwen3-32B,32B,32.0,gsm8k_test_000103,13,think_answer_minus_no_think_answer,-3.555729866027832,True,True
Qwen_Qwen3-32B,32B,32.0,gsm8k_test_000103,13,thinking_minus_think_answer,1.1332864761352521,True,True
Qwen_Qwen3-32B,32B,32.0,gsm8k_test_000103,13,thinking_minus_no_think_answer,-2.42244338989258,True,True
Qwen_Qwen3-32B,32B,32.0,gsm8k_test_000103,20,think_answer_minus_no_think_answer,-1.2195425033569336,True,True
Qwen_Qwen3-32B,32B,32.0,gsm8k_test_000103,20,thinking_minus_think_answer,1.8108024597167969,True,True
Qwen_Qwen3-32B,32B,32.0,gsm8k_test_000103,20,thinking_minus_no_think_answer,0.5912599563598633,True,True
Qwen_Qwen3-32B,32B,32.0,gsm8k_test_000109,6,think_answer_minus_no_think_answer,2.1253576278686523,True,True
Qwen_Qwen3-32B,32B,32.0,gsm8k_test_000109,6,thinking_minus_think_answer,4.409566879272461,True,True
Qwen_Qwen3-32B,32B,32.0,gsm8k_test_000109,6,thinking_minus_no_think_answer,6.534924507141113,True,True
Qwen_Qwen3-32B,32B,32.0,gsm8k_test_000109,13,think_answer_minus_no_think_answer,0.3199806213378906,True,True
Qwen_Qwen3-32B,32B,32.0,gsm8k_test_000109,13,thinking_minus_think_answer,0.052224159240722656,True,True
Qwen_Qwen3-32B,32B,32.0,gsm8k_test_000109,13,thinking_minus_no_think_answer,0.3722047805786133,True,True
Qwen_Qwen3-32B,32B,32.0,gsm8k_test_000109,20,think_answer_minus_no_think_answer,0.13547515869140625,True,True
Qwen_Qwen3-32B,32B,32.0,gsm8k_test_000109,20,thinking_minus_think_answer,0.2441387176513672,True,True
Qwen_Qwen3-32B,32B,32.0,gsm8k_test_000109,20,thinking_minus_no_think_answer,0.37961387634277344,True,True
Qwen_Qwen3-32B,32B,32.0,gsm8k_test_000112,6,think_answer_minus_no_think_answer,0.821345329284668,True,True
Qwen_Qwen3-32B,32B,32.0,gsm8k_test_000112,6,thinking_minus_think_answer,4.585857391357422,True,True
Qwen_Qwen3-32B,32B,32.0,gsm8k_test_000112,6,thinking_minus_no_think_answer,5.40720272064209,True,True
Qwen_Qwen3-32B,32B,32.0,gsm8k_test_000112,13,think_answer_minus_no_think_answer,-0.25206184387206676,True,True
Qwen_Qwen3-32B,32B,32.0,gsm8k_test_000112,13,thinking_minus_think_answer,0.9915590286254865,True,True
Qwen_Qwen3-32B,32B,32.0,gsm8k_test_000112,13,thinking_minus_no_think_answer,0.7394971847534197,True,True
Qwen_Qwen3-32B,32B,32.0,gsm8k_test_000112,20,think_answer_minus_no_think_answer,-0.20499324798583984,True,True
Qwen_Qwen3-32B,32B,32.0,gsm8k_test_000112,20,thinking_minus_think_answer,1.3198156356811523,True,True
Qwen_Qwen3-32B,32B,32.0,gsm8k_test_000112,20,thinking_minus_no_think_answer,1.1148223876953125,True,True
Qwen_Qwen3-32B,32B,32.0,gsm8k_test_000118,6,think_answer_minus_no_think_answer,2.5094356536865234,True,True
Qwen_Qwen3-32B,32B,32.0,gsm8k_test_000118,6,thinking_minus_think_answer,5.807655334472653,True,True
Qwen_Qwen3-32B,32B,32.0,gsm8k_test_000118,6,thinking_minus_no_think_answer,8.317090988159176,True,True
Qwen_Qwen3-32B,32B,32.0,gsm8k_test_000118,13,think_answer_minus_no_think_answer,1.425703048706053,True,True
Qwen_Qwen3-32B,32B,32.0,gsm8k_test_000118,13,thinking_minus_think_answer,0.7292413711547869,True,True
Qwen_Qwen3-32B,32B,32.0,gsm8k_test_000118,13,thinking_minus_no_think_answer,2.15494441986084,True,True
Qwen_Qwen3-32B,32B,32.0,gsm8k_test_000118,20,think_answer_minus_no_think_answer,1.4453773498535156,True,True
Qwen_Qwen3-32B,32B,32.0,gsm8k_test_000118,20,thinking_minus_think_answer,0.6989774703979492,True,True
Qwen_Qwen3-32B,32B,32.0,gsm8k_test_000118,20,thinking_minus_no_think_answer,2.144354820251465,True,True
Qwen_Qwen3-32B,32B,32.0,gsm8k_test_000133,6,think_answer_minus_no_think_answer,3.170568466186525,True,False
Qwen_Qwen3-32B,32B,32.0,gsm8k_test_000133,6,thinking_minus_think_answer,0.8798065185546875,True,False
Qwen_Qwen3-32B,32B,32.0,gsm8k_test_000133,6,thinking_minus_no_think_answer,4.050374984741213,True,False
Qwen_Qwen3-32B,32B,32.0,gsm8k_test_000133,13,think_answer_minus_no_think_answer,1.5515880584716815,True,False
Qwen_Qwen3-32B,32B,32.0,gsm8k_test_000133,13,thinking_minus_think_answer,1.9279251098632795,True,False
Qwen_Qwen3-32B,32B,32.0,gsm8k_test_000133,13,thinking_minus_no_think_answer,3.479513168334961,True,False
Qwen_Qwen3-32B,32B,32.0,gsm8k_test_000133,20,think_answer_minus_no_think_answer,2.1823949813842756,True,False
Qwen_Qwen3-32B,32B,32.0,gsm8k_test_000133,20,thinking_minus_think_answer,1.162531852722168,True,False
Qwen_Qwen3-32B,32B,32.0,gsm8k_test_000133,20,thinking_minus_no_think_answer,3.3449268341064435,True,False
Qwen_Qwen3-32B,32B,32.0,gsm8k_test_000135,6,think_answer_minus_no_think_answer,0.20227813720703125,True,True
Qwen_Qwen3-32B,32B,32.0,gsm8k_test_000135,6,thinking_minus_think_answer,6.969400405883789,True,True
Qwen_Qwen3-32B,32B,32.0,gsm8k_test_000135,6,thinking_minus_no_think_answer,7.17167854309082,True,True
Qwen_Qwen3-32B,32B,32.0,gsm8k_test_000135,13,think_answer_minus_no_think_answer,0.040816307067871094,True,True
Qwen_Qwen3-32B,32B,32.0,gsm8k_test_000135,13,thinking_minus_think_answer,3.4616832733154297,True,True
Qwen_Qwen3-32B,32B,32.0,gsm8k_test_000135,13,thinking_minus_no_think_answer,3.502499580383301,True,True
Qwen_Qwen3-32B,32B,32.0,gsm8k_test_000135,20,think_answer_minus_no_think_answer,-0.4637289047241211,True,True
Qwen_Qwen3-32B,32B,32.0,gsm8k_test_000135,20,thinking_minus_think_answer,4.1430559158325195,True,True
Qwen_Qwen3-32B,32B,32.0,gsm8k_test_000135,20,thinking_minus_no_think_answer,3.6793270111083984,True,True
Qwen_Qwen3-32B,32B,32.0,gsm8k_test_000150,6,think_answer_minus_no_think_answer,-0.40598201751708807,True,False
Qwen_Qwen3-32B,32B,32.0,gsm8k_test_000150,6,thinking_minus_think_answer,1.8276977539062482,True,False
Qwen_Qwen3-32B,32B,32.0,gsm8k_test_000150,6,thinking_minus_no_think_answer,1.4217157363891602,True,False
Qwen_Qwen3-32B,32B,32.0,gsm8k_test_000150,13,think_answer_minus_no_think_answer,-1.5048704147338867,True,False
Qwen_Qwen3-32B,32B,32.0,gsm8k_test_000150,13,thinking_minus_think_answer,1.4457187652587908,True,False
Qwen_Qwen3-32B,32B,32.0,gsm8k_test_000150,13,thinking_minus_no_think_answer,-0.05915164947509588,True,False
Qwen_Qwen3-32B,32B,32.0,gsm8k_test_000150,20,think_answer_minus_no_think_answer,-2.3282413482666,True,False
Qwen_Qwen3-32B,32B,32.0,gsm8k_test_000150,20,thinking_minus_think_answer,2.3577146530151367,True,False
Qwen_Qwen3-32B,32B,32.0,gsm8k_test_000150,20,thinking_minus_no_think_answer,0.029473304748536933,True,False
Qwen_Qwen3-32B,32B,32.0,gsm8k_test_000156,6,think_answer_minus_no_think_answer,0.4498910903930664,True,True
Qwen_Qwen3-32B,32B,32.0,gsm8k_test_000156,6,thinking_minus_think_answer,9.243521690368652,True,True
Qwen_Qwen3-32B,32B,32.0,gsm8k_test_000156,6,thinking_minus_no_think_answer,9.693412780761719,True,True
Qwen_Qwen3-32B,32B,32.0,gsm8k_test_000156,13,think_answer_minus_no_think_answer,-0.07424449920654297,True,True
Qwen_Qwen3-32B,32B,32.0,gsm8k_test_000156,13,thinking_minus_think_answer,1.4792823791503906,True,True
Qwen_Qwen3-32B,32B,32.0,gsm8k_test_000156,13,thinking_minus_no_think_answer,1.4050378799438477,True,True
Qwen_Qwen3-32B,32B,32.0,gsm8k_test_000156,20,think_answer_minus_no_think_answer,-0.26452064514160156,True,True
Qwen_Qwen3-32B,32B,32.0,gsm8k_test_000156,20,thinking_minus_think_answer,2.3164854049682617,True,True
Qwen_Qwen3-32B,32B,32.0,gsm8k_test_000156,20,thinking_minus_no_think_answer,2.05196475982666,True,True
Qwen_Qwen3-32B,32B,32.0,gsm8k_test_000162,6,think_answer_minus_no_think_answer,-2.0404281616210938,True,False
Qwen_Qwen3-32B,32B,32.0,gsm8k_test_000162,6,thinking_minus_think_answer,3.164991378784176,True,False
Qwen_Qwen3-32B,32B,32.0,gsm8k_test_000162,6,thinking_minus_no_think_answer,1.1245632171630824,True,False
Qwen_Qwen3-32B,32B,32.0,gsm8k_test_000162,13,think_answer_minus_no_think_answer,0.21105289459228516,True,False
Qwen_Qwen3-32B,32B,32.0,gsm8k_test_000162,13,thinking_minus_think_answer,-1.531606674194336,True,False
Qwen_Qwen3-32B,32B,32.0,gsm8k_test_000162,13,thinking_minus_no_think_answer,-1.3205537796020508,True,False
Qwen_Qwen3-32B,32B,32.0,gsm8k_test_000162,20,think_answer_minus_no_think_answer,2.0195627212524414,True,False
Qwen_Qwen3-32B,32B,32.0,gsm8k_test_000162,20,thinking_minus_think_answer,-0.961359977722168,True,False
Qwen_Qwen3-32B,32B,32.0,gsm8k_test_000162,20,thinking_minus_no_think_answer,1.0582027435302734,True,False
Qwen_Qwen3-32B,32B,32.0,gsm8k_test_000172,6,think_answer_minus_no_think_answer,3.419735908508301,True,False
Qwen_Qwen3-32B,32B,32.0,gsm8k_test_000172,6,thinking_minus_think_answer,0.5126724243164062,True,False
Qwen_Qwen3-32B,32B,32.0,gsm8k_test_000172,6,thinking_minus_no_think_answer,3.932408332824707,True,False
Qwen_Qwen3-32B,32B,32.0,gsm8k_test_000172,13,think_answer_minus_no_think_answer,1.0453405380248988,True,False
Qwen_Qwen3-32B,32B,32.0,gsm8k_test_000172,13,thinking_minus_think_answer,-1.5346632003784162,True,False
Qwen_Qwen3-32B,32B,32.0,gsm8k_test_000172,13,thinking_minus_no_think_answer,-0.4893226623535174,True,False
Qwen_Qwen3-32B,32B,32.0,gsm8k_test_000172,20,think_answer_minus_no_think_answer,0.8110589981079119,True,False
Qwen_Qwen3-32B,32B,32.0,gsm8k_test_000172,20,thinking_minus_think_answer,-0.2106304168701172,True,False
Qwen_Qwen3-32B,32B,32.0,gsm8k_test_000172,20,thinking_minus_no_think_answer,0.6004285812377947,True,False
Qwen_Qwen3-32B,32B,32.0,gsm8k_test_000176,6,think_answer_minus_no_think_answer,0.4777183532714844,True,True
Qwen_Qwen3-32B,32B,32.0,gsm8k_test_000176,6,thinking_minus_think_answer,6.841802597045895,True,True
Qwen_Qwen3-32B,32B,32.0,gsm8k_test_000176,6,thinking_minus_no_think_answer,7.319520950317379,True,True
Qwen_Qwen3-32B,32B,32.0,gsm8k_test_000176,13,think_answer_minus_no_think_answer,1.163571357727049,True,True
Qwen_Qwen3-32B,32B,32.0,gsm8k_test_000176,13,thinking_minus_think_answer,0.9707813262939471,True,True
Qwen_Qwen3-32B,32B,32.0,gsm8k_test_000176,13,thinking_minus_no_think_answer,2.134352684020996,True,True
Qwen_Qwen3-32B,32B,32.0,gsm8k_test_000176,20,think_answer_minus_no_think_answer,0.8304738998413104,True,True
Qwen_Qwen3-32B,32B,32.0,gsm8k_test_000176,20,thinking_minus_think_answer,0.1473131179809588,True,True
Qwen_Qwen3-32B,32B,32.0,gsm8k_test_000176,20,thinking_minus_no_think_answer,0.9777870178222692,True,True
Qwen_Qwen3-32B,32B,32.0,gsm8k_test_000182,6,think_answer_minus_no_think_answer,3.831296920776367,True,False
Qwen_Qwen3-32B,32B,32.0,gsm8k_test_000182,6,thinking_minus_think_answer,-5.238325119018555,True,False
Qwen_Qwen3-32B,32B,32.0,gsm8k_test_000182,6,thinking_minus_no_think_answer,-1.4070281982421875,True,False
Qwen_Qwen3-32B,32B,32.0,gsm8k_test_000182,13,think_answer_minus_no_think_answer,0.5634870529174805,True,False
Qwen_Qwen3-32B,32B,32.0,gsm8k_test_000182,13,thinking_minus_think_answer,-1.6478404998779297,True,False
Qwen_Qwen3-32B,32B,32.0,gsm8k_test_000182,13,thinking_minus_no_think_answer,-1.0843534469604492,True,False
Qwen_Qwen3-32B,32B,32.0,gsm8k_test_000182,20,think_answer_minus_no_think_answer,-0.3908567428588867,True,False
Qwen_Qwen3-32B,32B,32.0,gsm8k_test_000182,20,thinking_minus_think_answer,-0.07085514068603516,True,False
Qwen_Qwen3-32B,32B,32.0,gsm8k_test_000182,20,thinking_minus_no_think_answer,-0.4617118835449219,True,False
Qwen_Qwen3-32B,32B,32.0,gsm8k_test_000188,6,think_answer_minus_no_think_answer,-0.7514076232910156,True,True
Qwen_Qwen3-32B,32B,32.0,gsm8k_test_000188,6,thinking_minus_think_answer,0.44370079040527166,True,True
Qwen_Qwen3-32B,32B,32.0,gsm8k_test_000188,6,thinking_minus_no_think_answer,-0.30770683288574396,True,True
Qwen_Qwen3-32B,32B,32.0,gsm8k_test_000188,13,think_answer_minus_no_think_answer,-0.2036762237548828,True,True
Qwen_Qwen3-32B,32B,32.0,gsm8k_test_000188,13,thinking_minus_think_answer,0.6273593902587908,True,True
Qwen_Qwen3-32B,32B,32.0,gsm8k_test_000188,13,thinking_minus_no_think_answer,0.423683166503908,True,True
Qwen_Qwen3-32B,32B,32.0,gsm8k_test_000188,20,think_answer_minus_no_think_answer,-1.352419853210451,True,True
Qwen_Qwen3-32B,32B,32.0,gsm8k_test_000188,20,thinking_minus_think_answer,1.355908393859865,True,True
Qwen_Qwen3-32B,32B,32.0,gsm8k_test_000188,20,thinking_minus_no_think_answer,0.0034885406494140625,True,True
Qwen_Qwen3-32B,32B,32.0,gsm8k_test_000192,6,think_answer_minus_no_think_answer,-1.7227725982666016,True,True
Qwen_Qwen3-32B,32B,32.0,gsm8k_test_000192,6,thinking_minus_think_answer,4.162439346313477,True,True
Qwen_Qwen3-32B,32B,32.0,gsm8k_test_000192,6,thinking_minus_no_think_answer,2.439666748046875,True,True
Qwen_Qwen3-32B,32B,32.0,gsm8k_test_000192,13,think_answer_minus_no_think_answer,-0.11089801788330256,True,True
Qwen_Qwen3-32B,32B,32.0,gsm8k_test_000192,13,thinking_minus_think_answer,1.2697620391845703,True,True
Qwen_Qwen3-32B,32B,32.0,gsm8k_test_000192,13,thinking_minus_no_think_answer,1.1588640213012678,True,True
Qwen_Qwen3-32B,32B,32.0,gsm8k_test_000192,20,think_answer_minus_no_think_answer,1.7566719055175781,True,True
Qwen_Qwen3-32B,32B,32.0,gsm8k_test_000192,20,thinking_minus_think_answer,1.0200481414794922,True,True
Qwen_Qwen3-32B,32B,32.0,gsm8k_test_000192,20,thinking_minus_no_think_answer,2.7767200469970703,True,True
Qwen_Qwen3-32B,32B,32.0,gsm8k_test_000199,6,think_answer_minus_no_think_answer,-1.9192934036254883,True,True
Qwen_Qwen3-32B,32B,32.0,gsm8k_test_000199,6,thinking_minus_think_answer,6.699454307556154,True,True
Qwen_Qwen3-32B,32B,32.0,gsm8k_test_000199,6,thinking_minus_no_think_answer,4.780160903930666,True,True
Qwen_Qwen3-32B,32B,32.0,gsm8k_test_000199,13,think_answer_minus_no_think_answer,0.6219158172607422,True,True
Qwen_Qwen3-32B,32B,32.0,gsm8k_test_000199,13,thinking_minus_think_answer,1.8446836471557617,True,True
Qwen_Qwen3-32B,32B,32.0,gsm8k_test_000199,13,thinking_minus_no_think_answer,2.466599464416504,True,True
Qwen_Qwen3-32B,32B,32.0,gsm8k_test_000199,20,think_answer_minus_no_think_answer,0.9615821838378906,True,True
Qwen_Qwen3-32B,32B,32.0,gsm8k_test_000199,20,thinking_minus_think_answer,0.23413467407226562,True,True
Qwen_Qwen3-32B,32B,32.0,gsm8k_test_000199,20,thinking_minus_no_think_answer,1.1957168579101562,True,True
Qwen_Qwen3-32B,32B,32.0,gsm8k_test_000208,6,think_answer_minus_no_think_answer,1.271120071411131,True,False
Qwen_Qwen3-32B,32B,32.0,gsm8k_test_000208,6,thinking_minus_think_answer,5.050021171569826,True,False
Qwen_Qwen3-32B,32B,32.0,gsm8k_test_000208,6,thinking_minus_no_think_answer,6.321141242980957,True,False
Qwen_Qwen3-32B,32B,32.0,gsm8k_test_000208,13,think_answer_minus_no_think_answer,-0.6993579864501971,True,False
Qwen_Qwen3-32B,32B,32.0,gsm8k_test_000208,13,thinking_minus_think_answer,0.01788997650146662,True,False
Qwen_Qwen3-32B,32B,32.0,gsm8k_test_000208,13,thinking_minus_no_think_answer,-0.6814680099487305,True,False
Qwen_Qwen3-32B,32B,32.0,gsm8k_test_000208,20,think_answer_minus_no_think_answer,1.3200531005859375,True,False
Qwen_Qwen3-32B,32B,32.0,gsm8k_test_000208,20,thinking_minus_think_answer,-1.2238826751708984,True,False
Qwen_Qwen3-32B,32B,32.0,gsm8k_test_000208,20,thinking_minus_no_think_answer,0.09617042541503906,True,False
Qwen_Qwen3-32B,32B,32.0,gsm8k_test_000217,6,think_answer_minus_no_think_answer,1.316573143005371,True,True
Qwen_Qwen3-32B,32B,32.0,gsm8k_test_000217,6,thinking_minus_think_answer,3.6460790634155273,True,True
Qwen_Qwen3-32B,32B,32.0,gsm8k_test_000217,6,thinking_minus_no_think_answer,4.962652206420898,True,True
Qwen_Qwen3-32B,32B,32.0,gsm8k_test_000217,13,think_answer_minus_no_think_answer,0.06426715850830078,True,True
Qwen_Qwen3-32B,32B,32.0,gsm8k_test_000217,13,thinking_minus_think_answer,0.4543323516845703,True,True
Qwen_Qwen3-32B,32B,32.0,gsm8k_test_000217,13,thinking_minus_no_think_answer,0.5185995101928711,True,True
Qwen_Qwen3-32B,32B,32.0,gsm8k_test_000217,20,think_answer_minus_no_think_answer,-0.48195934295654297,True,True
Qwen_Qwen3-32B,32B,32.0,gsm8k_test_000217,20,thinking_minus_think_answer,0.6950836181640625,True,True
Qwen_Qwen3-32B,32B,32.0,gsm8k_test_000217,20,thinking_minus_no_think_answer,0.21312427520751953,True,True
Qwen_Qwen3-32B,32B,32.0,gsm8k_test_000227,6,think_answer_minus_no_think_answer,6.723545074462891,True,True
Qwen_Qwen3-32B,32B,32.0,gsm8k_test_000227,6,thinking_minus_think_answer,-5.83853816986084,True,True
Qwen_Qwen3-32B,32B,32.0,gsm8k_test_000227,6,thinking_minus_no_think_answer,0.8850069046020508,True,True
Qwen_Qwen3-32B,32B,32.0,gsm8k_test_000227,13,think_answer_minus_no_think_answer,2.380205154418947,True,True
Qwen_Qwen3-32B,32B,32.0,gsm8k_test_000227,13,thinking_minus_think_answer,-4.403288841247559,True,True
Qwen_Qwen3-32B,32B,32.0,gsm8k_test_000227,13,thinking_minus_no_think_answer,-2.0230836868286115,True,True
Qwen_Qwen3-32B,32B,32.0,gsm8k_test_000227,20,think_answer_minus_no_think_answer,0.345458984375,True,True
Qwen_Qwen3-32B,32B,32.0,gsm8k_test_000227,20,thinking_minus_think_answer,-2.6576795578002947,True,True
Qwen_Qwen3-32B,32B,32.0,gsm8k_test_000227,20,thinking_minus_no_think_answer,-2.3122205734252947,True,True
Qwen_Qwen3-32B,32B,32.0,gsm8k_test_000243,6,think_answer_minus_no_think_answer,3.0603761672973615,True,True
Qwen_Qwen3-32B,32B,32.0,gsm8k_test_000243,6,thinking_minus_think_answer,1.1181774139404297,True,True
Qwen_Qwen3-32B,32B,32.0,gsm8k_test_000243,6,thinking_minus_no_think_answer,4.178553581237791,True,True
Qwen_Qwen3-32B,32B,32.0,gsm8k_test_000243,13,think_answer_minus_no_think_answer,0.7898435592651385,True,True
Qwen_Qwen3-32B,32B,32.0,gsm8k_test_000243,13,thinking_minus_think_answer,-1.5431270599365217,True,True
Qwen_Qwen3-32B,32B,32.0,gsm8k_test_000243,13,thinking_minus_no_think_answer,-0.7532835006713832,True,True
Qwen_Qwen3-32B,32B,32.0,gsm8k_test_000243,20,think_answer_minus_no_think_answer,2.425539970397949,True,True
Qwen_Qwen3-32B,32B,32.0,gsm8k_test_000243,20,thinking_minus_think_answer,-1.116469383239746,True,True
Qwen_Qwen3-32B,32B,32.0,gsm8k_test_000243,20,thinking_minus_no_think_answer,1.3090705871582031,True,True
Qwen_Qwen3-32B,32B,32.0,gsm8k_test_000247,6,think_answer_minus_no_think_answer,0.13363456726074396,True,False
Qwen_Qwen3-32B,32B,32.0,gsm8k_test_000247,6,thinking_minus_think_answer,3.9342308044433594,True,False
Qwen_Qwen3-32B,32B,32.0,gsm8k_test_000247,6,thinking_minus_no_think_answer,4.067865371704103,True,False
Qwen_Qwen3-32B,32B,32.0,gsm8k_test_000247,13,think_answer_minus_no_think_answer,2.0467529296875,True,False
Qwen_Qwen3-32B,32B,32.0,gsm8k_test_000247,13,thinking_minus_think_answer,-1.3938703536987305,True,False
Qwen_Qwen3-32B,32B,32.0,gsm8k_test_000247,13,thinking_minus_no_think_answer,0.6528825759887695,True,False
Qwen_Qwen3-32B,32B,32.0,gsm8k_test_000247,20,think_answer_minus_no_think_answer,0.80657958984375,True,False
Qwen_Qwen3-32B,32B,32.0,gsm8k_test_000247,20,thinking_minus_think_answer,1.1531572341918963,True,False
Qwen_Qwen3-32B,32B,32.0,gsm8k_test_000247,20,thinking_minus_no_think_answer,1.9597368240356463,True,False
Qwen_Qwen3-32B,32B,32.0,gsm8k_test_000252,6,think_answer_minus_no_think_answer,0.9807872772216797,True,False
Qwen_Qwen3-32B,32B,32.0,gsm8k_test_000252,6,thinking_minus_think_answer,-1.9116315841674787,True,False
Qwen_Qwen3-32B,32B,32.0,gsm8k_test_000252,6,thinking_minus_no_think_answer,-0.930844306945799,True,False
Qwen_Qwen3-32B,32B,32.0,gsm8k_test_000252,13,think_answer_minus_no_think_answer,-0.9629573822021467,True,False
Qwen_Qwen3-32B,32B,32.0,gsm8k_test_000252,13,thinking_minus_think_answer,-1.9627876281738281,True,False
Qwen_Qwen3-32B,32B,32.0,gsm8k_test_000252,13,thinking_minus_no_think_answer,-2.925745010375975,True,False
Qwen_Qwen3-32B,32B,32.0,gsm8k_test_000252,20,think_answer_minus_no_think_answer,2.2319564819335938,True,False
Qwen_Qwen3-32B,32B,32.0,gsm8k_test_000252,20,thinking_minus_think_answer,-3.15592098236084,True,False
Qwen_Qwen3-32B,32B,32.0,gsm8k_test_000252,20,thinking_minus_no_think_answer,-0.9239645004272461,True,False
Qwen_Qwen3-32B,32B,32.0,gsm8k_test_000254,6,think_answer_minus_no_think_answer,2.115367889404297,True,True
Qwen_Qwen3-32B,32B,32.0,gsm8k_test_000254,6,thinking_minus_think_answer,-0.19069671630859375,True,True
Qwen_Qwen3-32B,32B,32.0,gsm8k_test_000254,6,thinking_minus_no_think_answer,1.9246711730957031,True,True
Qwen_Qwen3-32B,32B,32.0,gsm8k_test_000254,13,think_answer_minus_no_think_answer,0.5076332092285156,True,True
Qwen_Qwen3-32B,32B,32.0,gsm8k_test_000254,13,thinking_minus_think_answer,-1.5883712768554705,True,True
Qwen_Qwen3-32B,32B,32.0,gsm8k_test_000254,13,thinking_minus_no_think_answer,-1.080738067626955,True,True
Qwen_Qwen3-32B,32B,32.0,gsm8k_test_000254,20,think_answer_minus_no_think_answer,2.4526433944702166,True,True
Qwen_Qwen3-32B,32B,32.0,gsm8k_test_000254,20,thinking_minus_think_answer,-0.6278219223022479,True,True
Qwen_Qwen3-32B,32B,32.0,gsm8k_test_000254,20,thinking_minus_no_think_answer,1.8248214721679688,True,True
Qwen_Qwen3-32B,32B,32.0,gsm8k_test_000257,6,think_answer_minus_no_think_answer,-0.3862571716308594,True,True
Qwen_Qwen3-32B,32B,32.0,gsm8k_test_000257,6,thinking_minus_think_answer,3.6896400451660156,True,True
Qwen_Qwen3-32B,32B,32.0,gsm8k_test_000257,6,thinking_minus_no_think_answer,3.3033828735351562,True,True
Qwen_Qwen3-32B,32B,32.0,gsm8k_test_000257,13,think_answer_minus_no_think_answer,-0.7660198211669922,True,True
Qwen_Qwen3-32B,32B,32.0,gsm8k_test_000257,13,thinking_minus_think_answer,0.5008077621459979,True,True
Qwen_Qwen3-32B,32B,32.0,gsm8k_test_000257,13,thinking_minus_no_think_answer,-0.2652120590209943,True,True
Qwen_Qwen3-32B,32B,32.0,gsm8k_test_000257,20,think_answer_minus_no_think_answer,0.7951707839965803,True,True
Qwen_Qwen3-32B,32B,32.0,gsm8k_test_000257,20,thinking_minus_think_answer,0.7493457794189453,True,True
Qwen_Qwen3-32B,32B,32.0,gsm8k_test_000257,20,thinking_minus_no_think_answer,1.5445165634155256,True,True
Qwen_Qwen3-32B,32B,32.0,gsm8k_test_000273,6,think_answer_minus_no_think_answer,2.0381565093994176,True,True
Qwen_Qwen3-32B,32B,32.0,gsm8k_test_000273,6,thinking_minus_think_answer,4.007029533386229,True,True
Qwen_Qwen3-32B,32B,32.0,gsm8k_test_000273,6,thinking_minus_no_think_answer,6.045186042785646,True,True
Qwen_Qwen3-32B,32B,32.0,gsm8k_test_000273,13,think_answer_minus_no_think_answer,0.4805946350097656,True,True
Qwen_Qwen3-32B,32B,32.0,gsm8k_test_000273,13,thinking_minus_think_answer,0.7676239013671875,True,True
Qwen_Qwen3-32B,32B,32.0,gsm8k_test_000273,13,thinking_minus_no_think_answer,1.2482185363769531,True,True
Qwen_Qwen3-32B,32B,32.0,gsm8k_test_000273,20,think_answer_minus_no_think_answer,-1.1662054061889648,True,True
Qwen_Qwen3-32B,32B,32.0,gsm8k_test_000273,20,thinking_minus_think_answer,1.3471622467041016,True,True
Qwen_Qwen3-32B,32B,32.0,gsm8k_test_000273,20,thinking_minus_no_think_answer,0.18095684051513672,True,True
Qwen_Qwen3-32B,32B,32.0,gsm8k_test_000274,6,think_answer_minus_no_think_answer,0.6417932510375977,True,True
Qwen_Qwen3-32B,32B,32.0,gsm8k_test_000274,6,thinking_minus_think_answer,2.8527631759643555,True,True
Qwen_Qwen3-32B,32B,32.0,gsm8k_test_000274,6,thinking_minus_no_think_answer,3.494556427001953,True,True
Qwen_Qwen3-32B,32B,32.0,gsm8k_test_000274,13,think_answer_minus_no_think_answer,1.67000102996826,True,True
Qwen_Qwen3-32B,32B,32.0,gsm8k_test_000274,13,thinking_minus_think_answer,-0.7151298522949201,True,True
Qwen_Qwen3-32B,32B,32.0,gsm8k_test_000274,13,thinking_minus_no_think_answer,0.9548711776733398,True,True
Qwen_Qwen3-32B,32B,32.0,gsm8k_test_000274,20,think_answer_minus_no_think_answer,1.4958925247192383,True,True
Qwen_Qwen3-32B,32B,32.0,gsm8k_test_000274,20,thinking_minus_think_answer,0.2373342514038086,True,True
Qwen_Qwen3-32B,32B,32.0,gsm8k_test_000274,20,thinking_minus_no_think_answer,1.7332267761230469,True,True
Qwen_Qwen3-32B,32B,32.0,gsm8k_test_000276,6,think_answer_minus_no_think_answer,1.6014585494995135,True,True
Qwen_Qwen3-32B,32B,32.0,gsm8k_test_000276,6,thinking_minus_think_answer,7.869751930236815,True,True
Qwen_Qwen3-32B,32B,32.0,gsm8k_test_000276,6,thinking_minus_no_think_answer,9.471210479736328,True,True
Qwen_Qwen3-32B,32B,32.0,gsm8k_test_000276,13,think_answer_minus_no_think_answer,2.5694780349731428,True,True
Qwen_Qwen3-32B,32B,32.0,gsm8k_test_000276,13,thinking_minus_think_answer,3.690641403198244,True,True
Qwen_Qwen3-32B,32B,32.0,gsm8k_test_000276,13,thinking_minus_no_think_answer,6.260119438171387,True,True
Qwen_Qwen3-32B,32B,32.0,gsm8k_test_000276,20,think_answer_minus_no_think_answer,1.594069480895996,True,True
Qwen_Qwen3-32B,32B,32.0,gsm8k_test_000276,20,thinking_minus_think_answer,3.0800628662109375,True,True
Qwen_Qwen3-32B,32B,32.0,gsm8k_test_000276,20,thinking_minus_no_think_answer,4.674132347106934,True,True
Qwen_Qwen3-32B,32B,32.0,gsm8k_test_000282,6,think_answer_minus_no_think_answer,2.218499183654787,True,True
Qwen_Qwen3-32B,32B,32.0,gsm8k_test_000282,6,thinking_minus_think_answer,2.4466190338134766,True,True
Qwen_Qwen3-32B,32B,32.0,gsm8k_test_000282,6,thinking_minus_no_think_answer,4.6651182174682635,True,True
Qwen_Qwen3-32B,32B,32.0,gsm8k_test_000282,13,think_answer_minus_no_think_answer,0.6455717086791992,True,True
Qwen_Qwen3-32B,32B,32.0,gsm8k_test_000282,13,thinking_minus_think_answer,-0.30436038970947266,True,True
Qwen_Qwen3-32B,32B,32.0,gsm8k_test_000282,13,thinking_minus_no_think_answer,0.34121131896972656,True,True
Qwen_Qwen3-32B,32B,32.0,gsm8k_test_000282,20,think_answer_minus_no_think_answer,1.5714244842529297,True,True
Qwen_Qwen3-32B,32B,32.0,gsm8k_test_000282,20,thinking_minus_think_answer,-0.9721946716308594,True,True
Qwen_Qwen3-32B,32B,32.0,gsm8k_test_000282,20,thinking_minus_no_think_answer,0.5992298126220703,True,True
Qwen_Qwen3-32B,32B,32.0,gsm8k_test_000290,6,think_answer_minus_no_think_answer,1.8923864364624041,True,False
Qwen_Qwen3-32B,32B,32.0,gsm8k_test_000290,6,thinking_minus_think_answer,0.703094482421875,True,False
Qwen_Qwen3-32B,32B,32.0,gsm8k_test_000290,6,thinking_minus_no_think_answer,2.595480918884279,True,False
Qwen_Qwen3-32B,32B,32.0,gsm8k_test_000290,13,think_answer_minus_no_think_answer,0.38077354431152344,True,False
Qwen_Qwen3-32B,32B,32.0,gsm8k_test_000290,13,thinking_minus_think_answer,-3.0702314376831055,True,False
Qwen_Qwen3-32B,32B,32.0,gsm8k_test_000290,13,thinking_minus_no_think_answer,-2.689457893371582,True,False
Qwen_Qwen3-32B,32B,32.0,gsm8k_test_000290,20,think_answer_minus_no_think_answer,0.772794723510744,True,False
Qwen_Qwen3-32B,32B,32.0,gsm8k_test_000290,20,thinking_minus_think_answer,-2.0228853225708026,True,False
Qwen_Qwen3-32B,32B,32.0,gsm8k_test_000290,20,thinking_minus_no_think_answer,-1.2500905990600586,True,False
Qwen_Qwen3-32B,32B,32.0,gsm8k_test_000294,6,think_answer_minus_no_think_answer,2.331681251525879,True,True
Qwen_Qwen3-32B,32B,32.0,gsm8k_test_000294,6,thinking_minus_think_answer,4.74967002868652,True,True
Qwen_Qwen3-32B,32B,32.0,gsm8k_test_000294,6,thinking_minus_no_think_answer,7.081351280212399,True,True
Qwen_Qwen3-32B,32B,32.0,gsm8k_test_000294,13,think_answer_minus_no_think_answer,0.5808258056640607,True,True
Qwen_Qwen3-32B,32B,32.0,gsm8k_test_000294,13,thinking_minus_think_answer,1.406487464904787,True,True
Qwen_Qwen3-32B,32B,32.0,gsm8k_test_000294,13,thinking_minus_no_think_answer,1.9873132705688477,True,True
Qwen_Qwen3-32B,32B,32.0,gsm8k_test_000294,20,think_answer_minus_no_think_answer,-1.5914545059204137,True,True
Qwen_Qwen3-32B,32B,32.0,gsm8k_test_000294,20,thinking_minus_think_answer,3.76554584503174,True,True
Qwen_Qwen3-32B,32B,32.0,gsm8k_test_000294,20,thinking_minus_no_think_answer,2.1740913391113263,True,True
Qwen_Qwen3-32B,32B,32.0,gsm8k_test_000296,6,think_answer_minus_no_think_answer,1.6535587310791016,True,True
Qwen_Qwen3-32B,32B,32.0,gsm8k_test_000296,6,thinking_minus_think_answer,3.365774154663086,True,True
Qwen_Qwen3-32B,32B,32.0,gsm8k_test_000296,6,thinking_minus_no_think_answer,5.0193328857421875,True,True
Qwen_Qwen3-32B,32B,32.0,gsm8k_test_000296,13,think_answer_minus_no_think_answer,-0.9876823425292969,True,True
Qwen_Qwen3-32B,32B,32.0,gsm8k_test_000296,13,thinking_minus_think_answer,-0.3901205062866211,True,True
Qwen_Qwen3-32B,32B,32.0,gsm8k_test_000296,13,thinking_minus_no_think_answer,-1.377802848815918,True,True
Qwen_Qwen3-32B,32B,32.0,gsm8k_test_000296,20,think_answer_minus_no_think_answer,0.5663537979125994,True,True
Qwen_Qwen3-32B,32B,32.0,gsm8k_test_000296,20,thinking_minus_think_answer,-0.47649288177490234,True,True
Qwen_Qwen3-32B,32B,32.0,gsm8k_test_000296,20,thinking_minus_no_think_answer,0.08986091613769709,True,True
Qwen_Qwen3-32B,32B,32.0,gsm8k_test_000300,6,think_answer_minus_no_think_answer,0.5013437271118164,True,True
Qwen_Qwen3-32B,32B,32.0,gsm8k_test_000300,6,thinking_minus_think_answer,1.8182153701782227,True,True
Qwen_Qwen3-32B,32B,32.0,gsm8k_test_000300,6,thinking_minus_no_think_answer,2.319559097290039,True,True
Qwen_Qwen3-32B,32B,32.0,gsm8k_test_000300,13,think_answer_minus_no_think_answer,0.10840988159179688,True,True
Qwen_Qwen3-32B,32B,32.0,gsm8k_test_000300,13,thinking_minus_think_answer,-0.4356193542480469,True,True
Qwen_Qwen3-32B,32B,32.0,gsm8k_test_000300,13,thinking_minus_no_think_answer,-0.32720947265625,True,True
Qwen_Qwen3-32B,32B,32.0,gsm8k_test_000300,20,think_answer_minus_no_think_answer,0.7177572250366211,True,True
Qwen_Qwen3-32B,32B,32.0,gsm8k_test_000300,20,thinking_minus_think_answer,0.9637546539306641,True,True
Qwen_Qwen3-32B,32B,32.0,gsm8k_test_000300,20,thinking_minus_no_think_answer,1.6815118789672852,True,True
Qwen_Qwen3-32B,32B,32.0,gsm8k_test_000304,6,think_answer_minus_no_think_answer,-0.20316886901855646,True,False
Qwen_Qwen3-32B,32B,32.0,gsm8k_test_000304,6,thinking_minus_think_answer,-0.11015224456786932,True,False
Qwen_Qwen3-32B,32B,32.0,gsm8k_test_000304,6,thinking_minus_no_think_answer,-0.3133211135864258,True,False
Qwen_Qwen3-32B,32B,32.0,gsm8k_test_000304,13,think_answer_minus_no_think_answer,3.58541297912598,True,False
Qwen_Qwen3-32B,32B,32.0,gsm8k_test_000304,13,thinking_minus_think_answer,-8.389202117919925,True,False
Qwen_Qwen3-32B,32B,32.0,gsm8k_test_000304,13,thinking_minus_no_think_answer,-4.803789138793945,True,False
Qwen_Qwen3-32B,32B,32.0,gsm8k_test_000304,20,think_answer_minus_no_think_answer,2.0770931243896467,True,False
Qwen_Qwen3-32B,32B,32.0,gsm8k_test_000304,20,thinking_minus_think_answer,-6.687700271606445,True,False
Qwen_Qwen3-32B,32B,32.0,gsm8k_test_000304,20,thinking_minus_no_think_answer,-4.610607147216799,True,False
Qwen_Qwen3-32B,32B,32.0,gsm8k_test_000307,6,think_answer_minus_no_think_answer,2.1358566284179688,True,True
Qwen_Qwen3-32B,32B,32.0,gsm8k_test_000307,6,thinking_minus_think_answer,-2.651632308959961,True,True
Qwen_Qwen3-32B,32B,32.0,gsm8k_test_000307,6,thinking_minus_no_think_answer,-0.5157756805419922,True,True
Qwen_Qwen3-32B,32B,32.0,gsm8k_test_000307,13,think_answer_minus_no_think_answer,0.9042272567749041,True,True
Qwen_Qwen3-32B,32B,32.0,gsm8k_test_000307,13,thinking_minus_think_answer,-1.659887313842777,True,True
Qwen_Qwen3-32B,32B,32.0,gsm8k_test_000307,13,thinking_minus_no_think_answer,-0.7556600570678729,True,True
Qwen_Qwen3-32B,32B,32.0,gsm8k_test_000307,20,think_answer_minus_no_think_answer,-1.1168060302734375,True,True
Qwen_Qwen3-32B,32B,32.0,gsm8k_test_000307,20,thinking_minus_think_answer,-0.0640554428100586,True,True
Qwen_Qwen3-32B,32B,32.0,gsm8k_test_000307,20,thinking_minus_no_think_answer,-1.180861473083496,True,True
Qwen_Qwen3-32B,32B,32.0,gsm8k_test_000310,6,think_answer_minus_no_think_answer,3.9057884216308576,True,False
Qwen_Qwen3-32B,32B,32.0,gsm8k_test_000310,6,thinking_minus_think_answer,-4.245794296264648,True,False
Qwen_Qwen3-32B,32B,32.0,gsm8k_test_000310,6,thinking_minus_no_think_answer,-0.34000587463379084,True,False
Qwen_Qwen3-32B,32B,32.0,gsm8k_test_000310,13,think_answer_minus_no_think_answer,-0.28586864471435547,True,False
Qwen_Qwen3-32B,32B,32.0,gsm8k_test_000310,13,thinking_minus_think_answer,-3.123767852783203,True,False
Qwen_Qwen3-32B,32B,32.0,gsm8k_test_000310,13,thinking_minus_no_think_answer,-3.4096364974975586,True,False
Qwen_Qwen3-32B,32B,32.0,gsm8k_test_000310,20,think_answer_minus_no_think_answer,0.6555643081665039,True,False
Qwen_Qwen3-32B,32B,32.0,gsm8k_test_000310,20,thinking_minus_think_answer,-1.6423425674438494,True,False
Qwen_Qwen3-32B,32B,32.0,gsm8k_test_000310,20,thinking_minus_no_think_answer,-0.9867782592773455,True,False
Qwen_Qwen3-32B,32B,32.0,gsm8k_test_000315,6,think_answer_minus_no_think_answer,2.1813106536865217,True,False
Qwen_Qwen3-32B,32B,32.0,gsm8k_test_000315,6,thinking_minus_think_answer,3.477670669555664,True,False
Qwen_Qwen3-32B,32B,32.0,gsm8k_test_000315,6,thinking_minus_no_think_answer,5.658981323242186,True,False
Qwen_Qwen3-32B,32B,32.0,gsm8k_test_000315,13,think_answer_minus_no_think_answer,0.32459163665771484,True,False
Qwen_Qwen3-32B,32B,32.0,gsm8k_test_000315,13,thinking_minus_think_answer,-1.6747980117797852,True,False
Qwen_Qwen3-32B,32B,32.0,gsm8k_test_000315,13,thinking_minus_no_think_answer,-1.3502063751220703,True,False
Qwen_Qwen3-32B,32B,32.0,gsm8k_test_000315,20,think_answer_minus_no_think_answer,0.18292903900146307,True,False
Qwen_Qwen3-32B,32B,32.0,gsm8k_test_000315,20,thinking_minus_think_answer,0.2655677795410156,True,False
Qwen_Qwen3-32B,32B,32.0,gsm8k_test_000315,20,thinking_minus_no_think_answer,0.4484968185424787,True,False
Qwen_Qwen3-32B,32B,32.0,gsm8k_test_000325,6,think_answer_minus_no_think_answer,3.0698013305664027,True,True
Qwen_Qwen3-32B,32B,32.0,gsm8k_test_000325,6,thinking_minus_think_answer,2.248648643493654,True,True
Qwen_Qwen3-32B,32B,32.0,gsm8k_test_000325,6,thinking_minus_no_think_answer,5.318449974060057,True,True
Qwen_Qwen3-32B,32B,32.0,gsm8k_test_000325,13,think_answer_minus_no_think_answer,0.6216630935668963,True,True
Qwen_Qwen3-32B,32B,32.0,gsm8k_test_000325,13,thinking_minus_think_answer,1.0695981979370117,True,True
Qwen_Qwen3-32B,32B,32.0,gsm8k_test_000325,13,thinking_minus_no_think_answer,1.691261291503908,True,True
Qwen_Qwen3-32B,32B,32.0,gsm8k_test_000325,20,think_answer_minus_no_think_answer,-0.7011775970458949,True,True
Qwen_Qwen3-32B,32B,32.0,gsm8k_test_000325,20,thinking_minus_think_answer,1.4512662887573242,True,True
Qwen_Qwen3-32B,32B,32.0,gsm8k_test_000325,20,thinking_minus_no_think_answer,0.7500886917114293,True,True
Qwen_Qwen3-32B,32B,32.0,gsm8k_test_000338,6,think_answer_minus_no_think_answer,1.0188350677490217,True,True
Qwen_Qwen3-32B,32B,32.0,gsm8k_test_000338,6,thinking_minus_think_answer,1.1557750701904297,True,True
Qwen_Qwen3-32B,32B,32.0,gsm8k_test_000338,6,thinking_minus_no_think_answer,2.1746101379394513,True,True
Qwen_Qwen3-32B,32B,32.0,gsm8k_test_000338,13,think_answer_minus_no_think_answer,-0.7584877014160174,True,True
Qwen_Qwen3-32B,32B,32.0,gsm8k_test_000338,13,thinking_minus_think_answer,2.760108947753908,True,True
Qwen_Qwen3-32B,32B,32.0,gsm8k_test_000338,13,thinking_minus_no_think_answer,2.0016212463378906,True,True
Qwen_Qwen3-32B,32B,32.0,gsm8k_test_000338,20,think_answer_minus_no_think_answer,-1.3076610565185547,True,True
Qwen_Qwen3-32B,32B,32.0,gsm8k_test_000338,20,thinking_minus_think_answer,3.1409301757812518,True,True
Qwen_Qwen3-32B,32B,32.0,gsm8k_test_000338,20,thinking_minus_no_think_answer,1.833269119262697,True,True
Qwen_Qwen3-32B,32B,32.0,gsm8k_test_000343,6,think_answer_minus_no_think_answer,-1.061476707458496,True,True
Qwen_Qwen3-32B,32B,32.0,gsm8k_test_000343,6,thinking_minus_think_answer,8.497359275817871,True,True
Qwen_Qwen3-32B,32B,32.0,gsm8k_test_000343,6,thinking_minus_no_think_answer,7.435882568359375,True,True
Qwen_Qwen3-32B,32B,32.0,gsm8k_test_000343,13,think_answer_minus_no_think_answer,-2.4678564071655273,True,True
Qwen_Qwen3-32B,32B,32.0,gsm8k_test_000343,13,thinking_minus_think_answer,1.2040424346923846,True,True
Qwen_Qwen3-32B,32B,32.0,gsm8k_test_000343,13,thinking_minus_no_think_answer,-1.2638139724731428,True,True
Qwen_Qwen3-32B,32B,32.0,gsm8k_test_000343,20,think_answer_minus_no_think_answer,-1.0479240417480433,True,True
Qwen_Qwen3-32B,32B,32.0,gsm8k_test_000343,20,thinking_minus_think_answer,1.7654094696044922,True,True
Qwen_Qwen3-32B,32B,32.0,gsm8k_test_000343,20,thinking_minus_no_think_answer,0.7174854278564489,True,True
Qwen_Qwen3-32B,32B,32.0,gsm8k_test_000351,6,think_answer_minus_no_think_answer,0.9341678619384766,True,True
Qwen_Qwen3-32B,32B,32.0,gsm8k_test_000351,6,thinking_minus_think_answer,8.613497734069824,True,True
Qwen_Qwen3-32B,32B,32.0,gsm8k_test_000351,6,thinking_minus_no_think_answer,9.5476655960083,True,True
Qwen_Qwen3-32B,32B,32.0,gsm8k_test_000351,13,think_answer_minus_no_think_answer,0.14257144927978516,True,True
Qwen_Qwen3-32B,32B,32.0,gsm8k_test_000351,13,thinking_minus_think_answer,1.6577425003051758,True,True
Qwen_Qwen3-32B,32B,32.0,gsm8k_test_000351,13,thinking_minus_no_think_answer,1.800313949584961,True,True
Qwen_Qwen3-32B,32B,32.0,gsm8k_test_000351,20,think_answer_minus_no_think_answer,0.19107532501220525,True,True
Qwen_Qwen3-32B,32B,32.0,gsm8k_test_000351,20,thinking_minus_think_answer,1.758173942565918,True,True
Qwen_Qwen3-32B,32B,32.0,gsm8k_test_000351,20,thinking_minus_no_think_answer,1.9492492675781232,True,True
Qwen_Qwen3-32B,32B,32.0,gsm8k_test_000360,6,think_answer_minus_no_think_answer,1.5820760726928729,True,True
Qwen_Qwen3-32B,32B,32.0,gsm8k_test_000360,6,thinking_minus_think_answer,4.334306716918949,True,True
Qwen_Qwen3-32B,32B,32.0,gsm8k_test_000360,6,thinking_minus_no_think_answer,5.916382789611822,True,True
Qwen_Qwen3-32B,32B,32.0,gsm8k_test_000360,13,think_answer_minus_no_think_answer,-0.9890899658203143,True,True
Qwen_Qwen3-32B,32B,32.0,gsm8k_test_000360,13,thinking_minus_think_answer,1.6148042678833008,True,True
Qwen_Qwen3-32B,32B,32.0,gsm8k_test_000360,13,thinking_minus_no_think_answer,0.6257143020629865,True,True
Qwen_Qwen3-32B,32B,32.0,gsm8k_test_000360,20,think_answer_minus_no_think_answer,0.060059547424316406,True,True
Qwen_Qwen3-32B,32B,32.0,gsm8k_test_000360,20,thinking_minus_think_answer,1.8932600021362305,True,True
Qwen_Qwen3-32B,32B,32.0,gsm8k_test_000360,20,thinking_minus_no_think_answer,1.9533195495605469,True,True
Qwen_Qwen3-32B,32B,32.0,gsm8k_test_000361,6,think_answer_minus_no_think_answer,-1.3136072158813477,True,True
Qwen_Qwen3-32B,32B,32.0,gsm8k_test_000361,6,thinking_minus_think_answer,2.467709541320801,True,True
Qwen_Qwen3-32B,32B,32.0,gsm8k_test_000361,6,thinking_minus_no_think_answer,1.1541023254394531,True,True
Qwen_Qwen3-32B,32B,32.0,gsm8k_test_000361,13,think_answer_minus_no_think_answer,1.2546224594116229,True,True
Qwen_Qwen3-32B,32B,32.0,gsm8k_test_000361,13,thinking_minus_think_answer,-1.9257783889770526,True,True
Qwen_Qwen3-32B,32B,32.0,gsm8k_test_000361,13,thinking_minus_no_think_answer,-0.6711559295654297,True,True
Qwen_Qwen3-32B,32B,32.0,gsm8k_test_000361,20,think_answer_minus_no_think_answer,1.583028793334961,True,True
Qwen_Qwen3-32B,32B,32.0,gsm8k_test_000361,20,thinking_minus_think_answer,0.0674448013305664,True,True
Qwen_Qwen3-32B,32B,32.0,gsm8k_test_000361,20,thinking_minus_no_think_answer,1.6504735946655273,True,True
Qwen_Qwen3-32B,32B,32.0,gsm8k_test_000364,6,think_answer_minus_no_think_answer,-0.23063278198242188,True,True
Qwen_Qwen3-32B,32B,32.0,gsm8k_test_000364,6,thinking_minus_think_answer,3.6387290954589844,True,True
Qwen_Qwen3-32B,32B,32.0,gsm8k_test_000364,6,thinking_minus_no_think_answer,3.4080963134765625,True,True
Qwen_Qwen3-32B,32B,32.0,gsm8k_test_000364,13,think_answer_minus_no_think_answer,-1.1914587020874023,True,True
Qwen_Qwen3-32B,32B,32.0,gsm8k_test_000364,13,thinking_minus_think_answer,2.8725109100341797,True,True
Qwen_Qwen3-32B,32B,32.0,gsm8k_test_000364,13,thinking_minus_no_think_answer,1.6810522079467773,True,True
Qwen_Qwen3-32B,32B,32.0,gsm8k_test_000364,20,think_answer_minus_no_think_answer,-0.9903192520141602,True,True
Qwen_Qwen3-32B,32B,32.0,gsm8k_test_000364,20,thinking_minus_think_answer,2.229005813598633,True,True
Qwen_Qwen3-32B,32B,32.0,gsm8k_test_000364,20,thinking_minus_no_think_answer,1.2386865615844727,True,True
Qwen_Qwen3-32B,32B,32.0,gsm8k_test_000374,6,think_answer_minus_no_think_answer,0.41798973083496094,True,True
Qwen_Qwen3-32B,32B,32.0,gsm8k_test_000374,6,thinking_minus_think_answer,5.431581497192379,True,True
Qwen_Qwen3-32B,32B,32.0,gsm8k_test_000374,6,thinking_minus_no_think_answer,5.84957122802734,True,True
Qwen_Qwen3-32B,32B,32.0,gsm8k_test_000374,13,think_answer_minus_no_think_answer,-3.174201011657713,True,True
Qwen_Qwen3-32B,32B,32.0,gsm8k_test_000374,13,thinking_minus_think_answer,0.6428937911987269,True,True
Qwen_Qwen3-32B,32B,32.0,gsm8k_test_000374,13,thinking_minus_no_think_answer,-2.531307220458986,True,True
Qwen_Qwen3-32B,32B,32.0,gsm8k_test_000374,20,think_answer_minus_no_think_answer,0.5036897659301758,True,True
Qwen_Qwen3-32B,32B,32.0,gsm8k_test_000374,20,thinking_minus_think_answer,-0.34743785858154297,True,True
Qwen_Qwen3-32B,32B,32.0,gsm8k_test_000374,20,thinking_minus_no_think_answer,0.1562519073486328,True,True
Qwen_Qwen3-32B,32B,32.0,gsm8k_test_000389,6,think_answer_minus_no_think_answer,3.3563919067382812,True,True
Qwen_Qwen3-32B,32B,32.0,gsm8k_test_000389,6,thinking_minus_think_answer,1.719635009765625,True,True
Qwen_Qwen3-32B,32B,32.0,gsm8k_test_000389,6,thinking_minus_no_think_answer,5.076026916503906,True,True
Qwen_Qwen3-32B,32B,32.0,gsm8k_test_000389,13,think_answer_minus_no_think_answer,3.0604114532470703,True,True
Qwen_Qwen3-32B,32B,32.0,gsm8k_test_000389,13,thinking_minus_think_answer,-1.0938425064086914,True,True
Qwen_Qwen3-32B,32B,32.0,gsm8k_test_000389,13,thinking_minus_no_think_answer,1.966568946838379,True,True
Qwen_Qwen3-32B,32B,32.0,gsm8k_test_000389,20,think_answer_minus_no_think_answer,0.6609020233154279,True,True
Qwen_Qwen3-32B,32B,32.0,gsm8k_test_000389,20,thinking_minus_think_answer,1.749192237854004,True,True
Qwen_Qwen3-32B,32B,32.0,gsm8k_test_000389,20,thinking_minus_no_think_answer,2.410094261169432,True,True
Qwen_Qwen3-32B,32B,32.0,gsm8k_test_000395,6,think_answer_minus_no_think_answer,-0.8970022201538104,True,False
Qwen_Qwen3-32B,32B,32.0,gsm8k_test_000395,6,thinking_minus_think_answer,5.409422874450685,True,False
Qwen_Qwen3-32B,32B,32.0,gsm8k_test_000395,6,thinking_minus_no_think_answer,4.512420654296875,True,False
Qwen_Qwen3-32B,32B,32.0,gsm8k_test_000395,13,think_answer_minus_no_think_answer,0.5327453613281268,True,False
Qwen_Qwen3-32B,32B,32.0,gsm8k_test_000395,13,thinking_minus_think_answer,-0.9441041946411168,True,False
Qwen_Qwen3-32B,32B,32.0,gsm8k_test_000395,13,thinking_minus_no_think_answer,-0.41135883331299006,True,False
Qwen_Qwen3-32B,32B,32.0,gsm8k_test_000395,20,think_answer_minus_no_think_answer,-0.10624122619628729,True,False
Qwen_Qwen3-32B,32B,32.0,gsm8k_test_000395,20,thinking_minus_think_answer,-0.6501436233520526,True,False
Qwen_Qwen3-32B,32B,32.0,gsm8k_test_000395,20,thinking_minus_no_think_answer,-0.7563848495483398,True,False
Qwen_Qwen3-32B,32B,32.0,gsm8k_test_000398,6,think_answer_minus_no_think_answer,1.0687503814697266,True,False
Qwen_Qwen3-32B,32B,32.0,gsm8k_test_000398,6,thinking_minus_think_answer,4.097354888916016,True,False
Qwen_Qwen3-32B,32B,32.0,gsm8k_test_000398,6,thinking_minus_no_think_answer,5.166105270385742,True,False
Qwen_Qwen3-32B,32B,32.0,gsm8k_test_000398,13,think_answer_minus_no_think_answer,0.359835624694826,True,False
Qwen_Qwen3-32B,32B,32.0,gsm8k_test_000398,13,thinking_minus_think_answer,-0.7158441543579119,True,False
Qwen_Qwen3-32B,32B,32.0,gsm8k_test_000398,13,thinking_minus_no_think_answer,-0.35600852966308594,True,False
Qwen_Qwen3-32B,32B,32.0,gsm8k_test_000398,20,think_answer_minus_no_think_answer,1.9169664382934553,True,False
Qwen_Qwen3-32B,32B,32.0,gsm8k_test_000398,20,thinking_minus_think_answer,-1.4503946304321271,True,False
Qwen_Qwen3-32B,32B,32.0,gsm8k_test_000398,20,thinking_minus_no_think_answer,0.4665718078613281,True,False
Qwen_Qwen3-32B,32B,32.0,gsm8k_test_000415,6,think_answer_minus_no_think_answer,1.026972770690918,True,True
Qwen_Qwen3-32B,32B,32.0,gsm8k_test_000415,6,thinking_minus_think_answer,0.2311210632324201,True,True
Qwen_Qwen3-32B,32B,32.0,gsm8k_test_000415,6,thinking_minus_no_think_answer,1.258093833923338,True,True
Qwen_Qwen3-32B,32B,32.0,gsm8k_test_000415,13,think_answer_minus_no_think_answer,0.7800884246826172,True,True
Qwen_Qwen3-32B,32B,32.0,gsm8k_test_000415,13,thinking_minus_think_answer,-1.9554128646850586,True,True
Qwen_Qwen3-32B,32B,32.0,gsm8k_test_000415,13,thinking_minus_no_think_answer,-1.1753244400024414,True,True
Qwen_Qwen3-32B,32B,32.0,gsm8k_test_000415,20,think_answer_minus_no_think_answer,1.5048809051513654,True,True
Qwen_Qwen3-32B,32B,32.0,gsm8k_test_000415,20,thinking_minus_think_answer,-1.3065071105957031,True,True
Qwen_Qwen3-32B,32B,32.0,gsm8k_test_000415,20,thinking_minus_no_think_answer,0.1983737945556623,True,True
Qwen_Qwen3-32B,32B,32.0,gsm8k_test_000426,6,think_answer_minus_no_think_answer,1.3398571014404297,True,True
Qwen_Qwen3-32B,32B,32.0,gsm8k_test_000426,6,thinking_minus_think_answer,0.24663162231445668,True,True
Qwen_Qwen3-32B,32B,32.0,gsm8k_test_000426,6,thinking_minus_no_think_answer,1.5864887237548864,True,True
Qwen_Qwen3-32B,32B,32.0,gsm8k_test_000426,13,think_answer_minus_no_think_answer,1.1311645507812482,True,True
Qwen_Qwen3-32B,32B,32.0,gsm8k_test_000426,13,thinking_minus_think_answer,-1.2189016342163086,True,True
Qwen_Qwen3-32B,32B,32.0,gsm8k_test_000426,13,thinking_minus_no_think_answer,-0.08773708343506037,True,True
Qwen_Qwen3-32B,32B,32.0,gsm8k_test_000426,20,think_answer_minus_no_think_answer,0.9844951629638672,True,True
Qwen_Qwen3-32B,32B,32.0,gsm8k_test_000426,20,thinking_minus_think_answer,-1.2175989151000977,True,True
Qwen_Qwen3-32B,32B,32.0,gsm8k_test_000426,20,thinking_minus_no_think_answer,-0.23310375213623047,True,True
Qwen_Qwen3-32B,32B,32.0,gsm8k_test_000432,6,think_answer_minus_no_think_answer,-3.15478515625,True,True
Qwen_Qwen3-32B,32B,32.0,gsm8k_test_000432,6,thinking_minus_think_answer,6.519937515258789,True,True
Qwen_Qwen3-32B,32B,32.0,gsm8k_test_000432,6,thinking_minus_no_think_answer,3.365152359008789,True,True
Qwen_Qwen3-32B,32B,32.0,gsm8k_test_000432,13,think_answer_minus_no_think_answer,-2.2202186584472656,True,True
Qwen_Qwen3-32B,32B,32.0,gsm8k_test_000432,13,thinking_minus_think_answer,0.05796337127685547,True,True
Qwen_Qwen3-32B,32B,32.0,gsm8k_test_000432,13,thinking_minus_no_think_answer,-2.16225528717041,True,True
Qwen_Qwen3-32B,32B,32.0,gsm8k_test_000432,20,think_answer_minus_no_think_answer,-1.1505403518676758,True,True
Qwen_Qwen3-32B,32B,32.0,gsm8k_test_000432,20,thinking_minus_think_answer,-0.8210687637329102,True,True
Qwen_Qwen3-32B,32B,32.0,gsm8k_test_000432,20,thinking_minus_no_think_answer,-1.971609115600586,True,True
Qwen_Qwen3-32B,32B,32.0,gsm8k_test_000433,6,think_answer_minus_no_think_answer,1.0040225982666016,True,True
Qwen_Qwen3-32B,32B,32.0,gsm8k_test_000433,6,thinking_minus_think_answer,10.833066940307617,True,True
Qwen_Qwen3-32B,32B,32.0,gsm8k_test_000433,6,thinking_minus_no_think_answer,11.837089538574219,True,True
Qwen_Qwen3-32B,32B,32.0,gsm8k_test_000433,13,think_answer_minus_no_think_answer,-1.5021562576293945,True,True
Qwen_Qwen3-32B,32B,32.0,gsm8k_test_000433,13,thinking_minus_think_answer,2.900404930114746,True,True
Qwen_Qwen3-32B,32B,32.0,gsm8k_test_000433,13,thinking_minus_no_think_answer,1.3982486724853516,True,True
Qwen_Qwen3-32B,32B,32.0,gsm8k_test_000433,20,think_answer_minus_no_think_answer,-0.19743061065673828,True,True
Qwen_Qwen3-32B,32B,32.0,gsm8k_test_000433,20,thinking_minus_think_answer,1.4432859420776385,True,True
Qwen_Qwen3-32B,32B,32.0,gsm8k_test_000433,20,thinking_minus_no_think_answer,1.2458553314209002,True,True
Qwen_Qwen3-32B,32B,32.0,gsm8k_test_000448,6,think_answer_minus_no_think_answer,-1.4494609832763672,True,False
Qwen_Qwen3-32B,32B,32.0,gsm8k_test_000448,6,thinking_minus_think_answer,-0.22443389892578125,True,False
Qwen_Qwen3-32B,32B,32.0,gsm8k_test_000448,6,thinking_minus_no_think_answer,-1.6738948822021484,True,False
Qwen_Qwen3-32B,32B,32.0,gsm8k_test_000448,13,think_answer_minus_no_think_answer,-2.0518531799316406,True,False
Qwen_Qwen3-32B,32B,32.0,gsm8k_test_000448,13,thinking_minus_think_answer,-1.7553529739379883,True,False
Qwen_Qwen3-32B,32B,32.0,gsm8k_test_000448,13,thinking_minus_no_think_answer,-3.807206153869629,True,False
Qwen_Qwen3-32B,32B,32.0,gsm8k_test_000448,20,think_answer_minus_no_think_answer,-1.108649253845213,True,False
Qwen_Qwen3-32B,32B,32.0,gsm8k_test_000448,20,thinking_minus_think_answer,0.6526880264282227,True,False
Qwen_Qwen3-32B,32B,32.0,gsm8k_test_000448,20,thinking_minus_no_think_answer,-0.4559612274169904,True,False
Qwen_Qwen3-32B,32B,32.0,gsm8k_test_000449,6,think_answer_minus_no_think_answer,1.1465635299682617,True,True
Qwen_Qwen3-32B,32B,32.0,gsm8k_test_000449,6,thinking_minus_think_answer,4.705558776855469,True,True
Qwen_Qwen3-32B,32B,32.0,gsm8k_test_000449,6,thinking_minus_no_think_answer,5.8521223068237305,True,True
Qwen_Qwen3-32B,32B,32.0,gsm8k_test_000449,13,think_answer_minus_no_think_answer,1.9325952529907227,True,True
Qwen_Qwen3-32B,32B,32.0,gsm8k_test_000449,13,thinking_minus_think_answer,-1.8221464157104492,True,True
Qwen_Qwen3-32B,32B,32.0,gsm8k_test_000449,13,thinking_minus_no_think_answer,0.11044883728027344,True,True
Qwen_Qwen3-32B,32B,32.0,gsm8k_test_000449,20,think_answer_minus_no_think_answer,0.9976110458374006,True,True
Qwen_Qwen3-32B,32B,32.0,gsm8k_test_000449,20,thinking_minus_think_answer,1.144426345825197,True,True
Qwen_Qwen3-32B,32B,32.0,gsm8k_test_000449,20,thinking_minus_no_think_answer,2.1420373916625977,True,True
Qwen_Qwen3-32B,32B,32.0,gsm8k_test_000460,6,think_answer_minus_no_think_answer,3.491471290588379,True,True
Qwen_Qwen3-32B,32B,32.0,gsm8k_test_000460,6,thinking_minus_think_answer,8.225896835327148,True,True
Qwen_Qwen3-32B,32B,32.0,gsm8k_test_000460,6,thinking_minus_no_think_answer,11.717368125915527,True,True
Qwen_Qwen3-32B,32B,32.0,gsm8k_test_000460,13,think_answer_minus_no_think_answer,1.0519390106201172,True,True
Qwen_Qwen3-32B,32B,32.0,gsm8k_test_000460,13,thinking_minus_think_answer,2.283924102783203,True,True
Qwen_Qwen3-32B,32B,32.0,gsm8k_test_000460,13,thinking_minus_no_think_answer,3.3358631134033203,True,True
Qwen_Qwen3-32B,32B,32.0,gsm8k_test_000460,20,think_answer_minus_no_think_answer,0.3733215332031232,True,True
Qwen_Qwen3-32B,32B,32.0,gsm8k_test_000460,20,thinking_minus_think_answer,1.7993097305297834,True,True
Qwen_Qwen3-32B,32B,32.0,gsm8k_test_000460,20,thinking_minus_no_think_answer,2.1726312637329066,True,True
Qwen_Qwen3-32B,32B,32.0,gsm8k_test_000472,6,think_answer_minus_no_think_answer,1.2808380126953125,True,True
Qwen_Qwen3-32B,32B,32.0,gsm8k_test_000472,6,thinking_minus_think_answer,5.890195846557617,True,True
Qwen_Qwen3-32B,32B,32.0,gsm8k_test_000472,6,thinking_minus_no_think_answer,7.17103385925293,True,True
Qwen_Qwen3-32B,32B,32.0,gsm8k_test_000472,13,think_answer_minus_no_think_answer,-1.1716947555541992,True,True
Qwen_Qwen3-32B,32B,32.0,gsm8k_test_000472,13,thinking_minus_think_answer,0.5266189575195312,True,True
Qwen_Qwen3-32B,32B,32.0,gsm8k_test_000472,13,thinking_minus_no_think_answer,-0.645075798034668,True,True
Qwen_Qwen3-32B,32B,32.0,gsm8k_test_000472,20,think_answer_minus_no_think_answer,-1.8112707138061523,True,True
Qwen_Qwen3-32B,32B,32.0,gsm8k_test_000472,20,thinking_minus_think_answer,1.5594291687011719,True,True
Qwen_Qwen3-32B,32B,32.0,gsm8k_test_000472,20,thinking_minus_no_think_answer,-0.25184154510498047,True,True
Qwen_Qwen3-32B,32B,32.0,gsm8k_test_000491,6,think_answer_minus_no_think_answer,1.491757392883299,True,True
Qwen_Qwen3-32B,32B,32.0,gsm8k_test_000491,6,thinking_minus_think_answer,5.550041198730469,True,True
Qwen_Qwen3-32B,32B,32.0,gsm8k_test_000491,6,thinking_minus_no_think_answer,7.041798591613768,True,True
Qwen_Qwen3-32B,32B,32.0,gsm8k_test_000491,13,think_answer_minus_no_think_answer,2.0710878372192347,True,True
Qwen_Qwen3-32B,32B,32.0,gsm8k_test_000491,13,thinking_minus_think_answer,-0.6227054595947248,True,True
Qwen_Qwen3-32B,32B,32.0,gsm8k_test_000491,13,thinking_minus_no_think_answer,1.44838237762451,True,True
Qwen_Qwen3-32B,32B,32.0,gsm8k_test_000491,20,think_answer_minus_no_think_answer,1.0312328338623047,True,True
Qwen_Qwen3-32B,32B,32.0,gsm8k_test_000491,20,thinking_minus_think_answer,0.6250009536743164,True,True
Qwen_Qwen3-32B,32B,32.0,gsm8k_test_000491,20,thinking_minus_no_think_answer,1.656233787536621,True,True
Qwen_Qwen3-32B,32B,32.0,gsm8k_test_000503,6,think_answer_minus_no_think_answer,5.2031707763671875,True,True
Qwen_Qwen3-32B,32B,32.0,gsm8k_test_000503,6,thinking_minus_think_answer,3.5340309143066406,True,True
Qwen_Qwen3-32B,32B,32.0,gsm8k_test_000503,6,thinking_minus_no_think_answer,8.737201690673828,True,True
Qwen_Qwen3-32B,32B,32.0,gsm8k_test_000503,13,think_answer_minus_no_think_answer,2.9808130264282227,True,True
Qwen_Qwen3-32B,32B,32.0,gsm8k_test_000503,13,thinking_minus_think_answer,0.6202564239501935,True,True
Qwen_Qwen3-32B,32B,32.0,gsm8k_test_000503,13,thinking_minus_no_think_answer,3.601069450378416,True,True
Qwen_Qwen3-32B,32B,32.0,gsm8k_test_000503,20,think_answer_minus_no_think_answer,0.5985708236694336,True,True
Qwen_Qwen3-32B,32B,32.0,gsm8k_test_000503,20,thinking_minus_think_answer,2.217230796813965,True,True
Qwen_Qwen3-32B,32B,32.0,gsm8k_test_000503,20,thinking_minus_no_think_answer,2.8158016204833984,True,True
Qwen_Qwen3-32B,32B,32.0,gsm8k_test_000509,6,think_answer_minus_no_think_answer,2.9676456451416016,True,True
Qwen_Qwen3-32B,32B,32.0,gsm8k_test_000509,6,thinking_minus_think_answer,-0.8780126571655273,True,True
Qwen_Qwen3-32B,32B,32.0,gsm8k_test_000509,6,thinking_minus_no_think_answer,2.089632987976074,True,True
Qwen_Qwen3-32B,32B,32.0,gsm8k_test_000509,13,think_answer_minus_no_think_answer,0.06387805938720881,True,True
Qwen_Qwen3-32B,32B,32.0,gsm8k_test_000509,13,thinking_minus_think_answer,0.178586006164549,True,True
Qwen_Qwen3-32B,32B,32.0,gsm8k_test_000509,13,thinking_minus_no_think_answer,0.2424640655517578,True,True
Qwen_Qwen3-32B,32B,32.0,gsm8k_test_000509,20,think_answer_minus_no_think_answer,0.13552761077880682,True,True
Qwen_Qwen3-32B,32B,32.0,gsm8k_test_000509,20,thinking_minus_think_answer,1.026698112487793,True,True
Qwen_Qwen3-32B,32B,32.0,gsm8k_test_000509,20,thinking_minus_no_think_answer,1.1622257232665998,True,True
Qwen_Qwen3-32B,32B,32.0,gsm8k_test_000514,6,think_answer_minus_no_think_answer,4.312529563903809,True,True
Qwen_Qwen3-32B,32B,32.0,gsm8k_test_000514,6,thinking_minus_think_answer,2.1815052032470703,True,True
Qwen_Qwen3-32B,32B,32.0,gsm8k_test_000514,6,thinking_minus_no_think_answer,6.494034767150879,True,True
Qwen_Qwen3-32B,32B,32.0,gsm8k_test_000514,13,think_answer_minus_no_think_answer,1.743722915649414,True,True
Qwen_Qwen3-32B,32B,32.0,gsm8k_test_000514,13,thinking_minus_think_answer,0.09136295318603516,True,True
Qwen_Qwen3-32B,32B,32.0,gsm8k_test_000514,13,thinking_minus_no_think_answer,1.8350858688354492,True,True
Qwen_Qwen3-32B,32B,32.0,gsm8k_test_000514,20,think_answer_minus_no_think_answer,1.8143510818481445,True,True
Qwen_Qwen3-32B,32B,32.0,gsm8k_test_000514,20,thinking_minus_think_answer,1.3584766387939453,True,True
Qwen_Qwen3-32B,32B,32.0,gsm8k_test_000514,20,thinking_minus_no_think_answer,3.17282772064209,True,True
Qwen_Qwen3-32B,32B,32.0,gsm8k_test_000518,6,think_answer_minus_no_think_answer,2.172371864318851,True,False
Qwen_Qwen3-32B,32B,32.0,gsm8k_test_000518,6,thinking_minus_think_answer,-3.6511631011962944,True,False
Qwen_Qwen3-32B,32B,32.0,gsm8k_test_000518,6,thinking_minus_no_think_answer,-1.4787912368774432,True,False
Qwen_Qwen3-32B,32B,32.0,gsm8k_test_000518,13,think_answer_minus_no_think_answer,-0.7452297210693359,True,False
Qwen_Qwen3-32B,32B,32.0,gsm8k_test_000518,13,thinking_minus_think_answer,-1.9485607147216797,True,False
Qwen_Qwen3-32B,32B,32.0,gsm8k_test_000518,13,thinking_minus_no_think_answer,-2.6937904357910156,True,False
Qwen_Qwen3-32B,32B,32.0,gsm8k_test_000518,20,think_answer_minus_no_think_answer,-0.0003881454467755674,True,False
Qwen_Qwen3-32B,32B,32.0,gsm8k_test_000518,20,thinking_minus_think_answer,-1.3705759048461932,True,False
Qwen_Qwen3-32B,32B,32.0,gsm8k_test_000518,20,thinking_minus_no_think_answer,-1.3709640502929688,True,False
Qwen_Qwen3-32B,32B,32.0,gsm8k_test_000523,6,think_answer_minus_no_think_answer,3.373302459716797,True,False
Qwen_Qwen3-32B,32B,32.0,gsm8k_test_000523,6,thinking_minus_think_answer,1.7164440155029297,True,False
Qwen_Qwen3-32B,32B,32.0,gsm8k_test_000523,6,thinking_minus_no_think_answer,5.089746475219727,True,False
Qwen_Qwen3-32B,32B,32.0,gsm8k_test_000523,13,think_answer_minus_no_think_answer,2.0048828125,True,False
Qwen_Qwen3-32B,32B,32.0,gsm8k_test_000523,13,thinking_minus_think_answer,0.048037528991700995,True,False
Qwen_Qwen3-32B,32B,32.0,gsm8k_test_000523,13,thinking_minus_no_think_answer,2.052920341491701,True,False
Qwen_Qwen3-32B,32B,32.0,gsm8k_test_000523,20,think_answer_minus_no_think_answer,3.196084976196289,True,False
Qwen_Qwen3-32B,32B,32.0,gsm8k_test_000523,20,thinking_minus_think_answer,-0.6288776397705078,True,False
Qwen_Qwen3-32B,32B,32.0,gsm8k_test_000523,20,thinking_minus_no_think_answer,2.5672073364257812,True,False
Qwen_Qwen3-32B,32B,32.0,gsm8k_test_000531,6,think_answer_minus_no_think_answer,1.7730674743652344,True,False
Qwen_Qwen3-32B,32B,32.0,gsm8k_test_000531,6,thinking_minus_think_answer,4.109294891357422,True,False
Qwen_Qwen3-32B,32B,32.0,gsm8k_test_000531,6,thinking_minus_no_think_answer,5.882362365722656,True,False
Qwen_Qwen3-32B,32B,32.0,gsm8k_test_000531,13,think_answer_minus_no_think_answer,1.8259925842285156,True,False
Qwen_Qwen3-32B,32B,32.0,gsm8k_test_000531,13,thinking_minus_think_answer,-1.4066743850708026,True,False
Qwen_Qwen3-32B,32B,32.0,gsm8k_test_000531,13,thinking_minus_no_think_answer,0.41931819915771307,True,False
Qwen_Qwen3-32B,32B,32.0,gsm8k_test_000531,20,think_answer_minus_no_think_answer,1.7158174514770526,True,False
Qwen_Qwen3-32B,32B,32.0,gsm8k_test_000531,20,thinking_minus_think_answer,-1.5315980911254883,True,False
Qwen_Qwen3-32B,32B,32.0,gsm8k_test_000531,20,thinking_minus_no_think_answer,0.18421936035156428,True,False
Qwen_Qwen3-32B,32B,32.0,gsm8k_test_000532,6,think_answer_minus_no_think_answer,1.6431446075439453,True,False
Qwen_Qwen3-32B,32B,32.0,gsm8k_test_000532,6,thinking_minus_think_answer,-4.893115043640137,True,False
Qwen_Qwen3-32B,32B,32.0,gsm8k_test_000532,6,thinking_minus_no_think_answer,-3.2499704360961914,True,False
Qwen_Qwen3-32B,32B,32.0,gsm8k_test_000532,13,think_answer_minus_no_think_answer,0.945500373840332,True,False
Qwen_Qwen3-32B,32B,32.0,gsm8k_test_000532,13,thinking_minus_think_answer,-4.8729734420776385,True,False
Qwen_Qwen3-32B,32B,32.0,gsm8k_test_000532,13,thinking_minus_no_think_answer,-3.9274730682373065,True,False
Qwen_Qwen3-32B,32B,32.0,gsm8k_test_000532,20,think_answer_minus_no_think_answer,0.10696792602538707,True,False
Qwen_Qwen3-32B,32B,32.0,gsm8k_test_000532,20,thinking_minus_think_answer,-2.116751670837399,True,False
Qwen_Qwen3-32B,32B,32.0,gsm8k_test_000532,20,thinking_minus_no_think_answer,-2.0097837448120117,True,False
Qwen_Qwen3-32B,32B,32.0,gsm8k_test_000534,6,think_answer_minus_no_think_answer,-2.843123435974121,True,True
Qwen_Qwen3-32B,32B,32.0,gsm8k_test_000534,6,thinking_minus_think_answer,5.908947944641113,True,True
Qwen_Qwen3-32B,32B,32.0,gsm8k_test_000534,6,thinking_minus_no_think_answer,3.065824508666992,True,True
Qwen_Qwen3-32B,32B,32.0,gsm8k_test_000534,13,think_answer_minus_no_think_answer,-1.6978254318237305,True,True
Qwen_Qwen3-32B,32B,32.0,gsm8k_test_000534,13,thinking_minus_think_answer,-0.20938491821289062,True,True
Qwen_Qwen3-32B,32B,32.0,gsm8k_test_000534,13,thinking_minus_no_think_answer,-1.907210350036621,True,True
Qwen_Qwen3-32B,32B,32.0,gsm8k_test_000534,20,think_answer_minus_no_think_answer,-1.4711799621582031,True,True
Qwen_Qwen3-32B,32B,32.0,gsm8k_test_000534,20,thinking_minus_think_answer,0.6411828994750977,True,True
Qwen_Qwen3-32B,32B,32.0,gsm8k_test_000534,20,thinking_minus_no_think_answer,-0.8299970626831055,True,True
Qwen_Qwen3-32B,32B,32.0,gsm8k_test_000543,6,think_answer_minus_no_think_answer,0.8228349685668945,True,True
Qwen_Qwen3-32B,32B,32.0,gsm8k_test_000543,6,thinking_minus_think_answer,2.740056037902832,True,True
Qwen_Qwen3-32B,32B,32.0,gsm8k_test_000543,6,thinking_minus_no_think_answer,3.5628910064697266,True,True
Qwen_Qwen3-32B,32B,32.0,gsm8k_test_000543,13,think_answer_minus_no_think_answer,-1.5292091369628906,True,True
Qwen_Qwen3-32B,32B,32.0,gsm8k_test_000543,13,thinking_minus_think_answer,1.8146123886108398,True,True
Qwen_Qwen3-32B,32B,32.0,gsm8k_test_000543,13,thinking_minus_no_think_answer,0.2854032516479492,True,True
Qwen_Qwen3-32B,32B,32.0,gsm8k_test_000543,20,think_answer_minus_no_think_answer,-0.6739673614501953,True,True
Qwen_Qwen3-32B,32B,32.0,gsm8k_test_000543,20,thinking_minus_think_answer,1.9313640594482422,True,True
Qwen_Qwen3-32B,32B,32.0,gsm8k_test_000543,20,thinking_minus_no_think_answer,1.2573966979980469,True,True
Qwen_Qwen3-32B,32B,32.0,gsm8k_test_000549,6,think_answer_minus_no_think_answer,0.29877471923828125,True,True
Qwen_Qwen3-32B,32B,32.0,gsm8k_test_000549,6,thinking_minus_think_answer,-0.40471458435058594,True,True
Qwen_Qwen3-32B,32B,32.0,gsm8k_test_000549,6,thinking_minus_no_think_answer,-0.10593986511230469,True,True
Qwen_Qwen3-32B,32B,32.0,gsm8k_test_000549,13,think_answer_minus_no_think_answer,0.25914955139160156,True,True
Qwen_Qwen3-32B,32B,32.0,gsm8k_test_000549,13,thinking_minus_think_answer,-1.7199916839599627,True,True
Qwen_Qwen3-32B,32B,32.0,gsm8k_test_000549,13,thinking_minus_no_think_answer,-1.4608421325683612,True,True
Qwen_Qwen3-32B,32B,32.0,gsm8k_test_000549,20,think_answer_minus_no_think_answer,0.20486164093017578,True,True
Qwen_Qwen3-32B,32B,32.0,gsm8k_test_000549,20,thinking_minus_think_answer,0.8560733795165998,True,True
Qwen_Qwen3-32B,32B,32.0,gsm8k_test_000549,20,thinking_minus_no_think_answer,1.0609350204467756,True,True
Qwen_Qwen3-32B,32B,32.0,gsm8k_test_000560,6,think_answer_minus_no_think_answer,1.6679821014404297,True,True
Qwen_Qwen3-32B,32B,32.0,gsm8k_test_000560,6,thinking_minus_think_answer,3.1725997924804688,True,True
Qwen_Qwen3-32B,32B,32.0,gsm8k_test_000560,6,thinking_minus_no_think_answer,4.840581893920898,True,True
Qwen_Qwen3-32B,32B,32.0,gsm8k_test_000560,13,think_answer_minus_no_think_answer,0.8151340484619141,True,True
Qwen_Qwen3-32B,32B,32.0,gsm8k_test_000560,13,thinking_minus_think_answer,1.6439180374145508,True,True
Qwen_Qwen3-32B,32B,32.0,gsm8k_test_000560,13,thinking_minus_no_think_answer,2.459052085876465,True,True
Qwen_Qwen3-32B,32B,32.0,gsm8k_test_000560,20,think_answer_minus_no_think_answer,0.8089027404785138,True,True
Qwen_Qwen3-32B,32B,32.0,gsm8k_test_000560,20,thinking_minus_think_answer,1.5324144363403338,True,True
Qwen_Qwen3-32B,32B,32.0,gsm8k_test_000560,20,thinking_minus_no_think_answer,2.3413171768188477,True,True
Qwen_Qwen3-32B,32B,32.0,gsm8k_test_000561,6,think_answer_minus_no_think_answer,-0.38478183746337713,True,False
Qwen_Qwen3-32B,32B,32.0,gsm8k_test_000561,6,thinking_minus_think_answer,3.84578800201416,True,False
Qwen_Qwen3-32B,32B,32.0,gsm8k_test_000561,6,thinking_minus_no_think_answer,3.461006164550783,True,False
Qwen_Qwen3-32B,32B,32.0,gsm8k_test_000561,13,think_answer_minus_no_think_answer,0.3571805953979492,True,False
Qwen_Qwen3-32B,32B,32.0,gsm8k_test_000561,13,thinking_minus_think_answer,1.1516036987304688,True,False
Qwen_Qwen3-32B,32B,32.0,gsm8k_test_000561,13,thinking_minus_no_think_answer,1.508784294128418,True,False
Qwen_Qwen3-32B,32B,32.0,gsm8k_test_000561,20,think_answer_minus_no_think_answer,-1.261296272277832,True,False
Qwen_Qwen3-32B,32B,32.0,gsm8k_test_000561,20,thinking_minus_think_answer,2.7710742950439453,True,False
Qwen_Qwen3-32B,32B,32.0,gsm8k_test_000561,20,thinking_minus_no_think_answer,1.5097780227661133,True,False
Qwen_Qwen3-32B,32B,32.0,gsm8k_test_000564,6,think_answer_minus_no_think_answer,-0.5583086013793963,True,False
Qwen_Qwen3-32B,32B,32.0,gsm8k_test_000564,6,thinking_minus_think_answer,3.48154926300049,True,False
Qwen_Qwen3-32B,32B,32.0,gsm8k_test_000564,6,thinking_minus_no_think_answer,2.9232406616210938,True,False
Qwen_Qwen3-32B,32B,32.0,gsm8k_test_000564,13,think_answer_minus_no_think_answer,0.43352985382080256,True,False
Qwen_Qwen3-32B,32B,32.0,gsm8k_test_000564,13,thinking_minus_think_answer,-1.5548572540283203,True,False
Qwen_Qwen3-32B,32B,32.0,gsm8k_test_000564,13,thinking_minus_no_think_answer,-1.1213274002075178,True,False
Qwen_Qwen3-32B,32B,32.0,gsm8k_test_000564,20,think_answer_minus_no_think_answer,0.4156494140625,True,False
Qwen_Qwen3-32B,32B,32.0,gsm8k_test_000564,20,thinking_minus_think_answer,-0.42015266418456676,True,False
Qwen_Qwen3-32B,32B,32.0,gsm8k_test_000564,20,thinking_minus_no_think_answer,-0.00450325012206676,True,False
Qwen_Qwen3-32B,32B,32.0,gsm8k_test_000568,6,think_answer_minus_no_think_answer,-1.4473390579223633,True,False
Qwen_Qwen3-32B,32B,32.0,gsm8k_test_000568,6,thinking_minus_think_answer,-0.3714313507080078,True,False
Qwen_Qwen3-32B,32B,32.0,gsm8k_test_000568,6,thinking_minus_no_think_answer,-1.818770408630371,True,False
Qwen_Qwen3-32B,32B,32.0,gsm8k_test_000568,13,think_answer_minus_no_think_answer,-0.16614151000976562,True,False
Qwen_Qwen3-32B,32B,32.0,gsm8k_test_000568,13,thinking_minus_think_answer,0.355282783508299,True,False
Qwen_Qwen3-32B,32B,32.0,gsm8k_test_000568,13,thinking_minus_no_think_answer,0.18914127349853338,True,False
Qwen_Qwen3-32B,32B,32.0,gsm8k_test_000568,20,think_answer_minus_no_think_answer,-0.48636913299560547,True,False
Qwen_Qwen3-32B,32B,32.0,gsm8k_test_000568,20,thinking_minus_think_answer,-0.3043165206909162,True,False
Qwen_Qwen3-32B,32B,32.0,gsm8k_test_000568,20,thinking_minus_no_think_answer,-0.7906856536865217,True,False
Qwen_Qwen3-32B,32B,32.0,gsm8k_test_000582,6,think_answer_minus_no_think_answer,-0.5856752395629865,True,True
Qwen_Qwen3-32B,32B,32.0,gsm8k_test_000582,6,thinking_minus_think_answer,2.9045562744140607,True,True
Qwen_Qwen3-32B,32B,32.0,gsm8k_test_000582,6,thinking_minus_no_think_answer,2.318881034851074,True,True
Qwen_Qwen3-32B,32B,32.0,gsm8k_test_000582,13,think_answer_minus_no_think_answer,-0.1366872787475586,True,True
Qwen_Qwen3-32B,32B,32.0,gsm8k_test_000582,13,thinking_minus_think_answer,0.31468677520751775,True,True
Qwen_Qwen3-32B,32B,32.0,gsm8k_test_000582,13,thinking_minus_no_think_answer,0.17799949645995916,True,True
Qwen_Qwen3-32B,32B,32.0,gsm8k_test_000582,20,think_answer_minus_no_think_answer,-0.1763601303100586,True,True
Qwen_Qwen3-32B,32B,32.0,gsm8k_test_000582,20,thinking_minus_think_answer,1.6451559066772443,True,True
Qwen_Qwen3-32B,32B,32.0,gsm8k_test_000582,20,thinking_minus_no_think_answer,1.4687957763671857,True,True
Qwen_Qwen3-32B,32B,32.0,gsm8k_test_000585,6,think_answer_minus_no_think_answer,-2.2161941528320312,True,False
Qwen_Qwen3-32B,32B,32.0,gsm8k_test_000585,6,thinking_minus_think_answer,2.3681163787841797,True,False
Qwen_Qwen3-32B,32B,32.0,gsm8k_test_000585,6,thinking_minus_no_think_answer,0.15192222595214844,True,False
Qwen_Qwen3-32B,32B,32.0,gsm8k_test_000585,13,think_answer_minus_no_think_answer,-0.5242681503295881,True,False
Qwen_Qwen3-32B,32B,32.0,gsm8k_test_000585,13,thinking_minus_think_answer,-0.18951320648193537,True,False
Qwen_Qwen3-32B,32B,32.0,gsm8k_test_000585,13,thinking_minus_no_think_answer,-0.7137813568115234,True,False
Qwen_Qwen3-32B,32B,32.0,gsm8k_test_000585,20,think_answer_minus_no_think_answer,0.04888439178466797,True,False
Qwen_Qwen3-32B,32B,32.0,gsm8k_test_000585,20,thinking_minus_think_answer,-0.8069686889648438,True,False
Qwen_Qwen3-32B,32B,32.0,gsm8k_test_000585,20,thinking_minus_no_think_answer,-0.7580842971801758,True,False
Qwen_Qwen3-32B,32B,32.0,gsm8k_test_000586,6,think_answer_minus_no_think_answer,0.3071165084838867,True,True
Qwen_Qwen3-32B,32B,32.0,gsm8k_test_000586,6,thinking_minus_think_answer,2.5543384552001953,True,True
Qwen_Qwen3-32B,32B,32.0,gsm8k_test_000586,6,thinking_minus_no_think_answer,2.861454963684082,True,True
Qwen_Qwen3-32B,32B,32.0,gsm8k_test_000586,13,think_answer_minus_no_think_answer,0.11486053466796875,True,True
Qwen_Qwen3-32B,32B,32.0,gsm8k_test_000586,13,thinking_minus_think_answer,-1.5203237533569336,True,True
Qwen_Qwen3-32B,32B,32.0,gsm8k_test_000586,13,thinking_minus_no_think_answer,-1.4054632186889648,True,True
Qwen_Qwen3-32B,32B,32.0,gsm8k_test_000586,20,think_answer_minus_no_think_answer,0.004168510437011719,True,True
Qwen_Qwen3-32B,32B,32.0,gsm8k_test_000586,20,thinking_minus_think_answer,-0.8440542221069371,True,True
Qwen_Qwen3-32B,32B,32.0,gsm8k_test_000586,20,thinking_minus_no_think_answer,-0.8398857116699254,True,True
Qwen_Qwen3-32B,32B,32.0,gsm8k_test_000595,6,think_answer_minus_no_think_answer,0.037200927734375,True,False
Qwen_Qwen3-32B,32B,32.0,gsm8k_test_000595,6,thinking_minus_think_answer,5.043848037719727,True,False
Qwen_Qwen3-32B,32B,32.0,gsm8k_test_000595,6,thinking_minus_no_think_answer,5.081048965454102,True,False
Qwen_Qwen3-32B,32B,32.0,gsm8k_test_000595,13,think_answer_minus_no_think_answer,-1.5365638732910156,True,False
Qwen_Qwen3-32B,32B,32.0,gsm8k_test_000595,13,thinking_minus_think_answer,2.5494556427001953,True,False
Qwen_Qwen3-32B,32B,32.0,gsm8k_test_000595,13,thinking_minus_no_think_answer,1.0128917694091797,True,False
Qwen_Qwen3-32B,32B,32.0,gsm8k_test_000595,20,think_answer_minus_no_think_answer,-0.45366954803466797,True,False
Qwen_Qwen3-32B,32B,32.0,gsm8k_test_000595,20,thinking_minus_think_answer,3.865633964538576,True,False
Qwen_Qwen3-32B,32B,32.0,gsm8k_test_000595,20,thinking_minus_no_think_answer,3.411964416503908,True,False
Qwen_Qwen3-32B,32B,32.0,gsm8k_test_000604,6,think_answer_minus_no_think_answer,-0.39708900451660156,True,False
Qwen_Qwen3-32B,32B,32.0,gsm8k_test_000604,6,thinking_minus_think_answer,2.402200698852539,True,False
Qwen_Qwen3-32B,32B,32.0,gsm8k_test_000604,6,thinking_minus_no_think_answer,2.0051116943359375,True,False
Qwen_Qwen3-32B,32B,32.0,gsm8k_test_000604,13,think_answer_minus_no_think_answer,-1.178025245666504,True,False
Qwen_Qwen3-32B,32B,32.0,gsm8k_test_000604,13,thinking_minus_think_answer,0.26657676696777166,True,False
Qwen_Qwen3-32B,32B,32.0,gsm8k_test_000604,13,thinking_minus_no_think_answer,-0.9114484786987322,True,False
Qwen_Qwen3-32B,32B,32.0,gsm8k_test_000604,20,think_answer_minus_no_think_answer,0.1496868133544904,True,False
Qwen_Qwen3-32B,32B,32.0,gsm8k_test_000604,20,thinking_minus_think_answer,-0.1985921859741211,True,False
Qwen_Qwen3-32B,32B,32.0,gsm8k_test_000604,20,thinking_minus_no_think_answer,-0.04890537261963068,True,False
Qwen_Qwen3-32B,32B,32.0,gsm8k_test_000605,6,think_answer_minus_no_think_answer,2.6698713302612305,True,False
Qwen_Qwen3-32B,32B,32.0,gsm8k_test_000605,6,thinking_minus_think_answer,3.5745182037353516,True,False
Qwen_Qwen3-32B,32B,32.0,gsm8k_test_000605,6,thinking_minus_no_think_answer,6.244389533996582,True,False
Qwen_Qwen3-32B,32B,32.0,gsm8k_test_000605,13,think_answer_minus_no_think_answer,-0.026358604431152344,True,False
Qwen_Qwen3-32B,32B,32.0,gsm8k_test_000605,13,thinking_minus_think_answer,2.0786190032958984,True,False
Qwen_Qwen3-32B,32B,32.0,gsm8k_test_000605,13,thinking_minus_no_think_answer,2.052260398864746,True,False
Qwen_Qwen3-32B,32B,32.0,gsm8k_test_000605,20,think_answer_minus_no_think_answer,2.0225419998168945,True,False
Qwen_Qwen3-32B,32B,32.0,gsm8k_test_000605,20,thinking_minus_think_answer,-0.3128814697265625,True,False
Qwen_Qwen3-32B,32B,32.0,gsm8k_test_000605,20,thinking_minus_no_think_answer,1.709660530090332,True,False
Qwen_Qwen3-32B,32B,32.0,gsm8k_test_000625,6,think_answer_minus_no_think_answer,-1.6356458663940447,True,True
Qwen_Qwen3-32B,32B,32.0,gsm8k_test_000625,6,thinking_minus_think_answer,9.23878574371338,True,True
Qwen_Qwen3-32B,32B,32.0,gsm8k_test_000625,6,thinking_minus_no_think_answer,7.603139877319336,True,True
Qwen_Qwen3-32B,32B,32.0,gsm8k_test_000625,13,think_answer_minus_no_think_answer,-0.7050848007202148,True,True
Qwen_Qwen3-32B,32B,32.0,gsm8k_test_000625,13,thinking_minus_think_answer,2.826346397399904,True,True
Qwen_Qwen3-32B,32B,32.0,gsm8k_test_000625,13,thinking_minus_no_think_answer,2.1212615966796893,True,True
Qwen_Qwen3-32B,32B,32.0,gsm8k_test_000625,20,think_answer_minus_no_think_answer,1.5761642456054688,True,True
Qwen_Qwen3-32B,32B,32.0,gsm8k_test_000625,20,thinking_minus_think_answer,2.69766902923584,True,True
Qwen_Qwen3-32B,32B,32.0,gsm8k_test_000625,20,thinking_minus_no_think_answer,4.273833274841309,True,True
Qwen_Qwen3-32B,32B,32.0,gsm8k_test_000629,6,think_answer_minus_no_think_answer,0.48624134063720703,True,True
Qwen_Qwen3-32B,32B,32.0,gsm8k_test_000629,6,thinking_minus_think_answer,-1.5554590225219727,True,True
Qwen_Qwen3-32B,32B,32.0,gsm8k_test_000629,6,thinking_minus_no_think_answer,-1.0692176818847656,True,True
Qwen_Qwen3-32B,32B,32.0,gsm8k_test_000629,13,think_answer_minus_no_think_answer,0.8528909683227539,True,True
Qwen_Qwen3-32B,32B,32.0,gsm8k_test_000629,13,thinking_minus_think_answer,-3.1335344314575195,True,True
Qwen_Qwen3-32B,32B,32.0,gsm8k_test_000629,13,thinking_minus_no_think_answer,-2.2806434631347656,True,True
Qwen_Qwen3-32B,32B,32.0,gsm8k_test_000629,20,think_answer_minus_no_think_answer,2.245931625366211,True,True
Qwen_Qwen3-32B,32B,32.0,gsm8k_test_000629,20,thinking_minus_think_answer,-3.836785316467287,True,True
Qwen_Qwen3-32B,32B,32.0,gsm8k_test_000629,20,thinking_minus_no_think_answer,-1.590853691101076,True,True
Qwen_Qwen3-32B,32B,32.0,gsm8k_test_000633,6,think_answer_minus_no_think_answer,-1.7115411758422852,True,True
Qwen_Qwen3-32B,32B,32.0,gsm8k_test_000633,6,thinking_minus_think_answer,1.779191017150879,True,True
Qwen_Qwen3-32B,32B,32.0,gsm8k_test_000633,6,thinking_minus_no_think_answer,0.06764984130859375,True,True
Qwen_Qwen3-32B,32B,32.0,gsm8k_test_000633,13,think_answer_minus_no_think_answer,0.8964548110961896,True,True
Qwen_Qwen3-32B,32B,32.0,gsm8k_test_000633,13,thinking_minus_think_answer,-0.43948841094970525,True,True
Qwen_Qwen3-32B,32B,32.0,gsm8k_test_000633,13,thinking_minus_no_think_answer,0.4569664001464844,True,True
Qwen_Qwen3-32B,32B,32.0,gsm8k_test_000633,20,think_answer_minus_no_think_answer,0.24360084533691406,True,True
Qwen_Qwen3-32B,32B,32.0,gsm8k_test_000633,20,thinking_minus_think_answer,1.8643617630004883,True,True
Qwen_Qwen3-32B,32B,32.0,gsm8k_test_000633,20,thinking_minus_no_think_answer,2.1079626083374023,True,True
Qwen_Qwen3-32B,32B,32.0,gsm8k_test_000640,6,think_answer_minus_no_think_answer,0.019599914550779474,True,False
Qwen_Qwen3-32B,32B,32.0,gsm8k_test_000640,6,thinking_minus_think_answer,3.769591331481932,True,False
Qwen_Qwen3-32B,32B,32.0,gsm8k_test_000640,6,thinking_minus_no_think_answer,3.7891912460327113,True,False
Qwen_Qwen3-32B,32B,32.0,gsm8k_test_000640,13,think_answer_minus_no_think_answer,0.051696777343751776,True,False
Qwen_Qwen3-32B,32B,32.0,gsm8k_test_000640,13,thinking_minus_think_answer,1.5518283843994123,True,False
Qwen_Qwen3-32B,32B,32.0,gsm8k_test_000640,13,thinking_minus_no_think_answer,1.603525161743164,True,False
Qwen_Qwen3-32B,32B,32.0,gsm8k_test_000640,20,think_answer_minus_no_think_answer,-0.027986526489256036,True,False
Qwen_Qwen3-32B,32B,32.0,gsm8k_test_000640,20,thinking_minus_think_answer,2.3028268814086896,True,False
Qwen_Qwen3-32B,32B,32.0,gsm8k_test_000640,20,thinking_minus_no_think_answer,2.2748403549194336,True,False
Qwen_Qwen3-32B,32B,32.0,gsm8k_test_000641,6,think_answer_minus_no_think_answer,5.417181015014648,False,False
Qwen_Qwen3-32B,32B,32.0,gsm8k_test_000641,6,thinking_minus_think_answer,-6.107187271118164,False,False
Qwen_Qwen3-32B,32B,32.0,gsm8k_test_000641,6,thinking_minus_no_think_answer,-0.6900062561035156,False,False
Qwen_Qwen3-32B,32B,32.0,gsm8k_test_000641,13,think_answer_minus_no_think_answer,-2.16262245178223,False,False
Qwen_Qwen3-32B,32B,32.0,gsm8k_test_000641,13,thinking_minus_think_answer,-3.2291269302368146,False,False
Qwen_Qwen3-32B,32B,32.0,gsm8k_test_000641,13,thinking_minus_no_think_answer,-5.391749382019045,False,False
Qwen_Qwen3-32B,32B,32.0,gsm8k_test_000641,20,think_answer_minus_no_think_answer,-1.4736919403076172,False,False
Qwen_Qwen3-32B,32B,32.0,gsm8k_test_000641,20,thinking_minus_think_answer,-2.1798105239868164,False,False
Qwen_Qwen3-32B,32B,32.0,gsm8k_test_000641,20,thinking_minus_no_think_answer,-3.6535024642944336,False,False
Qwen_Qwen3-32B,32B,32.0,gsm8k_test_000644,6,think_answer_minus_no_think_answer,0.9710655212402344,True,False
Qwen_Qwen3-32B,32B,32.0,gsm8k_test_000644,6,thinking_minus_think_answer,-0.3987903594970703,True,False
Qwen_Qwen3-32B,32B,32.0,gsm8k_test_000644,6,thinking_minus_no_think_answer,0.5722751617431641,True,False
Qwen_Qwen3-32B,32B,32.0,gsm8k_test_000644,13,think_answer_minus_no_think_answer,1.7898120880126953,True,False
Qwen_Qwen3-32B,32B,32.0,gsm8k_test_000644,13,thinking_minus_think_answer,-2.4337329864501953,True,False
Qwen_Qwen3-32B,32B,32.0,gsm8k_test_000644,13,thinking_minus_no_think_answer,-0.6439208984375,True,False
Qwen_Qwen3-32B,32B,32.0,gsm8k_test_000644,20,think_answer_minus_no_think_answer,0.11170673370361328,True,False
Qwen_Qwen3-32B,32B,32.0,gsm8k_test_000644,20,thinking_minus_think_answer,0.70513916015625,True,False
Qwen_Qwen3-32B,32B,32.0,gsm8k_test_000644,20,thinking_minus_no_think_answer,0.8168458938598633,True,False
Qwen_Qwen3-32B,32B,32.0,gsm8k_test_000645,6,think_answer_minus_no_think_answer,-0.959187507629391,True,True
Qwen_Qwen3-32B,32B,32.0,gsm8k_test_000645,6,thinking_minus_think_answer,9.647256851196287,True,True
Qwen_Qwen3-32B,32B,32.0,gsm8k_test_000645,6,thinking_minus_no_think_answer,8.688069343566896,True,True
Qwen_Qwen3-32B,32B,32.0,gsm8k_test_000645,13,think_answer_minus_no_think_answer,-0.9335355758666992,True,True
Qwen_Qwen3-32B,32B,32.0,gsm8k_test_000645,13,thinking_minus_think_answer,4.994650840759277,True,True
Qwen_Qwen3-32B,32B,32.0,gsm8k_test_000645,13,thinking_minus_no_think_answer,4.061115264892578,True,True
Qwen_Qwen3-32B,32B,32.0,gsm8k_test_000645,20,think_answer_minus_no_think_answer,-1.6839361190795863,True,True
Qwen_Qwen3-32B,32B,32.0,gsm8k_test_000645,20,thinking_minus_think_answer,3.75581645965576,True,True
Qwen_Qwen3-32B,32B,32.0,gsm8k_test_000645,20,thinking_minus_no_think_answer,2.0718803405761737,True,True
Qwen_Qwen3-32B,32B,32.0,gsm8k_test_000655,6,think_answer_minus_no_think_answer,0.2759828567504865,True,True
Qwen_Qwen3-32B,32B,32.0,gsm8k_test_000655,6,thinking_minus_think_answer,6.587118148803713,True,True
Qwen_Qwen3-32B,32B,32.0,gsm8k_test_000655,6,thinking_minus_no_think_answer,6.863101005554199,True,True
Qwen_Qwen3-32B,32B,32.0,gsm8k_test_000655,13,think_answer_minus_no_think_answer,0.3841714859008807,True,True
Qwen_Qwen3-32B,32B,32.0,gsm8k_test_000655,13,thinking_minus_think_answer,1.1107778549194336,True,True
Qwen_Qwen3-32B,32B,32.0,gsm8k_test_000655,13,thinking_minus_no_think_answer,1.4949493408203143,True,True
Qwen_Qwen3-32B,32B,32.0,gsm8k_test_000655,20,think_answer_minus_no_think_answer,-0.2668609619140625,True,True
Qwen_Qwen3-32B,32B,32.0,gsm8k_test_000655,20,thinking_minus_think_answer,1.2026357650756836,True,True
Qwen_Qwen3-32B,32B,32.0,gsm8k_test_000655,20,thinking_minus_no_think_answer,0.9357748031616211,True,True
Qwen_Qwen3-32B,32B,32.0,gsm8k_test_000668,6,think_answer_minus_no_think_answer,2.0118494033813477,True,True
Qwen_Qwen3-32B,32B,32.0,gsm8k_test_000668,6,thinking_minus_think_answer,7.19918155670166,True,True
Qwen_Qwen3-32B,32B,32.0,gsm8k_test_000668,6,thinking_minus_no_think_answer,9.211030960083008,True,True
Qwen_Qwen3-32B,32B,32.0,gsm8k_test_000668,13,think_answer_minus_no_think_answer,2.4261884689331055,True,True
Qwen_Qwen3-32B,32B,32.0,gsm8k_test_000668,13,thinking_minus_think_answer,0.03627204895019531,True,True
Qwen_Qwen3-32B,32B,32.0,gsm8k_test_000668,13,thinking_minus_no_think_answer,2.462460517883301,True,True
Qwen_Qwen3-32B,32B,32.0,gsm8k_test_000668,20,think_answer_minus_no_think_answer,1.887175559997555,True,True
Qwen_Qwen3-32B,32B,32.0,gsm8k_test_000668,20,thinking_minus_think_answer,0.432592391967777,True,True
Qwen_Qwen3-32B,32B,32.0,gsm8k_test_000668,20,thinking_minus_no_think_answer,2.319767951965332,True,True
Qwen_Qwen3-32B,32B,32.0,gsm8k_test_000684,6,think_answer_minus_no_think_answer,2.717395782470703,True,True
Qwen_Qwen3-32B,32B,32.0,gsm8k_test_000684,6,thinking_minus_think_answer,4.017546653747559,True,True
Qwen_Qwen3-32B,32B,32.0,gsm8k_test_000684,6,thinking_minus_no_think_answer,6.734942436218262,True,True
Qwen_Qwen3-32B,32B,32.0,gsm8k_test_000684,13,think_answer_minus_no_think_answer,1.673802375793457,True,True
Qwen_Qwen3-32B,32B,32.0,gsm8k_test_000684,13,thinking_minus_think_answer,-0.2694234848022461,True,True
Qwen_Qwen3-32B,32B,32.0,gsm8k_test_000684,13,thinking_minus_no_think_answer,1.404378890991211,True,True
Qwen_Qwen3-32B,32B,32.0,gsm8k_test_000684,20,think_answer_minus_no_think_answer,0.9438486099243182,True,True
Qwen_Qwen3-32B,32B,32.0,gsm8k_test_000684,20,thinking_minus_think_answer,0.6725168228149396,True,True
Qwen_Qwen3-32B,32B,32.0,gsm8k_test_000684,20,thinking_minus_no_think_answer,1.6163654327392578,True,True
Qwen_Qwen3-32B,32B,32.0,gsm8k_test_000695,6,think_answer_minus_no_think_answer,2.438446044921875,True,True
Qwen_Qwen3-32B,32B,32.0,gsm8k_test_000695,6,thinking_minus_think_answer,4.737099647521973,True,True
Qwen_Qwen3-32B,32B,32.0,gsm8k_test_000695,6,thinking_minus_no_think_answer,7.175545692443848,True,True
Qwen_Qwen3-32B,32B,32.0,gsm8k_test_000695,13,think_answer_minus_no_think_answer,-0.3619489669799787,True,True
Qwen_Qwen3-32B,32B,32.0,gsm8k_test_000695,13,thinking_minus_think_answer,0.9206933975219709,True,True
Qwen_Qwen3-32B,32B,32.0,gsm8k_test_000695,13,thinking_minus_no_think_answer,0.5587444305419922,True,True
Qwen_Qwen3-32B,32B,32.0,gsm8k_test_000695,20,think_answer_minus_no_think_answer,-0.6492252349853498,True,True
Qwen_Qwen3-32B,32B,32.0,gsm8k_test_000695,20,thinking_minus_think_answer,2.5867719650268555,True,True
Qwen_Qwen3-32B,32B,32.0,gsm8k_test_000695,20,thinking_minus_no_think_answer,1.9375467300415057,True,True
Qwen_Qwen3-32B,32B,32.0,gsm8k_test_000697,6,think_answer_minus_no_think_answer,-0.46942329406738104,True,True
Qwen_Qwen3-32B,32B,32.0,gsm8k_test_000697,6,thinking_minus_think_answer,2.0731420516967756,True,True
Qwen_Qwen3-32B,32B,32.0,gsm8k_test_000697,6,thinking_minus_no_think_answer,1.6037187576293945,True,True
Qwen_Qwen3-32B,32B,32.0,gsm8k_test_000697,13,think_answer_minus_no_think_answer,-1.8814926147460938,True,True
Qwen_Qwen3-32B,32B,32.0,gsm8k_test_000697,13,thinking_minus_think_answer,-0.14808082580566406,True,True
Qwen_Qwen3-32B,32B,32.0,gsm8k_test_000697,13,thinking_minus_no_think_answer,-2.029573440551758,True,True
Qwen_Qwen3-32B,32B,32.0,gsm8k_test_000697,20,think_answer_minus_no_think_answer,0.1663942337036115,True,True
Qwen_Qwen3-32B,32B,32.0,gsm8k_test_000697,20,thinking_minus_think_answer,-0.46722698211669744,True,True
Qwen_Qwen3-32B,32B,32.0,gsm8k_test_000697,20,thinking_minus_no_think_answer,-0.30083274841308594,True,True
Qwen_Qwen3-32B,32B,32.0,gsm8k_test_000713,6,think_answer_minus_no_think_answer,0.2082347869873047,True,True
Qwen_Qwen3-32B,32B,32.0,gsm8k_test_000713,6,thinking_minus_think_answer,2.1542835235595703,True,True
Qwen_Qwen3-32B,32B,32.0,gsm8k_test_000713,6,thinking_minus_no_think_answer,2.362518310546875,True,True
Qwen_Qwen3-32B,32B,32.0,gsm8k_test_000713,13,think_answer_minus_no_think_answer,-2.986144065856932,True,True
Qwen_Qwen3-32B,32B,32.0,gsm8k_test_000713,13,thinking_minus_think_answer,1.322556495666504,True,True
Qwen_Qwen3-32B,32B,32.0,gsm8k_test_000713,13,thinking_minus_no_think_answer,-1.663587570190428,True,True
Qwen_Qwen3-32B,32B,32.0,gsm8k_test_000713,20,think_answer_minus_no_think_answer,0.21755886077880682,True,True
Qwen_Qwen3-32B,32B,32.0,gsm8k_test_000713,20,thinking_minus_think_answer,1.0858669281005877,True,True
Qwen_Qwen3-32B,32B,32.0,gsm8k_test_000713,20,thinking_minus_no_think_answer,1.3034257888793945,True,True
Qwen_Qwen3-32B,32B,32.0,gsm8k_test_000740,6,think_answer_minus_no_think_answer,1.8197307586669957,True,True
Qwen_Qwen3-32B,32B,32.0,gsm8k_test_000740,6,thinking_minus_think_answer,0.8220958709716761,True,True
Qwen_Qwen3-32B,32B,32.0,gsm8k_test_000740,6,thinking_minus_no_think_answer,2.641826629638672,True,True
Qwen_Qwen3-32B,32B,32.0,gsm8k_test_000740,13,think_answer_minus_no_think_answer,-0.5798788070678729,True,True
Qwen_Qwen3-32B,32B,32.0,gsm8k_test_000740,13,thinking_minus_think_answer,-0.9425344467163068,True,True
Qwen_Qwen3-32B,32B,32.0,gsm8k_test_000740,13,thinking_minus_no_think_answer,-1.5224132537841797,True,True
Qwen_Qwen3-32B,32B,32.0,gsm8k_test_000740,20,think_answer_minus_no_think_answer,-0.49330615997314275,True,True
Qwen_Qwen3-32B,32B,32.0,gsm8k_test_000740,20,thinking_minus_think_answer,0.19393539428710938,True,True
Qwen_Qwen3-32B,32B,32.0,gsm8k_test_000740,20,thinking_minus_no_think_answer,-0.2993707656860334,True,True
Qwen_Qwen3-32B,32B,32.0,gsm8k_test_000759,6,think_answer_minus_no_think_answer,-1.488088607788086,True,True
Qwen_Qwen3-32B,32B,32.0,gsm8k_test_000759,6,thinking_minus_think_answer,8.298609733581543,True,True
Qwen_Qwen3-32B,32B,32.0,gsm8k_test_000759,6,thinking_minus_no_think_answer,6.810521125793457,True,True
Qwen_Qwen3-32B,32B,32.0,gsm8k_test_000759,13,think_answer_minus_no_think_answer,-1.218676567077635,True,True
Qwen_Qwen3-32B,32B,32.0,gsm8k_test_000759,13,thinking_minus_think_answer,1.4377965927123988,True,True
Qwen_Qwen3-32B,32B,32.0,gsm8k_test_000759,13,thinking_minus_no_think_answer,0.21912002563476385,True,True
Qwen_Qwen3-32B,32B,32.0,gsm8k_test_000759,20,think_answer_minus_no_think_answer,2.344758987426758,True,True
Qwen_Qwen3-32B,32B,32.0,gsm8k_test_000759,20,thinking_minus_think_answer,-0.2852535247802752,True,True
Qwen_Qwen3-32B,32B,32.0,gsm8k_test_000759,20,thinking_minus_no_think_answer,2.0595054626464826,True,True
Qwen_Qwen3-32B,32B,32.0,gsm8k_test_000760,6,think_answer_minus_no_think_answer,1.6060514450073242,True,True
Qwen_Qwen3-32B,32B,32.0,gsm8k_test_000760,6,thinking_minus_think_answer,5.646923065185547,True,True
Qwen_Qwen3-32B,32B,32.0,gsm8k_test_000760,6,thinking_minus_no_think_answer,7.252974510192871,True,True
Qwen_Qwen3-32B,32B,32.0,gsm8k_test_000760,13,think_answer_minus_no_think_answer,1.929488182067871,True,True
Qwen_Qwen3-32B,32B,32.0,gsm8k_test_000760,13,thinking_minus_think_answer,-0.952003479003908,True,True
Qwen_Qwen3-32B,32B,32.0,gsm8k_test_000760,13,thinking_minus_no_think_answer,0.9774847030639631,True,True
Qwen_Qwen3-32B,32B,32.0,gsm8k_test_000760,20,think_answer_minus_no_think_answer,0.8520183563232422,True,True
Qwen_Qwen3-32B,32B,32.0,gsm8k_test_000760,20,thinking_minus_think_answer,-1.1865997314453143,True,True
Qwen_Qwen3-32B,32B,32.0,gsm8k_test_000760,20,thinking_minus_no_think_answer,-0.3345813751220721,True,True
Qwen_Qwen3-32B,32B,32.0,gsm8k_test_000767,6,think_answer_minus_no_think_answer,1.670318603515625,True,True
Qwen_Qwen3-32B,32B,32.0,gsm8k_test_000767,6,thinking_minus_think_answer,3.842973709106449,True,True
Qwen_Qwen3-32B,32B,32.0,gsm8k_test_000767,6,thinking_minus_no_think_answer,5.513292312622074,True,True
Qwen_Qwen3-32B,32B,32.0,gsm8k_test_000767,13,think_answer_minus_no_think_answer,0.5731954574584979,True,True
Qwen_Qwen3-32B,32B,32.0,gsm8k_test_000767,13,thinking_minus_think_answer,0.453885078430174,True,True
Qwen_Qwen3-32B,32B,32.0,gsm8k_test_000767,13,thinking_minus_no_think_answer,1.0270805358886719,True,True
Qwen_Qwen3-32B,32B,32.0,gsm8k_test_000767,20,think_answer_minus_no_think_answer,-0.4402017593383789,True,True
Qwen_Qwen3-32B,32B,32.0,gsm8k_test_000767,20,thinking_minus_think_answer,2.371701240539549,True,True
Qwen_Qwen3-32B,32B,32.0,gsm8k_test_000767,20,thinking_minus_no_think_answer,1.93149948120117,True,True
Qwen_Qwen3-32B,32B,32.0,gsm8k_test_000775,6,think_answer_minus_no_think_answer,1.6084089279174805,True,False
Qwen_Qwen3-32B,32B,32.0,gsm8k_test_000775,6,thinking_minus_think_answer,-2.4803905487060547,True,False
Qwen_Qwen3-32B,32B,32.0,gsm8k_test_000775,6,thinking_minus_no_think_answer,-0.8719816207885742,True,False
Qwen_Qwen3-32B,32B,32.0,gsm8k_test_000775,13,think_answer_minus_no_think_answer,0.8829803466796875,True,False
Qwen_Qwen3-32B,32B,32.0,gsm8k_test_000775,13,thinking_minus_think_answer,-3.6042089462280273,True,False
Qwen_Qwen3-32B,32B,32.0,gsm8k_test_000775,13,thinking_minus_no_think_answer,-2.72122859954834,True,False
Qwen_Qwen3-32B,32B,32.0,gsm8k_test_000775,20,think_answer_minus_no_think_answer,1.5742111206054705,True,False
Qwen_Qwen3-32B,32B,32.0,gsm8k_test_000775,20,thinking_minus_think_answer,-2.2974472045898438,True,False
Qwen_Qwen3-32B,32B,32.0,gsm8k_test_000775,20,thinking_minus_no_think_answer,-0.7232360839843732,True,False
Qwen_Qwen3-32B,32B,32.0,gsm8k_test_000776,6,think_answer_minus_no_think_answer,0.6884031295776367,True,True
Qwen_Qwen3-32B,32B,32.0,gsm8k_test_000776,6,thinking_minus_think_answer,7.471306800842285,True,True
Qwen_Qwen3-32B,32B,32.0,gsm8k_test_000776,6,thinking_minus_no_think_answer,8.159709930419922,True,True
Qwen_Qwen3-32B,32B,32.0,gsm8k_test_000776,13,think_answer_minus_no_think_answer,0.2091836929321289,True,True
Qwen_Qwen3-32B,32B,32.0,gsm8k_test_000776,13,thinking_minus_think_answer,1.8006496429443342,True,True
Qwen_Qwen3-32B,32B,32.0,gsm8k_test_000776,13,thinking_minus_no_think_answer,2.009833335876463,True,True
Qwen_Qwen3-32B,32B,32.0,gsm8k_test_000776,20,think_answer_minus_no_think_answer,0.2084054946899414,True,True
Qwen_Qwen3-32B,32B,32.0,gsm8k_test_000776,20,thinking_minus_think_answer,2.898777961730959,True,True
Qwen_Qwen3-32B,32B,32.0,gsm8k_test_000776,20,thinking_minus_no_think_answer,3.1071834564209,True,True
Qwen_Qwen3-32B,32B,32.0,gsm8k_test_000781,6,think_answer_minus_no_think_answer,-1.3418397903442383,True,True
Qwen_Qwen3-32B,32B,32.0,gsm8k_test_000781,6,thinking_minus_think_answer,-0.33639430999756037,True,True
Qwen_Qwen3-32B,32B,32.0,gsm8k_test_000781,6,thinking_minus_no_think_answer,-1.6782341003417987,True,True
Qwen_Qwen3-32B,32B,32.0,gsm8k_test_000781,13,think_answer_minus_no_think_answer,0.27449989318847656,True,True
Qwen_Qwen3-32B,32B,32.0,gsm8k_test_000781,13,thinking_minus_think_answer,0.3620281219482422,True,True
Qwen_Qwen3-32B,32B,32.0,gsm8k_test_000781,13,thinking_minus_no_think_answer,0.6365280151367188,True,True
Qwen_Qwen3-32B,32B,32.0,gsm8k_test_000781,20,think_answer_minus_no_think_answer,0.3291139602661133,True,True
Qwen_Qwen3-32B,32B,32.0,gsm8k_test_000781,20,thinking_minus_think_answer,1.1666135787963867,True,True
Qwen_Qwen3-32B,32B,32.0,gsm8k_test_000781,20,thinking_minus_no_think_answer,1.4957275390625,True,True
Qwen_Qwen3-32B,32B,32.0,gsm8k_test_000782,6,think_answer_minus_no_think_answer,5.518278121948242,False,False
Qwen_Qwen3-32B,32B,32.0,gsm8k_test_000782,6,thinking_minus_think_answer,-3.332447052001953,False,False
Qwen_Qwen3-32B,32B,32.0,gsm8k_test_000782,6,thinking_minus_no_think_answer,2.185831069946289,False,False
Qwen_Qwen3-32B,32B,32.0,gsm8k_test_000782,13,think_answer_minus_no_think_answer,3.9199934005737305,False,False
Qwen_Qwen3-32B,32B,32.0,gsm8k_test_000782,13,thinking_minus_think_answer,-2.7265243530273438,False,False
Qwen_Qwen3-32B,32B,32.0,gsm8k_test_000782,13,thinking_minus_no_think_answer,1.1934690475463867,False,False
Qwen_Qwen3-32B,32B,32.0,gsm8k_test_000782,20,think_answer_minus_no_think_answer,1.3954391479492188,False,False
Qwen_Qwen3-32B,32B,32.0,gsm8k_test_000782,20,thinking_minus_think_answer,-0.2879047393798828,False,False
Qwen_Qwen3-32B,32B,32.0,gsm8k_test_000782,20,thinking_minus_no_think_answer,1.107534408569336,False,False
Qwen_Qwen3-32B,32B,32.0,gsm8k_test_000795,6,think_answer_minus_no_think_answer,-0.34108829498291016,True,True
Qwen_Qwen3-32B,32B,32.0,gsm8k_test_000795,6,thinking_minus_think_answer,12.013958930969238,True,True
Qwen_Qwen3-32B,32B,32.0,gsm8k_test_000795,6,thinking_minus_no_think_answer,11.672870635986328,True,True
Qwen_Qwen3-32B,32B,32.0,gsm8k_test_000795,13,think_answer_minus_no_think_answer,-0.6577596664428693,True,True
Qwen_Qwen3-32B,32B,32.0,gsm8k_test_000795,13,thinking_minus_think_answer,3.1089820861816406,True,True
Qwen_Qwen3-32B,32B,32.0,gsm8k_test_000795,13,thinking_minus_no_think_answer,2.4512224197387713,True,True
Qwen_Qwen3-32B,32B,32.0,gsm8k_test_000795,20,think_answer_minus_no_think_answer,-0.3324279785156268,True,True
Qwen_Qwen3-32B,32B,32.0,gsm8k_test_000795,20,thinking_minus_think_answer,1.0344171524047887,True,True
Qwen_Qwen3-32B,32B,32.0,gsm8k_test_000795,20,thinking_minus_no_think_answer,0.7019891738891619,True,True
Qwen_Qwen3-32B,32B,32.0,gsm8k_test_000814,6,think_answer_minus_no_think_answer,0.9317054748535156,False,False
Qwen_Qwen3-32B,32B,32.0,gsm8k_test_000814,6,thinking_minus_think_answer,1.7335624694824219,False,False
Qwen_Qwen3-32B,32B,32.0,gsm8k_test_000814,6,thinking_minus_no_think_answer,2.6652679443359375,False,False
Qwen_Qwen3-32B,32B,32.0,gsm8k_test_000814,13,think_answer_minus_no_think_answer,-1.2013120651245117,False,False
Qwen_Qwen3-32B,32B,32.0,gsm8k_test_000814,13,thinking_minus_think_answer,1.3942346572875977,False,False
Qwen_Qwen3-32B,32B,32.0,gsm8k_test_000814,13,thinking_minus_no_think_answer,0.19292259216308594,False,False
Qwen_Qwen3-32B,32B,32.0,gsm8k_test_000814,20,think_answer_minus_no_think_answer,0.10018920898437322,False,False
Qwen_Qwen3-32B,32B,32.0,gsm8k_test_000814,20,thinking_minus_think_answer,1.7652091979980487,False,False
Qwen_Qwen3-32B,32B,32.0,gsm8k_test_000814,20,thinking_minus_no_think_answer,1.8653984069824219,False,False
Qwen_Qwen3-32B,32B,32.0,gsm8k_test_000828,6,think_answer_minus_no_think_answer,0.8441047668457031,True,False
Qwen_Qwen3-32B,32B,32.0,gsm8k_test_000828,6,thinking_minus_think_answer,4.96307373046875,True,False
Qwen_Qwen3-32B,32B,32.0,gsm8k_test_000828,6,thinking_minus_no_think_answer,5.807178497314453,True,False
Qwen_Qwen3-32B,32B,32.0,gsm8k_test_000828,13,think_answer_minus_no_think_answer,1.4993839263916016,True,False
Qwen_Qwen3-32B,32B,32.0,gsm8k_test_000828,13,thinking_minus_think_answer,0.7931423187255842,True,False
Qwen_Qwen3-32B,32B,32.0,gsm8k_test_000828,13,thinking_minus_no_think_answer,2.2925262451171857,True,False
Qwen_Qwen3-32B,32B,32.0,gsm8k_test_000828,20,think_answer_minus_no_think_answer,1.5437660217285174,True,False
Qwen_Qwen3-32B,32B,32.0,gsm8k_test_000828,20,thinking_minus_think_answer,1.0234766006469709,True,False
Qwen_Qwen3-32B,32B,32.0,gsm8k_test_000828,20,thinking_minus_no_think_answer,2.5672426223754883,True,False
Qwen_Qwen3-32B,32B,32.0,gsm8k_test_000829,6,think_answer_minus_no_think_answer,0.1852092742919922,True,True
Qwen_Qwen3-32B,32B,32.0,gsm8k_test_000829,6,thinking_minus_think_answer,3.867182731628418,True,True
Qwen_Qwen3-32B,32B,32.0,gsm8k_test_000829,6,thinking_minus_no_think_answer,4.05239200592041,True,True
Qwen_Qwen3-32B,32B,32.0,gsm8k_test_000829,13,think_answer_minus_no_think_answer,-0.0034828186035138486,True,True
Qwen_Qwen3-32B,32B,32.0,gsm8k_test_000829,13,thinking_minus_think_answer,1.876176834106447,True,True
Qwen_Qwen3-32B,32B,32.0,gsm8k_test_000829,13,thinking_minus_no_think_answer,1.8726940155029332,True,True
Qwen_Qwen3-32B,32B,32.0,gsm8k_test_000829,20,think_answer_minus_no_think_answer,0.768345832824707,True,True
Qwen_Qwen3-32B,32B,32.0,gsm8k_test_000829,20,thinking_minus_think_answer,1.5936346054077148,True,True
Qwen_Qwen3-32B,32B,32.0,gsm8k_test_000829,20,thinking_minus_no_think_answer,2.361980438232422,True,True
Qwen_Qwen3-32B,32B,32.0,gsm8k_test_000830,6,think_answer_minus_no_think_answer,-0.4210166931152379,True,False
Qwen_Qwen3-32B,32B,32.0,gsm8k_test_000830,6,thinking_minus_think_answer,-3.8472423553466797,True,False
Qwen_Qwen3-32B,32B,32.0,gsm8k_test_000830,6,thinking_minus_no_think_answer,-4.268259048461918,True,False
Qwen_Qwen3-32B,32B,32.0,gsm8k_test_000830,13,think_answer_minus_no_think_answer,-0.06568050384521484,True,False
Qwen_Qwen3-32B,32B,32.0,gsm8k_test_000830,13,thinking_minus_think_answer,-4.312206268310547,True,False
Qwen_Qwen3-32B,32B,32.0,gsm8k_test_000830,13,thinking_minus_no_think_answer,-4.377886772155762,True,False
Qwen_Qwen3-32B,32B,32.0,gsm8k_test_000830,20,think_answer_minus_no_think_answer,-3.236492156982422,True,False
Qwen_Qwen3-32B,32B,32.0,gsm8k_test_000830,20,thinking_minus_think_answer,-1.9696197509765625,True,False
Qwen_Qwen3-32B,32B,32.0,gsm8k_test_000830,20,thinking_minus_no_think_answer,-5.206111907958984,True,False
Qwen_Qwen3-32B,32B,32.0,gsm8k_test_000848,6,think_answer_minus_no_think_answer,0.3704032897949219,True,True
Qwen_Qwen3-32B,32B,32.0,gsm8k_test_000848,6,thinking_minus_think_answer,2.6676921844482386,True,True
Qwen_Qwen3-32B,32B,32.0,gsm8k_test_000848,6,thinking_minus_no_think_answer,3.0380954742431605,True,True
Qwen_Qwen3-32B,32B,32.0,gsm8k_test_000848,13,think_answer_minus_no_think_answer,-0.34282398223876953,True,True
Qwen_Qwen3-32B,32B,32.0,gsm8k_test_000848,13,thinking_minus_think_answer,0.021329879760742188,True,True
Qwen_Qwen3-32B,32B,32.0,gsm8k_test_000848,13,thinking_minus_no_think_answer,-0.32149410247802734,True,True
Qwen_Qwen3-32B,32B,32.0,gsm8k_test_000848,20,think_answer_minus_no_think_answer,0.19822788238525213,True,True
Qwen_Qwen3-32B,32B,32.0,gsm8k_test_000848,20,thinking_minus_think_answer,0.7898883819580096,True,True
Qwen_Qwen3-32B,32B,32.0,gsm8k_test_000848,20,thinking_minus_no_think_answer,0.9881162643432617,True,True
Qwen_Qwen3-32B,32B,32.0,gsm8k_test_000852,6,think_answer_minus_no_think_answer,2.059663772583008,True,True
Qwen_Qwen3-32B,32B,32.0,gsm8k_test_000852,6,thinking_minus_think_answer,1.4416923522949219,True,True
Qwen_Qwen3-32B,32B,32.0,gsm8k_test_000852,6,thinking_minus_no_think_answer,3.5013561248779297,True,True
Qwen_Qwen3-32B,32B,32.0,gsm8k_test_000852,13,think_answer_minus_no_think_answer,-0.07043552398681818,True,True
Qwen_Qwen3-32B,32B,32.0,gsm8k_test_000852,13,thinking_minus_think_answer,-3.120790481567381,True,True
Qwen_Qwen3-32B,32B,32.0,gsm8k_test_000852,13,thinking_minus_no_think_answer,-3.191226005554199,True,True
Qwen_Qwen3-32B,32B,32.0,gsm8k_test_000852,20,think_answer_minus_no_think_answer,0.4389066696166992,True,True
Qwen_Qwen3-32B,32B,32.0,gsm8k_test_000852,20,thinking_minus_think_answer,-3.979435920715332,True,True
Qwen_Qwen3-32B,32B,32.0,gsm8k_test_000852,20,thinking_minus_no_think_answer,-3.540529251098633,True,True
Qwen_Qwen3-32B,32B,32.0,gsm8k_test_000871,6,think_answer_minus_no_think_answer,0.8734273910522461,True,False
Qwen_Qwen3-32B,32B,32.0,gsm8k_test_000871,6,thinking_minus_think_answer,1.3924036026000977,True,False
Qwen_Qwen3-32B,32B,32.0,gsm8k_test_000871,6,thinking_minus_no_think_answer,2.2658309936523438,True,False
Qwen_Qwen3-32B,32B,32.0,gsm8k_test_000871,13,think_answer_minus_no_think_answer,3.018187522888182,True,False
Qwen_Qwen3-32B,32B,32.0,gsm8k_test_000871,13,thinking_minus_think_answer,-3.833683013916014,True,False
Qwen_Qwen3-32B,32B,32.0,gsm8k_test_000871,13,thinking_minus_no_think_answer,-0.815495491027832,True,False
Qwen_Qwen3-32B,32B,32.0,gsm8k_test_000871,20,think_answer_minus_no_think_answer,1.664793014526369,True,False
Qwen_Qwen3-32B,32B,32.0,gsm8k_test_000871,20,thinking_minus_think_answer,-2.1853046417236346,True,False
Qwen_Qwen3-32B,32B,32.0,gsm8k_test_000871,20,thinking_minus_no_think_answer,-0.5205116271972656,True,False
Qwen_Qwen3-32B,32B,32.0,gsm8k_test_000875,6,think_answer_minus_no_think_answer,2.6839656829834,True,False
Qwen_Qwen3-32B,32B,32.0,gsm8k_test_000875,6,thinking_minus_think_answer,11.323329925537108,True,False
Qwen_Qwen3-32B,32B,32.0,gsm8k_test_000875,6,thinking_minus_no_think_answer,14.007295608520508,True,False
Qwen_Qwen3-32B,32B,32.0,gsm8k_test_000875,13,think_answer_minus_no_think_answer,1.5102500915527344,True,False
Qwen_Qwen3-32B,32B,32.0,gsm8k_test_000875,13,thinking_minus_think_answer,1.88429546356201,True,False
Qwen_Qwen3-32B,32B,32.0,gsm8k_test_000875,13,thinking_minus_no_think_answer,3.3945455551147443,True,False
Qwen_Qwen3-32B,32B,32.0,gsm8k_test_000875,20,think_answer_minus_no_think_answer,0.9630460739135742,True,False
Qwen_Qwen3-32B,32B,32.0,gsm8k_test_000875,20,thinking_minus_think_answer,1.0594406127929688,True,False
Qwen_Qwen3-32B,32B,32.0,gsm8k_test_000875,20,thinking_minus_no_think_answer,2.022486686706543,True,False
Qwen_Qwen3-32B,32B,32.0,gsm8k_test_000891,6,think_answer_minus_no_think_answer,-2.6235313415527344,True,True
Qwen_Qwen3-32B,32B,32.0,gsm8k_test_000891,6,thinking_minus_think_answer,0.2717151641845703,True,True
Qwen_Qwen3-32B,32B,32.0,gsm8k_test_000891,6,thinking_minus_no_think_answer,-2.351816177368164,True,True
Qwen_Qwen3-32B,32B,32.0,gsm8k_test_000891,13,think_answer_minus_no_think_answer,-1.3315086364746094,True,True
Qwen_Qwen3-32B,32B,32.0,gsm8k_test_000891,13,thinking_minus_think_answer,-0.6953487396240234,True,True
Qwen_Qwen3-32B,32B,32.0,gsm8k_test_000891,13,thinking_minus_no_think_answer,-2.026857376098633,True,True
Qwen_Qwen3-32B,32B,32.0,gsm8k_test_000891,20,think_answer_minus_no_think_answer,-0.0948934555053711,True,True
Qwen_Qwen3-32B,32B,32.0,gsm8k_test_000891,20,thinking_minus_think_answer,0.24520111083984375,True,True
Qwen_Qwen3-32B,32B,32.0,gsm8k_test_000891,20,thinking_minus_no_think_answer,0.15030765533447266,True,True
Qwen_Qwen3-32B,32B,32.0,gsm8k_test_000896,6,think_answer_minus_no_think_answer,-0.8175916671752947,True,True
Qwen_Qwen3-32B,32B,32.0,gsm8k_test_000896,6,thinking_minus_think_answer,3.465224266052248,True,True
Qwen_Qwen3-32B,32B,32.0,gsm8k_test_000896,6,thinking_minus_no_think_answer,2.647632598876953,True,True
Qwen_Qwen3-32B,32B,32.0,gsm8k_test_000896,13,think_answer_minus_no_think_answer,-0.1954841613769549,True,True
Qwen_Qwen3-32B,32B,32.0,gsm8k_test_000896,13,thinking_minus_think_answer,0.38784027099609375,True,True
Qwen_Qwen3-32B,32B,32.0,gsm8k_test_000896,13,thinking_minus_no_think_answer,0.19235610961913885,True,True
Qwen_Qwen3-32B,32B,32.0,gsm8k_test_000896,20,think_answer_minus_no_think_answer,1.2417430877685547,True,True
Qwen_Qwen3-32B,32B,32.0,gsm8k_test_000896,20,thinking_minus_think_answer,-0.2498798370361328,True,True
Qwen_Qwen3-32B,32B,32.0,gsm8k_test_000896,20,thinking_minus_no_think_answer,0.9918632507324219,True,True
Qwen_Qwen3-32B,32B,32.0,gsm8k_test_000900,6,think_answer_minus_no_think_answer,-0.18193435668945135,True,True
Qwen_Qwen3-32B,32B,32.0,gsm8k_test_000900,6,thinking_minus_think_answer,1.6868629455566406,True,True
Qwen_Qwen3-32B,32B,32.0,gsm8k_test_000900,6,thinking_minus_no_think_answer,1.5049285888671893,True,True
Qwen_Qwen3-32B,32B,32.0,gsm8k_test_000900,13,think_answer_minus_no_think_answer,-1.5036334991455078,True,True
Qwen_Qwen3-32B,32B,32.0,gsm8k_test_000900,13,thinking_minus_think_answer,-0.0897665023803711,True,True
Qwen_Qwen3-32B,32B,32.0,gsm8k_test_000900,13,thinking_minus_no_think_answer,-1.593400001525879,True,True
Qwen_Qwen3-32B,32B,32.0,gsm8k_test_000900,20,think_answer_minus_no_think_answer,-0.11884212493896307,True,True
Qwen_Qwen3-32B,32B,32.0,gsm8k_test_000900,20,thinking_minus_think_answer,1.048194885253908,True,True
Qwen_Qwen3-32B,32B,32.0,gsm8k_test_000900,20,thinking_minus_no_think_answer,0.929352760314945,True,True
Qwen_Qwen3-32B,32B,32.0,gsm8k_test_000901,6,think_answer_minus_no_think_answer,0.44786834716796875,True,False
Qwen_Qwen3-32B,32B,32.0,gsm8k_test_000901,6,thinking_minus_think_answer,0.5842514038085938,True,False
Qwen_Qwen3-32B,32B,32.0,gsm8k_test_000901,6,thinking_minus_no_think_answer,1.0321197509765625,True,False
Qwen_Qwen3-32B,32B,32.0,gsm8k_test_000901,13,think_answer_minus_no_think_answer,-0.028372764587402344,True,False
Qwen_Qwen3-32B,32B,32.0,gsm8k_test_000901,13,thinking_minus_think_answer,0.3491916656494123,True,False
Qwen_Qwen3-32B,32B,32.0,gsm8k_test_000901,13,thinking_minus_no_think_answer,0.32081890106200994,True,False
Qwen_Qwen3-32B,32B,32.0,gsm8k_test_000901,20,think_answer_minus_no_think_answer,-1.3824100494384766,True,False
Qwen_Qwen3-32B,32B,32.0,gsm8k_test_000901,20,thinking_minus_think_answer,1.9597492218017578,True,False
Qwen_Qwen3-32B,32B,32.0,gsm8k_test_000901,20,thinking_minus_no_think_answer,0.5773391723632812,True,False
Qwen_Qwen3-32B,32B,32.0,gsm8k_test_000911,6,think_answer_minus_no_think_answer,2.6468563079833984,True,True
Qwen_Qwen3-32B,32B,32.0,gsm8k_test_000911,6,thinking_minus_think_answer,0.7241783142089844,True,True
Qwen_Qwen3-32B,32B,32.0,gsm8k_test_000911,6,thinking_minus_no_think_answer,3.371034622192383,True,True
Qwen_Qwen3-32B,32B,32.0,gsm8k_test_000911,13,think_answer_minus_no_think_answer,1.471994400024414,True,True
Qwen_Qwen3-32B,32B,32.0,gsm8k_test_000911,13,thinking_minus_think_answer,0.8018703460693359,True,True
Qwen_Qwen3-32B,32B,32.0,gsm8k_test_000911,13,thinking_minus_no_think_answer,2.27386474609375,True,True
Qwen_Qwen3-32B,32B,32.0,gsm8k_test_000911,20,think_answer_minus_no_think_answer,2.3200788497924787,True,True
Qwen_Qwen3-32B,32B,32.0,gsm8k_test_000911,20,thinking_minus_think_answer,-1.0972299575805629,True,True
Qwen_Qwen3-32B,32B,32.0,gsm8k_test_000911,20,thinking_minus_no_think_answer,1.2228488922119158,True,True
Qwen_Qwen3-32B,32B,32.0,gsm8k_test_000913,6,think_answer_minus_no_think_answer,-1.1974906921386754,True,False
Qwen_Qwen3-32B,32B,32.0,gsm8k_test_000913,6,thinking_minus_think_answer,3.1346893310546875,True,False
Qwen_Qwen3-32B,32B,32.0,gsm8k_test_000913,6,thinking_minus_no_think_answer,1.937198638916012,True,False
Qwen_Qwen3-32B,32B,32.0,gsm8k_test_000913,13,think_answer_minus_no_think_answer,0.3112573623657209,True,False
Qwen_Qwen3-32B,32B,32.0,gsm8k_test_000913,13,thinking_minus_think_answer,-0.9095516204833984,True,False
Qwen_Qwen3-32B,32B,32.0,gsm8k_test_000913,13,thinking_minus_no_think_answer,-0.5982942581176776,True,False
Qwen_Qwen3-32B,32B,32.0,gsm8k_test_000913,20,think_answer_minus_no_think_answer,-0.4229850769042969,True,False
Qwen_Qwen3-32B,32B,32.0,gsm8k_test_000913,20,thinking_minus_think_answer,2.005146026611328,True,False
Qwen_Qwen3-32B,32B,32.0,gsm8k_test_000913,20,thinking_minus_no_think_answer,1.5821609497070312,True,False
Qwen_Qwen3-32B,32B,32.0,gsm8k_test_000914,6,think_answer_minus_no_think_answer,2.1688642501831055,True,True
Qwen_Qwen3-32B,32B,32.0,gsm8k_test_000914,6,thinking_minus_think_answer,8.364860534667969,True,True
Qwen_Qwen3-32B,32B,32.0,gsm8k_test_000914,6,thinking_minus_no_think_answer,10.533724784851074,True,True
Qwen_Qwen3-32B,32B,32.0,gsm8k_test_000914,13,think_answer_minus_no_think_answer,0.12558650970458807,True,True
Qwen_Qwen3-32B,32B,32.0,gsm8k_test_000914,13,thinking_minus_think_answer,0.1369209289550799,True,True
Qwen_Qwen3-32B,32B,32.0,gsm8k_test_000914,13,thinking_minus_no_think_answer,0.26250743865966797,True,True
Qwen_Qwen3-32B,32B,32.0,gsm8k_test_000914,20,think_answer_minus_no_think_answer,-0.07846736907958984,True,True
Qwen_Qwen3-32B,32B,32.0,gsm8k_test_000914,20,thinking_minus_think_answer,1.32000732421875,True,True
Qwen_Qwen3-32B,32B,32.0,gsm8k_test_000914,20,thinking_minus_no_think_answer,1.2415399551391602,True,True
Qwen_Qwen3-32B,32B,32.0,gsm8k_test_000915,6,think_answer_minus_no_think_answer,1.5666513442993146,True,False
Qwen_Qwen3-32B,32B,32.0,gsm8k_test_000915,6,thinking_minus_think_answer,6.787319183349611,True,False
Qwen_Qwen3-32B,32B,32.0,gsm8k_test_000915,6,thinking_minus_no_think_answer,8.353970527648926,True,False
Qwen_Qwen3-32B,32B,32.0,gsm8k_test_000915,13,think_answer_minus_no_think_answer,-0.6965322494506854,True,False
Qwen_Qwen3-32B,32B,32.0,gsm8k_test_000915,13,thinking_minus_think_answer,1.4717569351196307,True,False
Qwen_Qwen3-32B,32B,32.0,gsm8k_test_000915,13,thinking_minus_no_think_answer,0.7752246856689453,True,False
Qwen_Qwen3-32B,32B,32.0,gsm8k_test_000915,20,think_answer_minus_no_think_answer,-0.8705730438232404,True,False
Qwen_Qwen3-32B,32B,32.0,gsm8k_test_000915,20,thinking_minus_think_answer,1.3467483520507795,True,False
Qwen_Qwen3-32B,32B,32.0,gsm8k_test_000915,20,thinking_minus_no_think_answer,0.47617530822753906,True,False
Qwen_Qwen3-32B,32B,32.0,gsm8k_test_000917,6,think_answer_minus_no_think_answer,2.2773523330688477,True,True
Qwen_Qwen3-32B,32B,32.0,gsm8k_test_000917,6,thinking_minus_think_answer,10.72706031799316,True,True
Qwen_Qwen3-32B,32B,32.0,gsm8k_test_000917,6,thinking_minus_no_think_answer,13.004412651062008,True,True
Qwen_Qwen3-32B,32B,32.0,gsm8k_test_000917,13,think_answer_minus_no_think_answer,1.363966941833496,True,True
Qwen_Qwen3-32B,32B,32.0,gsm8k_test_000917,13,thinking_minus_think_answer,2.6781368255615217,True,True
Qwen_Qwen3-32B,32B,32.0,gsm8k_test_000917,13,thinking_minus_no_think_answer,4.042103767395018,True,True
Qwen_Qwen3-32B,32B,32.0,gsm8k_test_000917,20,think_answer_minus_no_think_answer,1.772660255432129,True,True
Qwen_Qwen3-32B,32B,32.0,gsm8k_test_000917,20,thinking_minus_think_answer,3.074221611022949,True,True
Qwen_Qwen3-32B,32B,32.0,gsm8k_test_000917,20,thinking_minus_no_think_answer,4.846881866455078,True,True
Qwen_Qwen3-32B,32B,32.0,gsm8k_test_000921,6,think_answer_minus_no_think_answer,-0.7613372802734375,True,True
Qwen_Qwen3-32B,32B,32.0,gsm8k_test_000921,6,thinking_minus_think_answer,4.893693923950195,True,True
Qwen_Qwen3-32B,32B,32.0,gsm8k_test_000921,6,thinking_minus_no_think_answer,4.132356643676758,True,True
Qwen_Qwen3-32B,32B,32.0,gsm8k_test_000921,13,think_answer_minus_no_think_answer,1.9277067184448242,True,True
Qwen_Qwen3-32B,32B,32.0,gsm8k_test_000921,13,thinking_minus_think_answer,0.6301937103271484,True,True
Qwen_Qwen3-32B,32B,32.0,gsm8k_test_000921,13,thinking_minus_no_think_answer,2.5579004287719727,True,True
Qwen_Qwen3-32B,32B,32.0,gsm8k_test_000921,20,think_answer_minus_no_think_answer,1.0134458541870117,True,True
Qwen_Qwen3-32B,32B,32.0,gsm8k_test_000921,20,thinking_minus_think_answer,1.5918598175048828,True,True
Qwen_Qwen3-32B,32B,32.0,gsm8k_test_000921,20,thinking_minus_no_think_answer,2.6053056716918945,True,True
Qwen_Qwen3-32B,32B,32.0,gsm8k_test_000923,6,think_answer_minus_no_think_answer,2.954977035522461,True,True
Qwen_Qwen3-32B,32B,32.0,gsm8k_test_000923,6,thinking_minus_think_answer,-5.913960456848146,True,True
Qwen_Qwen3-32B,32B,32.0,gsm8k_test_000923,6,thinking_minus_no_think_answer,-2.9589834213256854,True,True
Qwen_Qwen3-32B,32B,32.0,gsm8k_test_000923,13,think_answer_minus_no_think_answer,2.7660160064697266,True,True
Qwen_Qwen3-32B,32B,32.0,gsm8k_test_000923,13,thinking_minus_think_answer,-8.247420310974121,True,True
Qwen_Qwen3-32B,32B,32.0,gsm8k_test_000923,13,thinking_minus_no_think_answer,-5.4814043045043945,True,True
Qwen_Qwen3-32B,32B,32.0,gsm8k_test_000923,20,think_answer_minus_no_think_answer,-0.27700328826904297,True,True
Qwen_Qwen3-32B,32B,32.0,gsm8k_test_000923,20,thinking_minus_think_answer,-4.7509593963623065,True,True
Qwen_Qwen3-32B,32B,32.0,gsm8k_test_000923,20,thinking_minus_no_think_answer,-5.027962684631349,True,True
Qwen_Qwen3-32B,32B,32.0,gsm8k_test_000924,6,think_answer_minus_no_think_answer,3.5158166885375977,True,True
Qwen_Qwen3-32B,32B,32.0,gsm8k_test_000924,6,thinking_minus_think_answer,4.144542694091797,True,True
Qwen_Qwen3-32B,32B,32.0,gsm8k_test_000924,6,thinking_minus_no_think_answer,7.6603593826293945,True,True
Qwen_Qwen3-32B,32B,32.0,gsm8k_test_000924,13,think_answer_minus_no_think_answer,1.4544334411621112,True,True
Qwen_Qwen3-32B,32B,32.0,gsm8k_test_000924,13,thinking_minus_think_answer,0.15791893005371094,True,True
Qwen_Qwen3-32B,32B,32.0,gsm8k_test_000924,13,thinking_minus_no_think_answer,1.612352371215822,True,True
Qwen_Qwen3-32B,32B,32.0,gsm8k_test_000924,20,think_answer_minus_no_think_answer,1.2152996063232422,True,True
Qwen_Qwen3-32B,32B,32.0,gsm8k_test_000924,20,thinking_minus_think_answer,-0.356475830078125,True,True
Qwen_Qwen3-32B,32B,32.0,gsm8k_test_000924,20,thinking_minus_no_think_answer,0.8588237762451172,True,True
Qwen_Qwen3-32B,32B,32.0,gsm8k_test_000930,6,think_answer_minus_no_think_answer,1.0024566650390625,True,True
Qwen_Qwen3-32B,32B,32.0,gsm8k_test_000930,6,thinking_minus_think_answer,2.3436279296875,True,True
Qwen_Qwen3-32B,32B,32.0,gsm8k_test_000930,6,thinking_minus_no_think_answer,3.3460845947265625,True,True
Qwen_Qwen3-32B,32B,32.0,gsm8k_test_000930,13,think_answer_minus_no_think_answer,0.5346364974975586,True,True
Qwen_Qwen3-32B,32B,32.0,gsm8k_test_000930,13,thinking_minus_think_answer,-0.6428518295288086,True,True
Qwen_Qwen3-32B,32B,32.0,gsm8k_test_000930,13,thinking_minus_no_think_answer,-0.10821533203125,True,True
Qwen_Qwen3-32B,32B,32.0,gsm8k_test_000930,20,think_answer_minus_no_think_answer,0.4587135314941406,True,True
Qwen_Qwen3-32B,32B,32.0,gsm8k_test_000930,20,thinking_minus_think_answer,-0.0945587158203125,True,True
Qwen_Qwen3-32B,32B,32.0,gsm8k_test_000930,20,thinking_minus_no_think_answer,0.3641548156738281,True,True
Qwen_Qwen3-32B,32B,32.0,gsm8k_test_000948,6,think_answer_minus_no_think_answer,8.018307685852053,True,True
Qwen_Qwen3-32B,32B,32.0,gsm8k_test_000948,6,thinking_minus_think_answer,-0.5027942657470703,True,True
Qwen_Qwen3-32B,32B,32.0,gsm8k_test_000948,6,thinking_minus_no_think_answer,7.515513420104982,True,True
Qwen_Qwen3-32B,32B,32.0,gsm8k_test_000948,13,think_answer_minus_no_think_answer,4.459491729736328,True,True
Qwen_Qwen3-32B,32B,32.0,gsm8k_test_000948,13,thinking_minus_think_answer,-1.8158559799194336,True,True
Qwen_Qwen3-32B,32B,32.0,gsm8k_test_000948,13,thinking_minus_no_think_answer,2.6436357498168945,True,True
Qwen_Qwen3-32B,32B,32.0,gsm8k_test_000948,20,think_answer_minus_no_think_answer,0.7979040145874023,True,True
Qwen_Qwen3-32B,32B,32.0,gsm8k_test_000948,20,thinking_minus_think_answer,-0.2317180633544922,True,True
Qwen_Qwen3-32B,32B,32.0,gsm8k_test_000948,20,thinking_minus_no_think_answer,0.5661859512329102,True,True
Qwen_Qwen3-32B,32B,32.0,gsm8k_test_000956,6,think_answer_minus_no_think_answer,-0.9847555160522461,True,True
Qwen_Qwen3-32B,32B,32.0,gsm8k_test_000956,6,thinking_minus_think_answer,11.073845863342285,True,True
Qwen_Qwen3-32B,32B,32.0,gsm8k_test_000956,6,thinking_minus_no_think_answer,10.089090347290039,True,True
Qwen_Qwen3-32B,32B,32.0,gsm8k_test_000956,13,think_answer_minus_no_think_answer,1.3189201354980487,True,True
Qwen_Qwen3-32B,32B,32.0,gsm8k_test_000956,13,thinking_minus_think_answer,0.9195203781127912,True,True
Qwen_Qwen3-32B,32B,32.0,gsm8k_test_000956,13,thinking_minus_no_think_answer,2.23844051361084,True,True
Qwen_Qwen3-32B,32B,32.0,gsm8k_test_000956,20,think_answer_minus_no_think_answer,0.45572853088378906,True,True
Qwen_Qwen3-32B,32B,32.0,gsm8k_test_000956,20,thinking_minus_think_answer,0.517242431640625,True,True
Qwen_Qwen3-32B,32B,32.0,gsm8k_test_000956,20,thinking_minus_no_think_answer,0.9729709625244141,True,True
Qwen_Qwen3-32B,32B,32.0,gsm8k_test_000960,6,think_answer_minus_no_think_answer,2.0818233489990234,True,True
Qwen_Qwen3-32B,32B,32.0,gsm8k_test_000960,6,thinking_minus_think_answer,-0.24606323242187678,True,True
Qwen_Qwen3-32B,32B,32.0,gsm8k_test_000960,6,thinking_minus_no_think_answer,1.8357601165771467,True,True
Qwen_Qwen3-32B,32B,32.0,gsm8k_test_000960,13,think_answer_minus_no_think_answer,1.1487121582031232,True,True
Qwen_Qwen3-32B,32B,32.0,gsm8k_test_000960,13,thinking_minus_think_answer,-1.6443328857421857,True,True
Qwen_Qwen3-32B,32B,32.0,gsm8k_test_000960,13,thinking_minus_no_think_answer,-0.4956207275390625,True,True
Qwen_Qwen3-32B,32B,32.0,gsm8k_test_000960,20,think_answer_minus_no_think_answer,0.2115240097045934,True,True
Qwen_Qwen3-32B,32B,32.0,gsm8k_test_000960,20,thinking_minus_think_answer,-1.0303382873535174,True,True
Qwen_Qwen3-32B,32B,32.0,gsm8k_test_000960,20,thinking_minus_no_think_answer,-0.818814277648924,True,True
Qwen_Qwen3-32B,32B,32.0,gsm8k_test_000965,6,think_answer_minus_no_think_answer,1.5328617095947283,True,False
Qwen_Qwen3-32B,32B,32.0,gsm8k_test_000965,6,thinking_minus_think_answer,5.408425331115721,True,False
Qwen_Qwen3-32B,32B,32.0,gsm8k_test_000965,6,thinking_minus_no_think_answer,6.941287040710449,True,False
Qwen_Qwen3-32B,32B,32.0,gsm8k_test_000965,13,think_answer_minus_no_think_answer,1.152740478515625,True,False
Qwen_Qwen3-32B,32B,32.0,gsm8k_test_000965,13,thinking_minus_think_answer,-0.41351985931396484,True,False
Qwen_Qwen3-32B,32B,32.0,gsm8k_test_000965,13,thinking_minus_no_think_answer,0.7392206192016602,True,False
Qwen_Qwen3-32B,32B,32.0,gsm8k_test_000965,20,think_answer_minus_no_think_answer,-0.42737770080566406,True,False
Qwen_Qwen3-32B,32B,32.0,gsm8k_test_000965,20,thinking_minus_think_answer,2.220767021179199,True,False
Qwen_Qwen3-32B,32B,32.0,gsm8k_test_000965,20,thinking_minus_no_think_answer,1.7933893203735352,True,False
Qwen_Qwen3-32B,32B,32.0,gsm8k_test_000977,6,think_answer_minus_no_think_answer,2.7162561416625977,True,True
Qwen_Qwen3-32B,32B,32.0,gsm8k_test_000977,6,thinking_minus_think_answer,9.4490966796875,True,True
Qwen_Qwen3-32B,32B,32.0,gsm8k_test_000977,6,thinking_minus_no_think_answer,12.165352821350098,True,True
Qwen_Qwen3-32B,32B,32.0,gsm8k_test_000977,13,think_answer_minus_no_think_answer,2.080106735229492,True,True
Qwen_Qwen3-32B,32B,32.0,gsm8k_test_000977,13,thinking_minus_think_answer,-0.13675880432128906,True,True
Qwen_Qwen3-32B,32B,32.0,gsm8k_test_000977,13,thinking_minus_no_think_answer,1.9433479309082031,True,True
Qwen_Qwen3-32B,32B,32.0,gsm8k_test_000977,20,think_answer_minus_no_think_answer,2.422959327697754,True,True
Qwen_Qwen3-32B,32B,32.0,gsm8k_test_000977,20,thinking_minus_think_answer,0.11949920654296875,True,True
Qwen_Qwen3-32B,32B,32.0,gsm8k_test_000977,20,thinking_minus_no_think_answer,2.5424585342407227,True,True
Qwen_Qwen3-32B,32B,32.0,gsm8k_test_000988,6,think_answer_minus_no_think_answer,-0.658546447753908,True,True
Qwen_Qwen3-32B,32B,32.0,gsm8k_test_000988,6,thinking_minus_think_answer,3.7296600341796893,True,True
Qwen_Qwen3-32B,32B,32.0,gsm8k_test_000988,6,thinking_minus_no_think_answer,3.0711135864257812,True,True
Qwen_Qwen3-32B,32B,32.0,gsm8k_test_000988,13,think_answer_minus_no_think_answer,-0.1756954193115252,True,True
Qwen_Qwen3-32B,32B,32.0,gsm8k_test_000988,13,thinking_minus_think_answer,-0.6182651519775391,True,True
Qwen_Qwen3-32B,32B,32.0,gsm8k_test_000988,13,thinking_minus_no_think_answer,-0.7939605712890643,True,True
Qwen_Qwen3-32B,32B,32.0,gsm8k_test_000988,20,think_answer_minus_no_think_answer,-0.7878255844116211,True,True
Qwen_Qwen3-32B,32B,32.0,gsm8k_test_000988,20,thinking_minus_think_answer,-0.11988544464111328,True,True
Qwen_Qwen3-32B,32B,32.0,gsm8k_test_000988,20,thinking_minus_no_think_answer,-0.9077110290527344,True,True
Qwen_Qwen3-32B,32B,32.0,gsm8k_test_000990,6,think_answer_minus_no_think_answer,2.210574150085449,True,True
Qwen_Qwen3-32B,32B,32.0,gsm8k_test_000990,6,thinking_minus_think_answer,2.9435272216796875,True,True
Qwen_Qwen3-32B,32B,32.0,gsm8k_test_000990,6,thinking_minus_no_think_answer,5.154101371765137,True,True
Qwen_Qwen3-32B,32B,32.0,gsm8k_test_000990,13,think_answer_minus_no_think_answer,2.2896223068237305,True,True
Qwen_Qwen3-32B,32B,32.0,gsm8k_test_000990,13,thinking_minus_think_answer,-0.9125862121582049,True,True
Qwen_Qwen3-32B,32B,32.0,gsm8k_test_000990,13,thinking_minus_no_think_answer,1.3770360946655256,True,True
Qwen_Qwen3-32B,32B,32.0,gsm8k_test_000990,20,think_answer_minus_no_think_answer,3.8102779388427734,True,True
Qwen_Qwen3-32B,32B,32.0,gsm8k_test_000990,20,thinking_minus_think_answer,-1.5915765762329102,True,True
Qwen_Qwen3-32B,32B,32.0,gsm8k_test_000990,20,thinking_minus_no_think_answer,2.2187013626098633,True,True
Qwen_Qwen3-32B,32B,32.0,gsm8k_test_000995,6,think_answer_minus_no_think_answer,0.8169174194335938,True,True
Qwen_Qwen3-32B,32B,32.0,gsm8k_test_000995,6,thinking_minus_think_answer,-1.7147254943847674,True,True
Qwen_Qwen3-32B,32B,32.0,gsm8k_test_000995,6,thinking_minus_no_think_answer,-0.8978080749511737,True,True
Qwen_Qwen3-32B,32B,32.0,gsm8k_test_000995,13,think_answer_minus_no_think_answer,0.8289432525634766,True,True
Qwen_Qwen3-32B,32B,32.0,gsm8k_test_000995,13,thinking_minus_think_answer,-3.8094520568847656,True,True
Qwen_Qwen3-32B,32B,32.0,gsm8k_test_000995,13,thinking_minus_no_think_answer,-2.980508804321289,True,True
Qwen_Qwen3-32B,32B,32.0,gsm8k_test_000995,20,think_answer_minus_no_think_answer,0.9465808868408221,True,True
Qwen_Qwen3-32B,32B,32.0,gsm8k_test_000995,20,thinking_minus_think_answer,-2.3849449157714844,True,True
Qwen_Qwen3-32B,32B,32.0,gsm8k_test_000995,20,thinking_minus_no_think_answer,-1.4383640289306623,True,True
Qwen_Qwen3-32B,32B,32.0,gsm8k_test_001002,6,think_answer_minus_no_think_answer,2.7234201431274414,True,True
Qwen_Qwen3-32B,32B,32.0,gsm8k_test_001002,6,thinking_minus_think_answer,8.725011825561523,True,True
Qwen_Qwen3-32B,32B,32.0,gsm8k_test_001002,6,thinking_minus_no_think_answer,11.448431968688965,True,True
Qwen_Qwen3-32B,32B,32.0,gsm8k_test_001002,13,think_answer_minus_no_think_answer,1.8295373916625959,True,True
Qwen_Qwen3-32B,32B,32.0,gsm8k_test_001002,13,thinking_minus_think_answer,2.0656518936157244,True,True
Qwen_Qwen3-32B,32B,32.0,gsm8k_test_001002,13,thinking_minus_no_think_answer,3.8951892852783203,True,True
Qwen_Qwen3-32B,32B,32.0,gsm8k_test_001002,20,think_answer_minus_no_think_answer,1.9334096908569336,True,True
Qwen_Qwen3-32B,32B,32.0,gsm8k_test_001002,20,thinking_minus_think_answer,1.7684450149536133,True,True
Qwen_Qwen3-32B,32B,32.0,gsm8k_test_001002,20,thinking_minus_no_think_answer,3.701854705810547,True,True
Qwen_Qwen3-32B,32B,32.0,gsm8k_test_001006,6,think_answer_minus_no_think_answer,2.53884220123291,True,True
Qwen_Qwen3-32B,32B,32.0,gsm8k_test_001006,6,thinking_minus_think_answer,5.785404205322266,True,True
Qwen_Qwen3-32B,32B,32.0,gsm8k_test_001006,6,thinking_minus_no_think_answer,8.324246406555176,True,True
Qwen_Qwen3-32B,32B,32.0,gsm8k_test_001006,13,think_answer_minus_no_think_answer,1.7901496887207031,True,True
Qwen_Qwen3-32B,32B,32.0,gsm8k_test_001006,13,thinking_minus_think_answer,1.2886228561401367,True,True
Qwen_Qwen3-32B,32B,32.0,gsm8k_test_001006,13,thinking_minus_no_think_answer,3.07877254486084,True,True
Qwen_Qwen3-32B,32B,32.0,gsm8k_test_001006,20,think_answer_minus_no_think_answer,0.8952388763427734,True,True
Qwen_Qwen3-32B,32B,32.0,gsm8k_test_001006,20,thinking_minus_think_answer,2.085420608520508,True,True
Qwen_Qwen3-32B,32B,32.0,gsm8k_test_001006,20,thinking_minus_no_think_answer,2.9806594848632812,True,True
Qwen_Qwen3-32B,32B,32.0,gsm8k_test_001008,6,think_answer_minus_no_think_answer,0.3510513305664027,True,True
Qwen_Qwen3-32B,32B,32.0,gsm8k_test_001008,6,thinking_minus_think_answer,-1.2831840515136719,True,True
Qwen_Qwen3-32B,32B,32.0,gsm8k_test_001008,6,thinking_minus_no_think_answer,-0.9321327209472692,True,True
Qwen_Qwen3-32B,32B,32.0,gsm8k_test_001008,13,think_answer_minus_no_think_answer,-0.4857063293457031,True,True
Qwen_Qwen3-32B,32B,32.0,gsm8k_test_001008,13,thinking_minus_think_answer,-1.9505014419555646,True,True
Qwen_Qwen3-32B,32B,32.0,gsm8k_test_001008,13,thinking_minus_no_think_answer,-2.4362077713012678,True,True
Qwen_Qwen3-32B,32B,32.0,gsm8k_test_001008,20,think_answer_minus_no_think_answer,-1.28387451171875,True,True
Qwen_Qwen3-32B,32B,32.0,gsm8k_test_001008,20,thinking_minus_think_answer,0.008377075195310724,True,True
Qwen_Qwen3-32B,32B,32.0,gsm8k_test_001008,20,thinking_minus_no_think_answer,-1.2754974365234393,True,True
Qwen_Qwen3-32B,32B,32.0,gsm8k_test_001009,6,think_answer_minus_no_think_answer,-0.23294448852539062,True,False
Qwen_Qwen3-32B,32B,32.0,gsm8k_test_001009,6,thinking_minus_think_answer,6.102747917175293,True,False
Qwen_Qwen3-32B,32B,32.0,gsm8k_test_001009,6,thinking_minus_no_think_answer,5.869803428649902,True,False
Qwen_Qwen3-32B,32B,32.0,gsm8k_test_001009,13,think_answer_minus_no_think_answer,0.4467887878417969,True,False
Qwen_Qwen3-32B,32B,32.0,gsm8k_test_001009,13,thinking_minus_think_answer,0.6886892318725604,True,False
Qwen_Qwen3-32B,32B,32.0,gsm8k_test_001009,13,thinking_minus_no_think_answer,1.1354780197143572,True,False
Qwen_Qwen3-32B,32B,32.0,gsm8k_test_001009,20,think_answer_minus_no_think_answer,-0.7851324081420881,True,False
Qwen_Qwen3-32B,32B,32.0,gsm8k_test_001009,20,thinking_minus_think_answer,0.659303665161131,True,False
Qwen_Qwen3-32B,32B,32.0,gsm8k_test_001009,20,thinking_minus_no_think_answer,-0.12582874298095703,True,False
Qwen_Qwen3-32B,32B,32.0,gsm8k_test_001013,6,think_answer_minus_no_think_answer,-1.3274688720703125,True,True
Qwen_Qwen3-32B,32B,32.0,gsm8k_test_001013,6,thinking_minus_think_answer,3.4855823516845703,True,True
Qwen_Qwen3-32B,32B,32.0,gsm8k_test_001013,6,thinking_minus_no_think_answer,2.158113479614258,True,True
Qwen_Qwen3-32B,32B,32.0,gsm8k_test_001013,13,think_answer_minus_no_think_answer,-1.7399072647094727,True,True
Qwen_Qwen3-32B,32B,32.0,gsm8k_test_001013,13,thinking_minus_think_answer,0.3534259796142578,True,True
Qwen_Qwen3-32B,32B,32.0,gsm8k_test_001013,13,thinking_minus_no_think_answer,-1.3864812850952148,True,True
Qwen_Qwen3-32B,32B,32.0,gsm8k_test_001013,20,think_answer_minus_no_think_answer,-1.0180606842040998,True,True
Qwen_Qwen3-32B,32B,32.0,gsm8k_test_001013,20,thinking_minus_think_answer,2.534111022949217,True,True
Qwen_Qwen3-32B,32B,32.0,gsm8k_test_001013,20,thinking_minus_no_think_answer,1.5160503387451172,True,True
Qwen_Qwen3-32B,32B,32.0,gsm8k_test_001017,6,think_answer_minus_no_think_answer,-0.9863119125366211,True,True
Qwen_Qwen3-32B,32B,32.0,gsm8k_test_001017,6,thinking_minus_think_answer,4.417426109313968,True,True
Qwen_Qwen3-32B,32B,32.0,gsm8k_test_001017,6,thinking_minus_no_think_answer,3.4311141967773473,True,True
Qwen_Qwen3-32B,32B,32.0,gsm8k_test_001017,13,think_answer_minus_no_think_answer,0.9185628890991229,True,True
Qwen_Qwen3-32B,32B,32.0,gsm8k_test_001017,13,thinking_minus_think_answer,-2.652379989624025,True,True
Qwen_Qwen3-32B,32B,32.0,gsm8k_test_001017,13,thinking_minus_no_think_answer,-1.7338171005249023,True,True
Qwen_Qwen3-32B,32B,32.0,gsm8k_test_001017,20,think_answer_minus_no_think_answer,0.2540979385375959,True,True
Qwen_Qwen3-32B,32B,32.0,gsm8k_test_001017,20,thinking_minus_think_answer,-0.5270624160766584,True,True
Qwen_Qwen3-32B,32B,32.0,gsm8k_test_001017,20,thinking_minus_no_think_answer,-0.2729644775390625,True,True
Qwen_Qwen3-32B,32B,32.0,gsm8k_test_001026,6,think_answer_minus_no_think_answer,-1.0375518798828125,True,True
Qwen_Qwen3-32B,32B,32.0,gsm8k_test_001026,6,thinking_minus_think_answer,1.7001686096191406,True,True
Qwen_Qwen3-32B,32B,32.0,gsm8k_test_001026,6,thinking_minus_no_think_answer,0.6626167297363281,True,True
Qwen_Qwen3-32B,32B,32.0,gsm8k_test_001026,13,think_answer_minus_no_think_answer,-2.47451114654541,True,True
Qwen_Qwen3-32B,32B,32.0,gsm8k_test_001026,13,thinking_minus_think_answer,-1.3998804092407227,True,True
Qwen_Qwen3-32B,32B,32.0,gsm8k_test_001026,13,thinking_minus_no_think_answer,-3.874391555786133,True,True
Qwen_Qwen3-32B,32B,32.0,gsm8k_test_001026,20,think_answer_minus_no_think_answer,-0.8451852798461914,True,True
Qwen_Qwen3-32B,32B,32.0,gsm8k_test_001026,20,thinking_minus_think_answer,0.4701042175292951,True,True
Qwen_Qwen3-32B,32B,32.0,gsm8k_test_001026,20,thinking_minus_no_think_answer,-0.3750810623168963,True,True
Qwen_Qwen3-32B,32B,32.0,gsm8k_test_001031,6,think_answer_minus_no_think_answer,0.2920846939086932,True,True
Qwen_Qwen3-32B,32B,32.0,gsm8k_test_001031,6,thinking_minus_think_answer,4.114806175231932,True,True
Qwen_Qwen3-32B,32B,32.0,gsm8k_test_001031,6,thinking_minus_no_think_answer,4.406890869140625,True,True
Qwen_Qwen3-32B,32B,32.0,gsm8k_test_001031,13,think_answer_minus_no_think_answer,-0.6775321960449219,True,True
Qwen_Qwen3-32B,32B,32.0,gsm8k_test_001031,13,thinking_minus_think_answer,2.083425521850586,True,True
Qwen_Qwen3-32B,32B,32.0,gsm8k_test_001031,13,thinking_minus_no_think_answer,1.405893325805664,True,True
Qwen_Qwen3-32B,32B,32.0,gsm8k_test_001031,20,think_answer_minus_no_think_answer,0.036857604980466974,True,True
Qwen_Qwen3-32B,32B,32.0,gsm8k_test_001031,20,thinking_minus_think_answer,1.2527179718017614,True,True
Qwen_Qwen3-32B,32B,32.0,gsm8k_test_001031,20,thinking_minus_no_think_answer,1.2895755767822283,True,True
Qwen_Qwen3-32B,32B,32.0,gsm8k_test_001038,6,think_answer_minus_no_think_answer,-0.9679269790649414,True,True
Qwen_Qwen3-32B,32B,32.0,gsm8k_test_001038,6,thinking_minus_think_answer,6.608429908752441,True,True
Qwen_Qwen3-32B,32B,32.0,gsm8k_test_001038,6,thinking_minus_no_think_answer,5.6405029296875,True,True
Qwen_Qwen3-32B,32B,32.0,gsm8k_test_001038,13,think_answer_minus_no_think_answer,0.11482238769531072,True,True
Qwen_Qwen3-32B,32B,32.0,gsm8k_test_001038,13,thinking_minus_think_answer,2.748469352722168,True,True
Qwen_Qwen3-32B,32B,32.0,gsm8k_test_001038,13,thinking_minus_no_think_answer,2.8632917404174787,True,True
Qwen_Qwen3-32B,32B,32.0,gsm8k_test_001038,20,think_answer_minus_no_think_answer,0.4241065979003906,True,True
Qwen_Qwen3-32B,32B,32.0,gsm8k_test_001038,20,thinking_minus_think_answer,2.707003593444824,True,True
Qwen_Qwen3-32B,32B,32.0,gsm8k_test_001038,20,thinking_minus_no_think_answer,3.131110191345215,True,True
Qwen_Qwen3-32B,32B,32.0,gsm8k_test_001043,6,think_answer_minus_no_think_answer,2.267070770263672,True,True
Qwen_Qwen3-32B,32B,32.0,gsm8k_test_001043,6,thinking_minus_think_answer,4.938754081726074,True,True
Qwen_Qwen3-32B,32B,32.0,gsm8k_test_001043,6,thinking_minus_no_think_answer,7.205824851989746,True,True
Qwen_Qwen3-32B,32B,32.0,gsm8k_test_001043,13,think_answer_minus_no_think_answer,1.2218904495239258,True,True
Qwen_Qwen3-32B,32B,32.0,gsm8k_test_001043,13,thinking_minus_think_answer,0.5002851486206037,True,True
Qwen_Qwen3-32B,32B,32.0,gsm8k_test_001043,13,thinking_minus_no_think_answer,1.7221755981445295,True,True
Qwen_Qwen3-32B,32B,32.0,gsm8k_test_001043,20,think_answer_minus_no_think_answer,2.8675689697265625,True,True
Qwen_Qwen3-32B,32B,32.0,gsm8k_test_001043,20,thinking_minus_think_answer,0.3755817413330078,True,True
Qwen_Qwen3-32B,32B,32.0,gsm8k_test_001043,20,thinking_minus_no_think_answer,3.2431507110595703,True,True
Qwen_Qwen3-32B,32B,32.0,gsm8k_test_001047,6,think_answer_minus_no_think_answer,-4.909255027770996,True,False
Qwen_Qwen3-32B,32B,32.0,gsm8k_test_001047,6,thinking_minus_think_answer,5.509284019470215,True,False
Qwen_Qwen3-32B,32B,32.0,gsm8k_test_001047,6,thinking_minus_no_think_answer,0.6000289916992188,True,False
Qwen_Qwen3-32B,32B,32.0,gsm8k_test_001047,13,think_answer_minus_no_think_answer,-4.065010070800781,True,False
Qwen_Qwen3-32B,32B,32.0,gsm8k_test_001047,13,thinking_minus_think_answer,4.041937828063963,True,False
Qwen_Qwen3-32B,32B,32.0,gsm8k_test_001047,13,thinking_minus_no_think_answer,-0.023072242736818183,True,False
Qwen_Qwen3-32B,32B,32.0,gsm8k_test_001047,20,think_answer_minus_no_think_answer,-2.071335792541504,True,False
Qwen_Qwen3-32B,32B,32.0,gsm8k_test_001047,20,thinking_minus_think_answer,3.7622756958007812,True,False
Qwen_Qwen3-32B,32B,32.0,gsm8k_test_001047,20,thinking_minus_no_think_answer,1.6909399032592773,True,False
Qwen_Qwen3-32B,32B,32.0,gsm8k_test_001052,6,think_answer_minus_no_think_answer,2.335763931274414,True,False
Qwen_Qwen3-32B,32B,32.0,gsm8k_test_001052,6,thinking_minus_think_answer,1.452493667602539,True,False
Qwen_Qwen3-32B,32B,32.0,gsm8k_test_001052,6,thinking_minus_no_think_answer,3.788257598876953,True,False
Qwen_Qwen3-32B,32B,32.0,gsm8k_test_001052,13,think_answer_minus_no_think_answer,2.0595235824584943,True,False
Qwen_Qwen3-32B,32B,32.0,gsm8k_test_001052,13,thinking_minus_think_answer,-1.565356254577635,True,False
Qwen_Qwen3-32B,32B,32.0,gsm8k_test_001052,13,thinking_minus_no_think_answer,0.4941673278808594,True,False
Qwen_Qwen3-32B,32B,32.0,gsm8k_test_001052,20,think_answer_minus_no_think_answer,2.4498891830444336,True,False
Qwen_Qwen3-32B,32B,32.0,gsm8k_test_001052,20,thinking_minus_think_answer,-3.083414077758791,True,False
Qwen_Qwen3-32B,32B,32.0,gsm8k_test_001052,20,thinking_minus_no_think_answer,-0.6335248947143572,True,False
Qwen_Qwen3-32B,32B,32.0,gsm8k_test_001058,6,think_answer_minus_no_think_answer,-0.3728961944580078,True,True
Qwen_Qwen3-32B,32B,32.0,gsm8k_test_001058,6,thinking_minus_think_answer,7.681455612182614,True,True
Qwen_Qwen3-32B,32B,32.0,gsm8k_test_001058,6,thinking_minus_no_think_answer,7.308559417724606,True,True
Qwen_Qwen3-32B,32B,32.0,gsm8k_test_001058,13,think_answer_minus_no_think_answer,-1.5232086181640625,True,True
Qwen_Qwen3-32B,32B,32.0,gsm8k_test_001058,13,thinking_minus_think_answer,1.1625537872314453,True,True
Qwen_Qwen3-32B,32B,32.0,gsm8k_test_001058,13,thinking_minus_no_think_answer,-0.3606548309326172,True,True
Qwen_Qwen3-32B,32B,32.0,gsm8k_test_001058,20,think_answer_minus_no_think_answer,0.9038457870483398,True,True
Qwen_Qwen3-32B,32B,32.0,gsm8k_test_001058,20,thinking_minus_think_answer,1.8137083053588885,True,True
Qwen_Qwen3-32B,32B,32.0,gsm8k_test_001058,20,thinking_minus_no_think_answer,2.7175540924072283,True,True
Qwen_Qwen3-32B,32B,32.0,gsm8k_test_001059,6,think_answer_minus_no_think_answer,2.995363235473633,False,False
Qwen_Qwen3-32B,32B,32.0,gsm8k_test_001059,6,thinking_minus_think_answer,3.014301300048828,False,False
Qwen_Qwen3-32B,32B,32.0,gsm8k_test_001059,6,thinking_minus_no_think_answer,6.009664535522461,False,False
Qwen_Qwen3-32B,32B,32.0,gsm8k_test_001059,13,think_answer_minus_no_think_answer,1.1980171203613281,False,False
Qwen_Qwen3-32B,32B,32.0,gsm8k_test_001059,13,thinking_minus_think_answer,-2.9293575286865234,False,False
Qwen_Qwen3-32B,32B,32.0,gsm8k_test_001059,13,thinking_minus_no_think_answer,-1.7313404083251953,False,False
Qwen_Qwen3-32B,32B,32.0,gsm8k_test_001059,20,think_answer_minus_no_think_answer,1.8180780410766584,False,False
Qwen_Qwen3-32B,32B,32.0,gsm8k_test_001059,20,thinking_minus_think_answer,-1.624402999877928,False,False
Qwen_Qwen3-32B,32B,32.0,gsm8k_test_001059,20,thinking_minus_no_think_answer,0.19367504119873047,False,False
Qwen_Qwen3-32B,32B,32.0,gsm8k_test_001079,6,think_answer_minus_no_think_answer,-0.999519348144533,True,False
Qwen_Qwen3-32B,32B,32.0,gsm8k_test_001079,6,thinking_minus_think_answer,0.9464654922485352,True,False
Qwen_Qwen3-32B,32B,32.0,gsm8k_test_001079,6,thinking_minus_no_think_answer,-0.05305385589599787,True,False
Qwen_Qwen3-32B,32B,32.0,gsm8k_test_001079,13,think_answer_minus_no_think_answer,-1.2240028381347656,True,False
Qwen_Qwen3-32B,32B,32.0,gsm8k_test_001079,13,thinking_minus_think_answer,-1.0601110458374023,True,False
Qwen_Qwen3-32B,32B,32.0,gsm8k_test_001079,13,thinking_minus_no_think_answer,-2.284113883972168,True,False
Qwen_Qwen3-32B,32B,32.0,gsm8k_test_001079,20,think_answer_minus_no_think_answer,0.14207744598388672,True,False
Qwen_Qwen3-32B,32B,32.0,gsm8k_test_001079,20,thinking_minus_think_answer,0.17292118072509766,True,False
Qwen_Qwen3-32B,32B,32.0,gsm8k_test_001079,20,thinking_minus_no_think_answer,0.3149986267089844,True,False
Qwen_Qwen3-32B,32B,32.0,gsm8k_test_001082,6,think_answer_minus_no_think_answer,-1.1378555297851562,True,True
Qwen_Qwen3-32B,32B,32.0,gsm8k_test_001082,6,thinking_minus_think_answer,9.885847091674805,True,True
Qwen_Qwen3-32B,32B,32.0,gsm8k_test_001082,6,thinking_minus_no_think_answer,8.747991561889648,True,True
Qwen_Qwen3-32B,32B,32.0,gsm8k_test_001082,13,think_answer_minus_no_think_answer,0.27739620208740234,True,True
Qwen_Qwen3-32B,32B,32.0,gsm8k_test_001082,13,thinking_minus_think_answer,0.337989807128908,True,True
Qwen_Qwen3-32B,32B,32.0,gsm8k_test_001082,13,thinking_minus_no_think_answer,0.6153860092163104,True,True
Qwen_Qwen3-32B,32B,32.0,gsm8k_test_001082,20,think_answer_minus_no_think_answer,0.6329097747802734,True,True
Qwen_Qwen3-32B,32B,32.0,gsm8k_test_001082,20,thinking_minus_think_answer,-0.2139902114868164,True,True
Qwen_Qwen3-32B,32B,32.0,gsm8k_test_001082,20,thinking_minus_no_think_answer,0.41891956329345703,True,True
Qwen_Qwen3-32B,32B,32.0,gsm8k_test_001088,6,think_answer_minus_no_think_answer,3.5742368698120135,True,False
Qwen_Qwen3-32B,32B,32.0,gsm8k_test_001088,6,thinking_minus_think_answer,-2.2296838760375977,True,False
Qwen_Qwen3-32B,32B,32.0,gsm8k_test_001088,6,thinking_minus_no_think_answer,1.3445529937744158,True,False
Qwen_Qwen3-32B,32B,32.0,gsm8k_test_001088,13,think_answer_minus_no_think_answer,3.853655815124508,True,False
Qwen_Qwen3-32B,32B,32.0,gsm8k_test_001088,13,thinking_minus_think_answer,-7.06227874755859,True,False
Qwen_Qwen3-32B,32B,32.0,gsm8k_test_001088,13,thinking_minus_no_think_answer,-3.208622932434082,True,False
Qwen_Qwen3-32B,32B,32.0,gsm8k_test_001088,20,think_answer_minus_no_think_answer,0.6081504821777344,True,False
Qwen_Qwen3-32B,32B,32.0,gsm8k_test_001088,20,thinking_minus_think_answer,-3.345026969909668,True,False
Qwen_Qwen3-32B,32B,32.0,gsm8k_test_001088,20,thinking_minus_no_think_answer,-2.7368764877319336,True,False
Qwen_Qwen3-32B,32B,32.0,gsm8k_test_001090,6,think_answer_minus_no_think_answer,3.735128402709959,True,True
Qwen_Qwen3-32B,32B,32.0,gsm8k_test_001090,6,thinking_minus_think_answer,3.3951683044433594,True,True
Qwen_Qwen3-32B,32B,32.0,gsm8k_test_001090,6,thinking_minus_no_think_answer,7.1302967071533185,True,True
Qwen_Qwen3-32B,32B,32.0,gsm8k_test_001090,13,think_answer_minus_no_think_answer,1.6296072006225604,True,True
Qwen_Qwen3-32B,32B,32.0,gsm8k_test_001090,13,thinking_minus_think_answer,-0.456489562988283,True,True
Qwen_Qwen3-32B,32B,32.0,gsm8k_test_001090,13,thinking_minus_no_think_answer,1.1731176376342773,True,True
Qwen_Qwen3-32B,32B,32.0,gsm8k_test_001090,20,think_answer_minus_no_think_answer,1.576045036315918,True,True
Qwen_Qwen3-32B,32B,32.0,gsm8k_test_001090,20,thinking_minus_think_answer,-0.19275569915771484,True,True
Qwen_Qwen3-32B,32B,32.0,gsm8k_test_001090,20,thinking_minus_no_think_answer,1.3832893371582031,True,True
Qwen_Qwen3-32B,32B,32.0,gsm8k_test_001094,6,think_answer_minus_no_think_answer,2.3863677978515625,True,True
Qwen_Qwen3-32B,32B,32.0,gsm8k_test_001094,6,thinking_minus_think_answer,-3.7986068725585938,True,True
Qwen_Qwen3-32B,32B,32.0,gsm8k_test_001094,6,thinking_minus_no_think_answer,-1.4122390747070312,True,True
Qwen_Qwen3-32B,32B,32.0,gsm8k_test_001094,13,think_answer_minus_no_think_answer,2.3560638427734375,True,True
Qwen_Qwen3-32B,32B,32.0,gsm8k_test_001094,13,thinking_minus_think_answer,-5.329091072082521,True,True
Qwen_Qwen3-32B,32B,32.0,gsm8k_test_001094,13,thinking_minus_no_think_answer,-2.973027229309084,True,True
Qwen_Qwen3-32B,32B,32.0,gsm8k_test_001094,20,think_answer_minus_no_think_answer,3.6704015731811523,True,True
Qwen_Qwen3-32B,32B,32.0,gsm8k_test_001094,20,thinking_minus_think_answer,-4.298745155334473,True,True
Qwen_Qwen3-32B,32B,32.0,gsm8k_test_001094,20,thinking_minus_no_think_answer,-0.6283435821533203,True,True
Qwen_Qwen3-32B,32B,32.0,gsm8k_test_001096,6,think_answer_minus_no_think_answer,-0.8539543151855469,True,True
Qwen_Qwen3-32B,32B,32.0,gsm8k_test_001096,6,thinking_minus_think_answer,2.9358921051025355,True,True
Qwen_Qwen3-32B,32B,32.0,gsm8k_test_001096,6,thinking_minus_no_think_answer,2.0819377899169886,True,True
Qwen_Qwen3-32B,32B,32.0,gsm8k_test_001096,13,think_answer_minus_no_think_answer,-0.10454177856445312,True,True
Qwen_Qwen3-32B,32B,32.0,gsm8k_test_001096,13,thinking_minus_think_answer,0.073397636413576,True,True
Qwen_Qwen3-32B,32B,32.0,gsm8k_test_001096,13,thinking_minus_no_think_answer,-0.03114414215087713,True,True
Qwen_Qwen3-32B,32B,32.0,gsm8k_test_001096,20,think_answer_minus_no_think_answer,0.08935928344726385,True,True
Qwen_Qwen3-32B,32B,32.0,gsm8k_test_001096,20,thinking_minus_think_answer,1.427296638488773,True,True
Qwen_Qwen3-32B,32B,32.0,gsm8k_test_001096,20,thinking_minus_no_think_answer,1.516655921936037,True,True
Qwen_Qwen3-32B,32B,32.0,gsm8k_test_001098,6,think_answer_minus_no_think_answer,-1.8283004760742188,True,True
Qwen_Qwen3-32B,32B,32.0,gsm8k_test_001098,6,thinking_minus_think_answer,-3.221104621887207,True,True
Qwen_Qwen3-32B,32B,32.0,gsm8k_test_001098,6,thinking_minus_no_think_answer,-5.049405097961426,True,True
Qwen_Qwen3-32B,32B,32.0,gsm8k_test_001098,13,think_answer_minus_no_think_answer,-0.41224098205566584,True,True
Qwen_Qwen3-32B,32B,32.0,gsm8k_test_001098,13,thinking_minus_think_answer,1.0600175857543963,True,True
Qwen_Qwen3-32B,32B,32.0,gsm8k_test_001098,13,thinking_minus_no_think_answer,0.6477766036987305,True,True
Qwen_Qwen3-32B,32B,32.0,gsm8k_test_001098,20,think_answer_minus_no_think_answer,-0.9784994125366229,True,True
Qwen_Qwen3-32B,32B,32.0,gsm8k_test_001098,20,thinking_minus_think_answer,1.0698261260986346,True,True
Qwen_Qwen3-32B,32B,32.0,gsm8k_test_001098,20,thinking_minus_no_think_answer,0.09132671356201172,True,True
Qwen_Qwen3-32B,32B,32.0,gsm8k_test_001106,6,think_answer_minus_no_think_answer,2.734086036682127,True,True
Qwen_Qwen3-32B,32B,32.0,gsm8k_test_001106,6,thinking_minus_think_answer,5.6272430419921875,True,True
Qwen_Qwen3-32B,32B,32.0,gsm8k_test_001106,6,thinking_minus_no_think_answer,8.361329078674315,True,True
Qwen_Qwen3-32B,32B,32.0,gsm8k_test_001106,13,think_answer_minus_no_think_answer,1.5046911239624023,True,True
Qwen_Qwen3-32B,32B,32.0,gsm8k_test_001106,13,thinking_minus_think_answer,0.852757453918457,True,True
Qwen_Qwen3-32B,32B,32.0,gsm8k_test_001106,13,thinking_minus_no_think_answer,2.3574485778808594,True,True
Qwen_Qwen3-32B,32B,32.0,gsm8k_test_001106,20,think_answer_minus_no_think_answer,0.21913909912109375,True,True
Qwen_Qwen3-32B,32B,32.0,gsm8k_test_001106,20,thinking_minus_think_answer,2.027329444885254,True,True
Qwen_Qwen3-32B,32B,32.0,gsm8k_test_001106,20,thinking_minus_no_think_answer,2.2464685440063477,True,True
Qwen_Qwen3-32B,32B,32.0,gsm8k_test_001108,6,think_answer_minus_no_think_answer,1.7984371185302734,True,True
Qwen_Qwen3-32B,32B,32.0,gsm8k_test_001108,6,thinking_minus_think_answer,6.370378494262695,True,True
Qwen_Qwen3-32B,32B,32.0,gsm8k_test_001108,6,thinking_minus_no_think_answer,8.168815612792969,True,True
Qwen_Qwen3-32B,32B,32.0,gsm8k_test_001108,13,think_answer_minus_no_think_answer,-0.5298585891723615,True,True
Qwen_Qwen3-32B,32B,32.0,gsm8k_test_001108,13,thinking_minus_think_answer,5.217015266418457,True,True
Qwen_Qwen3-32B,32B,32.0,gsm8k_test_001108,13,thinking_minus_no_think_answer,4.6871566772460955,True,True
Qwen_Qwen3-32B,32B,32.0,gsm8k_test_001108,20,think_answer_minus_no_think_answer,-0.3513374328613281,True,True
Qwen_Qwen3-32B,32B,32.0,gsm8k_test_001108,20,thinking_minus_think_answer,4.253287315368652,True,True
Qwen_Qwen3-32B,32B,32.0,gsm8k_test_001108,20,thinking_minus_no_think_answer,3.901949882507324,True,True
Qwen_Qwen3-32B,32B,32.0,gsm8k_test_001123,6,think_answer_minus_no_think_answer,-0.3227453231811541,True,True
Qwen_Qwen3-32B,32B,32.0,gsm8k_test_001123,6,thinking_minus_think_answer,1.8729772567749023,True,True
Qwen_Qwen3-32B,32B,32.0,gsm8k_test_001123,6,thinking_minus_no_think_answer,1.5502319335937482,True,True
Qwen_Qwen3-32B,32B,32.0,gsm8k_test_001123,13,think_answer_minus_no_think_answer,0.30186843872070135,True,True
Qwen_Qwen3-32B,32B,32.0,gsm8k_test_001123,13,thinking_minus_think_answer,-1.6707391738891602,True,True
Qwen_Qwen3-32B,32B,32.0,gsm8k_test_001123,13,thinking_minus_no_think_answer,-1.3688707351684588,True,True
Qwen_Qwen3-32B,32B,32.0,gsm8k_test_001123,20,think_answer_minus_no_think_answer,1.837389945983885,True,True
Qwen_Qwen3-32B,32B,32.0,gsm8k_test_001123,20,thinking_minus_think_answer,-1.5646390914916974,True,True
Qwen_Qwen3-32B,32B,32.0,gsm8k_test_001123,20,thinking_minus_no_think_answer,0.2727508544921875,True,True
Qwen_Qwen3-32B,32B,32.0,gsm8k_test_001136,6,think_answer_minus_no_think_answer,0.3025989532470703,True,False
Qwen_Qwen3-32B,32B,32.0,gsm8k_test_001136,6,thinking_minus_think_answer,1.6769275665283203,True,False
Qwen_Qwen3-32B,32B,32.0,gsm8k_test_001136,6,thinking_minus_no_think_answer,1.9795265197753906,True,False
Qwen_Qwen3-32B,32B,32.0,gsm8k_test_001136,13,think_answer_minus_no_think_answer,-1.540818214416504,True,False
Qwen_Qwen3-32B,32B,32.0,gsm8k_test_001136,13,thinking_minus_think_answer,1.6251430511474627,True,False
Qwen_Qwen3-32B,32B,32.0,gsm8k_test_001136,13,thinking_minus_no_think_answer,0.08432483673095881,True,False
Qwen_Qwen3-32B,32B,32.0,gsm8k_test_001136,20,think_answer_minus_no_think_answer,0.4001007080078125,True,False
Qwen_Qwen3-32B,32B,32.0,gsm8k_test_001136,20,thinking_minus_think_answer,-0.06208896636963068,True,False
Qwen_Qwen3-32B,32B,32.0,gsm8k_test_001136,20,thinking_minus_no_think_answer,0.3380117416381818,True,False
Qwen_Qwen3-32B,32B,32.0,gsm8k_test_001144,6,think_answer_minus_no_think_answer,0.6479129791259766,True,False
Qwen_Qwen3-32B,32B,32.0,gsm8k_test_001144,6,thinking_minus_think_answer,3.303068161010742,True,False
Qwen_Qwen3-32B,32B,32.0,gsm8k_test_001144,6,thinking_minus_no_think_answer,3.9509811401367188,True,False
Qwen_Qwen3-32B,32B,32.0,gsm8k_test_001144,13,think_answer_minus_no_think_answer,0.34542274475097656,True,False
Qwen_Qwen3-32B,32B,32.0,gsm8k_test_001144,13,thinking_minus_think_answer,1.3273200988769513,True,False
Qwen_Qwen3-32B,32B,32.0,gsm8k_test_001144,13,thinking_minus_no_think_answer,1.672742843627928,True,False
Qwen_Qwen3-32B,32B,32.0,gsm8k_test_001144,20,think_answer_minus_no_think_answer,1.4950113296508807,True,False
Qwen_Qwen3-32B,32B,32.0,gsm8k_test_001144,20,thinking_minus_think_answer,0.7042579650878924,True,False
Qwen_Qwen3-32B,32B,32.0,gsm8k_test_001144,20,thinking_minus_no_think_answer,2.199269294738773,True,False
Qwen_Qwen3-32B,32B,32.0,gsm8k_test_001145,6,think_answer_minus_no_think_answer,1.0967693328857386,True,False
Qwen_Qwen3-32B,32B,32.0,gsm8k_test_001145,6,thinking_minus_think_answer,-7.119829177856442,True,False
Qwen_Qwen3-32B,32B,32.0,gsm8k_test_001145,6,thinking_minus_no_think_answer,-6.023059844970703,True,False
Qwen_Qwen3-32B,32B,32.0,gsm8k_test_001145,13,think_answer_minus_no_think_answer,0.6320972442626953,True,False
Qwen_Qwen3-32B,32B,32.0,gsm8k_test_001145,13,thinking_minus_think_answer,-5.300551414489746,True,False
Qwen_Qwen3-32B,32B,32.0,gsm8k_test_001145,13,thinking_minus_no_think_answer,-4.668454170227051,True,False
Qwen_Qwen3-32B,32B,32.0,gsm8k_test_001145,20,think_answer_minus_no_think_answer,1.9126091003417969,True,False
Qwen_Qwen3-32B,32B,32.0,gsm8k_test_001145,20,thinking_minus_think_answer,-3.2476301193237305,True,False
Qwen_Qwen3-32B,32B,32.0,gsm8k_test_001145,20,thinking_minus_no_think_answer,-1.3350210189819336,True,False
Qwen_Qwen3-32B,32B,32.0,gsm8k_test_001161,6,think_answer_minus_no_think_answer,-1.0553178787231428,False,False
Qwen_Qwen3-32B,32B,32.0,gsm8k_test_001161,6,thinking_minus_think_answer,1.5914764404296875,False,False
Qwen_Qwen3-32B,32B,32.0,gsm8k_test_001161,6,thinking_minus_no_think_answer,0.5361585617065447,False,False
Qwen_Qwen3-32B,32B,32.0,gsm8k_test_001161,13,think_answer_minus_no_think_answer,-1.4824390411376935,False,False
Qwen_Qwen3-32B,32B,32.0,gsm8k_test_001161,13,thinking_minus_think_answer,0.31500434875488104,False,False
Qwen_Qwen3-32B,32B,32.0,gsm8k_test_001161,13,thinking_minus_no_think_answer,-1.1674346923828125,False,False
Qwen_Qwen3-32B,32B,32.0,gsm8k_test_001161,20,think_answer_minus_no_think_answer,0.05646038055419744,False,False
Qwen_Qwen3-32B,32B,32.0,gsm8k_test_001161,20,thinking_minus_think_answer,-1.0629615783691388,False,False
Qwen_Qwen3-32B,32B,32.0,gsm8k_test_001161,20,thinking_minus_no_think_answer,-1.0065011978149414,False,False
Qwen_Qwen3-32B,32B,32.0,gsm8k_test_001164,6,think_answer_minus_no_think_answer,-0.881657600402832,True,False
Qwen_Qwen3-32B,32B,32.0,gsm8k_test_001164,6,thinking_minus_think_answer,9.86623764038086,True,False
Qwen_Qwen3-32B,32B,32.0,gsm8k_test_001164,6,thinking_minus_no_think_answer,8.984580039978027,True,False
Qwen_Qwen3-32B,32B,32.0,gsm8k_test_001164,13,think_answer_minus_no_think_answer,-0.8342800140380859,True,False
Qwen_Qwen3-32B,32B,32.0,gsm8k_test_001164,13,thinking_minus_think_answer,1.0809106826782209,True,False
Qwen_Qwen3-32B,32B,32.0,gsm8k_test_001164,13,thinking_minus_no_think_answer,0.24663066864013494,True,False
Qwen_Qwen3-32B,32B,32.0,gsm8k_test_001164,20,think_answer_minus_no_think_answer,-0.19783687591552557,True,False
Qwen_Qwen3-32B,32B,32.0,gsm8k_test_001164,20,thinking_minus_think_answer,3.245229721069336,True,False
Qwen_Qwen3-32B,32B,32.0,gsm8k_test_001164,20,thinking_minus_no_think_answer,3.0473928451538104,True,False
Qwen_Qwen3-32B,32B,32.0,gsm8k_test_001165,6,think_answer_minus_no_think_answer,1.0785036087036115,True,False
Qwen_Qwen3-32B,32B,32.0,gsm8k_test_001165,6,thinking_minus_think_answer,-0.2920217514038068,True,False
Qwen_Qwen3-32B,32B,32.0,gsm8k_test_001165,6,thinking_minus_no_think_answer,0.7864818572998047,True,False
Qwen_Qwen3-32B,32B,32.0,gsm8k_test_001165,13,think_answer_minus_no_think_answer,-0.16658973693847656,True,False
Qwen_Qwen3-32B,32B,32.0,gsm8k_test_001165,13,thinking_minus_think_answer,-3.1297645568847656,True,False
Qwen_Qwen3-32B,32B,32.0,gsm8k_test_001165,13,thinking_minus_no_think_answer,-3.296354293823242,True,False
Qwen_Qwen3-32B,32B,32.0,gsm8k_test_001165,20,think_answer_minus_no_think_answer,0.848574638366701,True,False
Qwen_Qwen3-32B,32B,32.0,gsm8k_test_001165,20,thinking_minus_think_answer,0.5997247695922834,True,False
Qwen_Qwen3-32B,32B,32.0,gsm8k_test_001165,20,thinking_minus_no_think_answer,1.4482994079589844,True,False
Qwen_Qwen3-32B,32B,32.0,gsm8k_test_001178,6,think_answer_minus_no_think_answer,2.2984352111816406,True,True
Qwen_Qwen3-32B,32B,32.0,gsm8k_test_001178,6,thinking_minus_think_answer,2.5848979949951207,True,True
Qwen_Qwen3-32B,32B,32.0,gsm8k_test_001178,6,thinking_minus_no_think_answer,4.883333206176761,True,True
Qwen_Qwen3-32B,32B,32.0,gsm8k_test_001178,13,think_answer_minus_no_think_answer,-0.31166934967041016,True,True
Qwen_Qwen3-32B,32B,32.0,gsm8k_test_001178,13,thinking_minus_think_answer,2.8362531661987305,True,True
Qwen_Qwen3-32B,32B,32.0,gsm8k_test_001178,13,thinking_minus_no_think_answer,2.5245838165283203,True,True
Qwen_Qwen3-32B,32B,32.0,gsm8k_test_001178,20,think_answer_minus_no_think_answer,-1.23876953125,True,True
Qwen_Qwen3-32B,32B,32.0,gsm8k_test_001178,20,thinking_minus_think_answer,4.108827590942385,True,True
Qwen_Qwen3-32B,32B,32.0,gsm8k_test_001178,20,thinking_minus_no_think_answer,2.8700580596923846,True,True
Qwen_Qwen3-32B,32B,32.0,gsm8k_test_001181,6,think_answer_minus_no_think_answer,4.555273056030273,True,False
Qwen_Qwen3-32B,32B,32.0,gsm8k_test_001181,6,thinking_minus_think_answer,-6.472681999206543,True,False
Qwen_Qwen3-32B,32B,32.0,gsm8k_test_001181,6,thinking_minus_no_think_answer,-1.9174089431762695,True,False
Qwen_Qwen3-32B,32B,32.0,gsm8k_test_001181,13,think_answer_minus_no_think_answer,1.8211364746093732,True,False
Qwen_Qwen3-32B,32B,32.0,gsm8k_test_001181,13,thinking_minus_think_answer,-2.047801017761227,True,False
Qwen_Qwen3-32B,32B,32.0,gsm8k_test_001181,13,thinking_minus_no_think_answer,-0.2266645431518537,True,False
Qwen_Qwen3-32B,32B,32.0,gsm8k_test_001181,20,think_answer_minus_no_think_answer,0.48639678955078125,True,False
Qwen_Qwen3-32B,32B,32.0,gsm8k_test_001181,20,thinking_minus_think_answer,0.4109563827514666,True,False
Qwen_Qwen3-32B,32B,32.0,gsm8k_test_001181,20,thinking_minus_no_think_answer,0.8973531723022479,True,False
Qwen_Qwen3-32B,32B,32.0,gsm8k_test_001182,6,think_answer_minus_no_think_answer,-1.0164947509765607,True,False
Qwen_Qwen3-32B,32B,32.0,gsm8k_test_001182,6,thinking_minus_think_answer,1.0205821990966797,True,False
Qwen_Qwen3-32B,32B,32.0,gsm8k_test_001182,6,thinking_minus_no_think_answer,0.004087448120118964,True,False
Qwen_Qwen3-32B,32B,32.0,gsm8k_test_001182,13,think_answer_minus_no_think_answer,-0.31276512145995916,True,False
Qwen_Qwen3-32B,32B,32.0,gsm8k_test_001182,13,thinking_minus_think_answer,-0.5978927612304688,True,False
Qwen_Qwen3-32B,32B,32.0,gsm8k_test_001182,13,thinking_minus_no_think_answer,-0.9106578826904279,True,False
Qwen_Qwen3-32B,32B,32.0,gsm8k_test_001182,20,think_answer_minus_no_think_answer,-0.6356992721557617,True,False
Qwen_Qwen3-32B,32B,32.0,gsm8k_test_001182,20,thinking_minus_think_answer,1.7061395645141584,True,False
Qwen_Qwen3-32B,32B,32.0,gsm8k_test_001182,20,thinking_minus_no_think_answer,1.0704402923583967,True,False
Qwen_Qwen3-32B,32B,32.0,gsm8k_test_001183,6,think_answer_minus_no_think_answer,3.928457260131836,True,False
Qwen_Qwen3-32B,32B,32.0,gsm8k_test_001183,6,thinking_minus_think_answer,0.7999172210693359,True,False
Qwen_Qwen3-32B,32B,32.0,gsm8k_test_001183,6,thinking_minus_no_think_answer,4.728374481201172,True,False
Qwen_Qwen3-32B,32B,32.0,gsm8k_test_001183,13,think_answer_minus_no_think_answer,0.5637941360473651,True,False
Qwen_Qwen3-32B,32B,32.0,gsm8k_test_001183,13,thinking_minus_think_answer,-2.524415969848633,True,False
Qwen_Qwen3-32B,32B,32.0,gsm8k_test_001183,13,thinking_minus_no_think_answer,-1.9606218338012678,True,False
Qwen_Qwen3-32B,32B,32.0,gsm8k_test_001183,20,think_answer_minus_no_think_answer,1.0701999664306623,True,False
Qwen_Qwen3-32B,32B,32.0,gsm8k_test_001183,20,thinking_minus_think_answer,-1.5310258865356428,True,False
Qwen_Qwen3-32B,32B,32.0,gsm8k_test_001183,20,thinking_minus_no_think_answer,-0.46082592010498047,True,False
Qwen_Qwen3-32B,32B,32.0,gsm8k_test_001186,6,think_answer_minus_no_think_answer,2.4347915649414062,True,True
Qwen_Qwen3-32B,32B,32.0,gsm8k_test_001186,6,thinking_minus_think_answer,3.7384109497070312,True,True
Qwen_Qwen3-32B,32B,32.0,gsm8k_test_001186,6,thinking_minus_no_think_answer,6.1732025146484375,True,True
Qwen_Qwen3-32B,32B,32.0,gsm8k_test_001186,13,think_answer_minus_no_think_answer,1.1111011505126953,True,True
Qwen_Qwen3-32B,32B,32.0,gsm8k_test_001186,13,thinking_minus_think_answer,-2.246976852416992,True,True
Qwen_Qwen3-32B,32B,32.0,gsm8k_test_001186,13,thinking_minus_no_think_answer,-1.1358757019042969,True,True
Qwen_Qwen3-32B,32B,32.0,gsm8k_test_001186,20,think_answer_minus_no_think_answer,-0.29627418518066406,True,True
Qwen_Qwen3-32B,32B,32.0,gsm8k_test_001186,20,thinking_minus_think_answer,1.4267892837524414,True,True
Qwen_Qwen3-32B,32B,32.0,gsm8k_test_001186,20,thinking_minus_no_think_answer,1.1305150985717773,True,True
Qwen_Qwen3-32B,32B,32.0,gsm8k_test_001188,6,think_answer_minus_no_think_answer,7.202329635620119,True,False
Qwen_Qwen3-32B,32B,32.0,gsm8k_test_001188,6,thinking_minus_think_answer,-8.574413299560547,True,False
Qwen_Qwen3-32B,32B,32.0,gsm8k_test_001188,6,thinking_minus_no_think_answer,-1.372083663940428,True,False
Qwen_Qwen3-32B,32B,32.0,gsm8k_test_001188,13,think_answer_minus_no_think_answer,2.8935985565185565,True,False
Qwen_Qwen3-32B,32B,32.0,gsm8k_test_001188,13,thinking_minus_think_answer,-4.660417556762697,True,False
Qwen_Qwen3-32B,32B,32.0,gsm8k_test_001188,13,thinking_minus_no_think_answer,-1.7668190002441406,True,False
Qwen_Qwen3-32B,32B,32.0,gsm8k_test_001188,20,think_answer_minus_no_think_answer,3.3826141357421875,True,False
Qwen_Qwen3-32B,32B,32.0,gsm8k_test_001188,20,thinking_minus_think_answer,-3.803004264831543,True,False
Qwen_Qwen3-32B,32B,32.0,gsm8k_test_001188,20,thinking_minus_no_think_answer,-0.42039012908935547,True,False
Qwen_Qwen3-32B,32B,32.0,gsm8k_test_001191,6,think_answer_minus_no_think_answer,3.349928855895996,True,True
Qwen_Qwen3-32B,32B,32.0,gsm8k_test_001191,6,thinking_minus_think_answer,2.9162654876708984,True,True
Qwen_Qwen3-32B,32B,32.0,gsm8k_test_001191,6,thinking_minus_no_think_answer,6.2661943435668945,True,True
Qwen_Qwen3-32B,32B,32.0,gsm8k_test_001191,13,think_answer_minus_no_think_answer,1.1036691665649396,True,True
Qwen_Qwen3-32B,32B,32.0,gsm8k_test_001191,13,thinking_minus_think_answer,0.1166572570800799,True,True
Qwen_Qwen3-32B,32B,32.0,gsm8k_test_001191,13,thinking_minus_no_think_answer,1.2203264236450195,True,True
Qwen_Qwen3-32B,32B,32.0,gsm8k_test_001191,20,think_answer_minus_no_think_answer,3.0977344512939453,True,True
Qwen_Qwen3-32B,32B,32.0,gsm8k_test_001191,20,thinking_minus_think_answer,-0.9480810165405273,True,True
Qwen_Qwen3-32B,32B,32.0,gsm8k_test_001191,20,thinking_minus_no_think_answer,2.149653434753418,True,True
Qwen_Qwen3-32B,32B,32.0,gsm8k_test_001201,6,think_answer_minus_no_think_answer,-1.7874021530151385,True,False
Qwen_Qwen3-32B,32B,32.0,gsm8k_test_001201,6,thinking_minus_think_answer,6.109373092651367,True,False
Qwen_Qwen3-32B,32B,32.0,gsm8k_test_001201,6,thinking_minus_no_think_answer,4.321970939636229,True,False
Qwen_Qwen3-32B,32B,32.0,gsm8k_test_001201,13,think_answer_minus_no_think_answer,-0.4769573211669922,True,False
Qwen_Qwen3-32B,32B,32.0,gsm8k_test_001201,13,thinking_minus_think_answer,1.8142023086547852,True,False
Qwen_Qwen3-32B,32B,32.0,gsm8k_test_001201,13,thinking_minus_no_think_answer,1.337244987487793,True,False
Qwen_Qwen3-32B,32B,32.0,gsm8k_test_001201,20,think_answer_minus_no_think_answer,-0.13246154785156072,True,False
Qwen_Qwen3-32B,32B,32.0,gsm8k_test_001201,20,thinking_minus_think_answer,1.6487941741943377,True,False
Qwen_Qwen3-32B,32B,32.0,gsm8k_test_001201,20,thinking_minus_no_think_answer,1.516332626342777,True,False
Qwen_Qwen3-32B,32B,32.0,gsm8k_test_001208,6,think_answer_minus_no_think_answer,1.600977897644043,True,False
Qwen_Qwen3-32B,32B,32.0,gsm8k_test_001208,6,thinking_minus_think_answer,2.8327713012695312,True,False
Qwen_Qwen3-32B,32B,32.0,gsm8k_test_001208,6,thinking_minus_no_think_answer,4.433749198913574,True,False
Qwen_Qwen3-32B,32B,32.0,gsm8k_test_001208,13,think_answer_minus_no_think_answer,-0.5638828277587908,True,False
Qwen_Qwen3-32B,32B,32.0,gsm8k_test_001208,13,thinking_minus_think_answer,0.5949888229370117,True,False
Qwen_Qwen3-32B,32B,32.0,gsm8k_test_001208,13,thinking_minus_no_think_answer,0.03110599517822088,True,False
Qwen_Qwen3-32B,32B,32.0,gsm8k_test_001208,20,think_answer_minus_no_think_answer,-0.17294692993163885,True,False
Qwen_Qwen3-32B,32B,32.0,gsm8k_test_001208,20,thinking_minus_think_answer,1.521550178527832,True,False
Qwen_Qwen3-32B,32B,32.0,gsm8k_test_001208,20,thinking_minus_no_think_answer,1.3486032485961932,True,False
Qwen_Qwen3-32B,32B,32.0,gsm8k_test_001209,6,think_answer_minus_no_think_answer,-0.623016357421875,True,True
Qwen_Qwen3-32B,32B,32.0,gsm8k_test_001209,6,thinking_minus_think_answer,12.87650203704834,True,True
Qwen_Qwen3-32B,32B,32.0,gsm8k_test_001209,6,thinking_minus_no_think_answer,12.253485679626465,True,True
Qwen_Qwen3-32B,32B,32.0,gsm8k_test_001209,13,think_answer_minus_no_think_answer,3.7025747299194336,True,True
Qwen_Qwen3-32B,32B,32.0,gsm8k_test_001209,13,thinking_minus_think_answer,-0.48954200744628906,True,True
Qwen_Qwen3-32B,32B,32.0,gsm8k_test_001209,13,thinking_minus_no_think_answer,3.2130327224731445,True,True
Qwen_Qwen3-32B,32B,32.0,gsm8k_test_001209,20,think_answer_minus_no_think_answer,2.9695091247558594,True,True
Qwen_Qwen3-32B,32B,32.0,gsm8k_test_001209,20,thinking_minus_think_answer,1.1704654693603516,True,True
Qwen_Qwen3-32B,32B,32.0,gsm8k_test_001209,20,thinking_minus_no_think_answer,4.139974594116211,True,True
Qwen_Qwen3-32B,32B,32.0,gsm8k_test_001221,6,think_answer_minus_no_think_answer,0.6196804046630859,True,True
Qwen_Qwen3-32B,32B,32.0,gsm8k_test_001221,6,thinking_minus_think_answer,8.837386131286621,True,True
Qwen_Qwen3-32B,32B,32.0,gsm8k_test_001221,6,thinking_minus_no_think_answer,9.457066535949707,True,True
Qwen_Qwen3-32B,32B,32.0,gsm8k_test_001221,13,think_answer_minus_no_think_answer,0.4741230010986346,True,True
Qwen_Qwen3-32B,32B,32.0,gsm8k_test_001221,13,thinking_minus_think_answer,1.9131155014038086,True,True
Qwen_Qwen3-32B,32B,32.0,gsm8k_test_001221,13,thinking_minus_no_think_answer,2.387238502502443,True,True
Qwen_Qwen3-32B,32B,32.0,gsm8k_test_001221,20,think_answer_minus_no_think_answer,1.103282928466795,True,True
Qwen_Qwen3-32B,32B,32.0,gsm8k_test_001221,20,thinking_minus_think_answer,-0.32433414459228516,True,True
Qwen_Qwen3-32B,32B,32.0,gsm8k_test_001221,20,thinking_minus_no_think_answer,0.7789487838745099,True,True
Qwen_Qwen3-32B,32B,32.0,gsm8k_test_001225,6,think_answer_minus_no_think_answer,1.7312355041503906,True,False
Qwen_Qwen3-32B,32B,32.0,gsm8k_test_001225,6,thinking_minus_think_answer,-2.0104942321777344,True,False
Qwen_Qwen3-32B,32B,32.0,gsm8k_test_001225,6,thinking_minus_no_think_answer,-0.27925872802734375,True,False
Qwen_Qwen3-32B,32B,32.0,gsm8k_test_001225,13,think_answer_minus_no_think_answer,1.7802143096923828,True,False
Qwen_Qwen3-32B,32B,32.0,gsm8k_test_001225,13,thinking_minus_think_answer,-1.154646873474121,True,False
Qwen_Qwen3-32B,32B,32.0,gsm8k_test_001225,13,thinking_minus_no_think_answer,0.6255674362182617,True,False
Qwen_Qwen3-32B,32B,32.0,gsm8k_test_001225,20,think_answer_minus_no_think_answer,0.893946647644043,True,False
Qwen_Qwen3-32B,32B,32.0,gsm8k_test_001225,20,thinking_minus_think_answer,1.5628538131713867,True,False
Qwen_Qwen3-32B,32B,32.0,gsm8k_test_001225,20,thinking_minus_no_think_answer,2.4568004608154297,True,False
Qwen_Qwen3-32B,32B,32.0,gsm8k_test_001232,6,think_answer_minus_no_think_answer,0.7643699645996112,True,True
Qwen_Qwen3-32B,32B,32.0,gsm8k_test_001232,6,thinking_minus_think_answer,7.491328239440916,True,True
Qwen_Qwen3-32B,32B,32.0,gsm8k_test_001232,6,thinking_minus_no_think_answer,8.255698204040527,True,True
Qwen_Qwen3-32B,32B,32.0,gsm8k_test_001232,13,think_answer_minus_no_think_answer,0.6922712326049822,True,True
Qwen_Qwen3-32B,32B,32.0,gsm8k_test_001232,13,thinking_minus_think_answer,0.3254861831665039,True,True
Qwen_Qwen3-32B,32B,32.0,gsm8k_test_001232,13,thinking_minus_no_think_answer,1.0177574157714862,True,True
Qwen_Qwen3-32B,32B,32.0,gsm8k_test_001232,20,think_answer_minus_no_think_answer,0.08982467651367188,True,True
Qwen_Qwen3-32B,32B,32.0,gsm8k_test_001232,20,thinking_minus_think_answer,0.5778350830078143,True,True
Qwen_Qwen3-32B,32B,32.0,gsm8k_test_001232,20,thinking_minus_no_think_answer,0.6676597595214862,True,True
Qwen_Qwen3-32B,32B,32.0,gsm8k_test_001246,6,think_answer_minus_no_think_answer,0.7046985626220668,True,True
Qwen_Qwen3-32B,32B,32.0,gsm8k_test_001246,6,thinking_minus_think_answer,8.286990165710447,True,True
Qwen_Qwen3-32B,32B,32.0,gsm8k_test_001246,6,thinking_minus_no_think_answer,8.991688728332514,True,True
Qwen_Qwen3-32B,32B,32.0,gsm8k_test_001246,13,think_answer_minus_no_think_answer,-1.0919389724731445,True,True
Qwen_Qwen3-32B,32B,32.0,gsm8k_test_001246,13,thinking_minus_think_answer,2.143071174621582,True,True
Qwen_Qwen3-32B,32B,32.0,gsm8k_test_001246,13,thinking_minus_no_think_answer,1.0511322021484375,True,True
Qwen_Qwen3-32B,32B,32.0,gsm8k_test_001246,20,think_answer_minus_no_think_answer,-0.6922311782836914,True,True
Qwen_Qwen3-32B,32B,32.0,gsm8k_test_001246,20,thinking_minus_think_answer,3.3381052017211914,True,True
Qwen_Qwen3-32B,32B,32.0,gsm8k_test_001246,20,thinking_minus_no_think_answer,2.6458740234375,True,True
Qwen_Qwen3-32B,32B,32.0,gsm8k_test_001247,6,think_answer_minus_no_think_answer,-3.0346546173095703,True,False
Qwen_Qwen3-32B,32B,32.0,gsm8k_test_001247,6,thinking_minus_think_answer,4.250326156616211,True,False
Qwen_Qwen3-32B,32B,32.0,gsm8k_test_001247,6,thinking_minus_no_think_answer,1.2156715393066406,True,False
Qwen_Qwen3-32B,32B,32.0,gsm8k_test_001247,13,think_answer_minus_no_think_answer,-0.023681640625,True,False
Qwen_Qwen3-32B,32B,32.0,gsm8k_test_001247,13,thinking_minus_think_answer,-0.2531070709228498,True,False
Qwen_Qwen3-32B,32B,32.0,gsm8k_test_001247,13,thinking_minus_no_think_answer,-0.2767887115478498,True,False
Qwen_Qwen3-32B,32B,32.0,gsm8k_test_001247,20,think_answer_minus_no_think_answer,1.4623813629150373,True,False
Qwen_Qwen3-32B,32B,32.0,gsm8k_test_001247,20,thinking_minus_think_answer,-0.27414703369140625,True,False
Qwen_Qwen3-32B,32B,32.0,gsm8k_test_001247,20,thinking_minus_no_think_answer,1.188234329223631,True,False
Qwen_Qwen3-32B,32B,32.0,gsm8k_test_001251,6,think_answer_minus_no_think_answer,3.1270694732666016,False,False
Qwen_Qwen3-32B,32B,32.0,gsm8k_test_001251,6,thinking_minus_think_answer,-1.6450738906860352,False,False
Qwen_Qwen3-32B,32B,32.0,gsm8k_test_001251,6,thinking_minus_no_think_answer,1.4819955825805664,False,False
Qwen_Qwen3-32B,32B,32.0,gsm8k_test_001251,13,think_answer_minus_no_think_answer,1.308964729309082,False,False
Qwen_Qwen3-32B,32B,32.0,gsm8k_test_001251,13,thinking_minus_think_answer,-3.9557933807373047,False,False
Qwen_Qwen3-32B,32B,32.0,gsm8k_test_001251,13,thinking_minus_no_think_answer,-2.6468286514282227,False,False
Qwen_Qwen3-32B,32B,32.0,gsm8k_test_001251,20,think_answer_minus_no_think_answer,1.7938318252563459,False,False
Qwen_Qwen3-32B,32B,32.0,gsm8k_test_001251,20,thinking_minus_think_answer,-3.2615909576416016,False,False
Qwen_Qwen3-32B,32B,32.0,gsm8k_test_001251,20,thinking_minus_no_think_answer,-1.4677591323852557,False,False
Qwen_Qwen3-32B,32B,32.0,gsm8k_test_001253,6,think_answer_minus_no_think_answer,-0.46185302734375,True,True
Qwen_Qwen3-32B,32B,32.0,gsm8k_test_001253,6,thinking_minus_think_answer,5.687290191650391,True,True
Qwen_Qwen3-32B,32B,32.0,gsm8k_test_001253,6,thinking_minus_no_think_answer,5.225437164306641,True,True
Qwen_Qwen3-32B,32B,32.0,gsm8k_test_001253,13,think_answer_minus_no_think_answer,1.9242591857910156,True,True
Qwen_Qwen3-32B,32B,32.0,gsm8k_test_001253,13,thinking_minus_think_answer,-0.055850982666015625,True,True
Qwen_Qwen3-32B,32B,32.0,gsm8k_test_001253,13,thinking_minus_no_think_answer,1.868408203125,True,True
Qwen_Qwen3-32B,32B,32.0,gsm8k_test_001253,20,think_answer_minus_no_think_answer,-1.1394090652465838,True,True
Qwen_Qwen3-32B,32B,32.0,gsm8k_test_001253,20,thinking_minus_think_answer,2.2358608245849627,True,True
Qwen_Qwen3-32B,32B,32.0,gsm8k_test_001253,20,thinking_minus_no_think_answer,1.096451759338379,True,True
Qwen_Qwen3-32B,32B,32.0,gsm8k_test_001255,6,think_answer_minus_no_think_answer,1.2679405212402344,True,True
Qwen_Qwen3-32B,32B,32.0,gsm8k_test_001255,6,thinking_minus_think_answer,7.867087364196777,True,True
Qwen_Qwen3-32B,32B,32.0,gsm8k_test_001255,6,thinking_minus_no_think_answer,9.135027885437012,True,True
Qwen_Qwen3-32B,32B,32.0,gsm8k_test_001255,13,think_answer_minus_no_think_answer,2.0939369201660156,True,True
Qwen_Qwen3-32B,32B,32.0,gsm8k_test_001255,13,thinking_minus_think_answer,-0.3325004577636719,True,True
Qwen_Qwen3-32B,32B,32.0,gsm8k_test_001255,13,thinking_minus_no_think_answer,1.7614364624023438,True,True
Qwen_Qwen3-32B,32B,32.0,gsm8k_test_001255,20,think_answer_minus_no_think_answer,0.44183158874511896,True,True
Qwen_Qwen3-32B,32B,32.0,gsm8k_test_001255,20,thinking_minus_think_answer,1.3472690582275373,True,True
Qwen_Qwen3-32B,32B,32.0,gsm8k_test_001255,20,thinking_minus_no_think_answer,1.7891006469726562,True,True
Qwen_Qwen3-32B,32B,32.0,gsm8k_test_001263,6,think_answer_minus_no_think_answer,0.19988059997558416,True,False
Qwen_Qwen3-32B,32B,32.0,gsm8k_test_001263,6,thinking_minus_think_answer,1.0160837173461932,True,False
Qwen_Qwen3-32B,32B,32.0,gsm8k_test_001263,6,thinking_minus_no_think_answer,1.2159643173217773,True,False
Qwen_Qwen3-32B,32B,32.0,gsm8k_test_001263,13,think_answer_minus_no_think_answer,2.1498537063598633,True,False
Qwen_Qwen3-32B,32B,32.0,gsm8k_test_001263,13,thinking_minus_think_answer,-1.4710464477539062,True,False
Qwen_Qwen3-32B,32B,32.0,gsm8k_test_001263,13,thinking_minus_no_think_answer,0.678807258605957,True,False
Qwen_Qwen3-32B,32B,32.0,gsm8k_test_001263,20,think_answer_minus_no_think_answer,0.1368551254272461,True,False
Qwen_Qwen3-32B,32B,32.0,gsm8k_test_001263,20,thinking_minus_think_answer,0.31345176696777344,True,False
Qwen_Qwen3-32B,32B,32.0,gsm8k_test_001263,20,thinking_minus_no_think_answer,0.45030689239501953,True,False
Qwen_Qwen3-32B,32B,32.0,gsm8k_test_001271,6,think_answer_minus_no_think_answer,2.835498809814453,True,False
Qwen_Qwen3-32B,32B,32.0,gsm8k_test_001271,6,thinking_minus_think_answer,1.634552001953125,True,False
Qwen_Qwen3-32B,32B,32.0,gsm8k_test_001271,6,thinking_minus_no_think_answer,4.470050811767578,True,False
Qwen_Qwen3-32B,32B,32.0,gsm8k_test_001271,13,think_answer_minus_no_think_answer,2.2630090713500977,True,False
Qwen_Qwen3-32B,32B,32.0,gsm8k_test_001271,13,thinking_minus_think_answer,-1.2524347305297852,True,False
Qwen_Qwen3-32B,32B,32.0,gsm8k_test_001271,13,thinking_minus_no_think_answer,1.0105743408203125,True,False
Qwen_Qwen3-32B,32B,32.0,gsm8k_test_001271,20,think_answer_minus_no_think_answer,1.4735774993896484,True,False
Qwen_Qwen3-32B,32B,32.0,gsm8k_test_001271,20,thinking_minus_think_answer,0.38408756256103516,True,False
Qwen_Qwen3-32B,32B,32.0,gsm8k_test_001271,20,thinking_minus_no_think_answer,1.8576650619506836,True,False
Qwen_Qwen3-32B,32B,32.0,gsm8k_test_001275,6,think_answer_minus_no_think_answer,3.3985834121704084,True,True
Qwen_Qwen3-32B,32B,32.0,gsm8k_test_001275,6,thinking_minus_think_answer,-0.00477790832519176,True,True
Qwen_Qwen3-32B,32B,32.0,gsm8k_test_001275,6,thinking_minus_no_think_answer,3.3938055038452166,True,True
Qwen_Qwen3-32B,32B,32.0,gsm8k_test_001275,13,think_answer_minus_no_think_answer,0.7033843994140625,True,True
Qwen_Qwen3-32B,32B,32.0,gsm8k_test_001275,13,thinking_minus_think_answer,0.03628253936767578,True,True
Qwen_Qwen3-32B,32B,32.0,gsm8k_test_001275,13,thinking_minus_no_think_answer,0.7396669387817383,True,True
Qwen_Qwen3-32B,32B,32.0,gsm8k_test_001275,20,think_answer_minus_no_think_answer,-0.3399705886840838,True,True
Qwen_Qwen3-32B,32B,32.0,gsm8k_test_001275,20,thinking_minus_think_answer,1.0352973937988281,True,True
Qwen_Qwen3-32B,32B,32.0,gsm8k_test_001275,20,thinking_minus_no_think_answer,0.6953268051147443,True,True
Qwen_Qwen3-32B,32B,32.0,gsm8k_test_001289,6,think_answer_minus_no_think_answer,0.529966354370119,True,True
Qwen_Qwen3-32B,32B,32.0,gsm8k_test_001289,6,thinking_minus_think_answer,2.573789596557617,True,True
Qwen_Qwen3-32B,32B,32.0,gsm8k_test_001289,6,thinking_minus_no_think_answer,3.103755950927736,True,True
Qwen_Qwen3-32B,32B,32.0,gsm8k_test_001289,13,think_answer_minus_no_think_answer,1.1849212646484375,True,True
Qwen_Qwen3-32B,32B,32.0,gsm8k_test_001289,13,thinking_minus_think_answer,-2.637576103210449,True,True
Qwen_Qwen3-32B,32B,32.0,gsm8k_test_001289,13,thinking_minus_no_think_answer,-1.4526548385620117,True,True
Qwen_Qwen3-32B,32B,32.0,gsm8k_test_001289,20,think_answer_minus_no_think_answer,-1.0118579864501953,True,True
Qwen_Qwen3-32B,32B,32.0,gsm8k_test_001289,20,thinking_minus_think_answer,-0.6222991943359375,True,True
Qwen_Qwen3-32B,32B,32.0,gsm8k_test_001289,20,thinking_minus_no_think_answer,-1.6341571807861328,True,True
Qwen_Qwen3-32B,32B,32.0,gsm8k_test_001291,6,think_answer_minus_no_think_answer,0.5587863922119141,True,True
Qwen_Qwen3-32B,32B,32.0,gsm8k_test_001291,6,thinking_minus_think_answer,0.25224876403808594,True,True
Qwen_Qwen3-32B,32B,32.0,gsm8k_test_001291,6,thinking_minus_no_think_answer,0.81103515625,True,True
Qwen_Qwen3-32B,32B,32.0,gsm8k_test_001291,13,think_answer_minus_no_think_answer,1.043922424316408,True,True
Qwen_Qwen3-32B,32B,32.0,gsm8k_test_001291,13,thinking_minus_think_answer,-0.206088066101076,True,True
Qwen_Qwen3-32B,32B,32.0,gsm8k_test_001291,13,thinking_minus_no_think_answer,0.837834358215332,True,True
Qwen_Qwen3-32B,32B,32.0,gsm8k_test_001291,20,think_answer_minus_no_think_answer,-0.875608444213869,True,True
Qwen_Qwen3-32B,32B,32.0,gsm8k_test_001291,20,thinking_minus_think_answer,1.889943122863773,True,True
Qwen_Qwen3-32B,32B,32.0,gsm8k_test_001291,20,thinking_minus_no_think_answer,1.0143346786499041,True,True
Qwen_Qwen3-32B,32B,32.0,gsm8k_test_001307,6,think_answer_minus_no_think_answer,3.3665266036987305,True,True
Qwen_Qwen3-32B,32B,32.0,gsm8k_test_001307,6,thinking_minus_think_answer,-0.0023021697998046875,True,True
Qwen_Qwen3-32B,32B,32.0,gsm8k_test_001307,6,thinking_minus_no_think_answer,3.364224433898926,True,True
Qwen_Qwen3-32B,32B,32.0,gsm8k_test_001307,13,think_answer_minus_no_think_answer,0.6727209091186541,True,True
Qwen_Qwen3-32B,32B,32.0,gsm8k_test_001307,13,thinking_minus_think_answer,-0.8687667846679705,True,True
Qwen_Qwen3-32B,32B,32.0,gsm8k_test_001307,13,thinking_minus_no_think_answer,-0.1960458755493164,True,True
Qwen_Qwen3-32B,32B,32.0,gsm8k_test_001307,20,think_answer_minus_no_think_answer,0.9087648391723633,True,True
Qwen_Qwen3-32B,32B,32.0,gsm8k_test_001307,20,thinking_minus_think_answer,-0.753934860229494,True,True
Qwen_Qwen3-32B,32B,32.0,gsm8k_test_001307,20,thinking_minus_no_think_answer,0.15482997894286932,True,True
Qwen_Qwen3-32B,32B,32.0,gsm8k_test_001311,6,think_answer_minus_no_think_answer,1.1163911819458008,True,True
Qwen_Qwen3-32B,32B,32.0,gsm8k_test_001311,6,thinking_minus_think_answer,3.7949962615966797,True,True
Qwen_Qwen3-32B,32B,32.0,gsm8k_test_001311,6,thinking_minus_no_think_answer,4.9113874435424805,True,True
Qwen_Qwen3-32B,32B,32.0,gsm8k_test_001311,13,think_answer_minus_no_think_answer,0.6642675399780256,True,True
Qwen_Qwen3-32B,32B,32.0,gsm8k_test_001311,13,thinking_minus_think_answer,2.747060775756836,True,True
Qwen_Qwen3-32B,32B,32.0,gsm8k_test_001311,13,thinking_minus_no_think_answer,3.4113283157348615,True,True
Qwen_Qwen3-32B,32B,32.0,gsm8k_test_001311,20,think_answer_minus_no_think_answer,1.291975021362303,True,True
Qwen_Qwen3-32B,32B,32.0,gsm8k_test_001311,20,thinking_minus_think_answer,2.093855857849121,True,True
Qwen_Qwen3-32B,32B,32.0,gsm8k_test_001311,20,thinking_minus_no_think_answer,3.385830879211424,True,True
Qwen_Qwen3-32B,32B,32.0,gsm8k_test_001313,6,think_answer_minus_no_think_answer,2.9359188079833984,True,True
Qwen_Qwen3-32B,32B,32.0,gsm8k_test_001313,6,thinking_minus_think_answer,-7.344571113586426,True,True
Qwen_Qwen3-32B,32B,32.0,gsm8k_test_001313,6,thinking_minus_no_think_answer,-4.408652305603027,True,True
Qwen_Qwen3-32B,32B,32.0,gsm8k_test_001313,13,think_answer_minus_no_think_answer,1.3809337615966797,True,True
Qwen_Qwen3-32B,32B,32.0,gsm8k_test_001313,13,thinking_minus_think_answer,-3.8675336837768555,True,True
Qwen_Qwen3-32B,32B,32.0,gsm8k_test_001313,13,thinking_minus_no_think_answer,-2.486599922180176,True,True
Qwen_Qwen3-32B,32B,32.0,gsm8k_test_001313,20,think_answer_minus_no_think_answer,0.06476688385009766,True,True
Qwen_Qwen3-32B,32B,32.0,gsm8k_test_001313,20,thinking_minus_think_answer,-0.3265171051025373,True,True
Qwen_Qwen3-32B,32B,32.0,gsm8k_test_001313,20,thinking_minus_no_think_answer,-0.26175022125243963,True,True
Qwen_Qwen3-32B,32B,32.0,gsm8k_test_001317,6,think_answer_minus_no_think_answer,0.9284152984619105,True,True
Qwen_Qwen3-32B,32B,32.0,gsm8k_test_001317,6,thinking_minus_think_answer,0.4881992340087926,True,True
Qwen_Qwen3-32B,32B,32.0,gsm8k_test_001317,6,thinking_minus_no_think_answer,1.4166145324707031,True,True
Qwen_Qwen3-32B,32B,32.0,gsm8k_test_001317,13,think_answer_minus_no_think_answer,1.3694829940795898,True,True
Qwen_Qwen3-32B,32B,32.0,gsm8k_test_001317,13,thinking_minus_think_answer,-0.17712020874023438,True,True
Qwen_Qwen3-32B,32B,32.0,gsm8k_test_001317,13,thinking_minus_no_think_answer,1.1923627853393555,True,True
Qwen_Qwen3-32B,32B,32.0,gsm8k_test_001317,20,think_answer_minus_no_think_answer,0.9807672500610352,True,True
Qwen_Qwen3-32B,32B,32.0,gsm8k_test_001317,20,thinking_minus_think_answer,1.5713376998901367,True,True
Qwen_Qwen3-32B,32B,32.0,gsm8k_test_001317,20,thinking_minus_no_think_answer,2.552104949951172,True,True
Qwen_Qwen3-8B,8B,8.0,gsm8k_test_000007,6,think_answer_minus_no_think_answer,-0.05601024627685547,False,False
Qwen_Qwen3-8B,8B,8.0,gsm8k_test_000007,6,thinking_minus_think_answer,-1.2392044067382812,False,False
Qwen_Qwen3-8B,8B,8.0,gsm8k_test_000007,6,thinking_minus_no_think_answer,-1.2952146530151367,False,False
Qwen_Qwen3-8B,8B,8.0,gsm8k_test_000007,13,think_answer_minus_no_think_answer,-2.1650657653808576,False,False
Qwen_Qwen3-8B,8B,8.0,gsm8k_test_000007,13,thinking_minus_think_answer,-1.8216342926025373,False,False
Qwen_Qwen3-8B,8B,8.0,gsm8k_test_000007,13,thinking_minus_no_think_answer,-3.986700057983395,False,False
Qwen_Qwen3-8B,8B,8.0,gsm8k_test_000007,20,think_answer_minus_no_think_answer,-1.3144092559814435,False,False
Qwen_Qwen3-8B,8B,8.0,gsm8k_test_000007,20,thinking_minus_think_answer,9.452442169189453,False,False
Qwen_Qwen3-8B,8B,8.0,gsm8k_test_000007,20,thinking_minus_no_think_answer,8.13803291320801,False,False
Qwen_Qwen3-8B,8B,8.0,gsm8k_test_000031,6,think_answer_minus_no_think_answer,-1.5743846893310547,True,False
Qwen_Qwen3-8B,8B,8.0,gsm8k_test_000031,6,thinking_minus_think_answer,-0.24199295043945312,True,False
Qwen_Qwen3-8B,8B,8.0,gsm8k_test_000031,6,thinking_minus_no_think_answer,-1.8163776397705078,True,False
Qwen_Qwen3-8B,8B,8.0,gsm8k_test_000031,13,think_answer_minus_no_think_answer,-1.4865713119506818,True,False
Qwen_Qwen3-8B,8B,8.0,gsm8k_test_000031,13,thinking_minus_think_answer,1.053847312927246,True,False
Qwen_Qwen3-8B,8B,8.0,gsm8k_test_000031,13,thinking_minus_no_think_answer,-0.4327239990234357,True,False
Qwen_Qwen3-8B,8B,8.0,gsm8k_test_000031,20,think_answer_minus_no_think_answer,-1.181958198547365,True,False
Qwen_Qwen3-8B,8B,8.0,gsm8k_test_000031,20,thinking_minus_think_answer,-0.1870059967040998,True,False
Qwen_Qwen3-8B,8B,8.0,gsm8k_test_000031,20,thinking_minus_no_think_answer,-1.3689641952514648,True,False
Qwen_Qwen3-8B,8B,8.0,gsm8k_test_000054,6,think_answer_minus_no_think_answer,3.2905139923095703,True,False
Qwen_Qwen3-8B,8B,8.0,gsm8k_test_000054,6,thinking_minus_think_answer,-5.409802436828613,True,False
Qwen_Qwen3-8B,8B,8.0,gsm8k_test_000054,6,thinking_minus_no_think_answer,-2.119288444519043,True,False
Qwen_Qwen3-8B,8B,8.0,gsm8k_test_000054,13,think_answer_minus_no_think_answer,-0.7294187545776367,True,False
Qwen_Qwen3-8B,8B,8.0,gsm8k_test_000054,13,thinking_minus_think_answer,-2.0072021484375,True,False
Qwen_Qwen3-8B,8B,8.0,gsm8k_test_000054,13,thinking_minus_no_think_answer,-2.7366209030151367,True,False
Qwen_Qwen3-8B,8B,8.0,gsm8k_test_000054,20,think_answer_minus_no_think_answer,-1.5727300643920898,True,False
Qwen_Qwen3-8B,8B,8.0,gsm8k_test_000054,20,thinking_minus_think_answer,7.168408393859863,True,False
Qwen_Qwen3-8B,8B,8.0,gsm8k_test_000054,20,thinking_minus_no_think_answer,5.595678329467773,True,False
Qwen_Qwen3-8B,8B,8.0,gsm8k_test_000069,6,think_answer_minus_no_think_answer,-0.8142976760864258,True,True
Qwen_Qwen3-8B,8B,8.0,gsm8k_test_000069,6,thinking_minus_think_answer,5.795536041259766,True,True
Qwen_Qwen3-8B,8B,8.0,gsm8k_test_000069,6,thinking_minus_no_think_answer,4.98123836517334,True,True
Qwen_Qwen3-8B,8B,8.0,gsm8k_test_000069,13,think_answer_minus_no_think_answer,0.47879791259765625,True,True
Qwen_Qwen3-8B,8B,8.0,gsm8k_test_000069,13,thinking_minus_think_answer,-0.4818124771118164,True,True
Qwen_Qwen3-8B,8B,8.0,gsm8k_test_000069,13,thinking_minus_no_think_answer,-0.0030145645141601562,True,True
Qwen_Qwen3-8B,8B,8.0,gsm8k_test_000069,20,think_answer_minus_no_think_answer,-0.9567050933837891,True,True
Qwen_Qwen3-8B,8B,8.0,gsm8k_test_000069,20,thinking_minus_think_answer,0.08563232421874822,True,True
Qwen_Qwen3-8B,8B,8.0,gsm8k_test_000069,20,thinking_minus_no_think_answer,-0.8710727691650408,True,True
Qwen_Qwen3-8B,8B,8.0,gsm8k_test_000099,6,think_answer_minus_no_think_answer,-0.5332832336425799,True,True
Qwen_Qwen3-8B,8B,8.0,gsm8k_test_000099,6,thinking_minus_think_answer,6.111208915710449,True,True
Qwen_Qwen3-8B,8B,8.0,gsm8k_test_000099,6,thinking_minus_no_think_answer,5.577925682067869,True,True
Qwen_Qwen3-8B,8B,8.0,gsm8k_test_000099,13,think_answer_minus_no_think_answer,1.0182743072509748,True,True
Qwen_Qwen3-8B,8B,8.0,gsm8k_test_000099,13,thinking_minus_think_answer,-0.1185007095336914,True,True
Qwen_Qwen3-8B,8B,8.0,gsm8k_test_000099,13,thinking_minus_no_think_answer,0.8997735977172834,True,True
Qwen_Qwen3-8B,8B,8.0,gsm8k_test_000099,20,think_answer_minus_no_think_answer,-0.5781545639038086,True,True
Qwen_Qwen3-8B,8B,8.0,gsm8k_test_000099,20,thinking_minus_think_answer,0.07047557830810369,True,True
Qwen_Qwen3-8B,8B,8.0,gsm8k_test_000099,20,thinking_minus_no_think_answer,-0.5076789855957049,True,True
Qwen_Qwen3-8B,8B,8.0,gsm8k_test_000118,6,think_answer_minus_no_think_answer,-1.675724983215332,True,True
Qwen_Qwen3-8B,8B,8.0,gsm8k_test_000118,6,thinking_minus_think_answer,3.1787309646606445,True,True
Qwen_Qwen3-8B,8B,8.0,gsm8k_test_000118,6,thinking_minus_no_think_answer,1.5030059814453125,True,True
Qwen_Qwen3-8B,8B,8.0,gsm8k_test_000118,13,think_answer_minus_no_think_answer,-0.6674823760986328,True,True
Qwen_Qwen3-8B,8B,8.0,gsm8k_test_000118,13,thinking_minus_think_answer,-0.08894920349121094,True,True
Qwen_Qwen3-8B,8B,8.0,gsm8k_test_000118,13,thinking_minus_no_think_answer,-0.7564315795898438,True,True
Qwen_Qwen3-8B,8B,8.0,gsm8k_test_000118,20,think_answer_minus_no_think_answer,-0.8554115295410156,True,True
Qwen_Qwen3-8B,8B,8.0,gsm8k_test_000118,20,thinking_minus_think_answer,-0.015047073364256036,True,True
Qwen_Qwen3-8B,8B,8.0,gsm8k_test_000118,20,thinking_minus_no_think_answer,-0.8704586029052717,True,True
Qwen_Qwen3-8B,8B,8.0,gsm8k_test_000135,6,think_answer_minus_no_think_answer,-0.8786678314208949,True,True
Qwen_Qwen3-8B,8B,8.0,gsm8k_test_000135,6,thinking_minus_think_answer,5.143615722656248,True,True
Qwen_Qwen3-8B,8B,8.0,gsm8k_test_000135,6,thinking_minus_no_think_answer,4.264947891235353,True,True
Qwen_Qwen3-8B,8B,8.0,gsm8k_test_000135,13,think_answer_minus_no_think_answer,1.1055965423583984,True,True
Qwen_Qwen3-8B,8B,8.0,gsm8k_test_000135,13,thinking_minus_think_answer,-1.6868915557861328,True,True
Qwen_Qwen3-8B,8B,8.0,gsm8k_test_000135,13,thinking_minus_no_think_answer,-0.5812950134277344,True,True
Qwen_Qwen3-8B,8B,8.0,gsm8k_test_000135,20,think_answer_minus_no_think_answer,-0.957609176635744,True,True
Qwen_Qwen3-8B,8B,8.0,gsm8k_test_000135,20,thinking_minus_think_answer,-0.37026023864745916,True,True
Qwen_Qwen3-8B,8B,8.0,gsm8k_test_000135,20,thinking_minus_no_think_answer,-1.3278694152832031,True,True
Qwen_Qwen3-8B,8B,8.0,gsm8k_test_000182,6,think_answer_minus_no_think_answer,5.281002044677736,True,False
Qwen_Qwen3-8B,8B,8.0,gsm8k_test_000182,6,thinking_minus_think_answer,-8.000391960144043,True,False
Qwen_Qwen3-8B,8B,8.0,gsm8k_test_000182,6,thinking_minus_no_think_answer,-2.719389915466307,True,False
Qwen_Qwen3-8B,8B,8.0,gsm8k_test_000182,13,think_answer_minus_no_think_answer,1.168890953063963,True,False
Qwen_Qwen3-8B,8B,8.0,gsm8k_test_000182,13,thinking_minus_think_answer,-3.7430357933044416,True,False
Qwen_Qwen3-8B,8B,8.0,gsm8k_test_000182,13,thinking_minus_no_think_answer,-2.5741448402404785,True,False
Qwen_Qwen3-8B,8B,8.0,gsm8k_test_000182,20,think_answer_minus_no_think_answer,0.0674734115600586,True,False
Qwen_Qwen3-8B,8B,8.0,gsm8k_test_000182,20,thinking_minus_think_answer,-2.163799285888672,True,False
Qwen_Qwen3-8B,8B,8.0,gsm8k_test_000182,20,thinking_minus_no_think_answer,-2.0963258743286133,True,False
Qwen_Qwen3-8B,8B,8.0,gsm8k_test_000243,6,think_answer_minus_no_think_answer,4.263246536254883,True,False
Qwen_Qwen3-8B,8B,8.0,gsm8k_test_000243,6,thinking_minus_think_answer,0.3937854766845703,True,False
Qwen_Qwen3-8B,8B,8.0,gsm8k_test_000243,6,thinking_minus_no_think_answer,4.657032012939453,True,False
Qwen_Qwen3-8B,8B,8.0,gsm8k_test_000243,13,think_answer_minus_no_think_answer,0.24199962615966797,True,False
Qwen_Qwen3-8B,8B,8.0,gsm8k_test_000243,13,thinking_minus_think_answer,-1.2209043502807617,True,False
Qwen_Qwen3-8B,8B,8.0,gsm8k_test_000243,13,thinking_minus_no_think_answer,-0.9789047241210938,True,False
Qwen_Qwen3-8B,8B,8.0,gsm8k_test_000243,20,think_answer_minus_no_think_answer,0.19029712677001953,True,False
Qwen_Qwen3-8B,8B,8.0,gsm8k_test_000243,20,thinking_minus_think_answer,31.14460563659668,True,False
Qwen_Qwen3-8B,8B,8.0,gsm8k_test_000243,20,thinking_minus_no_think_answer,31.3349027633667,True,False
Qwen_Qwen3-8B,8B,8.0,gsm8k_test_000247,6,think_answer_minus_no_think_answer,-3.074260711669922,True,True
Qwen_Qwen3-8B,8B,8.0,gsm8k_test_000247,6,thinking_minus_think_answer,11.630281448364261,True,True
Qwen_Qwen3-8B,8B,8.0,gsm8k_test_000247,6,thinking_minus_no_think_answer,8.55602073669434,True,True
Qwen_Qwen3-8B,8B,8.0,gsm8k_test_000247,13,think_answer_minus_no_think_answer,0.5178499221801758,True,True
Qwen_Qwen3-8B,8B,8.0,gsm8k_test_000247,13,thinking_minus_think_answer,1.246305465698244,True,True
Qwen_Qwen3-8B,8B,8.0,gsm8k_test_000247,13,thinking_minus_no_think_answer,1.7641553878784197,True,True
Qwen_Qwen3-8B,8B,8.0,gsm8k_test_000247,20,think_answer_minus_no_think_answer,-0.3953742980957049,True,True
Qwen_Qwen3-8B,8B,8.0,gsm8k_test_000247,20,thinking_minus_think_answer,6.652819633483887,True,True
Qwen_Qwen3-8B,8B,8.0,gsm8k_test_000247,20,thinking_minus_no_think_answer,6.257445335388182,True,True
Qwen_Qwen3-8B,8B,8.0,gsm8k_test_000252,6,think_answer_minus_no_think_answer,0.8069467544555646,True,False
Qwen_Qwen3-8B,8B,8.0,gsm8k_test_000252,6,thinking_minus_think_answer,0.1837520599365252,True,False
Qwen_Qwen3-8B,8B,8.0,gsm8k_test_000252,6,thinking_minus_no_think_answer,0.9906988143920898,True,False
Qwen_Qwen3-8B,8B,8.0,gsm8k_test_000252,13,think_answer_minus_no_think_answer,-0.6030483245849627,True,False
Qwen_Qwen3-8B,8B,8.0,gsm8k_test_000252,13,thinking_minus_think_answer,-0.9014596939086896,True,False
Qwen_Qwen3-8B,8B,8.0,gsm8k_test_000252,13,thinking_minus_no_think_answer,-1.5045080184936523,True,False
Qwen_Qwen3-8B,8B,8.0,gsm8k_test_000252,20,think_answer_minus_no_think_answer,-0.5894517898559588,True,False
Qwen_Qwen3-8B,8B,8.0,gsm8k_test_000252,20,thinking_minus_think_answer,8.975200653076174,True,False
Qwen_Qwen3-8B,8B,8.0,gsm8k_test_000252,20,thinking_minus_no_think_answer,8.385748863220215,True,False
Qwen_Qwen3-8B,8B,8.0,gsm8k_test_000254,6,think_answer_minus_no_think_answer,1.3543891906738281,True,False
Qwen_Qwen3-8B,8B,8.0,gsm8k_test_000254,6,thinking_minus_think_answer,1.0373964309692347,True,False
Qwen_Qwen3-8B,8B,8.0,gsm8k_test_000254,6,thinking_minus_no_think_answer,2.391785621643063,True,False
Qwen_Qwen3-8B,8B,8.0,gsm8k_test_000254,13,think_answer_minus_no_think_answer,0.5711688995361346,True,False
Qwen_Qwen3-8B,8B,8.0,gsm8k_test_000254,13,thinking_minus_think_answer,-0.8306322097778338,True,False
Qwen_Qwen3-8B,8B,8.0,gsm8k_test_000254,13,thinking_minus_no_think_answer,-0.2594633102416992,True,False
Qwen_Qwen3-8B,8B,8.0,gsm8k_test_000254,20,think_answer_minus_no_think_answer,-0.5543508529663068,True,False
Qwen_Qwen3-8B,8B,8.0,gsm8k_test_000254,20,thinking_minus_think_answer,10.045426368713379,True,False
Qwen_Qwen3-8B,8B,8.0,gsm8k_test_000254,20,thinking_minus_no_think_answer,9.491075515747072,True,False
Qwen_Qwen3-8B,8B,8.0,gsm8k_test_000310,6,think_answer_minus_no_think_answer,-4.14515495300293,False,False
Qwen_Qwen3-8B,8B,8.0,gsm8k_test_000310,6,thinking_minus_think_answer,-2.316974639892578,False,False
Qwen_Qwen3-8B,8B,8.0,gsm8k_test_000310,6,thinking_minus_no_think_answer,-6.462129592895508,False,False
Qwen_Qwen3-8B,8B,8.0,gsm8k_test_000310,13,think_answer_minus_no_think_answer,-2.176790237426758,False,False
Qwen_Qwen3-8B,8B,8.0,gsm8k_test_000310,13,thinking_minus_think_answer,-1.9697771072387695,False,False
Qwen_Qwen3-8B,8B,8.0,gsm8k_test_000310,13,thinking_minus_no_think_answer,-4.146567344665527,False,False
Qwen_Qwen3-8B,8B,8.0,gsm8k_test_000310,20,think_answer_minus_no_think_answer,-0.23632907867431818,False,False
Qwen_Qwen3-8B,8B,8.0,gsm8k_test_000310,20,thinking_minus_think_answer,14.17618465423584,False,False
Qwen_Qwen3-8B,8B,8.0,gsm8k_test_000310,20,thinking_minus_no_think_answer,13.939855575561522,False,False
Qwen_Qwen3-8B,8B,8.0,gsm8k_test_000343,6,think_answer_minus_no_think_answer,-0.3657684326171875,True,True
Qwen_Qwen3-8B,8B,8.0,gsm8k_test_000343,6,thinking_minus_think_answer,6.106370925903326,True,True
Qwen_Qwen3-8B,8B,8.0,gsm8k_test_000343,6,thinking_minus_no_think_answer,5.740602493286138,True,True
Qwen_Qwen3-8B,8B,8.0,gsm8k_test_000343,13,think_answer_minus_no_think_answer,-0.2669944763183576,True,True
Qwen_Qwen3-8B,8B,8.0,gsm8k_test_000343,13,thinking_minus_think_answer,1.710385322570799,True,True
Qwen_Qwen3-8B,8B,8.0,gsm8k_test_000343,13,thinking_minus_no_think_answer,1.4433908462524414,True,True
Qwen_Qwen3-8B,8B,8.0,gsm8k_test_000343,20,think_answer_minus_no_think_answer,-0.7172660827636719,True,True
Qwen_Qwen3-8B,8B,8.0,gsm8k_test_000343,20,thinking_minus_think_answer,18.93099308013916,True,True
Qwen_Qwen3-8B,8B,8.0,gsm8k_test_000343,20,thinking_minus_no_think_answer,18.21372699737549,True,True
Qwen_Qwen3-8B,8B,8.0,gsm8k_test_000361,6,think_answer_minus_no_think_answer,-2.918333053588867,True,False
Qwen_Qwen3-8B,8B,8.0,gsm8k_test_000361,6,thinking_minus_think_answer,1.8057918548583984,True,False
Qwen_Qwen3-8B,8B,8.0,gsm8k_test_000361,6,thinking_minus_no_think_answer,-1.1125411987304688,True,False
Qwen_Qwen3-8B,8B,8.0,gsm8k_test_000361,13,think_answer_minus_no_think_answer,0.05334091186523615,True,False
Qwen_Qwen3-8B,8B,8.0,gsm8k_test_000361,13,thinking_minus_think_answer,0.922517776489256,True,False
Qwen_Qwen3-8B,8B,8.0,gsm8k_test_000361,13,thinking_minus_no_think_answer,0.9758586883544922,True,False
Qwen_Qwen3-8B,8B,8.0,gsm8k_test_000361,20,think_answer_minus_no_think_answer,-0.3251600265502912,True,False
Qwen_Qwen3-8B,8B,8.0,gsm8k_test_000361,20,thinking_minus_think_answer,8.606012344360352,True,False
Qwen_Qwen3-8B,8B,8.0,gsm8k_test_000361,20,thinking_minus_no_think_answer,8.28085231781006,True,False
Qwen_Qwen3-8B,8B,8.0,gsm8k_test_000433,6,think_answer_minus_no_think_answer,-1.5837411880493164,True,False
Qwen_Qwen3-8B,8B,8.0,gsm8k_test_000433,6,thinking_minus_think_answer,3.4947080612182617,True,False
Qwen_Qwen3-8B,8B,8.0,gsm8k_test_000433,6,thinking_minus_no_think_answer,1.9109668731689453,True,False
Qwen_Qwen3-8B,8B,8.0,gsm8k_test_000433,13,think_answer_minus_no_think_answer,-0.7439794540405291,True,False
Qwen_Qwen3-8B,8B,8.0,gsm8k_test_000433,13,thinking_minus_think_answer,1.8365707397460973,True,False
Qwen_Qwen3-8B,8B,8.0,gsm8k_test_000433,13,thinking_minus_no_think_answer,1.0925912857055682,True,False
Qwen_Qwen3-8B,8B,8.0,gsm8k_test_000433,20,think_answer_minus_no_think_answer,1.1315536499023438,True,False
Qwen_Qwen3-8B,8B,8.0,gsm8k_test_000433,20,thinking_minus_think_answer,-1.5484628677368182,True,False
Qwen_Qwen3-8B,8B,8.0,gsm8k_test_000433,20,thinking_minus_no_think_answer,-0.41690921783447443,True,False
Qwen_Qwen3-8B,8B,8.0,gsm8k_test_000449,6,think_answer_minus_no_think_answer,1.0891914367675746,True,True
Qwen_Qwen3-8B,8B,8.0,gsm8k_test_000449,6,thinking_minus_think_answer,-1.9505910873413068,True,True
Qwen_Qwen3-8B,8B,8.0,gsm8k_test_000449,6,thinking_minus_no_think_answer,-0.8613996505737322,True,True
Qwen_Qwen3-8B,8B,8.0,gsm8k_test_000449,13,think_answer_minus_no_think_answer,0.775177001953125,True,True
Qwen_Qwen3-8B,8B,8.0,gsm8k_test_000449,13,thinking_minus_think_answer,-2.6995515823364276,True,True
Qwen_Qwen3-8B,8B,8.0,gsm8k_test_000449,13,thinking_minus_no_think_answer,-1.9243745803833026,True,True
Qwen_Qwen3-8B,8B,8.0,gsm8k_test_000449,20,think_answer_minus_no_think_answer,-0.20350456237793146,True,True
Qwen_Qwen3-8B,8B,8.0,gsm8k_test_000449,20,thinking_minus_think_answer,-1.1553583145141602,True,True
Qwen_Qwen3-8B,8B,8.0,gsm8k_test_000449,20,thinking_minus_no_think_answer,-1.3588628768920916,True,True
Qwen_Qwen3-8B,8B,8.0,gsm8k_test_000460,6,think_answer_minus_no_think_answer,-1.655900955200197,True,False
Qwen_Qwen3-8B,8B,8.0,gsm8k_test_000460,6,thinking_minus_think_answer,5.898944854736328,True,False
Qwen_Qwen3-8B,8B,8.0,gsm8k_test_000460,6,thinking_minus_no_think_answer,4.243043899536131,True,False
Qwen_Qwen3-8B,8B,8.0,gsm8k_test_000460,13,think_answer_minus_no_think_answer,-0.26900863647461115,True,False
Qwen_Qwen3-8B,8B,8.0,gsm8k_test_000460,13,thinking_minus_think_answer,0.5549039840698242,True,False
Qwen_Qwen3-8B,8B,8.0,gsm8k_test_000460,13,thinking_minus_no_think_answer,0.28589534759521307,True,False
Qwen_Qwen3-8B,8B,8.0,gsm8k_test_000460,20,think_answer_minus_no_think_answer,-1.7375907897949219,True,False
Qwen_Qwen3-8B,8B,8.0,gsm8k_test_000460,20,thinking_minus_think_answer,1.701695442199707,True,False
Qwen_Qwen3-8B,8B,8.0,gsm8k_test_000460,20,thinking_minus_no_think_answer,-0.035895347595214844,True,False
Qwen_Qwen3-8B,8B,8.0,gsm8k_test_000472,6,think_answer_minus_no_think_answer,2.611722946166992,True,True
Qwen_Qwen3-8B,8B,8.0,gsm8k_test_000472,6,thinking_minus_think_answer,6.283607482910156,True,True
Qwen_Qwen3-8B,8B,8.0,gsm8k_test_000472,6,thinking_minus_no_think_answer,8.895330429077148,True,True
Qwen_Qwen3-8B,8B,8.0,gsm8k_test_000472,13,think_answer_minus_no_think_answer,1.4375734329223615,True,True
Qwen_Qwen3-8B,8B,8.0,gsm8k_test_000472,13,thinking_minus_think_answer,1.5880889892578143,True,True
Qwen_Qwen3-8B,8B,8.0,gsm8k_test_000472,13,thinking_minus_no_think_answer,3.025662422180176,True,True
Qwen_Qwen3-8B,8B,8.0,gsm8k_test_000472,20,think_answer_minus_no_think_answer,-0.7965459823608398,True,True
Qwen_Qwen3-8B,8B,8.0,gsm8k_test_000472,20,thinking_minus_think_answer,28.36598014831543,True,True
Qwen_Qwen3-8B,8B,8.0,gsm8k_test_000472,20,thinking_minus_no_think_answer,27.56943416595459,True,True
Qwen_Qwen3-8B,8B,8.0,gsm8k_test_000514,6,think_answer_minus_no_think_answer,-0.9038286209106445,True,True
Qwen_Qwen3-8B,8B,8.0,gsm8k_test_000514,6,thinking_minus_think_answer,3.496283531188965,True,True
Qwen_Qwen3-8B,8B,8.0,gsm8k_test_000514,6,thinking_minus_no_think_answer,2.5924549102783203,True,True
Qwen_Qwen3-8B,8B,8.0,gsm8k_test_000514,13,think_answer_minus_no_think_answer,-0.7887907028198242,True,True
Qwen_Qwen3-8B,8B,8.0,gsm8k_test_000514,13,thinking_minus_think_answer,2.1684465408325195,True,True
Qwen_Qwen3-8B,8B,8.0,gsm8k_test_000514,13,thinking_minus_no_think_answer,1.3796558380126953,True,True
Qwen_Qwen3-8B,8B,8.0,gsm8k_test_000514,20,think_answer_minus_no_think_answer,-0.24919033050537287,True,True
Qwen_Qwen3-8B,8B,8.0,gsm8k_test_000514,20,thinking_minus_think_answer,15.641192436218262,True,True
Qwen_Qwen3-8B,8B,8.0,gsm8k_test_000514,20,thinking_minus_no_think_answer,15.392002105712889,True,True
Qwen_Qwen3-8B,8B,8.0,gsm8k_test_000523,6,think_answer_minus_no_think_answer,-2.957940101623535,True,False
Qwen_Qwen3-8B,8B,8.0,gsm8k_test_000523,6,thinking_minus_think_answer,8.217900276184082,True,False
Qwen_Qwen3-8B,8B,8.0,gsm8k_test_000523,6,thinking_minus_no_think_answer,5.259960174560547,True,False
Qwen_Qwen3-8B,8B,8.0,gsm8k_test_000523,13,think_answer_minus_no_think_answer,0.14525222778320135,True,False
Qwen_Qwen3-8B,8B,8.0,gsm8k_test_000523,13,thinking_minus_think_answer,-0.03410625457763494,True,False
Qwen_Qwen3-8B,8B,8.0,gsm8k_test_000523,13,thinking_minus_no_think_answer,0.1111459732055664,True,False
Qwen_Qwen3-8B,8B,8.0,gsm8k_test_000523,20,think_answer_minus_no_think_answer,0.17536258697509943,True,False
Qwen_Qwen3-8B,8B,8.0,gsm8k_test_000523,20,thinking_minus_think_answer,17.664974212646484,True,False
Qwen_Qwen3-8B,8B,8.0,gsm8k_test_000523,20,thinking_minus_no_think_answer,17.840336799621582,True,False
Qwen_Qwen3-8B,8B,8.0,gsm8k_test_000534,6,think_answer_minus_no_think_answer,-0.02188968658447088,True,True
Qwen_Qwen3-8B,8B,8.0,gsm8k_test_000534,6,thinking_minus_think_answer,-3.271792411804201,True,True
Qwen_Qwen3-8B,8B,8.0,gsm8k_test_000534,6,thinking_minus_no_think_answer,-3.293682098388672,True,True
Qwen_Qwen3-8B,8B,8.0,gsm8k_test_000534,13,think_answer_minus_no_think_answer,-0.8991537094116211,True,True
Qwen_Qwen3-8B,8B,8.0,gsm8k_test_000534,13,thinking_minus_think_answer,-2.231884002685547,True,True
Qwen_Qwen3-8B,8B,8.0,gsm8k_test_000534,13,thinking_minus_no_think_answer,-3.131037712097168,True,True
Qwen_Qwen3-8B,8B,8.0,gsm8k_test_000534,20,think_answer_minus_no_think_answer,-1.7944288253784197,True,True
Qwen_Qwen3-8B,8B,8.0,gsm8k_test_000534,20,thinking_minus_think_answer,-2.2329759597778303,True,True
Qwen_Qwen3-8B,8B,8.0,gsm8k_test_000534,20,thinking_minus_no_think_answer,-4.02740478515625,True,True
Qwen_Qwen3-8B,8B,8.0,gsm8k_test_000543,6,think_answer_minus_no_think_answer,-1.5082206726074219,True,True
Qwen_Qwen3-8B,8B,8.0,gsm8k_test_000543,6,thinking_minus_think_answer,1.8112783432006836,True,True
Qwen_Qwen3-8B,8B,8.0,gsm8k_test_000543,6,thinking_minus_no_think_answer,0.3030576705932617,True,True
Qwen_Qwen3-8B,8B,8.0,gsm8k_test_000543,13,think_answer_minus_no_think_answer,-2.0547962188720703,True,True
Qwen_Qwen3-8B,8B,8.0,gsm8k_test_000543,13,thinking_minus_think_answer,0.4383201599121076,True,True
Qwen_Qwen3-8B,8B,8.0,gsm8k_test_000543,13,thinking_minus_no_think_answer,-1.6164760589599627,True,True
Qwen_Qwen3-8B,8B,8.0,gsm8k_test_000543,20,think_answer_minus_no_think_answer,-1.255460739135744,True,True
Qwen_Qwen3-8B,8B,8.0,gsm8k_test_000543,20,thinking_minus_think_answer,0.4548873901367205,True,True
Qwen_Qwen3-8B,8B,8.0,gsm8k_test_000543,20,thinking_minus_no_think_answer,-0.8005733489990234,True,True
Qwen_Qwen3-8B,8B,8.0,gsm8k_test_000549,6,think_answer_minus_no_think_answer,-1.3896999359130895,True,False
Qwen_Qwen3-8B,8B,8.0,gsm8k_test_000549,6,thinking_minus_think_answer,1.1913299560546893,True,False
Qwen_Qwen3-8B,8B,8.0,gsm8k_test_000549,6,thinking_minus_no_think_answer,-0.1983699798584002,True,False
Qwen_Qwen3-8B,8B,8.0,gsm8k_test_000549,13,think_answer_minus_no_think_answer,0.3675394058227557,True,False
Qwen_Qwen3-8B,8B,8.0,gsm8k_test_000549,13,thinking_minus_think_answer,-2.9028072357177734,True,False
Qwen_Qwen3-8B,8B,8.0,gsm8k_test_000549,13,thinking_minus_no_think_answer,-2.5352678298950178,True,False
Qwen_Qwen3-8B,8B,8.0,gsm8k_test_000549,20,think_answer_minus_no_think_answer,-1.6760540008544922,True,False
Qwen_Qwen3-8B,8B,8.0,gsm8k_test_000549,20,thinking_minus_think_answer,12.602690696716305,True,False
Qwen_Qwen3-8B,8B,8.0,gsm8k_test_000549,20,thinking_minus_no_think_answer,10.926636695861813,True,False
Qwen_Qwen3-8B,8B,8.0,gsm8k_test_000585,6,think_answer_minus_no_think_answer,1.7472171783447266,True,False
Qwen_Qwen3-8B,8B,8.0,gsm8k_test_000585,6,thinking_minus_think_answer,0.7423276901245117,True,False
Qwen_Qwen3-8B,8B,8.0,gsm8k_test_000585,6,thinking_minus_no_think_answer,2.4895448684692383,True,False
Qwen_Qwen3-8B,8B,8.0,gsm8k_test_000585,13,think_answer_minus_no_think_answer,-0.17291736602783203,True,False
Qwen_Qwen3-8B,8B,8.0,gsm8k_test_000585,13,thinking_minus_think_answer,-0.6141052246093768,True,False
Qwen_Qwen3-8B,8B,8.0,gsm8k_test_000585,13,thinking_minus_no_think_answer,-0.7870225906372088,True,False
Qwen_Qwen3-8B,8B,8.0,gsm8k_test_000585,20,think_answer_minus_no_think_answer,-1.3348617553710938,True,False
Qwen_Qwen3-8B,8B,8.0,gsm8k_test_000585,20,thinking_minus_think_answer,15.119471549987793,True,False
Qwen_Qwen3-8B,8B,8.0,gsm8k_test_000585,20,thinking_minus_no_think_answer,13.7846097946167,True,False
Qwen_Qwen3-8B,8B,8.0,gsm8k_test_000604,6,think_answer_minus_no_think_answer,-2.4443511962890625,True,True
Qwen_Qwen3-8B,8B,8.0,gsm8k_test_000604,6,thinking_minus_think_answer,1.0264692306518537,True,True
Qwen_Qwen3-8B,8B,8.0,gsm8k_test_000604,6,thinking_minus_no_think_answer,-1.4178819656372088,True,True
Qwen_Qwen3-8B,8B,8.0,gsm8k_test_000604,13,think_answer_minus_no_think_answer,-2.1359825134277344,True,True
Qwen_Qwen3-8B,8B,8.0,gsm8k_test_000604,13,thinking_minus_think_answer,-0.22846221923828303,True,True
Qwen_Qwen3-8B,8B,8.0,gsm8k_test_000604,13,thinking_minus_no_think_answer,-2.3644447326660174,True,True
Qwen_Qwen3-8B,8B,8.0,gsm8k_test_000604,20,think_answer_minus_no_think_answer,-0.053871154785158026,True,True
Qwen_Qwen3-8B,8B,8.0,gsm8k_test_000604,20,thinking_minus_think_answer,16.900519371032715,True,True
Qwen_Qwen3-8B,8B,8.0,gsm8k_test_000604,20,thinking_minus_no_think_answer,16.84664821624756,True,True
Qwen_Qwen3-8B,8B,8.0,gsm8k_test_000625,6,think_answer_minus_no_think_answer,-1.4003105163574219,True,True
Qwen_Qwen3-8B,8B,8.0,gsm8k_test_000625,6,thinking_minus_think_answer,4.748625755310059,True,True
Qwen_Qwen3-8B,8B,8.0,gsm8k_test_000625,6,thinking_minus_no_think_answer,3.3483152389526367,True,True
Qwen_Qwen3-8B,8B,8.0,gsm8k_test_000625,13,think_answer_minus_no_think_answer,0.4477806091308594,True,True
Qwen_Qwen3-8B,8B,8.0,gsm8k_test_000625,13,thinking_minus_think_answer,0.7138004302978516,True,True
Qwen_Qwen3-8B,8B,8.0,gsm8k_test_000625,13,thinking_minus_no_think_answer,1.161581039428711,True,True
Qwen_Qwen3-8B,8B,8.0,gsm8k_test_000625,20,think_answer_minus_no_think_answer,-0.3936271667480451,True,True
Qwen_Qwen3-8B,8B,8.0,gsm8k_test_000625,20,thinking_minus_think_answer,0.7835521697998047,True,True
Qwen_Qwen3-8B,8B,8.0,gsm8k_test_000625,20,thinking_minus_no_think_answer,0.3899250030517596,True,True
Qwen_Qwen3-8B,8B,8.0,gsm8k_test_000629,6,think_answer_minus_no_think_answer,3.6476964950561523,True,False
Qwen_Qwen3-8B,8B,8.0,gsm8k_test_000629,6,thinking_minus_think_answer,-3.1811695098876953,True,False
Qwen_Qwen3-8B,8B,8.0,gsm8k_test_000629,6,thinking_minus_no_think_answer,0.46652698516845703,True,False
Qwen_Qwen3-8B,8B,8.0,gsm8k_test_000629,13,think_answer_minus_no_think_answer,0.8299388885498065,True,False
Qwen_Qwen3-8B,8B,8.0,gsm8k_test_000629,13,thinking_minus_think_answer,-0.9624233245849627,True,False
Qwen_Qwen3-8B,8B,8.0,gsm8k_test_000629,13,thinking_minus_no_think_answer,-0.13248443603515625,True,False
Qwen_Qwen3-8B,8B,8.0,gsm8k_test_000629,20,think_answer_minus_no_think_answer,-0.15891265869140803,True,False
Qwen_Qwen3-8B,8B,8.0,gsm8k_test_000629,20,thinking_minus_think_answer,17.69565200805664,True,False
Qwen_Qwen3-8B,8B,8.0,gsm8k_test_000629,20,thinking_minus_no_think_answer,17.536739349365234,True,False
Qwen_Qwen3-8B,8B,8.0,gsm8k_test_000640,6,think_answer_minus_no_think_answer,-1.5833539962768555,True,False
Qwen_Qwen3-8B,8B,8.0,gsm8k_test_000640,6,thinking_minus_think_answer,0.39881992340087713,True,False
Qwen_Qwen3-8B,8B,8.0,gsm8k_test_000640,6,thinking_minus_no_think_answer,-1.1845340728759783,True,False
Qwen_Qwen3-8B,8B,8.0,gsm8k_test_000640,13,think_answer_minus_no_think_answer,0.33171749114990234,True,False
Qwen_Qwen3-8B,8B,8.0,gsm8k_test_000640,13,thinking_minus_think_answer,0.2791938781738281,True,False
Qwen_Qwen3-8B,8B,8.0,gsm8k_test_000640,13,thinking_minus_no_think_answer,0.6109113693237305,True,False
Qwen_Qwen3-8B,8B,8.0,gsm8k_test_000640,20,think_answer_minus_no_think_answer,-0.7669992446899414,True,False
Qwen_Qwen3-8B,8B,8.0,gsm8k_test_000640,20,thinking_minus_think_answer,10.958487510681152,True,False
Qwen_Qwen3-8B,8B,8.0,gsm8k_test_000640,20,thinking_minus_no_think_answer,10.191488265991211,True,False
Qwen_Qwen3-8B,8B,8.0,gsm8k_test_000641,6,think_answer_minus_no_think_answer,1.0312166213989258,True,False
Qwen_Qwen3-8B,8B,8.0,gsm8k_test_000641,6,thinking_minus_think_answer,-2.8822879791259783,True,False
Qwen_Qwen3-8B,8B,8.0,gsm8k_test_000641,6,thinking_minus_no_think_answer,-1.8510713577270526,True,False
Qwen_Qwen3-8B,8B,8.0,gsm8k_test_000641,13,think_answer_minus_no_think_answer,-1.825007438659668,True,False
Qwen_Qwen3-8B,8B,8.0,gsm8k_test_000641,13,thinking_minus_think_answer,-0.21731090545654297,True,False
Qwen_Qwen3-8B,8B,8.0,gsm8k_test_000641,13,thinking_minus_no_think_answer,-2.042318344116211,True,False
Qwen_Qwen3-8B,8B,8.0,gsm8k_test_000641,20,think_answer_minus_no_think_answer,-0.8605308532714826,True,False
Qwen_Qwen3-8B,8B,8.0,gsm8k_test_000641,20,thinking_minus_think_answer,12.104020118713379,True,False
Qwen_Qwen3-8B,8B,8.0,gsm8k_test_000641,20,thinking_minus_no_think_answer,11.243489265441896,True,False
Qwen_Qwen3-8B,8B,8.0,gsm8k_test_000644,6,think_answer_minus_no_think_answer,2.1467218399047834,True,False
Qwen_Qwen3-8B,8B,8.0,gsm8k_test_000644,6,thinking_minus_think_answer,1.4173793792724592,True,False
Qwen_Qwen3-8B,8B,8.0,gsm8k_test_000644,6,thinking_minus_no_think_answer,3.5641012191772425,True,False
Qwen_Qwen3-8B,8B,8.0,gsm8k_test_000644,13,think_answer_minus_no_think_answer,0.7830696105957031,True,False
Qwen_Qwen3-8B,8B,8.0,gsm8k_test_000644,13,thinking_minus_think_answer,0.15081214904785156,True,False
Qwen_Qwen3-8B,8B,8.0,gsm8k_test_000644,13,thinking_minus_no_think_answer,0.9338817596435547,True,False
Qwen_Qwen3-8B,8B,8.0,gsm8k_test_000644,20,think_answer_minus_no_think_answer,0.5964498519897461,True,False
Qwen_Qwen3-8B,8B,8.0,gsm8k_test_000644,20,thinking_minus_think_answer,0.5011463165283203,True,False
Qwen_Qwen3-8B,8B,8.0,gsm8k_test_000644,20,thinking_minus_no_think_answer,1.0975961685180664,True,False
Qwen_Qwen3-8B,8B,8.0,gsm8k_test_000645,6,think_answer_minus_no_think_answer,-0.7385272979736328,True,True
Qwen_Qwen3-8B,8B,8.0,gsm8k_test_000645,6,thinking_minus_think_answer,7.17332649230957,True,True
Qwen_Qwen3-8B,8B,8.0,gsm8k_test_000645,6,thinking_minus_no_think_answer,6.4347991943359375,True,True
Qwen_Qwen3-8B,8B,8.0,gsm8k_test_000645,13,think_answer_minus_no_think_answer,1.7674331665039062,True,True
Qwen_Qwen3-8B,8B,8.0,gsm8k_test_000645,13,thinking_minus_think_answer,0.11068630218506037,True,True
Qwen_Qwen3-8B,8B,8.0,gsm8k_test_000645,13,thinking_minus_no_think_answer,1.8781194686889666,True,True
Qwen_Qwen3-8B,8B,8.0,gsm8k_test_000645,20,think_answer_minus_no_think_answer,-0.7857418060302717,True,True
Qwen_Qwen3-8B,8B,8.0,gsm8k_test_000645,20,thinking_minus_think_answer,0.21157073974609197,True,True
Qwen_Qwen3-8B,8B,8.0,gsm8k_test_000645,20,thinking_minus_no_think_answer,-0.5741710662841797,True,True
Qwen_Qwen3-8B,8B,8.0,gsm8k_test_000655,6,think_answer_minus_no_think_answer,-0.27289009094238104,True,True
Qwen_Qwen3-8B,8B,8.0,gsm8k_test_000655,6,thinking_minus_think_answer,0.5719375610351562,True,True
Qwen_Qwen3-8B,8B,8.0,gsm8k_test_000655,6,thinking_minus_no_think_answer,0.2990474700927752,True,True
Qwen_Qwen3-8B,8B,8.0,gsm8k_test_000655,13,think_answer_minus_no_think_answer,0.25331974029541016,True,True
Qwen_Qwen3-8B,8B,8.0,gsm8k_test_000655,13,thinking_minus_think_answer,-2.1341676712036133,True,True
Qwen_Qwen3-8B,8B,8.0,gsm8k_test_000655,13,thinking_minus_no_think_answer,-1.8808479309082031,True,True
Qwen_Qwen3-8B,8B,8.0,gsm8k_test_000655,20,think_answer_minus_no_think_answer,0.7293472290039062,True,True
Qwen_Qwen3-8B,8B,8.0,gsm8k_test_000655,20,thinking_minus_think_answer,-2.158597946166992,True,True
Qwen_Qwen3-8B,8B,8.0,gsm8k_test_000655,20,thinking_minus_no_think_answer,-1.429250717163086,True,True
Qwen_Qwen3-8B,8B,8.0,gsm8k_test_000695,6,think_answer_minus_no_think_answer,2.588415145874025,True,True
Qwen_Qwen3-8B,8B,8.0,gsm8k_test_000695,6,thinking_minus_think_answer,1.3717336654663086,True,True
Qwen_Qwen3-8B,8B,8.0,gsm8k_test_000695,6,thinking_minus_no_think_answer,3.960148811340334,True,True
Qwen_Qwen3-8B,8B,8.0,gsm8k_test_000695,13,think_answer_minus_no_think_answer,0.7802829742431641,True,True
Qwen_Qwen3-8B,8B,8.0,gsm8k_test_000695,13,thinking_minus_think_answer,0.4739379882812518,True,True
Qwen_Qwen3-8B,8B,8.0,gsm8k_test_000695,13,thinking_minus_no_think_answer,1.2542209625244158,True,True
Qwen_Qwen3-8B,8B,8.0,gsm8k_test_000695,20,think_answer_minus_no_think_answer,0.6319541931152344,True,True
Qwen_Qwen3-8B,8B,8.0,gsm8k_test_000695,20,thinking_minus_think_answer,15.763195991516113,True,True
Qwen_Qwen3-8B,8B,8.0,gsm8k_test_000695,20,thinking_minus_no_think_answer,16.395150184631348,True,True
Qwen_Qwen3-8B,8B,8.0,gsm8k_test_000697,6,think_answer_minus_no_think_answer,-1.6725730895996076,True,True
Qwen_Qwen3-8B,8B,8.0,gsm8k_test_000697,6,thinking_minus_think_answer,2.094937324523926,True,True
Qwen_Qwen3-8B,8B,8.0,gsm8k_test_000697,6,thinking_minus_no_think_answer,0.4223642349243182,True,True
Qwen_Qwen3-8B,8B,8.0,gsm8k_test_000697,13,think_answer_minus_no_think_answer,-0.3622760772705078,True,True
Qwen_Qwen3-8B,8B,8.0,gsm8k_test_000697,13,thinking_minus_think_answer,-0.20412635803222656,True,True
Qwen_Qwen3-8B,8B,8.0,gsm8k_test_000697,13,thinking_minus_no_think_answer,-0.5664024353027344,True,True
Qwen_Qwen3-8B,8B,8.0,gsm8k_test_000697,20,think_answer_minus_no_think_answer,-1.1257781982421875,True,True
Qwen_Qwen3-8B,8B,8.0,gsm8k_test_000697,20,thinking_minus_think_answer,0.12419986724853516,True,True
Qwen_Qwen3-8B,8B,8.0,gsm8k_test_000697,20,thinking_minus_no_think_answer,-1.0015783309936523,True,True
Qwen_Qwen3-8B,8B,8.0,gsm8k_test_000713,6,think_answer_minus_no_think_answer,-2.59334659576416,True,True
Qwen_Qwen3-8B,8B,8.0,gsm8k_test_000713,6,thinking_minus_think_answer,4.120957374572754,True,True
Qwen_Qwen3-8B,8B,8.0,gsm8k_test_000713,6,thinking_minus_no_think_answer,1.5276107788085938,True,True
Qwen_Qwen3-8B,8B,8.0,gsm8k_test_000713,13,think_answer_minus_no_think_answer,-0.1687498092651385,True,True
Qwen_Qwen3-8B,8B,8.0,gsm8k_test_000713,13,thinking_minus_think_answer,-0.16904449462890625,True,True
Qwen_Qwen3-8B,8B,8.0,gsm8k_test_000713,13,thinking_minus_no_think_answer,-0.33779430389404475,True,True
Qwen_Qwen3-8B,8B,8.0,gsm8k_test_000713,20,think_answer_minus_no_think_answer,-0.9406681060790998,True,True
Qwen_Qwen3-8B,8B,8.0,gsm8k_test_000713,20,thinking_minus_think_answer,0.5144186019897443,True,True
Qwen_Qwen3-8B,8B,8.0,gsm8k_test_000713,20,thinking_minus_no_think_answer,-0.42624950408935547,True,True
Qwen_Qwen3-8B,8B,8.0,gsm8k_test_000759,6,think_answer_minus_no_think_answer,1.5272865295410156,True,True
Qwen_Qwen3-8B,8B,8.0,gsm8k_test_000759,6,thinking_minus_think_answer,1.6695032119750977,True,True
Qwen_Qwen3-8B,8B,8.0,gsm8k_test_000759,6,thinking_minus_no_think_answer,3.1967897415161133,True,True
Qwen_Qwen3-8B,8B,8.0,gsm8k_test_000759,13,think_answer_minus_no_think_answer,1.2914495468139666,True,True
Qwen_Qwen3-8B,8B,8.0,gsm8k_test_000759,13,thinking_minus_think_answer,0.09566879272460938,True,True
Qwen_Qwen3-8B,8B,8.0,gsm8k_test_000759,13,thinking_minus_no_think_answer,1.387118339538576,True,True
Qwen_Qwen3-8B,8B,8.0,gsm8k_test_000759,20,think_answer_minus_no_think_answer,-0.3527421951293963,True,True
Qwen_Qwen3-8B,8B,8.0,gsm8k_test_000759,20,thinking_minus_think_answer,0.2690715789794922,True,True
Qwen_Qwen3-8B,8B,8.0,gsm8k_test_000759,20,thinking_minus_no_think_answer,-0.08367061614990412,True,True
Qwen_Qwen3-8B,8B,8.0,gsm8k_test_000760,6,think_answer_minus_no_think_answer,0.004240989685058594,True,False
Qwen_Qwen3-8B,8B,8.0,gsm8k_test_000760,6,thinking_minus_think_answer,-0.3627414703369123,True,False
Qwen_Qwen3-8B,8B,8.0,gsm8k_test_000760,6,thinking_minus_no_think_answer,-0.3585004806518537,True,False
Qwen_Qwen3-8B,8B,8.0,gsm8k_test_000760,13,think_answer_minus_no_think_answer,-0.3186216354370117,True,False
Qwen_Qwen3-8B,8B,8.0,gsm8k_test_000760,13,thinking_minus_think_answer,-0.30464744567871094,True,False
Qwen_Qwen3-8B,8B,8.0,gsm8k_test_000760,13,thinking_minus_no_think_answer,-0.6232690811157227,True,False
Qwen_Qwen3-8B,8B,8.0,gsm8k_test_000760,20,think_answer_minus_no_think_answer,-1.5063886642456055,True,False
Qwen_Qwen3-8B,8B,8.0,gsm8k_test_000760,20,thinking_minus_think_answer,10.92446231842041,True,False
Qwen_Qwen3-8B,8B,8.0,gsm8k_test_000760,20,thinking_minus_no_think_answer,9.418073654174805,True,False
Qwen_Qwen3-8B,8B,8.0,gsm8k_test_000775,6,think_answer_minus_no_think_answer,-1.9601774215698242,True,False
Qwen_Qwen3-8B,8B,8.0,gsm8k_test_000775,6,thinking_minus_think_answer,-2.0189571380615234,True,False
Qwen_Qwen3-8B,8B,8.0,gsm8k_test_000775,6,thinking_minus_no_think_answer,-3.9791345596313477,True,False
Qwen_Qwen3-8B,8B,8.0,gsm8k_test_000775,13,think_answer_minus_no_think_answer,0.772003173828125,True,False
Qwen_Qwen3-8B,8B,8.0,gsm8k_test_000775,13,thinking_minus_think_answer,-2.74517822265625,True,False
Qwen_Qwen3-8B,8B,8.0,gsm8k_test_000775,13,thinking_minus_no_think_answer,-1.973175048828125,True,False
Qwen_Qwen3-8B,8B,8.0,gsm8k_test_000775,20,think_answer_minus_no_think_answer,-0.5373601913452166,True,False
Qwen_Qwen3-8B,8B,8.0,gsm8k_test_000775,20,thinking_minus_think_answer,-1.0854263305664062,True,False
Qwen_Qwen3-8B,8B,8.0,gsm8k_test_000775,20,thinking_minus_no_think_answer,-1.6227865219116229,True,False
Qwen_Qwen3-8B,8B,8.0,gsm8k_test_000814,6,think_answer_minus_no_think_answer,1.1214704513549787,False,False
Qwen_Qwen3-8B,8B,8.0,gsm8k_test_000814,6,thinking_minus_think_answer,2.291278839111328,False,False
Qwen_Qwen3-8B,8B,8.0,gsm8k_test_000814,6,thinking_minus_no_think_answer,3.412749290466307,False,False
Qwen_Qwen3-8B,8B,8.0,gsm8k_test_000814,13,think_answer_minus_no_think_answer,0.9916162490844744,False,False
Qwen_Qwen3-8B,8B,8.0,gsm8k_test_000814,13,thinking_minus_think_answer,-1.116167068481447,False,False
Qwen_Qwen3-8B,8B,8.0,gsm8k_test_000814,13,thinking_minus_no_think_answer,-0.12455081939697266,False,False
Qwen_Qwen3-8B,8B,8.0,gsm8k_test_000814,20,think_answer_minus_no_think_answer,-0.7639169692993164,False,False
Qwen_Qwen3-8B,8B,8.0,gsm8k_test_000814,20,thinking_minus_think_answer,-0.8185205459594709,False,False
Qwen_Qwen3-8B,8B,8.0,gsm8k_test_000814,20,thinking_minus_no_think_answer,-1.5824375152587873,False,False
Qwen_Qwen3-8B,8B,8.0,gsm8k_test_000875,6,think_answer_minus_no_think_answer,0.6247615814208949,True,False
Qwen_Qwen3-8B,8B,8.0,gsm8k_test_000875,6,thinking_minus_think_answer,6.978146553039553,True,False
Qwen_Qwen3-8B,8B,8.0,gsm8k_test_000875,6,thinking_minus_no_think_answer,7.602908134460447,True,False
Qwen_Qwen3-8B,8B,8.0,gsm8k_test_000875,13,think_answer_minus_no_think_answer,1.5409612655639666,True,False
Qwen_Qwen3-8B,8B,8.0,gsm8k_test_000875,13,thinking_minus_think_answer,-0.8826236724853498,True,False
Qwen_Qwen3-8B,8B,8.0,gsm8k_test_000875,13,thinking_minus_no_think_answer,0.6583375930786168,True,False
Qwen_Qwen3-8B,8B,8.0,gsm8k_test_000875,20,think_answer_minus_no_think_answer,-0.9662609100341797,True,False
Qwen_Qwen3-8B,8B,8.0,gsm8k_test_000875,20,thinking_minus_think_answer,17.115657806396484,True,False
Qwen_Qwen3-8B,8B,8.0,gsm8k_test_000875,20,thinking_minus_no_think_answer,16.149396896362305,True,False
Qwen_Qwen3-8B,8B,8.0,gsm8k_test_000900,6,think_answer_minus_no_think_answer,0.3193473815917951,True,True
Qwen_Qwen3-8B,8B,8.0,gsm8k_test_000900,6,thinking_minus_think_answer,0.7579565048217791,True,True
Qwen_Qwen3-8B,8B,8.0,gsm8k_test_000900,6,thinking_minus_no_think_answer,1.0773038864135742,True,True
Qwen_Qwen3-8B,8B,8.0,gsm8k_test_000900,13,think_answer_minus_no_think_answer,-0.9117393493652344,True,True
Qwen_Qwen3-8B,8B,8.0,gsm8k_test_000900,13,thinking_minus_think_answer,-0.6947994232177734,True,True
Qwen_Qwen3-8B,8B,8.0,gsm8k_test_000900,13,thinking_minus_no_think_answer,-1.6065387725830078,True,True
Qwen_Qwen3-8B,8B,8.0,gsm8k_test_000900,20,think_answer_minus_no_think_answer,0.33841133117675604,True,True
Qwen_Qwen3-8B,8B,8.0,gsm8k_test_000900,20,thinking_minus_think_answer,27.791417121887207,True,True
Qwen_Qwen3-8B,8B,8.0,gsm8k_test_000900,20,thinking_minus_no_think_answer,28.129828453063965,True,True
Qwen_Qwen3-8B,8B,8.0,gsm8k_test_000901,6,think_answer_minus_no_think_answer,-3.492243766784668,True,False
Qwen_Qwen3-8B,8B,8.0,gsm8k_test_000901,6,thinking_minus_think_answer,-2.3371992111206037,True,False
Qwen_Qwen3-8B,8B,8.0,gsm8k_test_000901,6,thinking_minus_no_think_answer,-5.829442977905272,True,False
Qwen_Qwen3-8B,8B,8.0,gsm8k_test_000901,13,think_answer_minus_no_think_answer,-0.4485197067260742,True,False
Qwen_Qwen3-8B,8B,8.0,gsm8k_test_000901,13,thinking_minus_think_answer,-3.3167276382446307,True,False
Qwen_Qwen3-8B,8B,8.0,gsm8k_test_000901,13,thinking_minus_no_think_answer,-3.765247344970705,True,False
Qwen_Qwen3-8B,8B,8.0,gsm8k_test_000901,20,think_answer_minus_no_think_answer,-0.3813629150390625,True,False
Qwen_Qwen3-8B,8B,8.0,gsm8k_test_000901,20,thinking_minus_think_answer,-1.6670684814453107,True,False
Qwen_Qwen3-8B,8B,8.0,gsm8k_test_000901,20,thinking_minus_no_think_answer,-2.0484313964843732,True,False
Qwen_Qwen3-8B,8B,8.0,gsm8k_test_000923,6,think_answer_minus_no_think_answer,-5.594797134399418,False,True
Qwen_Qwen3-8B,8B,8.0,gsm8k_test_000923,6,thinking_minus_think_answer,-2.727254867553711,False,True
Qwen_Qwen3-8B,8B,8.0,gsm8k_test_000923,6,thinking_minus_no_think_answer,-8.322052001953129,False,True
Qwen_Qwen3-8B,8B,8.0,gsm8k_test_000923,13,think_answer_minus_no_think_answer,-2.647658348083496,False,True
Qwen_Qwen3-8B,8B,8.0,gsm8k_test_000923,13,thinking_minus_think_answer,-2.4836978912353516,False,True
Qwen_Qwen3-8B,8B,8.0,gsm8k_test_000923,13,thinking_minus_no_think_answer,-5.131356239318848,False,True
Qwen_Qwen3-8B,8B,8.0,gsm8k_test_000923,20,think_answer_minus_no_think_answer,-0.15168476104736328,False,True
Qwen_Qwen3-8B,8B,8.0,gsm8k_test_000923,20,thinking_minus_think_answer,-1.8555889129638672,False,True
Qwen_Qwen3-8B,8B,8.0,gsm8k_test_000923,20,thinking_minus_no_think_answer,-2.0072736740112305,False,True
Qwen_Qwen3-8B,8B,8.0,gsm8k_test_000924,6,think_answer_minus_no_think_answer,-2.1700878143310547,True,True
Qwen_Qwen3-8B,8B,8.0,gsm8k_test_000924,6,thinking_minus_think_answer,-3.6557912826538104,True,True
Qwen_Qwen3-8B,8B,8.0,gsm8k_test_000924,6,thinking_minus_no_think_answer,-5.825879096984865,True,True
Qwen_Qwen3-8B,8B,8.0,gsm8k_test_000924,13,think_answer_minus_no_think_answer,-2.389458656311035,True,True
Qwen_Qwen3-8B,8B,8.0,gsm8k_test_000924,13,thinking_minus_think_answer,-3.143609046936035,True,True
Qwen_Qwen3-8B,8B,8.0,gsm8k_test_000924,13,thinking_minus_no_think_answer,-5.53306770324707,True,True
Qwen_Qwen3-8B,8B,8.0,gsm8k_test_000924,20,think_answer_minus_no_think_answer,-1.7879695892333984,True,True
Qwen_Qwen3-8B,8B,8.0,gsm8k_test_000924,20,thinking_minus_think_answer,6.018796920776367,True,True
Qwen_Qwen3-8B,8B,8.0,gsm8k_test_000924,20,thinking_minus_no_think_answer,4.230827331542969,True,True
Qwen_Qwen3-8B,8B,8.0,gsm8k_test_000965,6,think_answer_minus_no_think_answer,-3.6243677139282227,True,False
Qwen_Qwen3-8B,8B,8.0,gsm8k_test_000965,6,thinking_minus_think_answer,-0.48651981353759766,True,False
Qwen_Qwen3-8B,8B,8.0,gsm8k_test_000965,6,thinking_minus_no_think_answer,-4.11088752746582,True,False
Qwen_Qwen3-8B,8B,8.0,gsm8k_test_000965,13,think_answer_minus_no_think_answer,-1.5849275588989258,True,False
Qwen_Qwen3-8B,8B,8.0,gsm8k_test_000965,13,thinking_minus_think_answer,-0.490298271179201,True,False
Qwen_Qwen3-8B,8B,8.0,gsm8k_test_000965,13,thinking_minus_no_think_answer,-2.0752258300781268,True,False
Qwen_Qwen3-8B,8B,8.0,gsm8k_test_000965,20,think_answer_minus_no_think_answer,-0.8832235336303711,True,False
Qwen_Qwen3-8B,8B,8.0,gsm8k_test_000965,20,thinking_minus_think_answer,12.255391120910645,True,False
Qwen_Qwen3-8B,8B,8.0,gsm8k_test_000965,20,thinking_minus_no_think_answer,11.372167587280273,True,False
Qwen_Qwen3-8B,8B,8.0,gsm8k_test_000990,6,think_answer_minus_no_think_answer,-1.971696853637697,True,True
Qwen_Qwen3-8B,8B,8.0,gsm8k_test_000990,6,thinking_minus_think_answer,0.25373554229736506,True,True
Qwen_Qwen3-8B,8B,8.0,gsm8k_test_000990,6,thinking_minus_no_think_answer,-1.717961311340332,True,True
Qwen_Qwen3-8B,8B,8.0,gsm8k_test_000990,13,think_answer_minus_no_think_answer,2.230254173278807,True,True
Qwen_Qwen3-8B,8B,8.0,gsm8k_test_000990,13,thinking_minus_think_answer,-3.4752140045166016,True,True
Qwen_Qwen3-8B,8B,8.0,gsm8k_test_000990,13,thinking_minus_no_think_answer,-1.2449598312377947,True,True
Qwen_Qwen3-8B,8B,8.0,gsm8k_test_000990,20,think_answer_minus_no_think_answer,-0.3742485046386719,True,True
Qwen_Qwen3-8B,8B,8.0,gsm8k_test_000990,20,thinking_minus_think_answer,-0.672698974609375,True,True
Qwen_Qwen3-8B,8B,8.0,gsm8k_test_000990,20,thinking_minus_no_think_answer,-1.0469474792480469,True,True
Qwen_Qwen3-8B,8B,8.0,gsm8k_test_001017,6,think_answer_minus_no_think_answer,-1.5962982177734375,True,True
Qwen_Qwen3-8B,8B,8.0,gsm8k_test_001017,6,thinking_minus_think_answer,0.3158111572265625,True,True
Qwen_Qwen3-8B,8B,8.0,gsm8k_test_001017,6,thinking_minus_no_think_answer,-1.280487060546875,True,True
Qwen_Qwen3-8B,8B,8.0,gsm8k_test_001017,13,think_answer_minus_no_think_answer,0.4348287582397461,True,True
Qwen_Qwen3-8B,8B,8.0,gsm8k_test_001017,13,thinking_minus_think_answer,-0.26262760162353516,True,True
Qwen_Qwen3-8B,8B,8.0,gsm8k_test_001017,13,thinking_minus_no_think_answer,0.17220115661621094,True,True
Qwen_Qwen3-8B,8B,8.0,gsm8k_test_001017,20,think_answer_minus_no_think_answer,-1.5555353164672852,True,True
Qwen_Qwen3-8B,8B,8.0,gsm8k_test_001017,20,thinking_minus_think_answer,17.339648246765137,True,True
Qwen_Qwen3-8B,8B,8.0,gsm8k_test_001017,20,thinking_minus_no_think_answer,15.784112930297852,True,True
Qwen_Qwen3-8B,8B,8.0,gsm8k_test_001031,6,think_answer_minus_no_think_answer,0.059444427490234375,True,True
Qwen_Qwen3-8B,8B,8.0,gsm8k_test_001031,6,thinking_minus_think_answer,5.304653167724609,True,True
Qwen_Qwen3-8B,8B,8.0,gsm8k_test_001031,6,thinking_minus_no_think_answer,5.364097595214844,True,True
Qwen_Qwen3-8B,8B,8.0,gsm8k_test_001031,13,think_answer_minus_no_think_answer,0.27168750762939453,True,True
Qwen_Qwen3-8B,8B,8.0,gsm8k_test_001031,13,thinking_minus_think_answer,-0.0639200210571289,True,True
Qwen_Qwen3-8B,8B,8.0,gsm8k_test_001031,13,thinking_minus_no_think_answer,0.20776748657226562,True,True
Qwen_Qwen3-8B,8B,8.0,gsm8k_test_001031,20,think_answer_minus_no_think_answer,-0.3527917861938459,True,True
Qwen_Qwen3-8B,8B,8.0,gsm8k_test_001031,20,thinking_minus_think_answer,12.570154190063473,True,True
Qwen_Qwen3-8B,8B,8.0,gsm8k_test_001031,20,thinking_minus_no_think_answer,12.217362403869627,True,True
Qwen_Qwen3-8B,8B,8.0,gsm8k_test_001038,6,think_answer_minus_no_think_answer,-1.2544889450073242,True,False
Qwen_Qwen3-8B,8B,8.0,gsm8k_test_001038,6,thinking_minus_think_answer,3.650358200073242,True,False
Qwen_Qwen3-8B,8B,8.0,gsm8k_test_001038,6,thinking_minus_no_think_answer,2.395869255065918,True,False
Qwen_Qwen3-8B,8B,8.0,gsm8k_test_001038,13,think_answer_minus_no_think_answer,0.44487857818603693,True,False
Qwen_Qwen3-8B,8B,8.0,gsm8k_test_001038,13,thinking_minus_think_answer,0.3328390121459943,True,False
Qwen_Qwen3-8B,8B,8.0,gsm8k_test_001038,13,thinking_minus_no_think_answer,0.7777175903320312,True,False
Qwen_Qwen3-8B,8B,8.0,gsm8k_test_001038,20,think_answer_minus_no_think_answer,-1.8463735580444336,True,False
Qwen_Qwen3-8B,8B,8.0,gsm8k_test_001038,20,thinking_minus_think_answer,1.3971977233886719,True,False
Qwen_Qwen3-8B,8B,8.0,gsm8k_test_001038,20,thinking_minus_no_think_answer,-0.4491758346557617,True,False
Qwen_Qwen3-8B,8B,8.0,gsm8k_test_001043,6,think_answer_minus_no_think_answer,1.8853549957275373,True,True
Qwen_Qwen3-8B,8B,8.0,gsm8k_test_001043,6,thinking_minus_think_answer,-0.5930995941162092,True,True
Qwen_Qwen3-8B,8B,8.0,gsm8k_test_001043,6,thinking_minus_no_think_answer,1.2922554016113281,True,True
Qwen_Qwen3-8B,8B,8.0,gsm8k_test_001043,13,think_answer_minus_no_think_answer,2.3867273330688477,True,True
Qwen_Qwen3-8B,8B,8.0,gsm8k_test_001043,13,thinking_minus_think_answer,-1.4839401245117188,True,True
Qwen_Qwen3-8B,8B,8.0,gsm8k_test_001043,13,thinking_minus_no_think_answer,0.9027872085571289,True,True
Qwen_Qwen3-8B,8B,8.0,gsm8k_test_001043,20,think_answer_minus_no_think_answer,-0.15463256835937322,True,True
Qwen_Qwen3-8B,8B,8.0,gsm8k_test_001043,20,thinking_minus_think_answer,22.033808708190918,True,True
Qwen_Qwen3-8B,8B,8.0,gsm8k_test_001043,20,thinking_minus_no_think_answer,21.879176139831543,True,True
Qwen_Qwen3-8B,8B,8.0,gsm8k_test_001059,6,think_answer_minus_no_think_answer,-3.976825714111328,False,True
Qwen_Qwen3-8B,8B,8.0,gsm8k_test_001059,6,thinking_minus_think_answer,4.858163833618164,False,True
Qwen_Qwen3-8B,8B,8.0,gsm8k_test_001059,6,thinking_minus_no_think_answer,0.8813381195068359,False,True
Qwen_Qwen3-8B,8B,8.0,gsm8k_test_001059,13,think_answer_minus_no_think_answer,1.4544944763183594,False,True
Qwen_Qwen3-8B,8B,8.0,gsm8k_test_001059,13,thinking_minus_think_answer,-1.299015998840332,False,True
Qwen_Qwen3-8B,8B,8.0,gsm8k_test_001059,13,thinking_minus_no_think_answer,0.15547847747802734,False,True
Qwen_Qwen3-8B,8B,8.0,gsm8k_test_001059,20,think_answer_minus_no_think_answer,-0.059525489807128906,False,True
Qwen_Qwen3-8B,8B,8.0,gsm8k_test_001059,20,thinking_minus_think_answer,-0.048553466796875,False,True
Qwen_Qwen3-8B,8B,8.0,gsm8k_test_001059,20,thinking_minus_no_think_answer,-0.1080789566040039,False,True
Qwen_Qwen3-8B,8B,8.0,gsm8k_test_001082,6,think_answer_minus_no_think_answer,2.8461675643920916,False,False
Qwen_Qwen3-8B,8B,8.0,gsm8k_test_001082,6,thinking_minus_think_answer,-4.682168006896974,False,False
Qwen_Qwen3-8B,8B,8.0,gsm8k_test_001082,6,thinking_minus_no_think_answer,-1.8360004425048828,False,False
Qwen_Qwen3-8B,8B,8.0,gsm8k_test_001082,13,think_answer_minus_no_think_answer,0.5188207626342773,False,False
Qwen_Qwen3-8B,8B,8.0,gsm8k_test_001082,13,thinking_minus_think_answer,-2.805013656616211,False,False
Qwen_Qwen3-8B,8B,8.0,gsm8k_test_001082,13,thinking_minus_no_think_answer,-2.2861928939819336,False,False
Qwen_Qwen3-8B,8B,8.0,gsm8k_test_001082,20,think_answer_minus_no_think_answer,0.5165348052978516,False,False
Qwen_Qwen3-8B,8B,8.0,gsm8k_test_001082,20,thinking_minus_think_answer,9.471193313598633,False,False
Qwen_Qwen3-8B,8B,8.0,gsm8k_test_001082,20,thinking_minus_no_think_answer,9.987728118896484,False,False
Qwen_Qwen3-8B,8B,8.0,gsm8k_test_001094,6,think_answer_minus_no_think_answer,0.6049451828002947,True,False
Qwen_Qwen3-8B,8B,8.0,gsm8k_test_001094,6,thinking_minus_think_answer,1.4525003433227521,True,False
Qwen_Qwen3-8B,8B,8.0,gsm8k_test_001094,6,thinking_minus_no_think_answer,2.057445526123047,True,False
Qwen_Qwen3-8B,8B,8.0,gsm8k_test_001094,13,think_answer_minus_no_think_answer,1.2986087799072266,True,False
Qwen_Qwen3-8B,8B,8.0,gsm8k_test_001094,13,thinking_minus_think_answer,-2.1622495651245117,True,False
Qwen_Qwen3-8B,8B,8.0,gsm8k_test_001094,13,thinking_minus_no_think_answer,-0.8636407852172852,True,False
Qwen_Qwen3-8B,8B,8.0,gsm8k_test_001094,20,think_answer_minus_no_think_answer,-2.0823020935058594,True,False
Qwen_Qwen3-8B,8B,8.0,gsm8k_test_001094,20,thinking_minus_think_answer,3.009777069091795,True,False
Qwen_Qwen3-8B,8B,8.0,gsm8k_test_001094,20,thinking_minus_no_think_answer,0.9274749755859357,True,False
Qwen_Qwen3-8B,8B,8.0,gsm8k_test_001145,6,think_answer_minus_no_think_answer,1.2779808044433594,True,False
Qwen_Qwen3-8B,8B,8.0,gsm8k_test_001145,6,thinking_minus_think_answer,-0.26555919647216797,True,False
Qwen_Qwen3-8B,8B,8.0,gsm8k_test_001145,6,thinking_minus_no_think_answer,1.0124216079711914,True,False
Qwen_Qwen3-8B,8B,8.0,gsm8k_test_001145,13,think_answer_minus_no_think_answer,-0.30581188201904297,True,False
Qwen_Qwen3-8B,8B,8.0,gsm8k_test_001145,13,thinking_minus_think_answer,-0.4990015029907209,True,False
Qwen_Qwen3-8B,8B,8.0,gsm8k_test_001145,13,thinking_minus_no_think_answer,-0.8048133850097638,True,False
Qwen_Qwen3-8B,8B,8.0,gsm8k_test_001145,20,think_answer_minus_no_think_answer,-0.4105758666992205,True,False
Qwen_Qwen3-8B,8B,8.0,gsm8k_test_001145,20,thinking_minus_think_answer,-0.8887453079223651,True,False
Qwen_Qwen3-8B,8B,8.0,gsm8k_test_001145,20,thinking_minus_no_think_answer,-1.2993211746215856,True,False
Qwen_Qwen3-8B,8B,8.0,gsm8k_test_001182,6,think_answer_minus_no_think_answer,-6.979158401489258,True,True
Qwen_Qwen3-8B,8B,8.0,gsm8k_test_001182,6,thinking_minus_think_answer,-0.8177433013916016,True,True
Qwen_Qwen3-8B,8B,8.0,gsm8k_test_001182,6,thinking_minus_no_think_answer,-7.796901702880859,True,True
Qwen_Qwen3-8B,8B,8.0,gsm8k_test_001182,13,think_answer_minus_no_think_answer,-0.7917718887329119,True,True
Qwen_Qwen3-8B,8B,8.0,gsm8k_test_001182,13,thinking_minus_think_answer,-1.1346416473388654,True,True
Qwen_Qwen3-8B,8B,8.0,gsm8k_test_001182,13,thinking_minus_no_think_answer,-1.9264135360717773,True,True
Qwen_Qwen3-8B,8B,8.0,gsm8k_test_001182,20,think_answer_minus_no_think_answer,-0.18833732604980646,True,True
Qwen_Qwen3-8B,8B,8.0,gsm8k_test_001182,20,thinking_minus_think_answer,6.2098569869995135,True,True
Qwen_Qwen3-8B,8B,8.0,gsm8k_test_001182,20,thinking_minus_no_think_answer,6.021519660949707,True,True
Qwen_Qwen3-8B,8B,8.0,gsm8k_test_001209,6,think_answer_minus_no_think_answer,1.6564636230468714,True,False
Qwen_Qwen3-8B,8B,8.0,gsm8k_test_001209,6,thinking_minus_think_answer,-1.8156623840331996,True,False
Qwen_Qwen3-8B,8B,8.0,gsm8k_test_001209,6,thinking_minus_no_think_answer,-0.15919876098632812,True,False
Qwen_Qwen3-8B,8B,8.0,gsm8k_test_001209,13,think_answer_minus_no_think_answer,-0.9855136871337891,True,False
Qwen_Qwen3-8B,8B,8.0,gsm8k_test_001209,13,thinking_minus_think_answer,0.1754770278930664,True,False
Qwen_Qwen3-8B,8B,8.0,gsm8k_test_001209,13,thinking_minus_no_think_answer,-0.8100366592407227,True,False
Qwen_Qwen3-8B,8B,8.0,gsm8k_test_001209,20,think_answer_minus_no_think_answer,-0.6551818847656268,True,False
Qwen_Qwen3-8B,8B,8.0,gsm8k_test_001209,20,thinking_minus_think_answer,-0.10227012634277344,True,False
Qwen_Qwen3-8B,8B,8.0,gsm8k_test_001209,20,thinking_minus_no_think_answer,-0.7574520111084002,True,False
Qwen_Qwen3-8B,8B,8.0,gsm8k_test_001221,6,think_answer_minus_no_think_answer,2.3033275604248065,True,True
Qwen_Qwen3-8B,8B,8.0,gsm8k_test_001221,6,thinking_minus_think_answer,1.8690004348754883,True,True
Qwen_Qwen3-8B,8B,8.0,gsm8k_test_001221,6,thinking_minus_no_think_answer,4.172327995300295,True,True
Qwen_Qwen3-8B,8B,8.0,gsm8k_test_001221,13,think_answer_minus_no_think_answer,0.791168212890625,True,True
Qwen_Qwen3-8B,8B,8.0,gsm8k_test_001221,13,thinking_minus_think_answer,1.1716899871826154,True,True
Qwen_Qwen3-8B,8B,8.0,gsm8k_test_001221,13,thinking_minus_no_think_answer,1.9628582000732404,True,True
Qwen_Qwen3-8B,8B,8.0,gsm8k_test_001221,20,think_answer_minus_no_think_answer,-1.4717512130737322,True,True
Qwen_Qwen3-8B,8B,8.0,gsm8k_test_001221,20,thinking_minus_think_answer,1.779099464416504,True,True
Qwen_Qwen3-8B,8B,8.0,gsm8k_test_001221,20,thinking_minus_no_think_answer,0.30734825134277166,True,True
Qwen_Qwen3-8B,8B,8.0,gsm8k_test_001247,6,think_answer_minus_no_think_answer,1.4517650604248047,False,False
Qwen_Qwen3-8B,8B,8.0,gsm8k_test_001247,6,thinking_minus_think_answer,-1.9241352081298828,False,False
Qwen_Qwen3-8B,8B,8.0,gsm8k_test_001247,6,thinking_minus_no_think_answer,-0.4723701477050781,False,False
Qwen_Qwen3-8B,8B,8.0,gsm8k_test_001247,13,think_answer_minus_no_think_answer,0.06244182586669744,False,False
Qwen_Qwen3-8B,8B,8.0,gsm8k_test_001247,13,thinking_minus_think_answer,-0.7701721191406232,False,False
Qwen_Qwen3-8B,8B,8.0,gsm8k_test_001247,13,thinking_minus_no_think_answer,-0.7077302932739258,False,False
Qwen_Qwen3-8B,8B,8.0,gsm8k_test_001247,20,think_answer_minus_no_think_answer,-1.3309640884399414,False,False
Qwen_Qwen3-8B,8B,8.0,gsm8k_test_001247,20,thinking_minus_think_answer,0.19162845611572266,False,False
Qwen_Qwen3-8B,8B,8.0,gsm8k_test_001247,20,thinking_minus_no_think_answer,-1.1393356323242188,False,False
Qwen_Qwen3-8B,8B,8.0,gsm8k_test_001253,6,think_answer_minus_no_think_answer,0.8179836273193359,True,False
Qwen_Qwen3-8B,8B,8.0,gsm8k_test_001253,6,thinking_minus_think_answer,3.622441291809082,True,False
Qwen_Qwen3-8B,8B,8.0,gsm8k_test_001253,6,thinking_minus_no_think_answer,4.440424919128418,True,False
Qwen_Qwen3-8B,8B,8.0,gsm8k_test_001253,13,think_answer_minus_no_think_answer,2.248815536499025,True,False
Qwen_Qwen3-8B,8B,8.0,gsm8k_test_001253,13,thinking_minus_think_answer,-0.8763799667358416,True,False
Qwen_Qwen3-8B,8B,8.0,gsm8k_test_001253,13,thinking_minus_no_think_answer,1.3724355697631836,True,False
Qwen_Qwen3-8B,8B,8.0,gsm8k_test_001253,20,think_answer_minus_no_think_answer,0.6230382919311523,True,False
Qwen_Qwen3-8B,8B,8.0,gsm8k_test_001253,20,thinking_minus_think_answer,-0.5300111770629883,True,False
Qwen_Qwen3-8B,8B,8.0,gsm8k_test_001253,20,thinking_minus_no_think_answer,0.09302711486816406,True,False
Qwen_Qwen3-8B,8B,8.0,gsm8k_test_001275,6,think_answer_minus_no_think_answer,-1.900299072265625,True,False
Qwen_Qwen3-8B,8B,8.0,gsm8k_test_001275,6,thinking_minus_think_answer,2.5298461914062536,True,False
Qwen_Qwen3-8B,8B,8.0,gsm8k_test_001275,6,thinking_minus_no_think_answer,0.6295471191406286,True,False
Qwen_Qwen3-8B,8B,8.0,gsm8k_test_001275,13,think_answer_minus_no_think_answer,1.6920833587646467,True,False
Qwen_Qwen3-8B,8B,8.0,gsm8k_test_001275,13,thinking_minus_think_answer,0.4528656005859375,True,False
Qwen_Qwen3-8B,8B,8.0,gsm8k_test_001275,13,thinking_minus_no_think_answer,2.144948959350584,True,False
Qwen_Qwen3-8B,8B,8.0,gsm8k_test_001275,20,think_answer_minus_no_think_answer,-0.0643577575683576,True,False
Qwen_Qwen3-8B,8B,8.0,gsm8k_test_001275,20,thinking_minus_think_answer,16.402629852294922,True,False
Qwen_Qwen3-8B,8B,8.0,gsm8k_test_001275,20,thinking_minus_no_think_answer,16.338272094726562,True,False
Qwen_Qwen3-8B,8B,8.0,gsm8k_test_001307,6,think_answer_minus_no_think_answer,1.1215515136718768,True,True
Qwen_Qwen3-8B,8B,8.0,gsm8k_test_001307,6,thinking_minus_think_answer,4.833353042602534,True,True
Qwen_Qwen3-8B,8B,8.0,gsm8k_test_001307,6,thinking_minus_no_think_answer,5.9549045562744105,True,True
Qwen_Qwen3-8B,8B,8.0,gsm8k_test_001307,13,think_answer_minus_no_think_answer,0.5390605926513672,True,True
Qwen_Qwen3-8B,8B,8.0,gsm8k_test_001307,13,thinking_minus_think_answer,-0.5791416168212891,True,True
Qwen_Qwen3-8B,8B,8.0,gsm8k_test_001307,13,thinking_minus_no_think_answer,-0.040081024169921875,True,True
Qwen_Qwen3-8B,8B,8.0,gsm8k_test_001307,20,think_answer_minus_no_think_answer,0.4113988876342791,True,True
Qwen_Qwen3-8B,8B,8.0,gsm8k_test_001307,20,thinking_minus_think_answer,-0.5566005706787109,True,True
Qwen_Qwen3-8B,8B,8.0,gsm8k_test_001307,20,thinking_minus_no_think_answer,-0.14520168304443182,True,True
