experiment,condition_id,example_id,mode,prompt_variant,family,segment,layer,k,normalize_hidden_states,token_count,valid_token_count,valid,mean_lid,invalid_reason,segment_parse_status,correct,answer_parse_status,gold_answer,model_answer
exp_c,exp_c__gsm8k_test_000003__think,gsm8k_test_000003,think,canonical,,full_output,6,10,False,46,46,True,13.480685234069824,,ok,True,ok,540,540.0
exp_c,exp_c__gsm8k_test_000003__think,gsm8k_test_000003,think,canonical,,full_output,13,10,False,46,46,True,11.117351531982422,,ok,True,ok,540,540.0
exp_c,exp_c__gsm8k_test_000003__think,gsm8k_test_000003,think,canonical,,full_output,20,10,False,46,46,True,12.170153617858888,,ok,True,ok,540,540.0
exp_c,exp_c__gsm8k_test_000003__think,gsm8k_test_000003,think,canonical,,thinking_segment,6,10,False,3,0,False,,too_short,ok_qwen_token_boundary,True,ok,540,540.0
exp_c,exp_c__gsm8k_test_000003__think,gsm8k_test_000003,think,canonical,,thinking_segment,13,10,False,3,0,False,,too_short,ok_qwen_token_boundary,True,ok,540,540.0
exp_c,exp_c__gsm8k_test_000003__think,gsm8k_test_000003,think,canonical,,thinking_segment,20,10,False,3,0,False,,too_short,ok_qwen_token_boundary,True,ok,540,540.0
exp_c,exp_c__gsm8k_test_000003__think,gsm8k_test_000003,think,canonical,,answer_segment,6,10,False,43,43,True,15.19820499420166,,ok_qwen_token_boundary,True,ok,540,540.0
exp_c,exp_c__gsm8k_test_000003__think,gsm8k_test_000003,think,canonical,,answer_segment,13,10,False,43,43,True,11.498957633972168,,ok_qwen_token_boundary,True,ok,540,540.0
exp_c,exp_c__gsm8k_test_000003__think,gsm8k_test_000003,think,canonical,,answer_segment,20,10,False,43,43,True,12.320730209350586,,ok_qwen_token_boundary,True,ok,540,540.0
exp_c,exp_c__gsm8k_test_000003__no_think,gsm8k_test_000003,no_think,canonical,,full_output,6,10,False,42,42,True,15.016613006591797,,ok,True,ok,540,540.0
exp_c,exp_c__gsm8k_test_000003__no_think,gsm8k_test_000003,no_think,canonical,,full_output,13,10,False,42,42,True,11.30828094482422,,ok,True,ok,540,540.0
exp_c,exp_c__gsm8k_test_000003__no_think,gsm8k_test_000003,no_think,canonical,,full_output,20,10,False,42,42,True,12.345134735107422,,ok,True,ok,540,540.0
exp_c,exp_c__gsm8k_test_000003__no_think,gsm8k_test_000003,no_think,canonical,,answer_segment,6,10,False,42,42,True,15.016613006591797,,ok,True,ok,540,540.0
exp_c,exp_c__gsm8k_test_000003__no_think,gsm8k_test_000003,no_think,canonical,,answer_segment,13,10,False,42,42,True,11.30828094482422,,ok,True,ok,540,540.0
exp_c,exp_c__gsm8k_test_000003__no_think,gsm8k_test_000003,no_think,canonical,,answer_segment,20,10,False,42,42,True,12.345134735107422,,ok,True,ok,540,540.0
exp_c,exp_c__gsm8k_test_000007__think,gsm8k_test_000007,think,canonical,,full_output,6,10,False,562,562,True,8.623702049255371,,ok,False,ok,160,100.0
exp_c,exp_c__gsm8k_test_000007__think,gsm8k_test_000007,think,canonical,,full_output,13,10,False,562,562,True,8.655921936035156,,ok,False,ok,160,100.0
exp_c,exp_c__gsm8k_test_000007__think,gsm8k_test_000007,think,canonical,,full_output,20,10,False,562,562,True,8.320003509521484,,ok,False,ok,160,100.0
exp_c,exp_c__gsm8k_test_000007__think,gsm8k_test_000007,think,canonical,,thinking_segment,6,10,False,514,514,True,7.947964191436768,,ok_qwen_token_boundary,False,ok,160,100.0
exp_c,exp_c__gsm8k_test_000007__think,gsm8k_test_000007,think,canonical,,thinking_segment,13,10,False,514,514,True,8.168244361877441,,ok_qwen_token_boundary,False,ok,160,100.0
exp_c,exp_c__gsm8k_test_000007__think,gsm8k_test_000007,think,canonical,,thinking_segment,20,10,False,514,514,True,8.12695598602295,,ok_qwen_token_boundary,False,ok,160,100.0
exp_c,exp_c__gsm8k_test_000007__think,gsm8k_test_000007,think,canonical,,answer_segment,6,10,False,48,48,True,14.697270393371582,,ok_qwen_token_boundary,False,ok,160,100.0
exp_c,exp_c__gsm8k_test_000007__think,gsm8k_test_000007,think,canonical,,answer_segment,13,10,False,48,48,True,10.67499828338623,,ok_qwen_token_boundary,False,ok,160,100.0
exp_c,exp_c__gsm8k_test_000007__think,gsm8k_test_000007,think,canonical,,answer_segment,20,10,False,48,48,True,10.165058135986328,,ok_qwen_token_boundary,False,ok,160,100.0
exp_c,exp_c__gsm8k_test_000007__no_think,gsm8k_test_000007,no_think,canonical,,full_output,6,10,False,61,61,True,12.161406517028809,,ok,False,ok,160,120.0
exp_c,exp_c__gsm8k_test_000007__no_think,gsm8k_test_000007,no_think,canonical,,full_output,13,10,False,61,61,True,12.041465759277344,,ok,False,ok,160,120.0
exp_c,exp_c__gsm8k_test_000007__no_think,gsm8k_test_000007,no_think,canonical,,full_output,20,10,False,61,61,True,10.503778457641602,,ok,False,ok,160,120.0
exp_c,exp_c__gsm8k_test_000007__no_think,gsm8k_test_000007,no_think,canonical,,answer_segment,6,10,False,61,61,True,12.161406517028809,,ok,False,ok,160,120.0
exp_c,exp_c__gsm8k_test_000007__no_think,gsm8k_test_000007,no_think,canonical,,answer_segment,13,10,False,61,61,True,12.041465759277344,,ok,False,ok,160,120.0
exp_c,exp_c__gsm8k_test_000007__no_think,gsm8k_test_000007,no_think,canonical,,answer_segment,20,10,False,61,61,True,10.503778457641602,,ok,False,ok,160,120.0
exp_c,exp_c__gsm8k_test_000009__think,gsm8k_test_000009,think,canonical,,full_output,6,10,False,53,53,True,15.923962593078612,,ok,True,ok,460,460.0
exp_c,exp_c__gsm8k_test_000009__think,gsm8k_test_000009,think,canonical,,full_output,13,10,False,53,53,True,11.625272750854492,,ok,True,ok,460,460.0
exp_c,exp_c__gsm8k_test_000009__think,gsm8k_test_000009,think,canonical,,full_output,20,10,False,53,53,True,11.33542251586914,,ok,True,ok,460,460.0
exp_c,exp_c__gsm8k_test_000009__think,gsm8k_test_000009,think,canonical,,thinking_segment,6,10,False,3,0,False,,too_short,ok_qwen_token_boundary,True,ok,460,460.0
exp_c,exp_c__gsm8k_test_000009__think,gsm8k_test_000009,think,canonical,,thinking_segment,13,10,False,3,0,False,,too_short,ok_qwen_token_boundary,True,ok,460,460.0
exp_c,exp_c__gsm8k_test_000009__think,gsm8k_test_000009,think,canonical,,thinking_segment,20,10,False,3,0,False,,too_short,ok_qwen_token_boundary,True,ok,460,460.0
exp_c,exp_c__gsm8k_test_000009__think,gsm8k_test_000009,think,canonical,,answer_segment,6,10,False,50,50,True,17.488662719726562,,ok_qwen_token_boundary,True,ok,460,460.0
exp_c,exp_c__gsm8k_test_000009__think,gsm8k_test_000009,think,canonical,,answer_segment,13,10,False,50,50,True,11.540593147277832,,ok_qwen_token_boundary,True,ok,460,460.0
exp_c,exp_c__gsm8k_test_000009__think,gsm8k_test_000009,think,canonical,,answer_segment,20,10,False,50,50,True,11.357172012329102,,ok_qwen_token_boundary,True,ok,460,460.0
exp_c,exp_c__gsm8k_test_000009__no_think,gsm8k_test_000009,no_think,canonical,,full_output,6,10,False,49,49,True,16.778778076171875,,ok,True,ok,460,460.0
exp_c,exp_c__gsm8k_test_000009__no_think,gsm8k_test_000009,no_think,canonical,,full_output,13,10,False,49,49,True,11.084184646606444,,ok,True,ok,460,460.0
exp_c,exp_c__gsm8k_test_000009__no_think,gsm8k_test_000009,no_think,canonical,,full_output,20,10,False,49,49,True,11.583341598510742,,ok,True,ok,460,460.0
exp_c,exp_c__gsm8k_test_000009__no_think,gsm8k_test_000009,no_think,canonical,,answer_segment,6,10,False,49,49,True,16.778778076171875,,ok,True,ok,460,460.0
exp_c,exp_c__gsm8k_test_000009__no_think,gsm8k_test_000009,no_think,canonical,,answer_segment,13,10,False,49,49,True,11.084184646606444,,ok,True,ok,460,460.0
exp_c,exp_c__gsm8k_test_000009__no_think,gsm8k_test_000009,no_think,canonical,,answer_segment,20,10,False,49,49,True,11.583341598510742,,ok,True,ok,460,460.0
exp_c,exp_c__gsm8k_test_000028__think,gsm8k_test_000028,think,canonical,,full_output,6,10,False,375,375,True,10.631062507629396,,ok,True,ok,25,25.0
exp_c,exp_c__gsm8k_test_000028__think,gsm8k_test_000028,think,canonical,,full_output,13,10,False,375,375,True,9.338695526123049,,ok,True,ok,25,25.0
exp_c,exp_c__gsm8k_test_000028__think,gsm8k_test_000028,think,canonical,,full_output,20,10,False,375,375,True,8.722579002380371,,ok,True,ok,25,25.0
exp_c,exp_c__gsm8k_test_000028__think,gsm8k_test_000028,think,canonical,,thinking_segment,6,10,False,334,334,True,10.419832229614258,,ok_qwen_token_boundary,True,ok,25,25.0
exp_c,exp_c__gsm8k_test_000028__think,gsm8k_test_000028,think,canonical,,thinking_segment,13,10,False,334,334,True,9.331814765930176,,ok_qwen_token_boundary,True,ok,25,25.0
exp_c,exp_c__gsm8k_test_000028__think,gsm8k_test_000028,think,canonical,,thinking_segment,20,10,False,334,334,True,8.499666213989258,,ok_qwen_token_boundary,True,ok,25,25.0
exp_c,exp_c__gsm8k_test_000028__think,gsm8k_test_000028,think,canonical,,answer_segment,6,10,False,41,41,True,15.38127899169922,,ok_qwen_token_boundary,True,ok,25,25.0
exp_c,exp_c__gsm8k_test_000028__think,gsm8k_test_000028,think,canonical,,answer_segment,13,10,False,41,41,True,10.718996047973633,,ok_qwen_token_boundary,True,ok,25,25.0
exp_c,exp_c__gsm8k_test_000028__think,gsm8k_test_000028,think,canonical,,answer_segment,20,10,False,41,41,True,10.732706069946287,,ok_qwen_token_boundary,True,ok,25,25.0
exp_c,exp_c__gsm8k_test_000028__no_think,gsm8k_test_000028,no_think,canonical,,full_output,6,10,False,51,51,True,13.837210655212402,,ok,True,ok,25,25.0
exp_c,exp_c__gsm8k_test_000028__no_think,gsm8k_test_000028,no_think,canonical,,full_output,13,10,False,51,51,True,11.936991691589355,,ok,True,ok,25,25.0
exp_c,exp_c__gsm8k_test_000028__no_think,gsm8k_test_000028,no_think,canonical,,full_output,20,10,False,51,51,True,11.406149864196776,,ok,True,ok,25,25.0
exp_c,exp_c__gsm8k_test_000028__no_think,gsm8k_test_000028,no_think,canonical,,answer_segment,6,10,False,51,51,True,13.837210655212402,,ok,True,ok,25,25.0
exp_c,exp_c__gsm8k_test_000028__no_think,gsm8k_test_000028,no_think,canonical,,answer_segment,13,10,False,51,51,True,11.936991691589355,,ok,True,ok,25,25.0
exp_c,exp_c__gsm8k_test_000028__no_think,gsm8k_test_000028,no_think,canonical,,answer_segment,20,10,False,51,51,True,11.406149864196776,,ok,True,ok,25,25.0
exp_c,exp_c__gsm8k_test_000031__think,gsm8k_test_000031,think,canonical,,full_output,6,10,False,563,563,True,10.088228225708008,,ok,True,ok,80,80.0
exp_c,exp_c__gsm8k_test_000031__think,gsm8k_test_000031,think,canonical,,full_output,13,10,False,563,563,True,8.922080039978027,,ok,True,ok,80,80.0
exp_c,exp_c__gsm8k_test_000031__think,gsm8k_test_000031,think,canonical,,full_output,20,10,False,563,563,True,8.130667686462402,,ok,True,ok,80,80.0
exp_c,exp_c__gsm8k_test_000031__think,gsm8k_test_000031,think,canonical,,thinking_segment,6,10,False,514,514,True,9.55990219116211,,ok_qwen_token_boundary,True,ok,80,80.0
exp_c,exp_c__gsm8k_test_000031__think,gsm8k_test_000031,think,canonical,,thinking_segment,13,10,False,514,514,True,9.013711929321287,,ok_qwen_token_boundary,True,ok,80,80.0
exp_c,exp_c__gsm8k_test_000031__think,gsm8k_test_000031,think,canonical,,thinking_segment,20,10,False,514,514,True,7.781853675842285,,ok_qwen_token_boundary,True,ok,80,80.0
exp_c,exp_c__gsm8k_test_000031__think,gsm8k_test_000031,think,canonical,,answer_segment,6,10,False,49,49,True,12.827766418457031,,ok_qwen_token_boundary,True,ok,80,80.0
exp_c,exp_c__gsm8k_test_000031__think,gsm8k_test_000031,think,canonical,,answer_segment,13,10,False,49,49,True,10.418646812438965,,ok_qwen_token_boundary,True,ok,80,80.0
exp_c,exp_c__gsm8k_test_000031__think,gsm8k_test_000031,think,canonical,,answer_segment,20,10,False,49,49,True,11.9135160446167,,ok_qwen_token_boundary,True,ok,80,80.0
exp_c,exp_c__gsm8k_test_000031__no_think,gsm8k_test_000031,no_think,canonical,,full_output,6,10,False,66,66,True,14.014596939086914,,ok,False,ok,80,86.666
exp_c,exp_c__gsm8k_test_000031__no_think,gsm8k_test_000031,no_think,canonical,,full_output,13,10,False,66,66,True,11.149357795715332,,ok,False,ok,80,86.666
exp_c,exp_c__gsm8k_test_000031__no_think,gsm8k_test_000031,no_think,canonical,,full_output,20,10,False,66,66,True,11.400629997253418,,ok,False,ok,80,86.666
exp_c,exp_c__gsm8k_test_000031__no_think,gsm8k_test_000031,no_think,canonical,,answer_segment,6,10,False,66,66,True,14.014596939086914,,ok,False,ok,80,86.666
exp_c,exp_c__gsm8k_test_000031__no_think,gsm8k_test_000031,no_think,canonical,,answer_segment,13,10,False,66,66,True,11.149357795715332,,ok,False,ok,80,86.666
exp_c,exp_c__gsm8k_test_000031__no_think,gsm8k_test_000031,no_think,canonical,,answer_segment,20,10,False,66,66,True,11.400629997253418,,ok,False,ok,80,86.666
exp_c,exp_c__gsm8k_test_000035__think,gsm8k_test_000035,think,canonical,,full_output,6,10,False,49,49,True,12.600101470947266,,ok,True,ok,9,9.0
exp_c,exp_c__gsm8k_test_000035__think,gsm8k_test_000035,think,canonical,,full_output,13,10,False,49,49,True,10.784106254577637,,ok,True,ok,9,9.0
exp_c,exp_c__gsm8k_test_000035__think,gsm8k_test_000035,think,canonical,,full_output,20,10,False,49,49,True,11.393117904663086,,ok,True,ok,9,9.0
exp_c,exp_c__gsm8k_test_000035__think,gsm8k_test_000035,think,canonical,,thinking_segment,6,10,False,3,0,False,,too_short,ok_qwen_token_boundary,True,ok,9,9.0
exp_c,exp_c__gsm8k_test_000035__think,gsm8k_test_000035,think,canonical,,thinking_segment,13,10,False,3,0,False,,too_short,ok_qwen_token_boundary,True,ok,9,9.0
exp_c,exp_c__gsm8k_test_000035__think,gsm8k_test_000035,think,canonical,,thinking_segment,20,10,False,3,0,False,,too_short,ok_qwen_token_boundary,True,ok,9,9.0
exp_c,exp_c__gsm8k_test_000035__think,gsm8k_test_000035,think,canonical,,answer_segment,6,10,False,46,46,True,14.246670722961426,,ok_qwen_token_boundary,True,ok,9,9.0
exp_c,exp_c__gsm8k_test_000035__think,gsm8k_test_000035,think,canonical,,answer_segment,13,10,False,46,46,True,11.036745071411133,,ok_qwen_token_boundary,True,ok,9,9.0
exp_c,exp_c__gsm8k_test_000035__think,gsm8k_test_000035,think,canonical,,answer_segment,20,10,False,46,46,True,11.401564598083496,,ok_qwen_token_boundary,True,ok,9,9.0
exp_c,exp_c__gsm8k_test_000035__no_think,gsm8k_test_000035,no_think,canonical,,full_output,6,10,False,45,45,True,14.045567512512209,,ok,True,ok,9,9.0
exp_c,exp_c__gsm8k_test_000035__no_think,gsm8k_test_000035,no_think,canonical,,full_output,13,10,False,45,45,True,10.859956741333008,,ok,True,ok,9,9.0
exp_c,exp_c__gsm8k_test_000035__no_think,gsm8k_test_000035,no_think,canonical,,full_output,20,10,False,45,45,True,11.18207836151123,,ok,True,ok,9,9.0
exp_c,exp_c__gsm8k_test_000035__no_think,gsm8k_test_000035,no_think,canonical,,answer_segment,6,10,False,45,45,True,14.045567512512209,,ok,True,ok,9,9.0
exp_c,exp_c__gsm8k_test_000035__no_think,gsm8k_test_000035,no_think,canonical,,answer_segment,13,10,False,45,45,True,10.859956741333008,,ok,True,ok,9,9.0
exp_c,exp_c__gsm8k_test_000035__no_think,gsm8k_test_000035,no_think,canonical,,answer_segment,20,10,False,45,45,True,11.18207836151123,,ok,True,ok,9,9.0
exp_c,exp_c__gsm8k_test_000042__think,gsm8k_test_000042,think,canonical,,full_output,6,10,False,286,286,True,12.077795028686523,,ok,True,ok,26,26.0
exp_c,exp_c__gsm8k_test_000042__think,gsm8k_test_000042,think,canonical,,full_output,13,10,False,286,286,True,10.35291576385498,,ok,True,ok,26,26.0
exp_c,exp_c__gsm8k_test_000042__think,gsm8k_test_000042,think,canonical,,full_output,20,10,False,286,286,True,10.760091781616213,,ok,True,ok,26,26.0
exp_c,exp_c__gsm8k_test_000042__think,gsm8k_test_000042,think,canonical,,thinking_segment,6,10,False,240,240,True,12.539769172668455,,ok_qwen_token_boundary,True,ok,26,26.0
exp_c,exp_c__gsm8k_test_000042__think,gsm8k_test_000042,think,canonical,,thinking_segment,13,10,False,240,240,True,10.978973388671877,,ok_qwen_token_boundary,True,ok,26,26.0
exp_c,exp_c__gsm8k_test_000042__think,gsm8k_test_000042,think,canonical,,thinking_segment,20,10,False,240,240,True,11.010741233825684,,ok_qwen_token_boundary,True,ok,26,26.0
exp_c,exp_c__gsm8k_test_000042__think,gsm8k_test_000042,think,canonical,,answer_segment,6,10,False,46,46,True,16.7337589263916,,ok_qwen_token_boundary,True,ok,26,26.0
exp_c,exp_c__gsm8k_test_000042__think,gsm8k_test_000042,think,canonical,,answer_segment,13,10,False,46,46,True,11.864906311035156,,ok_qwen_token_boundary,True,ok,26,26.0
exp_c,exp_c__gsm8k_test_000042__think,gsm8k_test_000042,think,canonical,,answer_segment,20,10,False,46,46,True,12.14463233947754,,ok_qwen_token_boundary,True,ok,26,26.0
exp_c,exp_c__gsm8k_test_000042__no_think,gsm8k_test_000042,no_think,canonical,,full_output,6,10,False,44,44,True,13.817646026611328,,ok,True,ok,26,26.0
exp_c,exp_c__gsm8k_test_000042__no_think,gsm8k_test_000042,no_think,canonical,,full_output,13,10,False,44,44,True,10.582833290100098,,ok,True,ok,26,26.0
exp_c,exp_c__gsm8k_test_000042__no_think,gsm8k_test_000042,no_think,canonical,,full_output,20,10,False,44,44,True,11.985681533813477,,ok,True,ok,26,26.0
exp_c,exp_c__gsm8k_test_000042__no_think,gsm8k_test_000042,no_think,canonical,,answer_segment,6,10,False,44,44,True,13.817646026611328,,ok,True,ok,26,26.0
exp_c,exp_c__gsm8k_test_000042__no_think,gsm8k_test_000042,no_think,canonical,,answer_segment,13,10,False,44,44,True,10.582833290100098,,ok,True,ok,26,26.0
exp_c,exp_c__gsm8k_test_000042__no_think,gsm8k_test_000042,no_think,canonical,,answer_segment,20,10,False,44,44,True,11.985681533813477,,ok,True,ok,26,26.0
exp_c,exp_c__gsm8k_test_000044__think,gsm8k_test_000044,think,canonical,,full_output,6,10,False,565,565,True,10.63502025604248,,ok,False,ok,20,30.0
exp_c,exp_c__gsm8k_test_000044__think,gsm8k_test_000044,think,canonical,,full_output,13,10,False,565,565,True,9.361711502075195,,ok,False,ok,20,30.0
exp_c,exp_c__gsm8k_test_000044__think,gsm8k_test_000044,think,canonical,,full_output,20,10,False,565,565,True,8.962839126586914,,ok,False,ok,20,30.0
exp_c,exp_c__gsm8k_test_000044__think,gsm8k_test_000044,think,canonical,,thinking_segment,6,10,False,514,514,True,10.622389793395996,,ok_qwen_token_boundary,False,ok,20,30.0
exp_c,exp_c__gsm8k_test_000044__think,gsm8k_test_000044,think,canonical,,thinking_segment,13,10,False,514,514,True,9.42492389678955,,ok_qwen_token_boundary,False,ok,20,30.0
exp_c,exp_c__gsm8k_test_000044__think,gsm8k_test_000044,think,canonical,,thinking_segment,20,10,False,514,514,True,8.902573585510254,,ok_qwen_token_boundary,False,ok,20,30.0
exp_c,exp_c__gsm8k_test_000044__think,gsm8k_test_000044,think,canonical,,answer_segment,6,10,False,51,51,True,13.879854202270508,,ok_qwen_token_boundary,False,ok,20,30.0
exp_c,exp_c__gsm8k_test_000044__think,gsm8k_test_000044,think,canonical,,answer_segment,13,10,False,51,51,True,12.685510635375977,,ok_qwen_token_boundary,False,ok,20,30.0
exp_c,exp_c__gsm8k_test_000044__think,gsm8k_test_000044,think,canonical,,answer_segment,20,10,False,51,51,True,11.840923309326172,,ok_qwen_token_boundary,False,ok,20,30.0
exp_c,exp_c__gsm8k_test_000044__no_think,gsm8k_test_000044,no_think,canonical,,full_output,6,10,False,50,50,True,12.938791275024414,,ok,False,ok,20,200.0
exp_c,exp_c__gsm8k_test_000044__no_think,gsm8k_test_000044,no_think,canonical,,full_output,13,10,False,50,50,True,10.956867218017578,,ok,False,ok,20,200.0
exp_c,exp_c__gsm8k_test_000044__no_think,gsm8k_test_000044,no_think,canonical,,full_output,20,10,False,50,50,True,10.784311294555664,,ok,False,ok,20,200.0
exp_c,exp_c__gsm8k_test_000044__no_think,gsm8k_test_000044,no_think,canonical,,answer_segment,6,10,False,50,50,True,12.938791275024414,,ok,False,ok,20,200.0
exp_c,exp_c__gsm8k_test_000044__no_think,gsm8k_test_000044,no_think,canonical,,answer_segment,13,10,False,50,50,True,10.956867218017578,,ok,False,ok,20,200.0
exp_c,exp_c__gsm8k_test_000044__no_think,gsm8k_test_000044,no_think,canonical,,answer_segment,20,10,False,50,50,True,10.784311294555664,,ok,False,ok,20,200.0
exp_c,exp_c__gsm8k_test_000048__think,gsm8k_test_000048,think,canonical,,full_output,6,10,False,45,45,True,13.633605003356934,,ok,False,ok,8,6.666
exp_c,exp_c__gsm8k_test_000048__think,gsm8k_test_000048,think,canonical,,full_output,13,10,False,45,45,True,10.61573886871338,,ok,False,ok,8,6.666
exp_c,exp_c__gsm8k_test_000048__think,gsm8k_test_000048,think,canonical,,full_output,20,10,False,45,45,True,11.401938438415527,,ok,False,ok,8,6.666
exp_c,exp_c__gsm8k_test_000048__think,gsm8k_test_000048,think,canonical,,thinking_segment,6,10,False,3,0,False,,too_short,ok_qwen_token_boundary,False,ok,8,6.666
exp_c,exp_c__gsm8k_test_000048__think,gsm8k_test_000048,think,canonical,,thinking_segment,13,10,False,3,0,False,,too_short,ok_qwen_token_boundary,False,ok,8,6.666
exp_c,exp_c__gsm8k_test_000048__think,gsm8k_test_000048,think,canonical,,thinking_segment,20,10,False,3,0,False,,too_short,ok_qwen_token_boundary,False,ok,8,6.666
exp_c,exp_c__gsm8k_test_000048__think,gsm8k_test_000048,think,canonical,,answer_segment,6,10,False,42,42,True,15.564502716064451,,ok_qwen_token_boundary,False,ok,8,6.666
exp_c,exp_c__gsm8k_test_000048__think,gsm8k_test_000048,think,canonical,,answer_segment,13,10,False,42,42,True,10.691747665405272,,ok_qwen_token_boundary,False,ok,8,6.666
exp_c,exp_c__gsm8k_test_000048__think,gsm8k_test_000048,think,canonical,,answer_segment,20,10,False,42,42,True,11.87106227874756,,ok_qwen_token_boundary,False,ok,8,6.666
exp_c,exp_c__gsm8k_test_000048__no_think,gsm8k_test_000048,no_think,canonical,,full_output,6,10,False,41,41,True,15.19670581817627,,ok,False,ok,8,6.666
exp_c,exp_c__gsm8k_test_000048__no_think,gsm8k_test_000048,no_think,canonical,,full_output,13,10,False,41,41,True,10.335387229919434,,ok,False,ok,8,6.666
exp_c,exp_c__gsm8k_test_000048__no_think,gsm8k_test_000048,no_think,canonical,,full_output,20,10,False,41,41,True,11.963245391845703,,ok,False,ok,8,6.666
exp_c,exp_c__gsm8k_test_000048__no_think,gsm8k_test_000048,no_think,canonical,,answer_segment,6,10,False,41,41,True,15.19670581817627,,ok,False,ok,8,6.666
exp_c,exp_c__gsm8k_test_000048__no_think,gsm8k_test_000048,no_think,canonical,,answer_segment,13,10,False,41,41,True,10.335387229919434,,ok,False,ok,8,6.666
exp_c,exp_c__gsm8k_test_000048__no_think,gsm8k_test_000048,no_think,canonical,,answer_segment,20,10,False,41,41,True,11.963245391845703,,ok,False,ok,8,6.666
exp_c,exp_c__gsm8k_test_000054__think,gsm8k_test_000054,think,canonical,,full_output,6,10,False,566,566,True,9.661294937133787,,ok,False,ok,40,37.0
exp_c,exp_c__gsm8k_test_000054__think,gsm8k_test_000054,think,canonical,,full_output,13,10,False,566,566,True,8.99343490600586,,ok,False,ok,40,37.0
exp_c,exp_c__gsm8k_test_000054__think,gsm8k_test_000054,think,canonical,,full_output,20,10,False,566,566,True,8.00761890411377,,ok,False,ok,40,37.0
exp_c,exp_c__gsm8k_test_000054__think,gsm8k_test_000054,think,canonical,,thinking_segment,6,10,False,514,514,True,9.258975982666016,,ok_qwen_token_boundary,False,ok,40,37.0
exp_c,exp_c__gsm8k_test_000054__think,gsm8k_test_000054,think,canonical,,thinking_segment,13,10,False,514,514,True,9.001696586608887,,ok_qwen_token_boundary,False,ok,40,37.0
exp_c,exp_c__gsm8k_test_000054__think,gsm8k_test_000054,think,canonical,,thinking_segment,20,10,False,514,514,True,7.669267177581787,,ok_qwen_token_boundary,False,ok,40,37.0
exp_c,exp_c__gsm8k_test_000054__think,gsm8k_test_000054,think,canonical,,answer_segment,6,10,False,52,52,True,14.02254581451416,,ok_qwen_token_boundary,False,ok,40,37.0
exp_c,exp_c__gsm8k_test_000054__think,gsm8k_test_000054,think,canonical,,answer_segment,13,10,False,52,52,True,11.797624588012695,,ok_qwen_token_boundary,False,ok,40,37.0
exp_c,exp_c__gsm8k_test_000054__think,gsm8k_test_000054,think,canonical,,answer_segment,20,10,False,52,52,True,13.689499855041504,,ok_qwen_token_boundary,False,ok,40,37.0
exp_c,exp_c__gsm8k_test_000054__no_think,gsm8k_test_000054,no_think,canonical,,full_output,6,10,False,42,42,True,15.187355041503906,,ok,False,ok,40,15.0
exp_c,exp_c__gsm8k_test_000054__no_think,gsm8k_test_000054,no_think,canonical,,full_output,13,10,False,42,42,True,11.084505081176758,,ok,False,ok,40,15.0
exp_c,exp_c__gsm8k_test_000054__no_think,gsm8k_test_000054,no_think,canonical,,full_output,20,10,False,42,42,True,12.450183868408203,,ok,False,ok,40,15.0
exp_c,exp_c__gsm8k_test_000054__no_think,gsm8k_test_000054,no_think,canonical,,answer_segment,6,10,False,42,42,True,15.187355041503906,,ok,False,ok,40,15.0
exp_c,exp_c__gsm8k_test_000054__no_think,gsm8k_test_000054,no_think,canonical,,answer_segment,13,10,False,42,42,True,11.084505081176758,,ok,False,ok,40,15.0
exp_c,exp_c__gsm8k_test_000054__no_think,gsm8k_test_000054,no_think,canonical,,answer_segment,20,10,False,42,42,True,12.450183868408203,,ok,False,ok,40,15.0
exp_c,exp_c__gsm8k_test_000067__think,gsm8k_test_000067,think,canonical,,full_output,6,10,False,61,61,True,12.362750053405762,,ok,False,ok,595,345.0
exp_c,exp_c__gsm8k_test_000067__think,gsm8k_test_000067,think,canonical,,full_output,13,10,False,61,61,True,10.618916511535645,,ok,False,ok,595,345.0
exp_c,exp_c__gsm8k_test_000067__think,gsm8k_test_000067,think,canonical,,full_output,20,10,False,61,61,True,12.131104469299316,,ok,False,ok,595,345.0
exp_c,exp_c__gsm8k_test_000067__think,gsm8k_test_000067,think,canonical,,thinking_segment,6,10,False,3,0,False,,too_short,ok_qwen_token_boundary,False,ok,595,345.0
exp_c,exp_c__gsm8k_test_000067__think,gsm8k_test_000067,think,canonical,,thinking_segment,13,10,False,3,0,False,,too_short,ok_qwen_token_boundary,False,ok,595,345.0
exp_c,exp_c__gsm8k_test_000067__think,gsm8k_test_000067,think,canonical,,thinking_segment,20,10,False,3,0,False,,too_short,ok_qwen_token_boundary,False,ok,595,345.0
exp_c,exp_c__gsm8k_test_000067__think,gsm8k_test_000067,think,canonical,,answer_segment,6,10,False,58,58,True,14.016684532165527,,ok_qwen_token_boundary,False,ok,595,345.0
exp_c,exp_c__gsm8k_test_000067__think,gsm8k_test_000067,think,canonical,,answer_segment,13,10,False,58,58,True,10.608549118041992,,ok_qwen_token_boundary,False,ok,595,345.0
exp_c,exp_c__gsm8k_test_000067__think,gsm8k_test_000067,think,canonical,,answer_segment,20,10,False,58,58,True,12.159964561462402,,ok_qwen_token_boundary,False,ok,595,345.0
exp_c,exp_c__gsm8k_test_000067__no_think,gsm8k_test_000067,no_think,canonical,,full_output,6,10,False,57,57,True,13.503687858581545,,ok,False,ok,595,315.0
exp_c,exp_c__gsm8k_test_000067__no_think,gsm8k_test_000067,no_think,canonical,,full_output,13,10,False,57,57,True,10.894564628601074,,ok,False,ok,595,315.0
exp_c,exp_c__gsm8k_test_000067__no_think,gsm8k_test_000067,no_think,canonical,,full_output,20,10,False,57,57,True,12.195819854736328,,ok,False,ok,595,315.0
exp_c,exp_c__gsm8k_test_000067__no_think,gsm8k_test_000067,no_think,canonical,,answer_segment,6,10,False,57,57,True,13.503687858581545,,ok,False,ok,595,315.0
exp_c,exp_c__gsm8k_test_000067__no_think,gsm8k_test_000067,no_think,canonical,,answer_segment,13,10,False,57,57,True,10.894564628601074,,ok,False,ok,595,315.0
exp_c,exp_c__gsm8k_test_000067__no_think,gsm8k_test_000067,no_think,canonical,,answer_segment,20,10,False,57,57,True,12.195819854736328,,ok,False,ok,595,315.0
exp_c,exp_c__gsm8k_test_000069__think,gsm8k_test_000069,think,canonical,,full_output,6,10,False,51,51,True,14.184374809265137,,ok,True,ok,60,60.0
exp_c,exp_c__gsm8k_test_000069__think,gsm8k_test_000069,think,canonical,,full_output,13,10,False,51,51,True,11.169781684875488,,ok,True,ok,60,60.0
exp_c,exp_c__gsm8k_test_000069__think,gsm8k_test_000069,think,canonical,,full_output,20,10,False,51,51,True,12.588252067565918,,ok,True,ok,60,60.0
exp_c,exp_c__gsm8k_test_000069__think,gsm8k_test_000069,think,canonical,,thinking_segment,6,10,False,3,0,False,,too_short,ok_qwen_token_boundary,True,ok,60,60.0
exp_c,exp_c__gsm8k_test_000069__think,gsm8k_test_000069,think,canonical,,thinking_segment,13,10,False,3,0,False,,too_short,ok_qwen_token_boundary,True,ok,60,60.0
exp_c,exp_c__gsm8k_test_000069__think,gsm8k_test_000069,think,canonical,,thinking_segment,20,10,False,3,0,False,,too_short,ok_qwen_token_boundary,True,ok,60,60.0
exp_c,exp_c__gsm8k_test_000069__think,gsm8k_test_000069,think,canonical,,answer_segment,6,10,False,48,48,True,15.823729515075684,,ok_qwen_token_boundary,True,ok,60,60.0
exp_c,exp_c__gsm8k_test_000069__think,gsm8k_test_000069,think,canonical,,answer_segment,13,10,False,48,48,True,11.25943660736084,,ok_qwen_token_boundary,True,ok,60,60.0
exp_c,exp_c__gsm8k_test_000069__think,gsm8k_test_000069,think,canonical,,answer_segment,20,10,False,48,48,True,12.80943775177002,,ok_qwen_token_boundary,True,ok,60,60.0
exp_c,exp_c__gsm8k_test_000069__no_think,gsm8k_test_000069,no_think,canonical,,full_output,6,10,False,43,43,True,14.899425506591797,,ok,True,ok,60,60.0
exp_c,exp_c__gsm8k_test_000069__no_think,gsm8k_test_000069,no_think,canonical,,full_output,13,10,False,43,43,True,11.640702247619627,,ok,True,ok,60,60.0
exp_c,exp_c__gsm8k_test_000069__no_think,gsm8k_test_000069,no_think,canonical,,full_output,20,10,False,43,43,True,12.079984664916992,,ok,True,ok,60,60.0
exp_c,exp_c__gsm8k_test_000069__no_think,gsm8k_test_000069,no_think,canonical,,answer_segment,6,10,False,43,43,True,14.899425506591797,,ok,True,ok,60,60.0
exp_c,exp_c__gsm8k_test_000069__no_think,gsm8k_test_000069,no_think,canonical,,answer_segment,13,10,False,43,43,True,11.640702247619627,,ok,True,ok,60,60.0
exp_c,exp_c__gsm8k_test_000069__no_think,gsm8k_test_000069,no_think,canonical,,answer_segment,20,10,False,43,43,True,12.079984664916992,,ok,True,ok,60,60.0
exp_c,exp_c__gsm8k_test_000070__think,gsm8k_test_000070,think,canonical,,full_output,6,10,False,35,35,True,13.427242279052734,,ok,False,ok,7425,13.0
exp_c,exp_c__gsm8k_test_000070__think,gsm8k_test_000070,think,canonical,,full_output,13,10,False,35,35,True,10.600991249084473,,ok,False,ok,7425,13.0
exp_c,exp_c__gsm8k_test_000070__think,gsm8k_test_000070,think,canonical,,full_output,20,10,False,35,35,True,11.331636428833008,,ok,False,ok,7425,13.0
exp_c,exp_c__gsm8k_test_000070__think,gsm8k_test_000070,think,canonical,,thinking_segment,6,10,False,3,0,False,,too_short,ok_qwen_token_boundary,False,ok,7425,13.0
exp_c,exp_c__gsm8k_test_000070__think,gsm8k_test_000070,think,canonical,,thinking_segment,13,10,False,3,0,False,,too_short,ok_qwen_token_boundary,False,ok,7425,13.0
exp_c,exp_c__gsm8k_test_000070__think,gsm8k_test_000070,think,canonical,,thinking_segment,20,10,False,3,0,False,,too_short,ok_qwen_token_boundary,False,ok,7425,13.0
exp_c,exp_c__gsm8k_test_000070__think,gsm8k_test_000070,think,canonical,,answer_segment,6,10,False,32,32,True,15.83163070678711,,ok_qwen_token_boundary,False,ok,7425,13.0
exp_c,exp_c__gsm8k_test_000070__think,gsm8k_test_000070,think,canonical,,answer_segment,13,10,False,32,32,True,10.834928512573242,,ok_qwen_token_boundary,False,ok,7425,13.0
exp_c,exp_c__gsm8k_test_000070__think,gsm8k_test_000070,think,canonical,,answer_segment,20,10,False,32,32,True,11.275755882263184,,ok_qwen_token_boundary,False,ok,7425,13.0
exp_c,exp_c__gsm8k_test_000070__no_think,gsm8k_test_000070,no_think,canonical,,full_output,6,10,False,54,54,True,15.218274116516112,,ok,False,ok,7425,195.0
exp_c,exp_c__gsm8k_test_000070__no_think,gsm8k_test_000070,no_think,canonical,,full_output,13,10,False,54,54,True,12.06832218170166,,ok,False,ok,7425,195.0
exp_c,exp_c__gsm8k_test_000070__no_think,gsm8k_test_000070,no_think,canonical,,full_output,20,10,False,54,54,True,11.335013389587402,,ok,False,ok,7425,195.0
exp_c,exp_c__gsm8k_test_000070__no_think,gsm8k_test_000070,no_think,canonical,,answer_segment,6,10,False,54,54,True,15.218274116516112,,ok,False,ok,7425,195.0
exp_c,exp_c__gsm8k_test_000070__no_think,gsm8k_test_000070,no_think,canonical,,answer_segment,13,10,False,54,54,True,12.06832218170166,,ok,False,ok,7425,195.0
exp_c,exp_c__gsm8k_test_000070__no_think,gsm8k_test_000070,no_think,canonical,,answer_segment,20,10,False,54,54,True,11.335013389587402,,ok,False,ok,7425,195.0
exp_c,exp_c__gsm8k_test_000088__think,gsm8k_test_000088,think,canonical,,full_output,6,10,False,275,275,True,10.844341278076172,,ok,True,ok,8000,8000.0
exp_c,exp_c__gsm8k_test_000088__think,gsm8k_test_000088,think,canonical,,full_output,13,10,False,275,275,True,9.717265129089355,,ok,True,ok,8000,8000.0
exp_c,exp_c__gsm8k_test_000088__think,gsm8k_test_000088,think,canonical,,full_output,20,10,False,275,275,True,10.696500778198242,,ok,True,ok,8000,8000.0
exp_c,exp_c__gsm8k_test_000088__think,gsm8k_test_000088,think,canonical,,thinking_segment,6,10,False,217,217,True,10.807819366455078,,ok_qwen_token_boundary,True,ok,8000,8000.0
exp_c,exp_c__gsm8k_test_000088__think,gsm8k_test_000088,think,canonical,,thinking_segment,13,10,False,217,217,True,10.163405418395996,,ok_qwen_token_boundary,True,ok,8000,8000.0
exp_c,exp_c__gsm8k_test_000088__think,gsm8k_test_000088,think,canonical,,thinking_segment,20,10,False,217,217,True,10.566892623901367,,ok_qwen_token_boundary,True,ok,8000,8000.0
exp_c,exp_c__gsm8k_test_000088__think,gsm8k_test_000088,think,canonical,,answer_segment,6,10,False,58,58,True,16.4989070892334,,ok_qwen_token_boundary,True,ok,8000,8000.0
exp_c,exp_c__gsm8k_test_000088__think,gsm8k_test_000088,think,canonical,,answer_segment,13,10,False,58,58,True,12.07712173461914,,ok_qwen_token_boundary,True,ok,8000,8000.0
exp_c,exp_c__gsm8k_test_000088__think,gsm8k_test_000088,think,canonical,,answer_segment,20,10,False,58,58,True,11.53570556640625,,ok_qwen_token_boundary,True,ok,8000,8000.0
exp_c,exp_c__gsm8k_test_000088__no_think,gsm8k_test_000088,no_think,canonical,,full_output,6,10,False,57,57,True,13.54262351989746,,ok,True,ok,8000,8000.0
exp_c,exp_c__gsm8k_test_000088__no_think,gsm8k_test_000088,no_think,canonical,,full_output,13,10,False,57,57,True,10.592366218566896,,ok,True,ok,8000,8000.0
exp_c,exp_c__gsm8k_test_000088__no_think,gsm8k_test_000088,no_think,canonical,,full_output,20,10,False,57,57,True,11.145736694335938,,ok,True,ok,8000,8000.0
exp_c,exp_c__gsm8k_test_000088__no_think,gsm8k_test_000088,no_think,canonical,,answer_segment,6,10,False,57,57,True,13.54262351989746,,ok,True,ok,8000,8000.0
exp_c,exp_c__gsm8k_test_000088__no_think,gsm8k_test_000088,no_think,canonical,,answer_segment,13,10,False,57,57,True,10.592366218566896,,ok,True,ok,8000,8000.0
exp_c,exp_c__gsm8k_test_000088__no_think,gsm8k_test_000088,no_think,canonical,,answer_segment,20,10,False,57,57,True,11.145736694335938,,ok,True,ok,8000,8000.0
exp_c,exp_c__gsm8k_test_000091__think,gsm8k_test_000091,think,canonical,,full_output,6,10,False,58,58,True,12.115251541137695,,ok,False,ok,28,14.0
exp_c,exp_c__gsm8k_test_000091__think,gsm8k_test_000091,think,canonical,,full_output,13,10,False,58,58,True,10.628191947937012,,ok,False,ok,28,14.0
exp_c,exp_c__gsm8k_test_000091__think,gsm8k_test_000091,think,canonical,,full_output,20,10,False,58,58,True,12.514408111572266,,ok,False,ok,28,14.0
exp_c,exp_c__gsm8k_test_000091__think,gsm8k_test_000091,think,canonical,,thinking_segment,6,10,False,3,0,False,,too_short,ok_qwen_token_boundary,False,ok,28,14.0
exp_c,exp_c__gsm8k_test_000091__think,gsm8k_test_000091,think,canonical,,thinking_segment,13,10,False,3,0,False,,too_short,ok_qwen_token_boundary,False,ok,28,14.0
exp_c,exp_c__gsm8k_test_000091__think,gsm8k_test_000091,think,canonical,,thinking_segment,20,10,False,3,0,False,,too_short,ok_qwen_token_boundary,False,ok,28,14.0
exp_c,exp_c__gsm8k_test_000091__think,gsm8k_test_000091,think,canonical,,answer_segment,6,10,False,55,55,True,13.097369194030762,,ok_qwen_token_boundary,False,ok,28,14.0
exp_c,exp_c__gsm8k_test_000091__think,gsm8k_test_000091,think,canonical,,answer_segment,13,10,False,55,55,True,10.775154113769531,,ok_qwen_token_boundary,False,ok,28,14.0
exp_c,exp_c__gsm8k_test_000091__think,gsm8k_test_000091,think,canonical,,answer_segment,20,10,False,55,55,True,12.589346885681152,,ok_qwen_token_boundary,False,ok,28,14.0
exp_c,exp_c__gsm8k_test_000091__no_think,gsm8k_test_000091,no_think,canonical,,full_output,6,10,False,59,59,True,12.605551719665527,,ok,False,ok,28,16.0
exp_c,exp_c__gsm8k_test_000091__no_think,gsm8k_test_000091,no_think,canonical,,full_output,13,10,False,59,59,True,10.275203704833984,,ok,False,ok,28,16.0
exp_c,exp_c__gsm8k_test_000091__no_think,gsm8k_test_000091,no_think,canonical,,full_output,20,10,False,59,59,True,11.695262908935549,,ok,False,ok,28,16.0
exp_c,exp_c__gsm8k_test_000091__no_think,gsm8k_test_000091,no_think,canonical,,answer_segment,6,10,False,59,59,True,12.605551719665527,,ok,False,ok,28,16.0
exp_c,exp_c__gsm8k_test_000091__no_think,gsm8k_test_000091,no_think,canonical,,answer_segment,13,10,False,59,59,True,10.275203704833984,,ok,False,ok,28,16.0
exp_c,exp_c__gsm8k_test_000091__no_think,gsm8k_test_000091,no_think,canonical,,answer_segment,20,10,False,59,59,True,11.695262908935549,,ok,False,ok,28,16.0
exp_c,exp_c__gsm8k_test_000096__think,gsm8k_test_000096,think,canonical,,full_output,6,10,False,42,42,True,14.893532752990724,,ok,False,ok,3,5.0
exp_c,exp_c__gsm8k_test_000096__think,gsm8k_test_000096,think,canonical,,full_output,13,10,False,42,42,True,12.121264457702637,,ok,False,ok,3,5.0
exp_c,exp_c__gsm8k_test_000096__think,gsm8k_test_000096,think,canonical,,full_output,20,10,False,42,42,True,13.128911018371582,,ok,False,ok,3,5.0
exp_c,exp_c__gsm8k_test_000096__think,gsm8k_test_000096,think,canonical,,thinking_segment,6,10,False,3,0,False,,too_short,ok_qwen_token_boundary,False,ok,3,5.0
exp_c,exp_c__gsm8k_test_000096__think,gsm8k_test_000096,think,canonical,,thinking_segment,13,10,False,3,0,False,,too_short,ok_qwen_token_boundary,False,ok,3,5.0
exp_c,exp_c__gsm8k_test_000096__think,gsm8k_test_000096,think,canonical,,thinking_segment,20,10,False,3,0,False,,too_short,ok_qwen_token_boundary,False,ok,3,5.0
exp_c,exp_c__gsm8k_test_000096__think,gsm8k_test_000096,think,canonical,,answer_segment,6,10,False,39,39,True,16.955307006835938,,ok_qwen_token_boundary,False,ok,3,5.0
exp_c,exp_c__gsm8k_test_000096__think,gsm8k_test_000096,think,canonical,,answer_segment,13,10,False,39,39,True,12.343843460083008,,ok_qwen_token_boundary,False,ok,3,5.0
exp_c,exp_c__gsm8k_test_000096__think,gsm8k_test_000096,think,canonical,,answer_segment,20,10,False,39,39,True,13.90597915649414,,ok_qwen_token_boundary,False,ok,3,5.0
exp_c,exp_c__gsm8k_test_000096__no_think,gsm8k_test_000096,no_think,canonical,,full_output,6,10,False,44,44,True,16.810117721557617,,ok,True,ok,3,3.0
exp_c,exp_c__gsm8k_test_000096__no_think,gsm8k_test_000096,no_think,canonical,,full_output,13,10,False,44,44,True,13.197275161743164,,ok,True,ok,3,3.0
exp_c,exp_c__gsm8k_test_000096__no_think,gsm8k_test_000096,no_think,canonical,,full_output,20,10,False,44,44,True,12.28188705444336,,ok,True,ok,3,3.0
exp_c,exp_c__gsm8k_test_000096__no_think,gsm8k_test_000096,no_think,canonical,,answer_segment,6,10,False,44,44,True,16.810117721557617,,ok,True,ok,3,3.0
exp_c,exp_c__gsm8k_test_000096__no_think,gsm8k_test_000096,no_think,canonical,,answer_segment,13,10,False,44,44,True,13.197275161743164,,ok,True,ok,3,3.0
exp_c,exp_c__gsm8k_test_000096__no_think,gsm8k_test_000096,no_think,canonical,,answer_segment,20,10,False,44,44,True,12.28188705444336,,ok,True,ok,3,3.0
exp_c,exp_c__gsm8k_test_000099__think,gsm8k_test_000099,think,canonical,,full_output,6,10,False,239,239,True,14.492751121520996,,ok,True,ok,58,58.0
exp_c,exp_c__gsm8k_test_000099__think,gsm8k_test_000099,think,canonical,,full_output,13,10,False,239,239,True,11.445616722106934,,ok,True,ok,58,58.0
exp_c,exp_c__gsm8k_test_000099__think,gsm8k_test_000099,think,canonical,,full_output,20,10,False,239,239,True,10.93094539642334,,ok,True,ok,58,58.0
exp_c,exp_c__gsm8k_test_000099__think,gsm8k_test_000099,think,canonical,,thinking_segment,6,10,False,192,192,True,16.73102378845215,,ok_qwen_token_boundary,True,ok,58,58.0
exp_c,exp_c__gsm8k_test_000099__think,gsm8k_test_000099,think,canonical,,thinking_segment,13,10,False,192,192,True,11.855255126953123,,ok_qwen_token_boundary,True,ok,58,58.0
exp_c,exp_c__gsm8k_test_000099__think,gsm8k_test_000099,think,canonical,,thinking_segment,20,10,False,192,192,True,11.258296012878418,,ok_qwen_token_boundary,True,ok,58,58.0
exp_c,exp_c__gsm8k_test_000099__think,gsm8k_test_000099,think,canonical,,answer_segment,6,10,False,47,47,True,17.586990356445312,,ok_qwen_token_boundary,True,ok,58,58.0
exp_c,exp_c__gsm8k_test_000099__think,gsm8k_test_000099,think,canonical,,answer_segment,13,10,False,47,47,True,12.211685180664062,,ok_qwen_token_boundary,True,ok,58,58.0
exp_c,exp_c__gsm8k_test_000099__think,gsm8k_test_000099,think,canonical,,answer_segment,20,10,False,47,47,True,11.99802589416504,,ok_qwen_token_boundary,True,ok,58,58.0
exp_c,exp_c__gsm8k_test_000099__no_think,gsm8k_test_000099,no_think,canonical,,full_output,6,10,False,55,55,True,14.699094772338867,,ok,False,ok,58,68.0
exp_c,exp_c__gsm8k_test_000099__no_think,gsm8k_test_000099,no_think,canonical,,full_output,13,10,False,55,55,True,11.4473876953125,,ok,False,ok,58,68.0
exp_c,exp_c__gsm8k_test_000099__no_think,gsm8k_test_000099,no_think,canonical,,full_output,20,10,False,55,55,True,11.58062744140625,,ok,False,ok,58,68.0
exp_c,exp_c__gsm8k_test_000099__no_think,gsm8k_test_000099,no_think,canonical,,answer_segment,6,10,False,55,55,True,14.699094772338867,,ok,False,ok,58,68.0
exp_c,exp_c__gsm8k_test_000099__no_think,gsm8k_test_000099,no_think,canonical,,answer_segment,13,10,False,55,55,True,11.4473876953125,,ok,False,ok,58,68.0
exp_c,exp_c__gsm8k_test_000099__no_think,gsm8k_test_000099,no_think,canonical,,answer_segment,20,10,False,55,55,True,11.58062744140625,,ok,False,ok,58,68.0
exp_c,exp_c__gsm8k_test_000103__think,gsm8k_test_000103,think,canonical,,full_output,6,10,False,55,55,True,14.09469509124756,,ok,True,ok,140,140.0
exp_c,exp_c__gsm8k_test_000103__think,gsm8k_test_000103,think,canonical,,full_output,13,10,False,55,55,True,12.448882102966309,,ok,True,ok,140,140.0
exp_c,exp_c__gsm8k_test_000103__think,gsm8k_test_000103,think,canonical,,full_output,20,10,False,55,55,True,12.42466163635254,,ok,True,ok,140,140.0
exp_c,exp_c__gsm8k_test_000103__think,gsm8k_test_000103,think,canonical,,thinking_segment,6,10,False,3,0,False,,too_short,ok_qwen_token_boundary,True,ok,140,140.0
exp_c,exp_c__gsm8k_test_000103__think,gsm8k_test_000103,think,canonical,,thinking_segment,13,10,False,3,0,False,,too_short,ok_qwen_token_boundary,True,ok,140,140.0
exp_c,exp_c__gsm8k_test_000103__think,gsm8k_test_000103,think,canonical,,thinking_segment,20,10,False,3,0,False,,too_short,ok_qwen_token_boundary,True,ok,140,140.0
exp_c,exp_c__gsm8k_test_000103__think,gsm8k_test_000103,think,canonical,,answer_segment,6,10,False,52,52,True,15.088443756103516,,ok_qwen_token_boundary,True,ok,140,140.0
exp_c,exp_c__gsm8k_test_000103__think,gsm8k_test_000103,think,canonical,,answer_segment,13,10,False,52,52,True,12.05416774749756,,ok_qwen_token_boundary,True,ok,140,140.0
exp_c,exp_c__gsm8k_test_000103__think,gsm8k_test_000103,think,canonical,,answer_segment,20,10,False,52,52,True,12.519790649414062,,ok_qwen_token_boundary,True,ok,140,140.0
exp_c,exp_c__gsm8k_test_000103__no_think,gsm8k_test_000103,no_think,canonical,,full_output,6,10,False,51,51,True,14.810598373413086,,ok,True,ok,140,140.0
exp_c,exp_c__gsm8k_test_000103__no_think,gsm8k_test_000103,no_think,canonical,,full_output,13,10,False,51,51,True,12.03919506072998,,ok,True,ok,140,140.0
exp_c,exp_c__gsm8k_test_000103__no_think,gsm8k_test_000103,no_think,canonical,,full_output,20,10,False,51,51,True,12.38167953491211,,ok,True,ok,140,140.0
exp_c,exp_c__gsm8k_test_000103__no_think,gsm8k_test_000103,no_think,canonical,,answer_segment,6,10,False,51,51,True,14.810598373413086,,ok,True,ok,140,140.0
exp_c,exp_c__gsm8k_test_000103__no_think,gsm8k_test_000103,no_think,canonical,,answer_segment,13,10,False,51,51,True,12.03919506072998,,ok,True,ok,140,140.0
exp_c,exp_c__gsm8k_test_000103__no_think,gsm8k_test_000103,no_think,canonical,,answer_segment,20,10,False,51,51,True,12.38167953491211,,ok,True,ok,140,140.0
exp_c,exp_c__gsm8k_test_000109__think,gsm8k_test_000109,think,canonical,,full_output,6,10,False,403,403,True,10.14129638671875,,ok,True,ok,28,28.0
exp_c,exp_c__gsm8k_test_000109__think,gsm8k_test_000109,think,canonical,,full_output,13,10,False,403,403,True,9.594914436340332,,ok,True,ok,28,28.0
exp_c,exp_c__gsm8k_test_000109__think,gsm8k_test_000109,think,canonical,,full_output,20,10,False,403,403,True,9.875251770019531,,ok,True,ok,28,28.0
exp_c,exp_c__gsm8k_test_000109__think,gsm8k_test_000109,think,canonical,,thinking_segment,6,10,False,331,331,True,10.823725700378418,,ok_qwen_token_boundary,True,ok,28,28.0
exp_c,exp_c__gsm8k_test_000109__think,gsm8k_test_000109,think,canonical,,thinking_segment,13,10,False,331,331,True,10.130395889282228,,ok_qwen_token_boundary,True,ok,28,28.0
exp_c,exp_c__gsm8k_test_000109__think,gsm8k_test_000109,think,canonical,,thinking_segment,20,10,False,331,331,True,10.11519718170166,,ok_qwen_token_boundary,True,ok,28,28.0
exp_c,exp_c__gsm8k_test_000109__think,gsm8k_test_000109,think,canonical,,answer_segment,6,10,False,72,72,True,13.71575927734375,,ok_qwen_token_boundary,True,ok,28,28.0
exp_c,exp_c__gsm8k_test_000109__think,gsm8k_test_000109,think,canonical,,answer_segment,13,10,False,72,72,True,11.207104682922363,,ok_qwen_token_boundary,True,ok,28,28.0
exp_c,exp_c__gsm8k_test_000109__think,gsm8k_test_000109,think,canonical,,answer_segment,20,10,False,72,72,True,11.089938163757324,,ok_qwen_token_boundary,True,ok,28,28.0
exp_c,exp_c__gsm8k_test_000109__no_think,gsm8k_test_000109,no_think,canonical,,full_output,6,10,False,60,60,True,13.684771537780762,,ok,True,ok,28,28.0
exp_c,exp_c__gsm8k_test_000109__no_think,gsm8k_test_000109,no_think,canonical,,full_output,13,10,False,60,60,True,10.96419620513916,,ok,True,ok,28,28.0
exp_c,exp_c__gsm8k_test_000109__no_think,gsm8k_test_000109,no_think,canonical,,full_output,20,10,False,60,60,True,11.099838256835938,,ok,True,ok,28,28.0
exp_c,exp_c__gsm8k_test_000109__no_think,gsm8k_test_000109,no_think,canonical,,answer_segment,6,10,False,60,60,True,13.684771537780762,,ok,True,ok,28,28.0
exp_c,exp_c__gsm8k_test_000109__no_think,gsm8k_test_000109,no_think,canonical,,answer_segment,13,10,False,60,60,True,10.96419620513916,,ok,True,ok,28,28.0
exp_c,exp_c__gsm8k_test_000109__no_think,gsm8k_test_000109,no_think,canonical,,answer_segment,20,10,False,60,60,True,11.099838256835938,,ok,True,ok,28,28.0
exp_c,exp_c__gsm8k_test_000112__think,gsm8k_test_000112,think,canonical,,full_output,6,10,False,55,55,True,9.842206001281738,,ok,True,ok,24,24.0
exp_c,exp_c__gsm8k_test_000112__think,gsm8k_test_000112,think,canonical,,full_output,13,10,False,55,55,True,11.700479507446287,,ok,True,ok,24,24.0
exp_c,exp_c__gsm8k_test_000112__think,gsm8k_test_000112,think,canonical,,full_output,20,10,False,55,55,True,11.77987575531006,,ok,True,ok,24,24.0
exp_c,exp_c__gsm8k_test_000112__think,gsm8k_test_000112,think,canonical,,thinking_segment,6,10,False,3,0,False,,too_short,ok_qwen_token_boundary,True,ok,24,24.0
exp_c,exp_c__gsm8k_test_000112__think,gsm8k_test_000112,think,canonical,,thinking_segment,13,10,False,3,0,False,,too_short,ok_qwen_token_boundary,True,ok,24,24.0
exp_c,exp_c__gsm8k_test_000112__think,gsm8k_test_000112,think,canonical,,thinking_segment,20,10,False,3,0,False,,too_short,ok_qwen_token_boundary,True,ok,24,24.0
exp_c,exp_c__gsm8k_test_000112__think,gsm8k_test_000112,think,canonical,,answer_segment,6,10,False,52,52,True,11.058180809020996,,ok_qwen_token_boundary,True,ok,24,24.0
exp_c,exp_c__gsm8k_test_000112__think,gsm8k_test_000112,think,canonical,,answer_segment,13,10,False,52,52,True,11.298542022705078,,ok_qwen_token_boundary,True,ok,24,24.0
exp_c,exp_c__gsm8k_test_000112__think,gsm8k_test_000112,think,canonical,,answer_segment,20,10,False,52,52,True,11.579591751098633,,ok_qwen_token_boundary,True,ok,24,24.0
exp_c,exp_c__gsm8k_test_000112__no_think,gsm8k_test_000112,no_think,canonical,,full_output,6,10,False,46,46,True,12.706316947937012,,ok,True,ok,24,24.0
exp_c,exp_c__gsm8k_test_000112__no_think,gsm8k_test_000112,no_think,canonical,,full_output,13,10,False,46,46,True,11.4978666305542,,ok,True,ok,24,24.0
exp_c,exp_c__gsm8k_test_000112__no_think,gsm8k_test_000112,no_think,canonical,,full_output,20,10,False,46,46,True,12.297420501708984,,ok,True,ok,24,24.0
exp_c,exp_c__gsm8k_test_000112__no_think,gsm8k_test_000112,no_think,canonical,,answer_segment,6,10,False,46,46,True,12.706316947937012,,ok,True,ok,24,24.0
exp_c,exp_c__gsm8k_test_000112__no_think,gsm8k_test_000112,no_think,canonical,,answer_segment,13,10,False,46,46,True,11.4978666305542,,ok,True,ok,24,24.0
exp_c,exp_c__gsm8k_test_000112__no_think,gsm8k_test_000112,no_think,canonical,,answer_segment,20,10,False,46,46,True,12.297420501708984,,ok,True,ok,24,24.0
exp_c,exp_c__gsm8k_test_000118__think,gsm8k_test_000118,think,canonical,,full_output,6,10,False,229,229,True,12.600598335266112,,ok,True,ok,4,4.0
exp_c,exp_c__gsm8k_test_000118__think,gsm8k_test_000118,think,canonical,,full_output,13,10,False,229,229,True,11.359936714172363,,ok,True,ok,4,4.0
exp_c,exp_c__gsm8k_test_000118__think,gsm8k_test_000118,think,canonical,,full_output,20,10,False,229,229,True,11.05210018157959,,ok,True,ok,4,4.0
exp_c,exp_c__gsm8k_test_000118__think,gsm8k_test_000118,think,canonical,,thinking_segment,6,10,False,183,183,True,13.480698585510254,,ok_qwen_token_boundary,True,ok,4,4.0
exp_c,exp_c__gsm8k_test_000118__think,gsm8k_test_000118,think,canonical,,thinking_segment,13,10,False,183,183,True,11.56840991973877,,ok_qwen_token_boundary,True,ok,4,4.0
exp_c,exp_c__gsm8k_test_000118__think,gsm8k_test_000118,think,canonical,,thinking_segment,20,10,False,183,183,True,11.291805267333984,,ok_qwen_token_boundary,True,ok,4,4.0
exp_c,exp_c__gsm8k_test_000118__think,gsm8k_test_000118,think,canonical,,answer_segment,6,10,False,46,46,True,15.67014980316162,,ok_qwen_token_boundary,True,ok,4,4.0
exp_c,exp_c__gsm8k_test_000118__think,gsm8k_test_000118,think,canonical,,answer_segment,13,10,False,46,46,True,12.584760665893556,,ok_qwen_token_boundary,True,ok,4,4.0
exp_c,exp_c__gsm8k_test_000118__think,gsm8k_test_000118,think,canonical,,answer_segment,20,10,False,46,46,True,12.897139549255373,,ok_qwen_token_boundary,True,ok,4,4.0
exp_c,exp_c__gsm8k_test_000118__no_think,gsm8k_test_000118,no_think,canonical,,full_output,6,10,False,65,65,True,13.128670692443848,,ok,True,ok,4,4.0
exp_c,exp_c__gsm8k_test_000118__no_think,gsm8k_test_000118,no_think,canonical,,full_output,13,10,False,65,65,True,11.12730598449707,,ok,True,ok,4,4.0
exp_c,exp_c__gsm8k_test_000118__no_think,gsm8k_test_000118,no_think,canonical,,full_output,20,10,False,65,65,True,11.37326717376709,,ok,True,ok,4,4.0
exp_c,exp_c__gsm8k_test_000118__no_think,gsm8k_test_000118,no_think,canonical,,answer_segment,6,10,False,65,65,True,13.128670692443848,,ok,True,ok,4,4.0
exp_c,exp_c__gsm8k_test_000118__no_think,gsm8k_test_000118,no_think,canonical,,answer_segment,13,10,False,65,65,True,11.12730598449707,,ok,True,ok,4,4.0
exp_c,exp_c__gsm8k_test_000118__no_think,gsm8k_test_000118,no_think,canonical,,answer_segment,20,10,False,65,65,True,11.37326717376709,,ok,True,ok,4,4.0
exp_c,exp_c__gsm8k_test_000133__think,gsm8k_test_000133,think,canonical,,full_output,6,10,False,313,313,True,13.276229858398438,,ok,True,ok,13,13.0
exp_c,exp_c__gsm8k_test_000133__think,gsm8k_test_000133,think,canonical,,full_output,13,10,False,313,313,True,11.228338241577148,,ok,True,ok,13,13.0
exp_c,exp_c__gsm8k_test_000133__think,gsm8k_test_000133,think,canonical,,full_output,20,10,False,313,313,True,11.765392303466797,,ok,True,ok,13,13.0
exp_c,exp_c__gsm8k_test_000133__think,gsm8k_test_000133,think,canonical,,thinking_segment,6,10,False,267,267,True,13.625439643859863,,ok_qwen_token_boundary,True,ok,13,13.0
exp_c,exp_c__gsm8k_test_000133__think,gsm8k_test_000133,think,canonical,,thinking_segment,13,10,False,267,267,True,11.582009315490724,,ok_qwen_token_boundary,True,ok,13,13.0
exp_c,exp_c__gsm8k_test_000133__think,gsm8k_test_000133,think,canonical,,thinking_segment,20,10,False,267,267,True,11.667341232299805,,ok_qwen_token_boundary,True,ok,13,13.0
exp_c,exp_c__gsm8k_test_000133__think,gsm8k_test_000133,think,canonical,,answer_segment,6,10,False,46,46,True,14.79105281829834,,ok_qwen_token_boundary,True,ok,13,13.0
exp_c,exp_c__gsm8k_test_000133__think,gsm8k_test_000133,think,canonical,,answer_segment,13,10,False,46,46,True,12.171998023986816,,ok_qwen_token_boundary,True,ok,13,13.0
exp_c,exp_c__gsm8k_test_000133__think,gsm8k_test_000133,think,canonical,,answer_segment,20,10,False,46,46,True,13.295160293579102,,ok_qwen_token_boundary,True,ok,13,13.0
exp_c,exp_c__gsm8k_test_000133__no_think,gsm8k_test_000133,no_think,canonical,,full_output,6,10,False,35,35,True,14.496777534484863,,ok,True,ok,13,13.0
exp_c,exp_c__gsm8k_test_000133__no_think,gsm8k_test_000133,no_think,canonical,,full_output,13,10,False,35,35,True,11.109296798706056,,ok,True,ok,13,13.0
exp_c,exp_c__gsm8k_test_000133__no_think,gsm8k_test_000133,no_think,canonical,,full_output,20,10,False,35,35,True,11.582097053527832,,ok,True,ok,13,13.0
exp_c,exp_c__gsm8k_test_000133__no_think,gsm8k_test_000133,no_think,canonical,,answer_segment,6,10,False,35,35,True,14.496777534484863,,ok,True,ok,13,13.0
exp_c,exp_c__gsm8k_test_000133__no_think,gsm8k_test_000133,no_think,canonical,,answer_segment,13,10,False,35,35,True,11.109296798706056,,ok,True,ok,13,13.0
exp_c,exp_c__gsm8k_test_000133__no_think,gsm8k_test_000133,no_think,canonical,,answer_segment,20,10,False,35,35,True,11.582097053527832,,ok,True,ok,13,13.0
exp_c,exp_c__gsm8k_test_000135__think,gsm8k_test_000135,think,canonical,,full_output,6,10,False,44,44,True,14.402915000915527,,ok,False,ok,40,55.0
exp_c,exp_c__gsm8k_test_000135__think,gsm8k_test_000135,think,canonical,,full_output,13,10,False,44,44,True,11.1876220703125,,ok,False,ok,40,55.0
exp_c,exp_c__gsm8k_test_000135__think,gsm8k_test_000135,think,canonical,,full_output,20,10,False,44,44,True,13.250982284545898,,ok,False,ok,40,55.0
exp_c,exp_c__gsm8k_test_000135__think,gsm8k_test_000135,think,canonical,,thinking_segment,6,10,False,3,0,False,,too_short,ok_qwen_token_boundary,False,ok,40,55.0
exp_c,exp_c__gsm8k_test_000135__think,gsm8k_test_000135,think,canonical,,thinking_segment,13,10,False,3,0,False,,too_short,ok_qwen_token_boundary,False,ok,40,55.0
exp_c,exp_c__gsm8k_test_000135__think,gsm8k_test_000135,think,canonical,,thinking_segment,20,10,False,3,0,False,,too_short,ok_qwen_token_boundary,False,ok,40,55.0
exp_c,exp_c__gsm8k_test_000135__think,gsm8k_test_000135,think,canonical,,answer_segment,6,10,False,41,41,True,16.445804595947266,,ok_qwen_token_boundary,False,ok,40,55.0
exp_c,exp_c__gsm8k_test_000135__think,gsm8k_test_000135,think,canonical,,answer_segment,13,10,False,41,41,True,11.319805145263672,,ok_qwen_token_boundary,False,ok,40,55.0
exp_c,exp_c__gsm8k_test_000135__think,gsm8k_test_000135,think,canonical,,answer_segment,20,10,False,41,41,True,13.60738468170166,,ok_qwen_token_boundary,False,ok,40,55.0
exp_c,exp_c__gsm8k_test_000135__no_think,gsm8k_test_000135,no_think,canonical,,full_output,6,10,False,53,53,True,15.116557121276855,,ok,False,ok,40,55.0
exp_c,exp_c__gsm8k_test_000135__no_think,gsm8k_test_000135,no_think,canonical,,full_output,13,10,False,53,53,True,11.634767532348633,,ok,False,ok,40,55.0
exp_c,exp_c__gsm8k_test_000135__no_think,gsm8k_test_000135,no_think,canonical,,full_output,20,10,False,53,53,True,13.179336547851562,,ok,False,ok,40,55.0
exp_c,exp_c__gsm8k_test_000135__no_think,gsm8k_test_000135,no_think,canonical,,answer_segment,6,10,False,53,53,True,15.116557121276855,,ok,False,ok,40,55.0
exp_c,exp_c__gsm8k_test_000135__no_think,gsm8k_test_000135,no_think,canonical,,answer_segment,13,10,False,53,53,True,11.634767532348633,,ok,False,ok,40,55.0
exp_c,exp_c__gsm8k_test_000135__no_think,gsm8k_test_000135,no_think,canonical,,answer_segment,20,10,False,53,53,True,13.179336547851562,,ok,False,ok,40,55.0
exp_c,exp_c__gsm8k_test_000150__think,gsm8k_test_000150,think,canonical,,full_output,6,10,False,563,563,True,8.845722198486328,,ok,False,ok,4,36.0
exp_c,exp_c__gsm8k_test_000150__think,gsm8k_test_000150,think,canonical,,full_output,13,10,False,563,563,True,8.85327434539795,,ok,False,ok,4,36.0
exp_c,exp_c__gsm8k_test_000150__think,gsm8k_test_000150,think,canonical,,full_output,20,10,False,563,563,True,8.683306694030762,,ok,False,ok,4,36.0
exp_c,exp_c__gsm8k_test_000150__think,gsm8k_test_000150,think,canonical,,thinking_segment,6,10,False,514,514,True,8.037203788757324,,ok_qwen_token_boundary,False,ok,4,36.0
exp_c,exp_c__gsm8k_test_000150__think,gsm8k_test_000150,think,canonical,,thinking_segment,13,10,False,514,514,True,8.792083740234375,,ok_qwen_token_boundary,False,ok,4,36.0
exp_c,exp_c__gsm8k_test_000150__think,gsm8k_test_000150,think,canonical,,thinking_segment,20,10,False,514,514,True,8.545538902282715,,ok_qwen_token_boundary,False,ok,4,36.0
exp_c,exp_c__gsm8k_test_000150__think,gsm8k_test_000150,think,canonical,,answer_segment,6,10,False,49,49,True,13.222585678100586,,ok_qwen_token_boundary,False,ok,4,36.0
exp_c,exp_c__gsm8k_test_000150__think,gsm8k_test_000150,think,canonical,,answer_segment,13,10,False,49,49,True,9.695878028869627,,ok_qwen_token_boundary,False,ok,4,36.0
exp_c,exp_c__gsm8k_test_000150__think,gsm8k_test_000150,think,canonical,,answer_segment,20,10,False,49,49,True,10.6857328414917,,ok_qwen_token_boundary,False,ok,4,36.0
exp_c,exp_c__gsm8k_test_000150__no_think,gsm8k_test_000150,no_think,canonical,,full_output,6,10,False,47,47,True,13.967137336730955,,ok,False,ok,4,1.5
exp_c,exp_c__gsm8k_test_000150__no_think,gsm8k_test_000150,no_think,canonical,,full_output,13,10,False,47,47,True,9.628986358642578,,ok,False,ok,4,1.5
exp_c,exp_c__gsm8k_test_000150__no_think,gsm8k_test_000150,no_think,canonical,,full_output,20,10,False,47,47,True,10.648526191711426,,ok,False,ok,4,1.5
exp_c,exp_c__gsm8k_test_000150__no_think,gsm8k_test_000150,no_think,canonical,,answer_segment,6,10,False,47,47,True,13.967137336730955,,ok,False,ok,4,1.5
exp_c,exp_c__gsm8k_test_000150__no_think,gsm8k_test_000150,no_think,canonical,,answer_segment,13,10,False,47,47,True,9.628986358642578,,ok,False,ok,4,1.5
exp_c,exp_c__gsm8k_test_000150__no_think,gsm8k_test_000150,no_think,canonical,,answer_segment,20,10,False,47,47,True,10.648526191711426,,ok,False,ok,4,1.5
exp_c,exp_c__gsm8k_test_000156__think,gsm8k_test_000156,think,canonical,,full_output,6,10,False,49,49,True,11.861124038696287,,ok,False,ok,1400,700.0
exp_c,exp_c__gsm8k_test_000156__think,gsm8k_test_000156,think,canonical,,full_output,13,10,False,49,49,True,9.485836029052734,,ok,False,ok,1400,700.0
exp_c,exp_c__gsm8k_test_000156__think,gsm8k_test_000156,think,canonical,,full_output,20,10,False,49,49,True,11.81646728515625,,ok,False,ok,1400,700.0
exp_c,exp_c__gsm8k_test_000156__think,gsm8k_test_000156,think,canonical,,thinking_segment,6,10,False,3,0,False,,too_short,ok_qwen_token_boundary,False,ok,1400,700.0
exp_c,exp_c__gsm8k_test_000156__think,gsm8k_test_000156,think,canonical,,thinking_segment,13,10,False,3,0,False,,too_short,ok_qwen_token_boundary,False,ok,1400,700.0
exp_c,exp_c__gsm8k_test_000156__think,gsm8k_test_000156,think,canonical,,thinking_segment,20,10,False,3,0,False,,too_short,ok_qwen_token_boundary,False,ok,1400,700.0
exp_c,exp_c__gsm8k_test_000156__think,gsm8k_test_000156,think,canonical,,answer_segment,6,10,False,46,46,True,13.923059463500977,,ok_qwen_token_boundary,False,ok,1400,700.0
exp_c,exp_c__gsm8k_test_000156__think,gsm8k_test_000156,think,canonical,,answer_segment,13,10,False,46,46,True,9.521405220031738,,ok_qwen_token_boundary,False,ok,1400,700.0
exp_c,exp_c__gsm8k_test_000156__think,gsm8k_test_000156,think,canonical,,answer_segment,20,10,False,46,46,True,11.92674446105957,,ok_qwen_token_boundary,False,ok,1400,700.0
exp_c,exp_c__gsm8k_test_000156__no_think,gsm8k_test_000156,no_think,canonical,,full_output,6,10,False,55,55,True,13.682700157165527,,ok,False,ok,1400,700.0
exp_c,exp_c__gsm8k_test_000156__no_think,gsm8k_test_000156,no_think,canonical,,full_output,13,10,False,55,55,True,9.949134826660156,,ok,False,ok,1400,700.0
exp_c,exp_c__gsm8k_test_000156__no_think,gsm8k_test_000156,no_think,canonical,,full_output,20,10,False,55,55,True,11.164955139160156,,ok,False,ok,1400,700.0
exp_c,exp_c__gsm8k_test_000156__no_think,gsm8k_test_000156,no_think,canonical,,answer_segment,6,10,False,55,55,True,13.682700157165527,,ok,False,ok,1400,700.0
exp_c,exp_c__gsm8k_test_000156__no_think,gsm8k_test_000156,no_think,canonical,,answer_segment,13,10,False,55,55,True,9.949134826660156,,ok,False,ok,1400,700.0
exp_c,exp_c__gsm8k_test_000156__no_think,gsm8k_test_000156,no_think,canonical,,answer_segment,20,10,False,55,55,True,11.164955139160156,,ok,False,ok,1400,700.0
exp_c,exp_c__gsm8k_test_000162__think,gsm8k_test_000162,think,canonical,,full_output,6,10,False,64,64,True,13.28880500793457,,ok,False,ok,92,49.26
exp_c,exp_c__gsm8k_test_000162__think,gsm8k_test_000162,think,canonical,,full_output,13,10,False,64,64,True,12.411029815673828,,ok,False,ok,92,49.26
exp_c,exp_c__gsm8k_test_000162__think,gsm8k_test_000162,think,canonical,,full_output,20,10,False,64,64,True,11.769537925720217,,ok,False,ok,92,49.26
exp_c,exp_c__gsm8k_test_000162__think,gsm8k_test_000162,think,canonical,,thinking_segment,6,10,False,3,0,False,,too_short,ok_qwen_token_boundary,False,ok,92,49.26
exp_c,exp_c__gsm8k_test_000162__think,gsm8k_test_000162,think,canonical,,thinking_segment,13,10,False,3,0,False,,too_short,ok_qwen_token_boundary,False,ok,92,49.26
exp_c,exp_c__gsm8k_test_000162__think,gsm8k_test_000162,think,canonical,,thinking_segment,20,10,False,3,0,False,,too_short,ok_qwen_token_boundary,False,ok,92,49.26
exp_c,exp_c__gsm8k_test_000162__think,gsm8k_test_000162,think,canonical,,answer_segment,6,10,False,61,61,True,14.802996635437012,,ok_qwen_token_boundary,False,ok,92,49.26
exp_c,exp_c__gsm8k_test_000162__think,gsm8k_test_000162,think,canonical,,answer_segment,13,10,False,61,61,True,12.52394199371338,,ok_qwen_token_boundary,False,ok,92,49.26
exp_c,exp_c__gsm8k_test_000162__think,gsm8k_test_000162,think,canonical,,answer_segment,20,10,False,61,61,True,11.976469993591309,,ok_qwen_token_boundary,False,ok,92,49.26
exp_c,exp_c__gsm8k_test_000162__no_think,gsm8k_test_000162,no_think,canonical,,full_output,6,10,False,63,63,True,13.923579216003418,,ok,False,ok,92,45.25
exp_c,exp_c__gsm8k_test_000162__no_think,gsm8k_test_000162,no_think,canonical,,full_output,13,10,False,63,63,True,12.641024589538574,,ok,False,ok,92,45.25
exp_c,exp_c__gsm8k_test_000162__no_think,gsm8k_test_000162,no_think,canonical,,full_output,20,10,False,63,63,True,11.786630630493164,,ok,False,ok,92,45.25
exp_c,exp_c__gsm8k_test_000162__no_think,gsm8k_test_000162,no_think,canonical,,answer_segment,6,10,False,63,63,True,13.923579216003418,,ok,False,ok,92,45.25
exp_c,exp_c__gsm8k_test_000162__no_think,gsm8k_test_000162,no_think,canonical,,answer_segment,13,10,False,63,63,True,12.641024589538574,,ok,False,ok,92,45.25
exp_c,exp_c__gsm8k_test_000162__no_think,gsm8k_test_000162,no_think,canonical,,answer_segment,20,10,False,63,63,True,11.786630630493164,,ok,False,ok,92,45.25
exp_c,exp_c__gsm8k_test_000172__think,gsm8k_test_000172,think,canonical,,full_output,6,10,False,30,30,True,11.76800537109375,,ok,False,ok,51,8.0
exp_c,exp_c__gsm8k_test_000172__think,gsm8k_test_000172,think,canonical,,full_output,13,10,False,30,30,True,10.133106231689451,,ok,False,ok,51,8.0
exp_c,exp_c__gsm8k_test_000172__think,gsm8k_test_000172,think,canonical,,full_output,20,10,False,30,30,True,12.524983406066896,,ok,False,ok,51,8.0
exp_c,exp_c__gsm8k_test_000172__think,gsm8k_test_000172,think,canonical,,thinking_segment,6,10,False,3,0,False,,too_short,ok_qwen_token_boundary,False,ok,51,8.0
exp_c,exp_c__gsm8k_test_000172__think,gsm8k_test_000172,think,canonical,,thinking_segment,13,10,False,3,0,False,,too_short,ok_qwen_token_boundary,False,ok,51,8.0
exp_c,exp_c__gsm8k_test_000172__think,gsm8k_test_000172,think,canonical,,thinking_segment,20,10,False,3,0,False,,too_short,ok_qwen_token_boundary,False,ok,51,8.0
exp_c,exp_c__gsm8k_test_000172__think,gsm8k_test_000172,think,canonical,,answer_segment,6,10,False,27,27,True,13.686301231384276,,ok_qwen_token_boundary,False,ok,51,8.0
exp_c,exp_c__gsm8k_test_000172__think,gsm8k_test_000172,think,canonical,,answer_segment,13,10,False,27,27,True,10.170656204223633,,ok_qwen_token_boundary,False,ok,51,8.0
exp_c,exp_c__gsm8k_test_000172__think,gsm8k_test_000172,think,canonical,,answer_segment,20,10,False,27,27,True,12.612577438354492,,ok_qwen_token_boundary,False,ok,51,8.0
exp_c,exp_c__gsm8k_test_000172__no_think,gsm8k_test_000172,no_think,canonical,,full_output,6,10,False,26,26,True,12.361984252929688,,ok,False,ok,51,8.0
exp_c,exp_c__gsm8k_test_000172__no_think,gsm8k_test_000172,no_think,canonical,,full_output,13,10,False,26,26,True,8.817235946655273,,ok,False,ok,51,8.0
exp_c,exp_c__gsm8k_test_000172__no_think,gsm8k_test_000172,no_think,canonical,,full_output,20,10,False,26,26,True,11.124969482421877,,ok,False,ok,51,8.0
exp_c,exp_c__gsm8k_test_000172__no_think,gsm8k_test_000172,no_think,canonical,,answer_segment,6,10,False,26,26,True,12.361984252929688,,ok,False,ok,51,8.0
exp_c,exp_c__gsm8k_test_000172__no_think,gsm8k_test_000172,no_think,canonical,,answer_segment,13,10,False,26,26,True,8.817235946655273,,ok,False,ok,51,8.0
exp_c,exp_c__gsm8k_test_000172__no_think,gsm8k_test_000172,no_think,canonical,,answer_segment,20,10,False,26,26,True,11.124969482421877,,ok,False,ok,51,8.0
exp_c,exp_c__gsm8k_test_000176__think,gsm8k_test_000176,think,canonical,,full_output,6,10,False,58,58,True,11.611888885498049,,ok,True,ok,100,100.0
exp_c,exp_c__gsm8k_test_000176__think,gsm8k_test_000176,think,canonical,,full_output,13,10,False,58,58,True,10.005393981933594,,ok,True,ok,100,100.0
exp_c,exp_c__gsm8k_test_000176__think,gsm8k_test_000176,think,canonical,,full_output,20,10,False,58,58,True,10.621601104736328,,ok,True,ok,100,100.0
exp_c,exp_c__gsm8k_test_000176__think,gsm8k_test_000176,think,canonical,,thinking_segment,6,10,False,3,0,False,,too_short,ok_qwen_token_boundary,True,ok,100,100.0
exp_c,exp_c__gsm8k_test_000176__think,gsm8k_test_000176,think,canonical,,thinking_segment,13,10,False,3,0,False,,too_short,ok_qwen_token_boundary,True,ok,100,100.0
exp_c,exp_c__gsm8k_test_000176__think,gsm8k_test_000176,think,canonical,,thinking_segment,20,10,False,3,0,False,,too_short,ok_qwen_token_boundary,True,ok,100,100.0
exp_c,exp_c__gsm8k_test_000176__think,gsm8k_test_000176,think,canonical,,answer_segment,6,10,False,55,55,True,12.858884811401367,,ok_qwen_token_boundary,True,ok,100,100.0
exp_c,exp_c__gsm8k_test_000176__think,gsm8k_test_000176,think,canonical,,answer_segment,13,10,False,55,55,True,9.832809448242188,,ok_qwen_token_boundary,True,ok,100,100.0
exp_c,exp_c__gsm8k_test_000176__think,gsm8k_test_000176,think,canonical,,answer_segment,20,10,False,55,55,True,10.493889808654783,,ok_qwen_token_boundary,True,ok,100,100.0
exp_c,exp_c__gsm8k_test_000176__no_think,gsm8k_test_000176,no_think,canonical,,full_output,6,10,False,55,55,True,12.614418029785156,,ok,True,ok,100,100.0
exp_c,exp_c__gsm8k_test_000176__no_think,gsm8k_test_000176,no_think,canonical,,full_output,13,10,False,55,55,True,9.785211563110352,,ok,True,ok,100,100.0
exp_c,exp_c__gsm8k_test_000176__no_think,gsm8k_test_000176,no_think,canonical,,full_output,20,10,False,55,55,True,10.59327793121338,,ok,True,ok,100,100.0
exp_c,exp_c__gsm8k_test_000176__no_think,gsm8k_test_000176,no_think,canonical,,answer_segment,6,10,False,55,55,True,12.614418029785156,,ok,True,ok,100,100.0
exp_c,exp_c__gsm8k_test_000176__no_think,gsm8k_test_000176,no_think,canonical,,answer_segment,13,10,False,55,55,True,9.785211563110352,,ok,True,ok,100,100.0
exp_c,exp_c__gsm8k_test_000176__no_think,gsm8k_test_000176,no_think,canonical,,answer_segment,20,10,False,55,55,True,10.59327793121338,,ok,True,ok,100,100.0
exp_c,exp_c__gsm8k_test_000182__think,gsm8k_test_000182,think,canonical,,full_output,6,10,False,546,546,True,9.32754611968994,,ok,False,ok,23,24.0
exp_c,exp_c__gsm8k_test_000182__think,gsm8k_test_000182,think,canonical,,full_output,13,10,False,546,546,True,8.039834022521973,,ok,False,ok,23,24.0
exp_c,exp_c__gsm8k_test_000182__think,gsm8k_test_000182,think,canonical,,full_output,20,10,False,546,546,True,8.040461540222168,,ok,False,ok,23,24.0
exp_c,exp_c__gsm8k_test_000182__think,gsm8k_test_000182,think,canonical,,thinking_segment,6,10,False,514,514,True,8.866292953491211,,ok_qwen_token_boundary,False,ok,23,24.0
exp_c,exp_c__gsm8k_test_000182__think,gsm8k_test_000182,think,canonical,,thinking_segment,13,10,False,514,514,True,7.829363346099853,,ok_qwen_token_boundary,False,ok,23,24.0
exp_c,exp_c__gsm8k_test_000182__think,gsm8k_test_000182,think,canonical,,thinking_segment,20,10,False,514,514,True,7.688571453094482,,ok_qwen_token_boundary,False,ok,23,24.0
exp_c,exp_c__gsm8k_test_000182__think,gsm8k_test_000182,think,canonical,,answer_segment,6,10,False,32,32,True,13.696758270263672,,ok_qwen_token_boundary,False,ok,23,24.0
exp_c,exp_c__gsm8k_test_000182__think,gsm8k_test_000182,think,canonical,,answer_segment,13,10,False,32,32,True,11.445825576782228,,ok_qwen_token_boundary,False,ok,23,24.0
exp_c,exp_c__gsm8k_test_000182__think,gsm8k_test_000182,think,canonical,,answer_segment,20,10,False,32,32,True,11.109977722167969,,ok_qwen_token_boundary,False,ok,23,24.0
exp_c,exp_c__gsm8k_test_000182__no_think,gsm8k_test_000182,no_think,canonical,,full_output,6,10,False,28,28,True,12.141440391540527,,ok,False,ok,23,34.0
exp_c,exp_c__gsm8k_test_000182__no_think,gsm8k_test_000182,no_think,canonical,,full_output,13,10,False,28,28,True,9.81768035888672,,ok,False,ok,23,34.0
exp_c,exp_c__gsm8k_test_000182__no_think,gsm8k_test_000182,no_think,canonical,,full_output,20,10,False,28,28,True,12.46934413909912,,ok,False,ok,23,34.0
exp_c,exp_c__gsm8k_test_000182__no_think,gsm8k_test_000182,no_think,canonical,,answer_segment,6,10,False,28,28,True,12.141440391540527,,ok,False,ok,23,34.0
exp_c,exp_c__gsm8k_test_000182__no_think,gsm8k_test_000182,no_think,canonical,,answer_segment,13,10,False,28,28,True,9.81768035888672,,ok,False,ok,23,34.0
exp_c,exp_c__gsm8k_test_000182__no_think,gsm8k_test_000182,no_think,canonical,,answer_segment,20,10,False,28,28,True,12.46934413909912,,ok,False,ok,23,34.0
exp_c,exp_c__gsm8k_test_000188__think,gsm8k_test_000188,think,canonical,,full_output,6,10,False,51,51,True,14.73599624633789,,ok,False,ok,50,400.0
exp_c,exp_c__gsm8k_test_000188__think,gsm8k_test_000188,think,canonical,,full_output,13,10,False,51,51,True,11.647592544555664,,ok,False,ok,50,400.0
exp_c,exp_c__gsm8k_test_000188__think,gsm8k_test_000188,think,canonical,,full_output,20,10,False,51,51,True,11.385114669799805,,ok,False,ok,50,400.0
exp_c,exp_c__gsm8k_test_000188__think,gsm8k_test_000188,think,canonical,,thinking_segment,6,10,False,3,0,False,,too_short,ok_qwen_token_boundary,False,ok,50,400.0
exp_c,exp_c__gsm8k_test_000188__think,gsm8k_test_000188,think,canonical,,thinking_segment,13,10,False,3,0,False,,too_short,ok_qwen_token_boundary,False,ok,50,400.0
exp_c,exp_c__gsm8k_test_000188__think,gsm8k_test_000188,think,canonical,,thinking_segment,20,10,False,3,0,False,,too_short,ok_qwen_token_boundary,False,ok,50,400.0
exp_c,exp_c__gsm8k_test_000188__think,gsm8k_test_000188,think,canonical,,answer_segment,6,10,False,48,48,True,16.682512283325195,,ok_qwen_token_boundary,False,ok,50,400.0
exp_c,exp_c__gsm8k_test_000188__think,gsm8k_test_000188,think,canonical,,answer_segment,13,10,False,48,48,True,11.55699062347412,,ok_qwen_token_boundary,False,ok,50,400.0
exp_c,exp_c__gsm8k_test_000188__think,gsm8k_test_000188,think,canonical,,answer_segment,20,10,False,48,48,True,11.39050579071045,,ok_qwen_token_boundary,False,ok,50,400.0
exp_c,exp_c__gsm8k_test_000188__no_think,gsm8k_test_000188,no_think,canonical,,full_output,6,10,False,55,55,True,15.427143096923828,,ok,False,ok,50,100.0
exp_c,exp_c__gsm8k_test_000188__no_think,gsm8k_test_000188,no_think,canonical,,full_output,13,10,False,55,55,True,12.557520866394045,,ok,False,ok,50,100.0
exp_c,exp_c__gsm8k_test_000188__no_think,gsm8k_test_000188,no_think,canonical,,full_output,20,10,False,55,55,True,11.302210807800291,,ok,False,ok,50,100.0
exp_c,exp_c__gsm8k_test_000188__no_think,gsm8k_test_000188,no_think,canonical,,answer_segment,6,10,False,55,55,True,15.427143096923828,,ok,False,ok,50,100.0
exp_c,exp_c__gsm8k_test_000188__no_think,gsm8k_test_000188,no_think,canonical,,answer_segment,13,10,False,55,55,True,12.557520866394045,,ok,False,ok,50,100.0
exp_c,exp_c__gsm8k_test_000188__no_think,gsm8k_test_000188,no_think,canonical,,answer_segment,20,10,False,55,55,True,11.302210807800291,,ok,False,ok,50,100.0
exp_c,exp_c__gsm8k_test_000192__think,gsm8k_test_000192,think,canonical,,full_output,6,10,False,34,34,True,13.659061431884766,,ok,False,ok,91,8.0
exp_c,exp_c__gsm8k_test_000192__think,gsm8k_test_000192,think,canonical,,full_output,13,10,False,34,34,True,11.492921829223633,,ok,False,ok,91,8.0
exp_c,exp_c__gsm8k_test_000192__think,gsm8k_test_000192,think,canonical,,full_output,20,10,False,34,34,True,12.04250144958496,,ok,False,ok,91,8.0
exp_c,exp_c__gsm8k_test_000192__think,gsm8k_test_000192,think,canonical,,thinking_segment,6,10,False,3,0,False,,too_short,ok_qwen_token_boundary,False,ok,91,8.0
exp_c,exp_c__gsm8k_test_000192__think,gsm8k_test_000192,think,canonical,,thinking_segment,13,10,False,3,0,False,,too_short,ok_qwen_token_boundary,False,ok,91,8.0
exp_c,exp_c__gsm8k_test_000192__think,gsm8k_test_000192,think,canonical,,thinking_segment,20,10,False,3,0,False,,too_short,ok_qwen_token_boundary,False,ok,91,8.0
exp_c,exp_c__gsm8k_test_000192__think,gsm8k_test_000192,think,canonical,,answer_segment,6,10,False,31,31,True,16.02899742126465,,ok_qwen_token_boundary,False,ok,91,8.0
exp_c,exp_c__gsm8k_test_000192__think,gsm8k_test_000192,think,canonical,,answer_segment,13,10,False,31,31,True,11.71753978729248,,ok_qwen_token_boundary,False,ok,91,8.0
exp_c,exp_c__gsm8k_test_000192__think,gsm8k_test_000192,think,canonical,,answer_segment,20,10,False,31,31,True,11.910927772521973,,ok_qwen_token_boundary,False,ok,91,8.0
exp_c,exp_c__gsm8k_test_000192__no_think,gsm8k_test_000192,no_think,canonical,,full_output,6,10,False,75,75,True,15.259747505187988,,ok,False,ok,91,60.0
exp_c,exp_c__gsm8k_test_000192__no_think,gsm8k_test_000192,no_think,canonical,,full_output,13,10,False,75,75,True,10.580840110778809,,ok,False,ok,91,60.0
exp_c,exp_c__gsm8k_test_000192__no_think,gsm8k_test_000192,no_think,canonical,,full_output,20,10,False,75,75,True,11.110373497009276,,ok,False,ok,91,60.0
exp_c,exp_c__gsm8k_test_000192__no_think,gsm8k_test_000192,no_think,canonical,,answer_segment,6,10,False,75,75,True,15.259747505187988,,ok,False,ok,91,60.0
exp_c,exp_c__gsm8k_test_000192__no_think,gsm8k_test_000192,no_think,canonical,,answer_segment,13,10,False,75,75,True,10.580840110778809,,ok,False,ok,91,60.0
exp_c,exp_c__gsm8k_test_000192__no_think,gsm8k_test_000192,no_think,canonical,,answer_segment,20,10,False,75,75,True,11.110373497009276,,ok,False,ok,91,60.0
exp_c,exp_c__gsm8k_test_000199__think,gsm8k_test_000199,think,canonical,,full_output,6,10,False,596,596,True,9.19386863708496,,ok,True,ok,7500,7500.0
exp_c,exp_c__gsm8k_test_000199__think,gsm8k_test_000199,think,canonical,,full_output,13,10,False,596,596,True,8.65098762512207,,ok,True,ok,7500,7500.0
exp_c,exp_c__gsm8k_test_000199__think,gsm8k_test_000199,think,canonical,,full_output,20,10,False,596,596,True,8.42418384552002,,ok,True,ok,7500,7500.0
exp_c,exp_c__gsm8k_test_000199__think,gsm8k_test_000199,think,canonical,,thinking_segment,6,10,False,514,514,True,8.850152969360352,,ok_qwen_token_boundary,True,ok,7500,7500.0
exp_c,exp_c__gsm8k_test_000199__think,gsm8k_test_000199,think,canonical,,thinking_segment,13,10,False,514,514,True,8.544896125793457,,ok_qwen_token_boundary,True,ok,7500,7500.0
exp_c,exp_c__gsm8k_test_000199__think,gsm8k_test_000199,think,canonical,,thinking_segment,20,10,False,514,514,True,7.982879638671875,,ok_qwen_token_boundary,True,ok,7500,7500.0
exp_c,exp_c__gsm8k_test_000199__think,gsm8k_test_000199,think,canonical,,answer_segment,6,10,False,82,82,True,9.71568202972412,,ok_qwen_token_boundary,True,ok,7500,7500.0
exp_c,exp_c__gsm8k_test_000199__think,gsm8k_test_000199,think,canonical,,answer_segment,13,10,False,82,82,True,10.276063919067385,,ok_qwen_token_boundary,True,ok,7500,7500.0
exp_c,exp_c__gsm8k_test_000199__think,gsm8k_test_000199,think,canonical,,answer_segment,20,10,False,82,82,True,10.738786697387695,,ok_qwen_token_boundary,True,ok,7500,7500.0
exp_c,exp_c__gsm8k_test_000199__no_think,gsm8k_test_000199,no_think,canonical,,full_output,6,10,False,55,55,True,15.642892837524414,,ok,False,ok,7500,30.0
exp_c,exp_c__gsm8k_test_000199__no_think,gsm8k_test_000199,no_think,canonical,,full_output,13,10,False,55,55,True,11.374043464660645,,ok,False,ok,7500,30.0
exp_c,exp_c__gsm8k_test_000199__no_think,gsm8k_test_000199,no_think,canonical,,full_output,20,10,False,55,55,True,11.30179214477539,,ok,False,ok,7500,30.0
exp_c,exp_c__gsm8k_test_000199__no_think,gsm8k_test_000199,no_think,canonical,,answer_segment,6,10,False,55,55,True,15.642892837524414,,ok,False,ok,7500,30.0
exp_c,exp_c__gsm8k_test_000199__no_think,gsm8k_test_000199,no_think,canonical,,answer_segment,13,10,False,55,55,True,11.374043464660645,,ok,False,ok,7500,30.0
exp_c,exp_c__gsm8k_test_000199__no_think,gsm8k_test_000199,no_think,canonical,,answer_segment,20,10,False,55,55,True,11.30179214477539,,ok,False,ok,7500,30.0
exp_c,exp_c__gsm8k_test_000208__think,gsm8k_test_000208,think,canonical,,full_output,6,10,False,57,57,True,11.880538940429688,,ok,False,ok,76,4.0
exp_c,exp_c__gsm8k_test_000208__think,gsm8k_test_000208,think,canonical,,full_output,13,10,False,57,57,True,10.13295841217041,,ok,False,ok,76,4.0
exp_c,exp_c__gsm8k_test_000208__think,gsm8k_test_000208,think,canonical,,full_output,20,10,False,57,57,True,12.077861785888672,,ok,False,ok,76,4.0
exp_c,exp_c__gsm8k_test_000208__think,gsm8k_test_000208,think,canonical,,thinking_segment,6,10,False,3,0,False,,too_short,ok_qwen_token_boundary,False,ok,76,4.0
exp_c,exp_c__gsm8k_test_000208__think,gsm8k_test_000208,think,canonical,,thinking_segment,13,10,False,3,0,False,,too_short,ok_qwen_token_boundary,False,ok,76,4.0
exp_c,exp_c__gsm8k_test_000208__think,gsm8k_test_000208,think,canonical,,thinking_segment,20,10,False,3,0,False,,too_short,ok_qwen_token_boundary,False,ok,76,4.0
exp_c,exp_c__gsm8k_test_000208__think,gsm8k_test_000208,think,canonical,,answer_segment,6,10,False,54,54,True,13.564977645874023,,ok_qwen_token_boundary,False,ok,76,4.0
exp_c,exp_c__gsm8k_test_000208__think,gsm8k_test_000208,think,canonical,,answer_segment,13,10,False,54,54,True,10.206010818481444,,ok_qwen_token_boundary,False,ok,76,4.0
exp_c,exp_c__gsm8k_test_000208__think,gsm8k_test_000208,think,canonical,,answer_segment,20,10,False,54,54,True,11.972352027893066,,ok_qwen_token_boundary,False,ok,76,4.0
exp_c,exp_c__gsm8k_test_000208__no_think,gsm8k_test_000208,no_think,canonical,,full_output,6,10,False,65,65,True,11.932272911071776,,ok,False,ok,76,4.0
exp_c,exp_c__gsm8k_test_000208__no_think,gsm8k_test_000208,no_think,canonical,,full_output,13,10,False,65,65,True,9.96718978881836,,ok,False,ok,76,4.0
exp_c,exp_c__gsm8k_test_000208__no_think,gsm8k_test_000208,no_think,canonical,,full_output,20,10,False,65,65,True,12.246575355529783,,ok,False,ok,76,4.0
exp_c,exp_c__gsm8k_test_000208__no_think,gsm8k_test_000208,no_think,canonical,,answer_segment,6,10,False,65,65,True,11.932272911071776,,ok,False,ok,76,4.0
exp_c,exp_c__gsm8k_test_000208__no_think,gsm8k_test_000208,no_think,canonical,,answer_segment,13,10,False,65,65,True,9.96718978881836,,ok,False,ok,76,4.0
exp_c,exp_c__gsm8k_test_000208__no_think,gsm8k_test_000208,no_think,canonical,,answer_segment,20,10,False,65,65,True,12.246575355529783,,ok,False,ok,76,4.0
exp_c,exp_c__gsm8k_test_000217__think,gsm8k_test_000217,think,canonical,,full_output,6,10,False,40,40,True,12.878674507141112,,ok,False,ok,15,18.0
exp_c,exp_c__gsm8k_test_000217__think,gsm8k_test_000217,think,canonical,,full_output,13,10,False,40,40,True,10.444868087768556,,ok,False,ok,15,18.0
exp_c,exp_c__gsm8k_test_000217__think,gsm8k_test_000217,think,canonical,,full_output,20,10,False,40,40,True,13.134658813476562,,ok,False,ok,15,18.0
exp_c,exp_c__gsm8k_test_000217__think,gsm8k_test_000217,think,canonical,,thinking_segment,6,10,False,3,0,False,,too_short,ok_qwen_token_boundary,False,ok,15,18.0
exp_c,exp_c__gsm8k_test_000217__think,gsm8k_test_000217,think,canonical,,thinking_segment,13,10,False,3,0,False,,too_short,ok_qwen_token_boundary,False,ok,15,18.0
exp_c,exp_c__gsm8k_test_000217__think,gsm8k_test_000217,think,canonical,,thinking_segment,20,10,False,3,0,False,,too_short,ok_qwen_token_boundary,False,ok,15,18.0
exp_c,exp_c__gsm8k_test_000217__think,gsm8k_test_000217,think,canonical,,answer_segment,6,10,False,37,37,True,14.318989753723145,,ok_qwen_token_boundary,False,ok,15,18.0
exp_c,exp_c__gsm8k_test_000217__think,gsm8k_test_000217,think,canonical,,answer_segment,13,10,False,37,37,True,10.537132263183594,,ok_qwen_token_boundary,False,ok,15,18.0
exp_c,exp_c__gsm8k_test_000217__think,gsm8k_test_000217,think,canonical,,answer_segment,20,10,False,37,37,True,13.374090194702148,,ok_qwen_token_boundary,False,ok,15,18.0
exp_c,exp_c__gsm8k_test_000217__no_think,gsm8k_test_000217,no_think,canonical,,full_output,6,10,False,39,39,True,14.37757396697998,,ok,True,ok,15,15.0
exp_c,exp_c__gsm8k_test_000217__no_think,gsm8k_test_000217,no_think,canonical,,full_output,13,10,False,39,39,True,9.643220901489258,,ok,True,ok,15,15.0
exp_c,exp_c__gsm8k_test_000217__no_think,gsm8k_test_000217,no_think,canonical,,full_output,20,10,False,39,39,True,12.078872680664062,,ok,True,ok,15,15.0
exp_c,exp_c__gsm8k_test_000217__no_think,gsm8k_test_000217,no_think,canonical,,answer_segment,6,10,False,39,39,True,14.37757396697998,,ok,True,ok,15,15.0
exp_c,exp_c__gsm8k_test_000217__no_think,gsm8k_test_000217,no_think,canonical,,answer_segment,13,10,False,39,39,True,9.643220901489258,,ok,True,ok,15,15.0
exp_c,exp_c__gsm8k_test_000217__no_think,gsm8k_test_000217,no_think,canonical,,answer_segment,20,10,False,39,39,True,12.078872680664062,,ok,True,ok,15,15.0
exp_c,exp_c__gsm8k_test_000227__think,gsm8k_test_000227,think,canonical,,full_output,6,10,False,81,81,True,12.411174774169922,,ok,False,ok,9,11.0
exp_c,exp_c__gsm8k_test_000227__think,gsm8k_test_000227,think,canonical,,full_output,13,10,False,81,81,True,10.26618480682373,,ok,False,ok,9,11.0
exp_c,exp_c__gsm8k_test_000227__think,gsm8k_test_000227,think,canonical,,full_output,20,10,False,81,81,True,9.026983261108398,,ok,False,ok,9,11.0
exp_c,exp_c__gsm8k_test_000227__think,gsm8k_test_000227,think,canonical,,thinking_segment,6,10,False,3,0,False,,too_short,ok_qwen_token_boundary,False,ok,9,11.0
exp_c,exp_c__gsm8k_test_000227__think,gsm8k_test_000227,think,canonical,,thinking_segment,13,10,False,3,0,False,,too_short,ok_qwen_token_boundary,False,ok,9,11.0
exp_c,exp_c__gsm8k_test_000227__think,gsm8k_test_000227,think,canonical,,thinking_segment,20,10,False,3,0,False,,too_short,ok_qwen_token_boundary,False,ok,9,11.0
exp_c,exp_c__gsm8k_test_000227__think,gsm8k_test_000227,think,canonical,,answer_segment,6,10,False,78,78,True,14.896108627319336,,ok_qwen_token_boundary,False,ok,9,11.0
exp_c,exp_c__gsm8k_test_000227__think,gsm8k_test_000227,think,canonical,,answer_segment,13,10,False,78,78,True,10.395776748657228,,ok_qwen_token_boundary,False,ok,9,11.0
exp_c,exp_c__gsm8k_test_000227__think,gsm8k_test_000227,think,canonical,,answer_segment,20,10,False,78,78,True,8.916940689086914,,ok_qwen_token_boundary,False,ok,9,11.0
exp_c,exp_c__gsm8k_test_000227__no_think,gsm8k_test_000227,no_think,canonical,,full_output,6,10,False,71,71,True,13.87111759185791,,ok,False,ok,9,15.0
exp_c,exp_c__gsm8k_test_000227__no_think,gsm8k_test_000227,no_think,canonical,,full_output,13,10,False,71,71,True,10.182243347167969,,ok,False,ok,9,15.0
exp_c,exp_c__gsm8k_test_000227__no_think,gsm8k_test_000227,no_think,canonical,,full_output,20,10,False,71,71,True,9.65473461151123,,ok,False,ok,9,15.0
exp_c,exp_c__gsm8k_test_000227__no_think,gsm8k_test_000227,no_think,canonical,,answer_segment,6,10,False,71,71,True,13.87111759185791,,ok,False,ok,9,15.0
exp_c,exp_c__gsm8k_test_000227__no_think,gsm8k_test_000227,no_think,canonical,,answer_segment,13,10,False,71,71,True,10.182243347167969,,ok,False,ok,9,15.0
exp_c,exp_c__gsm8k_test_000227__no_think,gsm8k_test_000227,no_think,canonical,,answer_segment,20,10,False,71,71,True,9.65473461151123,,ok,False,ok,9,15.0
exp_c,exp_c__gsm8k_test_000243__think,gsm8k_test_000243,think,canonical,,full_output,6,10,False,51,51,True,12.342650413513184,,ok,False,ok,250,225.0
exp_c,exp_c__gsm8k_test_000243__think,gsm8k_test_000243,think,canonical,,full_output,13,10,False,51,51,True,11.285808563232422,,ok,False,ok,250,225.0
exp_c,exp_c__gsm8k_test_000243__think,gsm8k_test_000243,think,canonical,,full_output,20,10,False,51,51,True,10.264023780822754,,ok,False,ok,250,225.0
exp_c,exp_c__gsm8k_test_000243__think,gsm8k_test_000243,think,canonical,,thinking_segment,6,10,False,3,0,False,,too_short,ok_qwen_token_boundary,False,ok,250,225.0
exp_c,exp_c__gsm8k_test_000243__think,gsm8k_test_000243,think,canonical,,thinking_segment,13,10,False,3,0,False,,too_short,ok_qwen_token_boundary,False,ok,250,225.0
exp_c,exp_c__gsm8k_test_000243__think,gsm8k_test_000243,think,canonical,,thinking_segment,20,10,False,3,0,False,,too_short,ok_qwen_token_boundary,False,ok,250,225.0
exp_c,exp_c__gsm8k_test_000243__think,gsm8k_test_000243,think,canonical,,answer_segment,6,10,False,48,48,True,14.770751953125,,ok_qwen_token_boundary,False,ok,250,225.0
exp_c,exp_c__gsm8k_test_000243__think,gsm8k_test_000243,think,canonical,,answer_segment,13,10,False,48,48,True,11.409263610839844,,ok_qwen_token_boundary,False,ok,250,225.0
exp_c,exp_c__gsm8k_test_000243__think,gsm8k_test_000243,think,canonical,,answer_segment,20,10,False,48,48,True,10.34158706665039,,ok_qwen_token_boundary,False,ok,250,225.0
exp_c,exp_c__gsm8k_test_000243__no_think,gsm8k_test_000243,no_think,canonical,,full_output,6,10,False,51,51,True,13.37475299835205,,ok,False,ok,250,220.0
exp_c,exp_c__gsm8k_test_000243__no_think,gsm8k_test_000243,no_think,canonical,,full_output,13,10,False,51,51,True,10.102791786193848,,ok,False,ok,250,220.0
exp_c,exp_c__gsm8k_test_000243__no_think,gsm8k_test_000243,no_think,canonical,,full_output,20,10,False,51,51,True,10.582396507263184,,ok,False,ok,250,220.0
exp_c,exp_c__gsm8k_test_000243__no_think,gsm8k_test_000243,no_think,canonical,,answer_segment,6,10,False,51,51,True,13.37475299835205,,ok,False,ok,250,220.0
exp_c,exp_c__gsm8k_test_000243__no_think,gsm8k_test_000243,no_think,canonical,,answer_segment,13,10,False,51,51,True,10.102791786193848,,ok,False,ok,250,220.0
exp_c,exp_c__gsm8k_test_000243__no_think,gsm8k_test_000243,no_think,canonical,,answer_segment,20,10,False,51,51,True,10.582396507263184,,ok,False,ok,250,220.0
exp_c,exp_c__gsm8k_test_000247__think,gsm8k_test_000247,think,canonical,,full_output,6,10,False,436,436,True,9.964913368225098,,ok,True,ok,32,32.0
exp_c,exp_c__gsm8k_test_000247__think,gsm8k_test_000247,think,canonical,,full_output,13,10,False,436,436,True,8.725381851196289,,ok,True,ok,32,32.0
exp_c,exp_c__gsm8k_test_000247__think,gsm8k_test_000247,think,canonical,,full_output,20,10,False,436,436,True,8.486690521240234,,ok,True,ok,32,32.0
exp_c,exp_c__gsm8k_test_000247__think,gsm8k_test_000247,think,canonical,,thinking_segment,6,10,False,390,390,True,9.770694732666016,,ok_qwen_token_boundary,True,ok,32,32.0
exp_c,exp_c__gsm8k_test_000247__think,gsm8k_test_000247,think,canonical,,thinking_segment,13,10,False,390,390,True,8.57833194732666,,ok_qwen_token_boundary,True,ok,32,32.0
exp_c,exp_c__gsm8k_test_000247__think,gsm8k_test_000247,think,canonical,,thinking_segment,20,10,False,390,390,True,7.9111127853393555,,ok_qwen_token_boundary,True,ok,32,32.0
exp_c,exp_c__gsm8k_test_000247__think,gsm8k_test_000247,think,canonical,,answer_segment,6,10,False,46,46,True,17.084735870361328,,ok_qwen_token_boundary,True,ok,32,32.0
exp_c,exp_c__gsm8k_test_000247__think,gsm8k_test_000247,think,canonical,,answer_segment,13,10,False,46,46,True,11.13532257080078,,ok_qwen_token_boundary,True,ok,32,32.0
exp_c,exp_c__gsm8k_test_000247__think,gsm8k_test_000247,think,canonical,,answer_segment,20,10,False,46,46,True,12.36622714996338,,ok_qwen_token_boundary,True,ok,32,32.0
exp_c,exp_c__gsm8k_test_000247__no_think,gsm8k_test_000247,no_think,canonical,,full_output,6,10,False,47,47,True,11.096135139465332,,ok,False,ok,32,86.0
exp_c,exp_c__gsm8k_test_000247__no_think,gsm8k_test_000247,no_think,canonical,,full_output,13,10,False,47,47,True,9.17620849609375,,ok,False,ok,32,86.0
exp_c,exp_c__gsm8k_test_000247__no_think,gsm8k_test_000247,no_think,canonical,,full_output,20,10,False,47,47,True,9.988680839538574,,ok,False,ok,32,86.0
exp_c,exp_c__gsm8k_test_000247__no_think,gsm8k_test_000247,no_think,canonical,,answer_segment,6,10,False,47,47,True,11.096135139465332,,ok,False,ok,32,86.0
exp_c,exp_c__gsm8k_test_000247__no_think,gsm8k_test_000247,no_think,canonical,,answer_segment,13,10,False,47,47,True,9.17620849609375,,ok,False,ok,32,86.0
exp_c,exp_c__gsm8k_test_000247__no_think,gsm8k_test_000247,no_think,canonical,,answer_segment,20,10,False,47,47,True,9.988680839538574,,ok,False,ok,32,86.0
exp_c,exp_c__gsm8k_test_000252__think,gsm8k_test_000252,think,canonical,,full_output,6,10,False,51,51,True,13.851173400878906,,ok,False,ok,73,30.0
exp_c,exp_c__gsm8k_test_000252__think,gsm8k_test_000252,think,canonical,,full_output,13,10,False,51,51,True,10.211023330688477,,ok,False,ok,73,30.0
exp_c,exp_c__gsm8k_test_000252__think,gsm8k_test_000252,think,canonical,,full_output,20,10,False,51,51,True,11.628573417663574,,ok,False,ok,73,30.0
exp_c,exp_c__gsm8k_test_000252__think,gsm8k_test_000252,think,canonical,,thinking_segment,6,10,False,3,0,False,,too_short,ok_qwen_token_boundary,False,ok,73,30.0
exp_c,exp_c__gsm8k_test_000252__think,gsm8k_test_000252,think,canonical,,thinking_segment,13,10,False,3,0,False,,too_short,ok_qwen_token_boundary,False,ok,73,30.0
exp_c,exp_c__gsm8k_test_000252__think,gsm8k_test_000252,think,canonical,,thinking_segment,20,10,False,3,0,False,,too_short,ok_qwen_token_boundary,False,ok,73,30.0
exp_c,exp_c__gsm8k_test_000252__think,gsm8k_test_000252,think,canonical,,answer_segment,6,10,False,48,48,True,14.687785148620604,,ok_qwen_token_boundary,False,ok,73,30.0
exp_c,exp_c__gsm8k_test_000252__think,gsm8k_test_000252,think,canonical,,answer_segment,13,10,False,48,48,True,10.189882278442385,,ok_qwen_token_boundary,False,ok,73,30.0
exp_c,exp_c__gsm8k_test_000252__think,gsm8k_test_000252,think,canonical,,answer_segment,20,10,False,48,48,True,11.910107612609863,,ok_qwen_token_boundary,False,ok,73,30.0
exp_c,exp_c__gsm8k_test_000252__no_think,gsm8k_test_000252,no_think,canonical,,full_output,6,10,False,47,47,True,15.323934555053713,,ok,False,ok,73,15.0
exp_c,exp_c__gsm8k_test_000252__no_think,gsm8k_test_000252,no_think,canonical,,full_output,13,10,False,47,47,True,10.353830337524414,,ok,False,ok,73,15.0
exp_c,exp_c__gsm8k_test_000252__no_think,gsm8k_test_000252,no_think,canonical,,full_output,20,10,False,47,47,True,11.667585372924805,,ok,False,ok,73,15.0
exp_c,exp_c__gsm8k_test_000252__no_think,gsm8k_test_000252,no_think,canonical,,answer_segment,6,10,False,47,47,True,15.323934555053713,,ok,False,ok,73,15.0
exp_c,exp_c__gsm8k_test_000252__no_think,gsm8k_test_000252,no_think,canonical,,answer_segment,13,10,False,47,47,True,10.353830337524414,,ok,False,ok,73,15.0
exp_c,exp_c__gsm8k_test_000252__no_think,gsm8k_test_000252,no_think,canonical,,answer_segment,20,10,False,47,47,True,11.667585372924805,,ok,False,ok,73,15.0
exp_c,exp_c__gsm8k_test_000254__think,gsm8k_test_000254,think,canonical,,full_output,6,10,False,447,447,True,12.552318572998049,,ok,True,ok,84,84.0
exp_c,exp_c__gsm8k_test_000254__think,gsm8k_test_000254,think,canonical,,full_output,13,10,False,447,447,True,10.237658500671388,,ok,True,ok,84,84.0
exp_c,exp_c__gsm8k_test_000254__think,gsm8k_test_000254,think,canonical,,full_output,20,10,False,447,447,True,10.497518539428713,,ok,True,ok,84,84.0
exp_c,exp_c__gsm8k_test_000254__think,gsm8k_test_000254,think,canonical,,thinking_segment,6,10,False,396,396,True,12.79387378692627,,ok_qwen_token_boundary,True,ok,84,84.0
exp_c,exp_c__gsm8k_test_000254__think,gsm8k_test_000254,think,canonical,,thinking_segment,13,10,False,396,396,True,10.472268104553224,,ok_qwen_token_boundary,True,ok,84,84.0
exp_c,exp_c__gsm8k_test_000254__think,gsm8k_test_000254,think,canonical,,thinking_segment,20,10,False,396,396,True,10.684263229370115,,ok_qwen_token_boundary,True,ok,84,84.0
exp_c,exp_c__gsm8k_test_000254__think,gsm8k_test_000254,think,canonical,,answer_segment,6,10,False,51,51,True,14.765792846679688,,ok_qwen_token_boundary,True,ok,84,84.0
exp_c,exp_c__gsm8k_test_000254__think,gsm8k_test_000254,think,canonical,,answer_segment,13,10,False,51,51,True,12.20807933807373,,ok_qwen_token_boundary,True,ok,84,84.0
exp_c,exp_c__gsm8k_test_000254__think,gsm8k_test_000254,think,canonical,,answer_segment,20,10,False,51,51,True,11.684791564941406,,ok_qwen_token_boundary,True,ok,84,84.0
exp_c,exp_c__gsm8k_test_000254__no_think,gsm8k_test_000254,no_think,canonical,,full_output,6,10,False,39,39,True,13.054499626159668,,ok,False,ok,84,120.0
exp_c,exp_c__gsm8k_test_000254__no_think,gsm8k_test_000254,no_think,canonical,,full_output,13,10,False,39,39,True,11.578410148620604,,ok,False,ok,84,120.0
exp_c,exp_c__gsm8k_test_000254__no_think,gsm8k_test_000254,no_think,canonical,,full_output,20,10,False,39,39,True,10.530120849609377,,ok,False,ok,84,120.0
exp_c,exp_c__gsm8k_test_000254__no_think,gsm8k_test_000254,no_think,canonical,,answer_segment,6,10,False,39,39,True,13.054499626159668,,ok,False,ok,84,120.0
exp_c,exp_c__gsm8k_test_000254__no_think,gsm8k_test_000254,no_think,canonical,,answer_segment,13,10,False,39,39,True,11.578410148620604,,ok,False,ok,84,120.0
exp_c,exp_c__gsm8k_test_000254__no_think,gsm8k_test_000254,no_think,canonical,,answer_segment,20,10,False,39,39,True,10.530120849609377,,ok,False,ok,84,120.0
exp_c,exp_c__gsm8k_test_000257__think,gsm8k_test_000257,think,canonical,,full_output,6,10,False,521,521,True,10.39588451385498,,ok,True,ok,5600,5600.0
exp_c,exp_c__gsm8k_test_000257__think,gsm8k_test_000257,think,canonical,,full_output,13,10,False,521,521,True,9.939876556396484,,ok,True,ok,5600,5600.0
exp_c,exp_c__gsm8k_test_000257__think,gsm8k_test_000257,think,canonical,,full_output,20,10,False,521,521,True,9.485007286071776,,ok,True,ok,5600,5600.0
exp_c,exp_c__gsm8k_test_000257__think,gsm8k_test_000257,think,canonical,,thinking_segment,6,10,False,440,440,True,11.350364685058594,,ok_qwen_token_boundary,True,ok,5600,5600.0
exp_c,exp_c__gsm8k_test_000257__think,gsm8k_test_000257,think,canonical,,thinking_segment,13,10,False,440,440,True,10.112375259399414,,ok_qwen_token_boundary,True,ok,5600,5600.0
exp_c,exp_c__gsm8k_test_000257__think,gsm8k_test_000257,think,canonical,,thinking_segment,20,10,False,440,440,True,9.625725746154783,,ok_qwen_token_boundary,True,ok,5600,5600.0
exp_c,exp_c__gsm8k_test_000257__think,gsm8k_test_000257,think,canonical,,answer_segment,6,10,False,81,81,True,12.716352462768556,,ok_qwen_token_boundary,True,ok,5600,5600.0
exp_c,exp_c__gsm8k_test_000257__think,gsm8k_test_000257,think,canonical,,answer_segment,13,10,False,81,81,True,11.859638214111328,,ok_qwen_token_boundary,True,ok,5600,5600.0
exp_c,exp_c__gsm8k_test_000257__think,gsm8k_test_000257,think,canonical,,answer_segment,20,10,False,81,81,True,11.210439682006836,,ok_qwen_token_boundary,True,ok,5600,5600.0
exp_c,exp_c__gsm8k_test_000257__no_think,gsm8k_test_000257,no_think,canonical,,full_output,6,10,False,45,45,True,13.540953636169434,,ok,False,ok,5600,80000.0
exp_c,exp_c__gsm8k_test_000257__no_think,gsm8k_test_000257,no_think,canonical,,full_output,13,10,False,45,45,True,9.538860321044922,,ok,False,ok,5600,80000.0
exp_c,exp_c__gsm8k_test_000257__no_think,gsm8k_test_000257,no_think,canonical,,full_output,20,10,False,45,45,True,10.192865371704102,,ok,False,ok,5600,80000.0
exp_c,exp_c__gsm8k_test_000257__no_think,gsm8k_test_000257,no_think,canonical,,answer_segment,6,10,False,45,45,True,13.540953636169434,,ok,False,ok,5600,80000.0
exp_c,exp_c__gsm8k_test_000257__no_think,gsm8k_test_000257,no_think,canonical,,answer_segment,13,10,False,45,45,True,9.538860321044922,,ok,False,ok,5600,80000.0
exp_c,exp_c__gsm8k_test_000257__no_think,gsm8k_test_000257,no_think,canonical,,answer_segment,20,10,False,45,45,True,10.192865371704102,,ok,False,ok,5600,80000.0
exp_c,exp_c__gsm8k_test_000273__think,gsm8k_test_000273,think,canonical,,full_output,6,10,False,573,573,True,10.276859283447266,,ok,True,ok,315,315.0
exp_c,exp_c__gsm8k_test_000273__think,gsm8k_test_000273,think,canonical,,full_output,13,10,False,573,573,True,9.476970672607422,,ok,True,ok,315,315.0
exp_c,exp_c__gsm8k_test_000273__think,gsm8k_test_000273,think,canonical,,full_output,20,10,False,573,573,True,9.207698822021484,,ok,True,ok,315,315.0
exp_c,exp_c__gsm8k_test_000273__think,gsm8k_test_000273,think,canonical,,thinking_segment,6,10,False,475,475,True,10.279545783996582,,ok_qwen_token_boundary,True,ok,315,315.0
exp_c,exp_c__gsm8k_test_000273__think,gsm8k_test_000273,think,canonical,,thinking_segment,13,10,False,475,475,True,9.641632080078123,,ok_qwen_token_boundary,True,ok,315,315.0
exp_c,exp_c__gsm8k_test_000273__think,gsm8k_test_000273,think,canonical,,thinking_segment,20,10,False,475,475,True,9.2168607711792,,ok_qwen_token_boundary,True,ok,315,315.0
exp_c,exp_c__gsm8k_test_000273__think,gsm8k_test_000273,think,canonical,,answer_segment,6,10,False,98,98,True,12.075309753417969,,ok_qwen_token_boundary,True,ok,315,315.0
exp_c,exp_c__gsm8k_test_000273__think,gsm8k_test_000273,think,canonical,,answer_segment,13,10,False,98,98,True,11.352535247802734,,ok_qwen_token_boundary,True,ok,315,315.0
exp_c,exp_c__gsm8k_test_000273__think,gsm8k_test_000273,think,canonical,,answer_segment,20,10,False,98,98,True,11.351634979248049,,ok_qwen_token_boundary,True,ok,315,315.0
exp_c,exp_c__gsm8k_test_000273__no_think,gsm8k_test_000273,no_think,canonical,,full_output,6,10,False,43,43,True,12.47268009185791,,ok,False,ok,315,90.0
exp_c,exp_c__gsm8k_test_000273__no_think,gsm8k_test_000273,no_think,canonical,,full_output,13,10,False,43,43,True,10.908462524414062,,ok,False,ok,315,90.0
exp_c,exp_c__gsm8k_test_000273__no_think,gsm8k_test_000273,no_think,canonical,,full_output,20,10,False,43,43,True,12.944031715393066,,ok,False,ok,315,90.0
exp_c,exp_c__gsm8k_test_000273__no_think,gsm8k_test_000273,no_think,canonical,,answer_segment,6,10,False,43,43,True,12.47268009185791,,ok,False,ok,315,90.0
exp_c,exp_c__gsm8k_test_000273__no_think,gsm8k_test_000273,no_think,canonical,,answer_segment,13,10,False,43,43,True,10.908462524414062,,ok,False,ok,315,90.0
exp_c,exp_c__gsm8k_test_000273__no_think,gsm8k_test_000273,no_think,canonical,,answer_segment,20,10,False,43,43,True,12.944031715393066,,ok,False,ok,315,90.0
exp_c,exp_c__gsm8k_test_000274__think,gsm8k_test_000274,think,canonical,,full_output,6,10,False,46,46,True,13.818830490112305,,ok,False,ok,3200,1000.0
exp_c,exp_c__gsm8k_test_000274__think,gsm8k_test_000274,think,canonical,,full_output,13,10,False,46,46,True,10.994061470031738,,ok,False,ok,3200,1000.0
exp_c,exp_c__gsm8k_test_000274__think,gsm8k_test_000274,think,canonical,,full_output,20,10,False,46,46,True,11.005863189697266,,ok,False,ok,3200,1000.0
exp_c,exp_c__gsm8k_test_000274__think,gsm8k_test_000274,think,canonical,,thinking_segment,6,10,False,3,0,False,,too_short,ok_qwen_token_boundary,False,ok,3200,1000.0
exp_c,exp_c__gsm8k_test_000274__think,gsm8k_test_000274,think,canonical,,thinking_segment,13,10,False,3,0,False,,too_short,ok_qwen_token_boundary,False,ok,3200,1000.0
exp_c,exp_c__gsm8k_test_000274__think,gsm8k_test_000274,think,canonical,,thinking_segment,20,10,False,3,0,False,,too_short,ok_qwen_token_boundary,False,ok,3200,1000.0
exp_c,exp_c__gsm8k_test_000274__think,gsm8k_test_000274,think,canonical,,answer_segment,6,10,False,43,43,True,16.128055572509766,,ok_qwen_token_boundary,False,ok,3200,1000.0
exp_c,exp_c__gsm8k_test_000274__think,gsm8k_test_000274,think,canonical,,answer_segment,13,10,False,43,43,True,11.206183433532717,,ok_qwen_token_boundary,False,ok,3200,1000.0
exp_c,exp_c__gsm8k_test_000274__think,gsm8k_test_000274,think,canonical,,answer_segment,20,10,False,43,43,True,11.06012725830078,,ok_qwen_token_boundary,False,ok,3200,1000.0
exp_c,exp_c__gsm8k_test_000274__no_think,gsm8k_test_000274,no_think,canonical,,full_output,6,10,False,41,41,True,14.67546558380127,,ok,False,ok,3200,1000.0
exp_c,exp_c__gsm8k_test_000274__no_think,gsm8k_test_000274,no_think,canonical,,full_output,13,10,False,41,41,True,10.07512378692627,,ok,False,ok,3200,1000.0
exp_c,exp_c__gsm8k_test_000274__no_think,gsm8k_test_000274,no_think,canonical,,full_output,20,10,False,41,41,True,10.908794403076172,,ok,False,ok,3200,1000.0
exp_c,exp_c__gsm8k_test_000274__no_think,gsm8k_test_000274,no_think,canonical,,answer_segment,6,10,False,41,41,True,14.67546558380127,,ok,False,ok,3200,1000.0
exp_c,exp_c__gsm8k_test_000274__no_think,gsm8k_test_000274,no_think,canonical,,answer_segment,13,10,False,41,41,True,10.07512378692627,,ok,False,ok,3200,1000.0
exp_c,exp_c__gsm8k_test_000274__no_think,gsm8k_test_000274,no_think,canonical,,answer_segment,20,10,False,41,41,True,10.908794403076172,,ok,False,ok,3200,1000.0
exp_c,exp_c__gsm8k_test_000276__think,gsm8k_test_000276,think,canonical,,full_output,6,10,False,96,96,True,8.432768821716309,,ok,False,ok,9,12.0
exp_c,exp_c__gsm8k_test_000276__think,gsm8k_test_000276,think,canonical,,full_output,13,10,False,96,96,True,8.372871398925781,,ok,False,ok,9,12.0
exp_c,exp_c__gsm8k_test_000276__think,gsm8k_test_000276,think,canonical,,full_output,20,10,False,96,96,True,10.208850860595703,,ok,False,ok,9,12.0
exp_c,exp_c__gsm8k_test_000276__think,gsm8k_test_000276,think,canonical,,thinking_segment,6,10,False,3,0,False,,too_short,ok_qwen_token_boundary,False,ok,9,12.0
exp_c,exp_c__gsm8k_test_000276__think,gsm8k_test_000276,think,canonical,,thinking_segment,13,10,False,3,0,False,,too_short,ok_qwen_token_boundary,False,ok,9,12.0
exp_c,exp_c__gsm8k_test_000276__think,gsm8k_test_000276,think,canonical,,thinking_segment,20,10,False,3,0,False,,too_short,ok_qwen_token_boundary,False,ok,9,12.0
exp_c,exp_c__gsm8k_test_000276__think,gsm8k_test_000276,think,canonical,,answer_segment,6,10,False,93,93,True,9.496716499328612,,ok_qwen_token_boundary,False,ok,9,12.0
exp_c,exp_c__gsm8k_test_000276__think,gsm8k_test_000276,think,canonical,,answer_segment,13,10,False,93,93,True,8.264467239379883,,ok_qwen_token_boundary,False,ok,9,12.0
exp_c,exp_c__gsm8k_test_000276__think,gsm8k_test_000276,think,canonical,,answer_segment,20,10,False,93,93,True,10.123445510864258,,ok_qwen_token_boundary,False,ok,9,12.0
exp_c,exp_c__gsm8k_test_000276__no_think,gsm8k_test_000276,no_think,canonical,,full_output,6,10,False,159,159,True,8.360796928405762,,ok,False,ok,9,12.0
exp_c,exp_c__gsm8k_test_000276__no_think,gsm8k_test_000276,no_think,canonical,,full_output,13,10,False,159,159,True,8.503373146057129,,ok,False,ok,9,12.0
exp_c,exp_c__gsm8k_test_000276__no_think,gsm8k_test_000276,no_think,canonical,,full_output,20,10,False,159,159,True,7.994873046875,,ok,False,ok,9,12.0
exp_c,exp_c__gsm8k_test_000276__no_think,gsm8k_test_000276,no_think,canonical,,answer_segment,6,10,False,159,159,True,8.360796928405762,,ok,False,ok,9,12.0
exp_c,exp_c__gsm8k_test_000276__no_think,gsm8k_test_000276,no_think,canonical,,answer_segment,13,10,False,159,159,True,8.503373146057129,,ok,False,ok,9,12.0
exp_c,exp_c__gsm8k_test_000276__no_think,gsm8k_test_000276,no_think,canonical,,answer_segment,20,10,False,159,159,True,7.994873046875,,ok,False,ok,9,12.0
exp_c,exp_c__gsm8k_test_000282__think,gsm8k_test_000282,think,canonical,,full_output,6,10,False,45,45,True,14.174323081970217,,ok,False,ok,195,36.0
exp_c,exp_c__gsm8k_test_000282__think,gsm8k_test_000282,think,canonical,,full_output,13,10,False,45,45,True,11.905523300170898,,ok,False,ok,195,36.0
exp_c,exp_c__gsm8k_test_000282__think,gsm8k_test_000282,think,canonical,,full_output,20,10,False,45,45,True,11.754728317260742,,ok,False,ok,195,36.0
exp_c,exp_c__gsm8k_test_000282__think,gsm8k_test_000282,think,canonical,,thinking_segment,6,10,False,3,0,False,,too_short,ok_qwen_token_boundary,False,ok,195,36.0
exp_c,exp_c__gsm8k_test_000282__think,gsm8k_test_000282,think,canonical,,thinking_segment,13,10,False,3,0,False,,too_short,ok_qwen_token_boundary,False,ok,195,36.0
exp_c,exp_c__gsm8k_test_000282__think,gsm8k_test_000282,think,canonical,,thinking_segment,20,10,False,3,0,False,,too_short,ok_qwen_token_boundary,False,ok,195,36.0
exp_c,exp_c__gsm8k_test_000282__think,gsm8k_test_000282,think,canonical,,answer_segment,6,10,False,42,42,True,16.121822357177734,,ok_qwen_token_boundary,False,ok,195,36.0
exp_c,exp_c__gsm8k_test_000282__think,gsm8k_test_000282,think,canonical,,answer_segment,13,10,False,42,42,True,12.141646385192873,,ok_qwen_token_boundary,False,ok,195,36.0
exp_c,exp_c__gsm8k_test_000282__think,gsm8k_test_000282,think,canonical,,answer_segment,20,10,False,42,42,True,11.921687126159668,,ok_qwen_token_boundary,False,ok,195,36.0
exp_c,exp_c__gsm8k_test_000282__no_think,gsm8k_test_000282,no_think,canonical,,full_output,6,10,False,45,45,True,14.956743240356444,,ok,False,ok,195,54.0
exp_c,exp_c__gsm8k_test_000282__no_think,gsm8k_test_000282,no_think,canonical,,full_output,13,10,False,45,45,True,11.54576301574707,,ok,False,ok,195,54.0
exp_c,exp_c__gsm8k_test_000282__no_think,gsm8k_test_000282,no_think,canonical,,full_output,20,10,False,45,45,True,11.508329391479492,,ok,False,ok,195,54.0
exp_c,exp_c__gsm8k_test_000282__no_think,gsm8k_test_000282,no_think,canonical,,answer_segment,6,10,False,45,45,True,14.956743240356444,,ok,False,ok,195,54.0
exp_c,exp_c__gsm8k_test_000282__no_think,gsm8k_test_000282,no_think,canonical,,answer_segment,13,10,False,45,45,True,11.54576301574707,,ok,False,ok,195,54.0
exp_c,exp_c__gsm8k_test_000282__no_think,gsm8k_test_000282,no_think,canonical,,answer_segment,20,10,False,45,45,True,11.508329391479492,,ok,False,ok,195,54.0
exp_c,exp_c__gsm8k_test_000290__think,gsm8k_test_000290,think,canonical,,full_output,6,10,False,43,43,True,13.127362251281738,,ok,False,ok,390,39.0
exp_c,exp_c__gsm8k_test_000290__think,gsm8k_test_000290,think,canonical,,full_output,13,10,False,43,43,True,10.480408668518066,,ok,False,ok,390,39.0
exp_c,exp_c__gsm8k_test_000290__think,gsm8k_test_000290,think,canonical,,full_output,20,10,False,43,43,True,11.635140419006348,,ok,False,ok,390,39.0
exp_c,exp_c__gsm8k_test_000290__think,gsm8k_test_000290,think,canonical,,thinking_segment,6,10,False,3,0,False,,too_short,ok_qwen_token_boundary,False,ok,390,39.0
exp_c,exp_c__gsm8k_test_000290__think,gsm8k_test_000290,think,canonical,,thinking_segment,13,10,False,3,0,False,,too_short,ok_qwen_token_boundary,False,ok,390,39.0
exp_c,exp_c__gsm8k_test_000290__think,gsm8k_test_000290,think,canonical,,thinking_segment,20,10,False,3,0,False,,too_short,ok_qwen_token_boundary,False,ok,390,39.0
exp_c,exp_c__gsm8k_test_000290__think,gsm8k_test_000290,think,canonical,,answer_segment,6,10,False,40,40,True,16.593515396118164,,ok_qwen_token_boundary,False,ok,390,39.0
exp_c,exp_c__gsm8k_test_000290__think,gsm8k_test_000290,think,canonical,,answer_segment,13,10,False,40,40,True,10.588006973266602,,ok_qwen_token_boundary,False,ok,390,39.0
exp_c,exp_c__gsm8k_test_000290__think,gsm8k_test_000290,think,canonical,,answer_segment,20,10,False,40,40,True,11.654706001281738,,ok_qwen_token_boundary,False,ok,390,39.0
exp_c,exp_c__gsm8k_test_000290__no_think,gsm8k_test_000290,no_think,canonical,,full_output,6,10,False,53,53,True,16.866762161254883,,ok,True,ok,390,390.0
exp_c,exp_c__gsm8k_test_000290__no_think,gsm8k_test_000290,no_think,canonical,,full_output,13,10,False,53,53,True,12.303631782531738,,ok,True,ok,390,390.0
exp_c,exp_c__gsm8k_test_000290__no_think,gsm8k_test_000290,no_think,canonical,,full_output,20,10,False,53,53,True,13.222086906433104,,ok,True,ok,390,390.0
exp_c,exp_c__gsm8k_test_000290__no_think,gsm8k_test_000290,no_think,canonical,,answer_segment,6,10,False,53,53,True,16.866762161254883,,ok,True,ok,390,390.0
exp_c,exp_c__gsm8k_test_000290__no_think,gsm8k_test_000290,no_think,canonical,,answer_segment,13,10,False,53,53,True,12.303631782531738,,ok,True,ok,390,390.0
exp_c,exp_c__gsm8k_test_000290__no_think,gsm8k_test_000290,no_think,canonical,,answer_segment,20,10,False,53,53,True,13.222086906433104,,ok,True,ok,390,390.0
exp_c,exp_c__gsm8k_test_000294__think,gsm8k_test_000294,think,canonical,,full_output,6,10,False,59,59,True,15.903615951538086,,ok,False,ok,3,15.0
exp_c,exp_c__gsm8k_test_000294__think,gsm8k_test_000294,think,canonical,,full_output,13,10,False,59,59,True,12.85651683807373,,ok,False,ok,3,15.0
exp_c,exp_c__gsm8k_test_000294__think,gsm8k_test_000294,think,canonical,,full_output,20,10,False,59,59,True,11.815699577331545,,ok,False,ok,3,15.0
exp_c,exp_c__gsm8k_test_000294__think,gsm8k_test_000294,think,canonical,,thinking_segment,6,10,False,3,0,False,,too_short,ok_qwen_token_boundary,False,ok,3,15.0
exp_c,exp_c__gsm8k_test_000294__think,gsm8k_test_000294,think,canonical,,thinking_segment,13,10,False,3,0,False,,too_short,ok_qwen_token_boundary,False,ok,3,15.0
exp_c,exp_c__gsm8k_test_000294__think,gsm8k_test_000294,think,canonical,,thinking_segment,20,10,False,3,0,False,,too_short,ok_qwen_token_boundary,False,ok,3,15.0
exp_c,exp_c__gsm8k_test_000294__think,gsm8k_test_000294,think,canonical,,answer_segment,6,10,False,56,56,True,17.57637596130371,,ok_qwen_token_boundary,False,ok,3,15.0
exp_c,exp_c__gsm8k_test_000294__think,gsm8k_test_000294,think,canonical,,answer_segment,13,10,False,56,56,True,12.813410758972168,,ok_qwen_token_boundary,False,ok,3,15.0
exp_c,exp_c__gsm8k_test_000294__think,gsm8k_test_000294,think,canonical,,answer_segment,20,10,False,56,56,True,11.897207260131836,,ok_qwen_token_boundary,False,ok,3,15.0
exp_c,exp_c__gsm8k_test_000294__no_think,gsm8k_test_000294,no_think,canonical,,full_output,6,10,False,39,39,True,15.962347984313965,,ok,False,ok,3,13.0
exp_c,exp_c__gsm8k_test_000294__no_think,gsm8k_test_000294,no_think,canonical,,full_output,13,10,False,39,39,True,11.357791900634766,,ok,False,ok,3,13.0
exp_c,exp_c__gsm8k_test_000294__no_think,gsm8k_test_000294,no_think,canonical,,full_output,20,10,False,39,39,True,11.721330642700195,,ok,False,ok,3,13.0
exp_c,exp_c__gsm8k_test_000294__no_think,gsm8k_test_000294,no_think,canonical,,answer_segment,6,10,False,39,39,True,15.962347984313965,,ok,False,ok,3,13.0
exp_c,exp_c__gsm8k_test_000294__no_think,gsm8k_test_000294,no_think,canonical,,answer_segment,13,10,False,39,39,True,11.357791900634766,,ok,False,ok,3,13.0
exp_c,exp_c__gsm8k_test_000294__no_think,gsm8k_test_000294,no_think,canonical,,answer_segment,20,10,False,39,39,True,11.721330642700195,,ok,False,ok,3,13.0
exp_c,exp_c__gsm8k_test_000296__think,gsm8k_test_000296,think,canonical,,full_output,6,10,False,52,52,True,12.581357955932615,,ok,False,ok,3,6.0
exp_c,exp_c__gsm8k_test_000296__think,gsm8k_test_000296,think,canonical,,full_output,13,10,False,52,52,True,10.581010818481444,,ok,False,ok,3,6.0
exp_c,exp_c__gsm8k_test_000296__think,gsm8k_test_000296,think,canonical,,full_output,20,10,False,52,52,True,11.683526039123535,,ok,False,ok,3,6.0
exp_c,exp_c__gsm8k_test_000296__think,gsm8k_test_000296,think,canonical,,thinking_segment,6,10,False,3,0,False,,too_short,ok_qwen_token_boundary,False,ok,3,6.0
exp_c,exp_c__gsm8k_test_000296__think,gsm8k_test_000296,think,canonical,,thinking_segment,13,10,False,3,0,False,,too_short,ok_qwen_token_boundary,False,ok,3,6.0
exp_c,exp_c__gsm8k_test_000296__think,gsm8k_test_000296,think,canonical,,thinking_segment,20,10,False,3,0,False,,too_short,ok_qwen_token_boundary,False,ok,3,6.0
exp_c,exp_c__gsm8k_test_000296__think,gsm8k_test_000296,think,canonical,,answer_segment,6,10,False,49,49,True,13.968307495117188,,ok_qwen_token_boundary,False,ok,3,6.0
exp_c,exp_c__gsm8k_test_000296__think,gsm8k_test_000296,think,canonical,,answer_segment,13,10,False,49,49,True,10.725598335266112,,ok_qwen_token_boundary,False,ok,3,6.0
exp_c,exp_c__gsm8k_test_000296__think,gsm8k_test_000296,think,canonical,,answer_segment,20,10,False,49,49,True,11.585055351257324,,ok_qwen_token_boundary,False,ok,3,6.0
exp_c,exp_c__gsm8k_test_000296__no_think,gsm8k_test_000296,no_think,canonical,,full_output,6,10,False,64,64,True,13.044968605041504,,ok,False,ok,3,21.0
exp_c,exp_c__gsm8k_test_000296__no_think,gsm8k_test_000296,no_think,canonical,,full_output,13,10,False,64,64,True,10.638874053955078,,ok,False,ok,3,21.0
exp_c,exp_c__gsm8k_test_000296__no_think,gsm8k_test_000296,no_think,canonical,,full_output,20,10,False,64,64,True,9.785823822021484,,ok,False,ok,3,21.0
exp_c,exp_c__gsm8k_test_000296__no_think,gsm8k_test_000296,no_think,canonical,,answer_segment,6,10,False,64,64,True,13.044968605041504,,ok,False,ok,3,21.0
exp_c,exp_c__gsm8k_test_000296__no_think,gsm8k_test_000296,no_think,canonical,,answer_segment,13,10,False,64,64,True,10.638874053955078,,ok,False,ok,3,21.0
exp_c,exp_c__gsm8k_test_000296__no_think,gsm8k_test_000296,no_think,canonical,,answer_segment,20,10,False,64,64,True,9.785823822021484,,ok,False,ok,3,21.0
exp_c,exp_c__gsm8k_test_000300__think,gsm8k_test_000300,think,canonical,,full_output,6,10,False,229,229,True,12.654040336608888,,ok,True,ok,78,78.0
exp_c,exp_c__gsm8k_test_000300__think,gsm8k_test_000300,think,canonical,,full_output,13,10,False,229,229,True,10.886842727661133,,ok,True,ok,78,78.0
exp_c,exp_c__gsm8k_test_000300__think,gsm8k_test_000300,think,canonical,,full_output,20,10,False,229,229,True,10.905988693237305,,ok,True,ok,78,78.0
exp_c,exp_c__gsm8k_test_000300__think,gsm8k_test_000300,think,canonical,,thinking_segment,6,10,False,184,184,True,12.953124046325684,,ok_qwen_token_boundary,True,ok,78,78.0
exp_c,exp_c__gsm8k_test_000300__think,gsm8k_test_000300,think,canonical,,thinking_segment,13,10,False,184,184,True,10.57422924041748,,ok_qwen_token_boundary,True,ok,78,78.0
exp_c,exp_c__gsm8k_test_000300__think,gsm8k_test_000300,think,canonical,,thinking_segment,20,10,False,184,184,True,10.472930908203123,,ok_qwen_token_boundary,True,ok,78,78.0
exp_c,exp_c__gsm8k_test_000300__think,gsm8k_test_000300,think,canonical,,answer_segment,6,10,False,45,45,True,15.176538467407228,,ok_qwen_token_boundary,True,ok,78,78.0
exp_c,exp_c__gsm8k_test_000300__think,gsm8k_test_000300,think,canonical,,answer_segment,13,10,False,45,45,True,12.0490140914917,,ok_qwen_token_boundary,True,ok,78,78.0
exp_c,exp_c__gsm8k_test_000300__think,gsm8k_test_000300,think,canonical,,answer_segment,20,10,False,45,45,True,13.908025741577148,,ok_qwen_token_boundary,True,ok,78,78.0
exp_c,exp_c__gsm8k_test_000300__no_think,gsm8k_test_000300,no_think,canonical,,full_output,6,10,False,40,40,True,15.828020095825195,,ok,False,ok,78,82.0
exp_c,exp_c__gsm8k_test_000300__no_think,gsm8k_test_000300,no_think,canonical,,full_output,13,10,False,40,40,True,11.570356369018556,,ok,False,ok,78,82.0
exp_c,exp_c__gsm8k_test_000300__no_think,gsm8k_test_000300,no_think,canonical,,full_output,20,10,False,40,40,True,12.8446683883667,,ok,False,ok,78,82.0
exp_c,exp_c__gsm8k_test_000300__no_think,gsm8k_test_000300,no_think,canonical,,answer_segment,6,10,False,40,40,True,15.828020095825195,,ok,False,ok,78,82.0
exp_c,exp_c__gsm8k_test_000300__no_think,gsm8k_test_000300,no_think,canonical,,answer_segment,13,10,False,40,40,True,11.570356369018556,,ok,False,ok,78,82.0
exp_c,exp_c__gsm8k_test_000300__no_think,gsm8k_test_000300,no_think,canonical,,answer_segment,20,10,False,40,40,True,12.8446683883667,,ok,False,ok,78,82.0
exp_c,exp_c__gsm8k_test_000304__think,gsm8k_test_000304,think,canonical,,full_output,6,10,False,564,564,True,8.731252670288086,,ok,False,ok,3200,2300.0
exp_c,exp_c__gsm8k_test_000304__think,gsm8k_test_000304,think,canonical,,full_output,13,10,False,564,564,True,8.65065860748291,,ok,False,ok,3200,2300.0
exp_c,exp_c__gsm8k_test_000304__think,gsm8k_test_000304,think,canonical,,full_output,20,10,False,564,564,True,8.127592086791992,,ok,False,ok,3200,2300.0
exp_c,exp_c__gsm8k_test_000304__think,gsm8k_test_000304,think,canonical,,thinking_segment,6,10,False,514,514,True,8.496970176696777,,ok_qwen_token_boundary,False,ok,3200,2300.0
exp_c,exp_c__gsm8k_test_000304__think,gsm8k_test_000304,think,canonical,,thinking_segment,13,10,False,514,514,True,8.485574722290039,,ok_qwen_token_boundary,False,ok,3200,2300.0
exp_c,exp_c__gsm8k_test_000304__think,gsm8k_test_000304,think,canonical,,thinking_segment,20,10,False,514,514,True,7.816607475280762,,ok_qwen_token_boundary,False,ok,3200,2300.0
exp_c,exp_c__gsm8k_test_000304__think,gsm8k_test_000304,think,canonical,,answer_segment,6,10,False,50,50,True,14.162014961242676,,ok_qwen_token_boundary,False,ok,3200,2300.0
exp_c,exp_c__gsm8k_test_000304__think,gsm8k_test_000304,think,canonical,,answer_segment,13,10,False,50,50,True,11.557220458984377,,ok_qwen_token_boundary,False,ok,3200,2300.0
exp_c,exp_c__gsm8k_test_000304__think,gsm8k_test_000304,think,canonical,,answer_segment,20,10,False,50,50,True,11.163006782531738,,ok_qwen_token_boundary,False,ok,3200,2300.0
exp_c,exp_c__gsm8k_test_000304__no_think,gsm8k_test_000304,no_think,canonical,,full_output,6,10,False,60,60,True,14.383861541748049,,ok,False,ok,3200,800.0
exp_c,exp_c__gsm8k_test_000304__no_think,gsm8k_test_000304,no_think,canonical,,full_output,13,10,False,60,60,True,10.664349555969238,,ok,False,ok,3200,800.0
exp_c,exp_c__gsm8k_test_000304__no_think,gsm8k_test_000304,no_think,canonical,,full_output,20,10,False,60,60,True,9.977672576904297,,ok,False,ok,3200,800.0
exp_c,exp_c__gsm8k_test_000304__no_think,gsm8k_test_000304,no_think,canonical,,answer_segment,6,10,False,60,60,True,14.383861541748049,,ok,False,ok,3200,800.0
exp_c,exp_c__gsm8k_test_000304__no_think,gsm8k_test_000304,no_think,canonical,,answer_segment,13,10,False,60,60,True,10.664349555969238,,ok,False,ok,3200,800.0
exp_c,exp_c__gsm8k_test_000304__no_think,gsm8k_test_000304,no_think,canonical,,answer_segment,20,10,False,60,60,True,9.977672576904297,,ok,False,ok,3200,800.0
exp_c,exp_c__gsm8k_test_000307__think,gsm8k_test_000307,think,canonical,,full_output,6,10,False,556,556,True,6.663774490356445,,ok,False,ok,16,4.0
exp_c,exp_c__gsm8k_test_000307__think,gsm8k_test_000307,think,canonical,,full_output,13,10,False,556,556,True,6.927455425262451,,ok,False,ok,16,4.0
exp_c,exp_c__gsm8k_test_000307__think,gsm8k_test_000307,think,canonical,,full_output,20,10,False,556,556,True,6.424871921539307,,ok,False,ok,16,4.0
exp_c,exp_c__gsm8k_test_000307__think,gsm8k_test_000307,think,canonical,,thinking_segment,6,10,False,514,514,True,6.175045013427734,,ok_qwen_token_boundary,False,ok,16,4.0
exp_c,exp_c__gsm8k_test_000307__think,gsm8k_test_000307,think,canonical,,thinking_segment,13,10,False,514,514,True,6.704039573669434,,ok_qwen_token_boundary,False,ok,16,4.0
exp_c,exp_c__gsm8k_test_000307__think,gsm8k_test_000307,think,canonical,,thinking_segment,20,10,False,514,514,True,5.942948818206787,,ok_qwen_token_boundary,False,ok,16,4.0
exp_c,exp_c__gsm8k_test_000307__think,gsm8k_test_000307,think,canonical,,answer_segment,6,10,False,42,42,True,13.437982559204102,,ok_qwen_token_boundary,False,ok,16,4.0
exp_c,exp_c__gsm8k_test_000307__think,gsm8k_test_000307,think,canonical,,answer_segment,13,10,False,42,42,True,10.907506942749023,,ok_qwen_token_boundary,False,ok,16,4.0
exp_c,exp_c__gsm8k_test_000307__think,gsm8k_test_000307,think,canonical,,answer_segment,20,10,False,42,42,True,11.29066276550293,,ok_qwen_token_boundary,False,ok,16,4.0
exp_c,exp_c__gsm8k_test_000307__no_think,gsm8k_test_000307,no_think,canonical,,full_output,6,10,False,38,38,True,13.04986572265625,,ok,False,ok,16,4.0
exp_c,exp_c__gsm8k_test_000307__no_think,gsm8k_test_000307,no_think,canonical,,full_output,13,10,False,38,38,True,10.187310218811035,,ok,False,ok,16,4.0
exp_c,exp_c__gsm8k_test_000307__no_think,gsm8k_test_000307,no_think,canonical,,full_output,20,10,False,38,38,True,10.994169235229492,,ok,False,ok,16,4.0
exp_c,exp_c__gsm8k_test_000307__no_think,gsm8k_test_000307,no_think,canonical,,answer_segment,6,10,False,38,38,True,13.04986572265625,,ok,False,ok,16,4.0
exp_c,exp_c__gsm8k_test_000307__no_think,gsm8k_test_000307,no_think,canonical,,answer_segment,13,10,False,38,38,True,10.187310218811035,,ok,False,ok,16,4.0
exp_c,exp_c__gsm8k_test_000307__no_think,gsm8k_test_000307,no_think,canonical,,answer_segment,20,10,False,38,38,True,10.994169235229492,,ok,False,ok,16,4.0
exp_c,exp_c__gsm8k_test_000310__think,gsm8k_test_000310,think,canonical,,full_output,6,10,False,103,103,True,13.53763198852539,,ok,False,ok,2050,1000.0
exp_c,exp_c__gsm8k_test_000310__think,gsm8k_test_000310,think,canonical,,full_output,13,10,False,103,103,True,12.06495761871338,,ok,False,ok,2050,1000.0
exp_c,exp_c__gsm8k_test_000310__think,gsm8k_test_000310,think,canonical,,full_output,20,10,False,103,103,True,11.84415054321289,,ok,False,ok,2050,1000.0
exp_c,exp_c__gsm8k_test_000310__think,gsm8k_test_000310,think,canonical,,thinking_segment,6,10,False,3,0,False,,too_short,ok_qwen_token_boundary,False,ok,2050,1000.0
exp_c,exp_c__gsm8k_test_000310__think,gsm8k_test_000310,think,canonical,,thinking_segment,13,10,False,3,0,False,,too_short,ok_qwen_token_boundary,False,ok,2050,1000.0
exp_c,exp_c__gsm8k_test_000310__think,gsm8k_test_000310,think,canonical,,thinking_segment,20,10,False,3,0,False,,too_short,ok_qwen_token_boundary,False,ok,2050,1000.0
exp_c,exp_c__gsm8k_test_000310__think,gsm8k_test_000310,think,canonical,,answer_segment,6,10,False,100,100,True,13.905940055847168,,ok_qwen_token_boundary,False,ok,2050,1000.0
exp_c,exp_c__gsm8k_test_000310__think,gsm8k_test_000310,think,canonical,,answer_segment,13,10,False,100,100,True,12.019465446472168,,ok_qwen_token_boundary,False,ok,2050,1000.0
exp_c,exp_c__gsm8k_test_000310__think,gsm8k_test_000310,think,canonical,,answer_segment,20,10,False,100,100,True,11.738154411315918,,ok_qwen_token_boundary,False,ok,2050,1000.0
exp_c,exp_c__gsm8k_test_000310__no_think,gsm8k_test_000310,no_think,canonical,,full_output,6,10,False,90,90,True,16.168020248413086,,ok,False,ok,2050,2000.0
exp_c,exp_c__gsm8k_test_000310__no_think,gsm8k_test_000310,no_think,canonical,,full_output,13,10,False,90,90,True,12.405716896057127,,ok,False,ok,2050,2000.0
exp_c,exp_c__gsm8k_test_000310__no_think,gsm8k_test_000310,no_think,canonical,,full_output,20,10,False,90,90,True,11.60226345062256,,ok,False,ok,2050,2000.0
exp_c,exp_c__gsm8k_test_000310__no_think,gsm8k_test_000310,no_think,canonical,,answer_segment,6,10,False,90,90,True,16.168020248413086,,ok,False,ok,2050,2000.0
exp_c,exp_c__gsm8k_test_000310__no_think,gsm8k_test_000310,no_think,canonical,,answer_segment,13,10,False,90,90,True,12.405716896057127,,ok,False,ok,2050,2000.0
exp_c,exp_c__gsm8k_test_000310__no_think,gsm8k_test_000310,no_think,canonical,,answer_segment,20,10,False,90,90,True,11.60226345062256,,ok,False,ok,2050,2000.0
exp_c,exp_c__gsm8k_test_000315__think,gsm8k_test_000315,think,canonical,,full_output,6,10,False,51,51,True,11.32813549041748,,ok,False,ok,14,24.0
exp_c,exp_c__gsm8k_test_000315__think,gsm8k_test_000315,think,canonical,,full_output,13,10,False,51,51,True,10.328516006469728,,ok,False,ok,14,24.0
exp_c,exp_c__gsm8k_test_000315__think,gsm8k_test_000315,think,canonical,,full_output,20,10,False,51,51,True,10.926203727722168,,ok,False,ok,14,24.0
exp_c,exp_c__gsm8k_test_000315__think,gsm8k_test_000315,think,canonical,,thinking_segment,6,10,False,3,0,False,,too_short,ok_qwen_token_boundary,False,ok,14,24.0
exp_c,exp_c__gsm8k_test_000315__think,gsm8k_test_000315,think,canonical,,thinking_segment,13,10,False,3,0,False,,too_short,ok_qwen_token_boundary,False,ok,14,24.0
exp_c,exp_c__gsm8k_test_000315__think,gsm8k_test_000315,think,canonical,,thinking_segment,20,10,False,3,0,False,,too_short,ok_qwen_token_boundary,False,ok,14,24.0
exp_c,exp_c__gsm8k_test_000315__think,gsm8k_test_000315,think,canonical,,answer_segment,6,10,False,48,48,True,12.520548820495604,,ok_qwen_token_boundary,False,ok,14,24.0
exp_c,exp_c__gsm8k_test_000315__think,gsm8k_test_000315,think,canonical,,answer_segment,13,10,False,48,48,True,10.317983627319336,,ok_qwen_token_boundary,False,ok,14,24.0
exp_c,exp_c__gsm8k_test_000315__think,gsm8k_test_000315,think,canonical,,answer_segment,20,10,False,48,48,True,10.8888578414917,,ok_qwen_token_boundary,False,ok,14,24.0
exp_c,exp_c__gsm8k_test_000315__no_think,gsm8k_test_000315,no_think,canonical,,full_output,6,10,False,45,45,True,15.84994888305664,,ok,False,ok,14,12.0
exp_c,exp_c__gsm8k_test_000315__no_think,gsm8k_test_000315,no_think,canonical,,full_output,13,10,False,45,45,True,11.747234344482422,,ok,False,ok,14,12.0
exp_c,exp_c__gsm8k_test_000315__no_think,gsm8k_test_000315,no_think,canonical,,full_output,20,10,False,45,45,True,11.850289344787598,,ok,False,ok,14,12.0
exp_c,exp_c__gsm8k_test_000315__no_think,gsm8k_test_000315,no_think,canonical,,answer_segment,6,10,False,45,45,True,15.84994888305664,,ok,False,ok,14,12.0
exp_c,exp_c__gsm8k_test_000315__no_think,gsm8k_test_000315,no_think,canonical,,answer_segment,13,10,False,45,45,True,11.747234344482422,,ok,False,ok,14,12.0
exp_c,exp_c__gsm8k_test_000315__no_think,gsm8k_test_000315,no_think,canonical,,answer_segment,20,10,False,45,45,True,11.850289344787598,,ok,False,ok,14,12.0
exp_c,exp_c__gsm8k_test_000325__think,gsm8k_test_000325,think,canonical,,full_output,6,10,False,565,565,True,9.542000770568848,,ok,True,ok,224000,224000.0
exp_c,exp_c__gsm8k_test_000325__think,gsm8k_test_000325,think,canonical,,full_output,13,10,False,565,565,True,9.911458969116213,,ok,True,ok,224000,224000.0
exp_c,exp_c__gsm8k_test_000325__think,gsm8k_test_000325,think,canonical,,full_output,20,10,False,565,565,True,9.67509937286377,,ok,True,ok,224000,224000.0
exp_c,exp_c__gsm8k_test_000325__think,gsm8k_test_000325,think,canonical,,thinking_segment,6,10,False,514,514,True,9.43057918548584,,ok_qwen_token_boundary,True,ok,224000,224000.0
exp_c,exp_c__gsm8k_test_000325__think,gsm8k_test_000325,think,canonical,,thinking_segment,13,10,False,514,514,True,9.857059478759766,,ok_qwen_token_boundary,True,ok,224000,224000.0
exp_c,exp_c__gsm8k_test_000325__think,gsm8k_test_000325,think,canonical,,thinking_segment,20,10,False,514,514,True,9.507322311401367,,ok_qwen_token_boundary,True,ok,224000,224000.0
exp_c,exp_c__gsm8k_test_000325__think,gsm8k_test_000325,think,canonical,,answer_segment,6,10,False,51,51,True,13.517362594604492,,ok_qwen_token_boundary,True,ok,224000,224000.0
exp_c,exp_c__gsm8k_test_000325__think,gsm8k_test_000325,think,canonical,,answer_segment,13,10,False,51,51,True,11.056734085083008,,ok_qwen_token_boundary,True,ok,224000,224000.0
exp_c,exp_c__gsm8k_test_000325__think,gsm8k_test_000325,think,canonical,,answer_segment,20,10,False,51,51,True,12.091280937194824,,ok_qwen_token_boundary,True,ok,224000,224000.0
exp_c,exp_c__gsm8k_test_000325__no_think,gsm8k_test_000325,no_think,canonical,,full_output,6,10,False,70,70,True,12.609546661376951,,ok,False,ok,224000,8000.0
exp_c,exp_c__gsm8k_test_000325__no_think,gsm8k_test_000325,no_think,canonical,,full_output,13,10,False,70,70,True,10.96381664276123,,ok,False,ok,224000,8000.0
exp_c,exp_c__gsm8k_test_000325__no_think,gsm8k_test_000325,no_think,canonical,,full_output,20,10,False,70,70,True,11.088337898254396,,ok,False,ok,224000,8000.0
exp_c,exp_c__gsm8k_test_000325__no_think,gsm8k_test_000325,no_think,canonical,,answer_segment,6,10,False,70,70,True,12.609546661376951,,ok,False,ok,224000,8000.0
exp_c,exp_c__gsm8k_test_000325__no_think,gsm8k_test_000325,no_think,canonical,,answer_segment,13,10,False,70,70,True,10.96381664276123,,ok,False,ok,224000,8000.0
exp_c,exp_c__gsm8k_test_000325__no_think,gsm8k_test_000325,no_think,canonical,,answer_segment,20,10,False,70,70,True,11.088337898254396,,ok,False,ok,224000,8000.0
exp_c,exp_c__gsm8k_test_000338__think,gsm8k_test_000338,think,canonical,,full_output,6,10,False,59,59,True,14.775693893432615,,ok,True,ok,60,60.0
exp_c,exp_c__gsm8k_test_000338__think,gsm8k_test_000338,think,canonical,,full_output,13,10,False,59,59,True,12.105732917785645,,ok,True,ok,60,60.0
exp_c,exp_c__gsm8k_test_000338__think,gsm8k_test_000338,think,canonical,,full_output,20,10,False,59,59,True,13.105488777160645,,ok,True,ok,60,60.0
exp_c,exp_c__gsm8k_test_000338__think,gsm8k_test_000338,think,canonical,,thinking_segment,6,10,False,3,0,False,,too_short,ok_qwen_token_boundary,True,ok,60,60.0
exp_c,exp_c__gsm8k_test_000338__think,gsm8k_test_000338,think,canonical,,thinking_segment,13,10,False,3,0,False,,too_short,ok_qwen_token_boundary,True,ok,60,60.0
exp_c,exp_c__gsm8k_test_000338__think,gsm8k_test_000338,think,canonical,,thinking_segment,20,10,False,3,0,False,,too_short,ok_qwen_token_boundary,True,ok,60,60.0
exp_c,exp_c__gsm8k_test_000338__think,gsm8k_test_000338,think,canonical,,answer_segment,6,10,False,56,56,True,16.923254013061523,,ok_qwen_token_boundary,True,ok,60,60.0
exp_c,exp_c__gsm8k_test_000338__think,gsm8k_test_000338,think,canonical,,answer_segment,13,10,False,56,56,True,12.222597122192385,,ok_qwen_token_boundary,True,ok,60,60.0
exp_c,exp_c__gsm8k_test_000338__think,gsm8k_test_000338,think,canonical,,answer_segment,20,10,False,56,56,True,13.545783042907717,,ok_qwen_token_boundary,True,ok,60,60.0
exp_c,exp_c__gsm8k_test_000338__no_think,gsm8k_test_000338,no_think,canonical,,full_output,6,10,False,63,63,True,14.423269271850586,,ok,True,ok,60,60.0
exp_c,exp_c__gsm8k_test_000338__no_think,gsm8k_test_000338,no_think,canonical,,full_output,13,10,False,63,63,True,11.99219799041748,,ok,True,ok,60,60.0
exp_c,exp_c__gsm8k_test_000338__no_think,gsm8k_test_000338,no_think,canonical,,full_output,20,10,False,63,63,True,11.996509552001951,,ok,True,ok,60,60.0
exp_c,exp_c__gsm8k_test_000338__no_think,gsm8k_test_000338,no_think,canonical,,answer_segment,6,10,False,63,63,True,14.423269271850586,,ok,True,ok,60,60.0
exp_c,exp_c__gsm8k_test_000338__no_think,gsm8k_test_000338,no_think,canonical,,answer_segment,13,10,False,63,63,True,11.99219799041748,,ok,True,ok,60,60.0
exp_c,exp_c__gsm8k_test_000338__no_think,gsm8k_test_000338,no_think,canonical,,answer_segment,20,10,False,63,63,True,11.996509552001951,,ok,True,ok,60,60.0
exp_c,exp_c__gsm8k_test_000343__think,gsm8k_test_000343,think,canonical,,full_output,6,10,False,63,63,True,13.078438758850098,,ok,False,ok,180000,6000.0
exp_c,exp_c__gsm8k_test_000343__think,gsm8k_test_000343,think,canonical,,full_output,13,10,False,63,63,True,11.277475357055664,,ok,False,ok,180000,6000.0
exp_c,exp_c__gsm8k_test_000343__think,gsm8k_test_000343,think,canonical,,full_output,20,10,False,63,63,True,11.095995903015137,,ok,False,ok,180000,6000.0
exp_c,exp_c__gsm8k_test_000343__think,gsm8k_test_000343,think,canonical,,thinking_segment,6,10,False,3,0,False,,too_short,ok_qwen_token_boundary,False,ok,180000,6000.0
exp_c,exp_c__gsm8k_test_000343__think,gsm8k_test_000343,think,canonical,,thinking_segment,13,10,False,3,0,False,,too_short,ok_qwen_token_boundary,False,ok,180000,6000.0
exp_c,exp_c__gsm8k_test_000343__think,gsm8k_test_000343,think,canonical,,thinking_segment,20,10,False,3,0,False,,too_short,ok_qwen_token_boundary,False,ok,180000,6000.0
exp_c,exp_c__gsm8k_test_000343__think,gsm8k_test_000343,think,canonical,,answer_segment,6,10,False,60,60,True,14.590229988098145,,ok_qwen_token_boundary,False,ok,180000,6000.0
exp_c,exp_c__gsm8k_test_000343__think,gsm8k_test_000343,think,canonical,,answer_segment,13,10,False,60,60,True,11.30346965789795,,ok_qwen_token_boundary,False,ok,180000,6000.0
exp_c,exp_c__gsm8k_test_000343__think,gsm8k_test_000343,think,canonical,,answer_segment,20,10,False,60,60,True,11.156603813171388,,ok_qwen_token_boundary,False,ok,180000,6000.0
exp_c,exp_c__gsm8k_test_000343__no_think,gsm8k_test_000343,no_think,canonical,,full_output,6,10,False,69,69,True,13.02953052520752,,ok,False,ok,180000,6000.0
exp_c,exp_c__gsm8k_test_000343__no_think,gsm8k_test_000343,no_think,canonical,,full_output,13,10,False,69,69,True,11.314247131347656,,ok,False,ok,180000,6000.0
exp_c,exp_c__gsm8k_test_000343__no_think,gsm8k_test_000343,no_think,canonical,,full_output,20,10,False,69,69,True,10.753015518188477,,ok,False,ok,180000,6000.0
exp_c,exp_c__gsm8k_test_000343__no_think,gsm8k_test_000343,no_think,canonical,,answer_segment,6,10,False,69,69,True,13.02953052520752,,ok,False,ok,180000,6000.0
exp_c,exp_c__gsm8k_test_000343__no_think,gsm8k_test_000343,no_think,canonical,,answer_segment,13,10,False,69,69,True,11.314247131347656,,ok,False,ok,180000,6000.0
exp_c,exp_c__gsm8k_test_000343__no_think,gsm8k_test_000343,no_think,canonical,,answer_segment,20,10,False,69,69,True,10.753015518188477,,ok,False,ok,180000,6000.0
exp_c,exp_c__gsm8k_test_000351__think,gsm8k_test_000351,think,canonical,,full_output,6,10,False,279,279,True,12.468538284301758,,ok,True,ok,10,10.0
exp_c,exp_c__gsm8k_test_000351__think,gsm8k_test_000351,think,canonical,,full_output,13,10,False,279,279,True,10.833720207214355,,ok,True,ok,10,10.0
exp_c,exp_c__gsm8k_test_000351__think,gsm8k_test_000351,think,canonical,,full_output,20,10,False,279,279,True,10.87948513031006,,ok,True,ok,10,10.0
exp_c,exp_c__gsm8k_test_000351__think,gsm8k_test_000351,think,canonical,,thinking_segment,6,10,False,236,236,True,13.092729568481444,,ok_qwen_token_boundary,True,ok,10,10.0
exp_c,exp_c__gsm8k_test_000351__think,gsm8k_test_000351,think,canonical,,thinking_segment,13,10,False,236,236,True,11.261487007141112,,ok_qwen_token_boundary,True,ok,10,10.0
exp_c,exp_c__gsm8k_test_000351__think,gsm8k_test_000351,think,canonical,,thinking_segment,20,10,False,236,236,True,11.057051658630373,,ok_qwen_token_boundary,True,ok,10,10.0
exp_c,exp_c__gsm8k_test_000351__think,gsm8k_test_000351,think,canonical,,answer_segment,6,10,False,43,43,True,14.660282135009766,,ok_qwen_token_boundary,True,ok,10,10.0
exp_c,exp_c__gsm8k_test_000351__think,gsm8k_test_000351,think,canonical,,answer_segment,13,10,False,43,43,True,11.339344024658203,,ok_qwen_token_boundary,True,ok,10,10.0
exp_c,exp_c__gsm8k_test_000351__think,gsm8k_test_000351,think,canonical,,answer_segment,20,10,False,43,43,True,11.273599624633787,,ok_qwen_token_boundary,True,ok,10,10.0
exp_c,exp_c__gsm8k_test_000351__no_think,gsm8k_test_000351,no_think,canonical,,full_output,6,10,False,53,53,True,12.535572052001951,,ok,True,ok,10,10.0
exp_c,exp_c__gsm8k_test_000351__no_think,gsm8k_test_000351,no_think,canonical,,full_output,13,10,False,53,53,True,10.749006271362305,,ok,True,ok,10,10.0
exp_c,exp_c__gsm8k_test_000351__no_think,gsm8k_test_000351,no_think,canonical,,full_output,20,10,False,53,53,True,11.796060562133787,,ok,True,ok,10,10.0
exp_c,exp_c__gsm8k_test_000351__no_think,gsm8k_test_000351,no_think,canonical,,answer_segment,6,10,False,53,53,True,12.535572052001951,,ok,True,ok,10,10.0
exp_c,exp_c__gsm8k_test_000351__no_think,gsm8k_test_000351,no_think,canonical,,answer_segment,13,10,False,53,53,True,10.749006271362305,,ok,True,ok,10,10.0
exp_c,exp_c__gsm8k_test_000351__no_think,gsm8k_test_000351,no_think,canonical,,answer_segment,20,10,False,53,53,True,11.796060562133787,,ok,True,ok,10,10.0
exp_c,exp_c__gsm8k_test_000360__think,gsm8k_test_000360,think,canonical,,full_output,6,10,False,52,52,True,12.154549598693848,,ok,True,ok,25,25.0
exp_c,exp_c__gsm8k_test_000360__think,gsm8k_test_000360,think,canonical,,full_output,13,10,False,52,52,True,11.12815284729004,,ok,True,ok,25,25.0
exp_c,exp_c__gsm8k_test_000360__think,gsm8k_test_000360,think,canonical,,full_output,20,10,False,52,52,True,10.530964851379396,,ok,True,ok,25,25.0
exp_c,exp_c__gsm8k_test_000360__think,gsm8k_test_000360,think,canonical,,thinking_segment,6,10,False,3,0,False,,too_short,ok_qwen_token_boundary,True,ok,25,25.0
exp_c,exp_c__gsm8k_test_000360__think,gsm8k_test_000360,think,canonical,,thinking_segment,13,10,False,3,0,False,,too_short,ok_qwen_token_boundary,True,ok,25,25.0
exp_c,exp_c__gsm8k_test_000360__think,gsm8k_test_000360,think,canonical,,thinking_segment,20,10,False,3,0,False,,too_short,ok_qwen_token_boundary,True,ok,25,25.0
exp_c,exp_c__gsm8k_test_000360__think,gsm8k_test_000360,think,canonical,,answer_segment,6,10,False,49,49,True,13.31169319152832,,ok_qwen_token_boundary,True,ok,25,25.0
exp_c,exp_c__gsm8k_test_000360__think,gsm8k_test_000360,think,canonical,,answer_segment,13,10,False,49,49,True,10.802959442138672,,ok_qwen_token_boundary,True,ok,25,25.0
exp_c,exp_c__gsm8k_test_000360__think,gsm8k_test_000360,think,canonical,,answer_segment,20,10,False,49,49,True,10.556503295898438,,ok_qwen_token_boundary,True,ok,25,25.0
exp_c,exp_c__gsm8k_test_000360__no_think,gsm8k_test_000360,no_think,canonical,,full_output,6,10,False,50,50,True,11.801807403564451,,ok,True,ok,25,25.0
exp_c,exp_c__gsm8k_test_000360__no_think,gsm8k_test_000360,no_think,canonical,,full_output,13,10,False,50,50,True,11.559525489807127,,ok,True,ok,25,25.0
exp_c,exp_c__gsm8k_test_000360__no_think,gsm8k_test_000360,no_think,canonical,,full_output,20,10,False,50,50,True,10.531927108764648,,ok,True,ok,25,25.0
exp_c,exp_c__gsm8k_test_000360__no_think,gsm8k_test_000360,no_think,canonical,,answer_segment,6,10,False,50,50,True,11.801807403564451,,ok,True,ok,25,25.0
exp_c,exp_c__gsm8k_test_000360__no_think,gsm8k_test_000360,no_think,canonical,,answer_segment,13,10,False,50,50,True,11.559525489807127,,ok,True,ok,25,25.0
exp_c,exp_c__gsm8k_test_000360__no_think,gsm8k_test_000360,no_think,canonical,,answer_segment,20,10,False,50,50,True,10.531927108764648,,ok,True,ok,25,25.0
exp_c,exp_c__gsm8k_test_000361__think,gsm8k_test_000361,think,canonical,,full_output,6,10,False,560,560,True,10.772014617919922,,ok,False,ok,20,0.05
exp_c,exp_c__gsm8k_test_000361__think,gsm8k_test_000361,think,canonical,,full_output,13,10,False,560,560,True,10.160053253173828,,ok,False,ok,20,0.05
exp_c,exp_c__gsm8k_test_000361__think,gsm8k_test_000361,think,canonical,,full_output,20,10,False,560,560,True,9.735426902770996,,ok,False,ok,20,0.05
exp_c,exp_c__gsm8k_test_000361__think,gsm8k_test_000361,think,canonical,,thinking_segment,6,10,False,514,514,True,10.826411247253418,,ok_qwen_token_boundary,False,ok,20,0.05
exp_c,exp_c__gsm8k_test_000361__think,gsm8k_test_000361,think,canonical,,thinking_segment,13,10,False,514,514,True,10.229687690734863,,ok_qwen_token_boundary,False,ok,20,0.05
exp_c,exp_c__gsm8k_test_000361__think,gsm8k_test_000361,think,canonical,,thinking_segment,20,10,False,514,514,True,9.573298454284668,,ok_qwen_token_boundary,False,ok,20,0.05
exp_c,exp_c__gsm8k_test_000361__think,gsm8k_test_000361,think,canonical,,answer_segment,6,10,False,46,46,True,17.073949813842773,,ok_qwen_token_boundary,False,ok,20,0.05
exp_c,exp_c__gsm8k_test_000361__think,gsm8k_test_000361,think,canonical,,answer_segment,13,10,False,46,46,True,11.404129981994627,,ok_qwen_token_boundary,False,ok,20,0.05
exp_c,exp_c__gsm8k_test_000361__think,gsm8k_test_000361,think,canonical,,answer_segment,20,10,False,46,46,True,11.395463943481444,,ok_qwen_token_boundary,False,ok,20,0.05
exp_c,exp_c__gsm8k_test_000361__no_think,gsm8k_test_000361,no_think,canonical,,full_output,6,10,False,58,58,True,12.112282752990724,,ok,False,ok,20,675.0
exp_c,exp_c__gsm8k_test_000361__no_think,gsm8k_test_000361,no_think,canonical,,full_output,13,10,False,58,58,True,11.202800750732422,,ok,False,ok,20,675.0
exp_c,exp_c__gsm8k_test_000361__no_think,gsm8k_test_000361,no_think,canonical,,full_output,20,10,False,58,58,True,11.920448303222656,,ok,False,ok,20,675.0
exp_c,exp_c__gsm8k_test_000361__no_think,gsm8k_test_000361,no_think,canonical,,answer_segment,6,10,False,58,58,True,12.112282752990724,,ok,False,ok,20,675.0
exp_c,exp_c__gsm8k_test_000361__no_think,gsm8k_test_000361,no_think,canonical,,answer_segment,13,10,False,58,58,True,11.202800750732422,,ok,False,ok,20,675.0
exp_c,exp_c__gsm8k_test_000361__no_think,gsm8k_test_000361,no_think,canonical,,answer_segment,20,10,False,58,58,True,11.920448303222656,,ok,False,ok,20,675.0
exp_c,exp_c__gsm8k_test_000364__think,gsm8k_test_000364,think,canonical,,full_output,6,10,False,47,47,True,11.989678382873535,,ok,False,ok,49,38.0
exp_c,exp_c__gsm8k_test_000364__think,gsm8k_test_000364,think,canonical,,full_output,13,10,False,47,47,True,10.122699737548828,,ok,False,ok,49,38.0
exp_c,exp_c__gsm8k_test_000364__think,gsm8k_test_000364,think,canonical,,full_output,20,10,False,47,47,True,11.552735328674316,,ok,False,ok,49,38.0
exp_c,exp_c__gsm8k_test_000364__think,gsm8k_test_000364,think,canonical,,thinking_segment,6,10,False,3,0,False,,too_short,ok_qwen_token_boundary,False,ok,49,38.0
exp_c,exp_c__gsm8k_test_000364__think,gsm8k_test_000364,think,canonical,,thinking_segment,13,10,False,3,0,False,,too_short,ok_qwen_token_boundary,False,ok,49,38.0
exp_c,exp_c__gsm8k_test_000364__think,gsm8k_test_000364,think,canonical,,thinking_segment,20,10,False,3,0,False,,too_short,ok_qwen_token_boundary,False,ok,49,38.0
exp_c,exp_c__gsm8k_test_000364__think,gsm8k_test_000364,think,canonical,,answer_segment,6,10,False,44,44,True,14.580222129821776,,ok_qwen_token_boundary,False,ok,49,38.0
exp_c,exp_c__gsm8k_test_000364__think,gsm8k_test_000364,think,canonical,,answer_segment,13,10,False,44,44,True,10.204185485839844,,ok_qwen_token_boundary,False,ok,49,38.0
exp_c,exp_c__gsm8k_test_000364__think,gsm8k_test_000364,think,canonical,,answer_segment,20,10,False,44,44,True,11.650848388671877,,ok_qwen_token_boundary,False,ok,49,38.0
exp_c,exp_c__gsm8k_test_000364__no_think,gsm8k_test_000364,no_think,canonical,,full_output,6,10,False,43,43,True,14.36178207397461,,ok,False,ok,49,38.0
exp_c,exp_c__gsm8k_test_000364__no_think,gsm8k_test_000364,no_think,canonical,,full_output,13,10,False,43,43,True,10.061955451965332,,ok,False,ok,49,38.0
exp_c,exp_c__gsm8k_test_000364__no_think,gsm8k_test_000364,no_think,canonical,,full_output,20,10,False,43,43,True,11.104207038879396,,ok,False,ok,49,38.0
exp_c,exp_c__gsm8k_test_000364__no_think,gsm8k_test_000364,no_think,canonical,,answer_segment,6,10,False,43,43,True,14.36178207397461,,ok,False,ok,49,38.0
exp_c,exp_c__gsm8k_test_000364__no_think,gsm8k_test_000364,no_think,canonical,,answer_segment,13,10,False,43,43,True,10.061955451965332,,ok,False,ok,49,38.0
exp_c,exp_c__gsm8k_test_000364__no_think,gsm8k_test_000364,no_think,canonical,,answer_segment,20,10,False,43,43,True,11.104207038879396,,ok,False,ok,49,38.0
exp_c,exp_c__gsm8k_test_000374__think,gsm8k_test_000374,think,canonical,,full_output,6,10,False,42,42,True,13.725231170654297,,ok,False,ok,45,3.0
exp_c,exp_c__gsm8k_test_000374__think,gsm8k_test_000374,think,canonical,,full_output,13,10,False,42,42,True,10.22566032409668,,ok,False,ok,45,3.0
exp_c,exp_c__gsm8k_test_000374__think,gsm8k_test_000374,think,canonical,,full_output,20,10,False,42,42,True,13.597339630126951,,ok,False,ok,45,3.0
exp_c,exp_c__gsm8k_test_000374__think,gsm8k_test_000374,think,canonical,,thinking_segment,6,10,False,3,0,False,,too_short,ok_qwen_token_boundary,False,ok,45,3.0
exp_c,exp_c__gsm8k_test_000374__think,gsm8k_test_000374,think,canonical,,thinking_segment,13,10,False,3,0,False,,too_short,ok_qwen_token_boundary,False,ok,45,3.0
exp_c,exp_c__gsm8k_test_000374__think,gsm8k_test_000374,think,canonical,,thinking_segment,20,10,False,3,0,False,,too_short,ok_qwen_token_boundary,False,ok,45,3.0
exp_c,exp_c__gsm8k_test_000374__think,gsm8k_test_000374,think,canonical,,answer_segment,6,10,False,39,39,True,16.26824378967285,,ok_qwen_token_boundary,False,ok,45,3.0
exp_c,exp_c__gsm8k_test_000374__think,gsm8k_test_000374,think,canonical,,answer_segment,13,10,False,39,39,True,10.190449714660645,,ok_qwen_token_boundary,False,ok,45,3.0
exp_c,exp_c__gsm8k_test_000374__think,gsm8k_test_000374,think,canonical,,answer_segment,20,10,False,39,39,True,13.717134475708008,,ok_qwen_token_boundary,False,ok,45,3.0
exp_c,exp_c__gsm8k_test_000374__no_think,gsm8k_test_000374,no_think,canonical,,full_output,6,10,False,60,60,True,13.835981369018556,,ok,False,ok,45,15.0
exp_c,exp_c__gsm8k_test_000374__no_think,gsm8k_test_000374,no_think,canonical,,full_output,13,10,False,60,60,True,10.710165977478027,,ok,False,ok,45,15.0
exp_c,exp_c__gsm8k_test_000374__no_think,gsm8k_test_000374,no_think,canonical,,full_output,20,10,False,60,60,True,11.878948211669922,,ok,False,ok,45,15.0
exp_c,exp_c__gsm8k_test_000374__no_think,gsm8k_test_000374,no_think,canonical,,answer_segment,6,10,False,60,60,True,13.835981369018556,,ok,False,ok,45,15.0
exp_c,exp_c__gsm8k_test_000374__no_think,gsm8k_test_000374,no_think,canonical,,answer_segment,13,10,False,60,60,True,10.710165977478027,,ok,False,ok,45,15.0
exp_c,exp_c__gsm8k_test_000374__no_think,gsm8k_test_000374,no_think,canonical,,answer_segment,20,10,False,60,60,True,11.878948211669922,,ok,False,ok,45,15.0
exp_c,exp_c__gsm8k_test_000389__think,gsm8k_test_000389,think,canonical,,full_output,6,10,False,480,480,True,10.556082725524902,,ok,False,ok,6,-6.0
exp_c,exp_c__gsm8k_test_000389__think,gsm8k_test_000389,think,canonical,,full_output,13,10,False,480,480,True,9.579378128051758,,ok,False,ok,6,-6.0
exp_c,exp_c__gsm8k_test_000389__think,gsm8k_test_000389,think,canonical,,full_output,20,10,False,480,480,True,8.930084228515625,,ok,False,ok,6,-6.0
exp_c,exp_c__gsm8k_test_000389__think,gsm8k_test_000389,think,canonical,,thinking_segment,6,10,False,419,419,True,10.298239707946776,,ok_qwen_token_boundary,False,ok,6,-6.0
exp_c,exp_c__gsm8k_test_000389__think,gsm8k_test_000389,think,canonical,,thinking_segment,13,10,False,419,419,True,9.719574928283691,,ok_qwen_token_boundary,False,ok,6,-6.0
exp_c,exp_c__gsm8k_test_000389__think,gsm8k_test_000389,think,canonical,,thinking_segment,20,10,False,419,419,True,8.868454933166504,,ok_qwen_token_boundary,False,ok,6,-6.0
exp_c,exp_c__gsm8k_test_000389__think,gsm8k_test_000389,think,canonical,,answer_segment,6,10,False,61,61,True,12.898839950561523,,ok_qwen_token_boundary,False,ok,6,-6.0
exp_c,exp_c__gsm8k_test_000389__think,gsm8k_test_000389,think,canonical,,answer_segment,13,10,False,61,61,True,11.295215606689451,,ok_qwen_token_boundary,False,ok,6,-6.0
exp_c,exp_c__gsm8k_test_000389__think,gsm8k_test_000389,think,canonical,,answer_segment,20,10,False,61,61,True,11.132729530334473,,ok_qwen_token_boundary,False,ok,6,-6.0
exp_c,exp_c__gsm8k_test_000389__no_think,gsm8k_test_000389,no_think,canonical,,full_output,6,10,False,65,65,True,12.5291748046875,,ok,False,ok,6,12.0
exp_c,exp_c__gsm8k_test_000389__no_think,gsm8k_test_000389,no_think,canonical,,full_output,13,10,False,65,65,True,11.605643272399902,,ok,False,ok,6,12.0
exp_c,exp_c__gsm8k_test_000389__no_think,gsm8k_test_000389,no_think,canonical,,full_output,20,10,False,65,65,True,12.622249603271484,,ok,False,ok,6,12.0
exp_c,exp_c__gsm8k_test_000389__no_think,gsm8k_test_000389,no_think,canonical,,answer_segment,6,10,False,65,65,True,12.5291748046875,,ok,False,ok,6,12.0
exp_c,exp_c__gsm8k_test_000389__no_think,gsm8k_test_000389,no_think,canonical,,answer_segment,13,10,False,65,65,True,11.605643272399902,,ok,False,ok,6,12.0
exp_c,exp_c__gsm8k_test_000389__no_think,gsm8k_test_000389,no_think,canonical,,answer_segment,20,10,False,65,65,True,12.622249603271484,,ok,False,ok,6,12.0
exp_c,exp_c__gsm8k_test_000395__think,gsm8k_test_000395,think,canonical,,full_output,6,10,False,85,85,True,11.033073425292969,,ok,False,ok,38,20.0
exp_c,exp_c__gsm8k_test_000395__think,gsm8k_test_000395,think,canonical,,full_output,13,10,False,85,85,True,10.187397003173828,,ok,False,ok,38,20.0
exp_c,exp_c__gsm8k_test_000395__think,gsm8k_test_000395,think,canonical,,full_output,20,10,False,85,85,True,10.89132308959961,,ok,False,ok,38,20.0
exp_c,exp_c__gsm8k_test_000395__think,gsm8k_test_000395,think,canonical,,thinking_segment,6,10,False,3,0,False,,too_short,ok_qwen_token_boundary,False,ok,38,20.0
exp_c,exp_c__gsm8k_test_000395__think,gsm8k_test_000395,think,canonical,,thinking_segment,13,10,False,3,0,False,,too_short,ok_qwen_token_boundary,False,ok,38,20.0
exp_c,exp_c__gsm8k_test_000395__think,gsm8k_test_000395,think,canonical,,thinking_segment,20,10,False,3,0,False,,too_short,ok_qwen_token_boundary,False,ok,38,20.0
exp_c,exp_c__gsm8k_test_000395__think,gsm8k_test_000395,think,canonical,,answer_segment,6,10,False,82,82,True,11.950228691101074,,ok_qwen_token_boundary,False,ok,38,20.0
exp_c,exp_c__gsm8k_test_000395__think,gsm8k_test_000395,think,canonical,,answer_segment,13,10,False,82,82,True,10.158889770507812,,ok_qwen_token_boundary,False,ok,38,20.0
exp_c,exp_c__gsm8k_test_000395__think,gsm8k_test_000395,think,canonical,,answer_segment,20,10,False,82,82,True,10.896249771118164,,ok_qwen_token_boundary,False,ok,38,20.0
exp_c,exp_c__gsm8k_test_000395__no_think,gsm8k_test_000395,no_think,canonical,,full_output,6,10,False,67,67,True,13.71483039855957,,ok,False,ok,38,13.0
exp_c,exp_c__gsm8k_test_000395__no_think,gsm8k_test_000395,no_think,canonical,,full_output,13,10,False,67,67,True,10.630361557006836,,ok,False,ok,38,13.0
exp_c,exp_c__gsm8k_test_000395__no_think,gsm8k_test_000395,no_think,canonical,,full_output,20,10,False,67,67,True,10.763522148132324,,ok,False,ok,38,13.0
exp_c,exp_c__gsm8k_test_000395__no_think,gsm8k_test_000395,no_think,canonical,,answer_segment,6,10,False,67,67,True,13.71483039855957,,ok,False,ok,38,13.0
exp_c,exp_c__gsm8k_test_000395__no_think,gsm8k_test_000395,no_think,canonical,,answer_segment,13,10,False,67,67,True,10.630361557006836,,ok,False,ok,38,13.0
exp_c,exp_c__gsm8k_test_000395__no_think,gsm8k_test_000395,no_think,canonical,,answer_segment,20,10,False,67,67,True,10.763522148132324,,ok,False,ok,38,13.0
exp_c,exp_c__gsm8k_test_000398__think,gsm8k_test_000398,think,canonical,,full_output,6,10,False,115,115,True,6.910817623138428,,ok,False,ok,168,30.0
exp_c,exp_c__gsm8k_test_000398__think,gsm8k_test_000398,think,canonical,,full_output,13,10,False,115,115,True,8.727570533752441,,ok,False,ok,168,30.0
exp_c,exp_c__gsm8k_test_000398__think,gsm8k_test_000398,think,canonical,,full_output,20,10,False,115,115,True,8.66235065460205,,ok,False,ok,168,30.0
exp_c,exp_c__gsm8k_test_000398__think,gsm8k_test_000398,think,canonical,,thinking_segment,6,10,False,3,0,False,,too_short,ok_qwen_token_boundary,False,ok,168,30.0
exp_c,exp_c__gsm8k_test_000398__think,gsm8k_test_000398,think,canonical,,thinking_segment,13,10,False,3,0,False,,too_short,ok_qwen_token_boundary,False,ok,168,30.0
exp_c,exp_c__gsm8k_test_000398__think,gsm8k_test_000398,think,canonical,,thinking_segment,20,10,False,3,0,False,,too_short,ok_qwen_token_boundary,False,ok,168,30.0
exp_c,exp_c__gsm8k_test_000398__think,gsm8k_test_000398,think,canonical,,answer_segment,6,10,False,112,112,True,7.184504508972168,,ok_qwen_token_boundary,False,ok,168,30.0
exp_c,exp_c__gsm8k_test_000398__think,gsm8k_test_000398,think,canonical,,answer_segment,13,10,False,112,112,True,8.527868270874023,,ok_qwen_token_boundary,False,ok,168,30.0
exp_c,exp_c__gsm8k_test_000398__think,gsm8k_test_000398,think,canonical,,answer_segment,20,10,False,112,112,True,8.621289253234863,,ok_qwen_token_boundary,False,ok,168,30.0
exp_c,exp_c__gsm8k_test_000398__no_think,gsm8k_test_000398,no_think,canonical,,full_output,6,10,False,111,111,True,7.0854315757751465,,ok,False,ok,168,30.0
exp_c,exp_c__gsm8k_test_000398__no_think,gsm8k_test_000398,no_think,canonical,,full_output,13,10,False,111,111,True,8.329898834228516,,ok,False,ok,168,30.0
exp_c,exp_c__gsm8k_test_000398__no_think,gsm8k_test_000398,no_think,canonical,,full_output,20,10,False,111,111,True,8.515149116516113,,ok,False,ok,168,30.0
exp_c,exp_c__gsm8k_test_000398__no_think,gsm8k_test_000398,no_think,canonical,,answer_segment,6,10,False,111,111,True,7.0854315757751465,,ok,False,ok,168,30.0
exp_c,exp_c__gsm8k_test_000398__no_think,gsm8k_test_000398,no_think,canonical,,answer_segment,13,10,False,111,111,True,8.329898834228516,,ok,False,ok,168,30.0
exp_c,exp_c__gsm8k_test_000398__no_think,gsm8k_test_000398,no_think,canonical,,answer_segment,20,10,False,111,111,True,8.515149116516113,,ok,False,ok,168,30.0
exp_c,exp_c__gsm8k_test_000415__think,gsm8k_test_000415,think,canonical,,full_output,6,10,False,588,588,True,10.09591007232666,,ok,False,ok,350,25.0
exp_c,exp_c__gsm8k_test_000415__think,gsm8k_test_000415,think,canonical,,full_output,13,10,False,588,588,True,9.31170654296875,,ok,False,ok,350,25.0
exp_c,exp_c__gsm8k_test_000415__think,gsm8k_test_000415,think,canonical,,full_output,20,10,False,588,588,True,9.07536506652832,,ok,False,ok,350,25.0
exp_c,exp_c__gsm8k_test_000415__think,gsm8k_test_000415,think,canonical,,thinking_segment,6,10,False,514,514,True,10.368958473205566,,ok_qwen_token_boundary,False,ok,350,25.0
exp_c,exp_c__gsm8k_test_000415__think,gsm8k_test_000415,think,canonical,,thinking_segment,13,10,False,514,514,True,9.35570240020752,,ok_qwen_token_boundary,False,ok,350,25.0
exp_c,exp_c__gsm8k_test_000415__think,gsm8k_test_000415,think,canonical,,thinking_segment,20,10,False,514,514,True,8.63991641998291,,ok_qwen_token_boundary,False,ok,350,25.0
exp_c,exp_c__gsm8k_test_000415__think,gsm8k_test_000415,think,canonical,,answer_segment,6,10,False,74,74,True,13.52454948425293,,ok_qwen_token_boundary,False,ok,350,25.0
exp_c,exp_c__gsm8k_test_000415__think,gsm8k_test_000415,think,canonical,,answer_segment,13,10,False,74,74,True,11.330642700195312,,ok_qwen_token_boundary,False,ok,350,25.0
exp_c,exp_c__gsm8k_test_000415__think,gsm8k_test_000415,think,canonical,,answer_segment,20,10,False,74,74,True,11.369370460510254,,ok_qwen_token_boundary,False,ok,350,25.0
exp_c,exp_c__gsm8k_test_000415__no_think,gsm8k_test_000415,no_think,canonical,,full_output,6,10,False,40,40,True,13.560432434082031,,ok,False,ok,350,35.0
exp_c,exp_c__gsm8k_test_000415__no_think,gsm8k_test_000415,no_think,canonical,,full_output,13,10,False,40,40,True,10.890423774719238,,ok,False,ok,350,35.0
exp_c,exp_c__gsm8k_test_000415__no_think,gsm8k_test_000415,no_think,canonical,,full_output,20,10,False,40,40,True,13.832585334777832,,ok,False,ok,350,35.0
exp_c,exp_c__gsm8k_test_000415__no_think,gsm8k_test_000415,no_think,canonical,,answer_segment,6,10,False,40,40,True,13.560432434082031,,ok,False,ok,350,35.0
exp_c,exp_c__gsm8k_test_000415__no_think,gsm8k_test_000415,no_think,canonical,,answer_segment,13,10,False,40,40,True,10.890423774719238,,ok,False,ok,350,35.0
exp_c,exp_c__gsm8k_test_000415__no_think,gsm8k_test_000415,no_think,canonical,,answer_segment,20,10,False,40,40,True,13.832585334777832,,ok,False,ok,350,35.0
exp_c,exp_c__gsm8k_test_000426__think,gsm8k_test_000426,think,canonical,,full_output,6,10,False,298,298,True,11.719117164611816,,ok,True,ok,11,11.0
exp_c,exp_c__gsm8k_test_000426__think,gsm8k_test_000426,think,canonical,,full_output,13,10,False,298,298,True,9.96510887145996,,ok,True,ok,11,11.0
exp_c,exp_c__gsm8k_test_000426__think,gsm8k_test_000426,think,canonical,,full_output,20,10,False,298,298,True,10.379100799560549,,ok,True,ok,11,11.0
exp_c,exp_c__gsm8k_test_000426__think,gsm8k_test_000426,think,canonical,,thinking_segment,6,10,False,223,223,True,12.15481948852539,,ok_qwen_token_boundary,True,ok,11,11.0
exp_c,exp_c__gsm8k_test_000426__think,gsm8k_test_000426,think,canonical,,thinking_segment,13,10,False,223,223,True,10.319660186767578,,ok_qwen_token_boundary,True,ok,11,11.0
exp_c,exp_c__gsm8k_test_000426__think,gsm8k_test_000426,think,canonical,,thinking_segment,20,10,False,223,223,True,10.766796112060549,,ok_qwen_token_boundary,True,ok,11,11.0
exp_c,exp_c__gsm8k_test_000426__think,gsm8k_test_000426,think,canonical,,answer_segment,6,10,False,75,75,True,12.848773956298828,,ok_qwen_token_boundary,True,ok,11,11.0
exp_c,exp_c__gsm8k_test_000426__think,gsm8k_test_000426,think,canonical,,answer_segment,13,10,False,75,75,True,11.541495323181152,,ok_qwen_token_boundary,True,ok,11,11.0
exp_c,exp_c__gsm8k_test_000426__think,gsm8k_test_000426,think,canonical,,answer_segment,20,10,False,75,75,True,10.907953262329102,,ok_qwen_token_boundary,True,ok,11,11.0
exp_c,exp_c__gsm8k_test_000426__no_think,gsm8k_test_000426,no_think,canonical,,full_output,6,10,False,47,47,True,15.25915241241455,,ok,False,ok,11,5.0
exp_c,exp_c__gsm8k_test_000426__no_think,gsm8k_test_000426,no_think,canonical,,full_output,13,10,False,47,47,True,12.030807495117188,,ok,False,ok,11,5.0
exp_c,exp_c__gsm8k_test_000426__no_think,gsm8k_test_000426,no_think,canonical,,full_output,20,10,False,47,47,True,13.509953498840332,,ok,False,ok,11,5.0
exp_c,exp_c__gsm8k_test_000426__no_think,gsm8k_test_000426,no_think,canonical,,answer_segment,6,10,False,47,47,True,15.25915241241455,,ok,False,ok,11,5.0
exp_c,exp_c__gsm8k_test_000426__no_think,gsm8k_test_000426,no_think,canonical,,answer_segment,13,10,False,47,47,True,12.030807495117188,,ok,False,ok,11,5.0
exp_c,exp_c__gsm8k_test_000426__no_think,gsm8k_test_000426,no_think,canonical,,answer_segment,20,10,False,47,47,True,13.509953498840332,,ok,False,ok,11,5.0
exp_c,exp_c__gsm8k_test_000432__think,gsm8k_test_000432,think,canonical,,full_output,6,10,False,492,492,True,10.720046043395996,,ok,True,ok,30,30.0
exp_c,exp_c__gsm8k_test_000432__think,gsm8k_test_000432,think,canonical,,full_output,13,10,False,492,492,True,9.314794540405272,,ok,True,ok,30,30.0
exp_c,exp_c__gsm8k_test_000432__think,gsm8k_test_000432,think,canonical,,full_output,20,10,False,492,492,True,8.872838020324707,,ok,True,ok,30,30.0
exp_c,exp_c__gsm8k_test_000432__think,gsm8k_test_000432,think,canonical,,thinking_segment,6,10,False,430,430,True,10.729204177856444,,ok_qwen_token_boundary,True,ok,30,30.0
exp_c,exp_c__gsm8k_test_000432__think,gsm8k_test_000432,think,canonical,,thinking_segment,13,10,False,430,430,True,9.122031211853027,,ok_qwen_token_boundary,True,ok,30,30.0
exp_c,exp_c__gsm8k_test_000432__think,gsm8k_test_000432,think,canonical,,thinking_segment,20,10,False,430,430,True,8.612714767456055,,ok_qwen_token_boundary,True,ok,30,30.0
exp_c,exp_c__gsm8k_test_000432__think,gsm8k_test_000432,think,canonical,,answer_segment,6,10,False,62,62,True,12.12527847290039,,ok_qwen_token_boundary,True,ok,30,30.0
exp_c,exp_c__gsm8k_test_000432__think,gsm8k_test_000432,think,canonical,,answer_segment,13,10,False,62,62,True,10.35880184173584,,ok_qwen_token_boundary,True,ok,30,30.0
exp_c,exp_c__gsm8k_test_000432__think,gsm8k_test_000432,think,canonical,,answer_segment,20,10,False,62,62,True,10.585259437561035,,ok_qwen_token_boundary,True,ok,30,30.0
exp_c,exp_c__gsm8k_test_000432__no_think,gsm8k_test_000432,no_think,canonical,,full_output,6,10,False,38,38,True,14.673980712890623,,ok,False,ok,30,4.0
exp_c,exp_c__gsm8k_test_000432__no_think,gsm8k_test_000432,no_think,canonical,,full_output,13,10,False,38,38,True,11.33352279663086,,ok,False,ok,30,4.0
exp_c,exp_c__gsm8k_test_000432__no_think,gsm8k_test_000432,no_think,canonical,,full_output,20,10,False,38,38,True,11.765864372253418,,ok,False,ok,30,4.0
exp_c,exp_c__gsm8k_test_000432__no_think,gsm8k_test_000432,no_think,canonical,,answer_segment,6,10,False,38,38,True,14.673980712890623,,ok,False,ok,30,4.0
exp_c,exp_c__gsm8k_test_000432__no_think,gsm8k_test_000432,no_think,canonical,,answer_segment,13,10,False,38,38,True,11.33352279663086,,ok,False,ok,30,4.0
exp_c,exp_c__gsm8k_test_000432__no_think,gsm8k_test_000432,no_think,canonical,,answer_segment,20,10,False,38,38,True,11.765864372253418,,ok,False,ok,30,4.0
exp_c,exp_c__gsm8k_test_000433__think,gsm8k_test_000433,think,canonical,,full_output,6,10,False,328,328,True,12.273869514465332,,ok,True,ok,6,6.0
exp_c,exp_c__gsm8k_test_000433__think,gsm8k_test_000433,think,canonical,,full_output,13,10,False,328,328,True,10.623805046081545,,ok,True,ok,6,6.0
exp_c,exp_c__gsm8k_test_000433__think,gsm8k_test_000433,think,canonical,,full_output,20,10,False,328,328,True,10.49966049194336,,ok,True,ok,6,6.0
exp_c,exp_c__gsm8k_test_000433__think,gsm8k_test_000433,think,canonical,,thinking_segment,6,10,False,274,274,True,12.315784454345703,,ok_qwen_token_boundary,True,ok,6,6.0
exp_c,exp_c__gsm8k_test_000433__think,gsm8k_test_000433,think,canonical,,thinking_segment,13,10,False,274,274,True,10.708990097045898,,ok_qwen_token_boundary,True,ok,6,6.0
exp_c,exp_c__gsm8k_test_000433__think,gsm8k_test_000433,think,canonical,,thinking_segment,20,10,False,274,274,True,10.625545501708984,,ok_qwen_token_boundary,True,ok,6,6.0
exp_c,exp_c__gsm8k_test_000433__think,gsm8k_test_000433,think,canonical,,answer_segment,6,10,False,54,54,True,14.790712356567385,,ok_qwen_token_boundary,True,ok,6,6.0
exp_c,exp_c__gsm8k_test_000433__think,gsm8k_test_000433,think,canonical,,answer_segment,13,10,False,54,54,True,11.235430717468262,,ok_qwen_token_boundary,True,ok,6,6.0
exp_c,exp_c__gsm8k_test_000433__think,gsm8k_test_000433,think,canonical,,answer_segment,20,10,False,54,54,True,10.587980270385742,,ok_qwen_token_boundary,True,ok,6,6.0
exp_c,exp_c__gsm8k_test_000433__no_think,gsm8k_test_000433,no_think,canonical,,full_output,6,10,False,40,40,True,13.41930103302002,,ok,False,ok,6,3.0
exp_c,exp_c__gsm8k_test_000433__no_think,gsm8k_test_000433,no_think,canonical,,full_output,13,10,False,40,40,True,10.537321090698242,,ok,False,ok,6,3.0
exp_c,exp_c__gsm8k_test_000433__no_think,gsm8k_test_000433,no_think,canonical,,full_output,20,10,False,40,40,True,12.199703216552734,,ok,False,ok,6,3.0
exp_c,exp_c__gsm8k_test_000433__no_think,gsm8k_test_000433,no_think,canonical,,answer_segment,6,10,False,40,40,True,13.41930103302002,,ok,False,ok,6,3.0
exp_c,exp_c__gsm8k_test_000433__no_think,gsm8k_test_000433,no_think,canonical,,answer_segment,13,10,False,40,40,True,10.537321090698242,,ok,False,ok,6,3.0
exp_c,exp_c__gsm8k_test_000433__no_think,gsm8k_test_000433,no_think,canonical,,answer_segment,20,10,False,40,40,True,12.199703216552734,,ok,False,ok,6,3.0
exp_c,exp_c__gsm8k_test_000448__think,gsm8k_test_000448,think,canonical,,full_output,6,10,False,565,565,True,9.34779167175293,,ok,True,ok,539,539.0
exp_c,exp_c__gsm8k_test_000448__think,gsm8k_test_000448,think,canonical,,full_output,13,10,False,565,565,True,9.847241401672363,,ok,True,ok,539,539.0
exp_c,exp_c__gsm8k_test_000448__think,gsm8k_test_000448,think,canonical,,full_output,20,10,False,565,565,True,10.009440422058104,,ok,True,ok,539,539.0
exp_c,exp_c__gsm8k_test_000448__think,gsm8k_test_000448,think,canonical,,thinking_segment,6,10,False,514,514,True,9.260833740234377,,ok_qwen_token_boundary,True,ok,539,539.0
exp_c,exp_c__gsm8k_test_000448__think,gsm8k_test_000448,think,canonical,,thinking_segment,13,10,False,514,514,True,9.85965061187744,,ok_qwen_token_boundary,True,ok,539,539.0
exp_c,exp_c__gsm8k_test_000448__think,gsm8k_test_000448,think,canonical,,thinking_segment,20,10,False,514,514,True,9.89713191986084,,ok_qwen_token_boundary,True,ok,539,539.0
exp_c,exp_c__gsm8k_test_000448__think,gsm8k_test_000448,think,canonical,,answer_segment,6,10,False,51,51,True,15.932168006896973,,ok_qwen_token_boundary,True,ok,539,539.0
exp_c,exp_c__gsm8k_test_000448__think,gsm8k_test_000448,think,canonical,,answer_segment,13,10,False,51,51,True,11.14558219909668,,ok_qwen_token_boundary,True,ok,539,539.0
exp_c,exp_c__gsm8k_test_000448__think,gsm8k_test_000448,think,canonical,,answer_segment,20,10,False,51,51,True,10.998695373535156,,ok_qwen_token_boundary,True,ok,539,539.0
exp_c,exp_c__gsm8k_test_000448__no_think,gsm8k_test_000448,no_think,canonical,,full_output,6,10,False,87,87,True,14.427135467529297,,ok,False,ok,539,576.0
exp_c,exp_c__gsm8k_test_000448__no_think,gsm8k_test_000448,no_think,canonical,,full_output,13,10,False,87,87,True,11.02442455291748,,ok,False,ok,539,576.0
exp_c,exp_c__gsm8k_test_000448__no_think,gsm8k_test_000448,no_think,canonical,,full_output,20,10,False,87,87,True,12.105119705200195,,ok,False,ok,539,576.0
exp_c,exp_c__gsm8k_test_000448__no_think,gsm8k_test_000448,no_think,canonical,,answer_segment,6,10,False,87,87,True,14.427135467529297,,ok,False,ok,539,576.0
exp_c,exp_c__gsm8k_test_000448__no_think,gsm8k_test_000448,no_think,canonical,,answer_segment,13,10,False,87,87,True,11.02442455291748,,ok,False,ok,539,576.0
exp_c,exp_c__gsm8k_test_000448__no_think,gsm8k_test_000448,no_think,canonical,,answer_segment,20,10,False,87,87,True,12.105119705200195,,ok,False,ok,539,576.0
exp_c,exp_c__gsm8k_test_000449__think,gsm8k_test_000449,think,canonical,,full_output,6,10,False,304,304,True,11.857934951782228,,ok,True,ok,112,112.0
exp_c,exp_c__gsm8k_test_000449__think,gsm8k_test_000449,think,canonical,,full_output,13,10,False,304,304,True,10.366361618041992,,ok,True,ok,112,112.0
exp_c,exp_c__gsm8k_test_000449__think,gsm8k_test_000449,think,canonical,,full_output,20,10,False,304,304,True,9.9595308303833,,ok,True,ok,112,112.0
exp_c,exp_c__gsm8k_test_000449__think,gsm8k_test_000449,think,canonical,,thinking_segment,6,10,False,256,256,True,12.610445976257324,,ok_qwen_token_boundary,True,ok,112,112.0
exp_c,exp_c__gsm8k_test_000449__think,gsm8k_test_000449,think,canonical,,thinking_segment,13,10,False,256,256,True,10.51014518737793,,ok_qwen_token_boundary,True,ok,112,112.0
exp_c,exp_c__gsm8k_test_000449__think,gsm8k_test_000449,think,canonical,,thinking_segment,20,10,False,256,256,True,9.879976272583008,,ok_qwen_token_boundary,True,ok,112,112.0
exp_c,exp_c__gsm8k_test_000449__think,gsm8k_test_000449,think,canonical,,answer_segment,6,10,False,48,48,True,12.066149711608888,,ok_qwen_token_boundary,True,ok,112,112.0
exp_c,exp_c__gsm8k_test_000449__think,gsm8k_test_000449,think,canonical,,answer_segment,13,10,False,48,48,True,10.779574394226074,,ok_qwen_token_boundary,True,ok,112,112.0
exp_c,exp_c__gsm8k_test_000449__think,gsm8k_test_000449,think,canonical,,answer_segment,20,10,False,48,48,True,10.827570915222168,,ok_qwen_token_boundary,True,ok,112,112.0
exp_c,exp_c__gsm8k_test_000449__no_think,gsm8k_test_000449,no_think,canonical,,full_output,6,10,False,37,37,True,13.992304801940918,,ok,False,ok,112,88.0
exp_c,exp_c__gsm8k_test_000449__no_think,gsm8k_test_000449,no_think,canonical,,full_output,13,10,False,37,37,True,10.543118476867676,,ok,False,ok,112,88.0
exp_c,exp_c__gsm8k_test_000449__no_think,gsm8k_test_000449,no_think,canonical,,full_output,20,10,False,37,37,True,12.633745193481444,,ok,False,ok,112,88.0
exp_c,exp_c__gsm8k_test_000449__no_think,gsm8k_test_000449,no_think,canonical,,answer_segment,6,10,False,37,37,True,13.992304801940918,,ok,False,ok,112,88.0
exp_c,exp_c__gsm8k_test_000449__no_think,gsm8k_test_000449,no_think,canonical,,answer_segment,13,10,False,37,37,True,10.543118476867676,,ok,False,ok,112,88.0
exp_c,exp_c__gsm8k_test_000449__no_think,gsm8k_test_000449,no_think,canonical,,answer_segment,20,10,False,37,37,True,12.633745193481444,,ok,False,ok,112,88.0
exp_c,exp_c__gsm8k_test_000460__think,gsm8k_test_000460,think,canonical,,full_output,6,10,False,188,188,True,12.554949760437012,,ok,True,ok,84,84.0
exp_c,exp_c__gsm8k_test_000460__think,gsm8k_test_000460,think,canonical,,full_output,13,10,False,188,188,True,11.400846481323242,,ok,True,ok,84,84.0
exp_c,exp_c__gsm8k_test_000460__think,gsm8k_test_000460,think,canonical,,full_output,20,10,False,188,188,True,12.119769096374512,,ok,True,ok,84,84.0
exp_c,exp_c__gsm8k_test_000460__think,gsm8k_test_000460,think,canonical,,thinking_segment,6,10,False,149,149,True,13.80609130859375,,ok_qwen_token_boundary,True,ok,84,84.0
exp_c,exp_c__gsm8k_test_000460__think,gsm8k_test_000460,think,canonical,,thinking_segment,13,10,False,149,149,True,11.70242691040039,,ok_qwen_token_boundary,True,ok,84,84.0
exp_c,exp_c__gsm8k_test_000460__think,gsm8k_test_000460,think,canonical,,thinking_segment,20,10,False,149,149,True,12.447395324707031,,ok_qwen_token_boundary,True,ok,84,84.0
exp_c,exp_c__gsm8k_test_000460__think,gsm8k_test_000460,think,canonical,,answer_segment,6,10,False,39,39,True,13.342331886291504,,ok_qwen_token_boundary,True,ok,84,84.0
exp_c,exp_c__gsm8k_test_000460__think,gsm8k_test_000460,think,canonical,,answer_segment,13,10,False,39,39,True,11.570510864257812,,ok_qwen_token_boundary,True,ok,84,84.0
exp_c,exp_c__gsm8k_test_000460__think,gsm8k_test_000460,think,canonical,,answer_segment,20,10,False,39,39,True,13.289993286132812,,ok_qwen_token_boundary,True,ok,84,84.0
exp_c,exp_c__gsm8k_test_000460__no_think,gsm8k_test_000460,no_think,canonical,,full_output,6,10,False,59,59,True,13.062315940856934,,ok,False,ok,84,21.0
exp_c,exp_c__gsm8k_test_000460__no_think,gsm8k_test_000460,no_think,canonical,,full_output,13,10,False,59,59,True,11.230411529541016,,ok,False,ok,84,21.0
exp_c,exp_c__gsm8k_test_000460__no_think,gsm8k_test_000460,no_think,canonical,,full_output,20,10,False,59,59,True,12.52292823791504,,ok,False,ok,84,21.0
exp_c,exp_c__gsm8k_test_000460__no_think,gsm8k_test_000460,no_think,canonical,,answer_segment,6,10,False,59,59,True,13.062315940856934,,ok,False,ok,84,21.0
exp_c,exp_c__gsm8k_test_000460__no_think,gsm8k_test_000460,no_think,canonical,,answer_segment,13,10,False,59,59,True,11.230411529541016,,ok,False,ok,84,21.0
exp_c,exp_c__gsm8k_test_000460__no_think,gsm8k_test_000460,no_think,canonical,,answer_segment,20,10,False,59,59,True,12.52292823791504,,ok,False,ok,84,21.0
exp_c,exp_c__gsm8k_test_000472__think,gsm8k_test_000472,think,canonical,,full_output,6,10,False,51,51,True,12.511517524719238,,ok,False,ok,6,1.5
exp_c,exp_c__gsm8k_test_000472__think,gsm8k_test_000472,think,canonical,,full_output,13,10,False,51,51,True,10.971075057983398,,ok,False,ok,6,1.5
exp_c,exp_c__gsm8k_test_000472__think,gsm8k_test_000472,think,canonical,,full_output,20,10,False,51,51,True,11.767512321472168,,ok,False,ok,6,1.5
exp_c,exp_c__gsm8k_test_000472__think,gsm8k_test_000472,think,canonical,,thinking_segment,6,10,False,3,0,False,,too_short,ok_qwen_token_boundary,False,ok,6,1.5
exp_c,exp_c__gsm8k_test_000472__think,gsm8k_test_000472,think,canonical,,thinking_segment,13,10,False,3,0,False,,too_short,ok_qwen_token_boundary,False,ok,6,1.5
exp_c,exp_c__gsm8k_test_000472__think,gsm8k_test_000472,think,canonical,,thinking_segment,20,10,False,3,0,False,,too_short,ok_qwen_token_boundary,False,ok,6,1.5
exp_c,exp_c__gsm8k_test_000472__think,gsm8k_test_000472,think,canonical,,answer_segment,6,10,False,48,48,True,14.08899974822998,,ok_qwen_token_boundary,False,ok,6,1.5
exp_c,exp_c__gsm8k_test_000472__think,gsm8k_test_000472,think,canonical,,answer_segment,13,10,False,48,48,True,11.033617973327637,,ok_qwen_token_boundary,False,ok,6,1.5
exp_c,exp_c__gsm8k_test_000472__think,gsm8k_test_000472,think,canonical,,answer_segment,20,10,False,48,48,True,11.878321647644045,,ok_qwen_token_boundary,False,ok,6,1.5
exp_c,exp_c__gsm8k_test_000472__no_think,gsm8k_test_000472,no_think,canonical,,full_output,6,10,False,43,43,True,15.339715003967283,,ok,True,ok,6,6.0
exp_c,exp_c__gsm8k_test_000472__no_think,gsm8k_test_000472,no_think,canonical,,full_output,13,10,False,43,43,True,11.762161254882812,,ok,True,ok,6,6.0
exp_c,exp_c__gsm8k_test_000472__no_think,gsm8k_test_000472,no_think,canonical,,full_output,20,10,False,43,43,True,13.399882316589355,,ok,True,ok,6,6.0
exp_c,exp_c__gsm8k_test_000472__no_think,gsm8k_test_000472,no_think,canonical,,answer_segment,6,10,False,43,43,True,15.339715003967283,,ok,True,ok,6,6.0
exp_c,exp_c__gsm8k_test_000472__no_think,gsm8k_test_000472,no_think,canonical,,answer_segment,13,10,False,43,43,True,11.762161254882812,,ok,True,ok,6,6.0
exp_c,exp_c__gsm8k_test_000472__no_think,gsm8k_test_000472,no_think,canonical,,answer_segment,20,10,False,43,43,True,13.399882316589355,,ok,True,ok,6,6.0
exp_c,exp_c__gsm8k_test_000491__think,gsm8k_test_000491,think,canonical,,full_output,6,10,False,40,40,True,13.419756889343262,,ok,True,ok,16,16.0
exp_c,exp_c__gsm8k_test_000491__think,gsm8k_test_000491,think,canonical,,full_output,13,10,False,40,40,True,11.13323211669922,,ok,True,ok,16,16.0
exp_c,exp_c__gsm8k_test_000491__think,gsm8k_test_000491,think,canonical,,full_output,20,10,False,40,40,True,13.166458129882812,,ok,True,ok,16,16.0
exp_c,exp_c__gsm8k_test_000491__think,gsm8k_test_000491,think,canonical,,thinking_segment,6,10,False,3,0,False,,too_short,ok_qwen_token_boundary,True,ok,16,16.0
exp_c,exp_c__gsm8k_test_000491__think,gsm8k_test_000491,think,canonical,,thinking_segment,13,10,False,3,0,False,,too_short,ok_qwen_token_boundary,True,ok,16,16.0
exp_c,exp_c__gsm8k_test_000491__think,gsm8k_test_000491,think,canonical,,thinking_segment,20,10,False,3,0,False,,too_short,ok_qwen_token_boundary,True,ok,16,16.0
exp_c,exp_c__gsm8k_test_000491__think,gsm8k_test_000491,think,canonical,,answer_segment,6,10,False,37,37,True,15.499277114868164,,ok_qwen_token_boundary,True,ok,16,16.0
exp_c,exp_c__gsm8k_test_000491__think,gsm8k_test_000491,think,canonical,,answer_segment,13,10,False,37,37,True,11.317144393920898,,ok_qwen_token_boundary,True,ok,16,16.0
exp_c,exp_c__gsm8k_test_000491__think,gsm8k_test_000491,think,canonical,,answer_segment,20,10,False,37,37,True,13.57197380065918,,ok_qwen_token_boundary,True,ok,16,16.0
exp_c,exp_c__gsm8k_test_000491__no_think,gsm8k_test_000491,no_think,canonical,,full_output,6,10,False,41,41,True,14.843446731567385,,ok,True,ok,16,16.0
exp_c,exp_c__gsm8k_test_000491__no_think,gsm8k_test_000491,no_think,canonical,,full_output,13,10,False,41,41,True,11.853486061096191,,ok,True,ok,16,16.0
exp_c,exp_c__gsm8k_test_000491__no_think,gsm8k_test_000491,no_think,canonical,,full_output,20,10,False,41,41,True,11.587224006652832,,ok,True,ok,16,16.0
exp_c,exp_c__gsm8k_test_000491__no_think,gsm8k_test_000491,no_think,canonical,,answer_segment,6,10,False,41,41,True,14.843446731567385,,ok,True,ok,16,16.0
exp_c,exp_c__gsm8k_test_000491__no_think,gsm8k_test_000491,no_think,canonical,,answer_segment,13,10,False,41,41,True,11.853486061096191,,ok,True,ok,16,16.0
exp_c,exp_c__gsm8k_test_000491__no_think,gsm8k_test_000491,no_think,canonical,,answer_segment,20,10,False,41,41,True,11.587224006652832,,ok,True,ok,16,16.0
exp_c,exp_c__gsm8k_test_000503__think,gsm8k_test_000503,think,canonical,,full_output,6,10,False,366,366,True,10.30122184753418,,ok,True,ok,18,18.0
exp_c,exp_c__gsm8k_test_000503__think,gsm8k_test_000503,think,canonical,,full_output,13,10,False,366,366,True,9.595542907714844,,ok,True,ok,18,18.0
exp_c,exp_c__gsm8k_test_000503__think,gsm8k_test_000503,think,canonical,,full_output,20,10,False,366,366,True,10.223840713500977,,ok,True,ok,18,18.0
exp_c,exp_c__gsm8k_test_000503__think,gsm8k_test_000503,think,canonical,,thinking_segment,6,10,False,315,315,True,10.26442050933838,,ok_qwen_token_boundary,True,ok,18,18.0
exp_c,exp_c__gsm8k_test_000503__think,gsm8k_test_000503,think,canonical,,thinking_segment,13,10,False,315,315,True,9.730399131774902,,ok_qwen_token_boundary,True,ok,18,18.0
exp_c,exp_c__gsm8k_test_000503__think,gsm8k_test_000503,think,canonical,,thinking_segment,20,10,False,315,315,True,10.221219062805176,,ok_qwen_token_boundary,True,ok,18,18.0
exp_c,exp_c__gsm8k_test_000503__think,gsm8k_test_000503,think,canonical,,answer_segment,6,10,False,51,51,True,12.980941772460938,,ok_qwen_token_boundary,True,ok,18,18.0
exp_c,exp_c__gsm8k_test_000503__think,gsm8k_test_000503,think,canonical,,answer_segment,13,10,False,51,51,True,11.330866813659668,,ok_qwen_token_boundary,True,ok,18,18.0
exp_c,exp_c__gsm8k_test_000503__think,gsm8k_test_000503,think,canonical,,answer_segment,20,10,False,51,51,True,11.637829780578612,,ok_qwen_token_boundary,True,ok,18,18.0
exp_c,exp_c__gsm8k_test_000503__no_think,gsm8k_test_000503,no_think,canonical,,full_output,6,10,False,46,46,True,13.120798110961914,,ok,False,ok,18,8.0
exp_c,exp_c__gsm8k_test_000503__no_think,gsm8k_test_000503,no_think,canonical,,full_output,13,10,False,46,46,True,11.870862007141112,,ok,False,ok,18,8.0
exp_c,exp_c__gsm8k_test_000503__no_think,gsm8k_test_000503,no_think,canonical,,full_output,20,10,False,46,46,True,13.014466285705566,,ok,False,ok,18,8.0
exp_c,exp_c__gsm8k_test_000503__no_think,gsm8k_test_000503,no_think,canonical,,answer_segment,6,10,False,46,46,True,13.120798110961914,,ok,False,ok,18,8.0
exp_c,exp_c__gsm8k_test_000503__no_think,gsm8k_test_000503,no_think,canonical,,answer_segment,13,10,False,46,46,True,11.870862007141112,,ok,False,ok,18,8.0
exp_c,exp_c__gsm8k_test_000503__no_think,gsm8k_test_000503,no_think,canonical,,answer_segment,20,10,False,46,46,True,13.014466285705566,,ok,False,ok,18,8.0
exp_c,exp_c__gsm8k_test_000509__think,gsm8k_test_000509,think,canonical,,full_output,6,10,False,553,553,True,10.34076976776123,,ok,True,ok,4,4.0
exp_c,exp_c__gsm8k_test_000509__think,gsm8k_test_000509,think,canonical,,full_output,13,10,False,553,553,True,8.630480766296387,,ok,True,ok,4,4.0
exp_c,exp_c__gsm8k_test_000509__think,gsm8k_test_000509,think,canonical,,full_output,20,10,False,553,553,True,8.748428344726562,,ok,True,ok,4,4.0
exp_c,exp_c__gsm8k_test_000509__think,gsm8k_test_000509,think,canonical,,thinking_segment,6,10,False,514,514,True,10.215962409973145,,ok_qwen_token_boundary,True,ok,4,4.0
exp_c,exp_c__gsm8k_test_000509__think,gsm8k_test_000509,think,canonical,,thinking_segment,13,10,False,514,514,True,8.614328384399414,,ok_qwen_token_boundary,True,ok,4,4.0
exp_c,exp_c__gsm8k_test_000509__think,gsm8k_test_000509,think,canonical,,thinking_segment,20,10,False,514,514,True,8.327138900756836,,ok_qwen_token_boundary,True,ok,4,4.0
exp_c,exp_c__gsm8k_test_000509__think,gsm8k_test_000509,think,canonical,,answer_segment,6,10,False,39,39,True,12.774063110351562,,ok_qwen_token_boundary,True,ok,4,4.0
exp_c,exp_c__gsm8k_test_000509__think,gsm8k_test_000509,think,canonical,,answer_segment,13,10,False,39,39,True,11.1025972366333,,ok_qwen_token_boundary,True,ok,4,4.0
exp_c,exp_c__gsm8k_test_000509__think,gsm8k_test_000509,think,canonical,,answer_segment,20,10,False,39,39,True,12.46342945098877,,ok_qwen_token_boundary,True,ok,4,4.0
exp_c,exp_c__gsm8k_test_000509__no_think,gsm8k_test_000509,no_think,canonical,,full_output,6,10,False,34,34,True,14.792142868041992,,ok,False,ok,4,3.0
exp_c,exp_c__gsm8k_test_000509__no_think,gsm8k_test_000509,no_think,canonical,,full_output,13,10,False,34,34,True,11.538497924804688,,ok,False,ok,4,3.0
exp_c,exp_c__gsm8k_test_000509__no_think,gsm8k_test_000509,no_think,canonical,,full_output,20,10,False,34,34,True,12.917001724243164,,ok,False,ok,4,3.0
exp_c,exp_c__gsm8k_test_000509__no_think,gsm8k_test_000509,no_think,canonical,,answer_segment,6,10,False,34,34,True,14.792142868041992,,ok,False,ok,4,3.0
exp_c,exp_c__gsm8k_test_000509__no_think,gsm8k_test_000509,no_think,canonical,,answer_segment,13,10,False,34,34,True,11.538497924804688,,ok,False,ok,4,3.0
exp_c,exp_c__gsm8k_test_000509__no_think,gsm8k_test_000509,no_think,canonical,,answer_segment,20,10,False,34,34,True,12.917001724243164,,ok,False,ok,4,3.0
exp_c,exp_c__gsm8k_test_000514__think,gsm8k_test_000514,think,canonical,,full_output,6,10,False,52,52,True,12.968618392944336,,ok,True,ok,90000,90000.0
exp_c,exp_c__gsm8k_test_000514__think,gsm8k_test_000514,think,canonical,,full_output,13,10,False,52,52,True,11.22520637512207,,ok,True,ok,90000,90000.0
exp_c,exp_c__gsm8k_test_000514__think,gsm8k_test_000514,think,canonical,,full_output,20,10,False,52,52,True,11.09965991973877,,ok,True,ok,90000,90000.0
exp_c,exp_c__gsm8k_test_000514__think,gsm8k_test_000514,think,canonical,,thinking_segment,6,10,False,3,0,False,,too_short,ok_qwen_token_boundary,True,ok,90000,90000.0
exp_c,exp_c__gsm8k_test_000514__think,gsm8k_test_000514,think,canonical,,thinking_segment,13,10,False,3,0,False,,too_short,ok_qwen_token_boundary,True,ok,90000,90000.0
exp_c,exp_c__gsm8k_test_000514__think,gsm8k_test_000514,think,canonical,,thinking_segment,20,10,False,3,0,False,,too_short,ok_qwen_token_boundary,True,ok,90000,90000.0
exp_c,exp_c__gsm8k_test_000514__think,gsm8k_test_000514,think,canonical,,answer_segment,6,10,False,49,49,True,14.171627044677734,,ok_qwen_token_boundary,True,ok,90000,90000.0
exp_c,exp_c__gsm8k_test_000514__think,gsm8k_test_000514,think,canonical,,answer_segment,13,10,False,49,49,True,11.015789031982422,,ok_qwen_token_boundary,True,ok,90000,90000.0
exp_c,exp_c__gsm8k_test_000514__think,gsm8k_test_000514,think,canonical,,answer_segment,20,10,False,49,49,True,11.131924629211426,,ok_qwen_token_boundary,True,ok,90000,90000.0
exp_c,exp_c__gsm8k_test_000514__no_think,gsm8k_test_000514,no_think,canonical,,full_output,6,10,False,57,57,True,12.06086254119873,,ok,True,ok,90000,90000.0
exp_c,exp_c__gsm8k_test_000514__no_think,gsm8k_test_000514,no_think,canonical,,full_output,13,10,False,57,57,True,9.930292129516602,,ok,True,ok,90000,90000.0
exp_c,exp_c__gsm8k_test_000514__no_think,gsm8k_test_000514,no_think,canonical,,full_output,20,10,False,57,57,True,10.567129135131836,,ok,True,ok,90000,90000.0
exp_c,exp_c__gsm8k_test_000514__no_think,gsm8k_test_000514,no_think,canonical,,answer_segment,6,10,False,57,57,True,12.06086254119873,,ok,True,ok,90000,90000.0
exp_c,exp_c__gsm8k_test_000514__no_think,gsm8k_test_000514,no_think,canonical,,answer_segment,13,10,False,57,57,True,9.930292129516602,,ok,True,ok,90000,90000.0
exp_c,exp_c__gsm8k_test_000514__no_think,gsm8k_test_000514,no_think,canonical,,answer_segment,20,10,False,57,57,True,10.567129135131836,,ok,True,ok,90000,90000.0
exp_c,exp_c__gsm8k_test_000518__think,gsm8k_test_000518,think,canonical,,full_output,6,10,False,64,64,True,12.493504524230955,,ok,False,ok,32,128.0
exp_c,exp_c__gsm8k_test_000518__think,gsm8k_test_000518,think,canonical,,full_output,13,10,False,64,64,True,11.574148178100586,,ok,False,ok,32,128.0
exp_c,exp_c__gsm8k_test_000518__think,gsm8k_test_000518,think,canonical,,full_output,20,10,False,64,64,True,11.072152137756348,,ok,False,ok,32,128.0
exp_c,exp_c__gsm8k_test_000518__think,gsm8k_test_000518,think,canonical,,thinking_segment,6,10,False,3,0,False,,too_short,ok_qwen_token_boundary,False,ok,32,128.0
exp_c,exp_c__gsm8k_test_000518__think,gsm8k_test_000518,think,canonical,,thinking_segment,13,10,False,3,0,False,,too_short,ok_qwen_token_boundary,False,ok,32,128.0
exp_c,exp_c__gsm8k_test_000518__think,gsm8k_test_000518,think,canonical,,thinking_segment,20,10,False,3,0,False,,too_short,ok_qwen_token_boundary,False,ok,32,128.0
exp_c,exp_c__gsm8k_test_000518__think,gsm8k_test_000518,think,canonical,,answer_segment,6,10,False,61,61,True,13.290945053100586,,ok_qwen_token_boundary,False,ok,32,128.0
exp_c,exp_c__gsm8k_test_000518__think,gsm8k_test_000518,think,canonical,,answer_segment,13,10,False,61,61,True,11.44770050048828,,ok_qwen_token_boundary,False,ok,32,128.0
exp_c,exp_c__gsm8k_test_000518__think,gsm8k_test_000518,think,canonical,,answer_segment,20,10,False,61,61,True,11.11217975616455,,ok_qwen_token_boundary,False,ok,32,128.0
exp_c,exp_c__gsm8k_test_000518__no_think,gsm8k_test_000518,no_think,canonical,,full_output,6,10,False,75,75,True,13.7401762008667,,ok,False,ok,32,64.0
exp_c,exp_c__gsm8k_test_000518__no_think,gsm8k_test_000518,no_think,canonical,,full_output,13,10,False,75,75,True,11.16317081451416,,ok,False,ok,32,64.0
exp_c,exp_c__gsm8k_test_000518__no_think,gsm8k_test_000518,no_think,canonical,,full_output,20,10,False,75,75,True,12.435747146606444,,ok,False,ok,32,64.0
exp_c,exp_c__gsm8k_test_000518__no_think,gsm8k_test_000518,no_think,canonical,,answer_segment,6,10,False,75,75,True,13.7401762008667,,ok,False,ok,32,64.0
exp_c,exp_c__gsm8k_test_000518__no_think,gsm8k_test_000518,no_think,canonical,,answer_segment,13,10,False,75,75,True,11.16317081451416,,ok,False,ok,32,64.0
exp_c,exp_c__gsm8k_test_000518__no_think,gsm8k_test_000518,no_think,canonical,,answer_segment,20,10,False,75,75,True,12.435747146606444,,ok,False,ok,32,64.0
exp_c,exp_c__gsm8k_test_000523__think,gsm8k_test_000523,think,canonical,,full_output,6,10,False,49,49,True,14.743988990783691,,ok,False,ok,74,103.0
exp_c,exp_c__gsm8k_test_000523__think,gsm8k_test_000523,think,canonical,,full_output,13,10,False,49,49,True,12.011394500732422,,ok,False,ok,74,103.0
exp_c,exp_c__gsm8k_test_000523__think,gsm8k_test_000523,think,canonical,,full_output,20,10,False,49,49,True,12.414336204528809,,ok,False,ok,74,103.0
exp_c,exp_c__gsm8k_test_000523__think,gsm8k_test_000523,think,canonical,,thinking_segment,6,10,False,3,0,False,,too_short,ok_qwen_token_boundary,False,ok,74,103.0
exp_c,exp_c__gsm8k_test_000523__think,gsm8k_test_000523,think,canonical,,thinking_segment,13,10,False,3,0,False,,too_short,ok_qwen_token_boundary,False,ok,74,103.0
exp_c,exp_c__gsm8k_test_000523__think,gsm8k_test_000523,think,canonical,,thinking_segment,20,10,False,3,0,False,,too_short,ok_qwen_token_boundary,False,ok,74,103.0
exp_c,exp_c__gsm8k_test_000523__think,gsm8k_test_000523,think,canonical,,answer_segment,6,10,False,46,46,True,16.9903507232666,,ok_qwen_token_boundary,False,ok,74,103.0
exp_c,exp_c__gsm8k_test_000523__think,gsm8k_test_000523,think,canonical,,answer_segment,13,10,False,46,46,True,12.0376615524292,,ok_qwen_token_boundary,False,ok,74,103.0
exp_c,exp_c__gsm8k_test_000523__think,gsm8k_test_000523,think,canonical,,answer_segment,20,10,False,46,46,True,12.530508041381836,,ok_qwen_token_boundary,False,ok,74,103.0
exp_c,exp_c__gsm8k_test_000523__no_think,gsm8k_test_000523,no_think,canonical,,full_output,6,10,False,44,44,True,15.207913398742676,,ok,True,ok,74,74.0
exp_c,exp_c__gsm8k_test_000523__no_think,gsm8k_test_000523,no_think,canonical,,full_output,13,10,False,44,44,True,12.185418128967283,,ok,True,ok,74,74.0
exp_c,exp_c__gsm8k_test_000523__no_think,gsm8k_test_000523,no_think,canonical,,full_output,20,10,False,44,44,True,13.116650581359863,,ok,True,ok,74,74.0
exp_c,exp_c__gsm8k_test_000523__no_think,gsm8k_test_000523,no_think,canonical,,answer_segment,6,10,False,44,44,True,15.207913398742676,,ok,True,ok,74,74.0
exp_c,exp_c__gsm8k_test_000523__no_think,gsm8k_test_000523,no_think,canonical,,answer_segment,13,10,False,44,44,True,12.185418128967283,,ok,True,ok,74,74.0
exp_c,exp_c__gsm8k_test_000523__no_think,gsm8k_test_000523,no_think,canonical,,answer_segment,20,10,False,44,44,True,13.116650581359863,,ok,True,ok,74,74.0
exp_c,exp_c__gsm8k_test_000531__think,gsm8k_test_000531,think,canonical,,full_output,6,10,False,50,50,True,12.113229751586914,,ok,False,ok,66,56.0
exp_c,exp_c__gsm8k_test_000531__think,gsm8k_test_000531,think,canonical,,full_output,13,10,False,50,50,True,11.095977783203123,,ok,False,ok,66,56.0
exp_c,exp_c__gsm8k_test_000531__think,gsm8k_test_000531,think,canonical,,full_output,20,10,False,50,50,True,11.843310356140137,,ok,False,ok,66,56.0
exp_c,exp_c__gsm8k_test_000531__think,gsm8k_test_000531,think,canonical,,thinking_segment,6,10,False,3,0,False,,too_short,ok_qwen_token_boundary,False,ok,66,56.0
exp_c,exp_c__gsm8k_test_000531__think,gsm8k_test_000531,think,canonical,,thinking_segment,13,10,False,3,0,False,,too_short,ok_qwen_token_boundary,False,ok,66,56.0
exp_c,exp_c__gsm8k_test_000531__think,gsm8k_test_000531,think,canonical,,thinking_segment,20,10,False,3,0,False,,too_short,ok_qwen_token_boundary,False,ok,66,56.0
exp_c,exp_c__gsm8k_test_000531__think,gsm8k_test_000531,think,canonical,,answer_segment,6,10,False,47,47,True,14.58874797821045,,ok_qwen_token_boundary,False,ok,66,56.0
exp_c,exp_c__gsm8k_test_000531__think,gsm8k_test_000531,think,canonical,,answer_segment,13,10,False,47,47,True,11.25919246673584,,ok_qwen_token_boundary,False,ok,66,56.0
exp_c,exp_c__gsm8k_test_000531__think,gsm8k_test_000531,think,canonical,,answer_segment,20,10,False,47,47,True,11.816102027893066,,ok_qwen_token_boundary,False,ok,66,56.0
exp_c,exp_c__gsm8k_test_000531__no_think,gsm8k_test_000531,no_think,canonical,,full_output,6,10,False,46,46,True,15.31952953338623,,ok,False,ok,66,32.0
exp_c,exp_c__gsm8k_test_000531__no_think,gsm8k_test_000531,no_think,canonical,,full_output,13,10,False,46,46,True,11.018255233764648,,ok,False,ok,66,32.0
exp_c,exp_c__gsm8k_test_000531__no_think,gsm8k_test_000531,no_think,canonical,,full_output,20,10,False,46,46,True,12.4260835647583,,ok,False,ok,66,32.0
exp_c,exp_c__gsm8k_test_000531__no_think,gsm8k_test_000531,no_think,canonical,,answer_segment,6,10,False,46,46,True,15.31952953338623,,ok,False,ok,66,32.0
exp_c,exp_c__gsm8k_test_000531__no_think,gsm8k_test_000531,no_think,canonical,,answer_segment,13,10,False,46,46,True,11.018255233764648,,ok,False,ok,66,32.0
exp_c,exp_c__gsm8k_test_000531__no_think,gsm8k_test_000531,no_think,canonical,,answer_segment,20,10,False,46,46,True,12.4260835647583,,ok,False,ok,66,32.0
exp_c,exp_c__gsm8k_test_000532__think,gsm8k_test_000532,think,canonical,,full_output,6,10,False,69,69,True,10.452916145324709,,ok,False,ok,25,22.0
exp_c,exp_c__gsm8k_test_000532__think,gsm8k_test_000532,think,canonical,,full_output,13,10,False,69,69,True,10.56947422027588,,ok,False,ok,25,22.0
exp_c,exp_c__gsm8k_test_000532__think,gsm8k_test_000532,think,canonical,,full_output,20,10,False,69,69,True,10.920784950256348,,ok,False,ok,25,22.0
exp_c,exp_c__gsm8k_test_000532__think,gsm8k_test_000532,think,canonical,,thinking_segment,6,10,False,3,0,False,,too_short,ok_qwen_token_boundary,False,ok,25,22.0
exp_c,exp_c__gsm8k_test_000532__think,gsm8k_test_000532,think,canonical,,thinking_segment,13,10,False,3,0,False,,too_short,ok_qwen_token_boundary,False,ok,25,22.0
exp_c,exp_c__gsm8k_test_000532__think,gsm8k_test_000532,think,canonical,,thinking_segment,20,10,False,3,0,False,,too_short,ok_qwen_token_boundary,False,ok,25,22.0
exp_c,exp_c__gsm8k_test_000532__think,gsm8k_test_000532,think,canonical,,answer_segment,6,10,False,66,66,True,11.212841033935549,,ok_qwen_token_boundary,False,ok,25,22.0
exp_c,exp_c__gsm8k_test_000532__think,gsm8k_test_000532,think,canonical,,answer_segment,13,10,False,66,66,True,10.378636360168455,,ok_qwen_token_boundary,False,ok,25,22.0
exp_c,exp_c__gsm8k_test_000532__think,gsm8k_test_000532,think,canonical,,answer_segment,20,10,False,66,66,True,11.001420974731444,,ok_qwen_token_boundary,False,ok,25,22.0
exp_c,exp_c__gsm8k_test_000532__no_think,gsm8k_test_000532,no_think,canonical,,full_output,6,10,False,73,73,True,10.813100814819336,,ok,False,ok,25,3.0
exp_c,exp_c__gsm8k_test_000532__no_think,gsm8k_test_000532,no_think,canonical,,full_output,13,10,False,73,73,True,10.689624786376951,,ok,False,ok,25,3.0
exp_c,exp_c__gsm8k_test_000532__no_think,gsm8k_test_000532,no_think,canonical,,full_output,20,10,False,73,73,True,10.97853183746338,,ok,False,ok,25,3.0
exp_c,exp_c__gsm8k_test_000532__no_think,gsm8k_test_000532,no_think,canonical,,answer_segment,6,10,False,73,73,True,10.813100814819336,,ok,False,ok,25,3.0
exp_c,exp_c__gsm8k_test_000532__no_think,gsm8k_test_000532,no_think,canonical,,answer_segment,13,10,False,73,73,True,10.689624786376951,,ok,False,ok,25,3.0
exp_c,exp_c__gsm8k_test_000532__no_think,gsm8k_test_000532,no_think,canonical,,answer_segment,20,10,False,73,73,True,10.97853183746338,,ok,False,ok,25,3.0
exp_c,exp_c__gsm8k_test_000534__think,gsm8k_test_000534,think,canonical,,full_output,6,10,False,576,576,True,9.451558113098145,,ok,False,ok,300,30.0
exp_c,exp_c__gsm8k_test_000534__think,gsm8k_test_000534,think,canonical,,full_output,13,10,False,576,576,True,9.410799980163574,,ok,False,ok,300,30.0
exp_c,exp_c__gsm8k_test_000534__think,gsm8k_test_000534,think,canonical,,full_output,20,10,False,576,576,True,9.01644229888916,,ok,False,ok,300,30.0
exp_c,exp_c__gsm8k_test_000534__think,gsm8k_test_000534,think,canonical,,thinking_segment,6,10,False,514,514,True,8.632406234741211,,ok_qwen_token_boundary,False,ok,300,30.0
exp_c,exp_c__gsm8k_test_000534__think,gsm8k_test_000534,think,canonical,,thinking_segment,13,10,False,514,514,True,9.079758644104004,,ok_qwen_token_boundary,False,ok,300,30.0
exp_c,exp_c__gsm8k_test_000534__think,gsm8k_test_000534,think,canonical,,thinking_segment,20,10,False,514,514,True,8.55394458770752,,ok_qwen_token_boundary,False,ok,300,30.0
exp_c,exp_c__gsm8k_test_000534__think,gsm8k_test_000534,think,canonical,,answer_segment,6,10,False,62,62,True,14.443471908569336,,ok_qwen_token_boundary,False,ok,300,30.0
exp_c,exp_c__gsm8k_test_000534__think,gsm8k_test_000534,think,canonical,,answer_segment,13,10,False,62,62,True,11.524421691894531,,ok_qwen_token_boundary,False,ok,300,30.0
exp_c,exp_c__gsm8k_test_000534__think,gsm8k_test_000534,think,canonical,,answer_segment,20,10,False,62,62,True,13.393207550048828,,ok_qwen_token_boundary,False,ok,300,30.0
exp_c,exp_c__gsm8k_test_000534__no_think,gsm8k_test_000534,no_think,canonical,,full_output,6,10,False,48,48,True,15.95862102508545,,ok,False,ok,300,240.0
exp_c,exp_c__gsm8k_test_000534__no_think,gsm8k_test_000534,no_think,canonical,,full_output,13,10,False,48,48,True,11.639378547668455,,ok,False,ok,300,240.0
exp_c,exp_c__gsm8k_test_000534__no_think,gsm8k_test_000534,no_think,canonical,,full_output,20,10,False,48,48,True,12.76480770111084,,ok,False,ok,300,240.0
exp_c,exp_c__gsm8k_test_000534__no_think,gsm8k_test_000534,no_think,canonical,,answer_segment,6,10,False,48,48,True,15.95862102508545,,ok,False,ok,300,240.0
exp_c,exp_c__gsm8k_test_000534__no_think,gsm8k_test_000534,no_think,canonical,,answer_segment,13,10,False,48,48,True,11.639378547668455,,ok,False,ok,300,240.0
exp_c,exp_c__gsm8k_test_000534__no_think,gsm8k_test_000534,no_think,canonical,,answer_segment,20,10,False,48,48,True,12.76480770111084,,ok,False,ok,300,240.0
exp_c,exp_c__gsm8k_test_000543__think,gsm8k_test_000543,think,canonical,,full_output,6,10,False,443,443,True,9.118557929992676,,ok,True,ok,6,6.0
exp_c,exp_c__gsm8k_test_000543__think,gsm8k_test_000543,think,canonical,,full_output,13,10,False,443,443,True,9.43840503692627,,ok,True,ok,6,6.0
exp_c,exp_c__gsm8k_test_000543__think,gsm8k_test_000543,think,canonical,,full_output,20,10,False,443,443,True,9.415472030639648,,ok,True,ok,6,6.0
exp_c,exp_c__gsm8k_test_000543__think,gsm8k_test_000543,think,canonical,,thinking_segment,6,10,False,379,379,True,9.467528343200684,,ok_qwen_token_boundary,True,ok,6,6.0
exp_c,exp_c__gsm8k_test_000543__think,gsm8k_test_000543,think,canonical,,thinking_segment,13,10,False,379,379,True,9.64938735961914,,ok_qwen_token_boundary,True,ok,6,6.0
exp_c,exp_c__gsm8k_test_000543__think,gsm8k_test_000543,think,canonical,,thinking_segment,20,10,False,379,379,True,9.627311706542969,,ok_qwen_token_boundary,True,ok,6,6.0
exp_c,exp_c__gsm8k_test_000543__think,gsm8k_test_000543,think,canonical,,answer_segment,6,10,False,64,64,True,16.292570114135742,,ok_qwen_token_boundary,True,ok,6,6.0
exp_c,exp_c__gsm8k_test_000543__think,gsm8k_test_000543,think,canonical,,answer_segment,13,10,False,64,64,True,10.75962734222412,,ok_qwen_token_boundary,True,ok,6,6.0
exp_c,exp_c__gsm8k_test_000543__think,gsm8k_test_000543,think,canonical,,answer_segment,20,10,False,64,64,True,11.75721549987793,,ok_qwen_token_boundary,True,ok,6,6.0
exp_c,exp_c__gsm8k_test_000543__no_think,gsm8k_test_000543,no_think,canonical,,full_output,6,10,False,46,46,True,16.975383758544922,,ok,False,ok,6,12.0
exp_c,exp_c__gsm8k_test_000543__no_think,gsm8k_test_000543,no_think,canonical,,full_output,13,10,False,46,46,True,11.53021240234375,,ok,False,ok,6,12.0
exp_c,exp_c__gsm8k_test_000543__no_think,gsm8k_test_000543,no_think,canonical,,full_output,20,10,False,46,46,True,12.009716987609863,,ok,False,ok,6,12.0
exp_c,exp_c__gsm8k_test_000543__no_think,gsm8k_test_000543,no_think,canonical,,answer_segment,6,10,False,46,46,True,16.975383758544922,,ok,False,ok,6,12.0
exp_c,exp_c__gsm8k_test_000543__no_think,gsm8k_test_000543,no_think,canonical,,answer_segment,13,10,False,46,46,True,11.53021240234375,,ok,False,ok,6,12.0
exp_c,exp_c__gsm8k_test_000543__no_think,gsm8k_test_000543,no_think,canonical,,answer_segment,20,10,False,46,46,True,12.009716987609863,,ok,False,ok,6,12.0
exp_c,exp_c__gsm8k_test_000549__think,gsm8k_test_000549,think,canonical,,full_output,6,10,False,55,55,True,15.046852111816406,,ok,True,ok,398,398.0
exp_c,exp_c__gsm8k_test_000549__think,gsm8k_test_000549,think,canonical,,full_output,13,10,False,55,55,True,12.860394477844238,,ok,True,ok,398,398.0
exp_c,exp_c__gsm8k_test_000549__think,gsm8k_test_000549,think,canonical,,full_output,20,10,False,55,55,True,13.232942581176758,,ok,True,ok,398,398.0
exp_c,exp_c__gsm8k_test_000549__think,gsm8k_test_000549,think,canonical,,thinking_segment,6,10,False,3,0,False,,too_short,ok_qwen_token_boundary,True,ok,398,398.0
exp_c,exp_c__gsm8k_test_000549__think,gsm8k_test_000549,think,canonical,,thinking_segment,13,10,False,3,0,False,,too_short,ok_qwen_token_boundary,True,ok,398,398.0
exp_c,exp_c__gsm8k_test_000549__think,gsm8k_test_000549,think,canonical,,thinking_segment,20,10,False,3,0,False,,too_short,ok_qwen_token_boundary,True,ok,398,398.0
exp_c,exp_c__gsm8k_test_000549__think,gsm8k_test_000549,think,canonical,,answer_segment,6,10,False,52,52,True,16.98548126220703,,ok_qwen_token_boundary,True,ok,398,398.0
exp_c,exp_c__gsm8k_test_000549__think,gsm8k_test_000549,think,canonical,,answer_segment,13,10,False,52,52,True,13.000665664672852,,ok_qwen_token_boundary,True,ok,398,398.0
exp_c,exp_c__gsm8k_test_000549__think,gsm8k_test_000549,think,canonical,,answer_segment,20,10,False,52,52,True,13.465949058532717,,ok_qwen_token_boundary,True,ok,398,398.0
exp_c,exp_c__gsm8k_test_000549__no_think,gsm8k_test_000549,no_think,canonical,,full_output,6,10,False,51,51,True,16.310821533203125,,ok,False,ok,398,402.0
exp_c,exp_c__gsm8k_test_000549__no_think,gsm8k_test_000549,no_think,canonical,,full_output,13,10,False,51,51,True,13.084856033325195,,ok,False,ok,398,402.0
exp_c,exp_c__gsm8k_test_000549__no_think,gsm8k_test_000549,no_think,canonical,,full_output,20,10,False,51,51,True,13.571598052978516,,ok,False,ok,398,402.0
exp_c,exp_c__gsm8k_test_000549__no_think,gsm8k_test_000549,no_think,canonical,,answer_segment,6,10,False,51,51,True,16.310821533203125,,ok,False,ok,398,402.0
exp_c,exp_c__gsm8k_test_000549__no_think,gsm8k_test_000549,no_think,canonical,,answer_segment,13,10,False,51,51,True,13.084856033325195,,ok,False,ok,398,402.0
exp_c,exp_c__gsm8k_test_000549__no_think,gsm8k_test_000549,no_think,canonical,,answer_segment,20,10,False,51,51,True,13.571598052978516,,ok,False,ok,398,402.0
exp_c,exp_c__gsm8k_test_000560__think,gsm8k_test_000560,think,canonical,,full_output,6,10,False,47,47,True,13.17816925048828,,ok,True,ok,45,45.0
exp_c,exp_c__gsm8k_test_000560__think,gsm8k_test_000560,think,canonical,,full_output,13,10,False,47,47,True,10.869223594665527,,ok,True,ok,45,45.0
exp_c,exp_c__gsm8k_test_000560__think,gsm8k_test_000560,think,canonical,,full_output,20,10,False,47,47,True,11.7553129196167,,ok,True,ok,45,45.0
exp_c,exp_c__gsm8k_test_000560__think,gsm8k_test_000560,think,canonical,,thinking_segment,6,10,False,3,0,False,,too_short,ok_qwen_token_boundary,True,ok,45,45.0
exp_c,exp_c__gsm8k_test_000560__think,gsm8k_test_000560,think,canonical,,thinking_segment,13,10,False,3,0,False,,too_short,ok_qwen_token_boundary,True,ok,45,45.0
exp_c,exp_c__gsm8k_test_000560__think,gsm8k_test_000560,think,canonical,,thinking_segment,20,10,False,3,0,False,,too_short,ok_qwen_token_boundary,True,ok,45,45.0
exp_c,exp_c__gsm8k_test_000560__think,gsm8k_test_000560,think,canonical,,answer_segment,6,10,False,44,44,True,14.977605819702148,,ok_qwen_token_boundary,True,ok,45,45.0
exp_c,exp_c__gsm8k_test_000560__think,gsm8k_test_000560,think,canonical,,answer_segment,13,10,False,44,44,True,10.89193630218506,,ok_qwen_token_boundary,True,ok,45,45.0
exp_c,exp_c__gsm8k_test_000560__think,gsm8k_test_000560,think,canonical,,answer_segment,20,10,False,44,44,True,12.05355167388916,,ok_qwen_token_boundary,True,ok,45,45.0
exp_c,exp_c__gsm8k_test_000560__no_think,gsm8k_test_000560,no_think,canonical,,full_output,6,10,False,43,43,True,14.22583293914795,,ok,True,ok,45,45.0
exp_c,exp_c__gsm8k_test_000560__no_think,gsm8k_test_000560,no_think,canonical,,full_output,13,10,False,43,43,True,10.564794540405272,,ok,True,ok,45,45.0
exp_c,exp_c__gsm8k_test_000560__no_think,gsm8k_test_000560,no_think,canonical,,full_output,20,10,False,43,43,True,11.699645042419434,,ok,True,ok,45,45.0
exp_c,exp_c__gsm8k_test_000560__no_think,gsm8k_test_000560,no_think,canonical,,answer_segment,6,10,False,43,43,True,14.22583293914795,,ok,True,ok,45,45.0
exp_c,exp_c__gsm8k_test_000560__no_think,gsm8k_test_000560,no_think,canonical,,answer_segment,13,10,False,43,43,True,10.564794540405272,,ok,True,ok,45,45.0
exp_c,exp_c__gsm8k_test_000560__no_think,gsm8k_test_000560,no_think,canonical,,answer_segment,20,10,False,43,43,True,11.699645042419434,,ok,True,ok,45,45.0
exp_c,exp_c__gsm8k_test_000561__think,gsm8k_test_000561,think,canonical,,full_output,6,10,False,437,437,True,9.473381042480469,,ok,True,ok,180,180.0
exp_c,exp_c__gsm8k_test_000561__think,gsm8k_test_000561,think,canonical,,full_output,13,10,False,437,437,True,9.187191009521484,,ok,True,ok,180,180.0
exp_c,exp_c__gsm8k_test_000561__think,gsm8k_test_000561,think,canonical,,full_output,20,10,False,437,437,True,9.636348724365234,,ok,True,ok,180,180.0
exp_c,exp_c__gsm8k_test_000561__think,gsm8k_test_000561,think,canonical,,thinking_segment,6,10,False,371,371,True,9.135355949401855,,ok_qwen_token_boundary,True,ok,180,180.0
exp_c,exp_c__gsm8k_test_000561__think,gsm8k_test_000561,think,canonical,,thinking_segment,13,10,False,371,371,True,8.954466819763184,,ok_qwen_token_boundary,True,ok,180,180.0
exp_c,exp_c__gsm8k_test_000561__think,gsm8k_test_000561,think,canonical,,thinking_segment,20,10,False,371,371,True,9.27505874633789,,ok_qwen_token_boundary,True,ok,180,180.0
exp_c,exp_c__gsm8k_test_000561__think,gsm8k_test_000561,think,canonical,,answer_segment,6,10,False,66,66,True,10.870256423950195,,ok_qwen_token_boundary,True,ok,180,180.0
exp_c,exp_c__gsm8k_test_000561__think,gsm8k_test_000561,think,canonical,,answer_segment,13,10,False,66,66,True,10.203598022460938,,ok_qwen_token_boundary,True,ok,180,180.0
exp_c,exp_c__gsm8k_test_000561__think,gsm8k_test_000561,think,canonical,,answer_segment,20,10,False,66,66,True,10.548233032226562,,ok_qwen_token_boundary,True,ok,180,180.0
exp_c,exp_c__gsm8k_test_000561__no_think,gsm8k_test_000561,no_think,canonical,,full_output,6,10,False,79,79,True,9.9475736618042,,ok,True,ok,180,180.0
exp_c,exp_c__gsm8k_test_000561__no_think,gsm8k_test_000561,no_think,canonical,,full_output,13,10,False,79,79,True,9.640228271484377,,ok,True,ok,180,180.0
exp_c,exp_c__gsm8k_test_000561__no_think,gsm8k_test_000561,no_think,canonical,,full_output,20,10,False,79,79,True,10.337775230407717,,ok,True,ok,180,180.0
exp_c,exp_c__gsm8k_test_000561__no_think,gsm8k_test_000561,no_think,canonical,,answer_segment,6,10,False,79,79,True,9.9475736618042,,ok,True,ok,180,180.0
exp_c,exp_c__gsm8k_test_000561__no_think,gsm8k_test_000561,no_think,canonical,,answer_segment,13,10,False,79,79,True,9.640228271484377,,ok,True,ok,180,180.0
exp_c,exp_c__gsm8k_test_000561__no_think,gsm8k_test_000561,no_think,canonical,,answer_segment,20,10,False,79,79,True,10.337775230407717,,ok,True,ok,180,180.0
exp_c,exp_c__gsm8k_test_000564__think,gsm8k_test_000564,think,canonical,,full_output,6,10,False,47,47,True,14.311874389648438,,ok,False,ok,240,200.0
exp_c,exp_c__gsm8k_test_000564__think,gsm8k_test_000564,think,canonical,,full_output,13,10,False,47,47,True,11.55869483947754,,ok,False,ok,240,200.0
exp_c,exp_c__gsm8k_test_000564__think,gsm8k_test_000564,think,canonical,,full_output,20,10,False,47,47,True,11.599522590637209,,ok,False,ok,240,200.0
exp_c,exp_c__gsm8k_test_000564__think,gsm8k_test_000564,think,canonical,,thinking_segment,6,10,False,3,0,False,,too_short,ok_qwen_token_boundary,False,ok,240,200.0
exp_c,exp_c__gsm8k_test_000564__think,gsm8k_test_000564,think,canonical,,thinking_segment,13,10,False,3,0,False,,too_short,ok_qwen_token_boundary,False,ok,240,200.0
exp_c,exp_c__gsm8k_test_000564__think,gsm8k_test_000564,think,canonical,,thinking_segment,20,10,False,3,0,False,,too_short,ok_qwen_token_boundary,False,ok,240,200.0
exp_c,exp_c__gsm8k_test_000564__think,gsm8k_test_000564,think,canonical,,answer_segment,6,10,False,44,44,True,15.480234146118164,,ok_qwen_token_boundary,False,ok,240,200.0
exp_c,exp_c__gsm8k_test_000564__think,gsm8k_test_000564,think,canonical,,answer_segment,13,10,False,44,44,True,11.85391902923584,,ok_qwen_token_boundary,False,ok,240,200.0
exp_c,exp_c__gsm8k_test_000564__think,gsm8k_test_000564,think,canonical,,answer_segment,20,10,False,44,44,True,11.708956718444824,,ok_qwen_token_boundary,False,ok,240,200.0
exp_c,exp_c__gsm8k_test_000564__no_think,gsm8k_test_000564,no_think,canonical,,full_output,6,10,False,44,44,True,14.617305755615234,,ok,False,ok,240,200.0
exp_c,exp_c__gsm8k_test_000564__no_think,gsm8k_test_000564,no_think,canonical,,full_output,13,10,False,44,44,True,11.78717041015625,,ok,False,ok,240,200.0
exp_c,exp_c__gsm8k_test_000564__no_think,gsm8k_test_000564,no_think,canonical,,full_output,20,10,False,44,44,True,11.830389022827148,,ok,False,ok,240,200.0
exp_c,exp_c__gsm8k_test_000564__no_think,gsm8k_test_000564,no_think,canonical,,answer_segment,6,10,False,44,44,True,14.617305755615234,,ok,False,ok,240,200.0
exp_c,exp_c__gsm8k_test_000564__no_think,gsm8k_test_000564,no_think,canonical,,answer_segment,13,10,False,44,44,True,11.78717041015625,,ok,False,ok,240,200.0
exp_c,exp_c__gsm8k_test_000564__no_think,gsm8k_test_000564,no_think,canonical,,answer_segment,20,10,False,44,44,True,11.830389022827148,,ok,False,ok,240,200.0
exp_c,exp_c__gsm8k_test_000568__think,gsm8k_test_000568,think,canonical,,full_output,6,10,False,381,381,True,8.39847469329834,,ok,True,ok,175,175.0
exp_c,exp_c__gsm8k_test_000568__think,gsm8k_test_000568,think,canonical,,full_output,13,10,False,381,381,True,8.642614364624023,,ok,True,ok,175,175.0
exp_c,exp_c__gsm8k_test_000568__think,gsm8k_test_000568,think,canonical,,full_output,20,10,False,381,381,True,8.924952507019043,,ok,True,ok,175,175.0
exp_c,exp_c__gsm8k_test_000568__think,gsm8k_test_000568,think,canonical,,thinking_segment,6,10,False,327,327,True,8.229450225830078,,ok_qwen_token_boundary,True,ok,175,175.0
exp_c,exp_c__gsm8k_test_000568__think,gsm8k_test_000568,think,canonical,,thinking_segment,13,10,False,327,327,True,8.633564949035645,,ok_qwen_token_boundary,True,ok,175,175.0
exp_c,exp_c__gsm8k_test_000568__think,gsm8k_test_000568,think,canonical,,thinking_segment,20,10,False,327,327,True,8.88117790222168,,ok_qwen_token_boundary,True,ok,175,175.0
exp_c,exp_c__gsm8k_test_000568__think,gsm8k_test_000568,think,canonical,,answer_segment,6,10,False,54,54,True,12.725041389465332,,ok_qwen_token_boundary,True,ok,175,175.0
exp_c,exp_c__gsm8k_test_000568__think,gsm8k_test_000568,think,canonical,,answer_segment,13,10,False,54,54,True,10.603835105895996,,ok_qwen_token_boundary,True,ok,175,175.0
exp_c,exp_c__gsm8k_test_000568__think,gsm8k_test_000568,think,canonical,,answer_segment,20,10,False,54,54,True,11.34465789794922,,ok_qwen_token_boundary,True,ok,175,175.0
exp_c,exp_c__gsm8k_test_000568__no_think,gsm8k_test_000568,no_think,canonical,,full_output,6,10,False,81,81,True,11.227663040161133,,ok,False,ok,175,60.0
exp_c,exp_c__gsm8k_test_000568__no_think,gsm8k_test_000568,no_think,canonical,,full_output,13,10,False,81,81,True,10.17410659790039,,ok,False,ok,175,60.0
exp_c,exp_c__gsm8k_test_000568__no_think,gsm8k_test_000568,no_think,canonical,,full_output,20,10,False,81,81,True,11.80976676940918,,ok,False,ok,175,60.0
exp_c,exp_c__gsm8k_test_000568__no_think,gsm8k_test_000568,no_think,canonical,,answer_segment,6,10,False,81,81,True,11.227663040161133,,ok,False,ok,175,60.0
exp_c,exp_c__gsm8k_test_000568__no_think,gsm8k_test_000568,no_think,canonical,,answer_segment,13,10,False,81,81,True,10.17410659790039,,ok,False,ok,175,60.0
exp_c,exp_c__gsm8k_test_000568__no_think,gsm8k_test_000568,no_think,canonical,,answer_segment,20,10,False,81,81,True,11.80976676940918,,ok,False,ok,175,60.0
exp_c,exp_c__gsm8k_test_000582__think,gsm8k_test_000582,think,canonical,,full_output,6,10,False,519,519,True,9.908467292785645,,ok,True,ok,129200,129200.0
exp_c,exp_c__gsm8k_test_000582__think,gsm8k_test_000582,think,canonical,,full_output,13,10,False,519,519,True,9.54267406463623,,ok,True,ok,129200,129200.0
exp_c,exp_c__gsm8k_test_000582__think,gsm8k_test_000582,think,canonical,,full_output,20,10,False,519,519,True,9.968916893005373,,ok,True,ok,129200,129200.0
exp_c,exp_c__gsm8k_test_000582__think,gsm8k_test_000582,think,canonical,,thinking_segment,6,10,False,465,465,True,9.572933197021484,,ok_qwen_token_boundary,True,ok,129200,129200.0
exp_c,exp_c__gsm8k_test_000582__think,gsm8k_test_000582,think,canonical,,thinking_segment,13,10,False,465,465,True,9.647132873535156,,ok_qwen_token_boundary,True,ok,129200,129200.0
exp_c,exp_c__gsm8k_test_000582__think,gsm8k_test_000582,think,canonical,,thinking_segment,20,10,False,465,465,True,10.04421329498291,,ok_qwen_token_boundary,True,ok,129200,129200.0
exp_c,exp_c__gsm8k_test_000582__think,gsm8k_test_000582,think,canonical,,answer_segment,6,10,False,54,54,True,12.76821517944336,,ok_qwen_token_boundary,True,ok,129200,129200.0
exp_c,exp_c__gsm8k_test_000582__think,gsm8k_test_000582,think,canonical,,answer_segment,13,10,False,54,54,True,10.729659080505373,,ok_qwen_token_boundary,True,ok,129200,129200.0
exp_c,exp_c__gsm8k_test_000582__think,gsm8k_test_000582,think,canonical,,answer_segment,20,10,False,54,54,True,10.972003936767578,,ok_qwen_token_boundary,True,ok,129200,129200.0
exp_c,exp_c__gsm8k_test_000582__no_think,gsm8k_test_000582,no_think,canonical,,full_output,6,10,False,62,62,True,13.76569938659668,,ok,False,ok,129200,53200.0
exp_c,exp_c__gsm8k_test_000582__no_think,gsm8k_test_000582,no_think,canonical,,full_output,13,10,False,62,62,True,11.342280387878418,,ok,False,ok,129200,53200.0
exp_c,exp_c__gsm8k_test_000582__no_think,gsm8k_test_000582,no_think,canonical,,full_output,20,10,False,62,62,True,11.63453769683838,,ok,False,ok,129200,53200.0
exp_c,exp_c__gsm8k_test_000582__no_think,gsm8k_test_000582,no_think,canonical,,answer_segment,6,10,False,62,62,True,13.76569938659668,,ok,False,ok,129200,53200.0
exp_c,exp_c__gsm8k_test_000582__no_think,gsm8k_test_000582,no_think,canonical,,answer_segment,13,10,False,62,62,True,11.342280387878418,,ok,False,ok,129200,53200.0
exp_c,exp_c__gsm8k_test_000582__no_think,gsm8k_test_000582,no_think,canonical,,answer_segment,20,10,False,62,62,True,11.63453769683838,,ok,False,ok,129200,53200.0
exp_c,exp_c__gsm8k_test_000585__think,gsm8k_test_000585,think,canonical,,full_output,6,10,False,276,276,True,10.92056941986084,,ok,True,ok,40,40.0
exp_c,exp_c__gsm8k_test_000585__think,gsm8k_test_000585,think,canonical,,full_output,13,10,False,276,276,True,10.109651565551758,,ok,True,ok,40,40.0
exp_c,exp_c__gsm8k_test_000585__think,gsm8k_test_000585,think,canonical,,full_output,20,10,False,276,276,True,10.588530540466309,,ok,True,ok,40,40.0
exp_c,exp_c__gsm8k_test_000585__think,gsm8k_test_000585,think,canonical,,thinking_segment,6,10,False,227,227,True,9.90566062927246,,ok_qwen_token_boundary,True,ok,40,40.0
exp_c,exp_c__gsm8k_test_000585__think,gsm8k_test_000585,think,canonical,,thinking_segment,13,10,False,227,227,True,9.808499336242676,,ok_qwen_token_boundary,True,ok,40,40.0
exp_c,exp_c__gsm8k_test_000585__think,gsm8k_test_000585,think,canonical,,thinking_segment,20,10,False,227,227,True,9.941537857055664,,ok_qwen_token_boundary,True,ok,40,40.0
exp_c,exp_c__gsm8k_test_000585__think,gsm8k_test_000585,think,canonical,,answer_segment,6,10,False,49,49,True,16.030540466308594,,ok_qwen_token_boundary,True,ok,40,40.0
exp_c,exp_c__gsm8k_test_000585__think,gsm8k_test_000585,think,canonical,,answer_segment,13,10,False,49,49,True,12.49181842803955,,ok_qwen_token_boundary,True,ok,40,40.0
exp_c,exp_c__gsm8k_test_000585__think,gsm8k_test_000585,think,canonical,,answer_segment,20,10,False,49,49,True,12.228492736816406,,ok_qwen_token_boundary,True,ok,40,40.0
exp_c,exp_c__gsm8k_test_000585__no_think,gsm8k_test_000585,no_think,canonical,,full_output,6,10,False,81,81,True,10.857011795043944,,ok,False,ok,40,80.0
exp_c,exp_c__gsm8k_test_000585__no_think,gsm8k_test_000585,no_think,canonical,,full_output,13,10,False,81,81,True,10.547051429748535,,ok,False,ok,40,80.0
exp_c,exp_c__gsm8k_test_000585__no_think,gsm8k_test_000585,no_think,canonical,,full_output,20,10,False,81,81,True,10.073578834533691,,ok,False,ok,40,80.0
exp_c,exp_c__gsm8k_test_000585__no_think,gsm8k_test_000585,no_think,canonical,,answer_segment,6,10,False,81,81,True,10.857011795043944,,ok,False,ok,40,80.0
exp_c,exp_c__gsm8k_test_000585__no_think,gsm8k_test_000585,no_think,canonical,,answer_segment,13,10,False,81,81,True,10.547051429748535,,ok,False,ok,40,80.0
exp_c,exp_c__gsm8k_test_000585__no_think,gsm8k_test_000585,no_think,canonical,,answer_segment,20,10,False,81,81,True,10.073578834533691,,ok,False,ok,40,80.0
exp_c,exp_c__gsm8k_test_000586__think,gsm8k_test_000586,think,canonical,,full_output,6,10,False,498,498,True,9.926653861999512,,ok,True,ok,800,800.0
exp_c,exp_c__gsm8k_test_000586__think,gsm8k_test_000586,think,canonical,,full_output,13,10,False,498,498,True,9.987222671508787,,ok,True,ok,800,800.0
exp_c,exp_c__gsm8k_test_000586__think,gsm8k_test_000586,think,canonical,,full_output,20,10,False,498,498,True,10.041009902954102,,ok,True,ok,800,800.0
exp_c,exp_c__gsm8k_test_000586__think,gsm8k_test_000586,think,canonical,,thinking_segment,6,10,False,444,444,True,10.252205848693848,,ok_qwen_token_boundary,True,ok,800,800.0
exp_c,exp_c__gsm8k_test_000586__think,gsm8k_test_000586,think,canonical,,thinking_segment,13,10,False,444,444,True,10.060091972351074,,ok_qwen_token_boundary,True,ok,800,800.0
exp_c,exp_c__gsm8k_test_000586__think,gsm8k_test_000586,think,canonical,,thinking_segment,20,10,False,444,444,True,10.027044296264648,,ok_qwen_token_boundary,True,ok,800,800.0
exp_c,exp_c__gsm8k_test_000586__think,gsm8k_test_000586,think,canonical,,answer_segment,6,10,False,54,54,True,14.696898460388184,,ok_qwen_token_boundary,True,ok,800,800.0
exp_c,exp_c__gsm8k_test_000586__think,gsm8k_test_000586,think,canonical,,answer_segment,13,10,False,54,54,True,11.82450008392334,,ok_qwen_token_boundary,True,ok,800,800.0
exp_c,exp_c__gsm8k_test_000586__think,gsm8k_test_000586,think,canonical,,answer_segment,20,10,False,54,54,True,11.593947410583496,,ok_qwen_token_boundary,True,ok,800,800.0
exp_c,exp_c__gsm8k_test_000586__no_think,gsm8k_test_000586,no_think,canonical,,full_output,6,10,False,50,50,True,14.64357089996338,,ok,False,ok,800,850.0
exp_c,exp_c__gsm8k_test_000586__no_think,gsm8k_test_000586,no_think,canonical,,full_output,13,10,False,50,50,True,10.430583953857422,,ok,False,ok,800,850.0
exp_c,exp_c__gsm8k_test_000586__no_think,gsm8k_test_000586,no_think,canonical,,full_output,20,10,False,50,50,True,11.915034294128418,,ok,False,ok,800,850.0
exp_c,exp_c__gsm8k_test_000586__no_think,gsm8k_test_000586,no_think,canonical,,answer_segment,6,10,False,50,50,True,14.64357089996338,,ok,False,ok,800,850.0
exp_c,exp_c__gsm8k_test_000586__no_think,gsm8k_test_000586,no_think,canonical,,answer_segment,13,10,False,50,50,True,10.430583953857422,,ok,False,ok,800,850.0
exp_c,exp_c__gsm8k_test_000586__no_think,gsm8k_test_000586,no_think,canonical,,answer_segment,20,10,False,50,50,True,11.915034294128418,,ok,False,ok,800,850.0
exp_c,exp_c__gsm8k_test_000595__think,gsm8k_test_000595,think,canonical,,full_output,6,10,False,47,47,True,13.740593910217283,,ok,False,ok,13,11.0
exp_c,exp_c__gsm8k_test_000595__think,gsm8k_test_000595,think,canonical,,full_output,13,10,False,47,47,True,12.06321144104004,,ok,False,ok,13,11.0
exp_c,exp_c__gsm8k_test_000595__think,gsm8k_test_000595,think,canonical,,full_output,20,10,False,47,47,True,12.531977653503418,,ok,False,ok,13,11.0
exp_c,exp_c__gsm8k_test_000595__think,gsm8k_test_000595,think,canonical,,thinking_segment,6,10,False,3,0,False,,too_short,ok_qwen_token_boundary,False,ok,13,11.0
exp_c,exp_c__gsm8k_test_000595__think,gsm8k_test_000595,think,canonical,,thinking_segment,13,10,False,3,0,False,,too_short,ok_qwen_token_boundary,False,ok,13,11.0
exp_c,exp_c__gsm8k_test_000595__think,gsm8k_test_000595,think,canonical,,thinking_segment,20,10,False,3,0,False,,too_short,ok_qwen_token_boundary,False,ok,13,11.0
exp_c,exp_c__gsm8k_test_000595__think,gsm8k_test_000595,think,canonical,,answer_segment,6,10,False,44,44,True,15.825209617614746,,ok_qwen_token_boundary,False,ok,13,11.0
exp_c,exp_c__gsm8k_test_000595__think,gsm8k_test_000595,think,canonical,,answer_segment,13,10,False,44,44,True,12.027917861938477,,ok_qwen_token_boundary,False,ok,13,11.0
exp_c,exp_c__gsm8k_test_000595__think,gsm8k_test_000595,think,canonical,,answer_segment,20,10,False,44,44,True,12.641864776611328,,ok_qwen_token_boundary,False,ok,13,11.0
exp_c,exp_c__gsm8k_test_000595__no_think,gsm8k_test_000595,no_think,canonical,,full_output,6,10,False,39,39,True,15.340576171875,,ok,False,ok,13,10.0
exp_c,exp_c__gsm8k_test_000595__no_think,gsm8k_test_000595,no_think,canonical,,full_output,13,10,False,39,39,True,11.674514770507812,,ok,False,ok,13,10.0
exp_c,exp_c__gsm8k_test_000595__no_think,gsm8k_test_000595,no_think,canonical,,full_output,20,10,False,39,39,True,12.02944278717041,,ok,False,ok,13,10.0
exp_c,exp_c__gsm8k_test_000595__no_think,gsm8k_test_000595,no_think,canonical,,answer_segment,6,10,False,39,39,True,15.340576171875,,ok,False,ok,13,10.0
exp_c,exp_c__gsm8k_test_000595__no_think,gsm8k_test_000595,no_think,canonical,,answer_segment,13,10,False,39,39,True,11.674514770507812,,ok,False,ok,13,10.0
exp_c,exp_c__gsm8k_test_000595__no_think,gsm8k_test_000595,no_think,canonical,,answer_segment,20,10,False,39,39,True,12.02944278717041,,ok,False,ok,13,10.0
exp_c,exp_c__gsm8k_test_000604__think,gsm8k_test_000604,think,canonical,,full_output,6,10,False,80,80,True,10.753384590148926,,ok,False,ok,12,100.0
exp_c,exp_c__gsm8k_test_000604__think,gsm8k_test_000604,think,canonical,,full_output,13,10,False,80,80,True,10.37193489074707,,ok,False,ok,12,100.0
exp_c,exp_c__gsm8k_test_000604__think,gsm8k_test_000604,think,canonical,,full_output,20,10,False,80,80,True,11.697511672973633,,ok,False,ok,12,100.0
exp_c,exp_c__gsm8k_test_000604__think,gsm8k_test_000604,think,canonical,,thinking_segment,6,10,False,3,0,False,,too_short,ok_qwen_token_boundary,False,ok,12,100.0
exp_c,exp_c__gsm8k_test_000604__think,gsm8k_test_000604,think,canonical,,thinking_segment,13,10,False,3,0,False,,too_short,ok_qwen_token_boundary,False,ok,12,100.0
exp_c,exp_c__gsm8k_test_000604__think,gsm8k_test_000604,think,canonical,,thinking_segment,20,10,False,3,0,False,,too_short,ok_qwen_token_boundary,False,ok,12,100.0
exp_c,exp_c__gsm8k_test_000604__think,gsm8k_test_000604,think,canonical,,answer_segment,6,10,False,77,77,True,11.348870277404783,,ok_qwen_token_boundary,False,ok,12,100.0
exp_c,exp_c__gsm8k_test_000604__think,gsm8k_test_000604,think,canonical,,answer_segment,13,10,False,77,77,True,10.158597946166992,,ok_qwen_token_boundary,False,ok,12,100.0
exp_c,exp_c__gsm8k_test_000604__think,gsm8k_test_000604,think,canonical,,answer_segment,20,10,False,77,77,True,11.628100395202637,,ok_qwen_token_boundary,False,ok,12,100.0
exp_c,exp_c__gsm8k_test_000604__no_think,gsm8k_test_000604,no_think,canonical,,full_output,6,10,False,56,56,True,11.085421562194824,,ok,False,ok,12,100.0
exp_c,exp_c__gsm8k_test_000604__no_think,gsm8k_test_000604,no_think,canonical,,full_output,13,10,False,56,56,True,9.619674682617188,,ok,False,ok,12,100.0
exp_c,exp_c__gsm8k_test_000604__no_think,gsm8k_test_000604,no_think,canonical,,full_output,20,10,False,56,56,True,11.468340873718262,,ok,False,ok,12,100.0
exp_c,exp_c__gsm8k_test_000604__no_think,gsm8k_test_000604,no_think,canonical,,answer_segment,6,10,False,56,56,True,11.085421562194824,,ok,False,ok,12,100.0
exp_c,exp_c__gsm8k_test_000604__no_think,gsm8k_test_000604,no_think,canonical,,answer_segment,13,10,False,56,56,True,9.619674682617188,,ok,False,ok,12,100.0
exp_c,exp_c__gsm8k_test_000604__no_think,gsm8k_test_000604,no_think,canonical,,answer_segment,20,10,False,56,56,True,11.468340873718262,,ok,False,ok,12,100.0
exp_c,exp_c__gsm8k_test_000605__think,gsm8k_test_000605,think,canonical,,full_output,6,10,False,418,418,True,9.666526794433594,,ok,True,ok,42,42.0
exp_c,exp_c__gsm8k_test_000605__think,gsm8k_test_000605,think,canonical,,full_output,13,10,False,418,418,True,9.41466999053955,,ok,True,ok,42,42.0
exp_c,exp_c__gsm8k_test_000605__think,gsm8k_test_000605,think,canonical,,full_output,20,10,False,418,418,True,8.911636352539062,,ok,True,ok,42,42.0
exp_c,exp_c__gsm8k_test_000605__think,gsm8k_test_000605,think,canonical,,thinking_segment,6,10,False,354,354,True,9.426432609558104,,ok_qwen_token_boundary,True,ok,42,42.0
exp_c,exp_c__gsm8k_test_000605__think,gsm8k_test_000605,think,canonical,,thinking_segment,13,10,False,354,354,True,9.29222011566162,,ok_qwen_token_boundary,True,ok,42,42.0
exp_c,exp_c__gsm8k_test_000605__think,gsm8k_test_000605,think,canonical,,thinking_segment,20,10,False,354,354,True,8.60601806640625,,ok_qwen_token_boundary,True,ok,42,42.0
exp_c,exp_c__gsm8k_test_000605__think,gsm8k_test_000605,think,canonical,,answer_segment,6,10,False,64,64,True,14.366228103637695,,ok_qwen_token_boundary,True,ok,42,42.0
exp_c,exp_c__gsm8k_test_000605__think,gsm8k_test_000605,think,canonical,,answer_segment,13,10,False,64,64,True,11.39854621887207,,ok_qwen_token_boundary,True,ok,42,42.0
exp_c,exp_c__gsm8k_test_000605__think,gsm8k_test_000605,think,canonical,,answer_segment,20,10,False,64,64,True,10.750114440917969,,ok_qwen_token_boundary,True,ok,42,42.0
exp_c,exp_c__gsm8k_test_000605__no_think,gsm8k_test_000605,no_think,canonical,,full_output,6,10,False,100,100,True,10.273531913757324,,ok,False,ok,42,13.5
exp_c,exp_c__gsm8k_test_000605__no_think,gsm8k_test_000605,no_think,canonical,,full_output,13,10,False,100,100,True,9.926782608032228,,ok,False,ok,42,13.5
exp_c,exp_c__gsm8k_test_000605__no_think,gsm8k_test_000605,no_think,canonical,,full_output,20,10,False,100,100,True,10.296123504638672,,ok,False,ok,42,13.5
exp_c,exp_c__gsm8k_test_000605__no_think,gsm8k_test_000605,no_think,canonical,,answer_segment,6,10,False,100,100,True,10.273531913757324,,ok,False,ok,42,13.5
exp_c,exp_c__gsm8k_test_000605__no_think,gsm8k_test_000605,no_think,canonical,,answer_segment,13,10,False,100,100,True,9.926782608032228,,ok,False,ok,42,13.5
exp_c,exp_c__gsm8k_test_000605__no_think,gsm8k_test_000605,no_think,canonical,,answer_segment,20,10,False,100,100,True,10.296123504638672,,ok,False,ok,42,13.5
exp_c,exp_c__gsm8k_test_000625__think,gsm8k_test_000625,think,canonical,,full_output,6,10,False,38,38,True,13.003129959106444,,ok,False,ok,160,200.0
exp_c,exp_c__gsm8k_test_000625__think,gsm8k_test_000625,think,canonical,,full_output,13,10,False,38,38,True,9.949088096618652,,ok,False,ok,160,200.0
exp_c,exp_c__gsm8k_test_000625__think,gsm8k_test_000625,think,canonical,,full_output,20,10,False,38,38,True,10.854480743408203,,ok,False,ok,160,200.0
exp_c,exp_c__gsm8k_test_000625__think,gsm8k_test_000625,think,canonical,,thinking_segment,6,10,False,3,0,False,,too_short,ok_qwen_token_boundary,False,ok,160,200.0
exp_c,exp_c__gsm8k_test_000625__think,gsm8k_test_000625,think,canonical,,thinking_segment,13,10,False,3,0,False,,too_short,ok_qwen_token_boundary,False,ok,160,200.0
exp_c,exp_c__gsm8k_test_000625__think,gsm8k_test_000625,think,canonical,,thinking_segment,20,10,False,3,0,False,,too_short,ok_qwen_token_boundary,False,ok,160,200.0
exp_c,exp_c__gsm8k_test_000625__think,gsm8k_test_000625,think,canonical,,answer_segment,6,10,False,35,35,True,15.30687427520752,,ok_qwen_token_boundary,False,ok,160,200.0
exp_c,exp_c__gsm8k_test_000625__think,gsm8k_test_000625,think,canonical,,answer_segment,13,10,False,35,35,True,10.00339698791504,,ok_qwen_token_boundary,False,ok,160,200.0
exp_c,exp_c__gsm8k_test_000625__think,gsm8k_test_000625,think,canonical,,answer_segment,20,10,False,35,35,True,10.821072578430176,,ok_qwen_token_boundary,False,ok,160,200.0
exp_c,exp_c__gsm8k_test_000625__no_think,gsm8k_test_000625,no_think,canonical,,full_output,6,10,False,90,90,True,8.360350608825684,,ok,False,ok,160,200.0
exp_c,exp_c__gsm8k_test_000625__no_think,gsm8k_test_000625,no_think,canonical,,full_output,13,10,False,90,90,True,9.303910255432127,,ok,False,ok,160,200.0
exp_c,exp_c__gsm8k_test_000625__no_think,gsm8k_test_000625,no_think,canonical,,full_output,20,10,False,90,90,True,9.15014362335205,,ok,False,ok,160,200.0
exp_c,exp_c__gsm8k_test_000625__no_think,gsm8k_test_000625,no_think,canonical,,answer_segment,6,10,False,90,90,True,8.360350608825684,,ok,False,ok,160,200.0
exp_c,exp_c__gsm8k_test_000625__no_think,gsm8k_test_000625,no_think,canonical,,answer_segment,13,10,False,90,90,True,9.303910255432127,,ok,False,ok,160,200.0
exp_c,exp_c__gsm8k_test_000625__no_think,gsm8k_test_000625,no_think,canonical,,answer_segment,20,10,False,90,90,True,9.15014362335205,,ok,False,ok,160,200.0
exp_c,exp_c__gsm8k_test_000629__think,gsm8k_test_000629,think,canonical,,full_output,6,10,False,203,203,True,7.683834075927734,,ok,False,ok,17500,250000.0
exp_c,exp_c__gsm8k_test_000629__think,gsm8k_test_000629,think,canonical,,full_output,13,10,False,203,203,True,9.096595764160156,,ok,False,ok,17500,250000.0
exp_c,exp_c__gsm8k_test_000629__think,gsm8k_test_000629,think,canonical,,full_output,20,10,False,203,203,True,9.39411735534668,,ok,False,ok,17500,250000.0
exp_c,exp_c__gsm8k_test_000629__think,gsm8k_test_000629,think,canonical,,thinking_segment,6,10,False,3,0,False,,too_short,ok_qwen_token_boundary,False,ok,17500,250000.0
exp_c,exp_c__gsm8k_test_000629__think,gsm8k_test_000629,think,canonical,,thinking_segment,13,10,False,3,0,False,,too_short,ok_qwen_token_boundary,False,ok,17500,250000.0
exp_c,exp_c__gsm8k_test_000629__think,gsm8k_test_000629,think,canonical,,thinking_segment,20,10,False,3,0,False,,too_short,ok_qwen_token_boundary,False,ok,17500,250000.0
exp_c,exp_c__gsm8k_test_000629__think,gsm8k_test_000629,think,canonical,,answer_segment,6,10,False,200,200,True,7.816524505615234,,ok_qwen_token_boundary,False,ok,17500,250000.0
exp_c,exp_c__gsm8k_test_000629__think,gsm8k_test_000629,think,canonical,,answer_segment,13,10,False,200,200,True,8.955211639404297,,ok_qwen_token_boundary,False,ok,17500,250000.0
exp_c,exp_c__gsm8k_test_000629__think,gsm8k_test_000629,think,canonical,,answer_segment,20,10,False,200,200,True,9.289677619934082,,ok_qwen_token_boundary,False,ok,17500,250000.0
exp_c,exp_c__gsm8k_test_000629__no_think,gsm8k_test_000629,no_think,canonical,,full_output,6,10,False,81,81,True,13.051010131835938,,ok,False,ok,17500,15000.0
exp_c,exp_c__gsm8k_test_000629__no_think,gsm8k_test_000629,no_think,canonical,,full_output,13,10,False,81,81,True,11.842263221740724,,ok,False,ok,17500,15000.0
exp_c,exp_c__gsm8k_test_000629__no_think,gsm8k_test_000629,no_think,canonical,,full_output,20,10,False,81,81,True,12.122435569763184,,ok,False,ok,17500,15000.0
exp_c,exp_c__gsm8k_test_000629__no_think,gsm8k_test_000629,no_think,canonical,,answer_segment,6,10,False,81,81,True,13.051010131835938,,ok,False,ok,17500,15000.0
exp_c,exp_c__gsm8k_test_000629__no_think,gsm8k_test_000629,no_think,canonical,,answer_segment,13,10,False,81,81,True,11.842263221740724,,ok,False,ok,17500,15000.0
exp_c,exp_c__gsm8k_test_000629__no_think,gsm8k_test_000629,no_think,canonical,,answer_segment,20,10,False,81,81,True,12.122435569763184,,ok,False,ok,17500,15000.0
exp_c,exp_c__gsm8k_test_000633__think,gsm8k_test_000633,think,canonical,,full_output,6,10,False,58,58,True,15.870160102844238,,ok,False,ok,5,1.5
exp_c,exp_c__gsm8k_test_000633__think,gsm8k_test_000633,think,canonical,,full_output,13,10,False,58,58,True,11.976131439208984,,ok,False,ok,5,1.5
exp_c,exp_c__gsm8k_test_000633__think,gsm8k_test_000633,think,canonical,,full_output,20,10,False,58,58,True,13.20331573486328,,ok,False,ok,5,1.5
exp_c,exp_c__gsm8k_test_000633__think,gsm8k_test_000633,think,canonical,,thinking_segment,6,10,False,3,0,False,,too_short,ok_qwen_token_boundary,False,ok,5,1.5
exp_c,exp_c__gsm8k_test_000633__think,gsm8k_test_000633,think,canonical,,thinking_segment,13,10,False,3,0,False,,too_short,ok_qwen_token_boundary,False,ok,5,1.5
exp_c,exp_c__gsm8k_test_000633__think,gsm8k_test_000633,think,canonical,,thinking_segment,20,10,False,3,0,False,,too_short,ok_qwen_token_boundary,False,ok,5,1.5
exp_c,exp_c__gsm8k_test_000633__think,gsm8k_test_000633,think,canonical,,answer_segment,6,10,False,55,55,True,16.939701080322266,,ok_qwen_token_boundary,False,ok,5,1.5
exp_c,exp_c__gsm8k_test_000633__think,gsm8k_test_000633,think,canonical,,answer_segment,13,10,False,55,55,True,11.769960403442385,,ok_qwen_token_boundary,False,ok,5,1.5
exp_c,exp_c__gsm8k_test_000633__think,gsm8k_test_000633,think,canonical,,answer_segment,20,10,False,55,55,True,13.473244667053224,,ok_qwen_token_boundary,False,ok,5,1.5
exp_c,exp_c__gsm8k_test_000633__no_think,gsm8k_test_000633,no_think,canonical,,full_output,6,10,False,54,54,True,16.5185604095459,,ok,False,ok,5,1.5
exp_c,exp_c__gsm8k_test_000633__no_think,gsm8k_test_000633,no_think,canonical,,full_output,13,10,False,54,54,True,11.58299732208252,,ok,False,ok,5,1.5
exp_c,exp_c__gsm8k_test_000633__no_think,gsm8k_test_000633,no_think,canonical,,full_output,20,10,False,54,54,True,13.349350929260254,,ok,False,ok,5,1.5
exp_c,exp_c__gsm8k_test_000633__no_think,gsm8k_test_000633,no_think,canonical,,answer_segment,6,10,False,54,54,True,16.5185604095459,,ok,False,ok,5,1.5
exp_c,exp_c__gsm8k_test_000633__no_think,gsm8k_test_000633,no_think,canonical,,answer_segment,13,10,False,54,54,True,11.58299732208252,,ok,False,ok,5,1.5
exp_c,exp_c__gsm8k_test_000633__no_think,gsm8k_test_000633,no_think,canonical,,answer_segment,20,10,False,54,54,True,13.349350929260254,,ok,False,ok,5,1.5
exp_c,exp_c__gsm8k_test_000640__think,gsm8k_test_000640,think,canonical,,full_output,6,10,False,579,579,True,8.990609169006348,,ok,True,ok,43500,43500.0
exp_c,exp_c__gsm8k_test_000640__think,gsm8k_test_000640,think,canonical,,full_output,13,10,False,579,579,True,9.060693740844728,,ok,True,ok,43500,43500.0
exp_c,exp_c__gsm8k_test_000640__think,gsm8k_test_000640,think,canonical,,full_output,20,10,False,579,579,True,9.423288345336914,,ok,True,ok,43500,43500.0
exp_c,exp_c__gsm8k_test_000640__think,gsm8k_test_000640,think,canonical,,thinking_segment,6,10,False,514,514,True,8.942577362060547,,ok_qwen_token_boundary,True,ok,43500,43500.0
exp_c,exp_c__gsm8k_test_000640__think,gsm8k_test_000640,think,canonical,,thinking_segment,13,10,False,514,514,True,9.310473442077637,,ok_qwen_token_boundary,True,ok,43500,43500.0
exp_c,exp_c__gsm8k_test_000640__think,gsm8k_test_000640,think,canonical,,thinking_segment,20,10,False,514,514,True,9.479300498962402,,ok_qwen_token_boundary,True,ok,43500,43500.0
exp_c,exp_c__gsm8k_test_000640__think,gsm8k_test_000640,think,canonical,,answer_segment,6,10,False,65,65,True,12.263023376464844,,ok_qwen_token_boundary,True,ok,43500,43500.0
exp_c,exp_c__gsm8k_test_000640__think,gsm8k_test_000640,think,canonical,,answer_segment,13,10,False,65,65,True,8.985330581665039,,ok_qwen_token_boundary,True,ok,43500,43500.0
exp_c,exp_c__gsm8k_test_000640__think,gsm8k_test_000640,think,canonical,,answer_segment,20,10,False,65,65,True,9.399908065795898,,ok_qwen_token_boundary,True,ok,43500,43500.0
exp_c,exp_c__gsm8k_test_000640__no_think,gsm8k_test_000640,no_think,canonical,,full_output,6,10,False,75,75,True,12.454649925231934,,ok,False,ok,43500,55000.0
exp_c,exp_c__gsm8k_test_000640__no_think,gsm8k_test_000640,no_think,canonical,,full_output,13,10,False,75,75,True,9.727648735046388,,ok,False,ok,43500,55000.0
exp_c,exp_c__gsm8k_test_000640__no_think,gsm8k_test_000640,no_think,canonical,,full_output,20,10,False,75,75,True,9.67654514312744,,ok,False,ok,43500,55000.0
exp_c,exp_c__gsm8k_test_000640__no_think,gsm8k_test_000640,no_think,canonical,,answer_segment,6,10,False,75,75,True,12.454649925231934,,ok,False,ok,43500,55000.0
exp_c,exp_c__gsm8k_test_000640__no_think,gsm8k_test_000640,no_think,canonical,,answer_segment,13,10,False,75,75,True,9.727648735046388,,ok,False,ok,43500,55000.0
exp_c,exp_c__gsm8k_test_000640__no_think,gsm8k_test_000640,no_think,canonical,,answer_segment,20,10,False,75,75,True,9.67654514312744,,ok,False,ok,43500,55000.0
exp_c,exp_c__gsm8k_test_000641__think,gsm8k_test_000641,think,canonical,,full_output,6,10,False,57,57,True,12.675843238830566,,ok,False,ok,262500,27000.0
exp_c,exp_c__gsm8k_test_000641__think,gsm8k_test_000641,think,canonical,,full_output,13,10,False,57,57,True,10.505341529846191,,ok,False,ok,262500,27000.0
exp_c,exp_c__gsm8k_test_000641__think,gsm8k_test_000641,think,canonical,,full_output,20,10,False,57,57,True,11.415689468383787,,ok,False,ok,262500,27000.0
exp_c,exp_c__gsm8k_test_000641__think,gsm8k_test_000641,think,canonical,,thinking_segment,6,10,False,3,0,False,,too_short,ok_qwen_token_boundary,False,ok,262500,27000.0
exp_c,exp_c__gsm8k_test_000641__think,gsm8k_test_000641,think,canonical,,thinking_segment,13,10,False,3,0,False,,too_short,ok_qwen_token_boundary,False,ok,262500,27000.0
exp_c,exp_c__gsm8k_test_000641__think,gsm8k_test_000641,think,canonical,,thinking_segment,20,10,False,3,0,False,,too_short,ok_qwen_token_boundary,False,ok,262500,27000.0
exp_c,exp_c__gsm8k_test_000641__think,gsm8k_test_000641,think,canonical,,answer_segment,6,10,False,54,54,True,14.117138862609863,,ok_qwen_token_boundary,False,ok,262500,27000.0
exp_c,exp_c__gsm8k_test_000641__think,gsm8k_test_000641,think,canonical,,answer_segment,13,10,False,54,54,True,10.506060600280762,,ok_qwen_token_boundary,False,ok,262500,27000.0
exp_c,exp_c__gsm8k_test_000641__think,gsm8k_test_000641,think,canonical,,answer_segment,20,10,False,54,54,True,11.396924018859863,,ok_qwen_token_boundary,False,ok,262500,27000.0
exp_c,exp_c__gsm8k_test_000641__no_think,gsm8k_test_000641,no_think,canonical,,full_output,6,10,False,56,56,True,14.123779296875,,ok,False,ok,262500,31000.0
exp_c,exp_c__gsm8k_test_000641__no_think,gsm8k_test_000641,no_think,canonical,,full_output,13,10,False,56,56,True,10.528104782104492,,ok,False,ok,262500,31000.0
exp_c,exp_c__gsm8k_test_000641__no_think,gsm8k_test_000641,no_think,canonical,,full_output,20,10,False,56,56,True,10.492987632751465,,ok,False,ok,262500,31000.0
exp_c,exp_c__gsm8k_test_000641__no_think,gsm8k_test_000641,no_think,canonical,,answer_segment,6,10,False,56,56,True,14.123779296875,,ok,False,ok,262500,31000.0
exp_c,exp_c__gsm8k_test_000641__no_think,gsm8k_test_000641,no_think,canonical,,answer_segment,13,10,False,56,56,True,10.528104782104492,,ok,False,ok,262500,31000.0
exp_c,exp_c__gsm8k_test_000641__no_think,gsm8k_test_000641,no_think,canonical,,answer_segment,20,10,False,56,56,True,10.492987632751465,,ok,False,ok,262500,31000.0
exp_c,exp_c__gsm8k_test_000644__think,gsm8k_test_000644,think,canonical,,full_output,6,10,False,48,48,True,13.522940635681152,,ok,False,ok,29,64.0
exp_c,exp_c__gsm8k_test_000644__think,gsm8k_test_000644,think,canonical,,full_output,13,10,False,48,48,True,12.76006031036377,,ok,False,ok,29,64.0
exp_c,exp_c__gsm8k_test_000644__think,gsm8k_test_000644,think,canonical,,full_output,20,10,False,48,48,True,12.684992790222168,,ok,False,ok,29,64.0
exp_c,exp_c__gsm8k_test_000644__think,gsm8k_test_000644,think,canonical,,thinking_segment,6,10,False,3,0,False,,too_short,ok_qwen_token_boundary,False,ok,29,64.0
exp_c,exp_c__gsm8k_test_000644__think,gsm8k_test_000644,think,canonical,,thinking_segment,13,10,False,3,0,False,,too_short,ok_qwen_token_boundary,False,ok,29,64.0
exp_c,exp_c__gsm8k_test_000644__think,gsm8k_test_000644,think,canonical,,thinking_segment,20,10,False,3,0,False,,too_short,ok_qwen_token_boundary,False,ok,29,64.0
exp_c,exp_c__gsm8k_test_000644__think,gsm8k_test_000644,think,canonical,,answer_segment,6,10,False,45,45,True,15.73414134979248,,ok_qwen_token_boundary,False,ok,29,64.0
exp_c,exp_c__gsm8k_test_000644__think,gsm8k_test_000644,think,canonical,,answer_segment,13,10,False,45,45,True,12.620146751403809,,ok_qwen_token_boundary,False,ok,29,64.0
exp_c,exp_c__gsm8k_test_000644__think,gsm8k_test_000644,think,canonical,,answer_segment,20,10,False,45,45,True,12.802350997924805,,ok_qwen_token_boundary,False,ok,29,64.0
exp_c,exp_c__gsm8k_test_000644__no_think,gsm8k_test_000644,no_think,canonical,,full_output,6,10,False,34,34,True,15.153404235839844,,ok,False,ok,29,64.0
exp_c,exp_c__gsm8k_test_000644__no_think,gsm8k_test_000644,no_think,canonical,,full_output,13,10,False,34,34,True,12.04720973968506,,ok,False,ok,29,64.0
exp_c,exp_c__gsm8k_test_000644__no_think,gsm8k_test_000644,no_think,canonical,,full_output,20,10,False,34,34,True,11.110422134399414,,ok,False,ok,29,64.0
exp_c,exp_c__gsm8k_test_000644__no_think,gsm8k_test_000644,no_think,canonical,,answer_segment,6,10,False,34,34,True,15.153404235839844,,ok,False,ok,29,64.0
exp_c,exp_c__gsm8k_test_000644__no_think,gsm8k_test_000644,no_think,canonical,,answer_segment,13,10,False,34,34,True,12.04720973968506,,ok,False,ok,29,64.0
exp_c,exp_c__gsm8k_test_000644__no_think,gsm8k_test_000644,no_think,canonical,,answer_segment,20,10,False,34,34,True,11.110422134399414,,ok,False,ok,29,64.0
exp_c,exp_c__gsm8k_test_000645__think,gsm8k_test_000645,think,canonical,,full_output,6,10,False,39,39,True,13.515997886657717,,ok,True,ok,48,48.0
exp_c,exp_c__gsm8k_test_000645__think,gsm8k_test_000645,think,canonical,,full_output,13,10,False,39,39,True,10.080724716186523,,ok,True,ok,48,48.0
exp_c,exp_c__gsm8k_test_000645__think,gsm8k_test_000645,think,canonical,,full_output,20,10,False,39,39,True,11.576748847961426,,ok,True,ok,48,48.0
exp_c,exp_c__gsm8k_test_000645__think,gsm8k_test_000645,think,canonical,,thinking_segment,6,10,False,3,0,False,,too_short,ok_qwen_token_boundary,True,ok,48,48.0
exp_c,exp_c__gsm8k_test_000645__think,gsm8k_test_000645,think,canonical,,thinking_segment,13,10,False,3,0,False,,too_short,ok_qwen_token_boundary,True,ok,48,48.0
exp_c,exp_c__gsm8k_test_000645__think,gsm8k_test_000645,think,canonical,,thinking_segment,20,10,False,3,0,False,,too_short,ok_qwen_token_boundary,True,ok,48,48.0
exp_c,exp_c__gsm8k_test_000645__think,gsm8k_test_000645,think,canonical,,answer_segment,6,10,False,36,36,True,15.665169715881348,,ok_qwen_token_boundary,True,ok,48,48.0
exp_c,exp_c__gsm8k_test_000645__think,gsm8k_test_000645,think,canonical,,answer_segment,13,10,False,36,36,True,10.269309043884276,,ok_qwen_token_boundary,True,ok,48,48.0
exp_c,exp_c__gsm8k_test_000645__think,gsm8k_test_000645,think,canonical,,answer_segment,20,10,False,36,36,True,12.073956489562988,,ok_qwen_token_boundary,True,ok,48,48.0
exp_c,exp_c__gsm8k_test_000645__no_think,gsm8k_test_000645,no_think,canonical,,full_output,6,10,False,35,35,True,17.004592895507812,,ok,True,ok,48,48.0
exp_c,exp_c__gsm8k_test_000645__no_think,gsm8k_test_000645,no_think,canonical,,full_output,13,10,False,35,35,True,10.32171630859375,,ok,True,ok,48,48.0
exp_c,exp_c__gsm8k_test_000645__no_think,gsm8k_test_000645,no_think,canonical,,full_output,20,10,False,35,35,True,10.828580856323242,,ok,True,ok,48,48.0
exp_c,exp_c__gsm8k_test_000645__no_think,gsm8k_test_000645,no_think,canonical,,answer_segment,6,10,False,35,35,True,17.004592895507812,,ok,True,ok,48,48.0
exp_c,exp_c__gsm8k_test_000645__no_think,gsm8k_test_000645,no_think,canonical,,answer_segment,13,10,False,35,35,True,10.32171630859375,,ok,True,ok,48,48.0
exp_c,exp_c__gsm8k_test_000645__no_think,gsm8k_test_000645,no_think,canonical,,answer_segment,20,10,False,35,35,True,10.828580856323242,,ok,True,ok,48,48.0
exp_c,exp_c__gsm8k_test_000655__think,gsm8k_test_000655,think,canonical,,full_output,6,10,False,55,55,True,14.746053695678713,,ok,True,ok,10,10.0
exp_c,exp_c__gsm8k_test_000655__think,gsm8k_test_000655,think,canonical,,full_output,13,10,False,55,55,True,11.789673805236816,,ok,True,ok,10,10.0
exp_c,exp_c__gsm8k_test_000655__think,gsm8k_test_000655,think,canonical,,full_output,20,10,False,55,55,True,10.982284545898438,,ok,True,ok,10,10.0
exp_c,exp_c__gsm8k_test_000655__think,gsm8k_test_000655,think,canonical,,thinking_segment,6,10,False,3,0,False,,too_short,ok_qwen_token_boundary,True,ok,10,10.0
exp_c,exp_c__gsm8k_test_000655__think,gsm8k_test_000655,think,canonical,,thinking_segment,13,10,False,3,0,False,,too_short,ok_qwen_token_boundary,True,ok,10,10.0
exp_c,exp_c__gsm8k_test_000655__think,gsm8k_test_000655,think,canonical,,thinking_segment,20,10,False,3,0,False,,too_short,ok_qwen_token_boundary,True,ok,10,10.0
exp_c,exp_c__gsm8k_test_000655__think,gsm8k_test_000655,think,canonical,,answer_segment,6,10,False,52,52,True,16.425947189331055,,ok_qwen_token_boundary,True,ok,10,10.0
exp_c,exp_c__gsm8k_test_000655__think,gsm8k_test_000655,think,canonical,,answer_segment,13,10,False,52,52,True,11.963231086730955,,ok_qwen_token_boundary,True,ok,10,10.0
exp_c,exp_c__gsm8k_test_000655__think,gsm8k_test_000655,think,canonical,,answer_segment,20,10,False,52,52,True,11.07352352142334,,ok_qwen_token_boundary,True,ok,10,10.0
exp_c,exp_c__gsm8k_test_000655__no_think,gsm8k_test_000655,no_think,canonical,,full_output,6,10,False,51,51,True,13.878156661987305,,ok,True,ok,10,10.0
exp_c,exp_c__gsm8k_test_000655__no_think,gsm8k_test_000655,no_think,canonical,,full_output,13,10,False,51,51,True,11.44039535522461,,ok,True,ok,10,10.0
exp_c,exp_c__gsm8k_test_000655__no_think,gsm8k_test_000655,no_think,canonical,,full_output,20,10,False,51,51,True,11.660409927368164,,ok,True,ok,10,10.0
exp_c,exp_c__gsm8k_test_000655__no_think,gsm8k_test_000655,no_think,canonical,,answer_segment,6,10,False,51,51,True,13.878156661987305,,ok,True,ok,10,10.0
exp_c,exp_c__gsm8k_test_000655__no_think,gsm8k_test_000655,no_think,canonical,,answer_segment,13,10,False,51,51,True,11.44039535522461,,ok,True,ok,10,10.0
exp_c,exp_c__gsm8k_test_000655__no_think,gsm8k_test_000655,no_think,canonical,,answer_segment,20,10,False,51,51,True,11.660409927368164,,ok,True,ok,10,10.0
exp_c,exp_c__gsm8k_test_000668__think,gsm8k_test_000668,think,canonical,,full_output,6,10,False,281,281,True,9.303061485290527,,ok,True,ok,3,3.0
exp_c,exp_c__gsm8k_test_000668__think,gsm8k_test_000668,think,canonical,,full_output,13,10,False,281,281,True,9.68908977508545,,ok,True,ok,3,3.0
exp_c,exp_c__gsm8k_test_000668__think,gsm8k_test_000668,think,canonical,,full_output,20,10,False,281,281,True,9.10572338104248,,ok,True,ok,3,3.0
exp_c,exp_c__gsm8k_test_000668__think,gsm8k_test_000668,think,canonical,,thinking_segment,6,10,False,242,242,True,9.158653259277344,,ok_qwen_token_boundary,True,ok,3,3.0
exp_c,exp_c__gsm8k_test_000668__think,gsm8k_test_000668,think,canonical,,thinking_segment,13,10,False,242,242,True,9.819620132446287,,ok_qwen_token_boundary,True,ok,3,3.0
exp_c,exp_c__gsm8k_test_000668__think,gsm8k_test_000668,think,canonical,,thinking_segment,20,10,False,242,242,True,8.9143648147583,,ok_qwen_token_boundary,True,ok,3,3.0
exp_c,exp_c__gsm8k_test_000668__think,gsm8k_test_000668,think,canonical,,answer_segment,6,10,False,39,39,True,13.821562767028809,,ok_qwen_token_boundary,True,ok,3,3.0
exp_c,exp_c__gsm8k_test_000668__think,gsm8k_test_000668,think,canonical,,answer_segment,13,10,False,39,39,True,12.314009666442873,,ok_qwen_token_boundary,True,ok,3,3.0
exp_c,exp_c__gsm8k_test_000668__think,gsm8k_test_000668,think,canonical,,answer_segment,20,10,False,39,39,True,12.02946949005127,,ok_qwen_token_boundary,True,ok,3,3.0
exp_c,exp_c__gsm8k_test_000668__no_think,gsm8k_test_000668,no_think,canonical,,full_output,6,10,False,45,45,True,13.51793384552002,,ok,True,ok,3,3.0
exp_c,exp_c__gsm8k_test_000668__no_think,gsm8k_test_000668,no_think,canonical,,full_output,13,10,False,45,45,True,9.842044830322266,,ok,True,ok,3,3.0
exp_c,exp_c__gsm8k_test_000668__no_think,gsm8k_test_000668,no_think,canonical,,full_output,20,10,False,45,45,True,10.395475387573242,,ok,True,ok,3,3.0
exp_c,exp_c__gsm8k_test_000668__no_think,gsm8k_test_000668,no_think,canonical,,answer_segment,6,10,False,45,45,True,13.51793384552002,,ok,True,ok,3,3.0
exp_c,exp_c__gsm8k_test_000668__no_think,gsm8k_test_000668,no_think,canonical,,answer_segment,13,10,False,45,45,True,9.842044830322266,,ok,True,ok,3,3.0
exp_c,exp_c__gsm8k_test_000668__no_think,gsm8k_test_000668,no_think,canonical,,answer_segment,20,10,False,45,45,True,10.395475387573242,,ok,True,ok,3,3.0
exp_c,exp_c__gsm8k_test_000684__think,gsm8k_test_000684,think,canonical,,full_output,6,10,False,504,504,True,10.332283973693848,,ok,True,ok,11,11.0
exp_c,exp_c__gsm8k_test_000684__think,gsm8k_test_000684,think,canonical,,full_output,13,10,False,504,504,True,8.667555809020996,,ok,True,ok,11,11.0
exp_c,exp_c__gsm8k_test_000684__think,gsm8k_test_000684,think,canonical,,full_output,20,10,False,504,504,True,7.882887840270996,,ok,True,ok,11,11.0
exp_c,exp_c__gsm8k_test_000684__think,gsm8k_test_000684,think,canonical,,thinking_segment,6,10,False,457,457,True,11.048873901367188,,ok_qwen_token_boundary,True,ok,11,11.0
exp_c,exp_c__gsm8k_test_000684__think,gsm8k_test_000684,think,canonical,,thinking_segment,13,10,False,457,457,True,9.107272148132324,,ok_qwen_token_boundary,True,ok,11,11.0
exp_c,exp_c__gsm8k_test_000684__think,gsm8k_test_000684,think,canonical,,thinking_segment,20,10,False,457,457,True,7.932372570037842,,ok_qwen_token_boundary,True,ok,11,11.0
exp_c,exp_c__gsm8k_test_000684__think,gsm8k_test_000684,think,canonical,,answer_segment,6,10,False,47,47,True,17.716609954833984,,ok_qwen_token_boundary,True,ok,11,11.0
exp_c,exp_c__gsm8k_test_000684__think,gsm8k_test_000684,think,canonical,,answer_segment,13,10,False,47,47,True,11.257497787475586,,ok_qwen_token_boundary,True,ok,11,11.0
exp_c,exp_c__gsm8k_test_000684__think,gsm8k_test_000684,think,canonical,,answer_segment,20,10,False,47,47,True,10.965314865112305,,ok_qwen_token_boundary,True,ok,11,11.0
exp_c,exp_c__gsm8k_test_000684__no_think,gsm8k_test_000684,no_think,canonical,,full_output,6,10,False,44,44,True,15.472570419311523,,ok,False,ok,11,1.0
exp_c,exp_c__gsm8k_test_000684__no_think,gsm8k_test_000684,no_think,canonical,,full_output,13,10,False,44,44,True,10.87533950805664,,ok,False,ok,11,1.0
exp_c,exp_c__gsm8k_test_000684__no_think,gsm8k_test_000684,no_think,canonical,,full_output,20,10,False,44,44,True,11.777490615844728,,ok,False,ok,11,1.0
exp_c,exp_c__gsm8k_test_000684__no_think,gsm8k_test_000684,no_think,canonical,,answer_segment,6,10,False,44,44,True,15.472570419311523,,ok,False,ok,11,1.0
exp_c,exp_c__gsm8k_test_000684__no_think,gsm8k_test_000684,no_think,canonical,,answer_segment,13,10,False,44,44,True,10.87533950805664,,ok,False,ok,11,1.0
exp_c,exp_c__gsm8k_test_000684__no_think,gsm8k_test_000684,no_think,canonical,,answer_segment,20,10,False,44,44,True,11.777490615844728,,ok,False,ok,11,1.0
exp_c,exp_c__gsm8k_test_000695__think,gsm8k_test_000695,think,canonical,,full_output,6,10,False,41,41,True,12.85243797302246,,ok,False,ok,5,10.0
exp_c,exp_c__gsm8k_test_000695__think,gsm8k_test_000695,think,canonical,,full_output,13,10,False,41,41,True,10.258382797241213,,ok,False,ok,5,10.0
exp_c,exp_c__gsm8k_test_000695__think,gsm8k_test_000695,think,canonical,,full_output,20,10,False,41,41,True,11.221156120300291,,ok,False,ok,5,10.0
exp_c,exp_c__gsm8k_test_000695__think,gsm8k_test_000695,think,canonical,,thinking_segment,6,10,False,3,0,False,,too_short,ok_qwen_token_boundary,False,ok,5,10.0
exp_c,exp_c__gsm8k_test_000695__think,gsm8k_test_000695,think,canonical,,thinking_segment,13,10,False,3,0,False,,too_short,ok_qwen_token_boundary,False,ok,5,10.0
exp_c,exp_c__gsm8k_test_000695__think,gsm8k_test_000695,think,canonical,,thinking_segment,20,10,False,3,0,False,,too_short,ok_qwen_token_boundary,False,ok,5,10.0
exp_c,exp_c__gsm8k_test_000695__think,gsm8k_test_000695,think,canonical,,answer_segment,6,10,False,38,38,True,15.12058162689209,,ok_qwen_token_boundary,False,ok,5,10.0
exp_c,exp_c__gsm8k_test_000695__think,gsm8k_test_000695,think,canonical,,answer_segment,13,10,False,38,38,True,10.297533988952637,,ok_qwen_token_boundary,False,ok,5,10.0
exp_c,exp_c__gsm8k_test_000695__think,gsm8k_test_000695,think,canonical,,answer_segment,20,10,False,38,38,True,11.324825286865234,,ok_qwen_token_boundary,False,ok,5,10.0
exp_c,exp_c__gsm8k_test_000695__no_think,gsm8k_test_000695,no_think,canonical,,full_output,6,10,False,37,37,True,14.90150547027588,,ok,False,ok,5,10.0
exp_c,exp_c__gsm8k_test_000695__no_think,gsm8k_test_000695,no_think,canonical,,full_output,13,10,False,37,37,True,9.960890769958496,,ok,False,ok,5,10.0
exp_c,exp_c__gsm8k_test_000695__no_think,gsm8k_test_000695,no_think,canonical,,full_output,20,10,False,37,37,True,10.850616455078123,,ok,False,ok,5,10.0
exp_c,exp_c__gsm8k_test_000695__no_think,gsm8k_test_000695,no_think,canonical,,answer_segment,6,10,False,37,37,True,14.90150547027588,,ok,False,ok,5,10.0
exp_c,exp_c__gsm8k_test_000695__no_think,gsm8k_test_000695,no_think,canonical,,answer_segment,13,10,False,37,37,True,9.960890769958496,,ok,False,ok,5,10.0
exp_c,exp_c__gsm8k_test_000695__no_think,gsm8k_test_000695,no_think,canonical,,answer_segment,20,10,False,37,37,True,10.850616455078123,,ok,False,ok,5,10.0
exp_c,exp_c__gsm8k_test_000697__think,gsm8k_test_000697,think,canonical,,full_output,6,10,False,541,541,True,8.671161651611328,,ok,True,ok,27,27.0
exp_c,exp_c__gsm8k_test_000697__think,gsm8k_test_000697,think,canonical,,full_output,13,10,False,541,541,True,8.77014446258545,,ok,True,ok,27,27.0
exp_c,exp_c__gsm8k_test_000697__think,gsm8k_test_000697,think,canonical,,full_output,20,10,False,541,541,True,7.909801483154297,,ok,True,ok,27,27.0
exp_c,exp_c__gsm8k_test_000697__think,gsm8k_test_000697,think,canonical,,thinking_segment,6,10,False,503,503,True,8.615731239318848,,ok_qwen_token_boundary,True,ok,27,27.0
exp_c,exp_c__gsm8k_test_000697__think,gsm8k_test_000697,think,canonical,,thinking_segment,13,10,False,503,503,True,8.845399856567383,,ok_qwen_token_boundary,True,ok,27,27.0
exp_c,exp_c__gsm8k_test_000697__think,gsm8k_test_000697,think,canonical,,thinking_segment,20,10,False,503,503,True,7.719867706298828,,ok_qwen_token_boundary,True,ok,27,27.0
exp_c,exp_c__gsm8k_test_000697__think,gsm8k_test_000697,think,canonical,,answer_segment,6,10,False,38,38,True,12.3167142868042,,ok_qwen_token_boundary,True,ok,27,27.0
exp_c,exp_c__gsm8k_test_000697__think,gsm8k_test_000697,think,canonical,,answer_segment,13,10,False,38,38,True,10.484392166137695,,ok_qwen_token_boundary,True,ok,27,27.0
exp_c,exp_c__gsm8k_test_000697__think,gsm8k_test_000697,think,canonical,,answer_segment,20,10,False,38,38,True,10.266812324523926,,ok_qwen_token_boundary,True,ok,27,27.0
exp_c,exp_c__gsm8k_test_000697__no_think,gsm8k_test_000697,no_think,canonical,,full_output,6,10,False,45,45,True,13.537277221679688,,ok,False,ok,27,81.0
exp_c,exp_c__gsm8k_test_000697__no_think,gsm8k_test_000697,no_think,canonical,,full_output,13,10,False,45,45,True,11.207197189331056,,ok,False,ok,27,81.0
exp_c,exp_c__gsm8k_test_000697__no_think,gsm8k_test_000697,no_think,canonical,,full_output,20,10,False,45,45,True,11.399023056030272,,ok,False,ok,27,81.0
exp_c,exp_c__gsm8k_test_000697__no_think,gsm8k_test_000697,no_think,canonical,,answer_segment,6,10,False,45,45,True,13.537277221679688,,ok,False,ok,27,81.0
exp_c,exp_c__gsm8k_test_000697__no_think,gsm8k_test_000697,no_think,canonical,,answer_segment,13,10,False,45,45,True,11.207197189331056,,ok,False,ok,27,81.0
exp_c,exp_c__gsm8k_test_000697__no_think,gsm8k_test_000697,no_think,canonical,,answer_segment,20,10,False,45,45,True,11.399023056030272,,ok,False,ok,27,81.0
exp_c,exp_c__gsm8k_test_000713__think,gsm8k_test_000713,think,canonical,,full_output,6,10,False,355,355,True,11.58515453338623,,ok,True,ok,576,576.0
exp_c,exp_c__gsm8k_test_000713__think,gsm8k_test_000713,think,canonical,,full_output,13,10,False,355,355,True,10.034205436706545,,ok,True,ok,576,576.0
exp_c,exp_c__gsm8k_test_000713__think,gsm8k_test_000713,think,canonical,,full_output,20,10,False,355,355,True,9.69608211517334,,ok,True,ok,576,576.0
exp_c,exp_c__gsm8k_test_000713__think,gsm8k_test_000713,think,canonical,,thinking_segment,6,10,False,301,301,True,11.756449699401855,,ok_qwen_token_boundary,True,ok,576,576.0
exp_c,exp_c__gsm8k_test_000713__think,gsm8k_test_000713,think,canonical,,thinking_segment,13,10,False,301,301,True,10.400728225708008,,ok_qwen_token_boundary,True,ok,576,576.0
exp_c,exp_c__gsm8k_test_000713__think,gsm8k_test_000713,think,canonical,,thinking_segment,20,10,False,301,301,True,10.143714904785156,,ok_qwen_token_boundary,True,ok,576,576.0
exp_c,exp_c__gsm8k_test_000713__think,gsm8k_test_000713,think,canonical,,answer_segment,6,10,False,54,54,True,14.762359619140623,,ok_qwen_token_boundary,True,ok,576,576.0
exp_c,exp_c__gsm8k_test_000713__think,gsm8k_test_000713,think,canonical,,answer_segment,13,10,False,54,54,True,11.058289527893066,,ok_qwen_token_boundary,True,ok,576,576.0
exp_c,exp_c__gsm8k_test_000713__think,gsm8k_test_000713,think,canonical,,answer_segment,20,10,False,54,54,True,12.559577941894531,,ok_qwen_token_boundary,True,ok,576,576.0
exp_c,exp_c__gsm8k_test_000713__no_think,gsm8k_test_000713,no_think,canonical,,full_output,6,10,False,51,51,True,16.194780349731445,,ok,False,ok,576,144.0
exp_c,exp_c__gsm8k_test_000713__no_think,gsm8k_test_000713,no_think,canonical,,full_output,13,10,False,51,51,True,11.513288497924805,,ok,False,ok,576,144.0
exp_c,exp_c__gsm8k_test_000713__no_think,gsm8k_test_000713,no_think,canonical,,full_output,20,10,False,51,51,True,12.058463096618652,,ok,False,ok,576,144.0
exp_c,exp_c__gsm8k_test_000713__no_think,gsm8k_test_000713,no_think,canonical,,answer_segment,6,10,False,51,51,True,16.194780349731445,,ok,False,ok,576,144.0
exp_c,exp_c__gsm8k_test_000713__no_think,gsm8k_test_000713,no_think,canonical,,answer_segment,13,10,False,51,51,True,11.513288497924805,,ok,False,ok,576,144.0
exp_c,exp_c__gsm8k_test_000713__no_think,gsm8k_test_000713,no_think,canonical,,answer_segment,20,10,False,51,51,True,12.058463096618652,,ok,False,ok,576,144.0
exp_c,exp_c__gsm8k_test_000740__think,gsm8k_test_000740,think,canonical,,full_output,6,10,False,71,71,True,11.438203811645508,,ok,False,ok,25,15.0
exp_c,exp_c__gsm8k_test_000740__think,gsm8k_test_000740,think,canonical,,full_output,13,10,False,71,71,True,10.551169395446776,,ok,False,ok,25,15.0
exp_c,exp_c__gsm8k_test_000740__think,gsm8k_test_000740,think,canonical,,full_output,20,10,False,71,71,True,11.986814498901367,,ok,False,ok,25,15.0
exp_c,exp_c__gsm8k_test_000740__think,gsm8k_test_000740,think,canonical,,thinking_segment,6,10,False,3,0,False,,too_short,ok_qwen_token_boundary,False,ok,25,15.0
exp_c,exp_c__gsm8k_test_000740__think,gsm8k_test_000740,think,canonical,,thinking_segment,13,10,False,3,0,False,,too_short,ok_qwen_token_boundary,False,ok,25,15.0
exp_c,exp_c__gsm8k_test_000740__think,gsm8k_test_000740,think,canonical,,thinking_segment,20,10,False,3,0,False,,too_short,ok_qwen_token_boundary,False,ok,25,15.0
exp_c,exp_c__gsm8k_test_000740__think,gsm8k_test_000740,think,canonical,,answer_segment,6,10,False,68,68,True,13.064555168151855,,ok_qwen_token_boundary,False,ok,25,15.0
exp_c,exp_c__gsm8k_test_000740__think,gsm8k_test_000740,think,canonical,,answer_segment,13,10,False,68,68,True,10.515172004699709,,ok_qwen_token_boundary,False,ok,25,15.0
exp_c,exp_c__gsm8k_test_000740__think,gsm8k_test_000740,think,canonical,,answer_segment,20,10,False,68,68,True,11.862738609313965,,ok_qwen_token_boundary,False,ok,25,15.0
exp_c,exp_c__gsm8k_test_000740__no_think,gsm8k_test_000740,no_think,canonical,,full_output,6,10,False,69,69,True,12.056239128112791,,ok,True,ok,25,25.0
exp_c,exp_c__gsm8k_test_000740__no_think,gsm8k_test_000740,no_think,canonical,,full_output,13,10,False,69,69,True,10.217422485351562,,ok,True,ok,25,25.0
exp_c,exp_c__gsm8k_test_000740__no_think,gsm8k_test_000740,no_think,canonical,,full_output,20,10,False,69,69,True,11.358200073242188,,ok,True,ok,25,25.0
exp_c,exp_c__gsm8k_test_000740__no_think,gsm8k_test_000740,no_think,canonical,,answer_segment,6,10,False,69,69,True,12.056239128112791,,ok,True,ok,25,25.0
exp_c,exp_c__gsm8k_test_000740__no_think,gsm8k_test_000740,no_think,canonical,,answer_segment,13,10,False,69,69,True,10.217422485351562,,ok,True,ok,25,25.0
exp_c,exp_c__gsm8k_test_000740__no_think,gsm8k_test_000740,no_think,canonical,,answer_segment,20,10,False,69,69,True,11.358200073242188,,ok,True,ok,25,25.0
exp_c,exp_c__gsm8k_test_000759__think,gsm8k_test_000759,think,canonical,,full_output,6,10,False,44,44,True,12.311596870422363,,ok,False,ok,60000,6000.0
exp_c,exp_c__gsm8k_test_000759__think,gsm8k_test_000759,think,canonical,,full_output,13,10,False,44,44,True,10.517552375793455,,ok,False,ok,60000,6000.0
exp_c,exp_c__gsm8k_test_000759__think,gsm8k_test_000759,think,canonical,,full_output,20,10,False,44,44,True,10.763457298278809,,ok,False,ok,60000,6000.0
exp_c,exp_c__gsm8k_test_000759__think,gsm8k_test_000759,think,canonical,,thinking_segment,6,10,False,3,0,False,,too_short,ok_qwen_token_boundary,False,ok,60000,6000.0
exp_c,exp_c__gsm8k_test_000759__think,gsm8k_test_000759,think,canonical,,thinking_segment,13,10,False,3,0,False,,too_short,ok_qwen_token_boundary,False,ok,60000,6000.0
exp_c,exp_c__gsm8k_test_000759__think,gsm8k_test_000759,think,canonical,,thinking_segment,20,10,False,3,0,False,,too_short,ok_qwen_token_boundary,False,ok,60000,6000.0
exp_c,exp_c__gsm8k_test_000759__think,gsm8k_test_000759,think,canonical,,answer_segment,6,10,False,41,41,True,13.91213607788086,,ok_qwen_token_boundary,False,ok,60000,6000.0
exp_c,exp_c__gsm8k_test_000759__think,gsm8k_test_000759,think,canonical,,answer_segment,13,10,False,41,41,True,10.333416938781738,,ok_qwen_token_boundary,False,ok,60000,6000.0
exp_c,exp_c__gsm8k_test_000759__think,gsm8k_test_000759,think,canonical,,answer_segment,20,10,False,41,41,True,10.956144332885742,,ok_qwen_token_boundary,False,ok,60000,6000.0
exp_c,exp_c__gsm8k_test_000759__no_think,gsm8k_test_000759,no_think,canonical,,full_output,6,10,False,43,43,True,13.738824844360352,,ok,False,ok,60000,6000.0
exp_c,exp_c__gsm8k_test_000759__no_think,gsm8k_test_000759,no_think,canonical,,full_output,13,10,False,43,43,True,10.24178409576416,,ok,False,ok,60000,6000.0
exp_c,exp_c__gsm8k_test_000759__no_think,gsm8k_test_000759,no_think,canonical,,full_output,20,10,False,43,43,True,10.570271492004396,,ok,False,ok,60000,6000.0
exp_c,exp_c__gsm8k_test_000759__no_think,gsm8k_test_000759,no_think,canonical,,answer_segment,6,10,False,43,43,True,13.738824844360352,,ok,False,ok,60000,6000.0
exp_c,exp_c__gsm8k_test_000759__no_think,gsm8k_test_000759,no_think,canonical,,answer_segment,13,10,False,43,43,True,10.24178409576416,,ok,False,ok,60000,6000.0
exp_c,exp_c__gsm8k_test_000759__no_think,gsm8k_test_000759,no_think,canonical,,answer_segment,20,10,False,43,43,True,10.570271492004396,,ok,False,ok,60000,6000.0
exp_c,exp_c__gsm8k_test_000760__think,gsm8k_test_000760,think,canonical,,full_output,6,10,False,53,53,True,15.43277645111084,,ok,False,ok,16,10.0
exp_c,exp_c__gsm8k_test_000760__think,gsm8k_test_000760,think,canonical,,full_output,13,10,False,53,53,True,11.034452438354492,,ok,False,ok,16,10.0
exp_c,exp_c__gsm8k_test_000760__think,gsm8k_test_000760,think,canonical,,full_output,20,10,False,53,53,True,13.22369384765625,,ok,False,ok,16,10.0
exp_c,exp_c__gsm8k_test_000760__think,gsm8k_test_000760,think,canonical,,thinking_segment,6,10,False,3,0,False,,too_short,ok_qwen_token_boundary,False,ok,16,10.0
exp_c,exp_c__gsm8k_test_000760__think,gsm8k_test_000760,think,canonical,,thinking_segment,13,10,False,3,0,False,,too_short,ok_qwen_token_boundary,False,ok,16,10.0
exp_c,exp_c__gsm8k_test_000760__think,gsm8k_test_000760,think,canonical,,thinking_segment,20,10,False,3,0,False,,too_short,ok_qwen_token_boundary,False,ok,16,10.0
exp_c,exp_c__gsm8k_test_000760__think,gsm8k_test_000760,think,canonical,,answer_segment,6,10,False,50,50,True,16.993898391723633,,ok_qwen_token_boundary,False,ok,16,10.0
exp_c,exp_c__gsm8k_test_000760__think,gsm8k_test_000760,think,canonical,,answer_segment,13,10,False,50,50,True,11.21984577178955,,ok_qwen_token_boundary,False,ok,16,10.0
exp_c,exp_c__gsm8k_test_000760__think,gsm8k_test_000760,think,canonical,,answer_segment,20,10,False,50,50,True,13.44069004058838,,ok_qwen_token_boundary,False,ok,16,10.0
exp_c,exp_c__gsm8k_test_000760__no_think,gsm8k_test_000760,no_think,canonical,,full_output,6,10,False,37,37,True,14.50021743774414,,ok,False,ok,16,10.0
exp_c,exp_c__gsm8k_test_000760__no_think,gsm8k_test_000760,no_think,canonical,,full_output,13,10,False,37,37,True,10.504488945007324,,ok,False,ok,16,10.0
exp_c,exp_c__gsm8k_test_000760__no_think,gsm8k_test_000760,no_think,canonical,,full_output,20,10,False,37,37,True,12.105361938476562,,ok,False,ok,16,10.0
exp_c,exp_c__gsm8k_test_000760__no_think,gsm8k_test_000760,no_think,canonical,,answer_segment,6,10,False,37,37,True,14.50021743774414,,ok,False,ok,16,10.0
exp_c,exp_c__gsm8k_test_000760__no_think,gsm8k_test_000760,no_think,canonical,,answer_segment,13,10,False,37,37,True,10.504488945007324,,ok,False,ok,16,10.0
exp_c,exp_c__gsm8k_test_000760__no_think,gsm8k_test_000760,no_think,canonical,,answer_segment,20,10,False,37,37,True,12.105361938476562,,ok,False,ok,16,10.0
exp_c,exp_c__gsm8k_test_000767__think,gsm8k_test_000767,think,canonical,,full_output,6,10,False,48,48,True,11.555221557617188,,ok,True,ok,60,60.0
exp_c,exp_c__gsm8k_test_000767__think,gsm8k_test_000767,think,canonical,,full_output,13,10,False,48,48,True,9.76112461090088,,ok,True,ok,60,60.0
exp_c,exp_c__gsm8k_test_000767__think,gsm8k_test_000767,think,canonical,,full_output,20,10,False,48,48,True,11.156214714050291,,ok,True,ok,60,60.0
exp_c,exp_c__gsm8k_test_000767__think,gsm8k_test_000767,think,canonical,,thinking_segment,6,10,False,3,0,False,,too_short,ok_qwen_token_boundary,True,ok,60,60.0
exp_c,exp_c__gsm8k_test_000767__think,gsm8k_test_000767,think,canonical,,thinking_segment,13,10,False,3,0,False,,too_short,ok_qwen_token_boundary,True,ok,60,60.0
exp_c,exp_c__gsm8k_test_000767__think,gsm8k_test_000767,think,canonical,,thinking_segment,20,10,False,3,0,False,,too_short,ok_qwen_token_boundary,True,ok,60,60.0
exp_c,exp_c__gsm8k_test_000767__think,gsm8k_test_000767,think,canonical,,answer_segment,6,10,False,45,45,True,12.990082740783691,,ok_qwen_token_boundary,True,ok,60,60.0
exp_c,exp_c__gsm8k_test_000767__think,gsm8k_test_000767,think,canonical,,answer_segment,13,10,False,45,45,True,9.939105033874512,,ok_qwen_token_boundary,True,ok,60,60.0
exp_c,exp_c__gsm8k_test_000767__think,gsm8k_test_000767,think,canonical,,answer_segment,20,10,False,45,45,True,11.387863159179688,,ok_qwen_token_boundary,True,ok,60,60.0
exp_c,exp_c__gsm8k_test_000767__no_think,gsm8k_test_000767,no_think,canonical,,full_output,6,10,False,69,69,True,10.687744140625,,ok,True,ok,60,60.0
exp_c,exp_c__gsm8k_test_000767__no_think,gsm8k_test_000767,no_think,canonical,,full_output,13,10,False,69,69,True,11.523947715759276,,ok,True,ok,60,60.0
exp_c,exp_c__gsm8k_test_000767__no_think,gsm8k_test_000767,no_think,canonical,,full_output,20,10,False,69,69,True,10.505781173706056,,ok,True,ok,60,60.0
exp_c,exp_c__gsm8k_test_000767__no_think,gsm8k_test_000767,no_think,canonical,,answer_segment,6,10,False,69,69,True,10.687744140625,,ok,True,ok,60,60.0
exp_c,exp_c__gsm8k_test_000767__no_think,gsm8k_test_000767,no_think,canonical,,answer_segment,13,10,False,69,69,True,11.523947715759276,,ok,True,ok,60,60.0
exp_c,exp_c__gsm8k_test_000767__no_think,gsm8k_test_000767,no_think,canonical,,answer_segment,20,10,False,69,69,True,10.505781173706056,,ok,True,ok,60,60.0
exp_c,exp_c__gsm8k_test_000775__think,gsm8k_test_000775,think,canonical,,full_output,6,10,False,55,55,True,12.739562034606934,,ok,False,ok,276,228.0
exp_c,exp_c__gsm8k_test_000775__think,gsm8k_test_000775,think,canonical,,full_output,13,10,False,55,55,True,10.732928276062012,,ok,False,ok,276,228.0
exp_c,exp_c__gsm8k_test_000775__think,gsm8k_test_000775,think,canonical,,full_output,20,10,False,55,55,True,11.732451438903809,,ok,False,ok,276,228.0
exp_c,exp_c__gsm8k_test_000775__think,gsm8k_test_000775,think,canonical,,thinking_segment,6,10,False,3,0,False,,too_short,ok_qwen_token_boundary,False,ok,276,228.0
exp_c,exp_c__gsm8k_test_000775__think,gsm8k_test_000775,think,canonical,,thinking_segment,13,10,False,3,0,False,,too_short,ok_qwen_token_boundary,False,ok,276,228.0
exp_c,exp_c__gsm8k_test_000775__think,gsm8k_test_000775,think,canonical,,thinking_segment,20,10,False,3,0,False,,too_short,ok_qwen_token_boundary,False,ok,276,228.0
exp_c,exp_c__gsm8k_test_000775__think,gsm8k_test_000775,think,canonical,,answer_segment,6,10,False,52,52,True,13.672520637512209,,ok_qwen_token_boundary,False,ok,276,228.0
exp_c,exp_c__gsm8k_test_000775__think,gsm8k_test_000775,think,canonical,,answer_segment,13,10,False,52,52,True,10.50856590270996,,ok_qwen_token_boundary,False,ok,276,228.0
exp_c,exp_c__gsm8k_test_000775__think,gsm8k_test_000775,think,canonical,,answer_segment,20,10,False,52,52,True,11.785873413085938,,ok_qwen_token_boundary,False,ok,276,228.0
exp_c,exp_c__gsm8k_test_000775__no_think,gsm8k_test_000775,no_think,canonical,,full_output,6,10,False,66,66,True,13.432173728942873,,ok,False,ok,276,650.0
exp_c,exp_c__gsm8k_test_000775__no_think,gsm8k_test_000775,no_think,canonical,,full_output,13,10,False,66,66,True,10.40565586090088,,ok,False,ok,276,650.0
exp_c,exp_c__gsm8k_test_000775__no_think,gsm8k_test_000775,no_think,canonical,,full_output,20,10,False,66,66,True,11.994437217712402,,ok,False,ok,276,650.0
exp_c,exp_c__gsm8k_test_000775__no_think,gsm8k_test_000775,no_think,canonical,,answer_segment,6,10,False,66,66,True,13.432173728942873,,ok,False,ok,276,650.0
exp_c,exp_c__gsm8k_test_000775__no_think,gsm8k_test_000775,no_think,canonical,,answer_segment,13,10,False,66,66,True,10.40565586090088,,ok,False,ok,276,650.0
exp_c,exp_c__gsm8k_test_000775__no_think,gsm8k_test_000775,no_think,canonical,,answer_segment,20,10,False,66,66,True,11.994437217712402,,ok,False,ok,276,650.0
exp_c,exp_c__gsm8k_test_000776__think,gsm8k_test_000776,think,canonical,,full_output,6,10,False,61,61,True,13.73464012145996,,ok,True,ok,800,800.0
exp_c,exp_c__gsm8k_test_000776__think,gsm8k_test_000776,think,canonical,,full_output,13,10,False,61,61,True,11.24305534362793,,ok,True,ok,800,800.0
exp_c,exp_c__gsm8k_test_000776__think,gsm8k_test_000776,think,canonical,,full_output,20,10,False,61,61,True,12.217528343200684,,ok,True,ok,800,800.0
exp_c,exp_c__gsm8k_test_000776__think,gsm8k_test_000776,think,canonical,,thinking_segment,6,10,False,3,0,False,,too_short,ok_qwen_token_boundary,True,ok,800,800.0
exp_c,exp_c__gsm8k_test_000776__think,gsm8k_test_000776,think,canonical,,thinking_segment,13,10,False,3,0,False,,too_short,ok_qwen_token_boundary,True,ok,800,800.0
exp_c,exp_c__gsm8k_test_000776__think,gsm8k_test_000776,think,canonical,,thinking_segment,20,10,False,3,0,False,,too_short,ok_qwen_token_boundary,True,ok,800,800.0
exp_c,exp_c__gsm8k_test_000776__think,gsm8k_test_000776,think,canonical,,answer_segment,6,10,False,58,58,True,15.035282135009766,,ok_qwen_token_boundary,True,ok,800,800.0
exp_c,exp_c__gsm8k_test_000776__think,gsm8k_test_000776,think,canonical,,answer_segment,13,10,False,58,58,True,11.347253799438477,,ok_qwen_token_boundary,True,ok,800,800.0
exp_c,exp_c__gsm8k_test_000776__think,gsm8k_test_000776,think,canonical,,answer_segment,20,10,False,58,58,True,12.298990249633787,,ok_qwen_token_boundary,True,ok,800,800.0
exp_c,exp_c__gsm8k_test_000776__no_think,gsm8k_test_000776,no_think,canonical,,full_output,6,10,False,57,57,True,14.809532165527344,,ok,True,ok,800,800.0
exp_c,exp_c__gsm8k_test_000776__no_think,gsm8k_test_000776,no_think,canonical,,full_output,13,10,False,57,57,True,11.342177391052246,,ok,True,ok,800,800.0
exp_c,exp_c__gsm8k_test_000776__no_think,gsm8k_test_000776,no_think,canonical,,full_output,20,10,False,57,57,True,12.265018463134766,,ok,True,ok,800,800.0
exp_c,exp_c__gsm8k_test_000776__no_think,gsm8k_test_000776,no_think,canonical,,answer_segment,6,10,False,57,57,True,14.809532165527344,,ok,True,ok,800,800.0
exp_c,exp_c__gsm8k_test_000776__no_think,gsm8k_test_000776,no_think,canonical,,answer_segment,13,10,False,57,57,True,11.342177391052246,,ok,True,ok,800,800.0
exp_c,exp_c__gsm8k_test_000776__no_think,gsm8k_test_000776,no_think,canonical,,answer_segment,20,10,False,57,57,True,12.265018463134766,,ok,True,ok,800,800.0
exp_c,exp_c__gsm8k_test_000781__think,gsm8k_test_000781,think,canonical,,full_output,6,10,False,564,564,True,9.761058807373049,,ok,True,ok,17,17.0
exp_c,exp_c__gsm8k_test_000781__think,gsm8k_test_000781,think,canonical,,full_output,13,10,False,564,564,True,9.148855209350586,,ok,True,ok,17,17.0
exp_c,exp_c__gsm8k_test_000781__think,gsm8k_test_000781,think,canonical,,full_output,20,10,False,564,564,True,8.59747314453125,,ok,True,ok,17,17.0
exp_c,exp_c__gsm8k_test_000781__think,gsm8k_test_000781,think,canonical,,thinking_segment,6,10,False,514,514,True,9.179991722106934,,ok_qwen_token_boundary,True,ok,17,17.0
exp_c,exp_c__gsm8k_test_000781__think,gsm8k_test_000781,think,canonical,,thinking_segment,13,10,False,514,514,True,8.949138641357422,,ok_qwen_token_boundary,True,ok,17,17.0
exp_c,exp_c__gsm8k_test_000781__think,gsm8k_test_000781,think,canonical,,thinking_segment,20,10,False,514,514,True,8.267502784729004,,ok_qwen_token_boundary,True,ok,17,17.0
exp_c,exp_c__gsm8k_test_000781__think,gsm8k_test_000781,think,canonical,,answer_segment,6,10,False,50,50,True,14.767363548278809,,ok_qwen_token_boundary,True,ok,17,17.0
exp_c,exp_c__gsm8k_test_000781__think,gsm8k_test_000781,think,canonical,,answer_segment,13,10,False,50,50,True,12.55747413635254,,ok_qwen_token_boundary,True,ok,17,17.0
exp_c,exp_c__gsm8k_test_000781__think,gsm8k_test_000781,think,canonical,,answer_segment,20,10,False,50,50,True,12.061803817749023,,ok_qwen_token_boundary,True,ok,17,17.0
exp_c,exp_c__gsm8k_test_000781__no_think,gsm8k_test_000781,no_think,canonical,,full_output,6,10,False,63,63,True,13.442785263061523,,ok,True,ok,17,17.0
exp_c,exp_c__gsm8k_test_000781__no_think,gsm8k_test_000781,no_think,canonical,,full_output,13,10,False,63,63,True,11.518967628479004,,ok,True,ok,17,17.0
exp_c,exp_c__gsm8k_test_000781__no_think,gsm8k_test_000781,no_think,canonical,,full_output,20,10,False,63,63,True,11.54714012145996,,ok,True,ok,17,17.0
exp_c,exp_c__gsm8k_test_000781__no_think,gsm8k_test_000781,no_think,canonical,,answer_segment,6,10,False,63,63,True,13.442785263061523,,ok,True,ok,17,17.0
exp_c,exp_c__gsm8k_test_000781__no_think,gsm8k_test_000781,no_think,canonical,,answer_segment,13,10,False,63,63,True,11.518967628479004,,ok,True,ok,17,17.0
exp_c,exp_c__gsm8k_test_000781__no_think,gsm8k_test_000781,no_think,canonical,,answer_segment,20,10,False,63,63,True,11.54714012145996,,ok,True,ok,17,17.0
exp_c,exp_c__gsm8k_test_000782__think,gsm8k_test_000782,think,canonical,,full_output,6,10,False,45,45,True,15.078535079956056,,ok,False,ok,54,45.0
exp_c,exp_c__gsm8k_test_000782__think,gsm8k_test_000782,think,canonical,,full_output,13,10,False,45,45,True,11.794626235961914,,ok,False,ok,54,45.0
exp_c,exp_c__gsm8k_test_000782__think,gsm8k_test_000782,think,canonical,,full_output,20,10,False,45,45,True,11.033926963806152,,ok,False,ok,54,45.0
exp_c,exp_c__gsm8k_test_000782__think,gsm8k_test_000782,think,canonical,,thinking_segment,6,10,False,3,0,False,,too_short,ok_qwen_token_boundary,False,ok,54,45.0
exp_c,exp_c__gsm8k_test_000782__think,gsm8k_test_000782,think,canonical,,thinking_segment,13,10,False,3,0,False,,too_short,ok_qwen_token_boundary,False,ok,54,45.0
exp_c,exp_c__gsm8k_test_000782__think,gsm8k_test_000782,think,canonical,,thinking_segment,20,10,False,3,0,False,,too_short,ok_qwen_token_boundary,False,ok,54,45.0
exp_c,exp_c__gsm8k_test_000782__think,gsm8k_test_000782,think,canonical,,answer_segment,6,10,False,42,42,True,17.670568466186523,,ok_qwen_token_boundary,False,ok,54,45.0
exp_c,exp_c__gsm8k_test_000782__think,gsm8k_test_000782,think,canonical,,answer_segment,13,10,False,42,42,True,11.966130256652832,,ok_qwen_token_boundary,False,ok,54,45.0
exp_c,exp_c__gsm8k_test_000782__think,gsm8k_test_000782,think,canonical,,answer_segment,20,10,False,42,42,True,11.082347869873049,,ok_qwen_token_boundary,False,ok,54,45.0
exp_c,exp_c__gsm8k_test_000782__no_think,gsm8k_test_000782,no_think,canonical,,full_output,6,10,False,64,64,True,13.30467414855957,,ok,False,ok,54,19.0
exp_c,exp_c__gsm8k_test_000782__no_think,gsm8k_test_000782,no_think,canonical,,full_output,13,10,False,64,64,True,11.869272232055664,,ok,False,ok,54,19.0
exp_c,exp_c__gsm8k_test_000782__no_think,gsm8k_test_000782,no_think,canonical,,full_output,20,10,False,64,64,True,11.273935317993164,,ok,False,ok,54,19.0
exp_c,exp_c__gsm8k_test_000782__no_think,gsm8k_test_000782,no_think,canonical,,answer_segment,6,10,False,64,64,True,13.30467414855957,,ok,False,ok,54,19.0
exp_c,exp_c__gsm8k_test_000782__no_think,gsm8k_test_000782,no_think,canonical,,answer_segment,13,10,False,64,64,True,11.869272232055664,,ok,False,ok,54,19.0
exp_c,exp_c__gsm8k_test_000782__no_think,gsm8k_test_000782,no_think,canonical,,answer_segment,20,10,False,64,64,True,11.273935317993164,,ok,False,ok,54,19.0
exp_c,exp_c__gsm8k_test_000795__think,gsm8k_test_000795,think,canonical,,full_output,6,10,False,43,43,True,13.467352867126465,,ok,False,ok,20,30.0
exp_c,exp_c__gsm8k_test_000795__think,gsm8k_test_000795,think,canonical,,full_output,13,10,False,43,43,True,10.486442565917969,,ok,False,ok,20,30.0
exp_c,exp_c__gsm8k_test_000795__think,gsm8k_test_000795,think,canonical,,full_output,20,10,False,43,43,True,11.58100128173828,,ok,False,ok,20,30.0
exp_c,exp_c__gsm8k_test_000795__think,gsm8k_test_000795,think,canonical,,thinking_segment,6,10,False,3,0,False,,too_short,ok_qwen_token_boundary,False,ok,20,30.0
exp_c,exp_c__gsm8k_test_000795__think,gsm8k_test_000795,think,canonical,,thinking_segment,13,10,False,3,0,False,,too_short,ok_qwen_token_boundary,False,ok,20,30.0
exp_c,exp_c__gsm8k_test_000795__think,gsm8k_test_000795,think,canonical,,thinking_segment,20,10,False,3,0,False,,too_short,ok_qwen_token_boundary,False,ok,20,30.0
exp_c,exp_c__gsm8k_test_000795__think,gsm8k_test_000795,think,canonical,,answer_segment,6,10,False,40,40,True,15.34278678894043,,ok_qwen_token_boundary,False,ok,20,30.0
exp_c,exp_c__gsm8k_test_000795__think,gsm8k_test_000795,think,canonical,,answer_segment,13,10,False,40,40,True,10.677882194519045,,ok_qwen_token_boundary,False,ok,20,30.0
exp_c,exp_c__gsm8k_test_000795__think,gsm8k_test_000795,think,canonical,,answer_segment,20,10,False,40,40,True,11.72288990020752,,ok_qwen_token_boundary,False,ok,20,30.0
exp_c,exp_c__gsm8k_test_000795__no_think,gsm8k_test_000795,no_think,canonical,,full_output,6,10,False,56,56,True,14.331372261047363,,ok,False,ok,20,30.0
exp_c,exp_c__gsm8k_test_000795__no_think,gsm8k_test_000795,no_think,canonical,,full_output,13,10,False,56,56,True,12.29505443572998,,ok,False,ok,20,30.0
exp_c,exp_c__gsm8k_test_000795__no_think,gsm8k_test_000795,no_think,canonical,,full_output,20,10,False,56,56,True,12.734930038452148,,ok,False,ok,20,30.0
exp_c,exp_c__gsm8k_test_000795__no_think,gsm8k_test_000795,no_think,canonical,,answer_segment,6,10,False,56,56,True,14.331372261047363,,ok,False,ok,20,30.0
exp_c,exp_c__gsm8k_test_000795__no_think,gsm8k_test_000795,no_think,canonical,,answer_segment,13,10,False,56,56,True,12.29505443572998,,ok,False,ok,20,30.0
exp_c,exp_c__gsm8k_test_000795__no_think,gsm8k_test_000795,no_think,canonical,,answer_segment,20,10,False,56,56,True,12.734930038452148,,ok,False,ok,20,30.0
exp_c,exp_c__gsm8k_test_000814__think,gsm8k_test_000814,think,canonical,,full_output,6,10,False,571,571,True,8.1393404006958,,ok,False,ok,11,60.0
exp_c,exp_c__gsm8k_test_000814__think,gsm8k_test_000814,think,canonical,,full_output,13,10,False,571,571,True,8.560975074768066,,ok,False,ok,11,60.0
exp_c,exp_c__gsm8k_test_000814__think,gsm8k_test_000814,think,canonical,,full_output,20,10,False,571,571,True,7.454891681671143,,ok,False,ok,11,60.0
exp_c,exp_c__gsm8k_test_000814__think,gsm8k_test_000814,think,canonical,,thinking_segment,6,10,False,514,514,True,8.037884712219238,,ok_qwen_token_boundary,False,ok,11,60.0
exp_c,exp_c__gsm8k_test_000814__think,gsm8k_test_000814,think,canonical,,thinking_segment,13,10,False,514,514,True,8.580032348632812,,ok_qwen_token_boundary,False,ok,11,60.0
exp_c,exp_c__gsm8k_test_000814__think,gsm8k_test_000814,think,canonical,,thinking_segment,20,10,False,514,514,True,7.146005153656006,,ok_qwen_token_boundary,False,ok,11,60.0
exp_c,exp_c__gsm8k_test_000814__think,gsm8k_test_000814,think,canonical,,answer_segment,6,10,False,57,57,True,13.583725929260254,,ok_qwen_token_boundary,False,ok,11,60.0
exp_c,exp_c__gsm8k_test_000814__think,gsm8k_test_000814,think,canonical,,answer_segment,13,10,False,57,57,True,12.140928268432615,,ok_qwen_token_boundary,False,ok,11,60.0
exp_c,exp_c__gsm8k_test_000814__think,gsm8k_test_000814,think,canonical,,answer_segment,20,10,False,57,57,True,12.0938720703125,,ok_qwen_token_boundary,False,ok,11,60.0
exp_c,exp_c__gsm8k_test_000814__no_think,gsm8k_test_000814,no_think,canonical,,full_output,6,10,False,63,63,True,14.144314765930176,,ok,False,ok,11,24.0
exp_c,exp_c__gsm8k_test_000814__no_think,gsm8k_test_000814,no_think,canonical,,full_output,13,10,False,63,63,True,12.336991310119627,,ok,False,ok,11,24.0
exp_c,exp_c__gsm8k_test_000814__no_think,gsm8k_test_000814,no_think,canonical,,full_output,20,10,False,63,63,True,12.01244068145752,,ok,False,ok,11,24.0
exp_c,exp_c__gsm8k_test_000814__no_think,gsm8k_test_000814,no_think,canonical,,answer_segment,6,10,False,63,63,True,14.144314765930176,,ok,False,ok,11,24.0
exp_c,exp_c__gsm8k_test_000814__no_think,gsm8k_test_000814,no_think,canonical,,answer_segment,13,10,False,63,63,True,12.336991310119627,,ok,False,ok,11,24.0
exp_c,exp_c__gsm8k_test_000814__no_think,gsm8k_test_000814,no_think,canonical,,answer_segment,20,10,False,63,63,True,12.01244068145752,,ok,False,ok,11,24.0
exp_c,exp_c__gsm8k_test_000828__think,gsm8k_test_000828,think,canonical,,full_output,6,10,False,353,353,True,11.780237197875977,,ok,True,ok,60,60.0
exp_c,exp_c__gsm8k_test_000828__think,gsm8k_test_000828,think,canonical,,full_output,13,10,False,353,353,True,10.889309883117676,,ok,True,ok,60,60.0
exp_c,exp_c__gsm8k_test_000828__think,gsm8k_test_000828,think,canonical,,full_output,20,10,False,353,353,True,10.970961570739746,,ok,True,ok,60,60.0
exp_c,exp_c__gsm8k_test_000828__think,gsm8k_test_000828,think,canonical,,thinking_segment,6,10,False,298,298,True,12.399822235107422,,ok_qwen_token_boundary,True,ok,60,60.0
exp_c,exp_c__gsm8k_test_000828__think,gsm8k_test_000828,think,canonical,,thinking_segment,13,10,False,298,298,True,11.059602737426758,,ok_qwen_token_boundary,True,ok,60,60.0
exp_c,exp_c__gsm8k_test_000828__think,gsm8k_test_000828,think,canonical,,thinking_segment,20,10,False,298,298,True,11.060626983642578,,ok_qwen_token_boundary,True,ok,60,60.0
exp_c,exp_c__gsm8k_test_000828__think,gsm8k_test_000828,think,canonical,,answer_segment,6,10,False,55,55,True,16.472522735595703,,ok_qwen_token_boundary,True,ok,60,60.0
exp_c,exp_c__gsm8k_test_000828__think,gsm8k_test_000828,think,canonical,,answer_segment,13,10,False,55,55,True,12.468974113464355,,ok_qwen_token_boundary,True,ok,60,60.0
exp_c,exp_c__gsm8k_test_000828__think,gsm8k_test_000828,think,canonical,,answer_segment,20,10,False,55,55,True,11.146648406982422,,ok_qwen_token_boundary,True,ok,60,60.0
exp_c,exp_c__gsm8k_test_000828__no_think,gsm8k_test_000828,no_think,canonical,,full_output,6,10,False,47,47,True,15.38479709625244,,ok,False,ok,60,140.0
exp_c,exp_c__gsm8k_test_000828__no_think,gsm8k_test_000828,no_think,canonical,,full_output,13,10,False,47,47,True,11.304866790771484,,ok,False,ok,60,140.0
exp_c,exp_c__gsm8k_test_000828__no_think,gsm8k_test_000828,no_think,canonical,,full_output,20,10,False,47,47,True,11.859237670898438,,ok,False,ok,60,140.0
exp_c,exp_c__gsm8k_test_000828__no_think,gsm8k_test_000828,no_think,canonical,,answer_segment,6,10,False,47,47,True,15.38479709625244,,ok,False,ok,60,140.0
exp_c,exp_c__gsm8k_test_000828__no_think,gsm8k_test_000828,no_think,canonical,,answer_segment,13,10,False,47,47,True,11.304866790771484,,ok,False,ok,60,140.0
exp_c,exp_c__gsm8k_test_000828__no_think,gsm8k_test_000828,no_think,canonical,,answer_segment,20,10,False,47,47,True,11.859237670898438,,ok,False,ok,60,140.0
exp_c,exp_c__gsm8k_test_000829__think,gsm8k_test_000829,think,canonical,,full_output,6,10,False,82,82,True,13.184707641601562,,ok,False,ok,14000,4000.0
exp_c,exp_c__gsm8k_test_000829__think,gsm8k_test_000829,think,canonical,,full_output,13,10,False,82,82,True,11.768844604492188,,ok,False,ok,14000,4000.0
exp_c,exp_c__gsm8k_test_000829__think,gsm8k_test_000829,think,canonical,,full_output,20,10,False,82,82,True,12.428885459899902,,ok,False,ok,14000,4000.0
exp_c,exp_c__gsm8k_test_000829__think,gsm8k_test_000829,think,canonical,,thinking_segment,6,10,False,3,0,False,,too_short,ok_qwen_token_boundary,False,ok,14000,4000.0
exp_c,exp_c__gsm8k_test_000829__think,gsm8k_test_000829,think,canonical,,thinking_segment,13,10,False,3,0,False,,too_short,ok_qwen_token_boundary,False,ok,14000,4000.0
exp_c,exp_c__gsm8k_test_000829__think,gsm8k_test_000829,think,canonical,,thinking_segment,20,10,False,3,0,False,,too_short,ok_qwen_token_boundary,False,ok,14000,4000.0
exp_c,exp_c__gsm8k_test_000829__think,gsm8k_test_000829,think,canonical,,answer_segment,6,10,False,79,79,True,14.25100326538086,,ok_qwen_token_boundary,False,ok,14000,4000.0
exp_c,exp_c__gsm8k_test_000829__think,gsm8k_test_000829,think,canonical,,answer_segment,13,10,False,79,79,True,11.78071117401123,,ok_qwen_token_boundary,False,ok,14000,4000.0
exp_c,exp_c__gsm8k_test_000829__think,gsm8k_test_000829,think,canonical,,answer_segment,20,10,False,79,79,True,12.288898468017578,,ok_qwen_token_boundary,False,ok,14000,4000.0
exp_c,exp_c__gsm8k_test_000829__no_think,gsm8k_test_000829,no_think,canonical,,full_output,6,10,False,78,78,True,14.297304153442385,,ok,False,ok,14000,5000.0
exp_c,exp_c__gsm8k_test_000829__no_think,gsm8k_test_000829,no_think,canonical,,full_output,13,10,False,78,78,True,11.945239067077637,,ok,False,ok,14000,5000.0
exp_c,exp_c__gsm8k_test_000829__no_think,gsm8k_test_000829,no_think,canonical,,full_output,20,10,False,78,78,True,12.00167465209961,,ok,False,ok,14000,5000.0
exp_c,exp_c__gsm8k_test_000829__no_think,gsm8k_test_000829,no_think,canonical,,answer_segment,6,10,False,78,78,True,14.297304153442385,,ok,False,ok,14000,5000.0
exp_c,exp_c__gsm8k_test_000829__no_think,gsm8k_test_000829,no_think,canonical,,answer_segment,13,10,False,78,78,True,11.945239067077637,,ok,False,ok,14000,5000.0
exp_c,exp_c__gsm8k_test_000829__no_think,gsm8k_test_000829,no_think,canonical,,answer_segment,20,10,False,78,78,True,12.00167465209961,,ok,False,ok,14000,5000.0
exp_c,exp_c__gsm8k_test_000830__think,gsm8k_test_000830,think,canonical,,full_output,6,10,False,581,581,True,8.279479026794434,,ok,False,ok,1128,282.0
exp_c,exp_c__gsm8k_test_000830__think,gsm8k_test_000830,think,canonical,,full_output,13,10,False,581,581,True,8.590682029724121,,ok,False,ok,1128,282.0
exp_c,exp_c__gsm8k_test_000830__think,gsm8k_test_000830,think,canonical,,full_output,20,10,False,581,581,True,8.4727144241333,,ok,False,ok,1128,282.0
exp_c,exp_c__gsm8k_test_000830__think,gsm8k_test_000830,think,canonical,,thinking_segment,6,10,False,514,514,True,8.31302261352539,,ok_qwen_token_boundary,False,ok,1128,282.0
exp_c,exp_c__gsm8k_test_000830__think,gsm8k_test_000830,think,canonical,,thinking_segment,13,10,False,514,514,True,8.54272174835205,,ok_qwen_token_boundary,False,ok,1128,282.0
exp_c,exp_c__gsm8k_test_000830__think,gsm8k_test_000830,think,canonical,,thinking_segment,20,10,False,514,514,True,8.126421928405762,,ok_qwen_token_boundary,False,ok,1128,282.0
exp_c,exp_c__gsm8k_test_000830__think,gsm8k_test_000830,think,canonical,,answer_segment,6,10,False,67,67,True,13.67449188232422,,ok_qwen_token_boundary,False,ok,1128,282.0
exp_c,exp_c__gsm8k_test_000830__think,gsm8k_test_000830,think,canonical,,answer_segment,13,10,False,67,67,True,10.888626098632812,,ok_qwen_token_boundary,False,ok,1128,282.0
exp_c,exp_c__gsm8k_test_000830__think,gsm8k_test_000830,think,canonical,,answer_segment,20,10,False,67,67,True,12.045486450195312,,ok_qwen_token_boundary,False,ok,1128,282.0
exp_c,exp_c__gsm8k_test_000830__no_think,gsm8k_test_000830,no_think,canonical,,full_output,6,10,False,59,59,True,15.09234619140625,,ok,False,ok,1128,600.0
exp_c,exp_c__gsm8k_test_000830__no_think,gsm8k_test_000830,no_think,canonical,,full_output,13,10,False,59,59,True,11.217679023742676,,ok,False,ok,1128,600.0
exp_c,exp_c__gsm8k_test_000830__no_think,gsm8k_test_000830,no_think,canonical,,full_output,20,10,False,59,59,True,11.175382614135742,,ok,False,ok,1128,600.0
exp_c,exp_c__gsm8k_test_000830__no_think,gsm8k_test_000830,no_think,canonical,,answer_segment,6,10,False,59,59,True,15.09234619140625,,ok,False,ok,1128,600.0
exp_c,exp_c__gsm8k_test_000830__no_think,gsm8k_test_000830,no_think,canonical,,answer_segment,13,10,False,59,59,True,11.217679023742676,,ok,False,ok,1128,600.0
exp_c,exp_c__gsm8k_test_000830__no_think,gsm8k_test_000830,no_think,canonical,,answer_segment,20,10,False,59,59,True,11.175382614135742,,ok,False,ok,1128,600.0
exp_c,exp_c__gsm8k_test_000848__think,gsm8k_test_000848,think,canonical,,full_output,6,10,False,49,49,True,12.51522731781006,,ok,False,ok,10,30.0
exp_c,exp_c__gsm8k_test_000848__think,gsm8k_test_000848,think,canonical,,full_output,13,10,False,49,49,True,9.83860969543457,,ok,False,ok,10,30.0
exp_c,exp_c__gsm8k_test_000848__think,gsm8k_test_000848,think,canonical,,full_output,20,10,False,49,49,True,11.008145332336426,,ok,False,ok,10,30.0
exp_c,exp_c__gsm8k_test_000848__think,gsm8k_test_000848,think,canonical,,thinking_segment,6,10,False,3,0,False,,too_short,ok_qwen_token_boundary,False,ok,10,30.0
exp_c,exp_c__gsm8k_test_000848__think,gsm8k_test_000848,think,canonical,,thinking_segment,13,10,False,3,0,False,,too_short,ok_qwen_token_boundary,False,ok,10,30.0
exp_c,exp_c__gsm8k_test_000848__think,gsm8k_test_000848,think,canonical,,thinking_segment,20,10,False,3,0,False,,too_short,ok_qwen_token_boundary,False,ok,10,30.0
exp_c,exp_c__gsm8k_test_000848__think,gsm8k_test_000848,think,canonical,,answer_segment,6,10,False,46,46,True,14.79712963104248,,ok_qwen_token_boundary,False,ok,10,30.0
exp_c,exp_c__gsm8k_test_000848__think,gsm8k_test_000848,think,canonical,,answer_segment,13,10,False,46,46,True,9.960094451904297,,ok_qwen_token_boundary,False,ok,10,30.0
exp_c,exp_c__gsm8k_test_000848__think,gsm8k_test_000848,think,canonical,,answer_segment,20,10,False,46,46,True,10.943848609924316,,ok_qwen_token_boundary,False,ok,10,30.0
exp_c,exp_c__gsm8k_test_000848__no_think,gsm8k_test_000848,no_think,canonical,,full_output,6,10,False,50,50,True,12.822469711303713,,ok,True,ok,10,10.0
exp_c,exp_c__gsm8k_test_000848__no_think,gsm8k_test_000848,no_think,canonical,,full_output,13,10,False,50,50,True,9.589983940124512,,ok,True,ok,10,10.0
exp_c,exp_c__gsm8k_test_000848__no_think,gsm8k_test_000848,no_think,canonical,,full_output,20,10,False,50,50,True,10.396417617797852,,ok,True,ok,10,10.0
exp_c,exp_c__gsm8k_test_000848__no_think,gsm8k_test_000848,no_think,canonical,,answer_segment,6,10,False,50,50,True,12.822469711303713,,ok,True,ok,10,10.0
exp_c,exp_c__gsm8k_test_000848__no_think,gsm8k_test_000848,no_think,canonical,,answer_segment,13,10,False,50,50,True,9.589983940124512,,ok,True,ok,10,10.0
exp_c,exp_c__gsm8k_test_000848__no_think,gsm8k_test_000848,no_think,canonical,,answer_segment,20,10,False,50,50,True,10.396417617797852,,ok,True,ok,10,10.0
exp_c,exp_c__gsm8k_test_000852__think,gsm8k_test_000852,think,canonical,,full_output,6,10,False,469,469,True,10.144105911254885,,ok,True,ok,123,123.0
exp_c,exp_c__gsm8k_test_000852__think,gsm8k_test_000852,think,canonical,,full_output,13,10,False,469,469,True,9.609308242797852,,ok,True,ok,123,123.0
exp_c,exp_c__gsm8k_test_000852__think,gsm8k_test_000852,think,canonical,,full_output,20,10,False,469,469,True,9.23862075805664,,ok,True,ok,123,123.0
exp_c,exp_c__gsm8k_test_000852__think,gsm8k_test_000852,think,canonical,,thinking_segment,6,10,False,418,418,True,10.020397186279297,,ok_qwen_token_boundary,True,ok,123,123.0
exp_c,exp_c__gsm8k_test_000852__think,gsm8k_test_000852,think,canonical,,thinking_segment,13,10,False,418,418,True,9.595352172851562,,ok_qwen_token_boundary,True,ok,123,123.0
exp_c,exp_c__gsm8k_test_000852__think,gsm8k_test_000852,think,canonical,,thinking_segment,20,10,False,418,418,True,9.409177780151367,,ok_qwen_token_boundary,True,ok,123,123.0
exp_c,exp_c__gsm8k_test_000852__think,gsm8k_test_000852,think,canonical,,answer_segment,6,10,False,51,51,True,16.822568893432617,,ok_qwen_token_boundary,True,ok,123,123.0
exp_c,exp_c__gsm8k_test_000852__think,gsm8k_test_000852,think,canonical,,answer_segment,13,10,False,51,51,True,12.32610034942627,,ok_qwen_token_boundary,True,ok,123,123.0
exp_c,exp_c__gsm8k_test_000852__think,gsm8k_test_000852,think,canonical,,answer_segment,20,10,False,51,51,True,11.115129470825195,,ok_qwen_token_boundary,True,ok,123,123.0
exp_c,exp_c__gsm8k_test_000852__no_think,gsm8k_test_000852,no_think,canonical,,full_output,6,10,False,62,62,True,14.236363410949709,,ok,False,ok,123,99.0
exp_c,exp_c__gsm8k_test_000852__no_think,gsm8k_test_000852,no_think,canonical,,full_output,13,10,False,62,62,True,11.089385032653809,,ok,False,ok,123,99.0
exp_c,exp_c__gsm8k_test_000852__no_think,gsm8k_test_000852,no_think,canonical,,full_output,20,10,False,62,62,True,11.416799545288086,,ok,False,ok,123,99.0
exp_c,exp_c__gsm8k_test_000852__no_think,gsm8k_test_000852,no_think,canonical,,answer_segment,6,10,False,62,62,True,14.236363410949709,,ok,False,ok,123,99.0
exp_c,exp_c__gsm8k_test_000852__no_think,gsm8k_test_000852,no_think,canonical,,answer_segment,13,10,False,62,62,True,11.089385032653809,,ok,False,ok,123,99.0
exp_c,exp_c__gsm8k_test_000852__no_think,gsm8k_test_000852,no_think,canonical,,answer_segment,20,10,False,62,62,True,11.416799545288086,,ok,False,ok,123,99.0
exp_c,exp_c__gsm8k_test_000871__think,gsm8k_test_000871,think,canonical,,full_output,6,10,False,44,44,True,14.693093299865724,,ok,False,ok,48,24.0
exp_c,exp_c__gsm8k_test_000871__think,gsm8k_test_000871,think,canonical,,full_output,13,10,False,44,44,True,11.186351776123049,,ok,False,ok,48,24.0
exp_c,exp_c__gsm8k_test_000871__think,gsm8k_test_000871,think,canonical,,full_output,20,10,False,44,44,True,12.61209774017334,,ok,False,ok,48,24.0
exp_c,exp_c__gsm8k_test_000871__think,gsm8k_test_000871,think,canonical,,thinking_segment,6,10,False,3,0,False,,too_short,ok_qwen_token_boundary,False,ok,48,24.0
exp_c,exp_c__gsm8k_test_000871__think,gsm8k_test_000871,think,canonical,,thinking_segment,13,10,False,3,0,False,,too_short,ok_qwen_token_boundary,False,ok,48,24.0
exp_c,exp_c__gsm8k_test_000871__think,gsm8k_test_000871,think,canonical,,thinking_segment,20,10,False,3,0,False,,too_short,ok_qwen_token_boundary,False,ok,48,24.0
exp_c,exp_c__gsm8k_test_000871__think,gsm8k_test_000871,think,canonical,,answer_segment,6,10,False,41,41,True,16.295738220214844,,ok_qwen_token_boundary,False,ok,48,24.0
exp_c,exp_c__gsm8k_test_000871__think,gsm8k_test_000871,think,canonical,,answer_segment,13,10,False,41,41,True,11.441546440124512,,ok_qwen_token_boundary,False,ok,48,24.0
exp_c,exp_c__gsm8k_test_000871__think,gsm8k_test_000871,think,canonical,,answer_segment,20,10,False,41,41,True,12.82800579071045,,ok_qwen_token_boundary,False,ok,48,24.0
exp_c,exp_c__gsm8k_test_000871__no_think,gsm8k_test_000871,no_think,canonical,,full_output,6,10,False,40,40,True,15.53589916229248,,ok,False,ok,48,24.0
exp_c,exp_c__gsm8k_test_000871__no_think,gsm8k_test_000871,no_think,canonical,,full_output,13,10,False,40,40,True,11.41903305053711,,ok,False,ok,48,24.0
exp_c,exp_c__gsm8k_test_000871__no_think,gsm8k_test_000871,no_think,canonical,,full_output,20,10,False,40,40,True,12.280029296875,,ok,False,ok,48,24.0
exp_c,exp_c__gsm8k_test_000871__no_think,gsm8k_test_000871,no_think,canonical,,answer_segment,6,10,False,40,40,True,15.53589916229248,,ok,False,ok,48,24.0
exp_c,exp_c__gsm8k_test_000871__no_think,gsm8k_test_000871,no_think,canonical,,answer_segment,13,10,False,40,40,True,11.41903305053711,,ok,False,ok,48,24.0
exp_c,exp_c__gsm8k_test_000871__no_think,gsm8k_test_000871,no_think,canonical,,answer_segment,20,10,False,40,40,True,12.280029296875,,ok,False,ok,48,24.0
exp_c,exp_c__gsm8k_test_000875__think,gsm8k_test_000875,think,canonical,,full_output,6,10,False,67,67,True,16.255931854248047,,ok,False,ok,60,52.0
exp_c,exp_c__gsm8k_test_000875__think,gsm8k_test_000875,think,canonical,,full_output,13,10,False,67,67,True,12.112338066101074,,ok,False,ok,60,52.0
exp_c,exp_c__gsm8k_test_000875__think,gsm8k_test_000875,think,canonical,,full_output,20,10,False,67,67,True,11.99164581298828,,ok,False,ok,60,52.0
exp_c,exp_c__gsm8k_test_000875__think,gsm8k_test_000875,think,canonical,,thinking_segment,6,10,False,3,0,False,,too_short,ok_qwen_token_boundary,False,ok,60,52.0
exp_c,exp_c__gsm8k_test_000875__think,gsm8k_test_000875,think,canonical,,thinking_segment,13,10,False,3,0,False,,too_short,ok_qwen_token_boundary,False,ok,60,52.0
exp_c,exp_c__gsm8k_test_000875__think,gsm8k_test_000875,think,canonical,,thinking_segment,20,10,False,3,0,False,,too_short,ok_qwen_token_boundary,False,ok,60,52.0
exp_c,exp_c__gsm8k_test_000875__think,gsm8k_test_000875,think,canonical,,answer_segment,6,10,False,64,64,True,18.123685836791992,,ok_qwen_token_boundary,False,ok,60,52.0
exp_c,exp_c__gsm8k_test_000875__think,gsm8k_test_000875,think,canonical,,answer_segment,13,10,False,64,64,True,12.141287803649902,,ok_qwen_token_boundary,False,ok,60,52.0
exp_c,exp_c__gsm8k_test_000875__think,gsm8k_test_000875,think,canonical,,answer_segment,20,10,False,64,64,True,12.095105171203612,,ok_qwen_token_boundary,False,ok,60,52.0
exp_c,exp_c__gsm8k_test_000875__no_think,gsm8k_test_000875,no_think,canonical,,full_output,6,10,False,69,69,True,15.484747886657717,,ok,False,ok,60,46.0
exp_c,exp_c__gsm8k_test_000875__no_think,gsm8k_test_000875,no_think,canonical,,full_output,13,10,False,69,69,True,12.033202171325684,,ok,False,ok,60,46.0
exp_c,exp_c__gsm8k_test_000875__no_think,gsm8k_test_000875,no_think,canonical,,full_output,20,10,False,69,69,True,13.15638256072998,,ok,False,ok,60,46.0
exp_c,exp_c__gsm8k_test_000875__no_think,gsm8k_test_000875,no_think,canonical,,answer_segment,6,10,False,69,69,True,15.484747886657717,,ok,False,ok,60,46.0
exp_c,exp_c__gsm8k_test_000875__no_think,gsm8k_test_000875,no_think,canonical,,answer_segment,13,10,False,69,69,True,12.033202171325684,,ok,False,ok,60,46.0
exp_c,exp_c__gsm8k_test_000875__no_think,gsm8k_test_000875,no_think,canonical,,answer_segment,20,10,False,69,69,True,13.15638256072998,,ok,False,ok,60,46.0
exp_c,exp_c__gsm8k_test_000891__think,gsm8k_test_000891,think,canonical,,full_output,6,10,False,63,63,True,12.309074401855469,,ok,False,ok,55,605.0
exp_c,exp_c__gsm8k_test_000891__think,gsm8k_test_000891,think,canonical,,full_output,13,10,False,63,63,True,10.623239517211914,,ok,False,ok,55,605.0
exp_c,exp_c__gsm8k_test_000891__think,gsm8k_test_000891,think,canonical,,full_output,20,10,False,63,63,True,11.65105152130127,,ok,False,ok,55,605.0
exp_c,exp_c__gsm8k_test_000891__think,gsm8k_test_000891,think,canonical,,thinking_segment,6,10,False,3,0,False,,too_short,ok_qwen_token_boundary,False,ok,55,605.0
exp_c,exp_c__gsm8k_test_000891__think,gsm8k_test_000891,think,canonical,,thinking_segment,13,10,False,3,0,False,,too_short,ok_qwen_token_boundary,False,ok,55,605.0
exp_c,exp_c__gsm8k_test_000891__think,gsm8k_test_000891,think,canonical,,thinking_segment,20,10,False,3,0,False,,too_short,ok_qwen_token_boundary,False,ok,55,605.0
exp_c,exp_c__gsm8k_test_000891__think,gsm8k_test_000891,think,canonical,,answer_segment,6,10,False,60,60,True,12.959229469299316,,ok_qwen_token_boundary,False,ok,55,605.0
exp_c,exp_c__gsm8k_test_000891__think,gsm8k_test_000891,think,canonical,,answer_segment,13,10,False,60,60,True,10.382129669189451,,ok_qwen_token_boundary,False,ok,55,605.0
exp_c,exp_c__gsm8k_test_000891__think,gsm8k_test_000891,think,canonical,,answer_segment,20,10,False,60,60,True,11.481675148010254,,ok_qwen_token_boundary,False,ok,55,605.0
exp_c,exp_c__gsm8k_test_000891__no_think,gsm8k_test_000891,no_think,canonical,,full_output,6,10,False,59,59,True,12.841264724731444,,ok,False,ok,55,605.0
exp_c,exp_c__gsm8k_test_000891__no_think,gsm8k_test_000891,no_think,canonical,,full_output,13,10,False,59,59,True,10.34004020690918,,ok,False,ok,55,605.0
exp_c,exp_c__gsm8k_test_000891__no_think,gsm8k_test_000891,no_think,canonical,,full_output,20,10,False,59,59,True,11.227638244628906,,ok,False,ok,55,605.0
exp_c,exp_c__gsm8k_test_000891__no_think,gsm8k_test_000891,no_think,canonical,,answer_segment,6,10,False,59,59,True,12.841264724731444,,ok,False,ok,55,605.0
exp_c,exp_c__gsm8k_test_000891__no_think,gsm8k_test_000891,no_think,canonical,,answer_segment,13,10,False,59,59,True,10.34004020690918,,ok,False,ok,55,605.0
exp_c,exp_c__gsm8k_test_000891__no_think,gsm8k_test_000891,no_think,canonical,,answer_segment,20,10,False,59,59,True,11.227638244628906,,ok,False,ok,55,605.0
exp_c,exp_c__gsm8k_test_000896__think,gsm8k_test_000896,think,canonical,,full_output,6,10,False,274,274,True,12.559531211853027,,ok,True,ok,250,250.0
exp_c,exp_c__gsm8k_test_000896__think,gsm8k_test_000896,think,canonical,,full_output,13,10,False,274,274,True,10.490715980529783,,ok,True,ok,250,250.0
exp_c,exp_c__gsm8k_test_000896__think,gsm8k_test_000896,think,canonical,,full_output,20,10,False,274,274,True,10.257697105407717,,ok,True,ok,250,250.0
exp_c,exp_c__gsm8k_test_000896__think,gsm8k_test_000896,think,canonical,,thinking_segment,6,10,False,232,232,True,13.407876968383787,,ok_qwen_token_boundary,True,ok,250,250.0
exp_c,exp_c__gsm8k_test_000896__think,gsm8k_test_000896,think,canonical,,thinking_segment,13,10,False,232,232,True,10.62944507598877,,ok_qwen_token_boundary,True,ok,250,250.0
exp_c,exp_c__gsm8k_test_000896__think,gsm8k_test_000896,think,canonical,,thinking_segment,20,10,False,232,232,True,10.2298002243042,,ok_qwen_token_boundary,True,ok,250,250.0
exp_c,exp_c__gsm8k_test_000896__think,gsm8k_test_000896,think,canonical,,answer_segment,6,10,False,42,42,True,14.668962478637695,,ok_qwen_token_boundary,True,ok,250,250.0
exp_c,exp_c__gsm8k_test_000896__think,gsm8k_test_000896,think,canonical,,answer_segment,13,10,False,42,42,True,12.648492813110352,,ok_qwen_token_boundary,True,ok,250,250.0
exp_c,exp_c__gsm8k_test_000896__think,gsm8k_test_000896,think,canonical,,answer_segment,20,10,False,42,42,True,12.907720565795898,,ok_qwen_token_boundary,True,ok,250,250.0
exp_c,exp_c__gsm8k_test_000896__no_think,gsm8k_test_000896,no_think,canonical,,full_output,6,10,False,65,65,True,14.339375495910645,,ok,False,ok,250,750.0
exp_c,exp_c__gsm8k_test_000896__no_think,gsm8k_test_000896,no_think,canonical,,full_output,13,10,False,65,65,True,11.621209144592283,,ok,False,ok,250,750.0
exp_c,exp_c__gsm8k_test_000896__no_think,gsm8k_test_000896,no_think,canonical,,full_output,20,10,False,65,65,True,11.349380493164062,,ok,False,ok,250,750.0
exp_c,exp_c__gsm8k_test_000896__no_think,gsm8k_test_000896,no_think,canonical,,answer_segment,6,10,False,65,65,True,14.339375495910645,,ok,False,ok,250,750.0
exp_c,exp_c__gsm8k_test_000896__no_think,gsm8k_test_000896,no_think,canonical,,answer_segment,13,10,False,65,65,True,11.621209144592283,,ok,False,ok,250,750.0
exp_c,exp_c__gsm8k_test_000896__no_think,gsm8k_test_000896,no_think,canonical,,answer_segment,20,10,False,65,65,True,11.349380493164062,,ok,False,ok,250,750.0
exp_c,exp_c__gsm8k_test_000900__think,gsm8k_test_000900,think,canonical,,full_output,6,10,False,35,35,True,15.808839797973633,,ok,False,ok,15,8.0
exp_c,exp_c__gsm8k_test_000900__think,gsm8k_test_000900,think,canonical,,full_output,13,10,False,35,35,True,12.55589771270752,,ok,False,ok,15,8.0
exp_c,exp_c__gsm8k_test_000900__think,gsm8k_test_000900,think,canonical,,full_output,20,10,False,35,35,True,12.783137321472168,,ok,False,ok,15,8.0
exp_c,exp_c__gsm8k_test_000900__think,gsm8k_test_000900,think,canonical,,thinking_segment,6,10,False,3,0,False,,too_short,ok_qwen_token_boundary,False,ok,15,8.0
exp_c,exp_c__gsm8k_test_000900__think,gsm8k_test_000900,think,canonical,,thinking_segment,13,10,False,3,0,False,,too_short,ok_qwen_token_boundary,False,ok,15,8.0
exp_c,exp_c__gsm8k_test_000900__think,gsm8k_test_000900,think,canonical,,thinking_segment,20,10,False,3,0,False,,too_short,ok_qwen_token_boundary,False,ok,15,8.0
exp_c,exp_c__gsm8k_test_000900__think,gsm8k_test_000900,think,canonical,,answer_segment,6,10,False,32,32,True,18.400184631347656,,ok_qwen_token_boundary,False,ok,15,8.0
exp_c,exp_c__gsm8k_test_000900__think,gsm8k_test_000900,think,canonical,,answer_segment,13,10,False,32,32,True,12.735498428344728,,ok_qwen_token_boundary,False,ok,15,8.0
exp_c,exp_c__gsm8k_test_000900__think,gsm8k_test_000900,think,canonical,,answer_segment,20,10,False,32,32,True,13.034482955932615,,ok_qwen_token_boundary,False,ok,15,8.0
exp_c,exp_c__gsm8k_test_000900__no_think,gsm8k_test_000900,no_think,canonical,,full_output,6,10,False,41,41,True,14.264103889465332,,ok,False,ok,15,5.0
exp_c,exp_c__gsm8k_test_000900__no_think,gsm8k_test_000900,no_think,canonical,,full_output,13,10,False,41,41,True,11.294000625610352,,ok,False,ok,15,5.0
exp_c,exp_c__gsm8k_test_000900__no_think,gsm8k_test_000900,no_think,canonical,,full_output,20,10,False,41,41,True,10.668190002441406,,ok,False,ok,15,5.0
exp_c,exp_c__gsm8k_test_000900__no_think,gsm8k_test_000900,no_think,canonical,,answer_segment,6,10,False,41,41,True,14.264103889465332,,ok,False,ok,15,5.0
exp_c,exp_c__gsm8k_test_000900__no_think,gsm8k_test_000900,no_think,canonical,,answer_segment,13,10,False,41,41,True,11.294000625610352,,ok,False,ok,15,5.0
exp_c,exp_c__gsm8k_test_000900__no_think,gsm8k_test_000900,no_think,canonical,,answer_segment,20,10,False,41,41,True,10.668190002441406,,ok,False,ok,15,5.0
exp_c,exp_c__gsm8k_test_000901__think,gsm8k_test_000901,think,canonical,,full_output,6,10,False,569,569,True,9.477466583251951,,ok,False,ok,1,2.0
exp_c,exp_c__gsm8k_test_000901__think,gsm8k_test_000901,think,canonical,,full_output,13,10,False,569,569,True,8.6112642288208,,ok,False,ok,1,2.0
exp_c,exp_c__gsm8k_test_000901__think,gsm8k_test_000901,think,canonical,,full_output,20,10,False,569,569,True,7.806608200073242,,ok,False,ok,1,2.0
exp_c,exp_c__gsm8k_test_000901__think,gsm8k_test_000901,think,canonical,,thinking_segment,6,10,False,514,514,True,9.015629768371582,,ok_qwen_token_boundary,False,ok,1,2.0
exp_c,exp_c__gsm8k_test_000901__think,gsm8k_test_000901,think,canonical,,thinking_segment,13,10,False,514,514,True,8.307279586791992,,ok_qwen_token_boundary,False,ok,1,2.0
exp_c,exp_c__gsm8k_test_000901__think,gsm8k_test_000901,think,canonical,,thinking_segment,20,10,False,514,514,True,7.462652206420898,,ok_qwen_token_boundary,False,ok,1,2.0
exp_c,exp_c__gsm8k_test_000901__think,gsm8k_test_000901,think,canonical,,answer_segment,6,10,False,55,55,True,11.702466011047363,,ok_qwen_token_boundary,False,ok,1,2.0
exp_c,exp_c__gsm8k_test_000901__think,gsm8k_test_000901,think,canonical,,answer_segment,13,10,False,55,55,True,11.47586154937744,,ok_qwen_token_boundary,False,ok,1,2.0
exp_c,exp_c__gsm8k_test_000901__think,gsm8k_test_000901,think,canonical,,answer_segment,20,10,False,55,55,True,11.379812240600586,,ok_qwen_token_boundary,False,ok,1,2.0
exp_c,exp_c__gsm8k_test_000901__no_think,gsm8k_test_000901,no_think,canonical,,full_output,6,10,False,52,52,True,15.985541343688965,,ok,False,ok,1,2.0
exp_c,exp_c__gsm8k_test_000901__no_think,gsm8k_test_000901,no_think,canonical,,full_output,13,10,False,52,52,True,11.994478225708008,,ok,False,ok,1,2.0
exp_c,exp_c__gsm8k_test_000901__no_think,gsm8k_test_000901,no_think,canonical,,full_output,20,10,False,52,52,True,12.393925666809082,,ok,False,ok,1,2.0
exp_c,exp_c__gsm8k_test_000901__no_think,gsm8k_test_000901,no_think,canonical,,answer_segment,6,10,False,52,52,True,15.985541343688965,,ok,False,ok,1,2.0
exp_c,exp_c__gsm8k_test_000901__no_think,gsm8k_test_000901,no_think,canonical,,answer_segment,13,10,False,52,52,True,11.994478225708008,,ok,False,ok,1,2.0
exp_c,exp_c__gsm8k_test_000901__no_think,gsm8k_test_000901,no_think,canonical,,answer_segment,20,10,False,52,52,True,12.393925666809082,,ok,False,ok,1,2.0
exp_c,exp_c__gsm8k_test_000911__think,gsm8k_test_000911,think,canonical,,full_output,6,10,False,263,263,True,12.22368335723877,,ok,True,ok,64,64.0
exp_c,exp_c__gsm8k_test_000911__think,gsm8k_test_000911,think,canonical,,full_output,13,10,False,263,263,True,10.335243225097656,,ok,True,ok,64,64.0
exp_c,exp_c__gsm8k_test_000911__think,gsm8k_test_000911,think,canonical,,full_output,20,10,False,263,263,True,9.35202407836914,,ok,True,ok,64,64.0
exp_c,exp_c__gsm8k_test_000911__think,gsm8k_test_000911,think,canonical,,thinking_segment,6,10,False,211,211,True,12.632613182067873,,ok_qwen_token_boundary,True,ok,64,64.0
exp_c,exp_c__gsm8k_test_000911__think,gsm8k_test_000911,think,canonical,,thinking_segment,13,10,False,211,211,True,10.351080894470217,,ok_qwen_token_boundary,True,ok,64,64.0
exp_c,exp_c__gsm8k_test_000911__think,gsm8k_test_000911,think,canonical,,thinking_segment,20,10,False,211,211,True,9.611651420593262,,ok_qwen_token_boundary,True,ok,64,64.0
exp_c,exp_c__gsm8k_test_000911__think,gsm8k_test_000911,think,canonical,,answer_segment,6,10,False,52,52,True,16.741729736328125,,ok_qwen_token_boundary,True,ok,64,64.0
exp_c,exp_c__gsm8k_test_000911__think,gsm8k_test_000911,think,canonical,,answer_segment,13,10,False,52,52,True,12.076995849609377,,ok_qwen_token_boundary,True,ok,64,64.0
exp_c,exp_c__gsm8k_test_000911__think,gsm8k_test_000911,think,canonical,,answer_segment,20,10,False,52,52,True,11.683279037475586,,ok_qwen_token_boundary,True,ok,64,64.0
exp_c,exp_c__gsm8k_test_000911__no_think,gsm8k_test_000911,no_think,canonical,,full_output,6,10,False,49,49,True,13.40225887298584,,ok,True,ok,64,64.0
exp_c,exp_c__gsm8k_test_000911__no_think,gsm8k_test_000911,no_think,canonical,,full_output,13,10,False,49,49,True,11.647220611572266,,ok,True,ok,64,64.0
exp_c,exp_c__gsm8k_test_000911__no_think,gsm8k_test_000911,no_think,canonical,,full_output,20,10,False,49,49,True,12.784341812133787,,ok,True,ok,64,64.0
exp_c,exp_c__gsm8k_test_000911__no_think,gsm8k_test_000911,no_think,canonical,,answer_segment,6,10,False,49,49,True,13.40225887298584,,ok,True,ok,64,64.0
exp_c,exp_c__gsm8k_test_000911__no_think,gsm8k_test_000911,no_think,canonical,,answer_segment,13,10,False,49,49,True,11.647220611572266,,ok,True,ok,64,64.0
exp_c,exp_c__gsm8k_test_000911__no_think,gsm8k_test_000911,no_think,canonical,,answer_segment,20,10,False,49,49,True,12.784341812133787,,ok,True,ok,64,64.0
exp_c,exp_c__gsm8k_test_000913__think,gsm8k_test_000913,think,canonical,,full_output,6,10,False,54,54,True,16.159297943115234,,ok,True,ok,6,6.0
exp_c,exp_c__gsm8k_test_000913__think,gsm8k_test_000913,think,canonical,,full_output,13,10,False,54,54,True,12.563414573669434,,ok,True,ok,6,6.0
exp_c,exp_c__gsm8k_test_000913__think,gsm8k_test_000913,think,canonical,,full_output,20,10,False,54,54,True,13.044195175170898,,ok,True,ok,6,6.0
exp_c,exp_c__gsm8k_test_000913__think,gsm8k_test_000913,think,canonical,,thinking_segment,6,10,False,3,0,False,,too_short,ok_qwen_token_boundary,True,ok,6,6.0
exp_c,exp_c__gsm8k_test_000913__think,gsm8k_test_000913,think,canonical,,thinking_segment,13,10,False,3,0,False,,too_short,ok_qwen_token_boundary,True,ok,6,6.0
exp_c,exp_c__gsm8k_test_000913__think,gsm8k_test_000913,think,canonical,,thinking_segment,20,10,False,3,0,False,,too_short,ok_qwen_token_boundary,True,ok,6,6.0
exp_c,exp_c__gsm8k_test_000913__think,gsm8k_test_000913,think,canonical,,answer_segment,6,10,False,51,51,True,17.84324073791504,,ok_qwen_token_boundary,True,ok,6,6.0
exp_c,exp_c__gsm8k_test_000913__think,gsm8k_test_000913,think,canonical,,answer_segment,13,10,False,51,51,True,12.23507595062256,,ok_qwen_token_boundary,True,ok,6,6.0
exp_c,exp_c__gsm8k_test_000913__think,gsm8k_test_000913,think,canonical,,answer_segment,20,10,False,51,51,True,13.035987854003906,,ok_qwen_token_boundary,True,ok,6,6.0
exp_c,exp_c__gsm8k_test_000913__no_think,gsm8k_test_000913,no_think,canonical,,full_output,6,10,False,50,50,True,17.200281143188477,,ok,True,ok,6,6.0
exp_c,exp_c__gsm8k_test_000913__no_think,gsm8k_test_000913,no_think,canonical,,full_output,13,10,False,50,50,True,13.287248611450195,,ok,True,ok,6,6.0
exp_c,exp_c__gsm8k_test_000913__no_think,gsm8k_test_000913,no_think,canonical,,full_output,20,10,False,50,50,True,13.394824981689451,,ok,True,ok,6,6.0
exp_c,exp_c__gsm8k_test_000913__no_think,gsm8k_test_000913,no_think,canonical,,answer_segment,6,10,False,50,50,True,17.200281143188477,,ok,True,ok,6,6.0
exp_c,exp_c__gsm8k_test_000913__no_think,gsm8k_test_000913,no_think,canonical,,answer_segment,13,10,False,50,50,True,13.287248611450195,,ok,True,ok,6,6.0
exp_c,exp_c__gsm8k_test_000913__no_think,gsm8k_test_000913,no_think,canonical,,answer_segment,20,10,False,50,50,True,13.394824981689451,,ok,True,ok,6,6.0
exp_c,exp_c__gsm8k_test_000914__think,gsm8k_test_000914,think,canonical,,full_output,6,10,False,59,59,True,12.546563148498535,,ok,True,ok,3,3.0
exp_c,exp_c__gsm8k_test_000914__think,gsm8k_test_000914,think,canonical,,full_output,13,10,False,59,59,True,10.633358001708984,,ok,True,ok,3,3.0
exp_c,exp_c__gsm8k_test_000914__think,gsm8k_test_000914,think,canonical,,full_output,20,10,False,59,59,True,10.583260536193848,,ok,True,ok,3,3.0
exp_c,exp_c__gsm8k_test_000914__think,gsm8k_test_000914,think,canonical,,thinking_segment,6,10,False,3,0,False,,too_short,ok_qwen_token_boundary,True,ok,3,3.0
exp_c,exp_c__gsm8k_test_000914__think,gsm8k_test_000914,think,canonical,,thinking_segment,13,10,False,3,0,False,,too_short,ok_qwen_token_boundary,True,ok,3,3.0
exp_c,exp_c__gsm8k_test_000914__think,gsm8k_test_000914,think,canonical,,thinking_segment,20,10,False,3,0,False,,too_short,ok_qwen_token_boundary,True,ok,3,3.0
exp_c,exp_c__gsm8k_test_000914__think,gsm8k_test_000914,think,canonical,,answer_segment,6,10,False,56,56,True,13.51202392578125,,ok_qwen_token_boundary,True,ok,3,3.0
exp_c,exp_c__gsm8k_test_000914__think,gsm8k_test_000914,think,canonical,,answer_segment,13,10,False,56,56,True,10.473515510559082,,ok_qwen_token_boundary,True,ok,3,3.0
exp_c,exp_c__gsm8k_test_000914__think,gsm8k_test_000914,think,canonical,,answer_segment,20,10,False,56,56,True,10.600160598754885,,ok_qwen_token_boundary,True,ok,3,3.0
exp_c,exp_c__gsm8k_test_000914__no_think,gsm8k_test_000914,no_think,canonical,,full_output,6,10,False,70,70,True,15.034743309020996,,ok,True,ok,3,3.0
exp_c,exp_c__gsm8k_test_000914__no_think,gsm8k_test_000914,no_think,canonical,,full_output,13,10,False,70,70,True,10.752685546875,,ok,True,ok,3,3.0
exp_c,exp_c__gsm8k_test_000914__no_think,gsm8k_test_000914,no_think,canonical,,full_output,20,10,False,70,70,True,11.075119972229004,,ok,True,ok,3,3.0
exp_c,exp_c__gsm8k_test_000914__no_think,gsm8k_test_000914,no_think,canonical,,answer_segment,6,10,False,70,70,True,15.034743309020996,,ok,True,ok,3,3.0
exp_c,exp_c__gsm8k_test_000914__no_think,gsm8k_test_000914,no_think,canonical,,answer_segment,13,10,False,70,70,True,10.752685546875,,ok,True,ok,3,3.0
exp_c,exp_c__gsm8k_test_000914__no_think,gsm8k_test_000914,no_think,canonical,,answer_segment,20,10,False,70,70,True,11.075119972229004,,ok,True,ok,3,3.0
exp_c,exp_c__gsm8k_test_000915__think,gsm8k_test_000915,think,canonical,,full_output,6,10,False,50,50,True,11.40532112121582,,ok,False,ok,23,18.0
exp_c,exp_c__gsm8k_test_000915__think,gsm8k_test_000915,think,canonical,,full_output,13,10,False,50,50,True,10.690771102905272,,ok,False,ok,23,18.0
exp_c,exp_c__gsm8k_test_000915__think,gsm8k_test_000915,think,canonical,,full_output,20,10,False,50,50,True,12.119112968444824,,ok,False,ok,23,18.0
exp_c,exp_c__gsm8k_test_000915__think,gsm8k_test_000915,think,canonical,,thinking_segment,6,10,False,3,0,False,,too_short,ok_qwen_token_boundary,False,ok,23,18.0
exp_c,exp_c__gsm8k_test_000915__think,gsm8k_test_000915,think,canonical,,thinking_segment,13,10,False,3,0,False,,too_short,ok_qwen_token_boundary,False,ok,23,18.0
exp_c,exp_c__gsm8k_test_000915__think,gsm8k_test_000915,think,canonical,,thinking_segment,20,10,False,3,0,False,,too_short,ok_qwen_token_boundary,False,ok,23,18.0
exp_c,exp_c__gsm8k_test_000915__think,gsm8k_test_000915,think,canonical,,answer_segment,6,10,False,47,47,True,13.219231605529783,,ok_qwen_token_boundary,False,ok,23,18.0
exp_c,exp_c__gsm8k_test_000915__think,gsm8k_test_000915,think,canonical,,answer_segment,13,10,False,47,47,True,10.885706901550291,,ok_qwen_token_boundary,False,ok,23,18.0
exp_c,exp_c__gsm8k_test_000915__think,gsm8k_test_000915,think,canonical,,answer_segment,20,10,False,47,47,True,12.242026329040527,,ok_qwen_token_boundary,False,ok,23,18.0
exp_c,exp_c__gsm8k_test_000915__no_think,gsm8k_test_000915,no_think,canonical,,full_output,6,10,False,42,42,True,12.647652626037598,,ok,False,ok,23,20.0
exp_c,exp_c__gsm8k_test_000915__no_think,gsm8k_test_000915,no_think,canonical,,full_output,13,10,False,42,42,True,11.159255027770996,,ok,False,ok,23,20.0
exp_c,exp_c__gsm8k_test_000915__no_think,gsm8k_test_000915,no_think,canonical,,full_output,20,10,False,42,42,True,12.494359016418455,,ok,False,ok,23,20.0
exp_c,exp_c__gsm8k_test_000915__no_think,gsm8k_test_000915,no_think,canonical,,answer_segment,6,10,False,42,42,True,12.647652626037598,,ok,False,ok,23,20.0
exp_c,exp_c__gsm8k_test_000915__no_think,gsm8k_test_000915,no_think,canonical,,answer_segment,13,10,False,42,42,True,11.159255027770996,,ok,False,ok,23,20.0
exp_c,exp_c__gsm8k_test_000915__no_think,gsm8k_test_000915,no_think,canonical,,answer_segment,20,10,False,42,42,True,12.494359016418455,,ok,False,ok,23,20.0
exp_c,exp_c__gsm8k_test_000917__think,gsm8k_test_000917,think,canonical,,full_output,6,10,False,48,48,True,13.88510036468506,,ok,True,ok,12,12.0
exp_c,exp_c__gsm8k_test_000917__think,gsm8k_test_000917,think,canonical,,full_output,13,10,False,48,48,True,10.967854499816896,,ok,True,ok,12,12.0
exp_c,exp_c__gsm8k_test_000917__think,gsm8k_test_000917,think,canonical,,full_output,20,10,False,48,48,True,12.266521453857422,,ok,True,ok,12,12.0
exp_c,exp_c__gsm8k_test_000917__think,gsm8k_test_000917,think,canonical,,thinking_segment,6,10,False,3,0,False,,too_short,ok_qwen_token_boundary,True,ok,12,12.0
exp_c,exp_c__gsm8k_test_000917__think,gsm8k_test_000917,think,canonical,,thinking_segment,13,10,False,3,0,False,,too_short,ok_qwen_token_boundary,True,ok,12,12.0
exp_c,exp_c__gsm8k_test_000917__think,gsm8k_test_000917,think,canonical,,thinking_segment,20,10,False,3,0,False,,too_short,ok_qwen_token_boundary,True,ok,12,12.0
exp_c,exp_c__gsm8k_test_000917__think,gsm8k_test_000917,think,canonical,,answer_segment,6,10,False,45,45,True,15.2488374710083,,ok_qwen_token_boundary,True,ok,12,12.0
exp_c,exp_c__gsm8k_test_000917__think,gsm8k_test_000917,think,canonical,,answer_segment,13,10,False,45,45,True,10.993189811706545,,ok_qwen_token_boundary,True,ok,12,12.0
exp_c,exp_c__gsm8k_test_000917__think,gsm8k_test_000917,think,canonical,,answer_segment,20,10,False,45,45,True,12.32278537750244,,ok_qwen_token_boundary,True,ok,12,12.0
exp_c,exp_c__gsm8k_test_000917__no_think,gsm8k_test_000917,no_think,canonical,,full_output,6,10,False,44,44,True,15.00095558166504,,ok,True,ok,12,12.0
exp_c,exp_c__gsm8k_test_000917__no_think,gsm8k_test_000917,no_think,canonical,,full_output,13,10,False,44,44,True,11.003090858459473,,ok,True,ok,12,12.0
exp_c,exp_c__gsm8k_test_000917__no_think,gsm8k_test_000917,no_think,canonical,,full_output,20,10,False,44,44,True,11.8337984085083,,ok,True,ok,12,12.0
exp_c,exp_c__gsm8k_test_000917__no_think,gsm8k_test_000917,no_think,canonical,,answer_segment,6,10,False,44,44,True,15.00095558166504,,ok,True,ok,12,12.0
exp_c,exp_c__gsm8k_test_000917__no_think,gsm8k_test_000917,no_think,canonical,,answer_segment,13,10,False,44,44,True,11.003090858459473,,ok,True,ok,12,12.0
exp_c,exp_c__gsm8k_test_000917__no_think,gsm8k_test_000917,no_think,canonical,,answer_segment,20,10,False,44,44,True,11.8337984085083,,ok,True,ok,12,12.0
exp_c,exp_c__gsm8k_test_000921__think,gsm8k_test_000921,think,canonical,,full_output,6,10,False,40,40,True,14.989520072937012,,ok,True,ok,4,4.0
exp_c,exp_c__gsm8k_test_000921__think,gsm8k_test_000921,think,canonical,,full_output,13,10,False,40,40,True,11.453219413757324,,ok,True,ok,4,4.0
exp_c,exp_c__gsm8k_test_000921__think,gsm8k_test_000921,think,canonical,,full_output,20,10,False,40,40,True,12.957768440246582,,ok,True,ok,4,4.0
exp_c,exp_c__gsm8k_test_000921__think,gsm8k_test_000921,think,canonical,,thinking_segment,6,10,False,3,0,False,,too_short,ok_qwen_token_boundary,True,ok,4,4.0
exp_c,exp_c__gsm8k_test_000921__think,gsm8k_test_000921,think,canonical,,thinking_segment,13,10,False,3,0,False,,too_short,ok_qwen_token_boundary,True,ok,4,4.0
exp_c,exp_c__gsm8k_test_000921__think,gsm8k_test_000921,think,canonical,,thinking_segment,20,10,False,3,0,False,,too_short,ok_qwen_token_boundary,True,ok,4,4.0
exp_c,exp_c__gsm8k_test_000921__think,gsm8k_test_000921,think,canonical,,answer_segment,6,10,False,37,37,True,18.02244758605957,,ok_qwen_token_boundary,True,ok,4,4.0
exp_c,exp_c__gsm8k_test_000921__think,gsm8k_test_000921,think,canonical,,answer_segment,13,10,False,37,37,True,11.640823364257812,,ok_qwen_token_boundary,True,ok,4,4.0
exp_c,exp_c__gsm8k_test_000921__think,gsm8k_test_000921,think,canonical,,answer_segment,20,10,False,37,37,True,12.878854751586914,,ok_qwen_token_boundary,True,ok,4,4.0
exp_c,exp_c__gsm8k_test_000921__no_think,gsm8k_test_000921,no_think,canonical,,full_output,6,10,False,40,40,True,16.93140983581543,,ok,True,ok,4,4.0
exp_c,exp_c__gsm8k_test_000921__no_think,gsm8k_test_000921,no_think,canonical,,full_output,13,10,False,40,40,True,11.38866138458252,,ok,True,ok,4,4.0
exp_c,exp_c__gsm8k_test_000921__no_think,gsm8k_test_000921,no_think,canonical,,full_output,20,10,False,40,40,True,12.922365188598633,,ok,True,ok,4,4.0
exp_c,exp_c__gsm8k_test_000921__no_think,gsm8k_test_000921,no_think,canonical,,answer_segment,6,10,False,40,40,True,16.93140983581543,,ok,True,ok,4,4.0
exp_c,exp_c__gsm8k_test_000921__no_think,gsm8k_test_000921,no_think,canonical,,answer_segment,13,10,False,40,40,True,11.38866138458252,,ok,True,ok,4,4.0
exp_c,exp_c__gsm8k_test_000921__no_think,gsm8k_test_000921,no_think,canonical,,answer_segment,20,10,False,40,40,True,12.922365188598633,,ok,True,ok,4,4.0
exp_c,exp_c__gsm8k_test_000923__think,gsm8k_test_000923,think,canonical,,full_output,6,10,False,565,565,True,9.34775161743164,,ok,False,ok,2,4.5
exp_c,exp_c__gsm8k_test_000923__think,gsm8k_test_000923,think,canonical,,full_output,13,10,False,565,565,True,9.030000686645508,,ok,False,ok,2,4.5
exp_c,exp_c__gsm8k_test_000923__think,gsm8k_test_000923,think,canonical,,full_output,20,10,False,565,565,True,8.941550254821777,,ok,False,ok,2,4.5
exp_c,exp_c__gsm8k_test_000923__think,gsm8k_test_000923,think,canonical,,thinking_segment,6,10,False,514,514,True,9.07069492340088,,ok_qwen_token_boundary,False,ok,2,4.5
exp_c,exp_c__gsm8k_test_000923__think,gsm8k_test_000923,think,canonical,,thinking_segment,13,10,False,514,514,True,8.996451377868652,,ok_qwen_token_boundary,False,ok,2,4.5
exp_c,exp_c__gsm8k_test_000923__think,gsm8k_test_000923,think,canonical,,thinking_segment,20,10,False,514,514,True,8.75905990600586,,ok_qwen_token_boundary,False,ok,2,4.5
exp_c,exp_c__gsm8k_test_000923__think,gsm8k_test_000923,think,canonical,,answer_segment,6,10,False,51,51,True,14.095575332641602,,ok_qwen_token_boundary,False,ok,2,4.5
exp_c,exp_c__gsm8k_test_000923__think,gsm8k_test_000923,think,canonical,,answer_segment,13,10,False,51,51,True,11.348360061645508,,ok_qwen_token_boundary,False,ok,2,4.5
exp_c,exp_c__gsm8k_test_000923__think,gsm8k_test_000923,think,canonical,,answer_segment,20,10,False,51,51,True,12.06028938293457,,ok_qwen_token_boundary,False,ok,2,4.5
exp_c,exp_c__gsm8k_test_000923__no_think,gsm8k_test_000923,no_think,canonical,,full_output,6,10,False,45,45,True,15.263144493103027,,ok,False,ok,2,9.0
exp_c,exp_c__gsm8k_test_000923__no_think,gsm8k_test_000923,no_think,canonical,,full_output,13,10,False,45,45,True,11.928180694580078,,ok,False,ok,2,9.0
exp_c,exp_c__gsm8k_test_000923__no_think,gsm8k_test_000923,no_think,canonical,,full_output,20,10,False,45,45,True,12.776756286621094,,ok,False,ok,2,9.0
exp_c,exp_c__gsm8k_test_000923__no_think,gsm8k_test_000923,no_think,canonical,,answer_segment,6,10,False,45,45,True,15.263144493103027,,ok,False,ok,2,9.0
exp_c,exp_c__gsm8k_test_000923__no_think,gsm8k_test_000923,no_think,canonical,,answer_segment,13,10,False,45,45,True,11.928180694580078,,ok,False,ok,2,9.0
exp_c,exp_c__gsm8k_test_000923__no_think,gsm8k_test_000923,no_think,canonical,,answer_segment,20,10,False,45,45,True,12.776756286621094,,ok,False,ok,2,9.0
exp_c,exp_c__gsm8k_test_000924__think,gsm8k_test_000924,think,canonical,,full_output,6,10,False,492,492,True,8.96426010131836,,ok,True,ok,12,12.0
exp_c,exp_c__gsm8k_test_000924__think,gsm8k_test_000924,think,canonical,,full_output,13,10,False,492,492,True,8.663570404052734,,ok,True,ok,12,12.0
exp_c,exp_c__gsm8k_test_000924__think,gsm8k_test_000924,think,canonical,,full_output,20,10,False,492,492,True,8.131786346435547,,ok,True,ok,12,12.0
exp_c,exp_c__gsm8k_test_000924__think,gsm8k_test_000924,think,canonical,,thinking_segment,6,10,False,446,446,True,8.91564655303955,,ok_qwen_token_boundary,True,ok,12,12.0
exp_c,exp_c__gsm8k_test_000924__think,gsm8k_test_000924,think,canonical,,thinking_segment,13,10,False,446,446,True,8.7582368850708,,ok_qwen_token_boundary,True,ok,12,12.0
exp_c,exp_c__gsm8k_test_000924__think,gsm8k_test_000924,think,canonical,,thinking_segment,20,10,False,446,446,True,8.018392562866211,,ok_qwen_token_boundary,True,ok,12,12.0
exp_c,exp_c__gsm8k_test_000924__think,gsm8k_test_000924,think,canonical,,answer_segment,6,10,False,46,46,True,16.965665817260742,,ok_qwen_token_boundary,True,ok,12,12.0
exp_c,exp_c__gsm8k_test_000924__think,gsm8k_test_000924,think,canonical,,answer_segment,13,10,False,46,46,True,11.25298023223877,,ok_qwen_token_boundary,True,ok,12,12.0
exp_c,exp_c__gsm8k_test_000924__think,gsm8k_test_000924,think,canonical,,answer_segment,20,10,False,46,46,True,13.139145851135254,,ok_qwen_token_boundary,True,ok,12,12.0
exp_c,exp_c__gsm8k_test_000924__no_think,gsm8k_test_000924,no_think,canonical,,full_output,6,10,False,51,51,True,13.471296310424805,,ok,False,ok,12,6.0
exp_c,exp_c__gsm8k_test_000924__no_think,gsm8k_test_000924,no_think,canonical,,full_output,13,10,False,51,51,True,11.900260925292969,,ok,False,ok,12,6.0
exp_c,exp_c__gsm8k_test_000924__no_think,gsm8k_test_000924,no_think,canonical,,full_output,20,10,False,51,51,True,13.86642074584961,,ok,False,ok,12,6.0
exp_c,exp_c__gsm8k_test_000924__no_think,gsm8k_test_000924,no_think,canonical,,answer_segment,6,10,False,51,51,True,13.471296310424805,,ok,False,ok,12,6.0
exp_c,exp_c__gsm8k_test_000924__no_think,gsm8k_test_000924,no_think,canonical,,answer_segment,13,10,False,51,51,True,11.900260925292969,,ok,False,ok,12,6.0
exp_c,exp_c__gsm8k_test_000924__no_think,gsm8k_test_000924,no_think,canonical,,answer_segment,20,10,False,51,51,True,13.86642074584961,,ok,False,ok,12,6.0
exp_c,exp_c__gsm8k_test_000930__think,gsm8k_test_000930,think,canonical,,full_output,6,10,False,45,45,True,13.806921005249023,,ok,True,ok,14,14.0
exp_c,exp_c__gsm8k_test_000930__think,gsm8k_test_000930,think,canonical,,full_output,13,10,False,45,45,True,10.485641479492188,,ok,True,ok,14,14.0
exp_c,exp_c__gsm8k_test_000930__think,gsm8k_test_000930,think,canonical,,full_output,20,10,False,45,45,True,13.18145751953125,,ok,True,ok,14,14.0
exp_c,exp_c__gsm8k_test_000930__think,gsm8k_test_000930,think,canonical,,thinking_segment,6,10,False,3,0,False,,too_short,ok_qwen_token_boundary,True,ok,14,14.0
exp_c,exp_c__gsm8k_test_000930__think,gsm8k_test_000930,think,canonical,,thinking_segment,13,10,False,3,0,False,,too_short,ok_qwen_token_boundary,True,ok,14,14.0
exp_c,exp_c__gsm8k_test_000930__think,gsm8k_test_000930,think,canonical,,thinking_segment,20,10,False,3,0,False,,too_short,ok_qwen_token_boundary,True,ok,14,14.0
exp_c,exp_c__gsm8k_test_000930__think,gsm8k_test_000930,think,canonical,,answer_segment,6,10,False,42,42,True,15.776250839233398,,ok_qwen_token_boundary,True,ok,14,14.0
exp_c,exp_c__gsm8k_test_000930__think,gsm8k_test_000930,think,canonical,,answer_segment,13,10,False,42,42,True,10.565464973449709,,ok_qwen_token_boundary,True,ok,14,14.0
exp_c,exp_c__gsm8k_test_000930__think,gsm8k_test_000930,think,canonical,,answer_segment,20,10,False,42,42,True,13.339336395263672,,ok_qwen_token_boundary,True,ok,14,14.0
exp_c,exp_c__gsm8k_test_000930__no_think,gsm8k_test_000930,no_think,canonical,,full_output,6,10,False,57,57,True,12.64911651611328,,ok,True,ok,14,14.0
exp_c,exp_c__gsm8k_test_000930__no_think,gsm8k_test_000930,no_think,canonical,,full_output,13,10,False,57,57,True,10.855260848999023,,ok,True,ok,14,14.0
exp_c,exp_c__gsm8k_test_000930__no_think,gsm8k_test_000930,no_think,canonical,,full_output,20,10,False,57,57,True,11.894696235656738,,ok,True,ok,14,14.0
exp_c,exp_c__gsm8k_test_000930__no_think,gsm8k_test_000930,no_think,canonical,,answer_segment,6,10,False,57,57,True,12.64911651611328,,ok,True,ok,14,14.0
exp_c,exp_c__gsm8k_test_000930__no_think,gsm8k_test_000930,no_think,canonical,,answer_segment,13,10,False,57,57,True,10.855260848999023,,ok,True,ok,14,14.0
exp_c,exp_c__gsm8k_test_000930__no_think,gsm8k_test_000930,no_think,canonical,,answer_segment,20,10,False,57,57,True,11.894696235656738,,ok,True,ok,14,14.0
exp_c,exp_c__gsm8k_test_000948__think,gsm8k_test_000948,think,canonical,,full_output,6,10,False,453,453,True,9.722375869750977,,ok,True,ok,15,15.0
exp_c,exp_c__gsm8k_test_000948__think,gsm8k_test_000948,think,canonical,,full_output,13,10,False,453,453,True,9.132524490356444,,ok,True,ok,15,15.0
exp_c,exp_c__gsm8k_test_000948__think,gsm8k_test_000948,think,canonical,,full_output,20,10,False,453,453,True,9.019608497619627,,ok,True,ok,15,15.0
exp_c,exp_c__gsm8k_test_000948__think,gsm8k_test_000948,think,canonical,,thinking_segment,6,10,False,398,398,True,10.246256828308104,,ok_qwen_token_boundary,True,ok,15,15.0
exp_c,exp_c__gsm8k_test_000948__think,gsm8k_test_000948,think,canonical,,thinking_segment,13,10,False,398,398,True,9.081304550170898,,ok_qwen_token_boundary,True,ok,15,15.0
exp_c,exp_c__gsm8k_test_000948__think,gsm8k_test_000948,think,canonical,,thinking_segment,20,10,False,398,398,True,9.00500774383545,,ok_qwen_token_boundary,True,ok,15,15.0
exp_c,exp_c__gsm8k_test_000948__think,gsm8k_test_000948,think,canonical,,answer_segment,6,10,False,55,55,True,16.57943344116211,,ok_qwen_token_boundary,True,ok,15,15.0
exp_c,exp_c__gsm8k_test_000948__think,gsm8k_test_000948,think,canonical,,answer_segment,13,10,False,55,55,True,10.950486183166504,,ok_qwen_token_boundary,True,ok,15,15.0
exp_c,exp_c__gsm8k_test_000948__think,gsm8k_test_000948,think,canonical,,answer_segment,20,10,False,55,55,True,11.006875991821287,,ok_qwen_token_boundary,True,ok,15,15.0
exp_c,exp_c__gsm8k_test_000948__no_think,gsm8k_test_000948,no_think,canonical,,full_output,6,10,False,56,56,True,15.163975715637209,,ok,False,ok,15,2.8
exp_c,exp_c__gsm8k_test_000948__no_think,gsm8k_test_000948,no_think,canonical,,full_output,13,10,False,56,56,True,10.469903945922852,,ok,False,ok,15,2.8
exp_c,exp_c__gsm8k_test_000948__no_think,gsm8k_test_000948,no_think,canonical,,full_output,20,10,False,56,56,True,11.085097312927246,,ok,False,ok,15,2.8
exp_c,exp_c__gsm8k_test_000948__no_think,gsm8k_test_000948,no_think,canonical,,answer_segment,6,10,False,56,56,True,15.163975715637209,,ok,False,ok,15,2.8
exp_c,exp_c__gsm8k_test_000948__no_think,gsm8k_test_000948,no_think,canonical,,answer_segment,13,10,False,56,56,True,10.469903945922852,,ok,False,ok,15,2.8
exp_c,exp_c__gsm8k_test_000948__no_think,gsm8k_test_000948,no_think,canonical,,answer_segment,20,10,False,56,56,True,11.085097312927246,,ok,False,ok,15,2.8
exp_c,exp_c__gsm8k_test_000956__think,gsm8k_test_000956,think,canonical,,full_output,6,10,False,50,50,True,11.553016662597656,,ok,False,ok,1,3.0
exp_c,exp_c__gsm8k_test_000956__think,gsm8k_test_000956,think,canonical,,full_output,13,10,False,50,50,True,10.675917625427246,,ok,False,ok,1,3.0
exp_c,exp_c__gsm8k_test_000956__think,gsm8k_test_000956,think,canonical,,full_output,20,10,False,50,50,True,12.02786636352539,,ok,False,ok,1,3.0
exp_c,exp_c__gsm8k_test_000956__think,gsm8k_test_000956,think,canonical,,thinking_segment,6,10,False,3,0,False,,too_short,ok_qwen_token_boundary,False,ok,1,3.0
exp_c,exp_c__gsm8k_test_000956__think,gsm8k_test_000956,think,canonical,,thinking_segment,13,10,False,3,0,False,,too_short,ok_qwen_token_boundary,False,ok,1,3.0
exp_c,exp_c__gsm8k_test_000956__think,gsm8k_test_000956,think,canonical,,thinking_segment,20,10,False,3,0,False,,too_short,ok_qwen_token_boundary,False,ok,1,3.0
exp_c,exp_c__gsm8k_test_000956__think,gsm8k_test_000956,think,canonical,,answer_segment,6,10,False,47,47,True,14.674728393554688,,ok_qwen_token_boundary,False,ok,1,3.0
exp_c,exp_c__gsm8k_test_000956__think,gsm8k_test_000956,think,canonical,,answer_segment,13,10,False,47,47,True,10.693169593811035,,ok_qwen_token_boundary,False,ok,1,3.0
exp_c,exp_c__gsm8k_test_000956__think,gsm8k_test_000956,think,canonical,,answer_segment,20,10,False,47,47,True,12.11188793182373,,ok_qwen_token_boundary,False,ok,1,3.0
exp_c,exp_c__gsm8k_test_000956__no_think,gsm8k_test_000956,no_think,canonical,,full_output,6,10,False,63,63,True,12.78565788269043,,ok,False,ok,1,3.0
exp_c,exp_c__gsm8k_test_000956__no_think,gsm8k_test_000956,no_think,canonical,,full_output,13,10,False,63,63,True,10.816712379455566,,ok,False,ok,1,3.0
exp_c,exp_c__gsm8k_test_000956__no_think,gsm8k_test_000956,no_think,canonical,,full_output,20,10,False,63,63,True,10.675155639648438,,ok,False,ok,1,3.0
exp_c,exp_c__gsm8k_test_000956__no_think,gsm8k_test_000956,no_think,canonical,,answer_segment,6,10,False,63,63,True,12.78565788269043,,ok,False,ok,1,3.0
exp_c,exp_c__gsm8k_test_000956__no_think,gsm8k_test_000956,no_think,canonical,,answer_segment,13,10,False,63,63,True,10.816712379455566,,ok,False,ok,1,3.0
exp_c,exp_c__gsm8k_test_000956__no_think,gsm8k_test_000956,no_think,canonical,,answer_segment,20,10,False,63,63,True,10.675155639648438,,ok,False,ok,1,3.0
exp_c,exp_c__gsm8k_test_000960__think,gsm8k_test_000960,think,canonical,,full_output,6,10,False,54,54,True,12.107669830322266,,ok,False,ok,11,6.0
exp_c,exp_c__gsm8k_test_000960__think,gsm8k_test_000960,think,canonical,,full_output,13,10,False,54,54,True,12.557414054870604,,ok,False,ok,11,6.0
exp_c,exp_c__gsm8k_test_000960__think,gsm8k_test_000960,think,canonical,,full_output,20,10,False,54,54,True,11.253212928771973,,ok,False,ok,11,6.0
exp_c,exp_c__gsm8k_test_000960__think,gsm8k_test_000960,think,canonical,,thinking_segment,6,10,False,3,0,False,,too_short,ok_qwen_token_boundary,False,ok,11,6.0
exp_c,exp_c__gsm8k_test_000960__think,gsm8k_test_000960,think,canonical,,thinking_segment,13,10,False,3,0,False,,too_short,ok_qwen_token_boundary,False,ok,11,6.0
exp_c,exp_c__gsm8k_test_000960__think,gsm8k_test_000960,think,canonical,,thinking_segment,20,10,False,3,0,False,,too_short,ok_qwen_token_boundary,False,ok,11,6.0
exp_c,exp_c__gsm8k_test_000960__think,gsm8k_test_000960,think,canonical,,answer_segment,6,10,False,51,51,True,13.819698333740234,,ok_qwen_token_boundary,False,ok,11,6.0
exp_c,exp_c__gsm8k_test_000960__think,gsm8k_test_000960,think,canonical,,answer_segment,13,10,False,51,51,True,12.509982109069824,,ok_qwen_token_boundary,False,ok,11,6.0
exp_c,exp_c__gsm8k_test_000960__think,gsm8k_test_000960,think,canonical,,answer_segment,20,10,False,51,51,True,11.351272583007812,,ok_qwen_token_boundary,False,ok,11,6.0
exp_c,exp_c__gsm8k_test_000960__no_think,gsm8k_test_000960,no_think,canonical,,full_output,6,10,False,63,63,True,13.198846817016602,,ok,False,ok,11,29.0
exp_c,exp_c__gsm8k_test_000960__no_think,gsm8k_test_000960,no_think,canonical,,full_output,13,10,False,63,63,True,10.555183410644531,,ok,False,ok,11,29.0
exp_c,exp_c__gsm8k_test_000960__no_think,gsm8k_test_000960,no_think,canonical,,full_output,20,10,False,63,63,True,12.138211250305176,,ok,False,ok,11,29.0
exp_c,exp_c__gsm8k_test_000960__no_think,gsm8k_test_000960,no_think,canonical,,answer_segment,6,10,False,63,63,True,13.198846817016602,,ok,False,ok,11,29.0
exp_c,exp_c__gsm8k_test_000960__no_think,gsm8k_test_000960,no_think,canonical,,answer_segment,13,10,False,63,63,True,10.555183410644531,,ok,False,ok,11,29.0
exp_c,exp_c__gsm8k_test_000960__no_think,gsm8k_test_000960,no_think,canonical,,answer_segment,20,10,False,63,63,True,12.138211250305176,,ok,False,ok,11,29.0
exp_c,exp_c__gsm8k_test_000965__think,gsm8k_test_000965,think,canonical,,full_output,6,10,False,515,515,True,9.640746116638184,,ok,True,ok,374,374.0
exp_c,exp_c__gsm8k_test_000965__think,gsm8k_test_000965,think,canonical,,full_output,13,10,False,515,515,True,9.715685844421388,,ok,True,ok,374,374.0
exp_c,exp_c__gsm8k_test_000965__think,gsm8k_test_000965,think,canonical,,full_output,20,10,False,515,515,True,9.533024787902832,,ok,True,ok,374,374.0
exp_c,exp_c__gsm8k_test_000965__think,gsm8k_test_000965,think,canonical,,thinking_segment,6,10,False,467,467,True,9.380780220031738,,ok_qwen_token_boundary,True,ok,374,374.0
exp_c,exp_c__gsm8k_test_000965__think,gsm8k_test_000965,think,canonical,,thinking_segment,13,10,False,467,467,True,9.588751792907717,,ok_qwen_token_boundary,True,ok,374,374.0
exp_c,exp_c__gsm8k_test_000965__think,gsm8k_test_000965,think,canonical,,thinking_segment,20,10,False,467,467,True,9.28244400024414,,ok_qwen_token_boundary,True,ok,374,374.0
exp_c,exp_c__gsm8k_test_000965__think,gsm8k_test_000965,think,canonical,,answer_segment,6,10,False,48,48,True,15.150652885437012,,ok_qwen_token_boundary,True,ok,374,374.0
exp_c,exp_c__gsm8k_test_000965__think,gsm8k_test_000965,think,canonical,,answer_segment,13,10,False,48,48,True,11.76465129852295,,ok_qwen_token_boundary,True,ok,374,374.0
exp_c,exp_c__gsm8k_test_000965__think,gsm8k_test_000965,think,canonical,,answer_segment,20,10,False,48,48,True,10.871994018554688,,ok_qwen_token_boundary,True,ok,374,374.0
exp_c,exp_c__gsm8k_test_000965__no_think,gsm8k_test_000965,no_think,canonical,,full_output,6,10,False,87,87,True,12.247715950012209,,ok,False,ok,374,344.0
exp_c,exp_c__gsm8k_test_000965__no_think,gsm8k_test_000965,no_think,canonical,,full_output,13,10,False,87,87,True,10.0321044921875,,ok,False,ok,374,344.0
exp_c,exp_c__gsm8k_test_000965__no_think,gsm8k_test_000965,no_think,canonical,,full_output,20,10,False,87,87,True,11.814485549926758,,ok,False,ok,374,344.0
exp_c,exp_c__gsm8k_test_000965__no_think,gsm8k_test_000965,no_think,canonical,,answer_segment,6,10,False,87,87,True,12.247715950012209,,ok,False,ok,374,344.0
exp_c,exp_c__gsm8k_test_000965__no_think,gsm8k_test_000965,no_think,canonical,,answer_segment,13,10,False,87,87,True,10.0321044921875,,ok,False,ok,374,344.0
exp_c,exp_c__gsm8k_test_000965__no_think,gsm8k_test_000965,no_think,canonical,,answer_segment,20,10,False,87,87,True,11.814485549926758,,ok,False,ok,374,344.0
exp_c,exp_c__gsm8k_test_000977__think,gsm8k_test_000977,think,canonical,,full_output,6,10,False,289,289,True,11.02956485748291,,ok,True,ok,4,4.0
exp_c,exp_c__gsm8k_test_000977__think,gsm8k_test_000977,think,canonical,,full_output,13,10,False,289,289,True,9.377843856811523,,ok,True,ok,4,4.0
exp_c,exp_c__gsm8k_test_000977__think,gsm8k_test_000977,think,canonical,,full_output,20,10,False,289,289,True,10.183144569396973,,ok,True,ok,4,4.0
exp_c,exp_c__gsm8k_test_000977__think,gsm8k_test_000977,think,canonical,,thinking_segment,6,10,False,215,215,True,12.065820693969728,,ok_qwen_token_boundary,True,ok,4,4.0
exp_c,exp_c__gsm8k_test_000977__think,gsm8k_test_000977,think,canonical,,thinking_segment,13,10,False,215,215,True,10.261924743652344,,ok_qwen_token_boundary,True,ok,4,4.0
exp_c,exp_c__gsm8k_test_000977__think,gsm8k_test_000977,think,canonical,,thinking_segment,20,10,False,215,215,True,10.2714204788208,,ok_qwen_token_boundary,True,ok,4,4.0
exp_c,exp_c__gsm8k_test_000977__think,gsm8k_test_000977,think,canonical,,answer_segment,6,10,False,74,74,True,13.198363304138184,,ok_qwen_token_boundary,True,ok,4,4.0
exp_c,exp_c__gsm8k_test_000977__think,gsm8k_test_000977,think,canonical,,answer_segment,13,10,False,74,74,True,10.975722312927246,,ok_qwen_token_boundary,True,ok,4,4.0
exp_c,exp_c__gsm8k_test_000977__think,gsm8k_test_000977,think,canonical,,answer_segment,20,10,False,74,74,True,11.364973068237305,,ok_qwen_token_boundary,True,ok,4,4.0
exp_c,exp_c__gsm8k_test_000977__no_think,gsm8k_test_000977,no_think,canonical,,full_output,6,10,False,50,50,True,13.720001220703123,,ok,True,ok,4,4.0
exp_c,exp_c__gsm8k_test_000977__no_think,gsm8k_test_000977,no_think,canonical,,full_output,13,10,False,50,50,True,11.39708137512207,,ok,True,ok,4,4.0
exp_c,exp_c__gsm8k_test_000977__no_think,gsm8k_test_000977,no_think,canonical,,full_output,20,10,False,50,50,True,11.599601745605469,,ok,True,ok,4,4.0
exp_c,exp_c__gsm8k_test_000977__no_think,gsm8k_test_000977,no_think,canonical,,answer_segment,6,10,False,50,50,True,13.720001220703123,,ok,True,ok,4,4.0
exp_c,exp_c__gsm8k_test_000977__no_think,gsm8k_test_000977,no_think,canonical,,answer_segment,13,10,False,50,50,True,11.39708137512207,,ok,True,ok,4,4.0
exp_c,exp_c__gsm8k_test_000977__no_think,gsm8k_test_000977,no_think,canonical,,answer_segment,20,10,False,50,50,True,11.599601745605469,,ok,True,ok,4,4.0
exp_c,exp_c__gsm8k_test_000988__think,gsm8k_test_000988,think,canonical,,full_output,6,10,False,561,561,True,8.72382926940918,,ok,False,ok,6,0.0
exp_c,exp_c__gsm8k_test_000988__think,gsm8k_test_000988,think,canonical,,full_output,13,10,False,561,561,True,8.642690658569336,,ok,False,ok,6,0.0
exp_c,exp_c__gsm8k_test_000988__think,gsm8k_test_000988,think,canonical,,full_output,20,10,False,561,561,True,7.879237651824951,,ok,False,ok,6,0.0
exp_c,exp_c__gsm8k_test_000988__think,gsm8k_test_000988,think,canonical,,thinking_segment,6,10,False,514,514,True,8.435988426208496,,ok_qwen_token_boundary,False,ok,6,0.0
exp_c,exp_c__gsm8k_test_000988__think,gsm8k_test_000988,think,canonical,,thinking_segment,13,10,False,514,514,True,8.695813179016113,,ok_qwen_token_boundary,False,ok,6,0.0
exp_c,exp_c__gsm8k_test_000988__think,gsm8k_test_000988,think,canonical,,thinking_segment,20,10,False,514,514,True,7.42849063873291,,ok_qwen_token_boundary,False,ok,6,0.0
exp_c,exp_c__gsm8k_test_000988__think,gsm8k_test_000988,think,canonical,,answer_segment,6,10,False,47,47,True,17.498519897460938,,ok_qwen_token_boundary,False,ok,6,0.0
exp_c,exp_c__gsm8k_test_000988__think,gsm8k_test_000988,think,canonical,,answer_segment,13,10,False,47,47,True,11.221205711364746,,ok_qwen_token_boundary,False,ok,6,0.0
exp_c,exp_c__gsm8k_test_000988__think,gsm8k_test_000988,think,canonical,,answer_segment,20,10,False,47,47,True,12.382644653320312,,ok_qwen_token_boundary,False,ok,6,0.0
exp_c,exp_c__gsm8k_test_000988__no_think,gsm8k_test_000988,no_think,canonical,,full_output,6,10,False,43,43,True,15.245939254760742,,ok,False,ok,6,500.0
exp_c,exp_c__gsm8k_test_000988__no_think,gsm8k_test_000988,no_think,canonical,,full_output,13,10,False,43,43,True,12.228694915771484,,ok,False,ok,6,500.0
exp_c,exp_c__gsm8k_test_000988__no_think,gsm8k_test_000988,no_think,canonical,,full_output,20,10,False,43,43,True,12.654566764831545,,ok,False,ok,6,500.0
exp_c,exp_c__gsm8k_test_000988__no_think,gsm8k_test_000988,no_think,canonical,,answer_segment,6,10,False,43,43,True,15.245939254760742,,ok,False,ok,6,500.0
exp_c,exp_c__gsm8k_test_000988__no_think,gsm8k_test_000988,no_think,canonical,,answer_segment,13,10,False,43,43,True,12.228694915771484,,ok,False,ok,6,500.0
exp_c,exp_c__gsm8k_test_000988__no_think,gsm8k_test_000988,no_think,canonical,,answer_segment,20,10,False,43,43,True,12.654566764831545,,ok,False,ok,6,500.0
exp_c,exp_c__gsm8k_test_000990__think,gsm8k_test_000990,think,canonical,,full_output,6,10,False,64,64,True,14.320182800292969,,ok,False,ok,14,18.0
exp_c,exp_c__gsm8k_test_000990__think,gsm8k_test_000990,think,canonical,,full_output,13,10,False,64,64,True,12.92790985107422,,ok,False,ok,14,18.0
exp_c,exp_c__gsm8k_test_000990__think,gsm8k_test_000990,think,canonical,,full_output,20,10,False,64,64,True,11.871658325195312,,ok,False,ok,14,18.0
exp_c,exp_c__gsm8k_test_000990__think,gsm8k_test_000990,think,canonical,,thinking_segment,6,10,False,3,0,False,,too_short,ok_qwen_token_boundary,False,ok,14,18.0
exp_c,exp_c__gsm8k_test_000990__think,gsm8k_test_000990,think,canonical,,thinking_segment,13,10,False,3,0,False,,too_short,ok_qwen_token_boundary,False,ok,14,18.0
exp_c,exp_c__gsm8k_test_000990__think,gsm8k_test_000990,think,canonical,,thinking_segment,20,10,False,3,0,False,,too_short,ok_qwen_token_boundary,False,ok,14,18.0
exp_c,exp_c__gsm8k_test_000990__think,gsm8k_test_000990,think,canonical,,answer_segment,6,10,False,61,61,True,15.229997634887695,,ok_qwen_token_boundary,False,ok,14,18.0
exp_c,exp_c__gsm8k_test_000990__think,gsm8k_test_000990,think,canonical,,answer_segment,13,10,False,61,61,True,12.735482215881348,,ok_qwen_token_boundary,False,ok,14,18.0
exp_c,exp_c__gsm8k_test_000990__think,gsm8k_test_000990,think,canonical,,answer_segment,20,10,False,61,61,True,11.909856796264648,,ok_qwen_token_boundary,False,ok,14,18.0
exp_c,exp_c__gsm8k_test_000990__no_think,gsm8k_test_000990,no_think,canonical,,full_output,6,10,False,63,63,True,12.546512603759766,,ok,False,ok,14,18.0
exp_c,exp_c__gsm8k_test_000990__no_think,gsm8k_test_000990,no_think,canonical,,full_output,13,10,False,63,63,True,11.563615798950195,,ok,False,ok,14,18.0
exp_c,exp_c__gsm8k_test_000990__no_think,gsm8k_test_000990,no_think,canonical,,full_output,20,10,False,63,63,True,11.403428077697754,,ok,False,ok,14,18.0
exp_c,exp_c__gsm8k_test_000990__no_think,gsm8k_test_000990,no_think,canonical,,answer_segment,6,10,False,63,63,True,12.546512603759766,,ok,False,ok,14,18.0
exp_c,exp_c__gsm8k_test_000990__no_think,gsm8k_test_000990,no_think,canonical,,answer_segment,13,10,False,63,63,True,11.563615798950195,,ok,False,ok,14,18.0
exp_c,exp_c__gsm8k_test_000990__no_think,gsm8k_test_000990,no_think,canonical,,answer_segment,20,10,False,63,63,True,11.403428077697754,,ok,False,ok,14,18.0
exp_c,exp_c__gsm8k_test_000995__think,gsm8k_test_000995,think,canonical,,full_output,6,10,False,50,50,True,13.637619972229004,,ok,False,ok,12,18.0
exp_c,exp_c__gsm8k_test_000995__think,gsm8k_test_000995,think,canonical,,full_output,13,10,False,50,50,True,12.41062831878662,,ok,False,ok,12,18.0
exp_c,exp_c__gsm8k_test_000995__think,gsm8k_test_000995,think,canonical,,full_output,20,10,False,50,50,True,12.502398490905762,,ok,False,ok,12,18.0
exp_c,exp_c__gsm8k_test_000995__think,gsm8k_test_000995,think,canonical,,thinking_segment,6,10,False,3,0,False,,too_short,ok_qwen_token_boundary,False,ok,12,18.0
exp_c,exp_c__gsm8k_test_000995__think,gsm8k_test_000995,think,canonical,,thinking_segment,13,10,False,3,0,False,,too_short,ok_qwen_token_boundary,False,ok,12,18.0
exp_c,exp_c__gsm8k_test_000995__think,gsm8k_test_000995,think,canonical,,thinking_segment,20,10,False,3,0,False,,too_short,ok_qwen_token_boundary,False,ok,12,18.0
exp_c,exp_c__gsm8k_test_000995__think,gsm8k_test_000995,think,canonical,,answer_segment,6,10,False,47,47,True,14.911908149719238,,ok_qwen_token_boundary,False,ok,12,18.0
exp_c,exp_c__gsm8k_test_000995__think,gsm8k_test_000995,think,canonical,,answer_segment,13,10,False,47,47,True,11.759750366210938,,ok_qwen_token_boundary,False,ok,12,18.0
exp_c,exp_c__gsm8k_test_000995__think,gsm8k_test_000995,think,canonical,,answer_segment,20,10,False,47,47,True,12.661503791809082,,ok_qwen_token_boundary,False,ok,12,18.0
exp_c,exp_c__gsm8k_test_000995__no_think,gsm8k_test_000995,no_think,canonical,,full_output,6,10,False,46,46,True,14.321386337280272,,ok,False,ok,12,18.0
exp_c,exp_c__gsm8k_test_000995__no_think,gsm8k_test_000995,no_think,canonical,,full_output,13,10,False,46,46,True,11.4624605178833,,ok,False,ok,12,18.0
exp_c,exp_c__gsm8k_test_000995__no_think,gsm8k_test_000995,no_think,canonical,,full_output,20,10,False,46,46,True,12.605875968933104,,ok,False,ok,12,18.0
exp_c,exp_c__gsm8k_test_000995__no_think,gsm8k_test_000995,no_think,canonical,,answer_segment,6,10,False,46,46,True,14.321386337280272,,ok,False,ok,12,18.0
exp_c,exp_c__gsm8k_test_000995__no_think,gsm8k_test_000995,no_think,canonical,,answer_segment,13,10,False,46,46,True,11.4624605178833,,ok,False,ok,12,18.0
exp_c,exp_c__gsm8k_test_000995__no_think,gsm8k_test_000995,no_think,canonical,,answer_segment,20,10,False,46,46,True,12.605875968933104,,ok,False,ok,12,18.0
exp_c,exp_c__gsm8k_test_001002__think,gsm8k_test_001002,think,canonical,,full_output,6,10,False,297,297,True,11.347548484802246,,ok,True,ok,8,8.0
exp_c,exp_c__gsm8k_test_001002__think,gsm8k_test_001002,think,canonical,,full_output,13,10,False,297,297,True,9.461216926574709,,ok,True,ok,8,8.0
exp_c,exp_c__gsm8k_test_001002__think,gsm8k_test_001002,think,canonical,,full_output,20,10,False,297,297,True,9.610902786254885,,ok,True,ok,8,8.0
exp_c,exp_c__gsm8k_test_001002__think,gsm8k_test_001002,think,canonical,,thinking_segment,6,10,False,249,249,True,12.10662078857422,,ok_qwen_token_boundary,True,ok,8,8.0
exp_c,exp_c__gsm8k_test_001002__think,gsm8k_test_001002,think,canonical,,thinking_segment,13,10,False,249,249,True,10.050905227661133,,ok_qwen_token_boundary,True,ok,8,8.0
exp_c,exp_c__gsm8k_test_001002__think,gsm8k_test_001002,think,canonical,,thinking_segment,20,10,False,249,249,True,9.96607494354248,,ok_qwen_token_boundary,True,ok,8,8.0
exp_c,exp_c__gsm8k_test_001002__think,gsm8k_test_001002,think,canonical,,answer_segment,6,10,False,48,48,True,15.855740547180176,,ok_qwen_token_boundary,True,ok,8,8.0
exp_c,exp_c__gsm8k_test_001002__think,gsm8k_test_001002,think,canonical,,answer_segment,13,10,False,48,48,True,12.3107271194458,,ok_qwen_token_boundary,True,ok,8,8.0
exp_c,exp_c__gsm8k_test_001002__think,gsm8k_test_001002,think,canonical,,answer_segment,20,10,False,48,48,True,13.054102897644045,,ok_qwen_token_boundary,True,ok,8,8.0
exp_c,exp_c__gsm8k_test_001002__no_think,gsm8k_test_001002,no_think,canonical,,full_output,6,10,False,56,56,True,14.314651489257812,,ok,False,ok,8,16.0
exp_c,exp_c__gsm8k_test_001002__no_think,gsm8k_test_001002,no_think,canonical,,full_output,13,10,False,56,56,True,11.95804500579834,,ok,False,ok,8,16.0
exp_c,exp_c__gsm8k_test_001002__no_think,gsm8k_test_001002,no_think,canonical,,full_output,20,10,False,56,56,True,12.164491653442385,,ok,False,ok,8,16.0
exp_c,exp_c__gsm8k_test_001002__no_think,gsm8k_test_001002,no_think,canonical,,answer_segment,6,10,False,56,56,True,14.314651489257812,,ok,False,ok,8,16.0
exp_c,exp_c__gsm8k_test_001002__no_think,gsm8k_test_001002,no_think,canonical,,answer_segment,13,10,False,56,56,True,11.95804500579834,,ok,False,ok,8,16.0
exp_c,exp_c__gsm8k_test_001002__no_think,gsm8k_test_001002,no_think,canonical,,answer_segment,20,10,False,56,56,True,12.164491653442385,,ok,False,ok,8,16.0
exp_c,exp_c__gsm8k_test_001006__think,gsm8k_test_001006,think,canonical,,full_output,6,10,False,643,643,True,8.906193733215332,,ok,False,ok,826,1400.0
exp_c,exp_c__gsm8k_test_001006__think,gsm8k_test_001006,think,canonical,,full_output,13,10,False,643,643,True,9.264370918273926,,ok,False,ok,826,1400.0
exp_c,exp_c__gsm8k_test_001006__think,gsm8k_test_001006,think,canonical,,full_output,20,10,False,643,643,True,9.020296096801758,,ok,False,ok,826,1400.0
exp_c,exp_c__gsm8k_test_001006__think,gsm8k_test_001006,think,canonical,,thinking_segment,6,10,False,514,514,True,10.16934585571289,,ok_qwen_token_boundary,False,ok,826,1400.0
exp_c,exp_c__gsm8k_test_001006__think,gsm8k_test_001006,think,canonical,,thinking_segment,13,10,False,514,514,True,10.265812873840332,,ok_qwen_token_boundary,False,ok,826,1400.0
exp_c,exp_c__gsm8k_test_001006__think,gsm8k_test_001006,think,canonical,,thinking_segment,20,10,False,514,514,True,9.54813289642334,,ok_qwen_token_boundary,False,ok,826,1400.0
exp_c,exp_c__gsm8k_test_001006__think,gsm8k_test_001006,think,canonical,,answer_segment,6,10,False,129,129,True,8.248635292053223,,ok_qwen_token_boundary,False,ok,826,1400.0
exp_c,exp_c__gsm8k_test_001006__think,gsm8k_test_001006,think,canonical,,answer_segment,13,10,False,129,129,True,8.625811576843262,,ok_qwen_token_boundary,False,ok,826,1400.0
exp_c,exp_c__gsm8k_test_001006__think,gsm8k_test_001006,think,canonical,,answer_segment,20,10,False,129,129,True,9.440156936645508,,ok_qwen_token_boundary,False,ok,826,1400.0
exp_c,exp_c__gsm8k_test_001006__no_think,gsm8k_test_001006,no_think,canonical,,full_output,6,10,False,71,71,True,14.602869033813477,,ok,False,ok,826,1730.0
exp_c,exp_c__gsm8k_test_001006__no_think,gsm8k_test_001006,no_think,canonical,,full_output,13,10,False,71,71,True,9.922273635864258,,ok,False,ok,826,1730.0
exp_c,exp_c__gsm8k_test_001006__no_think,gsm8k_test_001006,no_think,canonical,,full_output,20,10,False,71,71,True,11.54156494140625,,ok,False,ok,826,1730.0
exp_c,exp_c__gsm8k_test_001006__no_think,gsm8k_test_001006,no_think,canonical,,answer_segment,6,10,False,71,71,True,14.602869033813477,,ok,False,ok,826,1730.0
exp_c,exp_c__gsm8k_test_001006__no_think,gsm8k_test_001006,no_think,canonical,,answer_segment,13,10,False,71,71,True,9.922273635864258,,ok,False,ok,826,1730.0
exp_c,exp_c__gsm8k_test_001006__no_think,gsm8k_test_001006,no_think,canonical,,answer_segment,20,10,False,71,71,True,11.54156494140625,,ok,False,ok,826,1730.0
exp_c,exp_c__gsm8k_test_001008__think,gsm8k_test_001008,think,canonical,,full_output,6,10,False,53,53,True,12.898859977722168,,ok,True,ok,230,230.0
exp_c,exp_c__gsm8k_test_001008__think,gsm8k_test_001008,think,canonical,,full_output,13,10,False,53,53,True,10.328834533691406,,ok,True,ok,230,230.0
exp_c,exp_c__gsm8k_test_001008__think,gsm8k_test_001008,think,canonical,,full_output,20,10,False,53,53,True,11.29916763305664,,ok,True,ok,230,230.0
exp_c,exp_c__gsm8k_test_001008__think,gsm8k_test_001008,think,canonical,,thinking_segment,6,10,False,3,0,False,,too_short,ok_qwen_token_boundary,True,ok,230,230.0
exp_c,exp_c__gsm8k_test_001008__think,gsm8k_test_001008,think,canonical,,thinking_segment,13,10,False,3,0,False,,too_short,ok_qwen_token_boundary,True,ok,230,230.0
exp_c,exp_c__gsm8k_test_001008__think,gsm8k_test_001008,think,canonical,,thinking_segment,20,10,False,3,0,False,,too_short,ok_qwen_token_boundary,True,ok,230,230.0
exp_c,exp_c__gsm8k_test_001008__think,gsm8k_test_001008,think,canonical,,answer_segment,6,10,False,50,50,True,13.996685028076172,,ok_qwen_token_boundary,True,ok,230,230.0
exp_c,exp_c__gsm8k_test_001008__think,gsm8k_test_001008,think,canonical,,answer_segment,13,10,False,50,50,True,10.359122276306152,,ok_qwen_token_boundary,True,ok,230,230.0
exp_c,exp_c__gsm8k_test_001008__think,gsm8k_test_001008,think,canonical,,answer_segment,20,10,False,50,50,True,11.303549766540527,,ok_qwen_token_boundary,True,ok,230,230.0
exp_c,exp_c__gsm8k_test_001008__no_think,gsm8k_test_001008,no_think,canonical,,full_output,6,10,False,42,42,True,15.099589347839355,,ok,False,ok,230,100.0
exp_c,exp_c__gsm8k_test_001008__no_think,gsm8k_test_001008,no_think,canonical,,full_output,13,10,False,42,42,True,11.559999465942385,,ok,False,ok,230,100.0
exp_c,exp_c__gsm8k_test_001008__no_think,gsm8k_test_001008,no_think,canonical,,full_output,20,10,False,42,42,True,11.152440071105955,,ok,False,ok,230,100.0
exp_c,exp_c__gsm8k_test_001008__no_think,gsm8k_test_001008,no_think,canonical,,answer_segment,6,10,False,42,42,True,15.099589347839355,,ok,False,ok,230,100.0
exp_c,exp_c__gsm8k_test_001008__no_think,gsm8k_test_001008,no_think,canonical,,answer_segment,13,10,False,42,42,True,11.559999465942385,,ok,False,ok,230,100.0
exp_c,exp_c__gsm8k_test_001008__no_think,gsm8k_test_001008,no_think,canonical,,answer_segment,20,10,False,42,42,True,11.152440071105955,,ok,False,ok,230,100.0
exp_c,exp_c__gsm8k_test_001009__think,gsm8k_test_001009,think,canonical,,full_output,6,10,False,574,574,True,8.501049995422363,,ok,True,ok,1875,1875.0
exp_c,exp_c__gsm8k_test_001009__think,gsm8k_test_001009,think,canonical,,full_output,13,10,False,574,574,True,9.017457962036133,,ok,True,ok,1875,1875.0
exp_c,exp_c__gsm8k_test_001009__think,gsm8k_test_001009,think,canonical,,full_output,20,10,False,574,574,True,8.652287483215332,,ok,True,ok,1875,1875.0
exp_c,exp_c__gsm8k_test_001009__think,gsm8k_test_001009,think,canonical,,thinking_segment,6,10,False,514,514,True,8.15737247467041,,ok_qwen_token_boundary,True,ok,1875,1875.0
exp_c,exp_c__gsm8k_test_001009__think,gsm8k_test_001009,think,canonical,,thinking_segment,13,10,False,514,514,True,8.79531478881836,,ok_qwen_token_boundary,True,ok,1875,1875.0
exp_c,exp_c__gsm8k_test_001009__think,gsm8k_test_001009,think,canonical,,thinking_segment,20,10,False,514,514,True,8.404412269592285,,ok_qwen_token_boundary,True,ok,1875,1875.0
exp_c,exp_c__gsm8k_test_001009__think,gsm8k_test_001009,think,canonical,,answer_segment,6,10,False,60,60,True,12.16054630279541,,ok_qwen_token_boundary,True,ok,1875,1875.0
exp_c,exp_c__gsm8k_test_001009__think,gsm8k_test_001009,think,canonical,,answer_segment,13,10,False,60,60,True,10.972317695617676,,ok_qwen_token_boundary,True,ok,1875,1875.0
exp_c,exp_c__gsm8k_test_001009__think,gsm8k_test_001009,think,canonical,,answer_segment,20,10,False,60,60,True,11.362950325012209,,ok_qwen_token_boundary,True,ok,1875,1875.0
exp_c,exp_c__gsm8k_test_001009__no_think,gsm8k_test_001009,no_think,canonical,,full_output,6,10,False,74,74,True,11.526174545288086,,ok,False,ok,1875,750.0
exp_c,exp_c__gsm8k_test_001009__no_think,gsm8k_test_001009,no_think,canonical,,full_output,13,10,False,74,74,True,10.065661430358888,,ok,False,ok,1875,750.0
exp_c,exp_c__gsm8k_test_001009__no_think,gsm8k_test_001009,no_think,canonical,,full_output,20,10,False,74,74,True,10.293296813964844,,ok,False,ok,1875,750.0
exp_c,exp_c__gsm8k_test_001009__no_think,gsm8k_test_001009,no_think,canonical,,answer_segment,6,10,False,74,74,True,11.526174545288086,,ok,False,ok,1875,750.0
exp_c,exp_c__gsm8k_test_001009__no_think,gsm8k_test_001009,no_think,canonical,,answer_segment,13,10,False,74,74,True,10.065661430358888,,ok,False,ok,1875,750.0
exp_c,exp_c__gsm8k_test_001009__no_think,gsm8k_test_001009,no_think,canonical,,answer_segment,20,10,False,74,74,True,10.293296813964844,,ok,False,ok,1875,750.0
exp_c,exp_c__gsm8k_test_001013__think,gsm8k_test_001013,think,canonical,,full_output,6,10,False,385,385,True,11.195436477661133,,ok,True,ok,2,2.0
exp_c,exp_c__gsm8k_test_001013__think,gsm8k_test_001013,think,canonical,,full_output,13,10,False,385,385,True,10.867448806762695,,ok,True,ok,2,2.0
exp_c,exp_c__gsm8k_test_001013__think,gsm8k_test_001013,think,canonical,,full_output,20,10,False,385,385,True,10.980998039245604,,ok,True,ok,2,2.0
exp_c,exp_c__gsm8k_test_001013__think,gsm8k_test_001013,think,canonical,,thinking_segment,6,10,False,336,336,True,11.640568733215332,,ok_qwen_token_boundary,True,ok,2,2.0
exp_c,exp_c__gsm8k_test_001013__think,gsm8k_test_001013,think,canonical,,thinking_segment,13,10,False,336,336,True,11.033895492553713,,ok_qwen_token_boundary,True,ok,2,2.0
exp_c,exp_c__gsm8k_test_001013__think,gsm8k_test_001013,think,canonical,,thinking_segment,20,10,False,336,336,True,11.079971313476562,,ok_qwen_token_boundary,True,ok,2,2.0
exp_c,exp_c__gsm8k_test_001013__think,gsm8k_test_001013,think,canonical,,answer_segment,6,10,False,49,49,True,16.93441390991211,,ok_qwen_token_boundary,True,ok,2,2.0
exp_c,exp_c__gsm8k_test_001013__think,gsm8k_test_001013,think,canonical,,answer_segment,13,10,False,49,49,True,11.859807014465332,,ok_qwen_token_boundary,True,ok,2,2.0
exp_c,exp_c__gsm8k_test_001013__think,gsm8k_test_001013,think,canonical,,answer_segment,20,10,False,49,49,True,12.207201957702637,,ok_qwen_token_boundary,True,ok,2,2.0
exp_c,exp_c__gsm8k_test_001013__no_think,gsm8k_test_001013,no_think,canonical,,full_output,6,10,False,53,53,True,14.258727073669434,,ok,False,ok,2,2000.0
exp_c,exp_c__gsm8k_test_001013__no_think,gsm8k_test_001013,no_think,canonical,,full_output,13,10,False,53,53,True,10.074505805969238,,ok,False,ok,2,2000.0
exp_c,exp_c__gsm8k_test_001013__no_think,gsm8k_test_001013,no_think,canonical,,full_output,20,10,False,53,53,True,12.06000804901123,,ok,False,ok,2,2000.0
exp_c,exp_c__gsm8k_test_001013__no_think,gsm8k_test_001013,no_think,canonical,,answer_segment,6,10,False,53,53,True,14.258727073669434,,ok,False,ok,2,2000.0
exp_c,exp_c__gsm8k_test_001013__no_think,gsm8k_test_001013,no_think,canonical,,answer_segment,13,10,False,53,53,True,10.074505805969238,,ok,False,ok,2,2000.0
exp_c,exp_c__gsm8k_test_001013__no_think,gsm8k_test_001013,no_think,canonical,,answer_segment,20,10,False,53,53,True,12.06000804901123,,ok,False,ok,2,2000.0
exp_c,exp_c__gsm8k_test_001017__think,gsm8k_test_001017,think,canonical,,full_output,6,10,False,39,39,True,13.6254301071167,,ok,False,ok,45,9.0
exp_c,exp_c__gsm8k_test_001017__think,gsm8k_test_001017,think,canonical,,full_output,13,10,False,39,39,True,11.50680160522461,,ok,False,ok,45,9.0
exp_c,exp_c__gsm8k_test_001017__think,gsm8k_test_001017,think,canonical,,full_output,20,10,False,39,39,True,13.16736125946045,,ok,False,ok,45,9.0
exp_c,exp_c__gsm8k_test_001017__think,gsm8k_test_001017,think,canonical,,thinking_segment,6,10,False,3,0,False,,too_short,ok_qwen_token_boundary,False,ok,45,9.0
exp_c,exp_c__gsm8k_test_001017__think,gsm8k_test_001017,think,canonical,,thinking_segment,13,10,False,3,0,False,,too_short,ok_qwen_token_boundary,False,ok,45,9.0
exp_c,exp_c__gsm8k_test_001017__think,gsm8k_test_001017,think,canonical,,thinking_segment,20,10,False,3,0,False,,too_short,ok_qwen_token_boundary,False,ok,45,9.0
exp_c,exp_c__gsm8k_test_001017__think,gsm8k_test_001017,think,canonical,,answer_segment,6,10,False,36,36,True,16.40772247314453,,ok_qwen_token_boundary,False,ok,45,9.0
exp_c,exp_c__gsm8k_test_001017__think,gsm8k_test_001017,think,canonical,,answer_segment,13,10,False,36,36,True,11.708436965942385,,ok_qwen_token_boundary,False,ok,45,9.0
exp_c,exp_c__gsm8k_test_001017__think,gsm8k_test_001017,think,canonical,,answer_segment,20,10,False,36,36,True,13.317157745361328,,ok_qwen_token_boundary,False,ok,45,9.0
exp_c,exp_c__gsm8k_test_001017__no_think,gsm8k_test_001017,no_think,canonical,,full_output,6,10,False,50,50,True,13.746185302734377,,ok,False,ok,45,5.0
exp_c,exp_c__gsm8k_test_001017__no_think,gsm8k_test_001017,no_think,canonical,,full_output,13,10,False,50,50,True,12.943802833557127,,ok,False,ok,45,5.0
exp_c,exp_c__gsm8k_test_001017__no_think,gsm8k_test_001017,no_think,canonical,,full_output,20,10,False,50,50,True,12.057428359985352,,ok,False,ok,45,5.0
exp_c,exp_c__gsm8k_test_001017__no_think,gsm8k_test_001017,no_think,canonical,,answer_segment,6,10,False,50,50,True,13.746185302734377,,ok,False,ok,45,5.0
exp_c,exp_c__gsm8k_test_001017__no_think,gsm8k_test_001017,no_think,canonical,,answer_segment,13,10,False,50,50,True,12.943802833557127,,ok,False,ok,45,5.0
exp_c,exp_c__gsm8k_test_001017__no_think,gsm8k_test_001017,no_think,canonical,,answer_segment,20,10,False,50,50,True,12.057428359985352,,ok,False,ok,45,5.0
exp_c,exp_c__gsm8k_test_001026__think,gsm8k_test_001026,think,canonical,,full_output,6,10,False,567,567,True,9.596250534057615,,ok,True,ok,43200,43200.0
exp_c,exp_c__gsm8k_test_001026__think,gsm8k_test_001026,think,canonical,,full_output,13,10,False,567,567,True,10.13426113128662,,ok,True,ok,43200,43200.0
exp_c,exp_c__gsm8k_test_001026__think,gsm8k_test_001026,think,canonical,,full_output,20,10,False,567,567,True,9.86822509765625,,ok,True,ok,43200,43200.0
exp_c,exp_c__gsm8k_test_001026__think,gsm8k_test_001026,think,canonical,,thinking_segment,6,10,False,514,514,True,9.47448444366455,,ok_qwen_token_boundary,True,ok,43200,43200.0
exp_c,exp_c__gsm8k_test_001026__think,gsm8k_test_001026,think,canonical,,thinking_segment,13,10,False,514,514,True,10.07126235961914,,ok_qwen_token_boundary,True,ok,43200,43200.0
exp_c,exp_c__gsm8k_test_001026__think,gsm8k_test_001026,think,canonical,,thinking_segment,20,10,False,514,514,True,9.71774959564209,,ok_qwen_token_boundary,True,ok,43200,43200.0
exp_c,exp_c__gsm8k_test_001026__think,gsm8k_test_001026,think,canonical,,answer_segment,6,10,False,53,53,True,16.009531021118164,,ok_qwen_token_boundary,True,ok,43200,43200.0
exp_c,exp_c__gsm8k_test_001026__think,gsm8k_test_001026,think,canonical,,answer_segment,13,10,False,53,53,True,10.784063339233398,,ok_qwen_token_boundary,True,ok,43200,43200.0
exp_c,exp_c__gsm8k_test_001026__think,gsm8k_test_001026,think,canonical,,answer_segment,20,10,False,53,53,True,11.938145637512209,,ok_qwen_token_boundary,True,ok,43200,43200.0
exp_c,exp_c__gsm8k_test_001026__no_think,gsm8k_test_001026,no_think,canonical,,full_output,6,10,False,61,61,True,14.17422580718994,,ok,False,ok,43200,2160.0
exp_c,exp_c__gsm8k_test_001026__no_think,gsm8k_test_001026,no_think,canonical,,full_output,13,10,False,61,61,True,10.506732940673828,,ok,False,ok,43200,2160.0
exp_c,exp_c__gsm8k_test_001026__no_think,gsm8k_test_001026,no_think,canonical,,full_output,20,10,False,61,61,True,10.497051239013672,,ok,False,ok,43200,2160.0
exp_c,exp_c__gsm8k_test_001026__no_think,gsm8k_test_001026,no_think,canonical,,answer_segment,6,10,False,61,61,True,14.17422580718994,,ok,False,ok,43200,2160.0
exp_c,exp_c__gsm8k_test_001026__no_think,gsm8k_test_001026,no_think,canonical,,answer_segment,13,10,False,61,61,True,10.506732940673828,,ok,False,ok,43200,2160.0
exp_c,exp_c__gsm8k_test_001026__no_think,gsm8k_test_001026,no_think,canonical,,answer_segment,20,10,False,61,61,True,10.497051239013672,,ok,False,ok,43200,2160.0
exp_c,exp_c__gsm8k_test_001031__think,gsm8k_test_001031,think,canonical,,full_output,6,10,False,594,594,True,9.13803005218506,,ok,False,ok,5,4750.0
exp_c,exp_c__gsm8k_test_001031__think,gsm8k_test_001031,think,canonical,,full_output,13,10,False,594,594,True,9.10096263885498,,ok,False,ok,5,4750.0
exp_c,exp_c__gsm8k_test_001031__think,gsm8k_test_001031,think,canonical,,full_output,20,10,False,594,594,True,8.26380729675293,,ok,False,ok,5,4750.0
exp_c,exp_c__gsm8k_test_001031__think,gsm8k_test_001031,think,canonical,,thinking_segment,6,10,False,514,514,True,9.128143310546877,,ok_qwen_token_boundary,False,ok,5,4750.0
exp_c,exp_c__gsm8k_test_001031__think,gsm8k_test_001031,think,canonical,,thinking_segment,13,10,False,514,514,True,9.376018524169922,,ok_qwen_token_boundary,False,ok,5,4750.0
exp_c,exp_c__gsm8k_test_001031__think,gsm8k_test_001031,think,canonical,,thinking_segment,20,10,False,514,514,True,8.222142219543457,,ok_qwen_token_boundary,False,ok,5,4750.0
exp_c,exp_c__gsm8k_test_001031__think,gsm8k_test_001031,think,canonical,,answer_segment,6,10,False,80,80,True,11.511032104492188,,ok_qwen_token_boundary,False,ok,5,4750.0
exp_c,exp_c__gsm8k_test_001031__think,gsm8k_test_001031,think,canonical,,answer_segment,13,10,False,80,80,True,11.059679985046388,,ok_qwen_token_boundary,False,ok,5,4750.0
exp_c,exp_c__gsm8k_test_001031__think,gsm8k_test_001031,think,canonical,,answer_segment,20,10,False,80,80,True,10.718809127807615,,ok_qwen_token_boundary,False,ok,5,4750.0
exp_c,exp_c__gsm8k_test_001031__no_think,gsm8k_test_001031,no_think,canonical,,full_output,6,10,False,59,59,True,14.126075744628906,,ok,False,ok,5,5750.0
exp_c,exp_c__gsm8k_test_001031__no_think,gsm8k_test_001031,no_think,canonical,,full_output,13,10,False,59,59,True,10.172038078308104,,ok,False,ok,5,5750.0
exp_c,exp_c__gsm8k_test_001031__no_think,gsm8k_test_001031,no_think,canonical,,full_output,20,10,False,59,59,True,11.897092819213867,,ok,False,ok,5,5750.0
exp_c,exp_c__gsm8k_test_001031__no_think,gsm8k_test_001031,no_think,canonical,,answer_segment,6,10,False,59,59,True,14.126075744628906,,ok,False,ok,5,5750.0
exp_c,exp_c__gsm8k_test_001031__no_think,gsm8k_test_001031,no_think,canonical,,answer_segment,13,10,False,59,59,True,10.172038078308104,,ok,False,ok,5,5750.0
exp_c,exp_c__gsm8k_test_001031__no_think,gsm8k_test_001031,no_think,canonical,,answer_segment,20,10,False,59,59,True,11.897092819213867,,ok,False,ok,5,5750.0
exp_c,exp_c__gsm8k_test_001038__think,gsm8k_test_001038,think,canonical,,full_output,6,10,False,562,562,True,9.16484832763672,,ok,True,ok,4,4.0
exp_c,exp_c__gsm8k_test_001038__think,gsm8k_test_001038,think,canonical,,full_output,13,10,False,562,562,True,9.722577095031738,,ok,True,ok,4,4.0
exp_c,exp_c__gsm8k_test_001038__think,gsm8k_test_001038,think,canonical,,full_output,20,10,False,562,562,True,10.227163314819336,,ok,True,ok,4,4.0
exp_c,exp_c__gsm8k_test_001038__think,gsm8k_test_001038,think,canonical,,thinking_segment,6,10,False,514,514,True,8.964393615722656,,ok_qwen_token_boundary,True,ok,4,4.0
exp_c,exp_c__gsm8k_test_001038__think,gsm8k_test_001038,think,canonical,,thinking_segment,13,10,False,514,514,True,9.735610008239746,,ok_qwen_token_boundary,True,ok,4,4.0
exp_c,exp_c__gsm8k_test_001038__think,gsm8k_test_001038,think,canonical,,thinking_segment,20,10,False,514,514,True,10.32933521270752,,ok_qwen_token_boundary,True,ok,4,4.0
exp_c,exp_c__gsm8k_test_001038__think,gsm8k_test_001038,think,canonical,,answer_segment,6,10,False,48,48,True,14.971980094909668,,ok_qwen_token_boundary,True,ok,4,4.0
exp_c,exp_c__gsm8k_test_001038__think,gsm8k_test_001038,think,canonical,,answer_segment,13,10,False,48,48,True,11.040145874023438,,ok_qwen_token_boundary,True,ok,4,4.0
exp_c,exp_c__gsm8k_test_001038__think,gsm8k_test_001038,think,canonical,,answer_segment,20,10,False,48,48,True,12.973498344421388,,ok_qwen_token_boundary,True,ok,4,4.0
exp_c,exp_c__gsm8k_test_001038__no_think,gsm8k_test_001038,no_think,canonical,,full_output,6,10,False,68,68,True,15.062292098999023,,ok,False,ok,4,12.0
exp_c,exp_c__gsm8k_test_001038__no_think,gsm8k_test_001038,no_think,canonical,,full_output,13,10,False,68,68,True,11.7608642578125,,ok,False,ok,4,12.0
exp_c,exp_c__gsm8k_test_001038__no_think,gsm8k_test_001038,no_think,canonical,,full_output,20,10,False,68,68,True,11.579133987426758,,ok,False,ok,4,12.0
exp_c,exp_c__gsm8k_test_001038__no_think,gsm8k_test_001038,no_think,canonical,,answer_segment,6,10,False,68,68,True,15.062292098999023,,ok,False,ok,4,12.0
exp_c,exp_c__gsm8k_test_001038__no_think,gsm8k_test_001038,no_think,canonical,,answer_segment,13,10,False,68,68,True,11.7608642578125,,ok,False,ok,4,12.0
exp_c,exp_c__gsm8k_test_001038__no_think,gsm8k_test_001038,no_think,canonical,,answer_segment,20,10,False,68,68,True,11.579133987426758,,ok,False,ok,4,12.0
exp_c,exp_c__gsm8k_test_001043__think,gsm8k_test_001043,think,canonical,,full_output,6,10,False,518,518,True,9.137385368347168,,ok,True,ok,130000,130000.0
exp_c,exp_c__gsm8k_test_001043__think,gsm8k_test_001043,think,canonical,,full_output,13,10,False,518,518,True,9.064485549926758,,ok,True,ok,130000,130000.0
exp_c,exp_c__gsm8k_test_001043__think,gsm8k_test_001043,think,canonical,,full_output,20,10,False,518,518,True,9.363718032836914,,ok,True,ok,130000,130000.0
exp_c,exp_c__gsm8k_test_001043__think,gsm8k_test_001043,think,canonical,,thinking_segment,6,10,False,458,458,True,8.793106079101562,,ok_qwen_token_boundary,True,ok,130000,130000.0
exp_c,exp_c__gsm8k_test_001043__think,gsm8k_test_001043,think,canonical,,thinking_segment,13,10,False,458,458,True,9.098082542419434,,ok_qwen_token_boundary,True,ok,130000,130000.0
exp_c,exp_c__gsm8k_test_001043__think,gsm8k_test_001043,think,canonical,,thinking_segment,20,10,False,458,458,True,9.39405345916748,,ok_qwen_token_boundary,True,ok,130000,130000.0
exp_c,exp_c__gsm8k_test_001043__think,gsm8k_test_001043,think,canonical,,answer_segment,6,10,False,60,60,True,11.308300018310549,,ok_qwen_token_boundary,True,ok,130000,130000.0
exp_c,exp_c__gsm8k_test_001043__think,gsm8k_test_001043,think,canonical,,answer_segment,13,10,False,60,60,True,10.526192665100098,,ok_qwen_token_boundary,True,ok,130000,130000.0
exp_c,exp_c__gsm8k_test_001043__think,gsm8k_test_001043,think,canonical,,answer_segment,20,10,False,60,60,True,10.12620449066162,,ok_qwen_token_boundary,True,ok,130000,130000.0
exp_c,exp_c__gsm8k_test_001043__no_think,gsm8k_test_001043,no_think,canonical,,full_output,6,10,False,55,55,True,12.659689903259276,,ok,True,ok,130000,130000.0
exp_c,exp_c__gsm8k_test_001043__no_think,gsm8k_test_001043,no_think,canonical,,full_output,13,10,False,55,55,True,10.27767848968506,,ok,True,ok,130000,130000.0
exp_c,exp_c__gsm8k_test_001043__no_think,gsm8k_test_001043,no_think,canonical,,full_output,20,10,False,55,55,True,10.620124816894531,,ok,True,ok,130000,130000.0
exp_c,exp_c__gsm8k_test_001043__no_think,gsm8k_test_001043,no_think,canonical,,answer_segment,6,10,False,55,55,True,12.659689903259276,,ok,True,ok,130000,130000.0
exp_c,exp_c__gsm8k_test_001043__no_think,gsm8k_test_001043,no_think,canonical,,answer_segment,13,10,False,55,55,True,10.27767848968506,,ok,True,ok,130000,130000.0
exp_c,exp_c__gsm8k_test_001043__no_think,gsm8k_test_001043,no_think,canonical,,answer_segment,20,10,False,55,55,True,10.620124816894531,,ok,True,ok,130000,130000.0
exp_c,exp_c__gsm8k_test_001047__think,gsm8k_test_001047,think,canonical,,full_output,6,10,False,469,469,True,12.031204223632812,,ok,True,ok,10,10.0
exp_c,exp_c__gsm8k_test_001047__think,gsm8k_test_001047,think,canonical,,full_output,13,10,False,469,469,True,10.067277908325195,,ok,True,ok,10,10.0
exp_c,exp_c__gsm8k_test_001047__think,gsm8k_test_001047,think,canonical,,full_output,20,10,False,469,469,True,10.967432022094728,,ok,True,ok,10,10.0
exp_c,exp_c__gsm8k_test_001047__think,gsm8k_test_001047,think,canonical,,thinking_segment,6,10,False,409,409,True,12.324691772460938,,ok_qwen_token_boundary,True,ok,10,10.0
exp_c,exp_c__gsm8k_test_001047__think,gsm8k_test_001047,think,canonical,,thinking_segment,13,10,False,409,409,True,10.37773609161377,,ok_qwen_token_boundary,True,ok,10,10.0
exp_c,exp_c__gsm8k_test_001047__think,gsm8k_test_001047,think,canonical,,thinking_segment,20,10,False,409,409,True,11.065312385559082,,ok_qwen_token_boundary,True,ok,10,10.0
exp_c,exp_c__gsm8k_test_001047__think,gsm8k_test_001047,think,canonical,,answer_segment,6,10,False,60,60,True,13.557306289672852,,ok_qwen_token_boundary,True,ok,10,10.0
exp_c,exp_c__gsm8k_test_001047__think,gsm8k_test_001047,think,canonical,,answer_segment,13,10,False,60,60,True,11.066072463989258,,ok_qwen_token_boundary,True,ok,10,10.0
exp_c,exp_c__gsm8k_test_001047__think,gsm8k_test_001047,think,canonical,,answer_segment,20,10,False,60,60,True,12.627370834350586,,ok_qwen_token_boundary,True,ok,10,10.0
exp_c,exp_c__gsm8k_test_001047__no_think,gsm8k_test_001047,no_think,canonical,,full_output,6,10,False,81,81,True,10.886916160583496,,ok,False,ok,10,11.0
exp_c,exp_c__gsm8k_test_001047__no_think,gsm8k_test_001047,no_think,canonical,,full_output,13,10,False,81,81,True,8.703564643859863,,ok,False,ok,10,11.0
exp_c,exp_c__gsm8k_test_001047__no_think,gsm8k_test_001047,no_think,canonical,,full_output,20,10,False,81,81,True,9.77244472503662,,ok,False,ok,10,11.0
exp_c,exp_c__gsm8k_test_001047__no_think,gsm8k_test_001047,no_think,canonical,,answer_segment,6,10,False,81,81,True,10.886916160583496,,ok,False,ok,10,11.0
exp_c,exp_c__gsm8k_test_001047__no_think,gsm8k_test_001047,no_think,canonical,,answer_segment,13,10,False,81,81,True,8.703564643859863,,ok,False,ok,10,11.0
exp_c,exp_c__gsm8k_test_001047__no_think,gsm8k_test_001047,no_think,canonical,,answer_segment,20,10,False,81,81,True,9.77244472503662,,ok,False,ok,10,11.0
exp_c,exp_c__gsm8k_test_001052__think,gsm8k_test_001052,think,canonical,,full_output,6,10,False,418,418,True,10.653512001037598,,ok,True,ok,110,110.0
exp_c,exp_c__gsm8k_test_001052__think,gsm8k_test_001052,think,canonical,,full_output,13,10,False,418,418,True,9.944957733154297,,ok,True,ok,110,110.0
exp_c,exp_c__gsm8k_test_001052__think,gsm8k_test_001052,think,canonical,,full_output,20,10,False,418,418,True,9.404495239257812,,ok,True,ok,110,110.0
exp_c,exp_c__gsm8k_test_001052__think,gsm8k_test_001052,think,canonical,,thinking_segment,6,10,False,352,352,True,11.800372123718262,,ok_qwen_token_boundary,True,ok,110,110.0
exp_c,exp_c__gsm8k_test_001052__think,gsm8k_test_001052,think,canonical,,thinking_segment,13,10,False,352,352,True,10.1962251663208,,ok_qwen_token_boundary,True,ok,110,110.0
exp_c,exp_c__gsm8k_test_001052__think,gsm8k_test_001052,think,canonical,,thinking_segment,20,10,False,352,352,True,9.190038681030272,,ok_qwen_token_boundary,True,ok,110,110.0
exp_c,exp_c__gsm8k_test_001052__think,gsm8k_test_001052,think,canonical,,answer_segment,6,10,False,66,66,True,15.568877220153809,,ok_qwen_token_boundary,True,ok,110,110.0
exp_c,exp_c__gsm8k_test_001052__think,gsm8k_test_001052,think,canonical,,answer_segment,13,10,False,66,66,True,10.524005889892578,,ok_qwen_token_boundary,True,ok,110,110.0
exp_c,exp_c__gsm8k_test_001052__think,gsm8k_test_001052,think,canonical,,answer_segment,20,10,False,66,66,True,11.250475883483888,,ok_qwen_token_boundary,True,ok,110,110.0
exp_c,exp_c__gsm8k_test_001052__no_think,gsm8k_test_001052,no_think,canonical,,full_output,6,10,False,54,54,True,15.96177577972412,,ok,False,ok,110,270.0
exp_c,exp_c__gsm8k_test_001052__no_think,gsm8k_test_001052,no_think,canonical,,full_output,13,10,False,54,54,True,11.13416862487793,,ok,False,ok,110,270.0
exp_c,exp_c__gsm8k_test_001052__no_think,gsm8k_test_001052,no_think,canonical,,full_output,20,10,False,54,54,True,12.74844455718994,,ok,False,ok,110,270.0
exp_c,exp_c__gsm8k_test_001052__no_think,gsm8k_test_001052,no_think,canonical,,answer_segment,6,10,False,54,54,True,15.96177577972412,,ok,False,ok,110,270.0
exp_c,exp_c__gsm8k_test_001052__no_think,gsm8k_test_001052,no_think,canonical,,answer_segment,13,10,False,54,54,True,11.13416862487793,,ok,False,ok,110,270.0
exp_c,exp_c__gsm8k_test_001052__no_think,gsm8k_test_001052,no_think,canonical,,answer_segment,20,10,False,54,54,True,12.74844455718994,,ok,False,ok,110,270.0
exp_c,exp_c__gsm8k_test_001058__think,gsm8k_test_001058,think,canonical,,full_output,6,10,False,56,56,True,13.202851295471191,,ok,False,ok,250,200.0
exp_c,exp_c__gsm8k_test_001058__think,gsm8k_test_001058,think,canonical,,full_output,13,10,False,56,56,True,10.475083351135254,,ok,False,ok,250,200.0
exp_c,exp_c__gsm8k_test_001058__think,gsm8k_test_001058,think,canonical,,full_output,20,10,False,56,56,True,11.630945205688477,,ok,False,ok,250,200.0
exp_c,exp_c__gsm8k_test_001058__think,gsm8k_test_001058,think,canonical,,thinking_segment,6,10,False,3,0,False,,too_short,ok_qwen_token_boundary,False,ok,250,200.0
exp_c,exp_c__gsm8k_test_001058__think,gsm8k_test_001058,think,canonical,,thinking_segment,13,10,False,3,0,False,,too_short,ok_qwen_token_boundary,False,ok,250,200.0
exp_c,exp_c__gsm8k_test_001058__think,gsm8k_test_001058,think,canonical,,thinking_segment,20,10,False,3,0,False,,too_short,ok_qwen_token_boundary,False,ok,250,200.0
exp_c,exp_c__gsm8k_test_001058__think,gsm8k_test_001058,think,canonical,,answer_segment,6,10,False,53,53,True,15.040266036987305,,ok_qwen_token_boundary,False,ok,250,200.0
exp_c,exp_c__gsm8k_test_001058__think,gsm8k_test_001058,think,canonical,,answer_segment,13,10,False,53,53,True,10.500569343566896,,ok_qwen_token_boundary,False,ok,250,200.0
exp_c,exp_c__gsm8k_test_001058__think,gsm8k_test_001058,think,canonical,,answer_segment,20,10,False,53,53,True,11.612446784973145,,ok_qwen_token_boundary,False,ok,250,200.0
exp_c,exp_c__gsm8k_test_001058__no_think,gsm8k_test_001058,no_think,canonical,,full_output,6,10,False,53,53,True,13.75406265258789,,ok,False,ok,250,200.0
exp_c,exp_c__gsm8k_test_001058__no_think,gsm8k_test_001058,no_think,canonical,,full_output,13,10,False,53,53,True,10.621424674987791,,ok,False,ok,250,200.0
exp_c,exp_c__gsm8k_test_001058__no_think,gsm8k_test_001058,no_think,canonical,,full_output,20,10,False,53,53,True,11.606698989868164,,ok,False,ok,250,200.0
exp_c,exp_c__gsm8k_test_001058__no_think,gsm8k_test_001058,no_think,canonical,,answer_segment,6,10,False,53,53,True,13.75406265258789,,ok,False,ok,250,200.0
exp_c,exp_c__gsm8k_test_001058__no_think,gsm8k_test_001058,no_think,canonical,,answer_segment,13,10,False,53,53,True,10.621424674987791,,ok,False,ok,250,200.0
exp_c,exp_c__gsm8k_test_001058__no_think,gsm8k_test_001058,no_think,canonical,,answer_segment,20,10,False,53,53,True,11.606698989868164,,ok,False,ok,250,200.0
exp_c,exp_c__gsm8k_test_001059__think,gsm8k_test_001059,think,canonical,,full_output,6,10,False,310,310,True,10.763484954833984,,ok,False,ok,2,4.0
exp_c,exp_c__gsm8k_test_001059__think,gsm8k_test_001059,think,canonical,,full_output,13,10,False,310,310,True,9.891828536987305,,ok,False,ok,2,4.0
exp_c,exp_c__gsm8k_test_001059__think,gsm8k_test_001059,think,canonical,,full_output,20,10,False,310,310,True,10.209012985229492,,ok,False,ok,2,4.0
exp_c,exp_c__gsm8k_test_001059__think,gsm8k_test_001059,think,canonical,,thinking_segment,6,10,False,262,262,True,11.147385597229004,,ok_qwen_token_boundary,False,ok,2,4.0
exp_c,exp_c__gsm8k_test_001059__think,gsm8k_test_001059,think,canonical,,thinking_segment,13,10,False,262,262,True,10.036603927612305,,ok_qwen_token_boundary,False,ok,2,4.0
exp_c,exp_c__gsm8k_test_001059__think,gsm8k_test_001059,think,canonical,,thinking_segment,20,10,False,262,262,True,10.124285697937012,,ok_qwen_token_boundary,False,ok,2,4.0
exp_c,exp_c__gsm8k_test_001059__think,gsm8k_test_001059,think,canonical,,answer_segment,6,10,False,48,48,True,13.769047737121582,,ok_qwen_token_boundary,False,ok,2,4.0
exp_c,exp_c__gsm8k_test_001059__think,gsm8k_test_001059,think,canonical,,answer_segment,13,10,False,48,48,True,11.558940887451172,,ok_qwen_token_boundary,False,ok,2,4.0
exp_c,exp_c__gsm8k_test_001059__think,gsm8k_test_001059,think,canonical,,answer_segment,20,10,False,48,48,True,11.422836303710938,,ok_qwen_token_boundary,False,ok,2,4.0
exp_c,exp_c__gsm8k_test_001059__no_think,gsm8k_test_001059,no_think,canonical,,full_output,6,10,False,64,64,True,14.14276885986328,,ok,True,ok,2,2.0
exp_c,exp_c__gsm8k_test_001059__no_think,gsm8k_test_001059,no_think,canonical,,full_output,13,10,False,64,64,True,10.62672233581543,,ok,True,ok,2,2.0
exp_c,exp_c__gsm8k_test_001059__no_think,gsm8k_test_001059,no_think,canonical,,full_output,20,10,False,64,64,True,10.449960708618164,,ok,True,ok,2,2.0
exp_c,exp_c__gsm8k_test_001059__no_think,gsm8k_test_001059,no_think,canonical,,answer_segment,6,10,False,64,64,True,14.14276885986328,,ok,True,ok,2,2.0
exp_c,exp_c__gsm8k_test_001059__no_think,gsm8k_test_001059,no_think,canonical,,answer_segment,13,10,False,64,64,True,10.62672233581543,,ok,True,ok,2,2.0
exp_c,exp_c__gsm8k_test_001059__no_think,gsm8k_test_001059,no_think,canonical,,answer_segment,20,10,False,64,64,True,10.449960708618164,,ok,True,ok,2,2.0
exp_c,exp_c__gsm8k_test_001079__think,gsm8k_test_001079,think,canonical,,full_output,6,10,False,561,561,True,9.442975997924805,,ok,True,ok,10,10.0
exp_c,exp_c__gsm8k_test_001079__think,gsm8k_test_001079,think,canonical,,full_output,13,10,False,561,561,True,9.58072280883789,,ok,True,ok,10,10.0
exp_c,exp_c__gsm8k_test_001079__think,gsm8k_test_001079,think,canonical,,full_output,20,10,False,561,561,True,9.267207145690918,,ok,True,ok,10,10.0
exp_c,exp_c__gsm8k_test_001079__think,gsm8k_test_001079,think,canonical,,thinking_segment,6,10,False,514,514,True,9.13999843597412,,ok_qwen_token_boundary,True,ok,10,10.0
exp_c,exp_c__gsm8k_test_001079__think,gsm8k_test_001079,think,canonical,,thinking_segment,13,10,False,514,514,True,9.460268020629885,,ok_qwen_token_boundary,True,ok,10,10.0
exp_c,exp_c__gsm8k_test_001079__think,gsm8k_test_001079,think,canonical,,thinking_segment,20,10,False,514,514,True,9.21182632446289,,ok_qwen_token_boundary,True,ok,10,10.0
exp_c,exp_c__gsm8k_test_001079__think,gsm8k_test_001079,think,canonical,,answer_segment,6,10,False,47,47,True,14.317419052124023,,ok_qwen_token_boundary,True,ok,10,10.0
exp_c,exp_c__gsm8k_test_001079__think,gsm8k_test_001079,think,canonical,,answer_segment,13,10,False,47,47,True,12.151126861572266,,ok_qwen_token_boundary,True,ok,10,10.0
exp_c,exp_c__gsm8k_test_001079__think,gsm8k_test_001079,think,canonical,,answer_segment,20,10,False,47,47,True,11.438258171081545,,ok_qwen_token_boundary,True,ok,10,10.0
exp_c,exp_c__gsm8k_test_001079__no_think,gsm8k_test_001079,no_think,canonical,,full_output,6,10,False,55,55,True,12.419751167297363,,ok,False,ok,10,20.0
exp_c,exp_c__gsm8k_test_001079__no_think,gsm8k_test_001079,no_think,canonical,,full_output,13,10,False,55,55,True,10.6856107711792,,ok,False,ok,10,20.0
exp_c,exp_c__gsm8k_test_001079__no_think,gsm8k_test_001079,no_think,canonical,,full_output,20,10,False,55,55,True,10.033001899719238,,ok,False,ok,10,20.0
exp_c,exp_c__gsm8k_test_001079__no_think,gsm8k_test_001079,no_think,canonical,,answer_segment,6,10,False,55,55,True,12.419751167297363,,ok,False,ok,10,20.0
exp_c,exp_c__gsm8k_test_001079__no_think,gsm8k_test_001079,no_think,canonical,,answer_segment,13,10,False,55,55,True,10.6856107711792,,ok,False,ok,10,20.0
exp_c,exp_c__gsm8k_test_001079__no_think,gsm8k_test_001079,no_think,canonical,,answer_segment,20,10,False,55,55,True,10.033001899719238,,ok,False,ok,10,20.0
exp_c,exp_c__gsm8k_test_001082__think,gsm8k_test_001082,think,canonical,,full_output,6,10,False,54,54,True,13.645378112792969,,ok,True,ok,2,2.0
exp_c,exp_c__gsm8k_test_001082__think,gsm8k_test_001082,think,canonical,,full_output,13,10,False,54,54,True,11.102824211120604,,ok,True,ok,2,2.0
exp_c,exp_c__gsm8k_test_001082__think,gsm8k_test_001082,think,canonical,,full_output,20,10,False,54,54,True,12.037394523620604,,ok,True,ok,2,2.0
exp_c,exp_c__gsm8k_test_001082__think,gsm8k_test_001082,think,canonical,,thinking_segment,6,10,False,3,0,False,,too_short,ok_qwen_token_boundary,True,ok,2,2.0
exp_c,exp_c__gsm8k_test_001082__think,gsm8k_test_001082,think,canonical,,thinking_segment,13,10,False,3,0,False,,too_short,ok_qwen_token_boundary,True,ok,2,2.0
exp_c,exp_c__gsm8k_test_001082__think,gsm8k_test_001082,think,canonical,,thinking_segment,20,10,False,3,0,False,,too_short,ok_qwen_token_boundary,True,ok,2,2.0
exp_c,exp_c__gsm8k_test_001082__think,gsm8k_test_001082,think,canonical,,answer_segment,6,10,False,51,51,True,14.87761402130127,,ok_qwen_token_boundary,True,ok,2,2.0
exp_c,exp_c__gsm8k_test_001082__think,gsm8k_test_001082,think,canonical,,answer_segment,13,10,False,51,51,True,11.087557792663574,,ok_qwen_token_boundary,True,ok,2,2.0
exp_c,exp_c__gsm8k_test_001082__think,gsm8k_test_001082,think,canonical,,answer_segment,20,10,False,51,51,True,12.246282577514648,,ok_qwen_token_boundary,True,ok,2,2.0
exp_c,exp_c__gsm8k_test_001082__no_think,gsm8k_test_001082,no_think,canonical,,full_output,6,10,False,50,50,True,14.967499732971191,,ok,True,ok,2,2.0
exp_c,exp_c__gsm8k_test_001082__no_think,gsm8k_test_001082,no_think,canonical,,full_output,13,10,False,50,50,True,10.923739433288574,,ok,True,ok,2,2.0
exp_c,exp_c__gsm8k_test_001082__no_think,gsm8k_test_001082,no_think,canonical,,full_output,20,10,False,50,50,True,12.17612648010254,,ok,True,ok,2,2.0
exp_c,exp_c__gsm8k_test_001082__no_think,gsm8k_test_001082,no_think,canonical,,answer_segment,6,10,False,50,50,True,14.967499732971191,,ok,True,ok,2,2.0
exp_c,exp_c__gsm8k_test_001082__no_think,gsm8k_test_001082,no_think,canonical,,answer_segment,13,10,False,50,50,True,10.923739433288574,,ok,True,ok,2,2.0
exp_c,exp_c__gsm8k_test_001082__no_think,gsm8k_test_001082,no_think,canonical,,answer_segment,20,10,False,50,50,True,12.17612648010254,,ok,True,ok,2,2.0
exp_c,exp_c__gsm8k_test_001088__think,gsm8k_test_001088,think,canonical,,full_output,6,10,False,621,621,True,8.962274551391602,,ok,False,ok,30,400.0
exp_c,exp_c__gsm8k_test_001088__think,gsm8k_test_001088,think,canonical,,full_output,13,10,False,621,621,True,8.356671333312988,,ok,False,ok,30,400.0
exp_c,exp_c__gsm8k_test_001088__think,gsm8k_test_001088,think,canonical,,full_output,20,10,False,621,621,True,7.978048801422119,,ok,False,ok,30,400.0
exp_c,exp_c__gsm8k_test_001088__think,gsm8k_test_001088,think,canonical,,thinking_segment,6,10,False,514,514,True,9.503437042236328,,ok_qwen_token_boundary,False,ok,30,400.0
exp_c,exp_c__gsm8k_test_001088__think,gsm8k_test_001088,think,canonical,,thinking_segment,13,10,False,514,514,True,8.314810752868652,,ok_qwen_token_boundary,False,ok,30,400.0
exp_c,exp_c__gsm8k_test_001088__think,gsm8k_test_001088,think,canonical,,thinking_segment,20,10,False,514,514,True,7.905993938446045,,ok_qwen_token_boundary,False,ok,30,400.0
exp_c,exp_c__gsm8k_test_001088__think,gsm8k_test_001088,think,canonical,,answer_segment,6,10,False,107,107,True,9.97429084777832,,ok_qwen_token_boundary,False,ok,30,400.0
exp_c,exp_c__gsm8k_test_001088__think,gsm8k_test_001088,think,canonical,,answer_segment,13,10,False,107,107,True,10.371874809265137,,ok_qwen_token_boundary,False,ok,30,400.0
exp_c,exp_c__gsm8k_test_001088__think,gsm8k_test_001088,think,canonical,,answer_segment,20,10,False,107,107,True,9.629149436950684,,ok_qwen_token_boundary,False,ok,30,400.0
exp_c,exp_c__gsm8k_test_001088__no_think,gsm8k_test_001088,no_think,canonical,,full_output,6,10,False,65,65,True,15.53195571899414,,ok,False,ok,30,100.0
exp_c,exp_c__gsm8k_test_001088__no_think,gsm8k_test_001088,no_think,canonical,,full_output,13,10,False,65,65,True,11.549165725708008,,ok,False,ok,30,100.0
exp_c,exp_c__gsm8k_test_001088__no_think,gsm8k_test_001088,no_think,canonical,,full_output,20,10,False,65,65,True,10.830869674682615,,ok,False,ok,30,100.0
exp_c,exp_c__gsm8k_test_001088__no_think,gsm8k_test_001088,no_think,canonical,,answer_segment,6,10,False,65,65,True,15.53195571899414,,ok,False,ok,30,100.0
exp_c,exp_c__gsm8k_test_001088__no_think,gsm8k_test_001088,no_think,canonical,,answer_segment,13,10,False,65,65,True,11.549165725708008,,ok,False,ok,30,100.0
exp_c,exp_c__gsm8k_test_001088__no_think,gsm8k_test_001088,no_think,canonical,,answer_segment,20,10,False,65,65,True,10.830869674682615,,ok,False,ok,30,100.0
exp_c,exp_c__gsm8k_test_001090__think,gsm8k_test_001090,think,canonical,,full_output,6,10,False,60,60,True,11.313450813293455,,ok,False,ok,72,16.0
exp_c,exp_c__gsm8k_test_001090__think,gsm8k_test_001090,think,canonical,,full_output,13,10,False,60,60,True,11.606703758239746,,ok,False,ok,72,16.0
exp_c,exp_c__gsm8k_test_001090__think,gsm8k_test_001090,think,canonical,,full_output,20,10,False,60,60,True,11.54648780822754,,ok,False,ok,72,16.0
exp_c,exp_c__gsm8k_test_001090__think,gsm8k_test_001090,think,canonical,,thinking_segment,6,10,False,3,0,False,,too_short,ok_qwen_token_boundary,False,ok,72,16.0
exp_c,exp_c__gsm8k_test_001090__think,gsm8k_test_001090,think,canonical,,thinking_segment,13,10,False,3,0,False,,too_short,ok_qwen_token_boundary,False,ok,72,16.0
exp_c,exp_c__gsm8k_test_001090__think,gsm8k_test_001090,think,canonical,,thinking_segment,20,10,False,3,0,False,,too_short,ok_qwen_token_boundary,False,ok,72,16.0
exp_c,exp_c__gsm8k_test_001090__think,gsm8k_test_001090,think,canonical,,answer_segment,6,10,False,57,57,True,13.298166275024414,,ok_qwen_token_boundary,False,ok,72,16.0
exp_c,exp_c__gsm8k_test_001090__think,gsm8k_test_001090,think,canonical,,answer_segment,13,10,False,57,57,True,11.414937019348145,,ok_qwen_token_boundary,False,ok,72,16.0
exp_c,exp_c__gsm8k_test_001090__think,gsm8k_test_001090,think,canonical,,answer_segment,20,10,False,57,57,True,11.282984733581545,,ok_qwen_token_boundary,False,ok,72,16.0
exp_c,exp_c__gsm8k_test_001090__no_think,gsm8k_test_001090,no_think,canonical,,full_output,6,10,False,64,64,True,12.116250038146973,,ok,False,ok,72,6.0
exp_c,exp_c__gsm8k_test_001090__no_think,gsm8k_test_001090,no_think,canonical,,full_output,13,10,False,64,64,True,10.23679542541504,,ok,False,ok,72,6.0
exp_c,exp_c__gsm8k_test_001090__no_think,gsm8k_test_001090,no_think,canonical,,full_output,20,10,False,64,64,True,11.28580093383789,,ok,False,ok,72,6.0
exp_c,exp_c__gsm8k_test_001090__no_think,gsm8k_test_001090,no_think,canonical,,answer_segment,6,10,False,64,64,True,12.116250038146973,,ok,False,ok,72,6.0
exp_c,exp_c__gsm8k_test_001090__no_think,gsm8k_test_001090,no_think,canonical,,answer_segment,13,10,False,64,64,True,10.23679542541504,,ok,False,ok,72,6.0
exp_c,exp_c__gsm8k_test_001090__no_think,gsm8k_test_001090,no_think,canonical,,answer_segment,20,10,False,64,64,True,11.28580093383789,,ok,False,ok,72,6.0
exp_c,exp_c__gsm8k_test_001094__think,gsm8k_test_001094,think,canonical,,full_output,6,10,False,43,43,True,17.3895206451416,,ok,False,ok,25,60.0
exp_c,exp_c__gsm8k_test_001094__think,gsm8k_test_001094,think,canonical,,full_output,13,10,False,43,43,True,12.237658500671388,,ok,False,ok,25,60.0
exp_c,exp_c__gsm8k_test_001094__think,gsm8k_test_001094,think,canonical,,full_output,20,10,False,43,43,True,13.145181655883787,,ok,False,ok,25,60.0
exp_c,exp_c__gsm8k_test_001094__think,gsm8k_test_001094,think,canonical,,thinking_segment,6,10,False,3,0,False,,too_short,ok_qwen_token_boundary,False,ok,25,60.0
exp_c,exp_c__gsm8k_test_001094__think,gsm8k_test_001094,think,canonical,,thinking_segment,13,10,False,3,0,False,,too_short,ok_qwen_token_boundary,False,ok,25,60.0
exp_c,exp_c__gsm8k_test_001094__think,gsm8k_test_001094,think,canonical,,thinking_segment,20,10,False,3,0,False,,too_short,ok_qwen_token_boundary,False,ok,25,60.0
exp_c,exp_c__gsm8k_test_001094__think,gsm8k_test_001094,think,canonical,,answer_segment,6,10,False,40,40,True,19.349220275878903,,ok_qwen_token_boundary,False,ok,25,60.0
exp_c,exp_c__gsm8k_test_001094__think,gsm8k_test_001094,think,canonical,,answer_segment,13,10,False,40,40,True,12.432472229003906,,ok_qwen_token_boundary,False,ok,25,60.0
exp_c,exp_c__gsm8k_test_001094__think,gsm8k_test_001094,think,canonical,,answer_segment,20,10,False,40,40,True,13.482867240905762,,ok_qwen_token_boundary,False,ok,25,60.0
exp_c,exp_c__gsm8k_test_001094__no_think,gsm8k_test_001094,no_think,canonical,,full_output,6,10,False,75,75,True,13.661980628967283,,ok,False,ok,25,16.6666666667
exp_c,exp_c__gsm8k_test_001094__no_think,gsm8k_test_001094,no_think,canonical,,full_output,13,10,False,75,75,True,10.44655418395996,,ok,False,ok,25,16.6666666667
exp_c,exp_c__gsm8k_test_001094__no_think,gsm8k_test_001094,no_think,canonical,,full_output,20,10,False,75,75,True,11.478107452392578,,ok,False,ok,25,16.6666666667
exp_c,exp_c__gsm8k_test_001094__no_think,gsm8k_test_001094,no_think,canonical,,answer_segment,6,10,False,75,75,True,13.661980628967283,,ok,False,ok,25,16.6666666667
exp_c,exp_c__gsm8k_test_001094__no_think,gsm8k_test_001094,no_think,canonical,,answer_segment,13,10,False,75,75,True,10.44655418395996,,ok,False,ok,25,16.6666666667
exp_c,exp_c__gsm8k_test_001094__no_think,gsm8k_test_001094,no_think,canonical,,answer_segment,20,10,False,75,75,True,11.478107452392578,,ok,False,ok,25,16.6666666667
exp_c,exp_c__gsm8k_test_001096__think,gsm8k_test_001096,think,canonical,,full_output,6,10,False,590,590,True,9.362194061279297,,ok,True,ok,240,240.0
exp_c,exp_c__gsm8k_test_001096__think,gsm8k_test_001096,think,canonical,,full_output,13,10,False,590,590,True,9.127416610717772,,ok,True,ok,240,240.0
exp_c,exp_c__gsm8k_test_001096__think,gsm8k_test_001096,think,canonical,,full_output,20,10,False,590,590,True,8.798063278198242,,ok,True,ok,240,240.0
exp_c,exp_c__gsm8k_test_001096__think,gsm8k_test_001096,think,canonical,,thinking_segment,6,10,False,514,514,True,9.139311790466309,,ok_qwen_token_boundary,True,ok,240,240.0
exp_c,exp_c__gsm8k_test_001096__think,gsm8k_test_001096,think,canonical,,thinking_segment,13,10,False,514,514,True,8.743491172790527,,ok_qwen_token_boundary,True,ok,240,240.0
exp_c,exp_c__gsm8k_test_001096__think,gsm8k_test_001096,think,canonical,,thinking_segment,20,10,False,514,514,True,8.16156005859375,,ok_qwen_token_boundary,True,ok,240,240.0
exp_c,exp_c__gsm8k_test_001096__think,gsm8k_test_001096,think,canonical,,answer_segment,6,10,False,76,76,True,14.492405891418455,,ok_qwen_token_boundary,True,ok,240,240.0
exp_c,exp_c__gsm8k_test_001096__think,gsm8k_test_001096,think,canonical,,answer_segment,13,10,False,76,76,True,12.345419883728027,,ok_qwen_token_boundary,True,ok,240,240.0
exp_c,exp_c__gsm8k_test_001096__think,gsm8k_test_001096,think,canonical,,answer_segment,20,10,False,76,76,True,12.31930446624756,,ok_qwen_token_boundary,True,ok,240,240.0
exp_c,exp_c__gsm8k_test_001096__no_think,gsm8k_test_001096,no_think,canonical,,full_output,6,10,False,60,60,True,15.631643295288086,,ok,False,ok,240,24.8
exp_c,exp_c__gsm8k_test_001096__no_think,gsm8k_test_001096,no_think,canonical,,full_output,13,10,False,60,60,True,11.812467575073242,,ok,False,ok,240,24.8
exp_c,exp_c__gsm8k_test_001096__no_think,gsm8k_test_001096,no_think,canonical,,full_output,20,10,False,60,60,True,11.606038093566896,,ok,False,ok,240,24.8
exp_c,exp_c__gsm8k_test_001096__no_think,gsm8k_test_001096,no_think,canonical,,answer_segment,6,10,False,60,60,True,15.631643295288086,,ok,False,ok,240,24.8
exp_c,exp_c__gsm8k_test_001096__no_think,gsm8k_test_001096,no_think,canonical,,answer_segment,13,10,False,60,60,True,11.812467575073242,,ok,False,ok,240,24.8
exp_c,exp_c__gsm8k_test_001096__no_think,gsm8k_test_001096,no_think,canonical,,answer_segment,20,10,False,60,60,True,11.606038093566896,,ok,False,ok,240,24.8
exp_c,exp_c__gsm8k_test_001098__think,gsm8k_test_001098,think,canonical,,full_output,6,10,False,42,42,True,11.891942977905272,,ok,False,ok,30,24.0
exp_c,exp_c__gsm8k_test_001098__think,gsm8k_test_001098,think,canonical,,full_output,13,10,False,42,42,True,10.02066135406494,,ok,False,ok,30,24.0
exp_c,exp_c__gsm8k_test_001098__think,gsm8k_test_001098,think,canonical,,full_output,20,10,False,42,42,True,11.514009475708008,,ok,False,ok,30,24.0
exp_c,exp_c__gsm8k_test_001098__think,gsm8k_test_001098,think,canonical,,thinking_segment,6,10,False,3,0,False,,too_short,ok_qwen_token_boundary,False,ok,30,24.0
exp_c,exp_c__gsm8k_test_001098__think,gsm8k_test_001098,think,canonical,,thinking_segment,13,10,False,3,0,False,,too_short,ok_qwen_token_boundary,False,ok,30,24.0
exp_c,exp_c__gsm8k_test_001098__think,gsm8k_test_001098,think,canonical,,thinking_segment,20,10,False,3,0,False,,too_short,ok_qwen_token_boundary,False,ok,30,24.0
exp_c,exp_c__gsm8k_test_001098__think,gsm8k_test_001098,think,canonical,,answer_segment,6,10,False,39,39,True,13.626225471496582,,ok_qwen_token_boundary,False,ok,30,24.0
exp_c,exp_c__gsm8k_test_001098__think,gsm8k_test_001098,think,canonical,,answer_segment,13,10,False,39,39,True,10.016931533813477,,ok_qwen_token_boundary,False,ok,30,24.0
exp_c,exp_c__gsm8k_test_001098__think,gsm8k_test_001098,think,canonical,,answer_segment,20,10,False,39,39,True,11.80036449432373,,ok_qwen_token_boundary,False,ok,30,24.0
exp_c,exp_c__gsm8k_test_001098__no_think,gsm8k_test_001098,no_think,canonical,,full_output,6,10,False,38,38,True,14.831923484802246,,ok,False,ok,30,20.0
exp_c,exp_c__gsm8k_test_001098__no_think,gsm8k_test_001098,no_think,canonical,,full_output,13,10,False,38,38,True,10.455657958984377,,ok,False,ok,30,20.0
exp_c,exp_c__gsm8k_test_001098__no_think,gsm8k_test_001098,no_think,canonical,,full_output,20,10,False,38,38,True,13.124069213867188,,ok,False,ok,30,20.0
exp_c,exp_c__gsm8k_test_001098__no_think,gsm8k_test_001098,no_think,canonical,,answer_segment,6,10,False,38,38,True,14.831923484802246,,ok,False,ok,30,20.0
exp_c,exp_c__gsm8k_test_001098__no_think,gsm8k_test_001098,no_think,canonical,,answer_segment,13,10,False,38,38,True,10.455657958984377,,ok,False,ok,30,20.0
exp_c,exp_c__gsm8k_test_001098__no_think,gsm8k_test_001098,no_think,canonical,,answer_segment,20,10,False,38,38,True,13.124069213867188,,ok,False,ok,30,20.0
exp_c,exp_c__gsm8k_test_001106__think,gsm8k_test_001106,think,canonical,,full_output,6,10,False,261,261,True,10.240500450134276,,ok,True,ok,5,5.0
exp_c,exp_c__gsm8k_test_001106__think,gsm8k_test_001106,think,canonical,,full_output,13,10,False,261,261,True,9.982133865356444,,ok,True,ok,5,5.0
exp_c,exp_c__gsm8k_test_001106__think,gsm8k_test_001106,think,canonical,,full_output,20,10,False,261,261,True,10.049420356750488,,ok,True,ok,5,5.0
exp_c,exp_c__gsm8k_test_001106__think,gsm8k_test_001106,think,canonical,,thinking_segment,6,10,False,211,211,True,10.695778846740724,,ok_qwen_token_boundary,True,ok,5,5.0
exp_c,exp_c__gsm8k_test_001106__think,gsm8k_test_001106,think,canonical,,thinking_segment,13,10,False,211,211,True,10.21772289276123,,ok_qwen_token_boundary,True,ok,5,5.0
exp_c,exp_c__gsm8k_test_001106__think,gsm8k_test_001106,think,canonical,,thinking_segment,20,10,False,211,211,True,9.657196998596191,,ok_qwen_token_boundary,True,ok,5,5.0
exp_c,exp_c__gsm8k_test_001106__think,gsm8k_test_001106,think,canonical,,answer_segment,6,10,False,50,50,True,13.563366889953612,,ok_qwen_token_boundary,True,ok,5,5.0
exp_c,exp_c__gsm8k_test_001106__think,gsm8k_test_001106,think,canonical,,answer_segment,13,10,False,50,50,True,11.292913436889648,,ok_qwen_token_boundary,True,ok,5,5.0
exp_c,exp_c__gsm8k_test_001106__think,gsm8k_test_001106,think,canonical,,answer_segment,20,10,False,50,50,True,11.662633895874023,,ok_qwen_token_boundary,True,ok,5,5.0
exp_c,exp_c__gsm8k_test_001106__no_think,gsm8k_test_001106,no_think,canonical,,full_output,6,10,False,58,58,True,12.482590675354004,,ok,True,ok,5,5.0
exp_c,exp_c__gsm8k_test_001106__no_think,gsm8k_test_001106,no_think,canonical,,full_output,13,10,False,58,58,True,11.264071464538574,,ok,True,ok,5,5.0
exp_c,exp_c__gsm8k_test_001106__no_think,gsm8k_test_001106,no_think,canonical,,full_output,20,10,False,58,58,True,11.40723705291748,,ok,True,ok,5,5.0
exp_c,exp_c__gsm8k_test_001106__no_think,gsm8k_test_001106,no_think,canonical,,answer_segment,6,10,False,58,58,True,12.482590675354004,,ok,True,ok,5,5.0
exp_c,exp_c__gsm8k_test_001106__no_think,gsm8k_test_001106,no_think,canonical,,answer_segment,13,10,False,58,58,True,11.264071464538574,,ok,True,ok,5,5.0
exp_c,exp_c__gsm8k_test_001106__no_think,gsm8k_test_001106,no_think,canonical,,answer_segment,20,10,False,58,58,True,11.40723705291748,,ok,True,ok,5,5.0
exp_c,exp_c__gsm8k_test_001108__think,gsm8k_test_001108,think,canonical,,full_output,6,10,False,36,36,True,14.28542709350586,,ok,True,ok,38,38.0
exp_c,exp_c__gsm8k_test_001108__think,gsm8k_test_001108,think,canonical,,full_output,13,10,False,36,36,True,10.585844039916992,,ok,True,ok,38,38.0
exp_c,exp_c__gsm8k_test_001108__think,gsm8k_test_001108,think,canonical,,full_output,20,10,False,36,36,True,11.899787902832031,,ok,True,ok,38,38.0
exp_c,exp_c__gsm8k_test_001108__think,gsm8k_test_001108,think,canonical,,thinking_segment,6,10,False,3,0,False,,too_short,ok_qwen_token_boundary,True,ok,38,38.0
exp_c,exp_c__gsm8k_test_001108__think,gsm8k_test_001108,think,canonical,,thinking_segment,13,10,False,3,0,False,,too_short,ok_qwen_token_boundary,True,ok,38,38.0
exp_c,exp_c__gsm8k_test_001108__think,gsm8k_test_001108,think,canonical,,thinking_segment,20,10,False,3,0,False,,too_short,ok_qwen_token_boundary,True,ok,38,38.0
exp_c,exp_c__gsm8k_test_001108__think,gsm8k_test_001108,think,canonical,,answer_segment,6,10,False,33,33,True,16.66367530822754,,ok_qwen_token_boundary,True,ok,38,38.0
exp_c,exp_c__gsm8k_test_001108__think,gsm8k_test_001108,think,canonical,,answer_segment,13,10,False,33,33,True,10.945858001708984,,ok_qwen_token_boundary,True,ok,38,38.0
exp_c,exp_c__gsm8k_test_001108__think,gsm8k_test_001108,think,canonical,,answer_segment,20,10,False,33,33,True,12.075587272644045,,ok_qwen_token_boundary,True,ok,38,38.0
exp_c,exp_c__gsm8k_test_001108__no_think,gsm8k_test_001108,no_think,canonical,,full_output,6,10,False,42,42,True,14.504961013793944,,ok,True,ok,38,38.0
exp_c,exp_c__gsm8k_test_001108__no_think,gsm8k_test_001108,no_think,canonical,,full_output,13,10,False,42,42,True,10.846874237060549,,ok,True,ok,38,38.0
exp_c,exp_c__gsm8k_test_001108__no_think,gsm8k_test_001108,no_think,canonical,,full_output,20,10,False,42,42,True,11.448692321777344,,ok,True,ok,38,38.0
exp_c,exp_c__gsm8k_test_001108__no_think,gsm8k_test_001108,no_think,canonical,,answer_segment,6,10,False,42,42,True,14.504961013793944,,ok,True,ok,38,38.0
exp_c,exp_c__gsm8k_test_001108__no_think,gsm8k_test_001108,no_think,canonical,,answer_segment,13,10,False,42,42,True,10.846874237060549,,ok,True,ok,38,38.0
exp_c,exp_c__gsm8k_test_001108__no_think,gsm8k_test_001108,no_think,canonical,,answer_segment,20,10,False,42,42,True,11.448692321777344,,ok,True,ok,38,38.0
exp_c,exp_c__gsm8k_test_001123__think,gsm8k_test_001123,think,canonical,,full_output,6,10,False,46,46,True,12.19464111328125,,ok,False,ok,105,75.0
exp_c,exp_c__gsm8k_test_001123__think,gsm8k_test_001123,think,canonical,,full_output,13,10,False,46,46,True,9.73012351989746,,ok,False,ok,105,75.0
exp_c,exp_c__gsm8k_test_001123__think,gsm8k_test_001123,think,canonical,,full_output,20,10,False,46,46,True,11.270062446594238,,ok,False,ok,105,75.0
exp_c,exp_c__gsm8k_test_001123__think,gsm8k_test_001123,think,canonical,,thinking_segment,6,10,False,3,0,False,,too_short,ok_qwen_token_boundary,False,ok,105,75.0
exp_c,exp_c__gsm8k_test_001123__think,gsm8k_test_001123,think,canonical,,thinking_segment,13,10,False,3,0,False,,too_short,ok_qwen_token_boundary,False,ok,105,75.0
exp_c,exp_c__gsm8k_test_001123__think,gsm8k_test_001123,think,canonical,,thinking_segment,20,10,False,3,0,False,,too_short,ok_qwen_token_boundary,False,ok,105,75.0
exp_c,exp_c__gsm8k_test_001123__think,gsm8k_test_001123,think,canonical,,answer_segment,6,10,False,43,43,True,13.587265968322754,,ok_qwen_token_boundary,False,ok,105,75.0
exp_c,exp_c__gsm8k_test_001123__think,gsm8k_test_001123,think,canonical,,answer_segment,13,10,False,43,43,True,9.667497634887695,,ok_qwen_token_boundary,False,ok,105,75.0
exp_c,exp_c__gsm8k_test_001123__think,gsm8k_test_001123,think,canonical,,answer_segment,20,10,False,43,43,True,11.314054489135742,,ok_qwen_token_boundary,False,ok,105,75.0
exp_c,exp_c__gsm8k_test_001123__no_think,gsm8k_test_001123,no_think,canonical,,full_output,6,10,False,66,66,True,12.02367115020752,,ok,False,ok,105,85.0
exp_c,exp_c__gsm8k_test_001123__no_think,gsm8k_test_001123,no_think,canonical,,full_output,13,10,False,66,66,True,10.572650909423828,,ok,False,ok,105,85.0
exp_c,exp_c__gsm8k_test_001123__no_think,gsm8k_test_001123,no_think,canonical,,full_output,20,10,False,66,66,True,10.854293823242188,,ok,False,ok,105,85.0
exp_c,exp_c__gsm8k_test_001123__no_think,gsm8k_test_001123,no_think,canonical,,answer_segment,6,10,False,66,66,True,12.02367115020752,,ok,False,ok,105,85.0
exp_c,exp_c__gsm8k_test_001123__no_think,gsm8k_test_001123,no_think,canonical,,answer_segment,13,10,False,66,66,True,10.572650909423828,,ok,False,ok,105,85.0
exp_c,exp_c__gsm8k_test_001123__no_think,gsm8k_test_001123,no_think,canonical,,answer_segment,20,10,False,66,66,True,10.854293823242188,,ok,False,ok,105,85.0
exp_c,exp_c__gsm8k_test_001136__think,gsm8k_test_001136,think,canonical,,full_output,6,10,False,255,255,True,12.301995277404783,,ok,True,ok,26,26.0
exp_c,exp_c__gsm8k_test_001136__think,gsm8k_test_001136,think,canonical,,full_output,13,10,False,255,255,True,10.500304222106934,,ok,True,ok,26,26.0
exp_c,exp_c__gsm8k_test_001136__think,gsm8k_test_001136,think,canonical,,full_output,20,10,False,255,255,True,10.10341739654541,,ok,True,ok,26,26.0
exp_c,exp_c__gsm8k_test_001136__think,gsm8k_test_001136,think,canonical,,thinking_segment,6,10,False,212,212,True,12.412323951721191,,ok_qwen_token_boundary,True,ok,26,26.0
exp_c,exp_c__gsm8k_test_001136__think,gsm8k_test_001136,think,canonical,,thinking_segment,13,10,False,212,212,True,10.88887882232666,,ok_qwen_token_boundary,True,ok,26,26.0
exp_c,exp_c__gsm8k_test_001136__think,gsm8k_test_001136,think,canonical,,thinking_segment,20,10,False,212,212,True,10.287708282470703,,ok_qwen_token_boundary,True,ok,26,26.0
exp_c,exp_c__gsm8k_test_001136__think,gsm8k_test_001136,think,canonical,,answer_segment,6,10,False,43,43,True,15.937031745910645,,ok_qwen_token_boundary,True,ok,26,26.0
exp_c,exp_c__gsm8k_test_001136__think,gsm8k_test_001136,think,canonical,,answer_segment,13,10,False,43,43,True,13.027847290039062,,ok_qwen_token_boundary,True,ok,26,26.0
exp_c,exp_c__gsm8k_test_001136__think,gsm8k_test_001136,think,canonical,,answer_segment,20,10,False,43,43,True,11.053449630737305,,ok_qwen_token_boundary,True,ok,26,26.0
exp_c,exp_c__gsm8k_test_001136__no_think,gsm8k_test_001136,no_think,canonical,,full_output,6,10,False,39,39,True,13.008599281311035,,ok,False,ok,26,48.0
exp_c,exp_c__gsm8k_test_001136__no_think,gsm8k_test_001136,no_think,canonical,,full_output,13,10,False,39,39,True,11.038068771362305,,ok,False,ok,26,48.0
exp_c,exp_c__gsm8k_test_001136__no_think,gsm8k_test_001136,no_think,canonical,,full_output,20,10,False,39,39,True,12.21741008758545,,ok,False,ok,26,48.0
exp_c,exp_c__gsm8k_test_001136__no_think,gsm8k_test_001136,no_think,canonical,,answer_segment,6,10,False,39,39,True,13.008599281311035,,ok,False,ok,26,48.0
exp_c,exp_c__gsm8k_test_001136__no_think,gsm8k_test_001136,no_think,canonical,,answer_segment,13,10,False,39,39,True,11.038068771362305,,ok,False,ok,26,48.0
exp_c,exp_c__gsm8k_test_001136__no_think,gsm8k_test_001136,no_think,canonical,,answer_segment,20,10,False,39,39,True,12.21741008758545,,ok,False,ok,26,48.0
exp_c,exp_c__gsm8k_test_001144__think,gsm8k_test_001144,think,canonical,,full_output,6,10,False,43,43,True,11.68485164642334,,ok,False,ok,34,64.0
exp_c,exp_c__gsm8k_test_001144__think,gsm8k_test_001144,think,canonical,,full_output,13,10,False,43,43,True,12.056045532226562,,ok,False,ok,34,64.0
exp_c,exp_c__gsm8k_test_001144__think,gsm8k_test_001144,think,canonical,,full_output,20,10,False,43,43,True,13.677743911743164,,ok,False,ok,34,64.0
exp_c,exp_c__gsm8k_test_001144__think,gsm8k_test_001144,think,canonical,,thinking_segment,6,10,False,3,0,False,,too_short,ok_qwen_token_boundary,False,ok,34,64.0
exp_c,exp_c__gsm8k_test_001144__think,gsm8k_test_001144,think,canonical,,thinking_segment,13,10,False,3,0,False,,too_short,ok_qwen_token_boundary,False,ok,34,64.0
exp_c,exp_c__gsm8k_test_001144__think,gsm8k_test_001144,think,canonical,,thinking_segment,20,10,False,3,0,False,,too_short,ok_qwen_token_boundary,False,ok,34,64.0
exp_c,exp_c__gsm8k_test_001144__think,gsm8k_test_001144,think,canonical,,answer_segment,6,10,False,40,40,True,12.951456069946287,,ok_qwen_token_boundary,False,ok,34,64.0
exp_c,exp_c__gsm8k_test_001144__think,gsm8k_test_001144,think,canonical,,answer_segment,13,10,False,40,40,True,12.145426750183104,,ok_qwen_token_boundary,False,ok,34,64.0
exp_c,exp_c__gsm8k_test_001144__think,gsm8k_test_001144,think,canonical,,answer_segment,20,10,False,40,40,True,13.905096054077148,,ok_qwen_token_boundary,False,ok,34,64.0
exp_c,exp_c__gsm8k_test_001144__no_think,gsm8k_test_001144,no_think,canonical,,full_output,6,10,False,51,51,True,16.78428840637207,,ok,False,ok,34,56.0
exp_c,exp_c__gsm8k_test_001144__no_think,gsm8k_test_001144,no_think,canonical,,full_output,13,10,False,51,51,True,12.422873497009276,,ok,False,ok,34,56.0
exp_c,exp_c__gsm8k_test_001144__no_think,gsm8k_test_001144,no_think,canonical,,full_output,20,10,False,51,51,True,13.541617393493652,,ok,False,ok,34,56.0
exp_c,exp_c__gsm8k_test_001144__no_think,gsm8k_test_001144,no_think,canonical,,answer_segment,6,10,False,51,51,True,16.78428840637207,,ok,False,ok,34,56.0
exp_c,exp_c__gsm8k_test_001144__no_think,gsm8k_test_001144,no_think,canonical,,answer_segment,13,10,False,51,51,True,12.422873497009276,,ok,False,ok,34,56.0
exp_c,exp_c__gsm8k_test_001144__no_think,gsm8k_test_001144,no_think,canonical,,answer_segment,20,10,False,51,51,True,13.541617393493652,,ok,False,ok,34,56.0
exp_c,exp_c__gsm8k_test_001145__think,gsm8k_test_001145,think,canonical,,full_output,6,10,False,53,53,True,13.195989608764648,,ok,False,ok,291,20.0
exp_c,exp_c__gsm8k_test_001145__think,gsm8k_test_001145,think,canonical,,full_output,13,10,False,53,53,True,11.246983528137209,,ok,False,ok,291,20.0
exp_c,exp_c__gsm8k_test_001145__think,gsm8k_test_001145,think,canonical,,full_output,20,10,False,53,53,True,12.572639465332031,,ok,False,ok,291,20.0
exp_c,exp_c__gsm8k_test_001145__think,gsm8k_test_001145,think,canonical,,thinking_segment,6,10,False,3,0,False,,too_short,ok_qwen_token_boundary,False,ok,291,20.0
exp_c,exp_c__gsm8k_test_001145__think,gsm8k_test_001145,think,canonical,,thinking_segment,13,10,False,3,0,False,,too_short,ok_qwen_token_boundary,False,ok,291,20.0
exp_c,exp_c__gsm8k_test_001145__think,gsm8k_test_001145,think,canonical,,thinking_segment,20,10,False,3,0,False,,too_short,ok_qwen_token_boundary,False,ok,291,20.0
exp_c,exp_c__gsm8k_test_001145__think,gsm8k_test_001145,think,canonical,,answer_segment,6,10,False,50,50,True,15.175167083740234,,ok_qwen_token_boundary,False,ok,291,20.0
exp_c,exp_c__gsm8k_test_001145__think,gsm8k_test_001145,think,canonical,,answer_segment,13,10,False,50,50,True,11.41625690460205,,ok_qwen_token_boundary,False,ok,291,20.0
exp_c,exp_c__gsm8k_test_001145__think,gsm8k_test_001145,think,canonical,,answer_segment,20,10,False,50,50,True,12.710332870483398,,ok_qwen_token_boundary,False,ok,291,20.0
exp_c,exp_c__gsm8k_test_001145__no_think,gsm8k_test_001145,no_think,canonical,,full_output,6,10,False,52,52,True,15.140188217163086,,ok,False,ok,291,58.0
exp_c,exp_c__gsm8k_test_001145__no_think,gsm8k_test_001145,no_think,canonical,,full_output,13,10,False,52,52,True,12.29953670501709,,ok,False,ok,291,58.0
exp_c,exp_c__gsm8k_test_001145__no_think,gsm8k_test_001145,no_think,canonical,,full_output,20,10,False,52,52,True,12.533292770385742,,ok,False,ok,291,58.0
exp_c,exp_c__gsm8k_test_001145__no_think,gsm8k_test_001145,no_think,canonical,,answer_segment,6,10,False,52,52,True,15.140188217163086,,ok,False,ok,291,58.0
exp_c,exp_c__gsm8k_test_001145__no_think,gsm8k_test_001145,no_think,canonical,,answer_segment,13,10,False,52,52,True,12.29953670501709,,ok,False,ok,291,58.0
exp_c,exp_c__gsm8k_test_001145__no_think,gsm8k_test_001145,no_think,canonical,,answer_segment,20,10,False,52,52,True,12.533292770385742,,ok,False,ok,291,58.0
exp_c,exp_c__gsm8k_test_001161__think,gsm8k_test_001161,think,canonical,,full_output,6,10,False,72,72,True,11.665121078491213,,ok,False,ok,170,50.0
exp_c,exp_c__gsm8k_test_001161__think,gsm8k_test_001161,think,canonical,,full_output,13,10,False,72,72,True,10.363879203796388,,ok,False,ok,170,50.0
exp_c,exp_c__gsm8k_test_001161__think,gsm8k_test_001161,think,canonical,,full_output,20,10,False,72,72,True,11.565196990966797,,ok,False,ok,170,50.0
exp_c,exp_c__gsm8k_test_001161__think,gsm8k_test_001161,think,canonical,,thinking_segment,6,10,False,3,0,False,,too_short,ok_qwen_token_boundary,False,ok,170,50.0
exp_c,exp_c__gsm8k_test_001161__think,gsm8k_test_001161,think,canonical,,thinking_segment,13,10,False,3,0,False,,too_short,ok_qwen_token_boundary,False,ok,170,50.0
exp_c,exp_c__gsm8k_test_001161__think,gsm8k_test_001161,think,canonical,,thinking_segment,20,10,False,3,0,False,,too_short,ok_qwen_token_boundary,False,ok,170,50.0
exp_c,exp_c__gsm8k_test_001161__think,gsm8k_test_001161,think,canonical,,answer_segment,6,10,False,69,69,True,12.909379959106444,,ok_qwen_token_boundary,False,ok,170,50.0
exp_c,exp_c__gsm8k_test_001161__think,gsm8k_test_001161,think,canonical,,answer_segment,13,10,False,69,69,True,10.353440284729004,,ok_qwen_token_boundary,False,ok,170,50.0
exp_c,exp_c__gsm8k_test_001161__think,gsm8k_test_001161,think,canonical,,answer_segment,20,10,False,69,69,True,11.77534008026123,,ok_qwen_token_boundary,False,ok,170,50.0
exp_c,exp_c__gsm8k_test_001161__no_think,gsm8k_test_001161,no_think,canonical,,full_output,6,10,False,102,102,True,13.21185302734375,,ok,False,fallback_last_line,170,50.0
exp_c,exp_c__gsm8k_test_001161__no_think,gsm8k_test_001161,no_think,canonical,,full_output,13,10,False,102,102,True,11.409954071044922,,ok,False,fallback_last_line,170,50.0
exp_c,exp_c__gsm8k_test_001161__no_think,gsm8k_test_001161,no_think,canonical,,full_output,20,10,False,102,102,True,11.467307090759276,,ok,False,fallback_last_line,170,50.0
exp_c,exp_c__gsm8k_test_001161__no_think,gsm8k_test_001161,no_think,canonical,,answer_segment,6,10,False,102,102,True,13.21185302734375,,ok,False,fallback_last_line,170,50.0
exp_c,exp_c__gsm8k_test_001161__no_think,gsm8k_test_001161,no_think,canonical,,answer_segment,13,10,False,102,102,True,11.409954071044922,,ok,False,fallback_last_line,170,50.0
exp_c,exp_c__gsm8k_test_001161__no_think,gsm8k_test_001161,no_think,canonical,,answer_segment,20,10,False,102,102,True,11.467307090759276,,ok,False,fallback_last_line,170,50.0
exp_c,exp_c__gsm8k_test_001164__think,gsm8k_test_001164,think,canonical,,full_output,6,10,False,490,490,True,10.104368209838867,,ok,True,ok,9,9.0
exp_c,exp_c__gsm8k_test_001164__think,gsm8k_test_001164,think,canonical,,full_output,13,10,False,490,490,True,9.60595703125,,ok,True,ok,9,9.0
exp_c,exp_c__gsm8k_test_001164__think,gsm8k_test_001164,think,canonical,,full_output,20,10,False,490,490,True,9.86624526977539,,ok,True,ok,9,9.0
exp_c,exp_c__gsm8k_test_001164__think,gsm8k_test_001164,think,canonical,,thinking_segment,6,10,False,421,421,True,10.184731483459473,,ok_qwen_token_boundary,True,ok,9,9.0
exp_c,exp_c__gsm8k_test_001164__think,gsm8k_test_001164,think,canonical,,thinking_segment,13,10,False,421,421,True,9.923325538635254,,ok_qwen_token_boundary,True,ok,9,9.0
exp_c,exp_c__gsm8k_test_001164__think,gsm8k_test_001164,think,canonical,,thinking_segment,20,10,False,421,421,True,9.971652030944824,,ok_qwen_token_boundary,True,ok,9,9.0
exp_c,exp_c__gsm8k_test_001164__think,gsm8k_test_001164,think,canonical,,answer_segment,6,10,False,69,69,True,13.39443588256836,,ok_qwen_token_boundary,True,ok,9,9.0
exp_c,exp_c__gsm8k_test_001164__think,gsm8k_test_001164,think,canonical,,answer_segment,13,10,False,69,69,True,10.161857604980469,,ok_qwen_token_boundary,True,ok,9,9.0
exp_c,exp_c__gsm8k_test_001164__think,gsm8k_test_001164,think,canonical,,answer_segment,20,10,False,69,69,True,11.21409511566162,,ok_qwen_token_boundary,True,ok,9,9.0
exp_c,exp_c__gsm8k_test_001164__no_think,gsm8k_test_001164,no_think,canonical,,full_output,6,10,False,73,73,True,10.690683364868164,,ok,False,ok,9,46.0
exp_c,exp_c__gsm8k_test_001164__no_think,gsm8k_test_001164,no_think,canonical,,full_output,13,10,False,73,73,True,9.603693008422852,,ok,False,ok,9,46.0
exp_c,exp_c__gsm8k_test_001164__no_think,gsm8k_test_001164,no_think,canonical,,full_output,20,10,False,73,73,True,9.965206146240234,,ok,False,ok,9,46.0
exp_c,exp_c__gsm8k_test_001164__no_think,gsm8k_test_001164,no_think,canonical,,answer_segment,6,10,False,73,73,True,10.690683364868164,,ok,False,ok,9,46.0
exp_c,exp_c__gsm8k_test_001164__no_think,gsm8k_test_001164,no_think,canonical,,answer_segment,13,10,False,73,73,True,9.603693008422852,,ok,False,ok,9,46.0
exp_c,exp_c__gsm8k_test_001164__no_think,gsm8k_test_001164,no_think,canonical,,answer_segment,20,10,False,73,73,True,9.965206146240234,,ok,False,ok,9,46.0
exp_c,exp_c__gsm8k_test_001165__think,gsm8k_test_001165,think,canonical,,full_output,6,10,False,574,574,True,8.087575912475586,,ok,False,ok,1248,3.6
exp_c,exp_c__gsm8k_test_001165__think,gsm8k_test_001165,think,canonical,,full_output,13,10,False,574,574,True,8.519192695617676,,ok,False,ok,1248,3.6
exp_c,exp_c__gsm8k_test_001165__think,gsm8k_test_001165,think,canonical,,full_output,20,10,False,574,574,True,8.15395450592041,,ok,False,ok,1248,3.6
exp_c,exp_c__gsm8k_test_001165__think,gsm8k_test_001165,think,canonical,,thinking_segment,6,10,False,514,514,True,8.05062198638916,,ok_qwen_token_boundary,False,ok,1248,3.6
exp_c,exp_c__gsm8k_test_001165__think,gsm8k_test_001165,think,canonical,,thinking_segment,13,10,False,514,514,True,8.44183349609375,,ok_qwen_token_boundary,False,ok,1248,3.6
exp_c,exp_c__gsm8k_test_001165__think,gsm8k_test_001165,think,canonical,,thinking_segment,20,10,False,514,514,True,7.897084712982178,,ok_qwen_token_boundary,False,ok,1248,3.6
exp_c,exp_c__gsm8k_test_001165__think,gsm8k_test_001165,think,canonical,,answer_segment,6,10,False,60,60,True,15.010801315307615,,ok_qwen_token_boundary,False,ok,1248,3.6
exp_c,exp_c__gsm8k_test_001165__think,gsm8k_test_001165,think,canonical,,answer_segment,13,10,False,60,60,True,10.816977500915527,,ok_qwen_token_boundary,False,ok,1248,3.6
exp_c,exp_c__gsm8k_test_001165__think,gsm8k_test_001165,think,canonical,,answer_segment,20,10,False,60,60,True,10.623214721679688,,ok_qwen_token_boundary,False,ok,1248,3.6
exp_c,exp_c__gsm8k_test_001165__no_think,gsm8k_test_001165,no_think,canonical,,full_output,6,10,False,53,53,True,13.030835151672363,,ok,False,ok,1248,1280.0
exp_c,exp_c__gsm8k_test_001165__no_think,gsm8k_test_001165,no_think,canonical,,full_output,13,10,False,53,53,True,10.128923416137695,,ok,False,ok,1248,1280.0
exp_c,exp_c__gsm8k_test_001165__no_think,gsm8k_test_001165,no_think,canonical,,full_output,20,10,False,53,53,True,10.286580085754396,,ok,False,ok,1248,1280.0
exp_c,exp_c__gsm8k_test_001165__no_think,gsm8k_test_001165,no_think,canonical,,answer_segment,6,10,False,53,53,True,13.030835151672363,,ok,False,ok,1248,1280.0
exp_c,exp_c__gsm8k_test_001165__no_think,gsm8k_test_001165,no_think,canonical,,answer_segment,13,10,False,53,53,True,10.128923416137695,,ok,False,ok,1248,1280.0
exp_c,exp_c__gsm8k_test_001165__no_think,gsm8k_test_001165,no_think,canonical,,answer_segment,20,10,False,53,53,True,10.286580085754396,,ok,False,ok,1248,1280.0
exp_c,exp_c__gsm8k_test_001178__think,gsm8k_test_001178,think,canonical,,full_output,6,10,False,41,41,True,14.716130256652832,,ok,True,ok,17,17.0
exp_c,exp_c__gsm8k_test_001178__think,gsm8k_test_001178,think,canonical,,full_output,13,10,False,41,41,True,11.354670524597168,,ok,True,ok,17,17.0
exp_c,exp_c__gsm8k_test_001178__think,gsm8k_test_001178,think,canonical,,full_output,20,10,False,41,41,True,14.068971633911133,,ok,True,ok,17,17.0
exp_c,exp_c__gsm8k_test_001178__think,gsm8k_test_001178,think,canonical,,thinking_segment,6,10,False,3,0,False,,too_short,ok_qwen_token_boundary,True,ok,17,17.0
exp_c,exp_c__gsm8k_test_001178__think,gsm8k_test_001178,think,canonical,,thinking_segment,13,10,False,3,0,False,,too_short,ok_qwen_token_boundary,True,ok,17,17.0
exp_c,exp_c__gsm8k_test_001178__think,gsm8k_test_001178,think,canonical,,thinking_segment,20,10,False,3,0,False,,too_short,ok_qwen_token_boundary,True,ok,17,17.0
exp_c,exp_c__gsm8k_test_001178__think,gsm8k_test_001178,think,canonical,,answer_segment,6,10,False,38,38,True,16.874666213989258,,ok_qwen_token_boundary,True,ok,17,17.0
exp_c,exp_c__gsm8k_test_001178__think,gsm8k_test_001178,think,canonical,,answer_segment,13,10,False,38,38,True,11.279248237609863,,ok_qwen_token_boundary,True,ok,17,17.0
exp_c,exp_c__gsm8k_test_001178__think,gsm8k_test_001178,think,canonical,,answer_segment,20,10,False,38,38,True,14.30681610107422,,ok_qwen_token_boundary,True,ok,17,17.0
exp_c,exp_c__gsm8k_test_001178__no_think,gsm8k_test_001178,no_think,canonical,,full_output,6,10,False,38,38,True,17.124128341674805,,ok,True,ok,17,17.0
exp_c,exp_c__gsm8k_test_001178__no_think,gsm8k_test_001178,no_think,canonical,,full_output,13,10,False,38,38,True,10.80963897705078,,ok,True,ok,17,17.0
exp_c,exp_c__gsm8k_test_001178__no_think,gsm8k_test_001178,no_think,canonical,,full_output,20,10,False,38,38,True,13.908522605895996,,ok,True,ok,17,17.0
exp_c,exp_c__gsm8k_test_001178__no_think,gsm8k_test_001178,no_think,canonical,,answer_segment,6,10,False,38,38,True,17.124128341674805,,ok,True,ok,17,17.0
exp_c,exp_c__gsm8k_test_001178__no_think,gsm8k_test_001178,no_think,canonical,,answer_segment,13,10,False,38,38,True,10.80963897705078,,ok,True,ok,17,17.0
exp_c,exp_c__gsm8k_test_001178__no_think,gsm8k_test_001178,no_think,canonical,,answer_segment,20,10,False,38,38,True,13.908522605895996,,ok,True,ok,17,17.0
exp_c,exp_c__gsm8k_test_001181__think,gsm8k_test_001181,think,canonical,,full_output,6,10,False,590,590,True,9.708975791931152,,ok,True,ok,20,20.0
exp_c,exp_c__gsm8k_test_001181__think,gsm8k_test_001181,think,canonical,,full_output,13,10,False,590,590,True,9.18525218963623,,ok,True,ok,20,20.0
exp_c,exp_c__gsm8k_test_001181__think,gsm8k_test_001181,think,canonical,,full_output,20,10,False,590,590,True,10.170403480529783,,ok,True,ok,20,20.0
exp_c,exp_c__gsm8k_test_001181__think,gsm8k_test_001181,think,canonical,,thinking_segment,6,10,False,514,514,True,9.126678466796877,,ok_qwen_token_boundary,True,ok,20,20.0
exp_c,exp_c__gsm8k_test_001181__think,gsm8k_test_001181,think,canonical,,thinking_segment,13,10,False,514,514,True,9.040923118591309,,ok_qwen_token_boundary,True,ok,20,20.0
exp_c,exp_c__gsm8k_test_001181__think,gsm8k_test_001181,think,canonical,,thinking_segment,20,10,False,514,514,True,9.795848846435549,,ok_qwen_token_boundary,True,ok,20,20.0
exp_c,exp_c__gsm8k_test_001181__think,gsm8k_test_001181,think,canonical,,answer_segment,6,10,False,76,76,True,12.61142921447754,,ok_qwen_token_boundary,True,ok,20,20.0
exp_c,exp_c__gsm8k_test_001181__think,gsm8k_test_001181,think,canonical,,answer_segment,13,10,False,76,76,True,11.220852851867676,,ok_qwen_token_boundary,True,ok,20,20.0
exp_c,exp_c__gsm8k_test_001181__think,gsm8k_test_001181,think,canonical,,answer_segment,20,10,False,76,76,True,11.145584106445312,,ok_qwen_token_boundary,True,ok,20,20.0
exp_c,exp_c__gsm8k_test_001181__no_think,gsm8k_test_001181,no_think,canonical,,full_output,6,10,False,56,56,True,11.944061279296877,,ok,False,ok,20,10.0
exp_c,exp_c__gsm8k_test_001181__no_think,gsm8k_test_001181,no_think,canonical,,full_output,13,10,False,56,56,True,10.380914688110352,,ok,False,ok,20,10.0
exp_c,exp_c__gsm8k_test_001181__no_think,gsm8k_test_001181,no_think,canonical,,full_output,20,10,False,56,56,True,11.785649299621582,,ok,False,ok,20,10.0
exp_c,exp_c__gsm8k_test_001181__no_think,gsm8k_test_001181,no_think,canonical,,answer_segment,6,10,False,56,56,True,11.944061279296877,,ok,False,ok,20,10.0
exp_c,exp_c__gsm8k_test_001181__no_think,gsm8k_test_001181,no_think,canonical,,answer_segment,13,10,False,56,56,True,10.380914688110352,,ok,False,ok,20,10.0
exp_c,exp_c__gsm8k_test_001181__no_think,gsm8k_test_001181,no_think,canonical,,answer_segment,20,10,False,56,56,True,11.785649299621582,,ok,False,ok,20,10.0
exp_c,exp_c__gsm8k_test_001182__think,gsm8k_test_001182,think,canonical,,full_output,6,10,False,438,438,True,9.881231307983398,,ok,True,ok,1800,1800.0
exp_c,exp_c__gsm8k_test_001182__think,gsm8k_test_001182,think,canonical,,full_output,13,10,False,438,438,True,9.308880805969238,,ok,True,ok,1800,1800.0
exp_c,exp_c__gsm8k_test_001182__think,gsm8k_test_001182,think,canonical,,full_output,20,10,False,438,438,True,9.654738426208496,,ok,True,ok,1800,1800.0
exp_c,exp_c__gsm8k_test_001182__think,gsm8k_test_001182,think,canonical,,thinking_segment,6,10,False,397,397,True,10.384982109069824,,ok_qwen_token_boundary,True,ok,1800,1800.0
exp_c,exp_c__gsm8k_test_001182__think,gsm8k_test_001182,think,canonical,,thinking_segment,13,10,False,397,397,True,9.435920715332031,,ok_qwen_token_boundary,True,ok,1800,1800.0
exp_c,exp_c__gsm8k_test_001182__think,gsm8k_test_001182,think,canonical,,thinking_segment,20,10,False,397,397,True,9.82713508605957,,ok_qwen_token_boundary,True,ok,1800,1800.0
exp_c,exp_c__gsm8k_test_001182__think,gsm8k_test_001182,think,canonical,,answer_segment,6,10,False,41,41,True,12.197957992553713,,ok_qwen_token_boundary,True,ok,1800,1800.0
exp_c,exp_c__gsm8k_test_001182__think,gsm8k_test_001182,think,canonical,,answer_segment,13,10,False,41,41,True,11.886219024658203,,ok_qwen_token_boundary,True,ok,1800,1800.0
exp_c,exp_c__gsm8k_test_001182__think,gsm8k_test_001182,think,canonical,,answer_segment,20,10,False,41,41,True,12.81577968597412,,ok_qwen_token_boundary,True,ok,1800,1800.0
exp_c,exp_c__gsm8k_test_001182__no_think,gsm8k_test_001182,no_think,canonical,,full_output,6,10,False,56,56,True,12.872529029846191,,ok,False,ok,1800,54.0
exp_c,exp_c__gsm8k_test_001182__no_think,gsm8k_test_001182,no_think,canonical,,full_output,13,10,False,56,56,True,10.262152671813965,,ok,False,ok,1800,54.0
exp_c,exp_c__gsm8k_test_001182__no_think,gsm8k_test_001182,no_think,canonical,,full_output,20,10,False,56,56,True,11.49636936187744,,ok,False,ok,1800,54.0
exp_c,exp_c__gsm8k_test_001182__no_think,gsm8k_test_001182,no_think,canonical,,answer_segment,6,10,False,56,56,True,12.872529029846191,,ok,False,ok,1800,54.0
exp_c,exp_c__gsm8k_test_001182__no_think,gsm8k_test_001182,no_think,canonical,,answer_segment,13,10,False,56,56,True,10.262152671813965,,ok,False,ok,1800,54.0
exp_c,exp_c__gsm8k_test_001182__no_think,gsm8k_test_001182,no_think,canonical,,answer_segment,20,10,False,56,56,True,11.49636936187744,,ok,False,ok,1800,54.0
exp_c,exp_c__gsm8k_test_001183__think,gsm8k_test_001183,think,canonical,,full_output,6,10,False,639,639,True,7.858121871948242,,ok,False,ok,11,2.0
exp_c,exp_c__gsm8k_test_001183__think,gsm8k_test_001183,think,canonical,,full_output,13,10,False,639,639,True,7.7126784324646,,ok,False,ok,11,2.0
exp_c,exp_c__gsm8k_test_001183__think,gsm8k_test_001183,think,canonical,,full_output,20,10,False,639,639,True,7.351448059082031,,ok,False,ok,11,2.0
exp_c,exp_c__gsm8k_test_001183__think,gsm8k_test_001183,think,canonical,,thinking_segment,6,10,False,514,514,True,8.920949935913086,,ok_qwen_token_boundary,False,ok,11,2.0
exp_c,exp_c__gsm8k_test_001183__think,gsm8k_test_001183,think,canonical,,thinking_segment,13,10,False,514,514,True,8.03420352935791,,ok_qwen_token_boundary,False,ok,11,2.0
exp_c,exp_c__gsm8k_test_001183__think,gsm8k_test_001183,think,canonical,,thinking_segment,20,10,False,514,514,True,7.505053997039795,,ok_qwen_token_boundary,False,ok,11,2.0
exp_c,exp_c__gsm8k_test_001183__think,gsm8k_test_001183,think,canonical,,answer_segment,6,10,False,125,125,True,7.9795732498168945,,ok_qwen_token_boundary,False,ok,11,2.0
exp_c,exp_c__gsm8k_test_001183__think,gsm8k_test_001183,think,canonical,,answer_segment,13,10,False,125,125,True,8.874021530151367,,ok_qwen_token_boundary,False,ok,11,2.0
exp_c,exp_c__gsm8k_test_001183__think,gsm8k_test_001183,think,canonical,,answer_segment,20,10,False,125,125,True,8.292567253112793,,ok_qwen_token_boundary,False,ok,11,2.0
exp_c,exp_c__gsm8k_test_001183__no_think,gsm8k_test_001183,no_think,canonical,,full_output,6,10,False,39,39,True,15.987212181091309,,ok,False,ok,11,13.0
exp_c,exp_c__gsm8k_test_001183__no_think,gsm8k_test_001183,no_think,canonical,,full_output,13,10,False,39,39,True,12.015387535095217,,ok,False,ok,11,13.0
exp_c,exp_c__gsm8k_test_001183__no_think,gsm8k_test_001183,no_think,canonical,,full_output,20,10,False,39,39,True,11.569791793823242,,ok,False,ok,11,13.0
exp_c,exp_c__gsm8k_test_001183__no_think,gsm8k_test_001183,no_think,canonical,,answer_segment,6,10,False,39,39,True,15.987212181091309,,ok,False,ok,11,13.0
exp_c,exp_c__gsm8k_test_001183__no_think,gsm8k_test_001183,no_think,canonical,,answer_segment,13,10,False,39,39,True,12.015387535095217,,ok,False,ok,11,13.0
exp_c,exp_c__gsm8k_test_001183__no_think,gsm8k_test_001183,no_think,canonical,,answer_segment,20,10,False,39,39,True,11.569791793823242,,ok,False,ok,11,13.0
exp_c,exp_c__gsm8k_test_001186__think,gsm8k_test_001186,think,canonical,,full_output,6,10,False,46,46,True,12.52928352355957,,ok,False,ok,19,23.0
exp_c,exp_c__gsm8k_test_001186__think,gsm8k_test_001186,think,canonical,,full_output,13,10,False,46,46,True,9.70706272125244,,ok,False,ok,19,23.0
exp_c,exp_c__gsm8k_test_001186__think,gsm8k_test_001186,think,canonical,,full_output,20,10,False,46,46,True,11.070374488830566,,ok,False,ok,19,23.0
exp_c,exp_c__gsm8k_test_001186__think,gsm8k_test_001186,think,canonical,,thinking_segment,6,10,False,3,0,False,,too_short,ok_qwen_token_boundary,False,ok,19,23.0
exp_c,exp_c__gsm8k_test_001186__think,gsm8k_test_001186,think,canonical,,thinking_segment,13,10,False,3,0,False,,too_short,ok_qwen_token_boundary,False,ok,19,23.0
exp_c,exp_c__gsm8k_test_001186__think,gsm8k_test_001186,think,canonical,,thinking_segment,20,10,False,3,0,False,,too_short,ok_qwen_token_boundary,False,ok,19,23.0
exp_c,exp_c__gsm8k_test_001186__think,gsm8k_test_001186,think,canonical,,answer_segment,6,10,False,43,43,True,14.379822731018066,,ok_qwen_token_boundary,False,ok,19,23.0
exp_c,exp_c__gsm8k_test_001186__think,gsm8k_test_001186,think,canonical,,answer_segment,13,10,False,43,43,True,9.671813011169434,,ok_qwen_token_boundary,False,ok,19,23.0
exp_c,exp_c__gsm8k_test_001186__think,gsm8k_test_001186,think,canonical,,answer_segment,20,10,False,43,43,True,11.14777660369873,,ok_qwen_token_boundary,False,ok,19,23.0
exp_c,exp_c__gsm8k_test_001186__no_think,gsm8k_test_001186,no_think,canonical,,full_output,6,10,False,40,40,True,14.553686141967772,,ok,False,ok,19,23.0
exp_c,exp_c__gsm8k_test_001186__no_think,gsm8k_test_001186,no_think,canonical,,full_output,13,10,False,40,40,True,9.479901313781738,,ok,False,ok,19,23.0
exp_c,exp_c__gsm8k_test_001186__no_think,gsm8k_test_001186,no_think,canonical,,full_output,20,10,False,40,40,True,10.457270622253418,,ok,False,ok,19,23.0
exp_c,exp_c__gsm8k_test_001186__no_think,gsm8k_test_001186,no_think,canonical,,answer_segment,6,10,False,40,40,True,14.553686141967772,,ok,False,ok,19,23.0
exp_c,exp_c__gsm8k_test_001186__no_think,gsm8k_test_001186,no_think,canonical,,answer_segment,13,10,False,40,40,True,9.479901313781738,,ok,False,ok,19,23.0
exp_c,exp_c__gsm8k_test_001186__no_think,gsm8k_test_001186,no_think,canonical,,answer_segment,20,10,False,40,40,True,10.457270622253418,,ok,False,ok,19,23.0
exp_c,exp_c__gsm8k_test_001188__think,gsm8k_test_001188,think,canonical,,full_output,6,10,False,553,553,True,10.156846046447754,,ok,False,ok,24,14.0
exp_c,exp_c__gsm8k_test_001188__think,gsm8k_test_001188,think,canonical,,full_output,13,10,False,553,553,True,9.59383773803711,,ok,False,ok,24,14.0
exp_c,exp_c__gsm8k_test_001188__think,gsm8k_test_001188,think,canonical,,full_output,20,10,False,553,553,True,9.50429630279541,,ok,False,ok,24,14.0
exp_c,exp_c__gsm8k_test_001188__think,gsm8k_test_001188,think,canonical,,thinking_segment,6,10,False,514,514,True,10.278706550598145,,ok_qwen_token_boundary,False,ok,24,14.0
exp_c,exp_c__gsm8k_test_001188__think,gsm8k_test_001188,think,canonical,,thinking_segment,13,10,False,514,514,True,9.703394889831545,,ok_qwen_token_boundary,False,ok,24,14.0
exp_c,exp_c__gsm8k_test_001188__think,gsm8k_test_001188,think,canonical,,thinking_segment,20,10,False,514,514,True,9.5540771484375,,ok_qwen_token_boundary,False,ok,24,14.0
exp_c,exp_c__gsm8k_test_001188__think,gsm8k_test_001188,think,canonical,,answer_segment,6,10,False,39,39,True,14.47901439666748,,ok_qwen_token_boundary,False,ok,24,14.0
exp_c,exp_c__gsm8k_test_001188__think,gsm8k_test_001188,think,canonical,,answer_segment,13,10,False,39,39,True,11.9906587600708,,ok_qwen_token_boundary,False,ok,24,14.0
exp_c,exp_c__gsm8k_test_001188__think,gsm8k_test_001188,think,canonical,,answer_segment,20,10,False,39,39,True,12.456871032714844,,ok_qwen_token_boundary,False,ok,24,14.0
exp_c,exp_c__gsm8k_test_001188__no_think,gsm8k_test_001188,no_think,canonical,,full_output,6,10,False,47,47,True,13.530046463012695,,ok,False,ok,24,14.0
exp_c,exp_c__gsm8k_test_001188__no_think,gsm8k_test_001188,no_think,canonical,,full_output,13,10,False,47,47,True,11.369671821594238,,ok,False,ok,24,14.0
exp_c,exp_c__gsm8k_test_001188__no_think,gsm8k_test_001188,no_think,canonical,,full_output,20,10,False,47,47,True,12.032835960388184,,ok,False,ok,24,14.0
exp_c,exp_c__gsm8k_test_001188__no_think,gsm8k_test_001188,no_think,canonical,,answer_segment,6,10,False,47,47,True,13.530046463012695,,ok,False,ok,24,14.0
exp_c,exp_c__gsm8k_test_001188__no_think,gsm8k_test_001188,no_think,canonical,,answer_segment,13,10,False,47,47,True,11.369671821594238,,ok,False,ok,24,14.0
exp_c,exp_c__gsm8k_test_001188__no_think,gsm8k_test_001188,no_think,canonical,,answer_segment,20,10,False,47,47,True,12.032835960388184,,ok,False,ok,24,14.0
exp_c,exp_c__gsm8k_test_001191__think,gsm8k_test_001191,think,canonical,,full_output,6,10,False,64,64,True,10.835383415222168,,ok,False,ok,100,-20.0
exp_c,exp_c__gsm8k_test_001191__think,gsm8k_test_001191,think,canonical,,full_output,13,10,False,64,64,True,11.286788940429688,,ok,False,ok,100,-20.0
exp_c,exp_c__gsm8k_test_001191__think,gsm8k_test_001191,think,canonical,,full_output,20,10,False,64,64,True,11.251749038696287,,ok,False,ok,100,-20.0
exp_c,exp_c__gsm8k_test_001191__think,gsm8k_test_001191,think,canonical,,thinking_segment,6,10,False,3,0,False,,too_short,ok_qwen_token_boundary,False,ok,100,-20.0
exp_c,exp_c__gsm8k_test_001191__think,gsm8k_test_001191,think,canonical,,thinking_segment,13,10,False,3,0,False,,too_short,ok_qwen_token_boundary,False,ok,100,-20.0
exp_c,exp_c__gsm8k_test_001191__think,gsm8k_test_001191,think,canonical,,thinking_segment,20,10,False,3,0,False,,too_short,ok_qwen_token_boundary,False,ok,100,-20.0
exp_c,exp_c__gsm8k_test_001191__think,gsm8k_test_001191,think,canonical,,answer_segment,6,10,False,61,61,True,12.426146507263184,,ok_qwen_token_boundary,False,ok,100,-20.0
exp_c,exp_c__gsm8k_test_001191__think,gsm8k_test_001191,think,canonical,,answer_segment,13,10,False,61,61,True,11.272849082946776,,ok_qwen_token_boundary,False,ok,100,-20.0
exp_c,exp_c__gsm8k_test_001191__think,gsm8k_test_001191,think,canonical,,answer_segment,20,10,False,61,61,True,11.303508758544922,,ok_qwen_token_boundary,False,ok,100,-20.0
exp_c,exp_c__gsm8k_test_001191__no_think,gsm8k_test_001191,no_think,canonical,,full_output,6,10,False,44,44,True,14.253128051757812,,ok,False,ok,100,50.0
exp_c,exp_c__gsm8k_test_001191__no_think,gsm8k_test_001191,no_think,canonical,,full_output,13,10,False,44,44,True,11.582624435424805,,ok,False,ok,100,50.0
exp_c,exp_c__gsm8k_test_001191__no_think,gsm8k_test_001191,no_think,canonical,,full_output,20,10,False,44,44,True,12.127585411071776,,ok,False,ok,100,50.0
exp_c,exp_c__gsm8k_test_001191__no_think,gsm8k_test_001191,no_think,canonical,,answer_segment,6,10,False,44,44,True,14.253128051757812,,ok,False,ok,100,50.0
exp_c,exp_c__gsm8k_test_001191__no_think,gsm8k_test_001191,no_think,canonical,,answer_segment,13,10,False,44,44,True,11.582624435424805,,ok,False,ok,100,50.0
exp_c,exp_c__gsm8k_test_001191__no_think,gsm8k_test_001191,no_think,canonical,,answer_segment,20,10,False,44,44,True,12.127585411071776,,ok,False,ok,100,50.0
exp_c,exp_c__gsm8k_test_001201__think,gsm8k_test_001201,think,canonical,,full_output,6,10,False,61,61,True,11.902059555053713,,ok,False,ok,42,12.0
exp_c,exp_c__gsm8k_test_001201__think,gsm8k_test_001201,think,canonical,,full_output,13,10,False,61,61,True,10.599366188049316,,ok,False,ok,42,12.0
exp_c,exp_c__gsm8k_test_001201__think,gsm8k_test_001201,think,canonical,,full_output,20,10,False,61,61,True,12.12551498413086,,ok,False,ok,42,12.0
exp_c,exp_c__gsm8k_test_001201__think,gsm8k_test_001201,think,canonical,,thinking_segment,6,10,False,3,0,False,,too_short,ok_qwen_token_boundary,False,ok,42,12.0
exp_c,exp_c__gsm8k_test_001201__think,gsm8k_test_001201,think,canonical,,thinking_segment,13,10,False,3,0,False,,too_short,ok_qwen_token_boundary,False,ok,42,12.0
exp_c,exp_c__gsm8k_test_001201__think,gsm8k_test_001201,think,canonical,,thinking_segment,20,10,False,3,0,False,,too_short,ok_qwen_token_boundary,False,ok,42,12.0
exp_c,exp_c__gsm8k_test_001201__think,gsm8k_test_001201,think,canonical,,answer_segment,6,10,False,58,58,True,13.906366348266602,,ok_qwen_token_boundary,False,ok,42,12.0
exp_c,exp_c__gsm8k_test_001201__think,gsm8k_test_001201,think,canonical,,answer_segment,13,10,False,58,58,True,10.607107162475586,,ok_qwen_token_boundary,False,ok,42,12.0
exp_c,exp_c__gsm8k_test_001201__think,gsm8k_test_001201,think,canonical,,answer_segment,20,10,False,58,58,True,12.1513090133667,,ok_qwen_token_boundary,False,ok,42,12.0
exp_c,exp_c__gsm8k_test_001201__no_think,gsm8k_test_001201,no_think,canonical,,full_output,6,10,False,70,70,True,14.348627090454102,,ok,False,ok,42,22.0
exp_c,exp_c__gsm8k_test_001201__no_think,gsm8k_test_001201,no_think,canonical,,full_output,13,10,False,70,70,True,10.613182067871094,,ok,False,ok,42,22.0
exp_c,exp_c__gsm8k_test_001201__no_think,gsm8k_test_001201,no_think,canonical,,full_output,20,10,False,70,70,True,10.443527221679688,,ok,False,ok,42,22.0
exp_c,exp_c__gsm8k_test_001201__no_think,gsm8k_test_001201,no_think,canonical,,answer_segment,6,10,False,70,70,True,14.348627090454102,,ok,False,ok,42,22.0
exp_c,exp_c__gsm8k_test_001201__no_think,gsm8k_test_001201,no_think,canonical,,answer_segment,13,10,False,70,70,True,10.613182067871094,,ok,False,ok,42,22.0
exp_c,exp_c__gsm8k_test_001201__no_think,gsm8k_test_001201,no_think,canonical,,answer_segment,20,10,False,70,70,True,10.443527221679688,,ok,False,ok,42,22.0
exp_c,exp_c__gsm8k_test_001208__think,gsm8k_test_001208,think,canonical,,full_output,6,10,False,54,54,True,11.084941864013672,,ok,False,ok,27,11.0
exp_c,exp_c__gsm8k_test_001208__think,gsm8k_test_001208,think,canonical,,full_output,13,10,False,54,54,True,10.40752410888672,,ok,False,ok,27,11.0
exp_c,exp_c__gsm8k_test_001208__think,gsm8k_test_001208,think,canonical,,full_output,20,10,False,54,54,True,11.404786109924316,,ok,False,ok,27,11.0
exp_c,exp_c__gsm8k_test_001208__think,gsm8k_test_001208,think,canonical,,thinking_segment,6,10,False,3,0,False,,too_short,ok_qwen_token_boundary,False,ok,27,11.0
exp_c,exp_c__gsm8k_test_001208__think,gsm8k_test_001208,think,canonical,,thinking_segment,13,10,False,3,0,False,,too_short,ok_qwen_token_boundary,False,ok,27,11.0
exp_c,exp_c__gsm8k_test_001208__think,gsm8k_test_001208,think,canonical,,thinking_segment,20,10,False,3,0,False,,too_short,ok_qwen_token_boundary,False,ok,27,11.0
exp_c,exp_c__gsm8k_test_001208__think,gsm8k_test_001208,think,canonical,,answer_segment,6,10,False,51,51,True,12.159842491149902,,ok_qwen_token_boundary,False,ok,27,11.0
exp_c,exp_c__gsm8k_test_001208__think,gsm8k_test_001208,think,canonical,,answer_segment,13,10,False,51,51,True,10.498827934265137,,ok_qwen_token_boundary,False,ok,27,11.0
exp_c,exp_c__gsm8k_test_001208__think,gsm8k_test_001208,think,canonical,,answer_segment,20,10,False,51,51,True,11.349900245666504,,ok_qwen_token_boundary,False,ok,27,11.0
exp_c,exp_c__gsm8k_test_001208__no_think,gsm8k_test_001208,no_think,canonical,,full_output,6,10,False,50,50,True,11.907273292541504,,ok,False,ok,27,11.0
exp_c,exp_c__gsm8k_test_001208__no_think,gsm8k_test_001208,no_think,canonical,,full_output,13,10,False,50,50,True,10.389120101928713,,ok,False,ok,27,11.0
exp_c,exp_c__gsm8k_test_001208__no_think,gsm8k_test_001208,no_think,canonical,,full_output,20,10,False,50,50,True,11.466757774353027,,ok,False,ok,27,11.0
exp_c,exp_c__gsm8k_test_001208__no_think,gsm8k_test_001208,no_think,canonical,,answer_segment,6,10,False,50,50,True,11.907273292541504,,ok,False,ok,27,11.0
exp_c,exp_c__gsm8k_test_001208__no_think,gsm8k_test_001208,no_think,canonical,,answer_segment,13,10,False,50,50,True,10.389120101928713,,ok,False,ok,27,11.0
exp_c,exp_c__gsm8k_test_001208__no_think,gsm8k_test_001208,no_think,canonical,,answer_segment,20,10,False,50,50,True,11.466757774353027,,ok,False,ok,27,11.0
exp_c,exp_c__gsm8k_test_001209__think,gsm8k_test_001209,think,canonical,,full_output,6,10,False,390,390,True,13.678242683410645,,ok,True,ok,29,29.0
exp_c,exp_c__gsm8k_test_001209__think,gsm8k_test_001209,think,canonical,,full_output,13,10,False,390,390,True,10.331095695495604,,ok,True,ok,29,29.0
exp_c,exp_c__gsm8k_test_001209__think,gsm8k_test_001209,think,canonical,,full_output,20,10,False,390,390,True,10.33132553100586,,ok,True,ok,29,29.0
exp_c,exp_c__gsm8k_test_001209__think,gsm8k_test_001209,think,canonical,,thinking_segment,6,10,False,330,330,True,12.47461223602295,,ok_qwen_token_boundary,True,ok,29,29.0
exp_c,exp_c__gsm8k_test_001209__think,gsm8k_test_001209,think,canonical,,thinking_segment,13,10,False,330,330,True,10.17640781402588,,ok_qwen_token_boundary,True,ok,29,29.0
exp_c,exp_c__gsm8k_test_001209__think,gsm8k_test_001209,think,canonical,,thinking_segment,20,10,False,330,330,True,9.923108100891112,,ok_qwen_token_boundary,True,ok,29,29.0
exp_c,exp_c__gsm8k_test_001209__think,gsm8k_test_001209,think,canonical,,answer_segment,6,10,False,60,60,True,16.106849670410156,,ok_qwen_token_boundary,True,ok,29,29.0
exp_c,exp_c__gsm8k_test_001209__think,gsm8k_test_001209,think,canonical,,answer_segment,13,10,False,60,60,True,12.191313743591309,,ok_qwen_token_boundary,True,ok,29,29.0
exp_c,exp_c__gsm8k_test_001209__think,gsm8k_test_001209,think,canonical,,answer_segment,20,10,False,60,60,True,12.014297485351562,,ok_qwen_token_boundary,True,ok,29,29.0
exp_c,exp_c__gsm8k_test_001209__no_think,gsm8k_test_001209,no_think,canonical,,full_output,6,10,False,65,65,True,13.980161666870115,,ok,False,ok,29,34.0
exp_c,exp_c__gsm8k_test_001209__no_think,gsm8k_test_001209,no_think,canonical,,full_output,13,10,False,65,65,True,10.759317398071287,,ok,False,ok,29,34.0
exp_c,exp_c__gsm8k_test_001209__no_think,gsm8k_test_001209,no_think,canonical,,full_output,20,10,False,65,65,True,10.580363273620604,,ok,False,ok,29,34.0
exp_c,exp_c__gsm8k_test_001209__no_think,gsm8k_test_001209,no_think,canonical,,answer_segment,6,10,False,65,65,True,13.980161666870115,,ok,False,ok,29,34.0
exp_c,exp_c__gsm8k_test_001209__no_think,gsm8k_test_001209,no_think,canonical,,answer_segment,13,10,False,65,65,True,10.759317398071287,,ok,False,ok,29,34.0
exp_c,exp_c__gsm8k_test_001209__no_think,gsm8k_test_001209,no_think,canonical,,answer_segment,20,10,False,65,65,True,10.580363273620604,,ok,False,ok,29,34.0
exp_c,exp_c__gsm8k_test_001221__think,gsm8k_test_001221,think,canonical,,full_output,6,10,False,53,53,True,17.223613739013672,,ok,True,ok,10,10.0
exp_c,exp_c__gsm8k_test_001221__think,gsm8k_test_001221,think,canonical,,full_output,13,10,False,53,53,True,12.30959415435791,,ok,True,ok,10,10.0
exp_c,exp_c__gsm8k_test_001221__think,gsm8k_test_001221,think,canonical,,full_output,20,10,False,53,53,True,13.298266410827637,,ok,True,ok,10,10.0
exp_c,exp_c__gsm8k_test_001221__think,gsm8k_test_001221,think,canonical,,thinking_segment,6,10,False,3,0,False,,too_short,ok_qwen_token_boundary,True,ok,10,10.0
exp_c,exp_c__gsm8k_test_001221__think,gsm8k_test_001221,think,canonical,,thinking_segment,13,10,False,3,0,False,,too_short,ok_qwen_token_boundary,True,ok,10,10.0
exp_c,exp_c__gsm8k_test_001221__think,gsm8k_test_001221,think,canonical,,thinking_segment,20,10,False,3,0,False,,too_short,ok_qwen_token_boundary,True,ok,10,10.0
exp_c,exp_c__gsm8k_test_001221__think,gsm8k_test_001221,think,canonical,,answer_segment,6,10,False,50,50,True,18.74147605895996,,ok_qwen_token_boundary,True,ok,10,10.0
exp_c,exp_c__gsm8k_test_001221__think,gsm8k_test_001221,think,canonical,,answer_segment,13,10,False,50,50,True,12.283441543579102,,ok_qwen_token_boundary,True,ok,10,10.0
exp_c,exp_c__gsm8k_test_001221__think,gsm8k_test_001221,think,canonical,,answer_segment,20,10,False,50,50,True,13.431086540222168,,ok_qwen_token_boundary,True,ok,10,10.0
exp_c,exp_c__gsm8k_test_001221__no_think,gsm8k_test_001221,no_think,canonical,,full_output,6,10,False,52,52,True,16.01816749572754,,ok,True,ok,10,10.0
exp_c,exp_c__gsm8k_test_001221__no_think,gsm8k_test_001221,no_think,canonical,,full_output,13,10,False,52,52,True,11.79350757598877,,ok,True,ok,10,10.0
exp_c,exp_c__gsm8k_test_001221__no_think,gsm8k_test_001221,no_think,canonical,,full_output,20,10,False,52,52,True,12.567728996276855,,ok,True,ok,10,10.0
exp_c,exp_c__gsm8k_test_001221__no_think,gsm8k_test_001221,no_think,canonical,,answer_segment,6,10,False,52,52,True,16.01816749572754,,ok,True,ok,10,10.0
exp_c,exp_c__gsm8k_test_001221__no_think,gsm8k_test_001221,no_think,canonical,,answer_segment,13,10,False,52,52,True,11.79350757598877,,ok,True,ok,10,10.0
exp_c,exp_c__gsm8k_test_001221__no_think,gsm8k_test_001221,no_think,canonical,,answer_segment,20,10,False,52,52,True,12.567728996276855,,ok,True,ok,10,10.0
exp_c,exp_c__gsm8k_test_001225__think,gsm8k_test_001225,think,canonical,,full_output,6,10,False,561,561,True,9.025154113769531,,ok,True,ok,3,3.0
exp_c,exp_c__gsm8k_test_001225__think,gsm8k_test_001225,think,canonical,,full_output,13,10,False,561,561,True,8.305444717407227,,ok,True,ok,3,3.0
exp_c,exp_c__gsm8k_test_001225__think,gsm8k_test_001225,think,canonical,,full_output,20,10,False,561,561,True,8.417202949523926,,ok,True,ok,3,3.0
exp_c,exp_c__gsm8k_test_001225__think,gsm8k_test_001225,think,canonical,,thinking_segment,6,10,False,514,514,True,8.578289985656738,,ok_qwen_token_boundary,True,ok,3,3.0
exp_c,exp_c__gsm8k_test_001225__think,gsm8k_test_001225,think,canonical,,thinking_segment,13,10,False,514,514,True,8.187694549560547,,ok_qwen_token_boundary,True,ok,3,3.0
exp_c,exp_c__gsm8k_test_001225__think,gsm8k_test_001225,think,canonical,,thinking_segment,20,10,False,514,514,True,8.060588836669922,,ok_qwen_token_boundary,True,ok,3,3.0
exp_c,exp_c__gsm8k_test_001225__think,gsm8k_test_001225,think,canonical,,answer_segment,6,10,False,47,47,True,16.617897033691406,,ok_qwen_token_boundary,True,ok,3,3.0
exp_c,exp_c__gsm8k_test_001225__think,gsm8k_test_001225,think,canonical,,answer_segment,13,10,False,47,47,True,12.790465354919434,,ok_qwen_token_boundary,True,ok,3,3.0
exp_c,exp_c__gsm8k_test_001225__think,gsm8k_test_001225,think,canonical,,answer_segment,20,10,False,47,47,True,13.094377517700195,,ok_qwen_token_boundary,True,ok,3,3.0
exp_c,exp_c__gsm8k_test_001225__no_think,gsm8k_test_001225,no_think,canonical,,full_output,6,10,False,53,53,True,13.224126815795898,,ok,False,ok,3,2.0
exp_c,exp_c__gsm8k_test_001225__no_think,gsm8k_test_001225,no_think,canonical,,full_output,13,10,False,53,53,True,11.617668151855469,,ok,False,ok,3,2.0
exp_c,exp_c__gsm8k_test_001225__no_think,gsm8k_test_001225,no_think,canonical,,full_output,20,10,False,53,53,True,10.959916114807127,,ok,False,ok,3,2.0
exp_c,exp_c__gsm8k_test_001225__no_think,gsm8k_test_001225,no_think,canonical,,answer_segment,6,10,False,53,53,True,13.224126815795898,,ok,False,ok,3,2.0
exp_c,exp_c__gsm8k_test_001225__no_think,gsm8k_test_001225,no_think,canonical,,answer_segment,13,10,False,53,53,True,11.617668151855469,,ok,False,ok,3,2.0
exp_c,exp_c__gsm8k_test_001225__no_think,gsm8k_test_001225,no_think,canonical,,answer_segment,20,10,False,53,53,True,10.959916114807127,,ok,False,ok,3,2.0
exp_c,exp_c__gsm8k_test_001232__think,gsm8k_test_001232,think,canonical,,full_output,6,10,False,47,47,True,14.523815155029297,,ok,False,ok,15,5.0
exp_c,exp_c__gsm8k_test_001232__think,gsm8k_test_001232,think,canonical,,full_output,13,10,False,47,47,True,11.570807456970217,,ok,False,ok,15,5.0
exp_c,exp_c__gsm8k_test_001232__think,gsm8k_test_001232,think,canonical,,full_output,20,10,False,47,47,True,12.412936210632324,,ok,False,ok,15,5.0
exp_c,exp_c__gsm8k_test_001232__think,gsm8k_test_001232,think,canonical,,thinking_segment,6,10,False,3,0,False,,too_short,ok_qwen_token_boundary,False,ok,15,5.0
exp_c,exp_c__gsm8k_test_001232__think,gsm8k_test_001232,think,canonical,,thinking_segment,13,10,False,3,0,False,,too_short,ok_qwen_token_boundary,False,ok,15,5.0
exp_c,exp_c__gsm8k_test_001232__think,gsm8k_test_001232,think,canonical,,thinking_segment,20,10,False,3,0,False,,too_short,ok_qwen_token_boundary,False,ok,15,5.0
exp_c,exp_c__gsm8k_test_001232__think,gsm8k_test_001232,think,canonical,,answer_segment,6,10,False,44,44,True,15.904213905334473,,ok_qwen_token_boundary,False,ok,15,5.0
exp_c,exp_c__gsm8k_test_001232__think,gsm8k_test_001232,think,canonical,,answer_segment,13,10,False,44,44,True,11.754021644592283,,ok_qwen_token_boundary,False,ok,15,5.0
exp_c,exp_c__gsm8k_test_001232__think,gsm8k_test_001232,think,canonical,,answer_segment,20,10,False,44,44,True,12.525821685791016,,ok_qwen_token_boundary,False,ok,15,5.0
exp_c,exp_c__gsm8k_test_001232__no_think,gsm8k_test_001232,no_think,canonical,,full_output,6,10,False,41,41,True,15.437006950378418,,ok,False,ok,15,5.0
exp_c,exp_c__gsm8k_test_001232__no_think,gsm8k_test_001232,no_think,canonical,,full_output,13,10,False,41,41,True,11.30527400970459,,ok,False,ok,15,5.0
exp_c,exp_c__gsm8k_test_001232__no_think,gsm8k_test_001232,no_think,canonical,,full_output,20,10,False,41,41,True,12.295867919921877,,ok,False,ok,15,5.0
exp_c,exp_c__gsm8k_test_001232__no_think,gsm8k_test_001232,no_think,canonical,,answer_segment,6,10,False,41,41,True,15.437006950378418,,ok,False,ok,15,5.0
exp_c,exp_c__gsm8k_test_001232__no_think,gsm8k_test_001232,no_think,canonical,,answer_segment,13,10,False,41,41,True,11.30527400970459,,ok,False,ok,15,5.0
exp_c,exp_c__gsm8k_test_001232__no_think,gsm8k_test_001232,no_think,canonical,,answer_segment,20,10,False,41,41,True,12.295867919921877,,ok,False,ok,15,5.0
exp_c,exp_c__gsm8k_test_001246__think,gsm8k_test_001246,think,canonical,,full_output,6,10,False,48,48,True,12.8806734085083,,ok,True,ok,3360,3360.0
exp_c,exp_c__gsm8k_test_001246__think,gsm8k_test_001246,think,canonical,,full_output,13,10,False,48,48,True,10.63072109222412,,ok,True,ok,3360,3360.0
exp_c,exp_c__gsm8k_test_001246__think,gsm8k_test_001246,think,canonical,,full_output,20,10,False,48,48,True,10.965813636779783,,ok,True,ok,3360,3360.0
exp_c,exp_c__gsm8k_test_001246__think,gsm8k_test_001246,think,canonical,,thinking_segment,6,10,False,3,0,False,,too_short,ok_qwen_token_boundary,True,ok,3360,3360.0
exp_c,exp_c__gsm8k_test_001246__think,gsm8k_test_001246,think,canonical,,thinking_segment,13,10,False,3,0,False,,too_short,ok_qwen_token_boundary,True,ok,3360,3360.0
exp_c,exp_c__gsm8k_test_001246__think,gsm8k_test_001246,think,canonical,,thinking_segment,20,10,False,3,0,False,,too_short,ok_qwen_token_boundary,True,ok,3360,3360.0
exp_c,exp_c__gsm8k_test_001246__think,gsm8k_test_001246,think,canonical,,answer_segment,6,10,False,45,45,True,14.23046588897705,,ok_qwen_token_boundary,True,ok,3360,3360.0
exp_c,exp_c__gsm8k_test_001246__think,gsm8k_test_001246,think,canonical,,answer_segment,13,10,False,45,45,True,10.65178394317627,,ok_qwen_token_boundary,True,ok,3360,3360.0
exp_c,exp_c__gsm8k_test_001246__think,gsm8k_test_001246,think,canonical,,answer_segment,20,10,False,45,45,True,10.971565246582031,,ok_qwen_token_boundary,True,ok,3360,3360.0
exp_c,exp_c__gsm8k_test_001246__no_think,gsm8k_test_001246,no_think,canonical,,full_output,6,10,False,46,46,True,16.198623657226562,,ok,True,ok,3360,3360.0
exp_c,exp_c__gsm8k_test_001246__no_think,gsm8k_test_001246,no_think,canonical,,full_output,13,10,False,46,46,True,10.801828384399414,,ok,True,ok,3360,3360.0
exp_c,exp_c__gsm8k_test_001246__no_think,gsm8k_test_001246,no_think,canonical,,full_output,20,10,False,46,46,True,11.850061416625977,,ok,True,ok,3360,3360.0
exp_c,exp_c__gsm8k_test_001246__no_think,gsm8k_test_001246,no_think,canonical,,answer_segment,6,10,False,46,46,True,16.198623657226562,,ok,True,ok,3360,3360.0
exp_c,exp_c__gsm8k_test_001246__no_think,gsm8k_test_001246,no_think,canonical,,answer_segment,13,10,False,46,46,True,10.801828384399414,,ok,True,ok,3360,3360.0
exp_c,exp_c__gsm8k_test_001246__no_think,gsm8k_test_001246,no_think,canonical,,answer_segment,20,10,False,46,46,True,11.850061416625977,,ok,True,ok,3360,3360.0
exp_c,exp_c__gsm8k_test_001247__think,gsm8k_test_001247,think,canonical,,full_output,6,10,False,48,48,True,13.6996488571167,,ok,False,ok,7,5.0
exp_c,exp_c__gsm8k_test_001247__think,gsm8k_test_001247,think,canonical,,full_output,13,10,False,48,48,True,11.883170127868652,,ok,False,ok,7,5.0
exp_c,exp_c__gsm8k_test_001247__think,gsm8k_test_001247,think,canonical,,full_output,20,10,False,48,48,True,12.852412223815918,,ok,False,ok,7,5.0
exp_c,exp_c__gsm8k_test_001247__think,gsm8k_test_001247,think,canonical,,thinking_segment,6,10,False,3,0,False,,too_short,ok_qwen_token_boundary,False,ok,7,5.0
exp_c,exp_c__gsm8k_test_001247__think,gsm8k_test_001247,think,canonical,,thinking_segment,13,10,False,3,0,False,,too_short,ok_qwen_token_boundary,False,ok,7,5.0
exp_c,exp_c__gsm8k_test_001247__think,gsm8k_test_001247,think,canonical,,thinking_segment,20,10,False,3,0,False,,too_short,ok_qwen_token_boundary,False,ok,7,5.0
exp_c,exp_c__gsm8k_test_001247__think,gsm8k_test_001247,think,canonical,,answer_segment,6,10,False,45,45,True,15.106679916381836,,ok_qwen_token_boundary,False,ok,7,5.0
exp_c,exp_c__gsm8k_test_001247__think,gsm8k_test_001247,think,canonical,,answer_segment,13,10,False,45,45,True,11.915274620056152,,ok_qwen_token_boundary,False,ok,7,5.0
exp_c,exp_c__gsm8k_test_001247__think,gsm8k_test_001247,think,canonical,,answer_segment,20,10,False,45,45,True,12.978429794311523,,ok_qwen_token_boundary,False,ok,7,5.0
exp_c,exp_c__gsm8k_test_001247__no_think,gsm8k_test_001247,no_think,canonical,,full_output,6,10,False,54,54,True,15.383367538452148,,ok,True,ok,7,7.0
exp_c,exp_c__gsm8k_test_001247__no_think,gsm8k_test_001247,no_think,canonical,,full_output,13,10,False,54,54,True,12.320841789245604,,ok,True,ok,7,7.0
exp_c,exp_c__gsm8k_test_001247__no_think,gsm8k_test_001247,no_think,canonical,,full_output,20,10,False,54,54,True,11.587275505065918,,ok,True,ok,7,7.0
exp_c,exp_c__gsm8k_test_001247__no_think,gsm8k_test_001247,no_think,canonical,,answer_segment,6,10,False,54,54,True,15.383367538452148,,ok,True,ok,7,7.0
exp_c,exp_c__gsm8k_test_001247__no_think,gsm8k_test_001247,no_think,canonical,,answer_segment,13,10,False,54,54,True,12.320841789245604,,ok,True,ok,7,7.0
exp_c,exp_c__gsm8k_test_001247__no_think,gsm8k_test_001247,no_think,canonical,,answer_segment,20,10,False,54,54,True,11.587275505065918,,ok,True,ok,7,7.0
exp_c,exp_c__gsm8k_test_001251__think,gsm8k_test_001251,think,canonical,,full_output,6,10,False,565,565,True,9.089401245117188,,ok,True,ok,30,30.0
exp_c,exp_c__gsm8k_test_001251__think,gsm8k_test_001251,think,canonical,,full_output,13,10,False,565,565,True,8.910186767578125,,ok,True,ok,30,30.0
exp_c,exp_c__gsm8k_test_001251__think,gsm8k_test_001251,think,canonical,,full_output,20,10,False,565,565,True,8.772208213806152,,ok,True,ok,30,30.0
exp_c,exp_c__gsm8k_test_001251__think,gsm8k_test_001251,think,canonical,,thinking_segment,6,10,False,514,514,True,9.103157997131348,,ok_qwen_token_boundary,True,ok,30,30.0
exp_c,exp_c__gsm8k_test_001251__think,gsm8k_test_001251,think,canonical,,thinking_segment,13,10,False,514,514,True,8.925721168518066,,ok_qwen_token_boundary,True,ok,30,30.0
exp_c,exp_c__gsm8k_test_001251__think,gsm8k_test_001251,think,canonical,,thinking_segment,20,10,False,514,514,True,8.55056095123291,,ok_qwen_token_boundary,True,ok,30,30.0
exp_c,exp_c__gsm8k_test_001251__think,gsm8k_test_001251,think,canonical,,answer_segment,6,10,False,51,51,True,14.594978332519531,,ok_qwen_token_boundary,True,ok,30,30.0
exp_c,exp_c__gsm8k_test_001251__think,gsm8k_test_001251,think,canonical,,answer_segment,13,10,False,51,51,True,10.471675872802734,,ok_qwen_token_boundary,True,ok,30,30.0
exp_c,exp_c__gsm8k_test_001251__think,gsm8k_test_001251,think,canonical,,answer_segment,20,10,False,51,51,True,10.88144588470459,,ok_qwen_token_boundary,True,ok,30,30.0
exp_c,exp_c__gsm8k_test_001251__no_think,gsm8k_test_001251,no_think,canonical,,full_output,6,10,False,71,71,True,13.19658660888672,,ok,False,ok,30,25.0
exp_c,exp_c__gsm8k_test_001251__no_think,gsm8k_test_001251,no_think,canonical,,full_output,13,10,False,71,71,True,11.426037788391112,,ok,False,ok,30,25.0
exp_c,exp_c__gsm8k_test_001251__no_think,gsm8k_test_001251,no_think,canonical,,full_output,20,10,False,71,71,True,10.48276138305664,,ok,False,ok,30,25.0
exp_c,exp_c__gsm8k_test_001251__no_think,gsm8k_test_001251,no_think,canonical,,answer_segment,6,10,False,71,71,True,13.19658660888672,,ok,False,ok,30,25.0
exp_c,exp_c__gsm8k_test_001251__no_think,gsm8k_test_001251,no_think,canonical,,answer_segment,13,10,False,71,71,True,11.426037788391112,,ok,False,ok,30,25.0
exp_c,exp_c__gsm8k_test_001251__no_think,gsm8k_test_001251,no_think,canonical,,answer_segment,20,10,False,71,71,True,10.48276138305664,,ok,False,ok,30,25.0
exp_c,exp_c__gsm8k_test_001253__think,gsm8k_test_001253,think,canonical,,full_output,6,10,False,61,61,True,12.450517654418944,,ok,False,ok,120,30.0
exp_c,exp_c__gsm8k_test_001253__think,gsm8k_test_001253,think,canonical,,full_output,13,10,False,61,61,True,11.499966621398926,,ok,False,ok,120,30.0
exp_c,exp_c__gsm8k_test_001253__think,gsm8k_test_001253,think,canonical,,full_output,20,10,False,61,61,True,11.845791816711426,,ok,False,ok,120,30.0
exp_c,exp_c__gsm8k_test_001253__think,gsm8k_test_001253,think,canonical,,thinking_segment,6,10,False,3,0,False,,too_short,ok_qwen_token_boundary,False,ok,120,30.0
exp_c,exp_c__gsm8k_test_001253__think,gsm8k_test_001253,think,canonical,,thinking_segment,13,10,False,3,0,False,,too_short,ok_qwen_token_boundary,False,ok,120,30.0
exp_c,exp_c__gsm8k_test_001253__think,gsm8k_test_001253,think,canonical,,thinking_segment,20,10,False,3,0,False,,too_short,ok_qwen_token_boundary,False,ok,120,30.0
exp_c,exp_c__gsm8k_test_001253__think,gsm8k_test_001253,think,canonical,,answer_segment,6,10,False,58,58,True,14.083907127380373,,ok_qwen_token_boundary,False,ok,120,30.0
exp_c,exp_c__gsm8k_test_001253__think,gsm8k_test_001253,think,canonical,,answer_segment,13,10,False,58,58,True,11.556685447692873,,ok_qwen_token_boundary,False,ok,120,30.0
exp_c,exp_c__gsm8k_test_001253__think,gsm8k_test_001253,think,canonical,,answer_segment,20,10,False,58,58,True,11.804413795471191,,ok_qwen_token_boundary,False,ok,120,30.0
exp_c,exp_c__gsm8k_test_001253__no_think,gsm8k_test_001253,no_think,canonical,,full_output,6,10,False,61,61,True,13.788936614990234,,ok,False,ok,120,20.0
exp_c,exp_c__gsm8k_test_001253__no_think,gsm8k_test_001253,no_think,canonical,,full_output,13,10,False,61,61,True,11.068703651428224,,ok,False,ok,120,20.0
exp_c,exp_c__gsm8k_test_001253__no_think,gsm8k_test_001253,no_think,canonical,,full_output,20,10,False,61,61,True,11.48889446258545,,ok,False,ok,120,20.0
exp_c,exp_c__gsm8k_test_001253__no_think,gsm8k_test_001253,no_think,canonical,,answer_segment,6,10,False,61,61,True,13.788936614990234,,ok,False,ok,120,20.0
exp_c,exp_c__gsm8k_test_001253__no_think,gsm8k_test_001253,no_think,canonical,,answer_segment,13,10,False,61,61,True,11.068703651428224,,ok,False,ok,120,20.0
exp_c,exp_c__gsm8k_test_001253__no_think,gsm8k_test_001253,no_think,canonical,,answer_segment,20,10,False,61,61,True,11.48889446258545,,ok,False,ok,120,20.0
exp_c,exp_c__gsm8k_test_001255__think,gsm8k_test_001255,think,canonical,,full_output,6,10,False,55,55,True,13.539752006530762,,ok,False,ok,12,4.25
exp_c,exp_c__gsm8k_test_001255__think,gsm8k_test_001255,think,canonical,,full_output,13,10,False,55,55,True,11.21645164489746,,ok,False,ok,12,4.25
exp_c,exp_c__gsm8k_test_001255__think,gsm8k_test_001255,think,canonical,,full_output,20,10,False,55,55,True,11.571152687072754,,ok,False,ok,12,4.25
exp_c,exp_c__gsm8k_test_001255__think,gsm8k_test_001255,think,canonical,,thinking_segment,6,10,False,3,0,False,,too_short,ok_qwen_token_boundary,False,ok,12,4.25
exp_c,exp_c__gsm8k_test_001255__think,gsm8k_test_001255,think,canonical,,thinking_segment,13,10,False,3,0,False,,too_short,ok_qwen_token_boundary,False,ok,12,4.25
exp_c,exp_c__gsm8k_test_001255__think,gsm8k_test_001255,think,canonical,,thinking_segment,20,10,False,3,0,False,,too_short,ok_qwen_token_boundary,False,ok,12,4.25
exp_c,exp_c__gsm8k_test_001255__think,gsm8k_test_001255,think,canonical,,answer_segment,6,10,False,52,52,True,15.476418495178224,,ok_qwen_token_boundary,False,ok,12,4.25
exp_c,exp_c__gsm8k_test_001255__think,gsm8k_test_001255,think,canonical,,answer_segment,13,10,False,52,52,True,11.244309425354004,,ok_qwen_token_boundary,False,ok,12,4.25
exp_c,exp_c__gsm8k_test_001255__think,gsm8k_test_001255,think,canonical,,answer_segment,20,10,False,52,52,True,11.64618968963623,,ok_qwen_token_boundary,False,ok,12,4.25
exp_c,exp_c__gsm8k_test_001255__no_think,gsm8k_test_001255,no_think,canonical,,full_output,6,10,False,54,54,True,14.88597011566162,,ok,True,ok,12,12.0
exp_c,exp_c__gsm8k_test_001255__no_think,gsm8k_test_001255,no_think,canonical,,full_output,13,10,False,54,54,True,11.138300895690918,,ok,True,ok,12,12.0
exp_c,exp_c__gsm8k_test_001255__no_think,gsm8k_test_001255,no_think,canonical,,full_output,20,10,False,54,54,True,10.22626495361328,,ok,True,ok,12,12.0
exp_c,exp_c__gsm8k_test_001255__no_think,gsm8k_test_001255,no_think,canonical,,answer_segment,6,10,False,54,54,True,14.88597011566162,,ok,True,ok,12,12.0
exp_c,exp_c__gsm8k_test_001255__no_think,gsm8k_test_001255,no_think,canonical,,answer_segment,13,10,False,54,54,True,11.138300895690918,,ok,True,ok,12,12.0
exp_c,exp_c__gsm8k_test_001255__no_think,gsm8k_test_001255,no_think,canonical,,answer_segment,20,10,False,54,54,True,10.22626495361328,,ok,True,ok,12,12.0
exp_c,exp_c__gsm8k_test_001263__think,gsm8k_test_001263,think,canonical,,full_output,6,10,False,587,587,True,9.440966606140137,,ok,True,ok,500,500.0
exp_c,exp_c__gsm8k_test_001263__think,gsm8k_test_001263,think,canonical,,full_output,13,10,False,587,587,True,9.886991500854492,,ok,True,ok,500,500.0
exp_c,exp_c__gsm8k_test_001263__think,gsm8k_test_001263,think,canonical,,full_output,20,10,False,587,587,True,9.187518119812012,,ok,True,ok,500,500.0
exp_c,exp_c__gsm8k_test_001263__think,gsm8k_test_001263,think,canonical,,thinking_segment,6,10,False,514,514,True,9.360553741455078,,ok_qwen_token_boundary,True,ok,500,500.0
exp_c,exp_c__gsm8k_test_001263__think,gsm8k_test_001263,think,canonical,,thinking_segment,13,10,False,514,514,True,9.984177589416504,,ok_qwen_token_boundary,True,ok,500,500.0
exp_c,exp_c__gsm8k_test_001263__think,gsm8k_test_001263,think,canonical,,thinking_segment,20,10,False,514,514,True,9.138818740844728,,ok_qwen_token_boundary,True,ok,500,500.0
exp_c,exp_c__gsm8k_test_001263__think,gsm8k_test_001263,think,canonical,,answer_segment,6,10,False,73,73,True,12.287535667419434,,ok_qwen_token_boundary,True,ok,500,500.0
exp_c,exp_c__gsm8k_test_001263__think,gsm8k_test_001263,think,canonical,,answer_segment,13,10,False,73,73,True,10.104571342468262,,ok_qwen_token_boundary,True,ok,500,500.0
exp_c,exp_c__gsm8k_test_001263__think,gsm8k_test_001263,think,canonical,,answer_segment,20,10,False,73,73,True,10.803022384643556,,ok_qwen_token_boundary,True,ok,500,500.0
exp_c,exp_c__gsm8k_test_001263__no_think,gsm8k_test_001263,no_think,canonical,,full_output,6,10,False,70,70,True,12.97339153289795,,ok,False,ok,500,330.0
exp_c,exp_c__gsm8k_test_001263__no_think,gsm8k_test_001263,no_think,canonical,,full_output,13,10,False,70,70,True,10.907466888427734,,ok,False,ok,500,330.0
exp_c,exp_c__gsm8k_test_001263__no_think,gsm8k_test_001263,no_think,canonical,,full_output,20,10,False,70,70,True,11.898765563964844,,ok,False,ok,500,330.0
exp_c,exp_c__gsm8k_test_001263__no_think,gsm8k_test_001263,no_think,canonical,,answer_segment,6,10,False,70,70,True,12.97339153289795,,ok,False,ok,500,330.0
exp_c,exp_c__gsm8k_test_001263__no_think,gsm8k_test_001263,no_think,canonical,,answer_segment,13,10,False,70,70,True,10.907466888427734,,ok,False,ok,500,330.0
exp_c,exp_c__gsm8k_test_001263__no_think,gsm8k_test_001263,no_think,canonical,,answer_segment,20,10,False,70,70,True,11.898765563964844,,ok,False,ok,500,330.0
exp_c,exp_c__gsm8k_test_001271__think,gsm8k_test_001271,think,canonical,,full_output,6,10,False,479,479,True,11.005474090576172,,ok,True,ok,43,43.0
exp_c,exp_c__gsm8k_test_001271__think,gsm8k_test_001271,think,canonical,,full_output,13,10,False,479,479,True,9.81841278076172,,ok,True,ok,43,43.0
exp_c,exp_c__gsm8k_test_001271__think,gsm8k_test_001271,think,canonical,,full_output,20,10,False,479,479,True,10.02913761138916,,ok,True,ok,43,43.0
exp_c,exp_c__gsm8k_test_001271__think,gsm8k_test_001271,think,canonical,,thinking_segment,6,10,False,423,423,True,10.589998245239258,,ok_qwen_token_boundary,True,ok,43,43.0
exp_c,exp_c__gsm8k_test_001271__think,gsm8k_test_001271,think,canonical,,thinking_segment,13,10,False,423,423,True,9.755194664001465,,ok_qwen_token_boundary,True,ok,43,43.0
exp_c,exp_c__gsm8k_test_001271__think,gsm8k_test_001271,think,canonical,,thinking_segment,20,10,False,423,423,True,9.635963439941406,,ok_qwen_token_boundary,True,ok,43,43.0
exp_c,exp_c__gsm8k_test_001271__think,gsm8k_test_001271,think,canonical,,answer_segment,6,10,False,56,56,True,14.439183235168455,,ok_qwen_token_boundary,True,ok,43,43.0
exp_c,exp_c__gsm8k_test_001271__think,gsm8k_test_001271,think,canonical,,answer_segment,13,10,False,56,56,True,11.560349464416504,,ok_qwen_token_boundary,True,ok,43,43.0
exp_c,exp_c__gsm8k_test_001271__think,gsm8k_test_001271,think,canonical,,answer_segment,20,10,False,56,56,True,12.778759956359863,,ok_qwen_token_boundary,True,ok,43,43.0
exp_c,exp_c__gsm8k_test_001271__no_think,gsm8k_test_001271,no_think,canonical,,full_output,6,10,False,71,71,True,12.699592590332031,,ok,False,ok,43,14.0
exp_c,exp_c__gsm8k_test_001271__no_think,gsm8k_test_001271,no_think,canonical,,full_output,13,10,False,71,71,True,11.144486427307127,,ok,False,ok,43,14.0
exp_c,exp_c__gsm8k_test_001271__no_think,gsm8k_test_001271,no_think,canonical,,full_output,20,10,False,71,71,True,11.430688858032228,,ok,False,ok,43,14.0
exp_c,exp_c__gsm8k_test_001271__no_think,gsm8k_test_001271,no_think,canonical,,answer_segment,6,10,False,71,71,True,12.699592590332031,,ok,False,ok,43,14.0
exp_c,exp_c__gsm8k_test_001271__no_think,gsm8k_test_001271,no_think,canonical,,answer_segment,13,10,False,71,71,True,11.144486427307127,,ok,False,ok,43,14.0
exp_c,exp_c__gsm8k_test_001271__no_think,gsm8k_test_001271,no_think,canonical,,answer_segment,20,10,False,71,71,True,11.430688858032228,,ok,False,ok,43,14.0
exp_c,exp_c__gsm8k_test_001275__think,gsm8k_test_001275,think,canonical,,full_output,6,10,False,56,56,True,11.25551414489746,,ok,False,ok,16,1600.0
exp_c,exp_c__gsm8k_test_001275__think,gsm8k_test_001275,think,canonical,,full_output,13,10,False,56,56,True,10.22893238067627,,ok,False,ok,16,1600.0
exp_c,exp_c__gsm8k_test_001275__think,gsm8k_test_001275,think,canonical,,full_output,20,10,False,56,56,True,10.612905502319336,,ok,False,ok,16,1600.0
exp_c,exp_c__gsm8k_test_001275__think,gsm8k_test_001275,think,canonical,,thinking_segment,6,10,False,3,0,False,,too_short,ok_qwen_token_boundary,False,ok,16,1600.0
exp_c,exp_c__gsm8k_test_001275__think,gsm8k_test_001275,think,canonical,,thinking_segment,13,10,False,3,0,False,,too_short,ok_qwen_token_boundary,False,ok,16,1600.0
exp_c,exp_c__gsm8k_test_001275__think,gsm8k_test_001275,think,canonical,,thinking_segment,20,10,False,3,0,False,,too_short,ok_qwen_token_boundary,False,ok,16,1600.0
exp_c,exp_c__gsm8k_test_001275__think,gsm8k_test_001275,think,canonical,,answer_segment,6,10,False,53,53,True,12.647911071777344,,ok_qwen_token_boundary,False,ok,16,1600.0
exp_c,exp_c__gsm8k_test_001275__think,gsm8k_test_001275,think,canonical,,answer_segment,13,10,False,53,53,True,10.33832550048828,,ok_qwen_token_boundary,False,ok,16,1600.0
exp_c,exp_c__gsm8k_test_001275__think,gsm8k_test_001275,think,canonical,,answer_segment,20,10,False,53,53,True,10.607673645019531,,ok_qwen_token_boundary,False,ok,16,1600.0
exp_c,exp_c__gsm8k_test_001275__no_think,gsm8k_test_001275,no_think,canonical,,full_output,6,10,False,55,55,True,11.812437057495115,,ok,False,ok,16,1600.0
exp_c,exp_c__gsm8k_test_001275__no_think,gsm8k_test_001275,no_think,canonical,,full_output,13,10,False,55,55,True,10.534441947937012,,ok,False,ok,16,1600.0
exp_c,exp_c__gsm8k_test_001275__no_think,gsm8k_test_001275,no_think,canonical,,full_output,20,10,False,55,55,True,10.540891647338867,,ok,False,ok,16,1600.0
exp_c,exp_c__gsm8k_test_001275__no_think,gsm8k_test_001275,no_think,canonical,,answer_segment,6,10,False,55,55,True,11.812437057495115,,ok,False,ok,16,1600.0
exp_c,exp_c__gsm8k_test_001275__no_think,gsm8k_test_001275,no_think,canonical,,answer_segment,13,10,False,55,55,True,10.534441947937012,,ok,False,ok,16,1600.0
exp_c,exp_c__gsm8k_test_001275__no_think,gsm8k_test_001275,no_think,canonical,,answer_segment,20,10,False,55,55,True,10.540891647338867,,ok,False,ok,16,1600.0
exp_c,exp_c__gsm8k_test_001289__think,gsm8k_test_001289,think,canonical,,full_output,6,10,False,41,41,True,14.03665256500244,,ok,False,ok,101,33.0
exp_c,exp_c__gsm8k_test_001289__think,gsm8k_test_001289,think,canonical,,full_output,13,10,False,41,41,True,9.295978546142578,,ok,False,ok,101,33.0
exp_c,exp_c__gsm8k_test_001289__think,gsm8k_test_001289,think,canonical,,full_output,20,10,False,41,41,True,11.161049842834473,,ok,False,ok,101,33.0
exp_c,exp_c__gsm8k_test_001289__think,gsm8k_test_001289,think,canonical,,thinking_segment,6,10,False,3,0,False,,too_short,ok_qwen_token_boundary,False,ok,101,33.0
exp_c,exp_c__gsm8k_test_001289__think,gsm8k_test_001289,think,canonical,,thinking_segment,13,10,False,3,0,False,,too_short,ok_qwen_token_boundary,False,ok,101,33.0
exp_c,exp_c__gsm8k_test_001289__think,gsm8k_test_001289,think,canonical,,thinking_segment,20,10,False,3,0,False,,too_short,ok_qwen_token_boundary,False,ok,101,33.0
exp_c,exp_c__gsm8k_test_001289__think,gsm8k_test_001289,think,canonical,,answer_segment,6,10,False,38,38,True,15.933098793029783,,ok_qwen_token_boundary,False,ok,101,33.0
exp_c,exp_c__gsm8k_test_001289__think,gsm8k_test_001289,think,canonical,,answer_segment,13,10,False,38,38,True,9.384025573730469,,ok_qwen_token_boundary,False,ok,101,33.0
exp_c,exp_c__gsm8k_test_001289__think,gsm8k_test_001289,think,canonical,,answer_segment,20,10,False,38,38,True,11.108506202697754,,ok_qwen_token_boundary,False,ok,101,33.0
exp_c,exp_c__gsm8k_test_001289__no_think,gsm8k_test_001289,no_think,canonical,,full_output,6,10,False,45,45,True,14.961234092712402,,ok,False,ok,101,134.0
exp_c,exp_c__gsm8k_test_001289__no_think,gsm8k_test_001289,no_think,canonical,,full_output,13,10,False,45,45,True,10.182333946228027,,ok,False,ok,101,134.0
exp_c,exp_c__gsm8k_test_001289__no_think,gsm8k_test_001289,no_think,canonical,,full_output,20,10,False,45,45,True,10.52870273590088,,ok,False,ok,101,134.0
exp_c,exp_c__gsm8k_test_001289__no_think,gsm8k_test_001289,no_think,canonical,,answer_segment,6,10,False,45,45,True,14.961234092712402,,ok,False,ok,101,134.0
exp_c,exp_c__gsm8k_test_001289__no_think,gsm8k_test_001289,no_think,canonical,,answer_segment,13,10,False,45,45,True,10.182333946228027,,ok,False,ok,101,134.0
exp_c,exp_c__gsm8k_test_001289__no_think,gsm8k_test_001289,no_think,canonical,,answer_segment,20,10,False,45,45,True,10.52870273590088,,ok,False,ok,101,134.0
exp_c,exp_c__gsm8k_test_001291__think,gsm8k_test_001291,think,canonical,,full_output,6,10,False,52,52,True,10.522754669189451,,ok,True,ok,27,27.0
exp_c,exp_c__gsm8k_test_001291__think,gsm8k_test_001291,think,canonical,,full_output,13,10,False,52,52,True,10.248178482055664,,ok,True,ok,27,27.0
exp_c,exp_c__gsm8k_test_001291__think,gsm8k_test_001291,think,canonical,,full_output,20,10,False,52,52,True,11.819315910339355,,ok,True,ok,27,27.0
exp_c,exp_c__gsm8k_test_001291__think,gsm8k_test_001291,think,canonical,,thinking_segment,6,10,False,3,0,False,,too_short,ok_qwen_token_boundary,True,ok,27,27.0
exp_c,exp_c__gsm8k_test_001291__think,gsm8k_test_001291,think,canonical,,thinking_segment,13,10,False,3,0,False,,too_short,ok_qwen_token_boundary,True,ok,27,27.0
exp_c,exp_c__gsm8k_test_001291__think,gsm8k_test_001291,think,canonical,,thinking_segment,20,10,False,3,0,False,,too_short,ok_qwen_token_boundary,True,ok,27,27.0
exp_c,exp_c__gsm8k_test_001291__think,gsm8k_test_001291,think,canonical,,answer_segment,6,10,False,49,49,True,12.115093231201172,,ok_qwen_token_boundary,True,ok,27,27.0
exp_c,exp_c__gsm8k_test_001291__think,gsm8k_test_001291,think,canonical,,answer_segment,13,10,False,49,49,True,10.32790470123291,,ok_qwen_token_boundary,True,ok,27,27.0
exp_c,exp_c__gsm8k_test_001291__think,gsm8k_test_001291,think,canonical,,answer_segment,20,10,False,49,49,True,12.035200119018556,,ok_qwen_token_boundary,True,ok,27,27.0
exp_c,exp_c__gsm8k_test_001291__no_think,gsm8k_test_001291,no_think,canonical,,full_output,6,10,False,53,53,True,12.589447975158691,,ok,True,ok,27,27.0
exp_c,exp_c__gsm8k_test_001291__no_think,gsm8k_test_001291,no_think,canonical,,full_output,13,10,False,53,53,True,10.96229362487793,,ok,True,ok,27,27.0
exp_c,exp_c__gsm8k_test_001291__no_think,gsm8k_test_001291,no_think,canonical,,full_output,20,10,False,53,53,True,11.070175170898438,,ok,True,ok,27,27.0
exp_c,exp_c__gsm8k_test_001291__no_think,gsm8k_test_001291,no_think,canonical,,answer_segment,6,10,False,53,53,True,12.589447975158691,,ok,True,ok,27,27.0
exp_c,exp_c__gsm8k_test_001291__no_think,gsm8k_test_001291,no_think,canonical,,answer_segment,13,10,False,53,53,True,10.96229362487793,,ok,True,ok,27,27.0
exp_c,exp_c__gsm8k_test_001291__no_think,gsm8k_test_001291,no_think,canonical,,answer_segment,20,10,False,53,53,True,11.070175170898438,,ok,True,ok,27,27.0
exp_c,exp_c__gsm8k_test_001307__think,gsm8k_test_001307,think,canonical,,full_output,6,10,False,273,273,True,11.933745384216309,,ok,True,ok,8,8.0
exp_c,exp_c__gsm8k_test_001307__think,gsm8k_test_001307,think,canonical,,full_output,13,10,False,273,273,True,9.991999626159668,,ok,True,ok,8,8.0
exp_c,exp_c__gsm8k_test_001307__think,gsm8k_test_001307,think,canonical,,full_output,20,10,False,273,273,True,10.375445365905762,,ok,True,ok,8,8.0
exp_c,exp_c__gsm8k_test_001307__think,gsm8k_test_001307,think,canonical,,thinking_segment,6,10,False,232,232,True,12.14315414428711,,ok_qwen_token_boundary,True,ok,8,8.0
exp_c,exp_c__gsm8k_test_001307__think,gsm8k_test_001307,think,canonical,,thinking_segment,13,10,False,232,232,True,10.34074878692627,,ok_qwen_token_boundary,True,ok,8,8.0
exp_c,exp_c__gsm8k_test_001307__think,gsm8k_test_001307,think,canonical,,thinking_segment,20,10,False,232,232,True,10.43549633026123,,ok_qwen_token_boundary,True,ok,8,8.0
exp_c,exp_c__gsm8k_test_001307__think,gsm8k_test_001307,think,canonical,,answer_segment,6,10,False,41,41,True,13.671497344970703,,ok_qwen_token_boundary,True,ok,8,8.0
exp_c,exp_c__gsm8k_test_001307__think,gsm8k_test_001307,think,canonical,,answer_segment,13,10,False,41,41,True,10.238435745239258,,ok_qwen_token_boundary,True,ok,8,8.0
exp_c,exp_c__gsm8k_test_001307__think,gsm8k_test_001307,think,canonical,,answer_segment,20,10,False,41,41,True,11.867059707641602,,ok_qwen_token_boundary,True,ok,8,8.0
exp_c,exp_c__gsm8k_test_001307__no_think,gsm8k_test_001307,no_think,canonical,,full_output,6,10,False,48,48,True,13.2079496383667,,ok,False,ok,8,40.0
exp_c,exp_c__gsm8k_test_001307__no_think,gsm8k_test_001307,no_think,canonical,,full_output,13,10,False,48,48,True,10.313030242919922,,ok,False,ok,8,40.0
exp_c,exp_c__gsm8k_test_001307__no_think,gsm8k_test_001307,no_think,canonical,,full_output,20,10,False,48,48,True,11.049323081970217,,ok,False,ok,8,40.0
exp_c,exp_c__gsm8k_test_001307__no_think,gsm8k_test_001307,no_think,canonical,,answer_segment,6,10,False,48,48,True,13.2079496383667,,ok,False,ok,8,40.0
exp_c,exp_c__gsm8k_test_001307__no_think,gsm8k_test_001307,no_think,canonical,,answer_segment,13,10,False,48,48,True,10.313030242919922,,ok,False,ok,8,40.0
exp_c,exp_c__gsm8k_test_001307__no_think,gsm8k_test_001307,no_think,canonical,,answer_segment,20,10,False,48,48,True,11.049323081970217,,ok,False,ok,8,40.0
exp_c,exp_c__gsm8k_test_001311__think,gsm8k_test_001311,think,canonical,,full_output,6,10,False,45,45,True,12.915634155273438,,ok,False,ok,594,600.0
exp_c,exp_c__gsm8k_test_001311__think,gsm8k_test_001311,think,canonical,,full_output,13,10,False,45,45,True,10.67420768737793,,ok,False,ok,594,600.0
exp_c,exp_c__gsm8k_test_001311__think,gsm8k_test_001311,think,canonical,,full_output,20,10,False,45,45,True,11.955087661743164,,ok,False,ok,594,600.0
exp_c,exp_c__gsm8k_test_001311__think,gsm8k_test_001311,think,canonical,,thinking_segment,6,10,False,3,0,False,,too_short,ok_qwen_token_boundary,False,ok,594,600.0
exp_c,exp_c__gsm8k_test_001311__think,gsm8k_test_001311,think,canonical,,thinking_segment,13,10,False,3,0,False,,too_short,ok_qwen_token_boundary,False,ok,594,600.0
exp_c,exp_c__gsm8k_test_001311__think,gsm8k_test_001311,think,canonical,,thinking_segment,20,10,False,3,0,False,,too_short,ok_qwen_token_boundary,False,ok,594,600.0
exp_c,exp_c__gsm8k_test_001311__think,gsm8k_test_001311,think,canonical,,answer_segment,6,10,False,42,42,True,14.885212898254396,,ok_qwen_token_boundary,False,ok,594,600.0
exp_c,exp_c__gsm8k_test_001311__think,gsm8k_test_001311,think,canonical,,answer_segment,13,10,False,42,42,True,10.597079277038574,,ok_qwen_token_boundary,False,ok,594,600.0
exp_c,exp_c__gsm8k_test_001311__think,gsm8k_test_001311,think,canonical,,answer_segment,20,10,False,42,42,True,12.223689079284668,,ok_qwen_token_boundary,False,ok,594,600.0
exp_c,exp_c__gsm8k_test_001311__no_think,gsm8k_test_001311,no_think,canonical,,full_output,6,10,False,42,42,True,13.624295234680176,,ok,False,ok,594,600.0
exp_c,exp_c__gsm8k_test_001311__no_think,gsm8k_test_001311,no_think,canonical,,full_output,13,10,False,42,42,True,10.496415138244627,,ok,False,ok,594,600.0
exp_c,exp_c__gsm8k_test_001311__no_think,gsm8k_test_001311,no_think,canonical,,full_output,20,10,False,42,42,True,11.731142044067385,,ok,False,ok,594,600.0
exp_c,exp_c__gsm8k_test_001311__no_think,gsm8k_test_001311,no_think,canonical,,answer_segment,6,10,False,42,42,True,13.624295234680176,,ok,False,ok,594,600.0
exp_c,exp_c__gsm8k_test_001311__no_think,gsm8k_test_001311,no_think,canonical,,answer_segment,13,10,False,42,42,True,10.496415138244627,,ok,False,ok,594,600.0
exp_c,exp_c__gsm8k_test_001311__no_think,gsm8k_test_001311,no_think,canonical,,answer_segment,20,10,False,42,42,True,11.731142044067385,,ok,False,ok,594,600.0
exp_c,exp_c__gsm8k_test_001313__think,gsm8k_test_001313,think,canonical,,full_output,6,10,False,53,53,True,15.897279739379885,,ok,False,ok,2,18.0
exp_c,exp_c__gsm8k_test_001313__think,gsm8k_test_001313,think,canonical,,full_output,13,10,False,53,53,True,11.668900489807127,,ok,False,ok,2,18.0
exp_c,exp_c__gsm8k_test_001313__think,gsm8k_test_001313,think,canonical,,full_output,20,10,False,53,53,True,11.565980911254885,,ok,False,ok,2,18.0
exp_c,exp_c__gsm8k_test_001313__think,gsm8k_test_001313,think,canonical,,thinking_segment,6,10,False,3,0,False,,too_short,ok_qwen_token_boundary,False,ok,2,18.0
exp_c,exp_c__gsm8k_test_001313__think,gsm8k_test_001313,think,canonical,,thinking_segment,13,10,False,3,0,False,,too_short,ok_qwen_token_boundary,False,ok,2,18.0
exp_c,exp_c__gsm8k_test_001313__think,gsm8k_test_001313,think,canonical,,thinking_segment,20,10,False,3,0,False,,too_short,ok_qwen_token_boundary,False,ok,2,18.0
exp_c,exp_c__gsm8k_test_001313__think,gsm8k_test_001313,think,canonical,,answer_segment,6,10,False,50,50,True,17.414186477661133,,ok_qwen_token_boundary,False,ok,2,18.0
exp_c,exp_c__gsm8k_test_001313__think,gsm8k_test_001313,think,canonical,,answer_segment,13,10,False,50,50,True,11.891851425170898,,ok_qwen_token_boundary,False,ok,2,18.0
exp_c,exp_c__gsm8k_test_001313__think,gsm8k_test_001313,think,canonical,,answer_segment,20,10,False,50,50,True,11.779738426208496,,ok_qwen_token_boundary,False,ok,2,18.0
exp_c,exp_c__gsm8k_test_001313__no_think,gsm8k_test_001313,no_think,canonical,,full_output,6,10,False,54,54,True,17.10398292541504,,ok,True,ok,2,2.0
exp_c,exp_c__gsm8k_test_001313__no_think,gsm8k_test_001313,no_think,canonical,,full_output,13,10,False,54,54,True,12.090600967407228,,ok,True,ok,2,2.0
exp_c,exp_c__gsm8k_test_001313__no_think,gsm8k_test_001313,no_think,canonical,,full_output,20,10,False,54,54,True,12.25816822052002,,ok,True,ok,2,2.0
exp_c,exp_c__gsm8k_test_001313__no_think,gsm8k_test_001313,no_think,canonical,,answer_segment,6,10,False,54,54,True,17.10398292541504,,ok,True,ok,2,2.0
exp_c,exp_c__gsm8k_test_001313__no_think,gsm8k_test_001313,no_think,canonical,,answer_segment,13,10,False,54,54,True,12.090600967407228,,ok,True,ok,2,2.0
exp_c,exp_c__gsm8k_test_001313__no_think,gsm8k_test_001313,no_think,canonical,,answer_segment,20,10,False,54,54,True,12.25816822052002,,ok,True,ok,2,2.0
exp_c,exp_c__gsm8k_test_001317__think,gsm8k_test_001317,think,canonical,,full_output,6,10,False,317,317,True,13.067718505859377,,ok,True,ok,5,5.0
exp_c,exp_c__gsm8k_test_001317__think,gsm8k_test_001317,think,canonical,,full_output,13,10,False,317,317,True,10.733223915100098,,ok,True,ok,5,5.0
exp_c,exp_c__gsm8k_test_001317__think,gsm8k_test_001317,think,canonical,,full_output,20,10,False,317,317,True,12.675280570983888,,ok,True,ok,5,5.0
exp_c,exp_c__gsm8k_test_001317__think,gsm8k_test_001317,think,canonical,,thinking_segment,6,10,False,260,260,True,13.570643424987791,,ok_qwen_token_boundary,True,ok,5,5.0
exp_c,exp_c__gsm8k_test_001317__think,gsm8k_test_001317,think,canonical,,thinking_segment,13,10,False,260,260,True,11.244784355163574,,ok_qwen_token_boundary,True,ok,5,5.0
exp_c,exp_c__gsm8k_test_001317__think,gsm8k_test_001317,think,canonical,,thinking_segment,20,10,False,260,260,True,12.60770320892334,,ok_qwen_token_boundary,True,ok,5,5.0
exp_c,exp_c__gsm8k_test_001317__think,gsm8k_test_001317,think,canonical,,answer_segment,6,10,False,57,57,True,14.126492500305176,,ok_qwen_token_boundary,True,ok,5,5.0
exp_c,exp_c__gsm8k_test_001317__think,gsm8k_test_001317,think,canonical,,answer_segment,13,10,False,57,57,True,11.390966415405272,,ok_qwen_token_boundary,True,ok,5,5.0
exp_c,exp_c__gsm8k_test_001317__think,gsm8k_test_001317,think,canonical,,answer_segment,20,10,False,57,57,True,13.0128812789917,,ok_qwen_token_boundary,True,ok,5,5.0
exp_c,exp_c__gsm8k_test_001317__no_think,gsm8k_test_001317,no_think,canonical,,full_output,6,10,False,75,75,True,11.45738124847412,,ok,False,ok,5,10.0
exp_c,exp_c__gsm8k_test_001317__no_think,gsm8k_test_001317,no_think,canonical,,full_output,13,10,False,75,75,True,9.906228065490724,,ok,False,ok,5,10.0
exp_c,exp_c__gsm8k_test_001317__no_think,gsm8k_test_001317,no_think,canonical,,full_output,20,10,False,75,75,True,11.131858825683594,,ok,False,ok,5,10.0
exp_c,exp_c__gsm8k_test_001317__no_think,gsm8k_test_001317,no_think,canonical,,answer_segment,6,10,False,75,75,True,11.45738124847412,,ok,False,ok,5,10.0
exp_c,exp_c__gsm8k_test_001317__no_think,gsm8k_test_001317,no_think,canonical,,answer_segment,13,10,False,75,75,True,9.906228065490724,,ok,False,ok,5,10.0
exp_c,exp_c__gsm8k_test_001317__no_think,gsm8k_test_001317,no_think,canonical,,answer_segment,20,10,False,75,75,True,11.131858825683594,,ok,False,ok,5,10.0
