experiment,condition_id,example_id,mode,prompt_variant,family,segment,layer,k,normalize_hidden_states,token_count,valid_token_count,valid,mean_lid,invalid_reason,segment_parse_status,correct,answer_parse_status,gold_answer,model_answer
exp_b,exp_b__gsm8k_test_000003__canonical__no_think,gsm8k_test_000003,no_think,canonical,,answer_segment,6,10,False,42,42,True,15.023221015930176,,ok,True,ok,540,540
exp_b,exp_b__gsm8k_test_000003__canonical__no_think,gsm8k_test_000003,no_think,canonical,,answer_segment,13,10,False,42,42,True,11.310516357421875,,ok,True,ok,540,540
exp_b,exp_b__gsm8k_test_000003__canonical__no_think,gsm8k_test_000003,no_think,canonical,,answer_segment,20,10,False,42,42,True,12.344021797180176,,ok,True,ok,540,540
exp_b,exp_b__gsm8k_test_000003__canonical__no_think,gsm8k_test_000003,no_think,canonical,,full_output,6,10,False,42,42,True,15.023221015930176,,ok,True,ok,540,540
exp_b,exp_b__gsm8k_test_000003__canonical__no_think,gsm8k_test_000003,no_think,canonical,,full_output,13,10,False,42,42,True,11.310516357421875,,ok,True,ok,540,540
exp_b,exp_b__gsm8k_test_000003__canonical__no_think,gsm8k_test_000003,no_think,canonical,,full_output,20,10,False,42,42,True,12.344021797180176,,ok,True,ok,540,540
exp_b,exp_b__gsm8k_test_000003__irrelevant_context__no_think,gsm8k_test_000003,no_think,irrelevant_context,,answer_segment,6,10,False,48,48,True,13.086299896240234,,ok,True,ok,540,540
exp_b,exp_b__gsm8k_test_000003__irrelevant_context__no_think,gsm8k_test_000003,no_think,irrelevant_context,,answer_segment,13,10,False,48,48,True,10.880414009094238,,ok,True,ok,540,540
exp_b,exp_b__gsm8k_test_000003__irrelevant_context__no_think,gsm8k_test_000003,no_think,irrelevant_context,,answer_segment,20,10,False,48,48,True,11.744160652160645,,ok,True,ok,540,540
exp_b,exp_b__gsm8k_test_000003__irrelevant_context__no_think,gsm8k_test_000003,no_think,irrelevant_context,,full_output,6,10,False,48,48,True,13.086299896240234,,ok,True,ok,540,540
exp_b,exp_b__gsm8k_test_000003__irrelevant_context__no_think,gsm8k_test_000003,no_think,irrelevant_context,,full_output,13,10,False,48,48,True,10.880414009094238,,ok,True,ok,540,540
exp_b,exp_b__gsm8k_test_000003__irrelevant_context__no_think,gsm8k_test_000003,no_think,irrelevant_context,,full_output,20,10,False,48,48,True,11.744160652160645,,ok,True,ok,540,540
exp_b,exp_b__gsm8k_test_000003__repetitive_filler__no_think,gsm8k_test_000003,no_think,repetitive_filler,,answer_segment,6,10,False,44,44,True,14.941353797912598,,ok,True,ok,540,540
exp_b,exp_b__gsm8k_test_000003__repetitive_filler__no_think,gsm8k_test_000003,no_think,repetitive_filler,,answer_segment,13,10,False,44,44,True,11.013518333435059,,ok,True,ok,540,540
exp_b,exp_b__gsm8k_test_000003__repetitive_filler__no_think,gsm8k_test_000003,no_think,repetitive_filler,,answer_segment,20,10,False,44,44,True,13.247754096984863,,ok,True,ok,540,540
exp_b,exp_b__gsm8k_test_000003__repetitive_filler__no_think,gsm8k_test_000003,no_think,repetitive_filler,,full_output,6,10,False,44,44,True,14.941353797912598,,ok,True,ok,540,540
exp_b,exp_b__gsm8k_test_000003__repetitive_filler__no_think,gsm8k_test_000003,no_think,repetitive_filler,,full_output,13,10,False,44,44,True,11.013518333435059,,ok,True,ok,540,540
exp_b,exp_b__gsm8k_test_000003__repetitive_filler__no_think,gsm8k_test_000003,no_think,repetitive_filler,,full_output,20,10,False,44,44,True,13.247754096984863,,ok,True,ok,540,540
exp_b,exp_b__gsm8k_test_000010__canonical__no_think,gsm8k_test_000010,no_think,canonical,,answer_segment,6,10,False,59,59,True,14.29817008972168,,ok,False,ok,366,180
exp_b,exp_b__gsm8k_test_000010__canonical__no_think,gsm8k_test_000010,no_think,canonical,,answer_segment,13,10,False,59,59,True,11.357084274291992,,ok,False,ok,366,180
exp_b,exp_b__gsm8k_test_000010__canonical__no_think,gsm8k_test_000010,no_think,canonical,,answer_segment,20,10,False,59,59,True,10.795146942138672,,ok,False,ok,366,180
exp_b,exp_b__gsm8k_test_000010__canonical__no_think,gsm8k_test_000010,no_think,canonical,,full_output,6,10,False,59,59,True,14.29817008972168,,ok,False,ok,366,180
exp_b,exp_b__gsm8k_test_000010__canonical__no_think,gsm8k_test_000010,no_think,canonical,,full_output,13,10,False,59,59,True,11.357084274291992,,ok,False,ok,366,180
exp_b,exp_b__gsm8k_test_000010__canonical__no_think,gsm8k_test_000010,no_think,canonical,,full_output,20,10,False,59,59,True,10.795146942138672,,ok,False,ok,366,180
exp_b,exp_b__gsm8k_test_000010__irrelevant_context__no_think,gsm8k_test_000010,no_think,irrelevant_context,,answer_segment,6,10,False,45,45,True,15.248961448669434,,ok,False,ok,366,168
exp_b,exp_b__gsm8k_test_000010__irrelevant_context__no_think,gsm8k_test_000010,no_think,irrelevant_context,,answer_segment,13,10,False,45,45,True,10.35209846496582,,ok,False,ok,366,168
exp_b,exp_b__gsm8k_test_000010__irrelevant_context__no_think,gsm8k_test_000010,no_think,irrelevant_context,,answer_segment,20,10,False,45,45,True,10.97335433959961,,ok,False,ok,366,168
exp_b,exp_b__gsm8k_test_000010__irrelevant_context__no_think,gsm8k_test_000010,no_think,irrelevant_context,,full_output,6,10,False,45,45,True,15.248961448669434,,ok,False,ok,366,168
exp_b,exp_b__gsm8k_test_000010__irrelevant_context__no_think,gsm8k_test_000010,no_think,irrelevant_context,,full_output,13,10,False,45,45,True,10.35209846496582,,ok,False,ok,366,168
exp_b,exp_b__gsm8k_test_000010__irrelevant_context__no_think,gsm8k_test_000010,no_think,irrelevant_context,,full_output,20,10,False,45,45,True,10.97335433959961,,ok,False,ok,366,168
exp_b,exp_b__gsm8k_test_000010__repetitive_filler__no_think,gsm8k_test_000010,no_think,repetitive_filler,,answer_segment,6,10,False,49,49,True,16.186370849609375,,ok,False,ok,366,162
exp_b,exp_b__gsm8k_test_000010__repetitive_filler__no_think,gsm8k_test_000010,no_think,repetitive_filler,,answer_segment,13,10,False,49,49,True,10.121829986572266,,ok,False,ok,366,162
exp_b,exp_b__gsm8k_test_000010__repetitive_filler__no_think,gsm8k_test_000010,no_think,repetitive_filler,,answer_segment,20,10,False,49,49,True,10.717110633850098,,ok,False,ok,366,162
exp_b,exp_b__gsm8k_test_000010__repetitive_filler__no_think,gsm8k_test_000010,no_think,repetitive_filler,,full_output,6,10,False,49,49,True,16.186370849609375,,ok,False,ok,366,162
exp_b,exp_b__gsm8k_test_000010__repetitive_filler__no_think,gsm8k_test_000010,no_think,repetitive_filler,,full_output,13,10,False,49,49,True,10.121829986572266,,ok,False,ok,366,162
exp_b,exp_b__gsm8k_test_000010__repetitive_filler__no_think,gsm8k_test_000010,no_think,repetitive_filler,,full_output,20,10,False,49,49,True,10.717110633850098,,ok,False,ok,366,162
exp_b,exp_b__gsm8k_test_000052__canonical__no_think,gsm8k_test_000052,no_think,canonical,,answer_segment,6,10,False,57,57,True,13.943346977233887,,ok,False,ok,15,30
exp_b,exp_b__gsm8k_test_000052__canonical__no_think,gsm8k_test_000052,no_think,canonical,,answer_segment,13,10,False,57,57,True,12.23115062713623,,ok,False,ok,15,30
exp_b,exp_b__gsm8k_test_000052__canonical__no_think,gsm8k_test_000052,no_think,canonical,,answer_segment,20,10,False,57,57,True,11.192115783691406,,ok,False,ok,15,30
exp_b,exp_b__gsm8k_test_000052__canonical__no_think,gsm8k_test_000052,no_think,canonical,,full_output,6,10,False,57,57,True,13.943346977233887,,ok,False,ok,15,30
exp_b,exp_b__gsm8k_test_000052__canonical__no_think,gsm8k_test_000052,no_think,canonical,,full_output,13,10,False,57,57,True,12.23115062713623,,ok,False,ok,15,30
exp_b,exp_b__gsm8k_test_000052__canonical__no_think,gsm8k_test_000052,no_think,canonical,,full_output,20,10,False,57,57,True,11.192115783691406,,ok,False,ok,15,30
exp_b,exp_b__gsm8k_test_000052__irrelevant_context__no_think,gsm8k_test_000052,no_think,irrelevant_context,,answer_segment,6,10,False,57,57,True,13.850469589233398,,ok,True,ok,15,15
exp_b,exp_b__gsm8k_test_000052__irrelevant_context__no_think,gsm8k_test_000052,no_think,irrelevant_context,,answer_segment,13,10,False,57,57,True,12.29518985748291,,ok,True,ok,15,15
exp_b,exp_b__gsm8k_test_000052__irrelevant_context__no_think,gsm8k_test_000052,no_think,irrelevant_context,,answer_segment,20,10,False,57,57,True,10.876351356506348,,ok,True,ok,15,15
exp_b,exp_b__gsm8k_test_000052__irrelevant_context__no_think,gsm8k_test_000052,no_think,irrelevant_context,,full_output,6,10,False,57,57,True,13.850469589233398,,ok,True,ok,15,15
exp_b,exp_b__gsm8k_test_000052__irrelevant_context__no_think,gsm8k_test_000052,no_think,irrelevant_context,,full_output,13,10,False,57,57,True,12.29518985748291,,ok,True,ok,15,15
exp_b,exp_b__gsm8k_test_000052__irrelevant_context__no_think,gsm8k_test_000052,no_think,irrelevant_context,,full_output,20,10,False,57,57,True,10.876351356506348,,ok,True,ok,15,15
exp_b,exp_b__gsm8k_test_000052__repetitive_filler__no_think,gsm8k_test_000052,no_think,repetitive_filler,,answer_segment,6,10,False,73,73,True,11.3330717086792,,ok,False,ok,15,10
exp_b,exp_b__gsm8k_test_000052__repetitive_filler__no_think,gsm8k_test_000052,no_think,repetitive_filler,,answer_segment,13,10,False,73,73,True,10.503253936767578,,ok,False,ok,15,10
exp_b,exp_b__gsm8k_test_000052__repetitive_filler__no_think,gsm8k_test_000052,no_think,repetitive_filler,,answer_segment,20,10,False,73,73,True,10.178234100341797,,ok,False,ok,15,10
exp_b,exp_b__gsm8k_test_000052__repetitive_filler__no_think,gsm8k_test_000052,no_think,repetitive_filler,,full_output,6,10,False,73,73,True,11.3330717086792,,ok,False,ok,15,10
exp_b,exp_b__gsm8k_test_000052__repetitive_filler__no_think,gsm8k_test_000052,no_think,repetitive_filler,,full_output,13,10,False,73,73,True,10.503253936767578,,ok,False,ok,15,10
exp_b,exp_b__gsm8k_test_000052__repetitive_filler__no_think,gsm8k_test_000052,no_think,repetitive_filler,,full_output,20,10,False,73,73,True,10.178234100341797,,ok,False,ok,15,10
exp_b,exp_b__gsm8k_test_000059__canonical__no_think,gsm8k_test_000059,no_think,canonical,,answer_segment,6,10,False,51,51,True,12.32345962524414,,ok,False,ok,187,127
exp_b,exp_b__gsm8k_test_000059__canonical__no_think,gsm8k_test_000059,no_think,canonical,,answer_segment,13,10,False,51,51,True,10.846589088439941,,ok,False,ok,187,127
exp_b,exp_b__gsm8k_test_000059__canonical__no_think,gsm8k_test_000059,no_think,canonical,,answer_segment,20,10,False,51,51,True,11.043423652648926,,ok,False,ok,187,127
exp_b,exp_b__gsm8k_test_000059__canonical__no_think,gsm8k_test_000059,no_think,canonical,,full_output,6,10,False,51,51,True,12.32345962524414,,ok,False,ok,187,127
exp_b,exp_b__gsm8k_test_000059__canonical__no_think,gsm8k_test_000059,no_think,canonical,,full_output,13,10,False,51,51,True,10.846589088439941,,ok,False,ok,187,127
exp_b,exp_b__gsm8k_test_000059__canonical__no_think,gsm8k_test_000059,no_think,canonical,,full_output,20,10,False,51,51,True,11.043423652648926,,ok,False,ok,187,127
exp_b,exp_b__gsm8k_test_000059__irrelevant_context__no_think,gsm8k_test_000059,no_think,irrelevant_context,,answer_segment,6,10,False,52,52,True,13.023972511291504,,ok,False,ok,187,157
exp_b,exp_b__gsm8k_test_000059__irrelevant_context__no_think,gsm8k_test_000059,no_think,irrelevant_context,,answer_segment,13,10,False,52,52,True,10.745162963867188,,ok,False,ok,187,157
exp_b,exp_b__gsm8k_test_000059__irrelevant_context__no_think,gsm8k_test_000059,no_think,irrelevant_context,,answer_segment,20,10,False,52,52,True,12.63943862915039,,ok,False,ok,187,157
exp_b,exp_b__gsm8k_test_000059__irrelevant_context__no_think,gsm8k_test_000059,no_think,irrelevant_context,,full_output,6,10,False,52,52,True,13.023972511291504,,ok,False,ok,187,157
exp_b,exp_b__gsm8k_test_000059__irrelevant_context__no_think,gsm8k_test_000059,no_think,irrelevant_context,,full_output,13,10,False,52,52,True,10.745162963867188,,ok,False,ok,187,157
exp_b,exp_b__gsm8k_test_000059__irrelevant_context__no_think,gsm8k_test_000059,no_think,irrelevant_context,,full_output,20,10,False,52,52,True,12.63943862915039,,ok,False,ok,187,157
exp_b,exp_b__gsm8k_test_000059__repetitive_filler__no_think,gsm8k_test_000059,no_think,repetitive_filler,,answer_segment,6,10,False,59,59,True,12.074913024902344,,ok,False,ok,187,120
exp_b,exp_b__gsm8k_test_000059__repetitive_filler__no_think,gsm8k_test_000059,no_think,repetitive_filler,,answer_segment,13,10,False,59,59,True,10.117391586303711,,ok,False,ok,187,120
exp_b,exp_b__gsm8k_test_000059__repetitive_filler__no_think,gsm8k_test_000059,no_think,repetitive_filler,,answer_segment,20,10,False,59,59,True,10.83686637878418,,ok,False,ok,187,120
exp_b,exp_b__gsm8k_test_000059__repetitive_filler__no_think,gsm8k_test_000059,no_think,repetitive_filler,,full_output,6,10,False,59,59,True,12.074913024902344,,ok,False,ok,187,120
exp_b,exp_b__gsm8k_test_000059__repetitive_filler__no_think,gsm8k_test_000059,no_think,repetitive_filler,,full_output,13,10,False,59,59,True,10.117391586303711,,ok,False,ok,187,120
exp_b,exp_b__gsm8k_test_000059__repetitive_filler__no_think,gsm8k_test_000059,no_think,repetitive_filler,,full_output,20,10,False,59,59,True,10.83686637878418,,ok,False,ok,187,120
exp_b,exp_b__gsm8k_test_000075__canonical__no_think,gsm8k_test_000075,no_think,canonical,,answer_segment,6,10,False,46,46,True,15.206072807312012,,ok,False,ok,60,30
exp_b,exp_b__gsm8k_test_000075__canonical__no_think,gsm8k_test_000075,no_think,canonical,,answer_segment,13,10,False,46,46,True,11.589181900024414,,ok,False,ok,60,30
exp_b,exp_b__gsm8k_test_000075__canonical__no_think,gsm8k_test_000075,no_think,canonical,,answer_segment,20,10,False,46,46,True,11.400156021118164,,ok,False,ok,60,30
exp_b,exp_b__gsm8k_test_000075__canonical__no_think,gsm8k_test_000075,no_think,canonical,,full_output,6,10,False,46,46,True,15.206072807312012,,ok,False,ok,60,30
exp_b,exp_b__gsm8k_test_000075__canonical__no_think,gsm8k_test_000075,no_think,canonical,,full_output,13,10,False,46,46,True,11.589181900024414,,ok,False,ok,60,30
exp_b,exp_b__gsm8k_test_000075__canonical__no_think,gsm8k_test_000075,no_think,canonical,,full_output,20,10,False,46,46,True,11.400156021118164,,ok,False,ok,60,30
exp_b,exp_b__gsm8k_test_000075__irrelevant_context__no_think,gsm8k_test_000075,no_think,irrelevant_context,,answer_segment,6,10,False,49,49,True,15.646387100219727,,ok,False,ok,60,10
exp_b,exp_b__gsm8k_test_000075__irrelevant_context__no_think,gsm8k_test_000075,no_think,irrelevant_context,,answer_segment,13,10,False,49,49,True,11.417168617248535,,ok,False,ok,60,10
exp_b,exp_b__gsm8k_test_000075__irrelevant_context__no_think,gsm8k_test_000075,no_think,irrelevant_context,,answer_segment,20,10,False,49,49,True,11.601659774780273,,ok,False,ok,60,10
exp_b,exp_b__gsm8k_test_000075__irrelevant_context__no_think,gsm8k_test_000075,no_think,irrelevant_context,,full_output,6,10,False,49,49,True,15.646387100219727,,ok,False,ok,60,10
exp_b,exp_b__gsm8k_test_000075__irrelevant_context__no_think,gsm8k_test_000075,no_think,irrelevant_context,,full_output,13,10,False,49,49,True,11.417168617248535,,ok,False,ok,60,10
exp_b,exp_b__gsm8k_test_000075__irrelevant_context__no_think,gsm8k_test_000075,no_think,irrelevant_context,,full_output,20,10,False,49,49,True,11.601659774780273,,ok,False,ok,60,10
exp_b,exp_b__gsm8k_test_000075__repetitive_filler__no_think,gsm8k_test_000075,no_think,repetitive_filler,,answer_segment,6,10,False,54,54,True,15.23332405090332,,ok,False,ok,60,10
exp_b,exp_b__gsm8k_test_000075__repetitive_filler__no_think,gsm8k_test_000075,no_think,repetitive_filler,,answer_segment,13,10,False,54,54,True,11.677998542785645,,ok,False,ok,60,10
exp_b,exp_b__gsm8k_test_000075__repetitive_filler__no_think,gsm8k_test_000075,no_think,repetitive_filler,,answer_segment,20,10,False,54,54,True,11.86727523803711,,ok,False,ok,60,10
exp_b,exp_b__gsm8k_test_000075__repetitive_filler__no_think,gsm8k_test_000075,no_think,repetitive_filler,,full_output,6,10,False,54,54,True,15.23332405090332,,ok,False,ok,60,10
exp_b,exp_b__gsm8k_test_000075__repetitive_filler__no_think,gsm8k_test_000075,no_think,repetitive_filler,,full_output,13,10,False,54,54,True,11.677998542785645,,ok,False,ok,60,10
exp_b,exp_b__gsm8k_test_000075__repetitive_filler__no_think,gsm8k_test_000075,no_think,repetitive_filler,,full_output,20,10,False,54,54,True,11.86727523803711,,ok,False,ok,60,10
exp_b,exp_b__gsm8k_test_000076__canonical__no_think,gsm8k_test_000076,no_think,canonical,,answer_segment,6,10,False,79,79,True,11.992253303527832,,ok,False,ok,5,420
exp_b,exp_b__gsm8k_test_000076__canonical__no_think,gsm8k_test_000076,no_think,canonical,,answer_segment,13,10,False,79,79,True,11.003602981567383,,ok,False,ok,5,420
exp_b,exp_b__gsm8k_test_000076__canonical__no_think,gsm8k_test_000076,no_think,canonical,,answer_segment,20,10,False,79,79,True,11.26803970336914,,ok,False,ok,5,420
exp_b,exp_b__gsm8k_test_000076__canonical__no_think,gsm8k_test_000076,no_think,canonical,,full_output,6,10,False,79,79,True,11.992253303527832,,ok,False,ok,5,420
exp_b,exp_b__gsm8k_test_000076__canonical__no_think,gsm8k_test_000076,no_think,canonical,,full_output,13,10,False,79,79,True,11.003602981567383,,ok,False,ok,5,420
exp_b,exp_b__gsm8k_test_000076__canonical__no_think,gsm8k_test_000076,no_think,canonical,,full_output,20,10,False,79,79,True,11.26803970336914,,ok,False,ok,5,420
exp_b,exp_b__gsm8k_test_000076__irrelevant_context__no_think,gsm8k_test_000076,no_think,irrelevant_context,,answer_segment,6,10,False,61,61,True,14.141295433044434,,ok,False,ok,5,550
exp_b,exp_b__gsm8k_test_000076__irrelevant_context__no_think,gsm8k_test_000076,no_think,irrelevant_context,,answer_segment,13,10,False,61,61,True,11.00207233428955,,ok,False,ok,5,550
exp_b,exp_b__gsm8k_test_000076__irrelevant_context__no_think,gsm8k_test_000076,no_think,irrelevant_context,,answer_segment,20,10,False,61,61,True,11.844475746154785,,ok,False,ok,5,550
exp_b,exp_b__gsm8k_test_000076__irrelevant_context__no_think,gsm8k_test_000076,no_think,irrelevant_context,,full_output,6,10,False,61,61,True,14.141295433044434,,ok,False,ok,5,550
exp_b,exp_b__gsm8k_test_000076__irrelevant_context__no_think,gsm8k_test_000076,no_think,irrelevant_context,,full_output,13,10,False,61,61,True,11.00207233428955,,ok,False,ok,5,550
exp_b,exp_b__gsm8k_test_000076__irrelevant_context__no_think,gsm8k_test_000076,no_think,irrelevant_context,,full_output,20,10,False,61,61,True,11.844475746154785,,ok,False,ok,5,550
exp_b,exp_b__gsm8k_test_000076__repetitive_filler__no_think,gsm8k_test_000076,no_think,repetitive_filler,,answer_segment,6,10,False,61,61,True,14.131190299987793,,ok,False,ok,5,550
exp_b,exp_b__gsm8k_test_000076__repetitive_filler__no_think,gsm8k_test_000076,no_think,repetitive_filler,,answer_segment,13,10,False,61,61,True,11.012809753417969,,ok,False,ok,5,550
exp_b,exp_b__gsm8k_test_000076__repetitive_filler__no_think,gsm8k_test_000076,no_think,repetitive_filler,,answer_segment,20,10,False,61,61,True,11.749293327331543,,ok,False,ok,5,550
exp_b,exp_b__gsm8k_test_000076__repetitive_filler__no_think,gsm8k_test_000076,no_think,repetitive_filler,,full_output,6,10,False,61,61,True,14.131190299987793,,ok,False,ok,5,550
exp_b,exp_b__gsm8k_test_000076__repetitive_filler__no_think,gsm8k_test_000076,no_think,repetitive_filler,,full_output,13,10,False,61,61,True,11.012809753417969,,ok,False,ok,5,550
exp_b,exp_b__gsm8k_test_000076__repetitive_filler__no_think,gsm8k_test_000076,no_think,repetitive_filler,,full_output,20,10,False,61,61,True,11.749293327331543,,ok,False,ok,5,550
exp_b,exp_b__gsm8k_test_000112__canonical__no_think,gsm8k_test_000112,no_think,canonical,,answer_segment,6,10,False,68,68,True,10.87075424194336,,ok,True,ok,24,24
exp_b,exp_b__gsm8k_test_000112__canonical__no_think,gsm8k_test_000112,no_think,canonical,,answer_segment,13,10,False,68,68,True,9.451227188110352,,ok,True,ok,24,24
exp_b,exp_b__gsm8k_test_000112__canonical__no_think,gsm8k_test_000112,no_think,canonical,,answer_segment,20,10,False,68,68,True,9.99277114868164,,ok,True,ok,24,24
exp_b,exp_b__gsm8k_test_000112__canonical__no_think,gsm8k_test_000112,no_think,canonical,,full_output,6,10,False,68,68,True,10.87075424194336,,ok,True,ok,24,24
exp_b,exp_b__gsm8k_test_000112__canonical__no_think,gsm8k_test_000112,no_think,canonical,,full_output,13,10,False,68,68,True,9.451227188110352,,ok,True,ok,24,24
exp_b,exp_b__gsm8k_test_000112__canonical__no_think,gsm8k_test_000112,no_think,canonical,,full_output,20,10,False,68,68,True,9.99277114868164,,ok,True,ok,24,24
exp_b,exp_b__gsm8k_test_000112__irrelevant_context__no_think,gsm8k_test_000112,no_think,irrelevant_context,,answer_segment,6,10,False,46,46,True,12.468587875366211,,ok,True,ok,24,24
exp_b,exp_b__gsm8k_test_000112__irrelevant_context__no_think,gsm8k_test_000112,no_think,irrelevant_context,,answer_segment,13,10,False,46,46,True,11.134504318237305,,ok,True,ok,24,24
exp_b,exp_b__gsm8k_test_000112__irrelevant_context__no_think,gsm8k_test_000112,no_think,irrelevant_context,,answer_segment,20,10,False,46,46,True,12.486817359924316,,ok,True,ok,24,24
exp_b,exp_b__gsm8k_test_000112__irrelevant_context__no_think,gsm8k_test_000112,no_think,irrelevant_context,,full_output,6,10,False,46,46,True,12.468587875366211,,ok,True,ok,24,24
exp_b,exp_b__gsm8k_test_000112__irrelevant_context__no_think,gsm8k_test_000112,no_think,irrelevant_context,,full_output,13,10,False,46,46,True,11.134504318237305,,ok,True,ok,24,24
exp_b,exp_b__gsm8k_test_000112__irrelevant_context__no_think,gsm8k_test_000112,no_think,irrelevant_context,,full_output,20,10,False,46,46,True,12.486817359924316,,ok,True,ok,24,24
exp_b,exp_b__gsm8k_test_000112__repetitive_filler__no_think,gsm8k_test_000112,no_think,repetitive_filler,,answer_segment,6,10,False,46,46,True,12.829248428344727,,ok,True,ok,24,24
exp_b,exp_b__gsm8k_test_000112__repetitive_filler__no_think,gsm8k_test_000112,no_think,repetitive_filler,,answer_segment,13,10,False,46,46,True,11.428698539733887,,ok,True,ok,24,24
exp_b,exp_b__gsm8k_test_000112__repetitive_filler__no_think,gsm8k_test_000112,no_think,repetitive_filler,,answer_segment,20,10,False,46,46,True,12.42038345336914,,ok,True,ok,24,24
exp_b,exp_b__gsm8k_test_000112__repetitive_filler__no_think,gsm8k_test_000112,no_think,repetitive_filler,,full_output,6,10,False,46,46,True,12.829248428344727,,ok,True,ok,24,24
exp_b,exp_b__gsm8k_test_000112__repetitive_filler__no_think,gsm8k_test_000112,no_think,repetitive_filler,,full_output,13,10,False,46,46,True,11.428698539733887,,ok,True,ok,24,24
exp_b,exp_b__gsm8k_test_000112__repetitive_filler__no_think,gsm8k_test_000112,no_think,repetitive_filler,,full_output,20,10,False,46,46,True,12.42038345336914,,ok,True,ok,24,24
exp_b,exp_b__gsm8k_test_000121__canonical__no_think,gsm8k_test_000121,no_think,canonical,,answer_segment,6,10,False,71,71,True,13.165081024169922,,ok,True,ok,27,27
exp_b,exp_b__gsm8k_test_000121__canonical__no_think,gsm8k_test_000121,no_think,canonical,,answer_segment,13,10,False,71,71,True,10.268760681152344,,ok,True,ok,27,27
exp_b,exp_b__gsm8k_test_000121__canonical__no_think,gsm8k_test_000121,no_think,canonical,,answer_segment,20,10,False,71,71,True,11.679282188415527,,ok,True,ok,27,27
exp_b,exp_b__gsm8k_test_000121__canonical__no_think,gsm8k_test_000121,no_think,canonical,,full_output,6,10,False,71,71,True,13.165081024169922,,ok,True,ok,27,27
exp_b,exp_b__gsm8k_test_000121__canonical__no_think,gsm8k_test_000121,no_think,canonical,,full_output,13,10,False,71,71,True,10.268760681152344,,ok,True,ok,27,27
exp_b,exp_b__gsm8k_test_000121__canonical__no_think,gsm8k_test_000121,no_think,canonical,,full_output,20,10,False,71,71,True,11.679282188415527,,ok,True,ok,27,27
exp_b,exp_b__gsm8k_test_000121__irrelevant_context__no_think,gsm8k_test_000121,no_think,irrelevant_context,,answer_segment,6,10,False,44,44,True,14.191043853759766,,ok,False,ok,27,21
exp_b,exp_b__gsm8k_test_000121__irrelevant_context__no_think,gsm8k_test_000121,no_think,irrelevant_context,,answer_segment,13,10,False,44,44,True,10.669952392578125,,ok,False,ok,27,21
exp_b,exp_b__gsm8k_test_000121__irrelevant_context__no_think,gsm8k_test_000121,no_think,irrelevant_context,,answer_segment,20,10,False,44,44,True,13.037970542907715,,ok,False,ok,27,21
exp_b,exp_b__gsm8k_test_000121__irrelevant_context__no_think,gsm8k_test_000121,no_think,irrelevant_context,,full_output,6,10,False,44,44,True,14.191043853759766,,ok,False,ok,27,21
exp_b,exp_b__gsm8k_test_000121__irrelevant_context__no_think,gsm8k_test_000121,no_think,irrelevant_context,,full_output,13,10,False,44,44,True,10.669952392578125,,ok,False,ok,27,21
exp_b,exp_b__gsm8k_test_000121__irrelevant_context__no_think,gsm8k_test_000121,no_think,irrelevant_context,,full_output,20,10,False,44,44,True,13.037970542907715,,ok,False,ok,27,21
exp_b,exp_b__gsm8k_test_000121__repetitive_filler__no_think,gsm8k_test_000121,no_think,repetitive_filler,,answer_segment,6,10,False,51,51,True,14.93474006652832,,ok,False,ok,27,21
exp_b,exp_b__gsm8k_test_000121__repetitive_filler__no_think,gsm8k_test_000121,no_think,repetitive_filler,,answer_segment,13,10,False,51,51,True,11.126931190490723,,ok,False,ok,27,21
exp_b,exp_b__gsm8k_test_000121__repetitive_filler__no_think,gsm8k_test_000121,no_think,repetitive_filler,,answer_segment,20,10,False,51,51,True,12.829362869262695,,ok,False,ok,27,21
exp_b,exp_b__gsm8k_test_000121__repetitive_filler__no_think,gsm8k_test_000121,no_think,repetitive_filler,,full_output,6,10,False,51,51,True,14.93474006652832,,ok,False,ok,27,21
exp_b,exp_b__gsm8k_test_000121__repetitive_filler__no_think,gsm8k_test_000121,no_think,repetitive_filler,,full_output,13,10,False,51,51,True,11.126931190490723,,ok,False,ok,27,21
exp_b,exp_b__gsm8k_test_000121__repetitive_filler__no_think,gsm8k_test_000121,no_think,repetitive_filler,,full_output,20,10,False,51,51,True,12.829362869262695,,ok,False,ok,27,21
exp_b,exp_b__gsm8k_test_000128__canonical__no_think,gsm8k_test_000128,no_think,canonical,,answer_segment,6,10,False,91,91,True,10.686631202697754,,ok,False,ok,880,300
exp_b,exp_b__gsm8k_test_000128__canonical__no_think,gsm8k_test_000128,no_think,canonical,,answer_segment,13,10,False,91,91,True,10.71401596069336,,ok,False,ok,880,300
exp_b,exp_b__gsm8k_test_000128__canonical__no_think,gsm8k_test_000128,no_think,canonical,,answer_segment,20,10,False,91,91,True,10.830194473266602,,ok,False,ok,880,300
exp_b,exp_b__gsm8k_test_000128__canonical__no_think,gsm8k_test_000128,no_think,canonical,,full_output,6,10,False,91,91,True,10.686631202697754,,ok,False,ok,880,300
exp_b,exp_b__gsm8k_test_000128__canonical__no_think,gsm8k_test_000128,no_think,canonical,,full_output,13,10,False,91,91,True,10.71401596069336,,ok,False,ok,880,300
exp_b,exp_b__gsm8k_test_000128__canonical__no_think,gsm8k_test_000128,no_think,canonical,,full_output,20,10,False,91,91,True,10.830194473266602,,ok,False,ok,880,300
exp_b,exp_b__gsm8k_test_000128__irrelevant_context__no_think,gsm8k_test_000128,no_think,irrelevant_context,,answer_segment,6,10,False,74,74,True,13.092865943908691,,ok,False,ok,880,1050
exp_b,exp_b__gsm8k_test_000128__irrelevant_context__no_think,gsm8k_test_000128,no_think,irrelevant_context,,answer_segment,13,10,False,74,74,True,10.820981979370117,,ok,False,ok,880,1050
exp_b,exp_b__gsm8k_test_000128__irrelevant_context__no_think,gsm8k_test_000128,no_think,irrelevant_context,,answer_segment,20,10,False,74,74,True,11.455424308776855,,ok,False,ok,880,1050
exp_b,exp_b__gsm8k_test_000128__irrelevant_context__no_think,gsm8k_test_000128,no_think,irrelevant_context,,full_output,6,10,False,74,74,True,13.092865943908691,,ok,False,ok,880,1050
exp_b,exp_b__gsm8k_test_000128__irrelevant_context__no_think,gsm8k_test_000128,no_think,irrelevant_context,,full_output,13,10,False,74,74,True,10.820981979370117,,ok,False,ok,880,1050
exp_b,exp_b__gsm8k_test_000128__irrelevant_context__no_think,gsm8k_test_000128,no_think,irrelevant_context,,full_output,20,10,False,74,74,True,11.455424308776855,,ok,False,ok,880,1050
exp_b,exp_b__gsm8k_test_000128__repetitive_filler__no_think,gsm8k_test_000128,no_think,repetitive_filler,,answer_segment,6,10,False,86,86,True,10.684327125549316,,ok,False,ok,880,300
exp_b,exp_b__gsm8k_test_000128__repetitive_filler__no_think,gsm8k_test_000128,no_think,repetitive_filler,,answer_segment,13,10,False,86,86,True,11.070416450500488,,ok,False,ok,880,300
exp_b,exp_b__gsm8k_test_000128__repetitive_filler__no_think,gsm8k_test_000128,no_think,repetitive_filler,,answer_segment,20,10,False,86,86,True,10.776782035827637,,ok,False,ok,880,300
exp_b,exp_b__gsm8k_test_000128__repetitive_filler__no_think,gsm8k_test_000128,no_think,repetitive_filler,,full_output,6,10,False,86,86,True,10.684327125549316,,ok,False,ok,880,300
exp_b,exp_b__gsm8k_test_000128__repetitive_filler__no_think,gsm8k_test_000128,no_think,repetitive_filler,,full_output,13,10,False,86,86,True,11.070416450500488,,ok,False,ok,880,300
exp_b,exp_b__gsm8k_test_000128__repetitive_filler__no_think,gsm8k_test_000128,no_think,repetitive_filler,,full_output,20,10,False,86,86,True,10.776782035827637,,ok,False,ok,880,300
exp_b,exp_b__gsm8k_test_000145__canonical__no_think,gsm8k_test_000145,no_think,canonical,,answer_segment,6,10,False,76,76,True,12.0682373046875,,ok,False,ok,4000,1333.33
exp_b,exp_b__gsm8k_test_000145__canonical__no_think,gsm8k_test_000145,no_think,canonical,,answer_segment,13,10,False,76,76,True,10.474078178405762,,ok,False,ok,4000,1333.33
exp_b,exp_b__gsm8k_test_000145__canonical__no_think,gsm8k_test_000145,no_think,canonical,,answer_segment,20,10,False,76,76,True,9.343167304992676,,ok,False,ok,4000,1333.33
exp_b,exp_b__gsm8k_test_000145__canonical__no_think,gsm8k_test_000145,no_think,canonical,,full_output,6,10,False,76,76,True,12.0682373046875,,ok,False,ok,4000,1333.33
exp_b,exp_b__gsm8k_test_000145__canonical__no_think,gsm8k_test_000145,no_think,canonical,,full_output,13,10,False,76,76,True,10.474078178405762,,ok,False,ok,4000,1333.33
exp_b,exp_b__gsm8k_test_000145__canonical__no_think,gsm8k_test_000145,no_think,canonical,,full_output,20,10,False,76,76,True,9.343167304992676,,ok,False,ok,4000,1333.33
exp_b,exp_b__gsm8k_test_000145__irrelevant_context__no_think,gsm8k_test_000145,no_think,irrelevant_context,,answer_segment,6,10,False,73,73,True,11.949581146240234,,ok,True,ok,4000,4000
exp_b,exp_b__gsm8k_test_000145__irrelevant_context__no_think,gsm8k_test_000145,no_think,irrelevant_context,,answer_segment,13,10,False,73,73,True,10.438453674316406,,ok,True,ok,4000,4000
exp_b,exp_b__gsm8k_test_000145__irrelevant_context__no_think,gsm8k_test_000145,no_think,irrelevant_context,,answer_segment,20,10,False,73,73,True,9.816954612731934,,ok,True,ok,4000,4000
exp_b,exp_b__gsm8k_test_000145__irrelevant_context__no_think,gsm8k_test_000145,no_think,irrelevant_context,,full_output,6,10,False,73,73,True,11.949581146240234,,ok,True,ok,4000,4000
exp_b,exp_b__gsm8k_test_000145__irrelevant_context__no_think,gsm8k_test_000145,no_think,irrelevant_context,,full_output,13,10,False,73,73,True,10.438453674316406,,ok,True,ok,4000,4000
exp_b,exp_b__gsm8k_test_000145__irrelevant_context__no_think,gsm8k_test_000145,no_think,irrelevant_context,,full_output,20,10,False,73,73,True,9.816954612731934,,ok,True,ok,4000,4000
exp_b,exp_b__gsm8k_test_000145__repetitive_filler__no_think,gsm8k_test_000145,no_think,repetitive_filler,,answer_segment,6,10,False,75,75,True,12.464852333068848,,ok,False,ok,4000,1333.33
exp_b,exp_b__gsm8k_test_000145__repetitive_filler__no_think,gsm8k_test_000145,no_think,repetitive_filler,,answer_segment,13,10,False,75,75,True,10.790109634399414,,ok,False,ok,4000,1333.33
exp_b,exp_b__gsm8k_test_000145__repetitive_filler__no_think,gsm8k_test_000145,no_think,repetitive_filler,,answer_segment,20,10,False,75,75,True,9.55309009552002,,ok,False,ok,4000,1333.33
exp_b,exp_b__gsm8k_test_000145__repetitive_filler__no_think,gsm8k_test_000145,no_think,repetitive_filler,,full_output,6,10,False,75,75,True,12.464852333068848,,ok,False,ok,4000,1333.33
exp_b,exp_b__gsm8k_test_000145__repetitive_filler__no_think,gsm8k_test_000145,no_think,repetitive_filler,,full_output,13,10,False,75,75,True,10.790109634399414,,ok,False,ok,4000,1333.33
exp_b,exp_b__gsm8k_test_000145__repetitive_filler__no_think,gsm8k_test_000145,no_think,repetitive_filler,,full_output,20,10,False,75,75,True,9.55309009552002,,ok,False,ok,4000,1333.33
exp_b,exp_b__gsm8k_test_000170__canonical__no_think,gsm8k_test_000170,no_think,canonical,,answer_segment,6,10,False,48,48,True,13.74865436553955,,ok,False,ok,150,125
exp_b,exp_b__gsm8k_test_000170__canonical__no_think,gsm8k_test_000170,no_think,canonical,,answer_segment,13,10,False,48,48,True,10.99462890625,,ok,False,ok,150,125
exp_b,exp_b__gsm8k_test_000170__canonical__no_think,gsm8k_test_000170,no_think,canonical,,answer_segment,20,10,False,48,48,True,11.068726539611816,,ok,False,ok,150,125
exp_b,exp_b__gsm8k_test_000170__canonical__no_think,gsm8k_test_000170,no_think,canonical,,full_output,6,10,False,48,48,True,13.74865436553955,,ok,False,ok,150,125
exp_b,exp_b__gsm8k_test_000170__canonical__no_think,gsm8k_test_000170,no_think,canonical,,full_output,13,10,False,48,48,True,10.99462890625,,ok,False,ok,150,125
exp_b,exp_b__gsm8k_test_000170__canonical__no_think,gsm8k_test_000170,no_think,canonical,,full_output,20,10,False,48,48,True,11.068726539611816,,ok,False,ok,150,125
exp_b,exp_b__gsm8k_test_000170__irrelevant_context__no_think,gsm8k_test_000170,no_think,irrelevant_context,,answer_segment,6,10,False,48,48,True,14.013519287109375,,ok,False,ok,150,100
exp_b,exp_b__gsm8k_test_000170__irrelevant_context__no_think,gsm8k_test_000170,no_think,irrelevant_context,,answer_segment,13,10,False,48,48,True,10.696666717529297,,ok,False,ok,150,100
exp_b,exp_b__gsm8k_test_000170__irrelevant_context__no_think,gsm8k_test_000170,no_think,irrelevant_context,,answer_segment,20,10,False,48,48,True,10.723335266113281,,ok,False,ok,150,100
exp_b,exp_b__gsm8k_test_000170__irrelevant_context__no_think,gsm8k_test_000170,no_think,irrelevant_context,,full_output,6,10,False,48,48,True,14.013519287109375,,ok,False,ok,150,100
exp_b,exp_b__gsm8k_test_000170__irrelevant_context__no_think,gsm8k_test_000170,no_think,irrelevant_context,,full_output,13,10,False,48,48,True,10.696666717529297,,ok,False,ok,150,100
exp_b,exp_b__gsm8k_test_000170__irrelevant_context__no_think,gsm8k_test_000170,no_think,irrelevant_context,,full_output,20,10,False,48,48,True,10.723335266113281,,ok,False,ok,150,100
exp_b,exp_b__gsm8k_test_000170__repetitive_filler__no_think,gsm8k_test_000170,no_think,repetitive_filler,,full_output,6,10,False,48,48,True,13.688273429870605,,ok,False,ok,150,125
exp_b,exp_b__gsm8k_test_000170__repetitive_filler__no_think,gsm8k_test_000170,no_think,repetitive_filler,,full_output,13,10,False,48,48,True,11.245323181152344,,ok,False,ok,150,125
exp_b,exp_b__gsm8k_test_000170__repetitive_filler__no_think,gsm8k_test_000170,no_think,repetitive_filler,,full_output,20,10,False,48,48,True,10.974040031433105,,ok,False,ok,150,125
exp_b,exp_b__gsm8k_test_000170__repetitive_filler__no_think,gsm8k_test_000170,no_think,repetitive_filler,,answer_segment,6,10,False,48,48,True,13.688273429870605,,ok,False,ok,150,125
exp_b,exp_b__gsm8k_test_000170__repetitive_filler__no_think,gsm8k_test_000170,no_think,repetitive_filler,,answer_segment,13,10,False,48,48,True,11.245323181152344,,ok,False,ok,150,125
exp_b,exp_b__gsm8k_test_000170__repetitive_filler__no_think,gsm8k_test_000170,no_think,repetitive_filler,,answer_segment,20,10,False,48,48,True,10.974040031433105,,ok,False,ok,150,125
exp_b,exp_b__gsm8k_test_000176__canonical__no_think,gsm8k_test_000176,no_think,canonical,,full_output,6,10,False,55,55,True,12.618158340454102,,ok,True,ok,100,100
exp_b,exp_b__gsm8k_test_000176__canonical__no_think,gsm8k_test_000176,no_think,canonical,,full_output,13,10,False,55,55,True,9.778186798095703,,ok,True,ok,100,100
exp_b,exp_b__gsm8k_test_000176__canonical__no_think,gsm8k_test_000176,no_think,canonical,,full_output,20,10,False,55,55,True,10.626982688903809,,ok,True,ok,100,100
exp_b,exp_b__gsm8k_test_000176__canonical__no_think,gsm8k_test_000176,no_think,canonical,,answer_segment,6,10,False,55,55,True,12.618158340454102,,ok,True,ok,100,100
exp_b,exp_b__gsm8k_test_000176__canonical__no_think,gsm8k_test_000176,no_think,canonical,,answer_segment,13,10,False,55,55,True,9.778186798095703,,ok,True,ok,100,100
exp_b,exp_b__gsm8k_test_000176__canonical__no_think,gsm8k_test_000176,no_think,canonical,,answer_segment,20,10,False,55,55,True,10.626982688903809,,ok,True,ok,100,100
exp_b,exp_b__gsm8k_test_000176__irrelevant_context__no_think,gsm8k_test_000176,no_think,irrelevant_context,,full_output,6,10,False,59,59,True,12.434804916381836,,ok,False,ok,100,0
exp_b,exp_b__gsm8k_test_000176__irrelevant_context__no_think,gsm8k_test_000176,no_think,irrelevant_context,,full_output,13,10,False,59,59,True,10.375767707824707,,ok,False,ok,100,0
exp_b,exp_b__gsm8k_test_000176__irrelevant_context__no_think,gsm8k_test_000176,no_think,irrelevant_context,,full_output,20,10,False,59,59,True,11.671534538269043,,ok,False,ok,100,0
exp_b,exp_b__gsm8k_test_000176__irrelevant_context__no_think,gsm8k_test_000176,no_think,irrelevant_context,,answer_segment,6,10,False,59,59,True,12.434804916381836,,ok,False,ok,100,0
exp_b,exp_b__gsm8k_test_000176__irrelevant_context__no_think,gsm8k_test_000176,no_think,irrelevant_context,,answer_segment,13,10,False,59,59,True,10.375767707824707,,ok,False,ok,100,0
exp_b,exp_b__gsm8k_test_000176__irrelevant_context__no_think,gsm8k_test_000176,no_think,irrelevant_context,,answer_segment,20,10,False,59,59,True,11.671534538269043,,ok,False,ok,100,0
exp_b,exp_b__gsm8k_test_000176__repetitive_filler__no_think,gsm8k_test_000176,no_think,repetitive_filler,,full_output,6,10,False,56,56,True,12.018510818481445,,ok,True,ok,100,100
exp_b,exp_b__gsm8k_test_000176__repetitive_filler__no_think,gsm8k_test_000176,no_think,repetitive_filler,,full_output,13,10,False,56,56,True,9.499423027038574,,ok,True,ok,100,100
exp_b,exp_b__gsm8k_test_000176__repetitive_filler__no_think,gsm8k_test_000176,no_think,repetitive_filler,,full_output,20,10,False,56,56,True,10.670144081115723,,ok,True,ok,100,100
exp_b,exp_b__gsm8k_test_000176__repetitive_filler__no_think,gsm8k_test_000176,no_think,repetitive_filler,,answer_segment,6,10,False,56,56,True,12.018510818481445,,ok,True,ok,100,100
exp_b,exp_b__gsm8k_test_000176__repetitive_filler__no_think,gsm8k_test_000176,no_think,repetitive_filler,,answer_segment,13,10,False,56,56,True,9.499423027038574,,ok,True,ok,100,100
exp_b,exp_b__gsm8k_test_000176__repetitive_filler__no_think,gsm8k_test_000176,no_think,repetitive_filler,,answer_segment,20,10,False,56,56,True,10.670144081115723,,ok,True,ok,100,100
exp_b,exp_b__gsm8k_test_000197__canonical__no_think,gsm8k_test_000197,no_think,canonical,,full_output,6,10,False,52,52,True,15.352341651916504,,ok,True,ok,6277,6277
exp_b,exp_b__gsm8k_test_000197__canonical__no_think,gsm8k_test_000197,no_think,canonical,,full_output,13,10,False,52,52,True,10.417583465576172,,ok,True,ok,6277,6277
exp_b,exp_b__gsm8k_test_000197__canonical__no_think,gsm8k_test_000197,no_think,canonical,,full_output,20,10,False,52,52,True,12.064230918884277,,ok,True,ok,6277,6277
exp_b,exp_b__gsm8k_test_000197__canonical__no_think,gsm8k_test_000197,no_think,canonical,,answer_segment,6,10,False,52,52,True,15.352341651916504,,ok,True,ok,6277,6277
exp_b,exp_b__gsm8k_test_000197__canonical__no_think,gsm8k_test_000197,no_think,canonical,,answer_segment,13,10,False,52,52,True,10.417583465576172,,ok,True,ok,6277,6277
exp_b,exp_b__gsm8k_test_000197__canonical__no_think,gsm8k_test_000197,no_think,canonical,,answer_segment,20,10,False,52,52,True,12.064230918884277,,ok,True,ok,6277,6277
exp_b,exp_b__gsm8k_test_000197__irrelevant_context__no_think,gsm8k_test_000197,no_think,irrelevant_context,,full_output,6,10,False,57,57,True,14.293096542358398,,ok,True,ok,6277,6277
exp_b,exp_b__gsm8k_test_000197__irrelevant_context__no_think,gsm8k_test_000197,no_think,irrelevant_context,,full_output,13,10,False,57,57,True,10.722369194030762,,ok,True,ok,6277,6277
exp_b,exp_b__gsm8k_test_000197__irrelevant_context__no_think,gsm8k_test_000197,no_think,irrelevant_context,,full_output,20,10,False,57,57,True,11.544723510742188,,ok,True,ok,6277,6277
exp_b,exp_b__gsm8k_test_000197__irrelevant_context__no_think,gsm8k_test_000197,no_think,irrelevant_context,,answer_segment,6,10,False,57,57,True,14.293096542358398,,ok,True,ok,6277,6277
exp_b,exp_b__gsm8k_test_000197__irrelevant_context__no_think,gsm8k_test_000197,no_think,irrelevant_context,,answer_segment,13,10,False,57,57,True,10.722369194030762,,ok,True,ok,6277,6277
exp_b,exp_b__gsm8k_test_000197__irrelevant_context__no_think,gsm8k_test_000197,no_think,irrelevant_context,,answer_segment,20,10,False,57,57,True,11.544723510742188,,ok,True,ok,6277,6277
exp_b,exp_b__gsm8k_test_000197__repetitive_filler__no_think,gsm8k_test_000197,no_think,repetitive_filler,,full_output,6,10,False,59,59,True,13.161849975585938,,ok,True,ok,6277,6277
exp_b,exp_b__gsm8k_test_000197__repetitive_filler__no_think,gsm8k_test_000197,no_think,repetitive_filler,,full_output,13,10,False,59,59,True,10.11616039276123,,ok,True,ok,6277,6277
exp_b,exp_b__gsm8k_test_000197__repetitive_filler__no_think,gsm8k_test_000197,no_think,repetitive_filler,,full_output,20,10,False,59,59,True,12.145674705505371,,ok,True,ok,6277,6277
exp_b,exp_b__gsm8k_test_000197__repetitive_filler__no_think,gsm8k_test_000197,no_think,repetitive_filler,,answer_segment,6,10,False,59,59,True,13.161849975585938,,ok,True,ok,6277,6277
exp_b,exp_b__gsm8k_test_000197__repetitive_filler__no_think,gsm8k_test_000197,no_think,repetitive_filler,,answer_segment,13,10,False,59,59,True,10.11616039276123,,ok,True,ok,6277,6277
exp_b,exp_b__gsm8k_test_000197__repetitive_filler__no_think,gsm8k_test_000197,no_think,repetitive_filler,,answer_segment,20,10,False,59,59,True,12.145674705505371,,ok,True,ok,6277,6277
exp_b,exp_b__gsm8k_test_000204__canonical__no_think,gsm8k_test_000204,no_think,canonical,,full_output,6,10,False,50,50,True,15.670099258422852,,ok,False,ok,98,44
exp_b,exp_b__gsm8k_test_000204__canonical__no_think,gsm8k_test_000204,no_think,canonical,,full_output,13,10,False,50,50,True,10.981616020202637,,ok,False,ok,98,44
exp_b,exp_b__gsm8k_test_000204__canonical__no_think,gsm8k_test_000204,no_think,canonical,,full_output,20,10,False,50,50,True,12.458349227905273,,ok,False,ok,98,44
exp_b,exp_b__gsm8k_test_000204__canonical__no_think,gsm8k_test_000204,no_think,canonical,,answer_segment,6,10,False,50,50,True,15.670099258422852,,ok,False,ok,98,44
exp_b,exp_b__gsm8k_test_000204__canonical__no_think,gsm8k_test_000204,no_think,canonical,,answer_segment,13,10,False,50,50,True,10.981616020202637,,ok,False,ok,98,44
exp_b,exp_b__gsm8k_test_000204__canonical__no_think,gsm8k_test_000204,no_think,canonical,,answer_segment,20,10,False,50,50,True,12.458349227905273,,ok,False,ok,98,44
exp_b,exp_b__gsm8k_test_000204__irrelevant_context__no_think,gsm8k_test_000204,no_think,irrelevant_context,,full_output,6,10,False,43,43,True,17.147668838500977,,ok,False,ok,98,46
exp_b,exp_b__gsm8k_test_000204__irrelevant_context__no_think,gsm8k_test_000204,no_think,irrelevant_context,,full_output,13,10,False,43,43,True,10.579620361328125,,ok,False,ok,98,46
exp_b,exp_b__gsm8k_test_000204__irrelevant_context__no_think,gsm8k_test_000204,no_think,irrelevant_context,,full_output,20,10,False,43,43,True,11.921319007873535,,ok,False,ok,98,46
exp_b,exp_b__gsm8k_test_000204__irrelevant_context__no_think,gsm8k_test_000204,no_think,irrelevant_context,,answer_segment,6,10,False,43,43,True,17.147668838500977,,ok,False,ok,98,46
exp_b,exp_b__gsm8k_test_000204__irrelevant_context__no_think,gsm8k_test_000204,no_think,irrelevant_context,,answer_segment,13,10,False,43,43,True,10.579620361328125,,ok,False,ok,98,46
exp_b,exp_b__gsm8k_test_000204__irrelevant_context__no_think,gsm8k_test_000204,no_think,irrelevant_context,,answer_segment,20,10,False,43,43,True,11.921319007873535,,ok,False,ok,98,46
exp_b,exp_b__gsm8k_test_000204__repetitive_filler__no_think,gsm8k_test_000204,no_think,repetitive_filler,,full_output,6,10,False,57,57,True,14.371255874633789,,ok,False,ok,98,22
exp_b,exp_b__gsm8k_test_000204__repetitive_filler__no_think,gsm8k_test_000204,no_think,repetitive_filler,,full_output,13,10,False,57,57,True,10.442219734191895,,ok,False,ok,98,22
exp_b,exp_b__gsm8k_test_000204__repetitive_filler__no_think,gsm8k_test_000204,no_think,repetitive_filler,,full_output,20,10,False,57,57,True,10.428571701049805,,ok,False,ok,98,22
exp_b,exp_b__gsm8k_test_000204__repetitive_filler__no_think,gsm8k_test_000204,no_think,repetitive_filler,,answer_segment,6,10,False,57,57,True,14.371255874633789,,ok,False,ok,98,22
exp_b,exp_b__gsm8k_test_000204__repetitive_filler__no_think,gsm8k_test_000204,no_think,repetitive_filler,,answer_segment,13,10,False,57,57,True,10.442219734191895,,ok,False,ok,98,22
exp_b,exp_b__gsm8k_test_000204__repetitive_filler__no_think,gsm8k_test_000204,no_think,repetitive_filler,,answer_segment,20,10,False,57,57,True,10.428571701049805,,ok,False,ok,98,22
exp_b,exp_b__gsm8k_test_000209__canonical__no_think,gsm8k_test_000209,no_think,canonical,,full_output,6,10,False,57,57,True,15.697674751281738,,ok,False,ok,145,100
exp_b,exp_b__gsm8k_test_000209__canonical__no_think,gsm8k_test_000209,no_think,canonical,,full_output,13,10,False,57,57,True,12.056385040283203,,ok,False,ok,145,100
exp_b,exp_b__gsm8k_test_000209__canonical__no_think,gsm8k_test_000209,no_think,canonical,,full_output,20,10,False,57,57,True,12.72458553314209,,ok,False,ok,145,100
exp_b,exp_b__gsm8k_test_000209__canonical__no_think,gsm8k_test_000209,no_think,canonical,,answer_segment,6,10,False,57,57,True,15.697674751281738,,ok,False,ok,145,100
exp_b,exp_b__gsm8k_test_000209__canonical__no_think,gsm8k_test_000209,no_think,canonical,,answer_segment,13,10,False,57,57,True,12.056385040283203,,ok,False,ok,145,100
exp_b,exp_b__gsm8k_test_000209__canonical__no_think,gsm8k_test_000209,no_think,canonical,,answer_segment,20,10,False,57,57,True,12.72458553314209,,ok,False,ok,145,100
exp_b,exp_b__gsm8k_test_000209__irrelevant_context__no_think,gsm8k_test_000209,no_think,irrelevant_context,,full_output,6,10,False,80,80,True,11.500741958618164,,ok,False,ok,145,5
exp_b,exp_b__gsm8k_test_000209__irrelevant_context__no_think,gsm8k_test_000209,no_think,irrelevant_context,,full_output,13,10,False,80,80,True,10.845735549926758,,ok,False,ok,145,5
exp_b,exp_b__gsm8k_test_000209__irrelevant_context__no_think,gsm8k_test_000209,no_think,irrelevant_context,,full_output,20,10,False,80,80,True,11.409226417541504,,ok,False,ok,145,5
exp_b,exp_b__gsm8k_test_000209__irrelevant_context__no_think,gsm8k_test_000209,no_think,irrelevant_context,,answer_segment,6,10,False,80,80,True,11.500741958618164,,ok,False,ok,145,5
exp_b,exp_b__gsm8k_test_000209__irrelevant_context__no_think,gsm8k_test_000209,no_think,irrelevant_context,,answer_segment,13,10,False,80,80,True,10.845735549926758,,ok,False,ok,145,5
exp_b,exp_b__gsm8k_test_000209__irrelevant_context__no_think,gsm8k_test_000209,no_think,irrelevant_context,,answer_segment,20,10,False,80,80,True,11.409226417541504,,ok,False,ok,145,5
exp_b,exp_b__gsm8k_test_000209__repetitive_filler__no_think,gsm8k_test_000209,no_think,repetitive_filler,,full_output,6,10,False,72,72,True,14.434393882751465,,ok,False,ok,145,250
exp_b,exp_b__gsm8k_test_000209__repetitive_filler__no_think,gsm8k_test_000209,no_think,repetitive_filler,,full_output,13,10,False,72,72,True,12.284321784973145,,ok,False,ok,145,250
exp_b,exp_b__gsm8k_test_000209__repetitive_filler__no_think,gsm8k_test_000209,no_think,repetitive_filler,,full_output,20,10,False,72,72,True,11.337810516357422,,ok,False,ok,145,250
exp_b,exp_b__gsm8k_test_000209__repetitive_filler__no_think,gsm8k_test_000209,no_think,repetitive_filler,,answer_segment,6,10,False,72,72,True,14.434393882751465,,ok,False,ok,145,250
exp_b,exp_b__gsm8k_test_000209__repetitive_filler__no_think,gsm8k_test_000209,no_think,repetitive_filler,,answer_segment,13,10,False,72,72,True,12.284321784973145,,ok,False,ok,145,250
exp_b,exp_b__gsm8k_test_000209__repetitive_filler__no_think,gsm8k_test_000209,no_think,repetitive_filler,,answer_segment,20,10,False,72,72,True,11.337810516357422,,ok,False,ok,145,250
exp_b,exp_b__gsm8k_test_000216__canonical__no_think,gsm8k_test_000216,no_think,canonical,,full_output,6,10,False,60,60,True,12.904067993164062,,ok,False,ok,220,1980
exp_b,exp_b__gsm8k_test_000216__canonical__no_think,gsm8k_test_000216,no_think,canonical,,full_output,13,10,False,60,60,True,10.139874458312988,,ok,False,ok,220,1980
exp_b,exp_b__gsm8k_test_000216__canonical__no_think,gsm8k_test_000216,no_think,canonical,,full_output,20,10,False,60,60,True,10.868576049804688,,ok,False,ok,220,1980
exp_b,exp_b__gsm8k_test_000216__canonical__no_think,gsm8k_test_000216,no_think,canonical,,answer_segment,6,10,False,60,60,True,12.904067993164062,,ok,False,ok,220,1980
exp_b,exp_b__gsm8k_test_000216__canonical__no_think,gsm8k_test_000216,no_think,canonical,,answer_segment,13,10,False,60,60,True,10.139874458312988,,ok,False,ok,220,1980
exp_b,exp_b__gsm8k_test_000216__canonical__no_think,gsm8k_test_000216,no_think,canonical,,answer_segment,20,10,False,60,60,True,10.868576049804688,,ok,False,ok,220,1980
exp_b,exp_b__gsm8k_test_000216__irrelevant_context__no_think,gsm8k_test_000216,no_think,irrelevant_context,,full_output,6,10,False,64,64,True,13.21949291229248,,ok,False,ok,220,2200
exp_b,exp_b__gsm8k_test_000216__irrelevant_context__no_think,gsm8k_test_000216,no_think,irrelevant_context,,full_output,13,10,False,64,64,True,9.450994491577148,,ok,False,ok,220,2200
exp_b,exp_b__gsm8k_test_000216__irrelevant_context__no_think,gsm8k_test_000216,no_think,irrelevant_context,,full_output,20,10,False,64,64,True,9.956794738769531,,ok,False,ok,220,2200
exp_b,exp_b__gsm8k_test_000216__irrelevant_context__no_think,gsm8k_test_000216,no_think,irrelevant_context,,answer_segment,6,10,False,64,64,True,13.21949291229248,,ok,False,ok,220,2200
exp_b,exp_b__gsm8k_test_000216__irrelevant_context__no_think,gsm8k_test_000216,no_think,irrelevant_context,,answer_segment,13,10,False,64,64,True,9.450994491577148,,ok,False,ok,220,2200
exp_b,exp_b__gsm8k_test_000216__irrelevant_context__no_think,gsm8k_test_000216,no_think,irrelevant_context,,answer_segment,20,10,False,64,64,True,9.956794738769531,,ok,False,ok,220,2200
exp_b,exp_b__gsm8k_test_000216__repetitive_filler__no_think,gsm8k_test_000216,no_think,repetitive_filler,,full_output,6,10,False,60,60,True,12.953465461730957,,ok,False,ok,220,1980
exp_b,exp_b__gsm8k_test_000216__repetitive_filler__no_think,gsm8k_test_000216,no_think,repetitive_filler,,full_output,13,10,False,60,60,True,9.977580070495605,,ok,False,ok,220,1980
exp_b,exp_b__gsm8k_test_000216__repetitive_filler__no_think,gsm8k_test_000216,no_think,repetitive_filler,,full_output,20,10,False,60,60,True,10.709904670715332,,ok,False,ok,220,1980
exp_b,exp_b__gsm8k_test_000216__repetitive_filler__no_think,gsm8k_test_000216,no_think,repetitive_filler,,answer_segment,6,10,False,60,60,True,12.953465461730957,,ok,False,ok,220,1980
exp_b,exp_b__gsm8k_test_000216__repetitive_filler__no_think,gsm8k_test_000216,no_think,repetitive_filler,,answer_segment,13,10,False,60,60,True,9.977580070495605,,ok,False,ok,220,1980
exp_b,exp_b__gsm8k_test_000216__repetitive_filler__no_think,gsm8k_test_000216,no_think,repetitive_filler,,answer_segment,20,10,False,60,60,True,10.709904670715332,,ok,False,ok,220,1980
exp_b,exp_b__gsm8k_test_000225__canonical__no_think,gsm8k_test_000225,no_think,canonical,,full_output,6,10,False,45,45,True,14.499788284301758,,ok,True,ok,9,9
exp_b,exp_b__gsm8k_test_000225__canonical__no_think,gsm8k_test_000225,no_think,canonical,,full_output,13,10,False,45,45,True,11.099281311035156,,ok,True,ok,9,9
exp_b,exp_b__gsm8k_test_000225__canonical__no_think,gsm8k_test_000225,no_think,canonical,,full_output,20,10,False,45,45,True,10.934945106506348,,ok,True,ok,9,9
exp_b,exp_b__gsm8k_test_000225__canonical__no_think,gsm8k_test_000225,no_think,canonical,,answer_segment,6,10,False,45,45,True,14.499788284301758,,ok,True,ok,9,9
exp_b,exp_b__gsm8k_test_000225__canonical__no_think,gsm8k_test_000225,no_think,canonical,,answer_segment,13,10,False,45,45,True,11.099281311035156,,ok,True,ok,9,9
exp_b,exp_b__gsm8k_test_000225__canonical__no_think,gsm8k_test_000225,no_think,canonical,,answer_segment,20,10,False,45,45,True,10.934945106506348,,ok,True,ok,9,9
exp_b,exp_b__gsm8k_test_000225__irrelevant_context__no_think,gsm8k_test_000225,no_think,irrelevant_context,,full_output,6,10,False,47,47,True,14.496175765991211,,ok,True,ok,9,9
exp_b,exp_b__gsm8k_test_000225__irrelevant_context__no_think,gsm8k_test_000225,no_think,irrelevant_context,,full_output,13,10,False,47,47,True,12.037134170532227,,ok,True,ok,9,9
exp_b,exp_b__gsm8k_test_000225__irrelevant_context__no_think,gsm8k_test_000225,no_think,irrelevant_context,,full_output,20,10,False,47,47,True,12.016156196594238,,ok,True,ok,9,9
exp_b,exp_b__gsm8k_test_000225__irrelevant_context__no_think,gsm8k_test_000225,no_think,irrelevant_context,,answer_segment,6,10,False,47,47,True,14.496175765991211,,ok,True,ok,9,9
exp_b,exp_b__gsm8k_test_000225__irrelevant_context__no_think,gsm8k_test_000225,no_think,irrelevant_context,,answer_segment,13,10,False,47,47,True,12.037134170532227,,ok,True,ok,9,9
exp_b,exp_b__gsm8k_test_000225__irrelevant_context__no_think,gsm8k_test_000225,no_think,irrelevant_context,,answer_segment,20,10,False,47,47,True,12.016156196594238,,ok,True,ok,9,9
exp_b,exp_b__gsm8k_test_000225__repetitive_filler__no_think,gsm8k_test_000225,no_think,repetitive_filler,,full_output,6,10,False,45,45,True,14.578597068786621,,ok,True,ok,9,9
exp_b,exp_b__gsm8k_test_000225__repetitive_filler__no_think,gsm8k_test_000225,no_think,repetitive_filler,,full_output,13,10,False,45,45,True,10.974957466125488,,ok,True,ok,9,9
exp_b,exp_b__gsm8k_test_000225__repetitive_filler__no_think,gsm8k_test_000225,no_think,repetitive_filler,,full_output,20,10,False,45,45,True,10.949172973632812,,ok,True,ok,9,9
exp_b,exp_b__gsm8k_test_000225__repetitive_filler__no_think,gsm8k_test_000225,no_think,repetitive_filler,,answer_segment,6,10,False,45,45,True,14.578597068786621,,ok,True,ok,9,9
exp_b,exp_b__gsm8k_test_000225__repetitive_filler__no_think,gsm8k_test_000225,no_think,repetitive_filler,,answer_segment,13,10,False,45,45,True,10.974957466125488,,ok,True,ok,9,9
exp_b,exp_b__gsm8k_test_000225__repetitive_filler__no_think,gsm8k_test_000225,no_think,repetitive_filler,,answer_segment,20,10,False,45,45,True,10.949172973632812,,ok,True,ok,9,9
exp_b,exp_b__gsm8k_test_000226__canonical__no_think,gsm8k_test_000226,no_think,canonical,,full_output,6,10,False,43,43,True,15.705570220947266,,ok,False,ok,33,46
exp_b,exp_b__gsm8k_test_000226__canonical__no_think,gsm8k_test_000226,no_think,canonical,,full_output,13,10,False,43,43,True,10.805190086364746,,ok,False,ok,33,46
exp_b,exp_b__gsm8k_test_000226__canonical__no_think,gsm8k_test_000226,no_think,canonical,,full_output,20,10,False,43,43,True,13.07576847076416,,ok,False,ok,33,46
exp_b,exp_b__gsm8k_test_000226__canonical__no_think,gsm8k_test_000226,no_think,canonical,,answer_segment,6,10,False,43,43,True,15.705570220947266,,ok,False,ok,33,46
exp_b,exp_b__gsm8k_test_000226__canonical__no_think,gsm8k_test_000226,no_think,canonical,,answer_segment,13,10,False,43,43,True,10.805190086364746,,ok,False,ok,33,46
exp_b,exp_b__gsm8k_test_000226__canonical__no_think,gsm8k_test_000226,no_think,canonical,,answer_segment,20,10,False,43,43,True,13.07576847076416,,ok,False,ok,33,46
exp_b,exp_b__gsm8k_test_000226__irrelevant_context__no_think,gsm8k_test_000226,no_think,irrelevant_context,,full_output,6,10,False,59,59,True,15.844223976135254,,ok,False,ok,33,66
exp_b,exp_b__gsm8k_test_000226__irrelevant_context__no_think,gsm8k_test_000226,no_think,irrelevant_context,,full_output,13,10,False,59,59,True,10.776750564575195,,ok,False,ok,33,66
exp_b,exp_b__gsm8k_test_000226__irrelevant_context__no_think,gsm8k_test_000226,no_think,irrelevant_context,,full_output,20,10,False,59,59,True,11.777273178100586,,ok,False,ok,33,66
exp_b,exp_b__gsm8k_test_000226__irrelevant_context__no_think,gsm8k_test_000226,no_think,irrelevant_context,,answer_segment,6,10,False,59,59,True,15.844223976135254,,ok,False,ok,33,66
exp_b,exp_b__gsm8k_test_000226__irrelevant_context__no_think,gsm8k_test_000226,no_think,irrelevant_context,,answer_segment,13,10,False,59,59,True,10.776750564575195,,ok,False,ok,33,66
exp_b,exp_b__gsm8k_test_000226__irrelevant_context__no_think,gsm8k_test_000226,no_think,irrelevant_context,,answer_segment,20,10,False,59,59,True,11.777273178100586,,ok,False,ok,33,66
exp_b,exp_b__gsm8k_test_000226__repetitive_filler__no_think,gsm8k_test_000226,no_think,repetitive_filler,,full_output,6,10,False,49,49,True,14.702925682067871,,ok,False,ok,33,46
exp_b,exp_b__gsm8k_test_000226__repetitive_filler__no_think,gsm8k_test_000226,no_think,repetitive_filler,,full_output,13,10,False,49,49,True,10.90187931060791,,ok,False,ok,33,46
exp_b,exp_b__gsm8k_test_000226__repetitive_filler__no_think,gsm8k_test_000226,no_think,repetitive_filler,,full_output,20,10,False,49,49,True,12.349053382873535,,ok,False,ok,33,46
exp_b,exp_b__gsm8k_test_000226__repetitive_filler__no_think,gsm8k_test_000226,no_think,repetitive_filler,,answer_segment,6,10,False,49,49,True,14.702925682067871,,ok,False,ok,33,46
exp_b,exp_b__gsm8k_test_000226__repetitive_filler__no_think,gsm8k_test_000226,no_think,repetitive_filler,,answer_segment,13,10,False,49,49,True,10.90187931060791,,ok,False,ok,33,46
exp_b,exp_b__gsm8k_test_000226__repetitive_filler__no_think,gsm8k_test_000226,no_think,repetitive_filler,,answer_segment,20,10,False,49,49,True,12.349053382873535,,ok,False,ok,33,46
exp_b,exp_b__gsm8k_test_000235__canonical__no_think,gsm8k_test_000235,no_think,canonical,,full_output,6,10,False,50,50,True,12.327692985534668,,ok,False,ok,10,11
exp_b,exp_b__gsm8k_test_000235__canonical__no_think,gsm8k_test_000235,no_think,canonical,,full_output,13,10,False,50,50,True,12.507508277893066,,ok,False,ok,10,11
exp_b,exp_b__gsm8k_test_000235__canonical__no_think,gsm8k_test_000235,no_think,canonical,,full_output,20,10,False,50,50,True,12.591800689697266,,ok,False,ok,10,11
exp_b,exp_b__gsm8k_test_000235__canonical__no_think,gsm8k_test_000235,no_think,canonical,,answer_segment,6,10,False,50,50,True,12.327692985534668,,ok,False,ok,10,11
exp_b,exp_b__gsm8k_test_000235__canonical__no_think,gsm8k_test_000235,no_think,canonical,,answer_segment,13,10,False,50,50,True,12.507508277893066,,ok,False,ok,10,11
exp_b,exp_b__gsm8k_test_000235__canonical__no_think,gsm8k_test_000235,no_think,canonical,,answer_segment,20,10,False,50,50,True,12.591800689697266,,ok,False,ok,10,11
exp_b,exp_b__gsm8k_test_000235__irrelevant_context__no_think,gsm8k_test_000235,no_think,irrelevant_context,,full_output,6,10,False,49,49,True,14.973259925842285,,ok,False,ok,10,5
exp_b,exp_b__gsm8k_test_000235__irrelevant_context__no_think,gsm8k_test_000235,no_think,irrelevant_context,,full_output,13,10,False,49,49,True,11.359119415283203,,ok,False,ok,10,5
exp_b,exp_b__gsm8k_test_000235__irrelevant_context__no_think,gsm8k_test_000235,no_think,irrelevant_context,,full_output,20,10,False,49,49,True,12.282541275024414,,ok,False,ok,10,5
exp_b,exp_b__gsm8k_test_000235__irrelevant_context__no_think,gsm8k_test_000235,no_think,irrelevant_context,,answer_segment,6,10,False,49,49,True,14.973259925842285,,ok,False,ok,10,5
exp_b,exp_b__gsm8k_test_000235__irrelevant_context__no_think,gsm8k_test_000235,no_think,irrelevant_context,,answer_segment,13,10,False,49,49,True,11.359119415283203,,ok,False,ok,10,5
exp_b,exp_b__gsm8k_test_000235__irrelevant_context__no_think,gsm8k_test_000235,no_think,irrelevant_context,,answer_segment,20,10,False,49,49,True,12.282541275024414,,ok,False,ok,10,5
exp_b,exp_b__gsm8k_test_000235__repetitive_filler__no_think,gsm8k_test_000235,no_think,repetitive_filler,,full_output,6,10,False,46,46,True,16.128646850585938,,ok,True,ok,10,10
exp_b,exp_b__gsm8k_test_000235__repetitive_filler__no_think,gsm8k_test_000235,no_think,repetitive_filler,,full_output,13,10,False,46,46,True,11.622448921203613,,ok,True,ok,10,10
exp_b,exp_b__gsm8k_test_000235__repetitive_filler__no_think,gsm8k_test_000235,no_think,repetitive_filler,,full_output,20,10,False,46,46,True,13.009514808654785,,ok,True,ok,10,10
exp_b,exp_b__gsm8k_test_000235__repetitive_filler__no_think,gsm8k_test_000235,no_think,repetitive_filler,,answer_segment,6,10,False,46,46,True,16.128646850585938,,ok,True,ok,10,10
exp_b,exp_b__gsm8k_test_000235__repetitive_filler__no_think,gsm8k_test_000235,no_think,repetitive_filler,,answer_segment,13,10,False,46,46,True,11.622448921203613,,ok,True,ok,10,10
exp_b,exp_b__gsm8k_test_000235__repetitive_filler__no_think,gsm8k_test_000235,no_think,repetitive_filler,,answer_segment,20,10,False,46,46,True,13.009514808654785,,ok,True,ok,10,10
exp_b,exp_b__gsm8k_test_000246__canonical__no_think,gsm8k_test_000246,no_think,canonical,,full_output,6,10,False,43,43,True,14.377676010131836,,ok,False,ok,27000,24000
exp_b,exp_b__gsm8k_test_000246__canonical__no_think,gsm8k_test_000246,no_think,canonical,,full_output,13,10,False,43,43,True,10.009841918945312,,ok,False,ok,27000,24000
exp_b,exp_b__gsm8k_test_000246__canonical__no_think,gsm8k_test_000246,no_think,canonical,,full_output,20,10,False,43,43,True,9.187192916870117,,ok,False,ok,27000,24000
exp_b,exp_b__gsm8k_test_000246__canonical__no_think,gsm8k_test_000246,no_think,canonical,,answer_segment,6,10,False,43,43,True,14.377676010131836,,ok,False,ok,27000,24000
exp_b,exp_b__gsm8k_test_000246__canonical__no_think,gsm8k_test_000246,no_think,canonical,,answer_segment,13,10,False,43,43,True,10.009841918945312,,ok,False,ok,27000,24000
exp_b,exp_b__gsm8k_test_000246__canonical__no_think,gsm8k_test_000246,no_think,canonical,,answer_segment,20,10,False,43,43,True,9.187192916870117,,ok,False,ok,27000,24000
exp_b,exp_b__gsm8k_test_000246__irrelevant_context__no_think,gsm8k_test_000246,no_think,irrelevant_context,,full_output,6,10,False,44,44,True,13.990363121032715,,ok,False,ok,27000,120
exp_b,exp_b__gsm8k_test_000246__irrelevant_context__no_think,gsm8k_test_000246,no_think,irrelevant_context,,full_output,13,10,False,44,44,True,9.012319564819336,,ok,False,ok,27000,120
exp_b,exp_b__gsm8k_test_000246__irrelevant_context__no_think,gsm8k_test_000246,no_think,irrelevant_context,,full_output,20,10,False,44,44,True,9.193349838256836,,ok,False,ok,27000,120
exp_b,exp_b__gsm8k_test_000246__irrelevant_context__no_think,gsm8k_test_000246,no_think,irrelevant_context,,answer_segment,6,10,False,44,44,True,13.990363121032715,,ok,False,ok,27000,120
exp_b,exp_b__gsm8k_test_000246__irrelevant_context__no_think,gsm8k_test_000246,no_think,irrelevant_context,,answer_segment,13,10,False,44,44,True,9.012319564819336,,ok,False,ok,27000,120
exp_b,exp_b__gsm8k_test_000246__irrelevant_context__no_think,gsm8k_test_000246,no_think,irrelevant_context,,answer_segment,20,10,False,44,44,True,9.193349838256836,,ok,False,ok,27000,120
exp_b,exp_b__gsm8k_test_000246__repetitive_filler__no_think,gsm8k_test_000246,no_think,repetitive_filler,,full_output,6,10,False,54,54,True,14.085505485534668,,ok,False,ok,27000,30000
exp_b,exp_b__gsm8k_test_000246__repetitive_filler__no_think,gsm8k_test_000246,no_think,repetitive_filler,,full_output,13,10,False,54,54,True,8.951215744018555,,ok,False,ok,27000,30000
exp_b,exp_b__gsm8k_test_000246__repetitive_filler__no_think,gsm8k_test_000246,no_think,repetitive_filler,,full_output,20,10,False,54,54,True,9.470149040222168,,ok,False,ok,27000,30000
exp_b,exp_b__gsm8k_test_000246__repetitive_filler__no_think,gsm8k_test_000246,no_think,repetitive_filler,,answer_segment,6,10,False,54,54,True,14.085505485534668,,ok,False,ok,27000,30000
exp_b,exp_b__gsm8k_test_000246__repetitive_filler__no_think,gsm8k_test_000246,no_think,repetitive_filler,,answer_segment,13,10,False,54,54,True,8.951215744018555,,ok,False,ok,27000,30000
exp_b,exp_b__gsm8k_test_000246__repetitive_filler__no_think,gsm8k_test_000246,no_think,repetitive_filler,,answer_segment,20,10,False,54,54,True,9.470149040222168,,ok,False,ok,27000,30000
exp_b,exp_b__gsm8k_test_000279__canonical__no_think,gsm8k_test_000279,no_think,canonical,,full_output,6,10,False,51,51,True,12.466500282287598,,ok,False,ok,6,12
exp_b,exp_b__gsm8k_test_000279__canonical__no_think,gsm8k_test_000279,no_think,canonical,,full_output,13,10,False,51,51,True,11.244104385375977,,ok,False,ok,6,12
exp_b,exp_b__gsm8k_test_000279__canonical__no_think,gsm8k_test_000279,no_think,canonical,,full_output,20,10,False,51,51,True,11.133549690246582,,ok,False,ok,6,12
exp_b,exp_b__gsm8k_test_000279__canonical__no_think,gsm8k_test_000279,no_think,canonical,,answer_segment,6,10,False,51,51,True,12.466500282287598,,ok,False,ok,6,12
exp_b,exp_b__gsm8k_test_000279__canonical__no_think,gsm8k_test_000279,no_think,canonical,,answer_segment,13,10,False,51,51,True,11.244104385375977,,ok,False,ok,6,12
exp_b,exp_b__gsm8k_test_000279__canonical__no_think,gsm8k_test_000279,no_think,canonical,,answer_segment,20,10,False,51,51,True,11.133549690246582,,ok,False,ok,6,12
exp_b,exp_b__gsm8k_test_000279__irrelevant_context__no_think,gsm8k_test_000279,no_think,irrelevant_context,,full_output,6,10,False,50,50,True,12.681879997253418,,ok,False,ok,6,3
exp_b,exp_b__gsm8k_test_000279__irrelevant_context__no_think,gsm8k_test_000279,no_think,irrelevant_context,,full_output,13,10,False,50,50,True,10.782183647155762,,ok,False,ok,6,3
exp_b,exp_b__gsm8k_test_000279__irrelevant_context__no_think,gsm8k_test_000279,no_think,irrelevant_context,,full_output,20,10,False,50,50,True,11.340500831604004,,ok,False,ok,6,3
exp_b,exp_b__gsm8k_test_000279__irrelevant_context__no_think,gsm8k_test_000279,no_think,irrelevant_context,,answer_segment,6,10,False,50,50,True,12.681879997253418,,ok,False,ok,6,3
exp_b,exp_b__gsm8k_test_000279__irrelevant_context__no_think,gsm8k_test_000279,no_think,irrelevant_context,,answer_segment,13,10,False,50,50,True,10.782183647155762,,ok,False,ok,6,3
exp_b,exp_b__gsm8k_test_000279__irrelevant_context__no_think,gsm8k_test_000279,no_think,irrelevant_context,,answer_segment,20,10,False,50,50,True,11.340500831604004,,ok,False,ok,6,3
exp_b,exp_b__gsm8k_test_000279__repetitive_filler__no_think,gsm8k_test_000279,no_think,repetitive_filler,,full_output,6,10,False,51,51,True,12.53269100189209,,ok,False,ok,6,12
exp_b,exp_b__gsm8k_test_000279__repetitive_filler__no_think,gsm8k_test_000279,no_think,repetitive_filler,,full_output,13,10,False,51,51,True,11.214218139648438,,ok,False,ok,6,12
exp_b,exp_b__gsm8k_test_000279__repetitive_filler__no_think,gsm8k_test_000279,no_think,repetitive_filler,,full_output,20,10,False,51,51,True,10.6259183883667,,ok,False,ok,6,12
exp_b,exp_b__gsm8k_test_000279__repetitive_filler__no_think,gsm8k_test_000279,no_think,repetitive_filler,,answer_segment,6,10,False,51,51,True,12.53269100189209,,ok,False,ok,6,12
exp_b,exp_b__gsm8k_test_000279__repetitive_filler__no_think,gsm8k_test_000279,no_think,repetitive_filler,,answer_segment,13,10,False,51,51,True,11.214218139648438,,ok,False,ok,6,12
exp_b,exp_b__gsm8k_test_000279__repetitive_filler__no_think,gsm8k_test_000279,no_think,repetitive_filler,,answer_segment,20,10,False,51,51,True,10.6259183883667,,ok,False,ok,6,12
exp_b,exp_b__gsm8k_test_000298__canonical__no_think,gsm8k_test_000298,no_think,canonical,,full_output,6,10,False,72,72,True,9.455985069274902,,ok,True,ok,500,500
exp_b,exp_b__gsm8k_test_000298__canonical__no_think,gsm8k_test_000298,no_think,canonical,,full_output,13,10,False,72,72,True,8.72824478149414,,ok,True,ok,500,500
exp_b,exp_b__gsm8k_test_000298__canonical__no_think,gsm8k_test_000298,no_think,canonical,,full_output,20,10,False,72,72,True,9.185185432434082,,ok,True,ok,500,500
exp_b,exp_b__gsm8k_test_000298__canonical__no_think,gsm8k_test_000298,no_think,canonical,,answer_segment,6,10,False,72,72,True,9.455985069274902,,ok,True,ok,500,500
exp_b,exp_b__gsm8k_test_000298__canonical__no_think,gsm8k_test_000298,no_think,canonical,,answer_segment,13,10,False,72,72,True,8.72824478149414,,ok,True,ok,500,500
exp_b,exp_b__gsm8k_test_000298__canonical__no_think,gsm8k_test_000298,no_think,canonical,,answer_segment,20,10,False,72,72,True,9.185185432434082,,ok,True,ok,500,500
exp_b,exp_b__gsm8k_test_000298__irrelevant_context__no_think,gsm8k_test_000298,no_think,irrelevant_context,,full_output,6,10,False,49,49,True,13.686430931091309,,ok,False,ok,500,350
exp_b,exp_b__gsm8k_test_000298__irrelevant_context__no_think,gsm8k_test_000298,no_think,irrelevant_context,,full_output,13,10,False,49,49,True,10.760448455810547,,ok,False,ok,500,350
exp_b,exp_b__gsm8k_test_000298__irrelevant_context__no_think,gsm8k_test_000298,no_think,irrelevant_context,,full_output,20,10,False,49,49,True,11.627738952636719,,ok,False,ok,500,350
exp_b,exp_b__gsm8k_test_000298__irrelevant_context__no_think,gsm8k_test_000298,no_think,irrelevant_context,,answer_segment,6,10,False,49,49,True,13.686430931091309,,ok,False,ok,500,350
exp_b,exp_b__gsm8k_test_000298__irrelevant_context__no_think,gsm8k_test_000298,no_think,irrelevant_context,,answer_segment,13,10,False,49,49,True,10.760448455810547,,ok,False,ok,500,350
exp_b,exp_b__gsm8k_test_000298__irrelevant_context__no_think,gsm8k_test_000298,no_think,irrelevant_context,,answer_segment,20,10,False,49,49,True,11.627738952636719,,ok,False,ok,500,350
exp_b,exp_b__gsm8k_test_000298__repetitive_filler__no_think,gsm8k_test_000298,no_think,repetitive_filler,,full_output,6,10,False,59,59,True,15.520973205566406,,ok,False,ok,500,350
exp_b,exp_b__gsm8k_test_000298__repetitive_filler__no_think,gsm8k_test_000298,no_think,repetitive_filler,,full_output,13,10,False,59,59,True,11.931962966918945,,ok,False,ok,500,350
exp_b,exp_b__gsm8k_test_000298__repetitive_filler__no_think,gsm8k_test_000298,no_think,repetitive_filler,,full_output,20,10,False,59,59,True,12.401368141174316,,ok,False,ok,500,350
exp_b,exp_b__gsm8k_test_000298__repetitive_filler__no_think,gsm8k_test_000298,no_think,repetitive_filler,,answer_segment,6,10,False,59,59,True,15.520973205566406,,ok,False,ok,500,350
exp_b,exp_b__gsm8k_test_000298__repetitive_filler__no_think,gsm8k_test_000298,no_think,repetitive_filler,,answer_segment,13,10,False,59,59,True,11.931962966918945,,ok,False,ok,500,350
exp_b,exp_b__gsm8k_test_000298__repetitive_filler__no_think,gsm8k_test_000298,no_think,repetitive_filler,,answer_segment,20,10,False,59,59,True,12.401368141174316,,ok,False,ok,500,350
exp_b,exp_b__gsm8k_test_000316__canonical__no_think,gsm8k_test_000316,no_think,canonical,,full_output,6,10,False,56,56,True,10.60994815826416,,ok,False,ok,156,76
exp_b,exp_b__gsm8k_test_000316__canonical__no_think,gsm8k_test_000316,no_think,canonical,,full_output,13,10,False,56,56,True,8.904206275939941,,ok,False,ok,156,76
exp_b,exp_b__gsm8k_test_000316__canonical__no_think,gsm8k_test_000316,no_think,canonical,,full_output,20,10,False,56,56,True,9.173975944519043,,ok,False,ok,156,76
exp_b,exp_b__gsm8k_test_000316__canonical__no_think,gsm8k_test_000316,no_think,canonical,,answer_segment,6,10,False,56,56,True,10.60994815826416,,ok,False,ok,156,76
exp_b,exp_b__gsm8k_test_000316__canonical__no_think,gsm8k_test_000316,no_think,canonical,,answer_segment,13,10,False,56,56,True,8.904206275939941,,ok,False,ok,156,76
exp_b,exp_b__gsm8k_test_000316__canonical__no_think,gsm8k_test_000316,no_think,canonical,,answer_segment,20,10,False,56,56,True,9.173975944519043,,ok,False,ok,156,76
exp_b,exp_b__gsm8k_test_000316__irrelevant_context__no_think,gsm8k_test_000316,no_think,irrelevant_context,,full_output,6,10,False,48,48,True,12.041743278503418,,ok,False,ok,156,28
exp_b,exp_b__gsm8k_test_000316__irrelevant_context__no_think,gsm8k_test_000316,no_think,irrelevant_context,,full_output,13,10,False,48,48,True,9.405926704406738,,ok,False,ok,156,28
exp_b,exp_b__gsm8k_test_000316__irrelevant_context__no_think,gsm8k_test_000316,no_think,irrelevant_context,,full_output,20,10,False,48,48,True,10.098777770996094,,ok,False,ok,156,28
exp_b,exp_b__gsm8k_test_000316__irrelevant_context__no_think,gsm8k_test_000316,no_think,irrelevant_context,,answer_segment,6,10,False,48,48,True,12.041743278503418,,ok,False,ok,156,28
exp_b,exp_b__gsm8k_test_000316__irrelevant_context__no_think,gsm8k_test_000316,no_think,irrelevant_context,,answer_segment,13,10,False,48,48,True,9.405926704406738,,ok,False,ok,156,28
exp_b,exp_b__gsm8k_test_000316__irrelevant_context__no_think,gsm8k_test_000316,no_think,irrelevant_context,,answer_segment,20,10,False,48,48,True,10.098777770996094,,ok,False,ok,156,28
exp_b,exp_b__gsm8k_test_000316__repetitive_filler__no_think,gsm8k_test_000316,no_think,repetitive_filler,,full_output,6,10,False,56,56,True,10.69129467010498,,ok,False,ok,156,76
exp_b,exp_b__gsm8k_test_000316__repetitive_filler__no_think,gsm8k_test_000316,no_think,repetitive_filler,,full_output,13,10,False,56,56,True,8.871140480041504,,ok,False,ok,156,76
exp_b,exp_b__gsm8k_test_000316__repetitive_filler__no_think,gsm8k_test_000316,no_think,repetitive_filler,,full_output,20,10,False,56,56,True,9.664448738098145,,ok,False,ok,156,76
exp_b,exp_b__gsm8k_test_000316__repetitive_filler__no_think,gsm8k_test_000316,no_think,repetitive_filler,,answer_segment,6,10,False,56,56,True,10.69129467010498,,ok,False,ok,156,76
exp_b,exp_b__gsm8k_test_000316__repetitive_filler__no_think,gsm8k_test_000316,no_think,repetitive_filler,,answer_segment,13,10,False,56,56,True,8.871140480041504,,ok,False,ok,156,76
exp_b,exp_b__gsm8k_test_000316__repetitive_filler__no_think,gsm8k_test_000316,no_think,repetitive_filler,,answer_segment,20,10,False,56,56,True,9.664448738098145,,ok,False,ok,156,76
exp_b,exp_b__gsm8k_test_000321__canonical__no_think,gsm8k_test_000321,no_think,canonical,,full_output,6,10,False,50,50,True,15.456744194030762,,ok,True,ok,1,1
exp_b,exp_b__gsm8k_test_000321__canonical__no_think,gsm8k_test_000321,no_think,canonical,,full_output,13,10,False,50,50,True,13.132857322692871,,ok,True,ok,1,1
exp_b,exp_b__gsm8k_test_000321__canonical__no_think,gsm8k_test_000321,no_think,canonical,,full_output,20,10,False,50,50,True,13.923614501953125,,ok,True,ok,1,1
exp_b,exp_b__gsm8k_test_000321__canonical__no_think,gsm8k_test_000321,no_think,canonical,,answer_segment,6,10,False,50,50,True,15.456744194030762,,ok,True,ok,1,1
exp_b,exp_b__gsm8k_test_000321__canonical__no_think,gsm8k_test_000321,no_think,canonical,,answer_segment,13,10,False,50,50,True,13.132857322692871,,ok,True,ok,1,1
exp_b,exp_b__gsm8k_test_000321__canonical__no_think,gsm8k_test_000321,no_think,canonical,,answer_segment,20,10,False,50,50,True,13.923614501953125,,ok,True,ok,1,1
exp_b,exp_b__gsm8k_test_000321__irrelevant_context__no_think,gsm8k_test_000321,no_think,irrelevant_context,,full_output,6,10,False,44,44,True,15.539584159851074,,ok,False,ok,1,1.5
exp_b,exp_b__gsm8k_test_000321__irrelevant_context__no_think,gsm8k_test_000321,no_think,irrelevant_context,,full_output,13,10,False,44,44,True,11.566829681396484,,ok,False,ok,1,1.5
exp_b,exp_b__gsm8k_test_000321__irrelevant_context__no_think,gsm8k_test_000321,no_think,irrelevant_context,,full_output,20,10,False,44,44,True,13.999428749084473,,ok,False,ok,1,1.5
exp_b,exp_b__gsm8k_test_000321__irrelevant_context__no_think,gsm8k_test_000321,no_think,irrelevant_context,,answer_segment,6,10,False,44,44,True,15.539584159851074,,ok,False,ok,1,1.5
exp_b,exp_b__gsm8k_test_000321__irrelevant_context__no_think,gsm8k_test_000321,no_think,irrelevant_context,,answer_segment,13,10,False,44,44,True,11.566829681396484,,ok,False,ok,1,1.5
exp_b,exp_b__gsm8k_test_000321__irrelevant_context__no_think,gsm8k_test_000321,no_think,irrelevant_context,,answer_segment,20,10,False,44,44,True,13.999428749084473,,ok,False,ok,1,1.5
exp_b,exp_b__gsm8k_test_000321__repetitive_filler__no_think,gsm8k_test_000321,no_think,repetitive_filler,,full_output,6,10,False,44,44,True,16.141035079956055,,ok,False,ok,1,1.5
exp_b,exp_b__gsm8k_test_000321__repetitive_filler__no_think,gsm8k_test_000321,no_think,repetitive_filler,,full_output,13,10,False,44,44,True,11.127403259277344,,ok,False,ok,1,1.5
exp_b,exp_b__gsm8k_test_000321__repetitive_filler__no_think,gsm8k_test_000321,no_think,repetitive_filler,,full_output,20,10,False,44,44,True,13.812514305114746,,ok,False,ok,1,1.5
exp_b,exp_b__gsm8k_test_000321__repetitive_filler__no_think,gsm8k_test_000321,no_think,repetitive_filler,,answer_segment,6,10,False,44,44,True,16.141035079956055,,ok,False,ok,1,1.5
exp_b,exp_b__gsm8k_test_000321__repetitive_filler__no_think,gsm8k_test_000321,no_think,repetitive_filler,,answer_segment,13,10,False,44,44,True,11.127403259277344,,ok,False,ok,1,1.5
exp_b,exp_b__gsm8k_test_000321__repetitive_filler__no_think,gsm8k_test_000321,no_think,repetitive_filler,,answer_segment,20,10,False,44,44,True,13.812514305114746,,ok,False,ok,1,1.5
exp_b,exp_b__gsm8k_test_000326__canonical__no_think,gsm8k_test_000326,no_think,canonical,,full_output,6,10,False,44,44,True,18.090118408203125,,ok,False,ok,14,10
exp_b,exp_b__gsm8k_test_000326__canonical__no_think,gsm8k_test_000326,no_think,canonical,,full_output,13,10,False,44,44,True,12.147933959960938,,ok,False,ok,14,10
exp_b,exp_b__gsm8k_test_000326__canonical__no_think,gsm8k_test_000326,no_think,canonical,,full_output,20,10,False,44,44,True,11.665238380432129,,ok,False,ok,14,10
exp_b,exp_b__gsm8k_test_000326__canonical__no_think,gsm8k_test_000326,no_think,canonical,,answer_segment,6,10,False,44,44,True,18.090118408203125,,ok,False,ok,14,10
exp_b,exp_b__gsm8k_test_000326__canonical__no_think,gsm8k_test_000326,no_think,canonical,,answer_segment,13,10,False,44,44,True,12.147933959960938,,ok,False,ok,14,10
exp_b,exp_b__gsm8k_test_000326__canonical__no_think,gsm8k_test_000326,no_think,canonical,,answer_segment,20,10,False,44,44,True,11.665238380432129,,ok,False,ok,14,10
exp_b,exp_b__gsm8k_test_000326__irrelevant_context__no_think,gsm8k_test_000326,no_think,irrelevant_context,,full_output,6,10,False,64,64,True,12.678932189941406,,ok,True,ok,14,14
exp_b,exp_b__gsm8k_test_000326__irrelevant_context__no_think,gsm8k_test_000326,no_think,irrelevant_context,,full_output,13,10,False,64,64,True,11.60184097290039,,ok,True,ok,14,14
exp_b,exp_b__gsm8k_test_000326__irrelevant_context__no_think,gsm8k_test_000326,no_think,irrelevant_context,,full_output,20,10,False,64,64,True,10.73062515258789,,ok,True,ok,14,14
exp_b,exp_b__gsm8k_test_000326__irrelevant_context__no_think,gsm8k_test_000326,no_think,irrelevant_context,,answer_segment,6,10,False,64,64,True,12.678932189941406,,ok,True,ok,14,14
exp_b,exp_b__gsm8k_test_000326__irrelevant_context__no_think,gsm8k_test_000326,no_think,irrelevant_context,,answer_segment,13,10,False,64,64,True,11.60184097290039,,ok,True,ok,14,14
exp_b,exp_b__gsm8k_test_000326__irrelevant_context__no_think,gsm8k_test_000326,no_think,irrelevant_context,,answer_segment,20,10,False,64,64,True,10.73062515258789,,ok,True,ok,14,14
exp_b,exp_b__gsm8k_test_000326__repetitive_filler__no_think,gsm8k_test_000326,no_think,repetitive_filler,,full_output,6,10,False,57,57,True,12.591708183288574,,ok,False,ok,14,10
exp_b,exp_b__gsm8k_test_000326__repetitive_filler__no_think,gsm8k_test_000326,no_think,repetitive_filler,,full_output,13,10,False,57,57,True,10.900772094726562,,ok,False,ok,14,10
exp_b,exp_b__gsm8k_test_000326__repetitive_filler__no_think,gsm8k_test_000326,no_think,repetitive_filler,,full_output,20,10,False,57,57,True,10.728039741516113,,ok,False,ok,14,10
exp_b,exp_b__gsm8k_test_000326__repetitive_filler__no_think,gsm8k_test_000326,no_think,repetitive_filler,,answer_segment,6,10,False,57,57,True,12.591708183288574,,ok,False,ok,14,10
exp_b,exp_b__gsm8k_test_000326__repetitive_filler__no_think,gsm8k_test_000326,no_think,repetitive_filler,,answer_segment,13,10,False,57,57,True,10.900772094726562,,ok,False,ok,14,10
exp_b,exp_b__gsm8k_test_000326__repetitive_filler__no_think,gsm8k_test_000326,no_think,repetitive_filler,,answer_segment,20,10,False,57,57,True,10.728039741516113,,ok,False,ok,14,10
exp_b,exp_b__gsm8k_test_000366__canonical__no_think,gsm8k_test_000366,no_think,canonical,,full_output,6,10,False,52,52,True,15.237869262695312,,ok,True,ok,9,9
exp_b,exp_b__gsm8k_test_000366__canonical__no_think,gsm8k_test_000366,no_think,canonical,,full_output,13,10,False,52,52,True,11.733916282653809,,ok,True,ok,9,9
exp_b,exp_b__gsm8k_test_000366__canonical__no_think,gsm8k_test_000366,no_think,canonical,,full_output,20,10,False,52,52,True,12.902050018310547,,ok,True,ok,9,9
exp_b,exp_b__gsm8k_test_000366__canonical__no_think,gsm8k_test_000366,no_think,canonical,,answer_segment,6,10,False,52,52,True,15.237869262695312,,ok,True,ok,9,9
exp_b,exp_b__gsm8k_test_000366__canonical__no_think,gsm8k_test_000366,no_think,canonical,,answer_segment,13,10,False,52,52,True,11.733916282653809,,ok,True,ok,9,9
exp_b,exp_b__gsm8k_test_000366__canonical__no_think,gsm8k_test_000366,no_think,canonical,,answer_segment,20,10,False,52,52,True,12.902050018310547,,ok,True,ok,9,9
exp_b,exp_b__gsm8k_test_000366__irrelevant_context__no_think,gsm8k_test_000366,no_think,irrelevant_context,,full_output,6,10,False,42,42,True,18.523874282836914,,ok,False,ok,9,10
exp_b,exp_b__gsm8k_test_000366__irrelevant_context__no_think,gsm8k_test_000366,no_think,irrelevant_context,,full_output,13,10,False,42,42,True,12.926297187805176,,ok,False,ok,9,10
exp_b,exp_b__gsm8k_test_000366__irrelevant_context__no_think,gsm8k_test_000366,no_think,irrelevant_context,,full_output,20,10,False,42,42,True,13.753812789916992,,ok,False,ok,9,10
exp_b,exp_b__gsm8k_test_000366__irrelevant_context__no_think,gsm8k_test_000366,no_think,irrelevant_context,,answer_segment,6,10,False,42,42,True,18.523874282836914,,ok,False,ok,9,10
exp_b,exp_b__gsm8k_test_000366__irrelevant_context__no_think,gsm8k_test_000366,no_think,irrelevant_context,,answer_segment,13,10,False,42,42,True,12.926297187805176,,ok,False,ok,9,10
exp_b,exp_b__gsm8k_test_000366__irrelevant_context__no_think,gsm8k_test_000366,no_think,irrelevant_context,,answer_segment,20,10,False,42,42,True,13.753812789916992,,ok,False,ok,9,10
exp_b,exp_b__gsm8k_test_000366__repetitive_filler__no_think,gsm8k_test_000366,no_think,repetitive_filler,,full_output,6,10,False,40,40,True,19.521774291992188,,ok,False,ok,9,10
exp_b,exp_b__gsm8k_test_000366__repetitive_filler__no_think,gsm8k_test_000366,no_think,repetitive_filler,,full_output,13,10,False,40,40,True,12.543256759643555,,ok,False,ok,9,10
exp_b,exp_b__gsm8k_test_000366__repetitive_filler__no_think,gsm8k_test_000366,no_think,repetitive_filler,,full_output,20,10,False,40,40,True,13.76025676727295,,ok,False,ok,9,10
exp_b,exp_b__gsm8k_test_000366__repetitive_filler__no_think,gsm8k_test_000366,no_think,repetitive_filler,,answer_segment,6,10,False,40,40,True,19.521774291992188,,ok,False,ok,9,10
exp_b,exp_b__gsm8k_test_000366__repetitive_filler__no_think,gsm8k_test_000366,no_think,repetitive_filler,,answer_segment,13,10,False,40,40,True,12.543256759643555,,ok,False,ok,9,10
exp_b,exp_b__gsm8k_test_000366__repetitive_filler__no_think,gsm8k_test_000366,no_think,repetitive_filler,,answer_segment,20,10,False,40,40,True,13.76025676727295,,ok,False,ok,9,10
exp_b,exp_b__gsm8k_test_000392__canonical__no_think,gsm8k_test_000392,no_think,canonical,,full_output,6,10,False,39,39,True,15.357659339904785,,ok,False,ok,34,12
exp_b,exp_b__gsm8k_test_000392__canonical__no_think,gsm8k_test_000392,no_think,canonical,,full_output,13,10,False,39,39,True,11.972698211669922,,ok,False,ok,34,12
exp_b,exp_b__gsm8k_test_000392__canonical__no_think,gsm8k_test_000392,no_think,canonical,,full_output,20,10,False,39,39,True,12.852375030517578,,ok,False,ok,34,12
exp_b,exp_b__gsm8k_test_000392__canonical__no_think,gsm8k_test_000392,no_think,canonical,,answer_segment,6,10,False,39,39,True,15.357659339904785,,ok,False,ok,34,12
exp_b,exp_b__gsm8k_test_000392__canonical__no_think,gsm8k_test_000392,no_think,canonical,,answer_segment,13,10,False,39,39,True,11.972698211669922,,ok,False,ok,34,12
exp_b,exp_b__gsm8k_test_000392__canonical__no_think,gsm8k_test_000392,no_think,canonical,,answer_segment,20,10,False,39,39,True,12.852375030517578,,ok,False,ok,34,12
exp_b,exp_b__gsm8k_test_000392__irrelevant_context__no_think,gsm8k_test_000392,no_think,irrelevant_context,,full_output,6,10,False,57,57,True,17.39778709411621,,ok,False,ok,34,20
exp_b,exp_b__gsm8k_test_000392__irrelevant_context__no_think,gsm8k_test_000392,no_think,irrelevant_context,,full_output,13,10,False,57,57,True,10.030289649963379,,ok,False,ok,34,20
exp_b,exp_b__gsm8k_test_000392__irrelevant_context__no_think,gsm8k_test_000392,no_think,irrelevant_context,,full_output,20,10,False,57,57,True,10.496939659118652,,ok,False,ok,34,20
exp_b,exp_b__gsm8k_test_000392__irrelevant_context__no_think,gsm8k_test_000392,no_think,irrelevant_context,,answer_segment,6,10,False,57,57,True,17.39778709411621,,ok,False,ok,34,20
exp_b,exp_b__gsm8k_test_000392__irrelevant_context__no_think,gsm8k_test_000392,no_think,irrelevant_context,,answer_segment,13,10,False,57,57,True,10.030289649963379,,ok,False,ok,34,20
exp_b,exp_b__gsm8k_test_000392__irrelevant_context__no_think,gsm8k_test_000392,no_think,irrelevant_context,,answer_segment,20,10,False,57,57,True,10.496939659118652,,ok,False,ok,34,20
exp_b,exp_b__gsm8k_test_000392__repetitive_filler__no_think,gsm8k_test_000392,no_think,repetitive_filler,,full_output,6,10,False,40,40,True,16.94754981994629,,ok,False,ok,34,12
exp_b,exp_b__gsm8k_test_000392__repetitive_filler__no_think,gsm8k_test_000392,no_think,repetitive_filler,,full_output,13,10,False,40,40,True,11.633584976196289,,ok,False,ok,34,12
exp_b,exp_b__gsm8k_test_000392__repetitive_filler__no_think,gsm8k_test_000392,no_think,repetitive_filler,,full_output,20,10,False,40,40,True,12.11329460144043,,ok,False,ok,34,12
exp_b,exp_b__gsm8k_test_000392__repetitive_filler__no_think,gsm8k_test_000392,no_think,repetitive_filler,,answer_segment,6,10,False,40,40,True,16.94754981994629,,ok,False,ok,34,12
exp_b,exp_b__gsm8k_test_000392__repetitive_filler__no_think,gsm8k_test_000392,no_think,repetitive_filler,,answer_segment,13,10,False,40,40,True,11.633584976196289,,ok,False,ok,34,12
exp_b,exp_b__gsm8k_test_000392__repetitive_filler__no_think,gsm8k_test_000392,no_think,repetitive_filler,,answer_segment,20,10,False,40,40,True,12.11329460144043,,ok,False,ok,34,12
exp_b,exp_b__gsm8k_test_000393__canonical__no_think,gsm8k_test_000393,no_think,canonical,,full_output,6,10,False,44,44,True,15.353177070617676,,ok,False,ok,20,10
exp_b,exp_b__gsm8k_test_000393__canonical__no_think,gsm8k_test_000393,no_think,canonical,,full_output,13,10,False,44,44,True,10.587715148925781,,ok,False,ok,20,10
exp_b,exp_b__gsm8k_test_000393__canonical__no_think,gsm8k_test_000393,no_think,canonical,,full_output,20,10,False,44,44,True,11.186158180236816,,ok,False,ok,20,10
exp_b,exp_b__gsm8k_test_000393__canonical__no_think,gsm8k_test_000393,no_think,canonical,,answer_segment,6,10,False,44,44,True,15.353177070617676,,ok,False,ok,20,10
exp_b,exp_b__gsm8k_test_000393__canonical__no_think,gsm8k_test_000393,no_think,canonical,,answer_segment,13,10,False,44,44,True,10.587715148925781,,ok,False,ok,20,10
exp_b,exp_b__gsm8k_test_000393__canonical__no_think,gsm8k_test_000393,no_think,canonical,,answer_segment,20,10,False,44,44,True,11.186158180236816,,ok,False,ok,20,10
exp_b,exp_b__gsm8k_test_000393__irrelevant_context__no_think,gsm8k_test_000393,no_think,irrelevant_context,,full_output,6,10,False,42,42,True,14.949625968933105,,ok,False,ok,20,10
exp_b,exp_b__gsm8k_test_000393__irrelevant_context__no_think,gsm8k_test_000393,no_think,irrelevant_context,,full_output,13,10,False,42,42,True,10.800729751586914,,ok,False,ok,20,10
exp_b,exp_b__gsm8k_test_000393__irrelevant_context__no_think,gsm8k_test_000393,no_think,irrelevant_context,,full_output,20,10,False,42,42,True,11.482659339904785,,ok,False,ok,20,10
exp_b,exp_b__gsm8k_test_000393__irrelevant_context__no_think,gsm8k_test_000393,no_think,irrelevant_context,,answer_segment,6,10,False,42,42,True,14.949625968933105,,ok,False,ok,20,10
exp_b,exp_b__gsm8k_test_000393__irrelevant_context__no_think,gsm8k_test_000393,no_think,irrelevant_context,,answer_segment,13,10,False,42,42,True,10.800729751586914,,ok,False,ok,20,10
exp_b,exp_b__gsm8k_test_000393__irrelevant_context__no_think,gsm8k_test_000393,no_think,irrelevant_context,,answer_segment,20,10,False,42,42,True,11.482659339904785,,ok,False,ok,20,10
exp_b,exp_b__gsm8k_test_000393__repetitive_filler__no_think,gsm8k_test_000393,no_think,repetitive_filler,,full_output,6,10,False,52,52,True,14.252214431762695,,ok,False,ok,20,1
exp_b,exp_b__gsm8k_test_000393__repetitive_filler__no_think,gsm8k_test_000393,no_think,repetitive_filler,,full_output,13,10,False,52,52,True,11.022700309753418,,ok,False,ok,20,1
exp_b,exp_b__gsm8k_test_000393__repetitive_filler__no_think,gsm8k_test_000393,no_think,repetitive_filler,,full_output,20,10,False,52,52,True,11.758599281311035,,ok,False,ok,20,1
exp_b,exp_b__gsm8k_test_000393__repetitive_filler__no_think,gsm8k_test_000393,no_think,repetitive_filler,,answer_segment,6,10,False,52,52,True,14.252214431762695,,ok,False,ok,20,1
exp_b,exp_b__gsm8k_test_000393__repetitive_filler__no_think,gsm8k_test_000393,no_think,repetitive_filler,,answer_segment,13,10,False,52,52,True,11.022700309753418,,ok,False,ok,20,1
exp_b,exp_b__gsm8k_test_000393__repetitive_filler__no_think,gsm8k_test_000393,no_think,repetitive_filler,,answer_segment,20,10,False,52,52,True,11.758599281311035,,ok,False,ok,20,1
exp_b,exp_b__gsm8k_test_000431__canonical__no_think,gsm8k_test_000431,no_think,canonical,,full_output,6,10,False,48,48,True,14.603999137878418,,ok,False,ok,1,11
exp_b,exp_b__gsm8k_test_000431__canonical__no_think,gsm8k_test_000431,no_think,canonical,,full_output,13,10,False,48,48,True,11.65173053741455,,ok,False,ok,1,11
exp_b,exp_b__gsm8k_test_000431__canonical__no_think,gsm8k_test_000431,no_think,canonical,,full_output,20,10,False,48,48,True,12.155362129211426,,ok,False,ok,1,11
exp_b,exp_b__gsm8k_test_000431__canonical__no_think,gsm8k_test_000431,no_think,canonical,,answer_segment,6,10,False,48,48,True,14.603999137878418,,ok,False,ok,1,11
exp_b,exp_b__gsm8k_test_000431__canonical__no_think,gsm8k_test_000431,no_think,canonical,,answer_segment,13,10,False,48,48,True,11.65173053741455,,ok,False,ok,1,11
exp_b,exp_b__gsm8k_test_000431__canonical__no_think,gsm8k_test_000431,no_think,canonical,,answer_segment,20,10,False,48,48,True,12.155362129211426,,ok,False,ok,1,11
exp_b,exp_b__gsm8k_test_000431__irrelevant_context__no_think,gsm8k_test_000431,no_think,irrelevant_context,,full_output,6,10,False,60,60,True,13.779016494750977,,ok,False,ok,1,19
exp_b,exp_b__gsm8k_test_000431__irrelevant_context__no_think,gsm8k_test_000431,no_think,irrelevant_context,,full_output,13,10,False,60,60,True,9.811233520507812,,ok,False,ok,1,19
exp_b,exp_b__gsm8k_test_000431__irrelevant_context__no_think,gsm8k_test_000431,no_think,irrelevant_context,,full_output,20,10,False,60,60,True,10.482304573059082,,ok,False,ok,1,19
exp_b,exp_b__gsm8k_test_000431__irrelevant_context__no_think,gsm8k_test_000431,no_think,irrelevant_context,,answer_segment,6,10,False,60,60,True,13.779016494750977,,ok,False,ok,1,19
exp_b,exp_b__gsm8k_test_000431__irrelevant_context__no_think,gsm8k_test_000431,no_think,irrelevant_context,,answer_segment,13,10,False,60,60,True,9.811233520507812,,ok,False,ok,1,19
exp_b,exp_b__gsm8k_test_000431__irrelevant_context__no_think,gsm8k_test_000431,no_think,irrelevant_context,,answer_segment,20,10,False,60,60,True,10.482304573059082,,ok,False,ok,1,19
exp_b,exp_b__gsm8k_test_000431__repetitive_filler__no_think,gsm8k_test_000431,no_think,repetitive_filler,,full_output,6,10,False,46,46,True,15.39754581451416,,ok,False,ok,1,19
exp_b,exp_b__gsm8k_test_000431__repetitive_filler__no_think,gsm8k_test_000431,no_think,repetitive_filler,,full_output,13,10,False,46,46,True,10.42374038696289,,ok,False,ok,1,19
exp_b,exp_b__gsm8k_test_000431__repetitive_filler__no_think,gsm8k_test_000431,no_think,repetitive_filler,,full_output,20,10,False,46,46,True,12.182561874389648,,ok,False,ok,1,19
exp_b,exp_b__gsm8k_test_000431__repetitive_filler__no_think,gsm8k_test_000431,no_think,repetitive_filler,,answer_segment,6,10,False,46,46,True,15.39754581451416,,ok,False,ok,1,19
exp_b,exp_b__gsm8k_test_000431__repetitive_filler__no_think,gsm8k_test_000431,no_think,repetitive_filler,,answer_segment,13,10,False,46,46,True,10.42374038696289,,ok,False,ok,1,19
exp_b,exp_b__gsm8k_test_000431__repetitive_filler__no_think,gsm8k_test_000431,no_think,repetitive_filler,,answer_segment,20,10,False,46,46,True,12.182561874389648,,ok,False,ok,1,19
exp_b,exp_b__gsm8k_test_000462__canonical__no_think,gsm8k_test_000462,no_think,canonical,,full_output,6,10,False,52,52,True,13.787775039672852,,ok,True,ok,71,71
exp_b,exp_b__gsm8k_test_000462__canonical__no_think,gsm8k_test_000462,no_think,canonical,,full_output,13,10,False,52,52,True,12.281641960144043,,ok,True,ok,71,71
exp_b,exp_b__gsm8k_test_000462__canonical__no_think,gsm8k_test_000462,no_think,canonical,,full_output,20,10,False,52,52,True,12.427170753479004,,ok,True,ok,71,71
exp_b,exp_b__gsm8k_test_000462__canonical__no_think,gsm8k_test_000462,no_think,canonical,,answer_segment,6,10,False,52,52,True,13.787775039672852,,ok,True,ok,71,71
exp_b,exp_b__gsm8k_test_000462__canonical__no_think,gsm8k_test_000462,no_think,canonical,,answer_segment,13,10,False,52,52,True,12.281641960144043,,ok,True,ok,71,71
exp_b,exp_b__gsm8k_test_000462__canonical__no_think,gsm8k_test_000462,no_think,canonical,,answer_segment,20,10,False,52,52,True,12.427170753479004,,ok,True,ok,71,71
exp_b,exp_b__gsm8k_test_000462__irrelevant_context__no_think,gsm8k_test_000462,no_think,irrelevant_context,,full_output,6,10,False,43,43,True,14.040661811828613,,ok,False,ok,71,61
exp_b,exp_b__gsm8k_test_000462__irrelevant_context__no_think,gsm8k_test_000462,no_think,irrelevant_context,,full_output,13,10,False,43,43,True,12.268536567687988,,ok,False,ok,71,61
exp_b,exp_b__gsm8k_test_000462__irrelevant_context__no_think,gsm8k_test_000462,no_think,irrelevant_context,,full_output,20,10,False,43,43,True,12.919988632202148,,ok,False,ok,71,61
exp_b,exp_b__gsm8k_test_000462__irrelevant_context__no_think,gsm8k_test_000462,no_think,irrelevant_context,,answer_segment,6,10,False,43,43,True,14.040661811828613,,ok,False,ok,71,61
exp_b,exp_b__gsm8k_test_000462__irrelevant_context__no_think,gsm8k_test_000462,no_think,irrelevant_context,,answer_segment,13,10,False,43,43,True,12.268536567687988,,ok,False,ok,71,61
exp_b,exp_b__gsm8k_test_000462__irrelevant_context__no_think,gsm8k_test_000462,no_think,irrelevant_context,,answer_segment,20,10,False,43,43,True,12.919988632202148,,ok,False,ok,71,61
exp_b,exp_b__gsm8k_test_000462__repetitive_filler__no_think,gsm8k_test_000462,no_think,repetitive_filler,,full_output,6,10,False,38,38,True,19.23253631591797,,ok,False,ok,71,61
exp_b,exp_b__gsm8k_test_000462__repetitive_filler__no_think,gsm8k_test_000462,no_think,repetitive_filler,,full_output,13,10,False,38,38,True,12.965381622314453,,ok,False,ok,71,61
exp_b,exp_b__gsm8k_test_000462__repetitive_filler__no_think,gsm8k_test_000462,no_think,repetitive_filler,,full_output,20,10,False,38,38,True,13.911229133605957,,ok,False,ok,71,61
exp_b,exp_b__gsm8k_test_000462__repetitive_filler__no_think,gsm8k_test_000462,no_think,repetitive_filler,,answer_segment,6,10,False,38,38,True,19.23253631591797,,ok,False,ok,71,61
exp_b,exp_b__gsm8k_test_000462__repetitive_filler__no_think,gsm8k_test_000462,no_think,repetitive_filler,,answer_segment,13,10,False,38,38,True,12.965381622314453,,ok,False,ok,71,61
exp_b,exp_b__gsm8k_test_000462__repetitive_filler__no_think,gsm8k_test_000462,no_think,repetitive_filler,,answer_segment,20,10,False,38,38,True,13.911229133605957,,ok,False,ok,71,61
exp_b,exp_b__gsm8k_test_000464__canonical__no_think,gsm8k_test_000464,no_think,canonical,,full_output,6,10,False,64,64,True,14.094361305236816,,ok,False,ok,6,0
exp_b,exp_b__gsm8k_test_000464__canonical__no_think,gsm8k_test_000464,no_think,canonical,,full_output,13,10,False,64,64,True,11.07182502746582,,ok,False,ok,6,0
exp_b,exp_b__gsm8k_test_000464__canonical__no_think,gsm8k_test_000464,no_think,canonical,,full_output,20,10,False,64,64,True,10.197917938232422,,ok,False,ok,6,0
exp_b,exp_b__gsm8k_test_000464__canonical__no_think,gsm8k_test_000464,no_think,canonical,,answer_segment,6,10,False,64,64,True,14.094361305236816,,ok,False,ok,6,0
exp_b,exp_b__gsm8k_test_000464__canonical__no_think,gsm8k_test_000464,no_think,canonical,,answer_segment,13,10,False,64,64,True,11.07182502746582,,ok,False,ok,6,0
exp_b,exp_b__gsm8k_test_000464__canonical__no_think,gsm8k_test_000464,no_think,canonical,,answer_segment,20,10,False,64,64,True,10.197917938232422,,ok,False,ok,6,0
exp_b,exp_b__gsm8k_test_000464__irrelevant_context__no_think,gsm8k_test_000464,no_think,irrelevant_context,,full_output,6,10,False,62,62,True,14.60643196105957,,ok,False,ok,6,0
exp_b,exp_b__gsm8k_test_000464__irrelevant_context__no_think,gsm8k_test_000464,no_think,irrelevant_context,,full_output,13,10,False,62,62,True,10.9171781539917,,ok,False,ok,6,0
exp_b,exp_b__gsm8k_test_000464__irrelevant_context__no_think,gsm8k_test_000464,no_think,irrelevant_context,,full_output,20,10,False,62,62,True,10.675409317016602,,ok,False,ok,6,0
exp_b,exp_b__gsm8k_test_000464__irrelevant_context__no_think,gsm8k_test_000464,no_think,irrelevant_context,,answer_segment,6,10,False,62,62,True,14.60643196105957,,ok,False,ok,6,0
exp_b,exp_b__gsm8k_test_000464__irrelevant_context__no_think,gsm8k_test_000464,no_think,irrelevant_context,,answer_segment,13,10,False,62,62,True,10.9171781539917,,ok,False,ok,6,0
exp_b,exp_b__gsm8k_test_000464__irrelevant_context__no_think,gsm8k_test_000464,no_think,irrelevant_context,,answer_segment,20,10,False,62,62,True,10.675409317016602,,ok,False,ok,6,0
exp_b,exp_b__gsm8k_test_000464__repetitive_filler__no_think,gsm8k_test_000464,no_think,repetitive_filler,,full_output,6,10,False,68,68,True,13.714872360229492,,ok,False,ok,6,1
exp_b,exp_b__gsm8k_test_000464__repetitive_filler__no_think,gsm8k_test_000464,no_think,repetitive_filler,,full_output,13,10,False,68,68,True,10.848136901855469,,ok,False,ok,6,1
exp_b,exp_b__gsm8k_test_000464__repetitive_filler__no_think,gsm8k_test_000464,no_think,repetitive_filler,,full_output,20,10,False,68,68,True,10.20118522644043,,ok,False,ok,6,1
exp_b,exp_b__gsm8k_test_000464__repetitive_filler__no_think,gsm8k_test_000464,no_think,repetitive_filler,,answer_segment,6,10,False,68,68,True,13.714872360229492,,ok,False,ok,6,1
exp_b,exp_b__gsm8k_test_000464__repetitive_filler__no_think,gsm8k_test_000464,no_think,repetitive_filler,,answer_segment,13,10,False,68,68,True,10.848136901855469,,ok,False,ok,6,1
exp_b,exp_b__gsm8k_test_000464__repetitive_filler__no_think,gsm8k_test_000464,no_think,repetitive_filler,,answer_segment,20,10,False,68,68,True,10.20118522644043,,ok,False,ok,6,1
exp_b,exp_b__gsm8k_test_000486__canonical__no_think,gsm8k_test_000486,no_think,canonical,,full_output,6,10,False,33,33,True,18.456645965576172,,ok,False,ok,6,60
exp_b,exp_b__gsm8k_test_000486__canonical__no_think,gsm8k_test_000486,no_think,canonical,,full_output,13,10,False,33,33,True,11.428709983825684,,ok,False,ok,6,60
exp_b,exp_b__gsm8k_test_000486__canonical__no_think,gsm8k_test_000486,no_think,canonical,,full_output,20,10,False,33,33,True,12.63273811340332,,ok,False,ok,6,60
exp_b,exp_b__gsm8k_test_000486__canonical__no_think,gsm8k_test_000486,no_think,canonical,,answer_segment,6,10,False,33,33,True,18.456645965576172,,ok,False,ok,6,60
exp_b,exp_b__gsm8k_test_000486__canonical__no_think,gsm8k_test_000486,no_think,canonical,,answer_segment,13,10,False,33,33,True,11.428709983825684,,ok,False,ok,6,60
exp_b,exp_b__gsm8k_test_000486__canonical__no_think,gsm8k_test_000486,no_think,canonical,,answer_segment,20,10,False,33,33,True,12.63273811340332,,ok,False,ok,6,60
exp_b,exp_b__gsm8k_test_000486__irrelevant_context__no_think,gsm8k_test_000486,no_think,irrelevant_context,,full_output,6,10,False,47,47,True,13.303455352783203,,ok,True,ok,6,6
exp_b,exp_b__gsm8k_test_000486__irrelevant_context__no_think,gsm8k_test_000486,no_think,irrelevant_context,,full_output,13,10,False,47,47,True,10.855730056762695,,ok,True,ok,6,6
exp_b,exp_b__gsm8k_test_000486__irrelevant_context__no_think,gsm8k_test_000486,no_think,irrelevant_context,,full_output,20,10,False,47,47,True,12.288086891174316,,ok,True,ok,6,6
exp_b,exp_b__gsm8k_test_000486__irrelevant_context__no_think,gsm8k_test_000486,no_think,irrelevant_context,,answer_segment,6,10,False,47,47,True,13.303455352783203,,ok,True,ok,6,6
exp_b,exp_b__gsm8k_test_000486__irrelevant_context__no_think,gsm8k_test_000486,no_think,irrelevant_context,,answer_segment,13,10,False,47,47,True,10.855730056762695,,ok,True,ok,6,6
exp_b,exp_b__gsm8k_test_000486__irrelevant_context__no_think,gsm8k_test_000486,no_think,irrelevant_context,,answer_segment,20,10,False,47,47,True,12.288086891174316,,ok,True,ok,6,6
exp_b,exp_b__gsm8k_test_000486__repetitive_filler__no_think,gsm8k_test_000486,no_think,repetitive_filler,,full_output,6,10,False,42,42,True,20.07805824279785,,ok,True,ok,6,6
exp_b,exp_b__gsm8k_test_000486__repetitive_filler__no_think,gsm8k_test_000486,no_think,repetitive_filler,,full_output,13,10,False,42,42,True,11.82295036315918,,ok,True,ok,6,6
exp_b,exp_b__gsm8k_test_000486__repetitive_filler__no_think,gsm8k_test_000486,no_think,repetitive_filler,,full_output,20,10,False,42,42,True,12.201555252075195,,ok,True,ok,6,6
exp_b,exp_b__gsm8k_test_000486__repetitive_filler__no_think,gsm8k_test_000486,no_think,repetitive_filler,,answer_segment,6,10,False,42,42,True,20.07805824279785,,ok,True,ok,6,6
exp_b,exp_b__gsm8k_test_000486__repetitive_filler__no_think,gsm8k_test_000486,no_think,repetitive_filler,,answer_segment,13,10,False,42,42,True,11.82295036315918,,ok,True,ok,6,6
exp_b,exp_b__gsm8k_test_000486__repetitive_filler__no_think,gsm8k_test_000486,no_think,repetitive_filler,,answer_segment,20,10,False,42,42,True,12.201555252075195,,ok,True,ok,6,6
exp_b,exp_b__gsm8k_test_000513__canonical__no_think,gsm8k_test_000513,no_think,canonical,,full_output,6,10,False,65,65,True,12.693916320800781,,ok,False,ok,300,400
exp_b,exp_b__gsm8k_test_000513__canonical__no_think,gsm8k_test_000513,no_think,canonical,,full_output,13,10,False,65,65,True,10.866018295288086,,ok,False,ok,300,400
exp_b,exp_b__gsm8k_test_000513__canonical__no_think,gsm8k_test_000513,no_think,canonical,,full_output,20,10,False,65,65,True,11.136523246765137,,ok,False,ok,300,400
exp_b,exp_b__gsm8k_test_000513__canonical__no_think,gsm8k_test_000513,no_think,canonical,,answer_segment,6,10,False,65,65,True,12.693916320800781,,ok,False,ok,300,400
exp_b,exp_b__gsm8k_test_000513__canonical__no_think,gsm8k_test_000513,no_think,canonical,,answer_segment,13,10,False,65,65,True,10.866018295288086,,ok,False,ok,300,400
exp_b,exp_b__gsm8k_test_000513__canonical__no_think,gsm8k_test_000513,no_think,canonical,,answer_segment,20,10,False,65,65,True,11.136523246765137,,ok,False,ok,300,400
exp_b,exp_b__gsm8k_test_000513__irrelevant_context__no_think,gsm8k_test_000513,no_think,irrelevant_context,,full_output,6,10,False,68,68,True,11.927446365356445,,ok,False,ok,300,375
exp_b,exp_b__gsm8k_test_000513__irrelevant_context__no_think,gsm8k_test_000513,no_think,irrelevant_context,,full_output,13,10,False,68,68,True,10.26925277709961,,ok,False,ok,300,375
exp_b,exp_b__gsm8k_test_000513__irrelevant_context__no_think,gsm8k_test_000513,no_think,irrelevant_context,,full_output,20,10,False,68,68,True,10.968216896057129,,ok,False,ok,300,375
exp_b,exp_b__gsm8k_test_000513__irrelevant_context__no_think,gsm8k_test_000513,no_think,irrelevant_context,,answer_segment,6,10,False,68,68,True,11.927446365356445,,ok,False,ok,300,375
exp_b,exp_b__gsm8k_test_000513__irrelevant_context__no_think,gsm8k_test_000513,no_think,irrelevant_context,,answer_segment,13,10,False,68,68,True,10.26925277709961,,ok,False,ok,300,375
exp_b,exp_b__gsm8k_test_000513__irrelevant_context__no_think,gsm8k_test_000513,no_think,irrelevant_context,,answer_segment,20,10,False,68,68,True,10.968216896057129,,ok,False,ok,300,375
exp_b,exp_b__gsm8k_test_000513__repetitive_filler__no_think,gsm8k_test_000513,no_think,repetitive_filler,,full_output,6,10,False,62,62,True,13.509866714477539,,ok,False,ok,300,400
exp_b,exp_b__gsm8k_test_000513__repetitive_filler__no_think,gsm8k_test_000513,no_think,repetitive_filler,,full_output,13,10,False,62,62,True,11.352184295654297,,ok,False,ok,300,400
exp_b,exp_b__gsm8k_test_000513__repetitive_filler__no_think,gsm8k_test_000513,no_think,repetitive_filler,,full_output,20,10,False,62,62,True,11.095195770263672,,ok,False,ok,300,400
exp_b,exp_b__gsm8k_test_000513__repetitive_filler__no_think,gsm8k_test_000513,no_think,repetitive_filler,,answer_segment,6,10,False,62,62,True,13.509866714477539,,ok,False,ok,300,400
exp_b,exp_b__gsm8k_test_000513__repetitive_filler__no_think,gsm8k_test_000513,no_think,repetitive_filler,,answer_segment,13,10,False,62,62,True,11.352184295654297,,ok,False,ok,300,400
exp_b,exp_b__gsm8k_test_000513__repetitive_filler__no_think,gsm8k_test_000513,no_think,repetitive_filler,,answer_segment,20,10,False,62,62,True,11.095195770263672,,ok,False,ok,300,400
exp_b,exp_b__gsm8k_test_000545__canonical__no_think,gsm8k_test_000545,no_think,canonical,,full_output,6,10,False,39,39,True,14.639182090759277,,ok,True,ok,30,30
exp_b,exp_b__gsm8k_test_000545__canonical__no_think,gsm8k_test_000545,no_think,canonical,,full_output,13,10,False,39,39,True,12.538172721862793,,ok,True,ok,30,30
exp_b,exp_b__gsm8k_test_000545__canonical__no_think,gsm8k_test_000545,no_think,canonical,,full_output,20,10,False,39,39,True,12.62656307220459,,ok,True,ok,30,30
exp_b,exp_b__gsm8k_test_000545__canonical__no_think,gsm8k_test_000545,no_think,canonical,,answer_segment,6,10,False,39,39,True,14.639182090759277,,ok,True,ok,30,30
exp_b,exp_b__gsm8k_test_000545__canonical__no_think,gsm8k_test_000545,no_think,canonical,,answer_segment,13,10,False,39,39,True,12.538172721862793,,ok,True,ok,30,30
exp_b,exp_b__gsm8k_test_000545__canonical__no_think,gsm8k_test_000545,no_think,canonical,,answer_segment,20,10,False,39,39,True,12.62656307220459,,ok,True,ok,30,30
exp_b,exp_b__gsm8k_test_000545__irrelevant_context__no_think,gsm8k_test_000545,no_think,irrelevant_context,,full_output,6,10,False,41,41,True,13.509284973144531,,ok,True,ok,30,30
exp_b,exp_b__gsm8k_test_000545__irrelevant_context__no_think,gsm8k_test_000545,no_think,irrelevant_context,,full_output,13,10,False,41,41,True,12.096659660339355,,ok,True,ok,30,30
exp_b,exp_b__gsm8k_test_000545__irrelevant_context__no_think,gsm8k_test_000545,no_think,irrelevant_context,,full_output,20,10,False,41,41,True,12.81753921508789,,ok,True,ok,30,30
exp_b,exp_b__gsm8k_test_000545__irrelevant_context__no_think,gsm8k_test_000545,no_think,irrelevant_context,,answer_segment,6,10,False,41,41,True,13.509284973144531,,ok,True,ok,30,30
exp_b,exp_b__gsm8k_test_000545__irrelevant_context__no_think,gsm8k_test_000545,no_think,irrelevant_context,,answer_segment,13,10,False,41,41,True,12.096659660339355,,ok,True,ok,30,30
exp_b,exp_b__gsm8k_test_000545__irrelevant_context__no_think,gsm8k_test_000545,no_think,irrelevant_context,,answer_segment,20,10,False,41,41,True,12.81753921508789,,ok,True,ok,30,30
exp_b,exp_b__gsm8k_test_000545__repetitive_filler__no_think,gsm8k_test_000545,no_think,repetitive_filler,,full_output,6,10,False,34,34,True,15.019189834594727,,ok,True,ok,30,30
exp_b,exp_b__gsm8k_test_000545__repetitive_filler__no_think,gsm8k_test_000545,no_think,repetitive_filler,,full_output,13,10,False,34,34,True,11.348108291625977,,ok,True,ok,30,30
exp_b,exp_b__gsm8k_test_000545__repetitive_filler__no_think,gsm8k_test_000545,no_think,repetitive_filler,,full_output,20,10,False,34,34,True,12.28702449798584,,ok,True,ok,30,30
exp_b,exp_b__gsm8k_test_000545__repetitive_filler__no_think,gsm8k_test_000545,no_think,repetitive_filler,,answer_segment,6,10,False,34,34,True,15.019189834594727,,ok,True,ok,30,30
exp_b,exp_b__gsm8k_test_000545__repetitive_filler__no_think,gsm8k_test_000545,no_think,repetitive_filler,,answer_segment,13,10,False,34,34,True,11.348108291625977,,ok,True,ok,30,30
exp_b,exp_b__gsm8k_test_000545__repetitive_filler__no_think,gsm8k_test_000545,no_think,repetitive_filler,,answer_segment,20,10,False,34,34,True,12.28702449798584,,ok,True,ok,30,30
exp_b,exp_b__gsm8k_test_000547__canonical__no_think,gsm8k_test_000547,no_think,canonical,,full_output,6,10,False,53,53,True,14.374757766723633,,ok,True,ok,81,81
exp_b,exp_b__gsm8k_test_000547__canonical__no_think,gsm8k_test_000547,no_think,canonical,,full_output,13,10,False,53,53,True,11.16744613647461,,ok,True,ok,81,81
exp_b,exp_b__gsm8k_test_000547__canonical__no_think,gsm8k_test_000547,no_think,canonical,,full_output,20,10,False,53,53,True,10.424142837524414,,ok,True,ok,81,81
exp_b,exp_b__gsm8k_test_000547__canonical__no_think,gsm8k_test_000547,no_think,canonical,,answer_segment,6,10,False,53,53,True,14.374757766723633,,ok,True,ok,81,81
exp_b,exp_b__gsm8k_test_000547__canonical__no_think,gsm8k_test_000547,no_think,canonical,,answer_segment,13,10,False,53,53,True,11.16744613647461,,ok,True,ok,81,81
exp_b,exp_b__gsm8k_test_000547__canonical__no_think,gsm8k_test_000547,no_think,canonical,,answer_segment,20,10,False,53,53,True,10.424142837524414,,ok,True,ok,81,81
exp_b,exp_b__gsm8k_test_000547__irrelevant_context__no_think,gsm8k_test_000547,no_think,irrelevant_context,,full_output,6,10,False,43,43,True,14.568018913269043,,ok,True,ok,81,81
exp_b,exp_b__gsm8k_test_000547__irrelevant_context__no_think,gsm8k_test_000547,no_think,irrelevant_context,,full_output,13,10,False,43,43,True,10.929396629333496,,ok,True,ok,81,81
exp_b,exp_b__gsm8k_test_000547__irrelevant_context__no_think,gsm8k_test_000547,no_think,irrelevant_context,,full_output,20,10,False,43,43,True,12.158248901367188,,ok,True,ok,81,81
exp_b,exp_b__gsm8k_test_000547__irrelevant_context__no_think,gsm8k_test_000547,no_think,irrelevant_context,,answer_segment,6,10,False,43,43,True,14.568018913269043,,ok,True,ok,81,81
exp_b,exp_b__gsm8k_test_000547__irrelevant_context__no_think,gsm8k_test_000547,no_think,irrelevant_context,,answer_segment,13,10,False,43,43,True,10.929396629333496,,ok,True,ok,81,81
exp_b,exp_b__gsm8k_test_000547__irrelevant_context__no_think,gsm8k_test_000547,no_think,irrelevant_context,,answer_segment,20,10,False,43,43,True,12.158248901367188,,ok,True,ok,81,81
exp_b,exp_b__gsm8k_test_000547__repetitive_filler__no_think,gsm8k_test_000547,no_think,repetitive_filler,,full_output,6,10,False,44,44,True,16.429288864135742,,ok,False,ok,81,2187
exp_b,exp_b__gsm8k_test_000547__repetitive_filler__no_think,gsm8k_test_000547,no_think,repetitive_filler,,full_output,13,10,False,44,44,True,11.085226058959961,,ok,False,ok,81,2187
exp_b,exp_b__gsm8k_test_000547__repetitive_filler__no_think,gsm8k_test_000547,no_think,repetitive_filler,,full_output,20,10,False,44,44,True,11.865435600280762,,ok,False,ok,81,2187
exp_b,exp_b__gsm8k_test_000547__repetitive_filler__no_think,gsm8k_test_000547,no_think,repetitive_filler,,answer_segment,6,10,False,44,44,True,16.429288864135742,,ok,False,ok,81,2187
exp_b,exp_b__gsm8k_test_000547__repetitive_filler__no_think,gsm8k_test_000547,no_think,repetitive_filler,,answer_segment,13,10,False,44,44,True,11.085226058959961,,ok,False,ok,81,2187
exp_b,exp_b__gsm8k_test_000547__repetitive_filler__no_think,gsm8k_test_000547,no_think,repetitive_filler,,answer_segment,20,10,False,44,44,True,11.865435600280762,,ok,False,ok,81,2187
exp_b,exp_b__gsm8k_test_000552__canonical__no_think,gsm8k_test_000552,no_think,canonical,,full_output,6,10,False,67,67,True,11.546792984008789,,ok,False,ok,450,1050
exp_b,exp_b__gsm8k_test_000552__canonical__no_think,gsm8k_test_000552,no_think,canonical,,full_output,13,10,False,67,67,True,10.491989135742188,,ok,False,ok,450,1050
exp_b,exp_b__gsm8k_test_000552__canonical__no_think,gsm8k_test_000552,no_think,canonical,,full_output,20,10,False,67,67,True,11.143486976623535,,ok,False,ok,450,1050
exp_b,exp_b__gsm8k_test_000552__canonical__no_think,gsm8k_test_000552,no_think,canonical,,answer_segment,6,10,False,67,67,True,11.546792984008789,,ok,False,ok,450,1050
exp_b,exp_b__gsm8k_test_000552__canonical__no_think,gsm8k_test_000552,no_think,canonical,,answer_segment,13,10,False,67,67,True,10.491989135742188,,ok,False,ok,450,1050
exp_b,exp_b__gsm8k_test_000552__canonical__no_think,gsm8k_test_000552,no_think,canonical,,answer_segment,20,10,False,67,67,True,11.143486976623535,,ok,False,ok,450,1050
exp_b,exp_b__gsm8k_test_000552__irrelevant_context__no_think,gsm8k_test_000552,no_think,irrelevant_context,,full_output,6,10,False,47,47,True,13.697072982788086,,ok,False,ok,450,750
exp_b,exp_b__gsm8k_test_000552__irrelevant_context__no_think,gsm8k_test_000552,no_think,irrelevant_context,,full_output,13,10,False,47,47,True,11.414680480957031,,ok,False,ok,450,750
exp_b,exp_b__gsm8k_test_000552__irrelevant_context__no_think,gsm8k_test_000552,no_think,irrelevant_context,,full_output,20,10,False,47,47,True,12.531684875488281,,ok,False,ok,450,750
exp_b,exp_b__gsm8k_test_000552__irrelevant_context__no_think,gsm8k_test_000552,no_think,irrelevant_context,,answer_segment,6,10,False,47,47,True,13.697072982788086,,ok,False,ok,450,750
exp_b,exp_b__gsm8k_test_000552__irrelevant_context__no_think,gsm8k_test_000552,no_think,irrelevant_context,,answer_segment,13,10,False,47,47,True,11.414680480957031,,ok,False,ok,450,750
exp_b,exp_b__gsm8k_test_000552__irrelevant_context__no_think,gsm8k_test_000552,no_think,irrelevant_context,,answer_segment,20,10,False,47,47,True,12.531684875488281,,ok,False,ok,450,750
exp_b,exp_b__gsm8k_test_000552__repetitive_filler__no_think,gsm8k_test_000552,no_think,repetitive_filler,,full_output,6,10,False,67,67,True,12.037555694580078,,ok,False,ok,450,1050
exp_b,exp_b__gsm8k_test_000552__repetitive_filler__no_think,gsm8k_test_000552,no_think,repetitive_filler,,full_output,13,10,False,67,67,True,10.42458724975586,,ok,False,ok,450,1050
exp_b,exp_b__gsm8k_test_000552__repetitive_filler__no_think,gsm8k_test_000552,no_think,repetitive_filler,,full_output,20,10,False,67,67,True,10.908242225646973,,ok,False,ok,450,1050
exp_b,exp_b__gsm8k_test_000552__repetitive_filler__no_think,gsm8k_test_000552,no_think,repetitive_filler,,answer_segment,6,10,False,67,67,True,12.037555694580078,,ok,False,ok,450,1050
exp_b,exp_b__gsm8k_test_000552__repetitive_filler__no_think,gsm8k_test_000552,no_think,repetitive_filler,,answer_segment,13,10,False,67,67,True,10.42458724975586,,ok,False,ok,450,1050
exp_b,exp_b__gsm8k_test_000552__repetitive_filler__no_think,gsm8k_test_000552,no_think,repetitive_filler,,answer_segment,20,10,False,67,67,True,10.908242225646973,,ok,False,ok,450,1050
exp_b,exp_b__gsm8k_test_000557__canonical__no_think,gsm8k_test_000557,no_think,canonical,,full_output,6,10,False,38,38,True,13.175382614135742,,ok,False,ok,70,72
exp_b,exp_b__gsm8k_test_000557__canonical__no_think,gsm8k_test_000557,no_think,canonical,,full_output,13,10,False,38,38,True,11.00269603729248,,ok,False,ok,70,72
exp_b,exp_b__gsm8k_test_000557__canonical__no_think,gsm8k_test_000557,no_think,canonical,,full_output,20,10,False,38,38,True,11.537281036376953,,ok,False,ok,70,72
exp_b,exp_b__gsm8k_test_000557__canonical__no_think,gsm8k_test_000557,no_think,canonical,,answer_segment,6,10,False,38,38,True,13.175382614135742,,ok,False,ok,70,72
exp_b,exp_b__gsm8k_test_000557__canonical__no_think,gsm8k_test_000557,no_think,canonical,,answer_segment,13,10,False,38,38,True,11.00269603729248,,ok,False,ok,70,72
exp_b,exp_b__gsm8k_test_000557__canonical__no_think,gsm8k_test_000557,no_think,canonical,,answer_segment,20,10,False,38,38,True,11.537281036376953,,ok,False,ok,70,72
exp_b,exp_b__gsm8k_test_000557__irrelevant_context__no_think,gsm8k_test_000557,no_think,irrelevant_context,,full_output,6,10,False,38,38,True,13.48867130279541,,ok,False,ok,70,72
exp_b,exp_b__gsm8k_test_000557__irrelevant_context__no_think,gsm8k_test_000557,no_think,irrelevant_context,,full_output,13,10,False,38,38,True,11.356287002563477,,ok,False,ok,70,72
exp_b,exp_b__gsm8k_test_000557__irrelevant_context__no_think,gsm8k_test_000557,no_think,irrelevant_context,,full_output,20,10,False,38,38,True,11.904533386230469,,ok,False,ok,70,72
exp_b,exp_b__gsm8k_test_000557__irrelevant_context__no_think,gsm8k_test_000557,no_think,irrelevant_context,,answer_segment,6,10,False,38,38,True,13.48867130279541,,ok,False,ok,70,72
exp_b,exp_b__gsm8k_test_000557__irrelevant_context__no_think,gsm8k_test_000557,no_think,irrelevant_context,,answer_segment,13,10,False,38,38,True,11.356287002563477,,ok,False,ok,70,72
exp_b,exp_b__gsm8k_test_000557__irrelevant_context__no_think,gsm8k_test_000557,no_think,irrelevant_context,,answer_segment,20,10,False,38,38,True,11.904533386230469,,ok,False,ok,70,72
exp_b,exp_b__gsm8k_test_000557__repetitive_filler__no_think,gsm8k_test_000557,no_think,repetitive_filler,,full_output,6,10,False,38,38,True,15.190192222595215,,ok,False,ok,70,35
exp_b,exp_b__gsm8k_test_000557__repetitive_filler__no_think,gsm8k_test_000557,no_think,repetitive_filler,,full_output,13,10,False,38,38,True,11.666175842285156,,ok,False,ok,70,35
exp_b,exp_b__gsm8k_test_000557__repetitive_filler__no_think,gsm8k_test_000557,no_think,repetitive_filler,,full_output,20,10,False,38,38,True,12.025367736816406,,ok,False,ok,70,35
exp_b,exp_b__gsm8k_test_000557__repetitive_filler__no_think,gsm8k_test_000557,no_think,repetitive_filler,,answer_segment,6,10,False,38,38,True,15.190192222595215,,ok,False,ok,70,35
exp_b,exp_b__gsm8k_test_000557__repetitive_filler__no_think,gsm8k_test_000557,no_think,repetitive_filler,,answer_segment,13,10,False,38,38,True,11.666175842285156,,ok,False,ok,70,35
exp_b,exp_b__gsm8k_test_000557__repetitive_filler__no_think,gsm8k_test_000557,no_think,repetitive_filler,,answer_segment,20,10,False,38,38,True,12.025367736816406,,ok,False,ok,70,35
exp_b,exp_b__gsm8k_test_000558__canonical__no_think,gsm8k_test_000558,no_think,canonical,,full_output,6,10,False,63,63,True,12.021458625793457,,ok,False,ok,3,6
exp_b,exp_b__gsm8k_test_000558__canonical__no_think,gsm8k_test_000558,no_think,canonical,,full_output,13,10,False,63,63,True,10.534890174865723,,ok,False,ok,3,6
exp_b,exp_b__gsm8k_test_000558__canonical__no_think,gsm8k_test_000558,no_think,canonical,,full_output,20,10,False,63,63,True,9.775829315185547,,ok,False,ok,3,6
exp_b,exp_b__gsm8k_test_000558__canonical__no_think,gsm8k_test_000558,no_think,canonical,,answer_segment,6,10,False,63,63,True,12.021458625793457,,ok,False,ok,3,6
exp_b,exp_b__gsm8k_test_000558__canonical__no_think,gsm8k_test_000558,no_think,canonical,,answer_segment,13,10,False,63,63,True,10.534890174865723,,ok,False,ok,3,6
exp_b,exp_b__gsm8k_test_000558__canonical__no_think,gsm8k_test_000558,no_think,canonical,,answer_segment,20,10,False,63,63,True,9.775829315185547,,ok,False,ok,3,6
exp_b,exp_b__gsm8k_test_000558__irrelevant_context__no_think,gsm8k_test_000558,no_think,irrelevant_context,,full_output,6,10,False,51,51,True,13.027417182922363,,ok,False,ok,3,6
exp_b,exp_b__gsm8k_test_000558__irrelevant_context__no_think,gsm8k_test_000558,no_think,irrelevant_context,,full_output,13,10,False,51,51,True,11.574687004089355,,ok,False,ok,3,6
exp_b,exp_b__gsm8k_test_000558__irrelevant_context__no_think,gsm8k_test_000558,no_think,irrelevant_context,,full_output,20,10,False,51,51,True,11.323266983032227,,ok,False,ok,3,6
exp_b,exp_b__gsm8k_test_000558__irrelevant_context__no_think,gsm8k_test_000558,no_think,irrelevant_context,,answer_segment,6,10,False,51,51,True,13.027417182922363,,ok,False,ok,3,6
exp_b,exp_b__gsm8k_test_000558__irrelevant_context__no_think,gsm8k_test_000558,no_think,irrelevant_context,,answer_segment,13,10,False,51,51,True,11.574687004089355,,ok,False,ok,3,6
exp_b,exp_b__gsm8k_test_000558__irrelevant_context__no_think,gsm8k_test_000558,no_think,irrelevant_context,,answer_segment,20,10,False,51,51,True,11.323266983032227,,ok,False,ok,3,6
exp_b,exp_b__gsm8k_test_000558__repetitive_filler__no_think,gsm8k_test_000558,no_think,repetitive_filler,,full_output,6,10,False,66,66,True,11.451129913330078,,ok,False,ok,3,6
exp_b,exp_b__gsm8k_test_000558__repetitive_filler__no_think,gsm8k_test_000558,no_think,repetitive_filler,,full_output,13,10,False,66,66,True,10.485218048095703,,ok,False,ok,3,6
exp_b,exp_b__gsm8k_test_000558__repetitive_filler__no_think,gsm8k_test_000558,no_think,repetitive_filler,,full_output,20,10,False,66,66,True,9.44229793548584,,ok,False,ok,3,6
exp_b,exp_b__gsm8k_test_000558__repetitive_filler__no_think,gsm8k_test_000558,no_think,repetitive_filler,,answer_segment,6,10,False,66,66,True,11.451129913330078,,ok,False,ok,3,6
exp_b,exp_b__gsm8k_test_000558__repetitive_filler__no_think,gsm8k_test_000558,no_think,repetitive_filler,,answer_segment,13,10,False,66,66,True,10.485218048095703,,ok,False,ok,3,6
exp_b,exp_b__gsm8k_test_000558__repetitive_filler__no_think,gsm8k_test_000558,no_think,repetitive_filler,,answer_segment,20,10,False,66,66,True,9.44229793548584,,ok,False,ok,3,6
exp_b,exp_b__gsm8k_test_000561__canonical__no_think,gsm8k_test_000561,no_think,canonical,,full_output,6,10,False,58,58,True,11.541799545288086,,ok,True,ok,180,180
exp_b,exp_b__gsm8k_test_000561__canonical__no_think,gsm8k_test_000561,no_think,canonical,,full_output,13,10,False,58,58,True,10.833803176879883,,ok,True,ok,180,180
exp_b,exp_b__gsm8k_test_000561__canonical__no_think,gsm8k_test_000561,no_think,canonical,,full_output,20,10,False,58,58,True,11.324114799499512,,ok,True,ok,180,180
exp_b,exp_b__gsm8k_test_000561__canonical__no_think,gsm8k_test_000561,no_think,canonical,,answer_segment,6,10,False,58,58,True,11.541799545288086,,ok,True,ok,180,180
exp_b,exp_b__gsm8k_test_000561__canonical__no_think,gsm8k_test_000561,no_think,canonical,,answer_segment,13,10,False,58,58,True,10.833803176879883,,ok,True,ok,180,180
exp_b,exp_b__gsm8k_test_000561__canonical__no_think,gsm8k_test_000561,no_think,canonical,,answer_segment,20,10,False,58,58,True,11.324114799499512,,ok,True,ok,180,180
exp_b,exp_b__gsm8k_test_000561__irrelevant_context__no_think,gsm8k_test_000561,no_think,irrelevant_context,,full_output,6,10,False,60,60,True,12.971236228942871,,ok,False,ok,180,130
exp_b,exp_b__gsm8k_test_000561__irrelevant_context__no_think,gsm8k_test_000561,no_think,irrelevant_context,,full_output,13,10,False,60,60,True,10.55752944946289,,ok,False,ok,180,130
exp_b,exp_b__gsm8k_test_000561__irrelevant_context__no_think,gsm8k_test_000561,no_think,irrelevant_context,,full_output,20,10,False,60,60,True,12.082486152648926,,ok,False,ok,180,130
exp_b,exp_b__gsm8k_test_000561__irrelevant_context__no_think,gsm8k_test_000561,no_think,irrelevant_context,,answer_segment,6,10,False,60,60,True,12.971236228942871,,ok,False,ok,180,130
exp_b,exp_b__gsm8k_test_000561__irrelevant_context__no_think,gsm8k_test_000561,no_think,irrelevant_context,,answer_segment,13,10,False,60,60,True,10.55752944946289,,ok,False,ok,180,130
exp_b,exp_b__gsm8k_test_000561__irrelevant_context__no_think,gsm8k_test_000561,no_think,irrelevant_context,,answer_segment,20,10,False,60,60,True,12.082486152648926,,ok,False,ok,180,130
exp_b,exp_b__gsm8k_test_000561__repetitive_filler__no_think,gsm8k_test_000561,no_think,repetitive_filler,,full_output,6,10,False,79,79,True,9.920536994934082,,ok,True,ok,180,180
exp_b,exp_b__gsm8k_test_000561__repetitive_filler__no_think,gsm8k_test_000561,no_think,repetitive_filler,,full_output,13,10,False,79,79,True,9.659150123596191,,ok,True,ok,180,180
exp_b,exp_b__gsm8k_test_000561__repetitive_filler__no_think,gsm8k_test_000561,no_think,repetitive_filler,,full_output,20,10,False,79,79,True,10.376744270324707,,ok,True,ok,180,180
exp_b,exp_b__gsm8k_test_000561__repetitive_filler__no_think,gsm8k_test_000561,no_think,repetitive_filler,,answer_segment,6,10,False,79,79,True,9.920536994934082,,ok,True,ok,180,180
exp_b,exp_b__gsm8k_test_000561__repetitive_filler__no_think,gsm8k_test_000561,no_think,repetitive_filler,,answer_segment,13,10,False,79,79,True,9.659150123596191,,ok,True,ok,180,180
exp_b,exp_b__gsm8k_test_000561__repetitive_filler__no_think,gsm8k_test_000561,no_think,repetitive_filler,,answer_segment,20,10,False,79,79,True,10.376744270324707,,ok,True,ok,180,180
exp_b,exp_b__gsm8k_test_000577__canonical__no_think,gsm8k_test_000577,no_think,canonical,,full_output,6,10,False,54,54,True,13.118298530578613,,ok,False,ok,40,320
exp_b,exp_b__gsm8k_test_000577__canonical__no_think,gsm8k_test_000577,no_think,canonical,,full_output,13,10,False,54,54,True,9.619841575622559,,ok,False,ok,40,320
exp_b,exp_b__gsm8k_test_000577__canonical__no_think,gsm8k_test_000577,no_think,canonical,,full_output,20,10,False,54,54,True,10.839362144470215,,ok,False,ok,40,320
exp_b,exp_b__gsm8k_test_000577__canonical__no_think,gsm8k_test_000577,no_think,canonical,,answer_segment,6,10,False,54,54,True,13.118298530578613,,ok,False,ok,40,320
exp_b,exp_b__gsm8k_test_000577__canonical__no_think,gsm8k_test_000577,no_think,canonical,,answer_segment,13,10,False,54,54,True,9.619841575622559,,ok,False,ok,40,320
exp_b,exp_b__gsm8k_test_000577__canonical__no_think,gsm8k_test_000577,no_think,canonical,,answer_segment,20,10,False,54,54,True,10.839362144470215,,ok,False,ok,40,320
exp_b,exp_b__gsm8k_test_000577__irrelevant_context__no_think,gsm8k_test_000577,no_think,irrelevant_context,,full_output,6,10,False,54,54,True,14.23251724243164,,ok,False,ok,40,280
exp_b,exp_b__gsm8k_test_000577__irrelevant_context__no_think,gsm8k_test_000577,no_think,irrelevant_context,,full_output,13,10,False,54,54,True,10.04212474822998,,ok,False,ok,40,280
exp_b,exp_b__gsm8k_test_000577__irrelevant_context__no_think,gsm8k_test_000577,no_think,irrelevant_context,,full_output,20,10,False,54,54,True,11.70608139038086,,ok,False,ok,40,280
exp_b,exp_b__gsm8k_test_000577__irrelevant_context__no_think,gsm8k_test_000577,no_think,irrelevant_context,,answer_segment,6,10,False,54,54,True,14.23251724243164,,ok,False,ok,40,280
exp_b,exp_b__gsm8k_test_000577__irrelevant_context__no_think,gsm8k_test_000577,no_think,irrelevant_context,,answer_segment,13,10,False,54,54,True,10.04212474822998,,ok,False,ok,40,280
exp_b,exp_b__gsm8k_test_000577__irrelevant_context__no_think,gsm8k_test_000577,no_think,irrelevant_context,,answer_segment,20,10,False,54,54,True,11.70608139038086,,ok,False,ok,40,280
exp_b,exp_b__gsm8k_test_000577__repetitive_filler__no_think,gsm8k_test_000577,no_think,repetitive_filler,,full_output,6,10,False,54,54,True,15.173892974853516,,ok,False,ok,40,320
exp_b,exp_b__gsm8k_test_000577__repetitive_filler__no_think,gsm8k_test_000577,no_think,repetitive_filler,,full_output,13,10,False,54,54,True,9.864713668823242,,ok,False,ok,40,320
exp_b,exp_b__gsm8k_test_000577__repetitive_filler__no_think,gsm8k_test_000577,no_think,repetitive_filler,,full_output,20,10,False,54,54,True,10.582966804504395,,ok,False,ok,40,320
exp_b,exp_b__gsm8k_test_000577__repetitive_filler__no_think,gsm8k_test_000577,no_think,repetitive_filler,,answer_segment,6,10,False,54,54,True,15.173892974853516,,ok,False,ok,40,320
exp_b,exp_b__gsm8k_test_000577__repetitive_filler__no_think,gsm8k_test_000577,no_think,repetitive_filler,,answer_segment,13,10,False,54,54,True,9.864713668823242,,ok,False,ok,40,320
exp_b,exp_b__gsm8k_test_000577__repetitive_filler__no_think,gsm8k_test_000577,no_think,repetitive_filler,,answer_segment,20,10,False,54,54,True,10.582966804504395,,ok,False,ok,40,320
exp_b,exp_b__gsm8k_test_000588__canonical__no_think,gsm8k_test_000588,no_think,canonical,,full_output,6,10,False,47,47,True,14.221904754638672,,ok,False,ok,52,54
exp_b,exp_b__gsm8k_test_000588__canonical__no_think,gsm8k_test_000588,no_think,canonical,,full_output,13,10,False,47,47,True,12.083184242248535,,ok,False,ok,52,54
exp_b,exp_b__gsm8k_test_000588__canonical__no_think,gsm8k_test_000588,no_think,canonical,,full_output,20,10,False,47,47,True,13.024984359741211,,ok,False,ok,52,54
exp_b,exp_b__gsm8k_test_000588__canonical__no_think,gsm8k_test_000588,no_think,canonical,,answer_segment,6,10,False,47,47,True,14.221904754638672,,ok,False,ok,52,54
exp_b,exp_b__gsm8k_test_000588__canonical__no_think,gsm8k_test_000588,no_think,canonical,,answer_segment,13,10,False,47,47,True,12.083184242248535,,ok,False,ok,52,54
exp_b,exp_b__gsm8k_test_000588__canonical__no_think,gsm8k_test_000588,no_think,canonical,,answer_segment,20,10,False,47,47,True,13.024984359741211,,ok,False,ok,52,54
exp_b,exp_b__gsm8k_test_000588__irrelevant_context__no_think,gsm8k_test_000588,no_think,irrelevant_context,,full_output,6,10,False,48,48,True,14.465824127197266,,ok,False,ok,52,54
exp_b,exp_b__gsm8k_test_000588__irrelevant_context__no_think,gsm8k_test_000588,no_think,irrelevant_context,,full_output,13,10,False,48,48,True,11.6063814163208,,ok,False,ok,52,54
exp_b,exp_b__gsm8k_test_000588__irrelevant_context__no_think,gsm8k_test_000588,no_think,irrelevant_context,,full_output,20,10,False,48,48,True,12.632342338562012,,ok,False,ok,52,54
exp_b,exp_b__gsm8k_test_000588__irrelevant_context__no_think,gsm8k_test_000588,no_think,irrelevant_context,,answer_segment,6,10,False,48,48,True,14.465824127197266,,ok,False,ok,52,54
exp_b,exp_b__gsm8k_test_000588__irrelevant_context__no_think,gsm8k_test_000588,no_think,irrelevant_context,,answer_segment,13,10,False,48,48,True,11.6063814163208,,ok,False,ok,52,54
exp_b,exp_b__gsm8k_test_000588__irrelevant_context__no_think,gsm8k_test_000588,no_think,irrelevant_context,,answer_segment,20,10,False,48,48,True,12.632342338562012,,ok,False,ok,52,54
exp_b,exp_b__gsm8k_test_000588__repetitive_filler__no_think,gsm8k_test_000588,no_think,repetitive_filler,,full_output,6,10,False,50,50,True,14.758543968200684,,ok,False,ok,52,52.67
exp_b,exp_b__gsm8k_test_000588__repetitive_filler__no_think,gsm8k_test_000588,no_think,repetitive_filler,,full_output,13,10,False,50,50,True,12.091236114501953,,ok,False,ok,52,52.67
exp_b,exp_b__gsm8k_test_000588__repetitive_filler__no_think,gsm8k_test_000588,no_think,repetitive_filler,,full_output,20,10,False,50,50,True,12.816455841064453,,ok,False,ok,52,52.67
exp_b,exp_b__gsm8k_test_000588__repetitive_filler__no_think,gsm8k_test_000588,no_think,repetitive_filler,,answer_segment,6,10,False,50,50,True,14.758543968200684,,ok,False,ok,52,52.67
exp_b,exp_b__gsm8k_test_000588__repetitive_filler__no_think,gsm8k_test_000588,no_think,repetitive_filler,,answer_segment,13,10,False,50,50,True,12.091236114501953,,ok,False,ok,52,52.67
exp_b,exp_b__gsm8k_test_000588__repetitive_filler__no_think,gsm8k_test_000588,no_think,repetitive_filler,,answer_segment,20,10,False,50,50,True,12.816455841064453,,ok,False,ok,52,52.67
exp_b,exp_b__gsm8k_test_000608__canonical__no_think,gsm8k_test_000608,no_think,canonical,,full_output,6,10,False,90,90,True,13.50932502746582,,ok,False,ok,8,5
exp_b,exp_b__gsm8k_test_000608__canonical__no_think,gsm8k_test_000608,no_think,canonical,,full_output,13,10,False,90,90,True,12.744088172912598,,ok,False,ok,8,5
exp_b,exp_b__gsm8k_test_000608__canonical__no_think,gsm8k_test_000608,no_think,canonical,,full_output,20,10,False,90,90,True,12.563453674316406,,ok,False,ok,8,5
exp_b,exp_b__gsm8k_test_000608__canonical__no_think,gsm8k_test_000608,no_think,canonical,,answer_segment,6,10,False,90,90,True,13.50932502746582,,ok,False,ok,8,5
exp_b,exp_b__gsm8k_test_000608__canonical__no_think,gsm8k_test_000608,no_think,canonical,,answer_segment,13,10,False,90,90,True,12.744088172912598,,ok,False,ok,8,5
exp_b,exp_b__gsm8k_test_000608__canonical__no_think,gsm8k_test_000608,no_think,canonical,,answer_segment,20,10,False,90,90,True,12.563453674316406,,ok,False,ok,8,5
exp_b,exp_b__gsm8k_test_000608__irrelevant_context__no_think,gsm8k_test_000608,no_think,irrelevant_context,,full_output,6,10,False,63,63,True,14.321533203125,,ok,False,ok,8,84
exp_b,exp_b__gsm8k_test_000608__irrelevant_context__no_think,gsm8k_test_000608,no_think,irrelevant_context,,full_output,13,10,False,63,63,True,11.860233306884766,,ok,False,ok,8,84
exp_b,exp_b__gsm8k_test_000608__irrelevant_context__no_think,gsm8k_test_000608,no_think,irrelevant_context,,full_output,20,10,False,63,63,True,13.133627891540527,,ok,False,ok,8,84
exp_b,exp_b__gsm8k_test_000608__irrelevant_context__no_think,gsm8k_test_000608,no_think,irrelevant_context,,answer_segment,6,10,False,63,63,True,14.321533203125,,ok,False,ok,8,84
exp_b,exp_b__gsm8k_test_000608__irrelevant_context__no_think,gsm8k_test_000608,no_think,irrelevant_context,,answer_segment,13,10,False,63,63,True,11.860233306884766,,ok,False,ok,8,84
exp_b,exp_b__gsm8k_test_000608__irrelevant_context__no_think,gsm8k_test_000608,no_think,irrelevant_context,,answer_segment,20,10,False,63,63,True,13.133627891540527,,ok,False,ok,8,84
exp_b,exp_b__gsm8k_test_000608__repetitive_filler__no_think,gsm8k_test_000608,no_think,repetitive_filler,,full_output,6,10,False,81,81,True,13.656758308410645,,ok,False,ok,8,-2.5
exp_b,exp_b__gsm8k_test_000608__repetitive_filler__no_think,gsm8k_test_000608,no_think,repetitive_filler,,full_output,13,10,False,81,81,True,11.12520980834961,,ok,False,ok,8,-2.5
exp_b,exp_b__gsm8k_test_000608__repetitive_filler__no_think,gsm8k_test_000608,no_think,repetitive_filler,,full_output,20,10,False,81,81,True,11.071558952331543,,ok,False,ok,8,-2.5
exp_b,exp_b__gsm8k_test_000608__repetitive_filler__no_think,gsm8k_test_000608,no_think,repetitive_filler,,answer_segment,6,10,False,81,81,True,13.656758308410645,,ok,False,ok,8,-2.5
exp_b,exp_b__gsm8k_test_000608__repetitive_filler__no_think,gsm8k_test_000608,no_think,repetitive_filler,,answer_segment,13,10,False,81,81,True,11.12520980834961,,ok,False,ok,8,-2.5
exp_b,exp_b__gsm8k_test_000608__repetitive_filler__no_think,gsm8k_test_000608,no_think,repetitive_filler,,answer_segment,20,10,False,81,81,True,11.071558952331543,,ok,False,ok,8,-2.5
exp_b,exp_b__gsm8k_test_000634__canonical__no_think,gsm8k_test_000634,no_think,canonical,,full_output,6,10,False,57,57,True,12.092726707458496,,ok,False,ok,14,24
exp_b,exp_b__gsm8k_test_000634__canonical__no_think,gsm8k_test_000634,no_think,canonical,,full_output,13,10,False,57,57,True,10.114895820617676,,ok,False,ok,14,24
exp_b,exp_b__gsm8k_test_000634__canonical__no_think,gsm8k_test_000634,no_think,canonical,,full_output,20,10,False,57,57,True,10.876795768737793,,ok,False,ok,14,24
exp_b,exp_b__gsm8k_test_000634__canonical__no_think,gsm8k_test_000634,no_think,canonical,,answer_segment,6,10,False,57,57,True,12.092726707458496,,ok,False,ok,14,24
exp_b,exp_b__gsm8k_test_000634__canonical__no_think,gsm8k_test_000634,no_think,canonical,,answer_segment,13,10,False,57,57,True,10.114895820617676,,ok,False,ok,14,24
exp_b,exp_b__gsm8k_test_000634__canonical__no_think,gsm8k_test_000634,no_think,canonical,,answer_segment,20,10,False,57,57,True,10.876795768737793,,ok,False,ok,14,24
exp_b,exp_b__gsm8k_test_000634__irrelevant_context__no_think,gsm8k_test_000634,no_think,irrelevant_context,,full_output,6,10,False,29,29,True,14.901898384094238,,ok,False,ok,14,20
exp_b,exp_b__gsm8k_test_000634__irrelevant_context__no_think,gsm8k_test_000634,no_think,irrelevant_context,,full_output,13,10,False,29,29,True,11.032164573669434,,ok,False,ok,14,20
exp_b,exp_b__gsm8k_test_000634__irrelevant_context__no_think,gsm8k_test_000634,no_think,irrelevant_context,,full_output,20,10,False,29,29,True,14.548322677612305,,ok,False,ok,14,20
exp_b,exp_b__gsm8k_test_000634__irrelevant_context__no_think,gsm8k_test_000634,no_think,irrelevant_context,,answer_segment,6,10,False,29,29,True,14.901898384094238,,ok,False,ok,14,20
exp_b,exp_b__gsm8k_test_000634__irrelevant_context__no_think,gsm8k_test_000634,no_think,irrelevant_context,,answer_segment,13,10,False,29,29,True,11.032164573669434,,ok,False,ok,14,20
exp_b,exp_b__gsm8k_test_000634__irrelevant_context__no_think,gsm8k_test_000634,no_think,irrelevant_context,,answer_segment,20,10,False,29,29,True,14.548322677612305,,ok,False,ok,14,20
exp_b,exp_b__gsm8k_test_000634__repetitive_filler__no_think,gsm8k_test_000634,no_think,repetitive_filler,,full_output,6,10,False,57,57,True,11.537622451782227,,ok,False,ok,14,18
exp_b,exp_b__gsm8k_test_000634__repetitive_filler__no_think,gsm8k_test_000634,no_think,repetitive_filler,,full_output,13,10,False,57,57,True,10.328888893127441,,ok,False,ok,14,18
exp_b,exp_b__gsm8k_test_000634__repetitive_filler__no_think,gsm8k_test_000634,no_think,repetitive_filler,,full_output,20,10,False,57,57,True,11.04238510131836,,ok,False,ok,14,18
exp_b,exp_b__gsm8k_test_000634__repetitive_filler__no_think,gsm8k_test_000634,no_think,repetitive_filler,,answer_segment,6,10,False,57,57,True,11.537622451782227,,ok,False,ok,14,18
exp_b,exp_b__gsm8k_test_000634__repetitive_filler__no_think,gsm8k_test_000634,no_think,repetitive_filler,,answer_segment,13,10,False,57,57,True,10.328888893127441,,ok,False,ok,14,18
exp_b,exp_b__gsm8k_test_000634__repetitive_filler__no_think,gsm8k_test_000634,no_think,repetitive_filler,,answer_segment,20,10,False,57,57,True,11.04238510131836,,ok,False,ok,14,18
exp_b,exp_b__gsm8k_test_000647__canonical__no_think,gsm8k_test_000647,no_think,canonical,,full_output,6,10,False,49,49,True,14.013379096984863,,ok,False,ok,10,8
exp_b,exp_b__gsm8k_test_000647__canonical__no_think,gsm8k_test_000647,no_think,canonical,,full_output,13,10,False,49,49,True,10.82670783996582,,ok,False,ok,10,8
exp_b,exp_b__gsm8k_test_000647__canonical__no_think,gsm8k_test_000647,no_think,canonical,,full_output,20,10,False,49,49,True,13.276698112487793,,ok,False,ok,10,8
exp_b,exp_b__gsm8k_test_000647__canonical__no_think,gsm8k_test_000647,no_think,canonical,,answer_segment,6,10,False,49,49,True,14.013379096984863,,ok,False,ok,10,8
exp_b,exp_b__gsm8k_test_000647__canonical__no_think,gsm8k_test_000647,no_think,canonical,,answer_segment,13,10,False,49,49,True,10.82670783996582,,ok,False,ok,10,8
exp_b,exp_b__gsm8k_test_000647__canonical__no_think,gsm8k_test_000647,no_think,canonical,,answer_segment,20,10,False,49,49,True,13.276698112487793,,ok,False,ok,10,8
exp_b,exp_b__gsm8k_test_000647__irrelevant_context__no_think,gsm8k_test_000647,no_think,irrelevant_context,,full_output,6,10,False,51,51,True,14.22398567199707,,ok,False,ok,10,8
exp_b,exp_b__gsm8k_test_000647__irrelevant_context__no_think,gsm8k_test_000647,no_think,irrelevant_context,,full_output,13,10,False,51,51,True,11.125094413757324,,ok,False,ok,10,8
exp_b,exp_b__gsm8k_test_000647__irrelevant_context__no_think,gsm8k_test_000647,no_think,irrelevant_context,,full_output,20,10,False,51,51,True,13.82208251953125,,ok,False,ok,10,8
exp_b,exp_b__gsm8k_test_000647__irrelevant_context__no_think,gsm8k_test_000647,no_think,irrelevant_context,,answer_segment,6,10,False,51,51,True,14.22398567199707,,ok,False,ok,10,8
exp_b,exp_b__gsm8k_test_000647__irrelevant_context__no_think,gsm8k_test_000647,no_think,irrelevant_context,,answer_segment,13,10,False,51,51,True,11.125094413757324,,ok,False,ok,10,8
exp_b,exp_b__gsm8k_test_000647__irrelevant_context__no_think,gsm8k_test_000647,no_think,irrelevant_context,,answer_segment,20,10,False,51,51,True,13.82208251953125,,ok,False,ok,10,8
exp_b,exp_b__gsm8k_test_000647__repetitive_filler__no_think,gsm8k_test_000647,no_think,repetitive_filler,,full_output,6,10,False,51,51,True,14.036048889160156,,ok,False,ok,10,6
exp_b,exp_b__gsm8k_test_000647__repetitive_filler__no_think,gsm8k_test_000647,no_think,repetitive_filler,,full_output,13,10,False,51,51,True,10.972234725952148,,ok,False,ok,10,6
exp_b,exp_b__gsm8k_test_000647__repetitive_filler__no_think,gsm8k_test_000647,no_think,repetitive_filler,,full_output,20,10,False,51,51,True,12.15268325805664,,ok,False,ok,10,6
exp_b,exp_b__gsm8k_test_000647__repetitive_filler__no_think,gsm8k_test_000647,no_think,repetitive_filler,,answer_segment,6,10,False,51,51,True,14.036048889160156,,ok,False,ok,10,6
exp_b,exp_b__gsm8k_test_000647__repetitive_filler__no_think,gsm8k_test_000647,no_think,repetitive_filler,,answer_segment,13,10,False,51,51,True,10.972234725952148,,ok,False,ok,10,6
exp_b,exp_b__gsm8k_test_000647__repetitive_filler__no_think,gsm8k_test_000647,no_think,repetitive_filler,,answer_segment,20,10,False,51,51,True,12.15268325805664,,ok,False,ok,10,6
exp_b,exp_b__gsm8k_test_000659__canonical__no_think,gsm8k_test_000659,no_think,canonical,,full_output,6,10,False,78,78,True,12.232882499694824,,ok,False,ok,3,5
exp_b,exp_b__gsm8k_test_000659__canonical__no_think,gsm8k_test_000659,no_think,canonical,,full_output,13,10,False,78,78,True,10.147912979125977,,ok,False,ok,3,5
exp_b,exp_b__gsm8k_test_000659__canonical__no_think,gsm8k_test_000659,no_think,canonical,,full_output,20,10,False,78,78,True,10.488451957702637,,ok,False,ok,3,5
exp_b,exp_b__gsm8k_test_000659__canonical__no_think,gsm8k_test_000659,no_think,canonical,,answer_segment,6,10,False,78,78,True,12.232882499694824,,ok,False,ok,3,5
exp_b,exp_b__gsm8k_test_000659__canonical__no_think,gsm8k_test_000659,no_think,canonical,,answer_segment,13,10,False,78,78,True,10.147912979125977,,ok,False,ok,3,5
exp_b,exp_b__gsm8k_test_000659__canonical__no_think,gsm8k_test_000659,no_think,canonical,,answer_segment,20,10,False,78,78,True,10.488451957702637,,ok,False,ok,3,5
exp_b,exp_b__gsm8k_test_000659__irrelevant_context__no_think,gsm8k_test_000659,no_think,irrelevant_context,,full_output,6,10,False,72,72,True,12.096013069152832,,ok,False,ok,3,5
exp_b,exp_b__gsm8k_test_000659__irrelevant_context__no_think,gsm8k_test_000659,no_think,irrelevant_context,,full_output,13,10,False,72,72,True,10.255693435668945,,ok,False,ok,3,5
exp_b,exp_b__gsm8k_test_000659__irrelevant_context__no_think,gsm8k_test_000659,no_think,irrelevant_context,,full_output,20,10,False,72,72,True,10.012091636657715,,ok,False,ok,3,5
exp_b,exp_b__gsm8k_test_000659__irrelevant_context__no_think,gsm8k_test_000659,no_think,irrelevant_context,,answer_segment,6,10,False,72,72,True,12.096013069152832,,ok,False,ok,3,5
exp_b,exp_b__gsm8k_test_000659__irrelevant_context__no_think,gsm8k_test_000659,no_think,irrelevant_context,,answer_segment,13,10,False,72,72,True,10.255693435668945,,ok,False,ok,3,5
exp_b,exp_b__gsm8k_test_000659__irrelevant_context__no_think,gsm8k_test_000659,no_think,irrelevant_context,,answer_segment,20,10,False,72,72,True,10.012091636657715,,ok,False,ok,3,5
exp_b,exp_b__gsm8k_test_000659__repetitive_filler__no_think,gsm8k_test_000659,no_think,repetitive_filler,,full_output,6,10,False,78,78,True,11.28075122833252,,ok,False,ok,3,5
exp_b,exp_b__gsm8k_test_000659__repetitive_filler__no_think,gsm8k_test_000659,no_think,repetitive_filler,,full_output,13,10,False,78,78,True,10.279943466186523,,ok,False,ok,3,5
exp_b,exp_b__gsm8k_test_000659__repetitive_filler__no_think,gsm8k_test_000659,no_think,repetitive_filler,,full_output,20,10,False,78,78,True,9.928224563598633,,ok,False,ok,3,5
exp_b,exp_b__gsm8k_test_000659__repetitive_filler__no_think,gsm8k_test_000659,no_think,repetitive_filler,,answer_segment,6,10,False,78,78,True,11.28075122833252,,ok,False,ok,3,5
exp_b,exp_b__gsm8k_test_000659__repetitive_filler__no_think,gsm8k_test_000659,no_think,repetitive_filler,,answer_segment,13,10,False,78,78,True,10.279943466186523,,ok,False,ok,3,5
exp_b,exp_b__gsm8k_test_000659__repetitive_filler__no_think,gsm8k_test_000659,no_think,repetitive_filler,,answer_segment,20,10,False,78,78,True,9.928224563598633,,ok,False,ok,3,5
exp_b,exp_b__gsm8k_test_000679__canonical__no_think,gsm8k_test_000679,no_think,canonical,,full_output,6,10,False,55,55,True,14.165677070617676,,ok,True,ok,576,576
exp_b,exp_b__gsm8k_test_000679__canonical__no_think,gsm8k_test_000679,no_think,canonical,,full_output,13,10,False,55,55,True,10.942828178405762,,ok,True,ok,576,576
exp_b,exp_b__gsm8k_test_000679__canonical__no_think,gsm8k_test_000679,no_think,canonical,,full_output,20,10,False,55,55,True,11.619926452636719,,ok,True,ok,576,576
exp_b,exp_b__gsm8k_test_000679__canonical__no_think,gsm8k_test_000679,no_think,canonical,,answer_segment,6,10,False,55,55,True,14.165677070617676,,ok,True,ok,576,576
exp_b,exp_b__gsm8k_test_000679__canonical__no_think,gsm8k_test_000679,no_think,canonical,,answer_segment,13,10,False,55,55,True,10.942828178405762,,ok,True,ok,576,576
exp_b,exp_b__gsm8k_test_000679__canonical__no_think,gsm8k_test_000679,no_think,canonical,,answer_segment,20,10,False,55,55,True,11.619926452636719,,ok,True,ok,576,576
exp_b,exp_b__gsm8k_test_000679__irrelevant_context__no_think,gsm8k_test_000679,no_think,irrelevant_context,,full_output,6,10,False,50,50,True,14.915827751159668,,ok,False,ok,576,16
exp_b,exp_b__gsm8k_test_000679__irrelevant_context__no_think,gsm8k_test_000679,no_think,irrelevant_context,,full_output,13,10,False,50,50,True,10.700987815856934,,ok,False,ok,576,16
exp_b,exp_b__gsm8k_test_000679__irrelevant_context__no_think,gsm8k_test_000679,no_think,irrelevant_context,,full_output,20,10,False,50,50,True,12.204486846923828,,ok,False,ok,576,16
exp_b,exp_b__gsm8k_test_000679__irrelevant_context__no_think,gsm8k_test_000679,no_think,irrelevant_context,,answer_segment,6,10,False,50,50,True,14.915827751159668,,ok,False,ok,576,16
exp_b,exp_b__gsm8k_test_000679__irrelevant_context__no_think,gsm8k_test_000679,no_think,irrelevant_context,,answer_segment,13,10,False,50,50,True,10.700987815856934,,ok,False,ok,576,16
exp_b,exp_b__gsm8k_test_000679__irrelevant_context__no_think,gsm8k_test_000679,no_think,irrelevant_context,,answer_segment,20,10,False,50,50,True,12.204486846923828,,ok,False,ok,576,16
exp_b,exp_b__gsm8k_test_000679__repetitive_filler__no_think,gsm8k_test_000679,no_think,repetitive_filler,,full_output,6,10,False,35,35,True,15.454859733581543,,ok,False,ok,576,16
exp_b,exp_b__gsm8k_test_000679__repetitive_filler__no_think,gsm8k_test_000679,no_think,repetitive_filler,,full_output,13,10,False,35,35,True,11.486100196838379,,ok,False,ok,576,16
exp_b,exp_b__gsm8k_test_000679__repetitive_filler__no_think,gsm8k_test_000679,no_think,repetitive_filler,,full_output,20,10,False,35,35,True,11.915304183959961,,ok,False,ok,576,16
exp_b,exp_b__gsm8k_test_000679__repetitive_filler__no_think,gsm8k_test_000679,no_think,repetitive_filler,,answer_segment,6,10,False,35,35,True,15.454859733581543,,ok,False,ok,576,16
exp_b,exp_b__gsm8k_test_000679__repetitive_filler__no_think,gsm8k_test_000679,no_think,repetitive_filler,,answer_segment,13,10,False,35,35,True,11.486100196838379,,ok,False,ok,576,16
exp_b,exp_b__gsm8k_test_000679__repetitive_filler__no_think,gsm8k_test_000679,no_think,repetitive_filler,,answer_segment,20,10,False,35,35,True,11.915304183959961,,ok,False,ok,576,16
exp_b,exp_b__gsm8k_test_000688__canonical__no_think,gsm8k_test_000688,no_think,canonical,,full_output,6,10,False,42,42,True,18.00494956970215,,ok,False,ok,100,80
exp_b,exp_b__gsm8k_test_000688__canonical__no_think,gsm8k_test_000688,no_think,canonical,,full_output,13,10,False,42,42,True,10.172093391418457,,ok,False,ok,100,80
exp_b,exp_b__gsm8k_test_000688__canonical__no_think,gsm8k_test_000688,no_think,canonical,,full_output,20,10,False,42,42,True,10.864177703857422,,ok,False,ok,100,80
exp_b,exp_b__gsm8k_test_000688__canonical__no_think,gsm8k_test_000688,no_think,canonical,,answer_segment,6,10,False,42,42,True,18.00494956970215,,ok,False,ok,100,80
exp_b,exp_b__gsm8k_test_000688__canonical__no_think,gsm8k_test_000688,no_think,canonical,,answer_segment,13,10,False,42,42,True,10.172093391418457,,ok,False,ok,100,80
exp_b,exp_b__gsm8k_test_000688__canonical__no_think,gsm8k_test_000688,no_think,canonical,,answer_segment,20,10,False,42,42,True,10.864177703857422,,ok,False,ok,100,80
exp_b,exp_b__gsm8k_test_000688__irrelevant_context__no_think,gsm8k_test_000688,no_think,irrelevant_context,,full_output,6,10,False,65,65,True,16.49299430847168,,ok,False,ok,100,260
exp_b,exp_b__gsm8k_test_000688__irrelevant_context__no_think,gsm8k_test_000688,no_think,irrelevant_context,,full_output,13,10,False,65,65,True,11.560710906982422,,ok,False,ok,100,260
exp_b,exp_b__gsm8k_test_000688__irrelevant_context__no_think,gsm8k_test_000688,no_think,irrelevant_context,,full_output,20,10,False,65,65,True,11.57638931274414,,ok,False,ok,100,260
exp_b,exp_b__gsm8k_test_000688__irrelevant_context__no_think,gsm8k_test_000688,no_think,irrelevant_context,,answer_segment,6,10,False,65,65,True,16.49299430847168,,ok,False,ok,100,260
exp_b,exp_b__gsm8k_test_000688__irrelevant_context__no_think,gsm8k_test_000688,no_think,irrelevant_context,,answer_segment,13,10,False,65,65,True,11.560710906982422,,ok,False,ok,100,260
exp_b,exp_b__gsm8k_test_000688__irrelevant_context__no_think,gsm8k_test_000688,no_think,irrelevant_context,,answer_segment,20,10,False,65,65,True,11.57638931274414,,ok,False,ok,100,260
exp_b,exp_b__gsm8k_test_000688__repetitive_filler__no_think,gsm8k_test_000688,no_think,repetitive_filler,,full_output,6,10,False,42,42,True,17.947134017944336,,ok,False,ok,100,80
exp_b,exp_b__gsm8k_test_000688__repetitive_filler__no_think,gsm8k_test_000688,no_think,repetitive_filler,,full_output,13,10,False,42,42,True,10.29853343963623,,ok,False,ok,100,80
exp_b,exp_b__gsm8k_test_000688__repetitive_filler__no_think,gsm8k_test_000688,no_think,repetitive_filler,,full_output,20,10,False,42,42,True,10.487990379333496,,ok,False,ok,100,80
exp_b,exp_b__gsm8k_test_000688__repetitive_filler__no_think,gsm8k_test_000688,no_think,repetitive_filler,,answer_segment,6,10,False,42,42,True,17.947134017944336,,ok,False,ok,100,80
exp_b,exp_b__gsm8k_test_000688__repetitive_filler__no_think,gsm8k_test_000688,no_think,repetitive_filler,,answer_segment,13,10,False,42,42,True,10.29853343963623,,ok,False,ok,100,80
exp_b,exp_b__gsm8k_test_000688__repetitive_filler__no_think,gsm8k_test_000688,no_think,repetitive_filler,,answer_segment,20,10,False,42,42,True,10.487990379333496,,ok,False,ok,100,80
exp_b,exp_b__gsm8k_test_000695__canonical__no_think,gsm8k_test_000695,no_think,canonical,,full_output,6,10,False,37,37,True,14.908246040344238,,ok,False,ok,5,10
exp_b,exp_b__gsm8k_test_000695__canonical__no_think,gsm8k_test_000695,no_think,canonical,,full_output,13,10,False,37,37,True,9.963215827941895,,ok,False,ok,5,10
exp_b,exp_b__gsm8k_test_000695__canonical__no_think,gsm8k_test_000695,no_think,canonical,,full_output,20,10,False,37,37,True,10.852832794189453,,ok,False,ok,5,10
exp_b,exp_b__gsm8k_test_000695__canonical__no_think,gsm8k_test_000695,no_think,canonical,,answer_segment,6,10,False,37,37,True,14.908246040344238,,ok,False,ok,5,10
exp_b,exp_b__gsm8k_test_000695__canonical__no_think,gsm8k_test_000695,no_think,canonical,,answer_segment,13,10,False,37,37,True,9.963215827941895,,ok,False,ok,5,10
exp_b,exp_b__gsm8k_test_000695__canonical__no_think,gsm8k_test_000695,no_think,canonical,,answer_segment,20,10,False,37,37,True,10.852832794189453,,ok,False,ok,5,10
exp_b,exp_b__gsm8k_test_000695__irrelevant_context__no_think,gsm8k_test_000695,no_think,irrelevant_context,,full_output,6,10,False,37,37,True,15.200396537780762,,ok,False,ok,5,10
exp_b,exp_b__gsm8k_test_000695__irrelevant_context__no_think,gsm8k_test_000695,no_think,irrelevant_context,,full_output,13,10,False,37,37,True,9.818902015686035,,ok,False,ok,5,10
exp_b,exp_b__gsm8k_test_000695__irrelevant_context__no_think,gsm8k_test_000695,no_think,irrelevant_context,,full_output,20,10,False,37,37,True,10.951129913330078,,ok,False,ok,5,10
exp_b,exp_b__gsm8k_test_000695__irrelevant_context__no_think,gsm8k_test_000695,no_think,irrelevant_context,,answer_segment,6,10,False,37,37,True,15.200396537780762,,ok,False,ok,5,10
exp_b,exp_b__gsm8k_test_000695__irrelevant_context__no_think,gsm8k_test_000695,no_think,irrelevant_context,,answer_segment,13,10,False,37,37,True,9.818902015686035,,ok,False,ok,5,10
exp_b,exp_b__gsm8k_test_000695__irrelevant_context__no_think,gsm8k_test_000695,no_think,irrelevant_context,,answer_segment,20,10,False,37,37,True,10.951129913330078,,ok,False,ok,5,10
exp_b,exp_b__gsm8k_test_000695__repetitive_filler__no_think,gsm8k_test_000695,no_think,repetitive_filler,,full_output,6,10,False,37,37,True,14.099398612976074,,ok,False,ok,5,10
exp_b,exp_b__gsm8k_test_000695__repetitive_filler__no_think,gsm8k_test_000695,no_think,repetitive_filler,,full_output,13,10,False,37,37,True,9.878050804138184,,ok,False,ok,5,10
exp_b,exp_b__gsm8k_test_000695__repetitive_filler__no_think,gsm8k_test_000695,no_think,repetitive_filler,,full_output,20,10,False,37,37,True,10.73998737335205,,ok,False,ok,5,10
exp_b,exp_b__gsm8k_test_000695__repetitive_filler__no_think,gsm8k_test_000695,no_think,repetitive_filler,,answer_segment,6,10,False,37,37,True,14.099398612976074,,ok,False,ok,5,10
exp_b,exp_b__gsm8k_test_000695__repetitive_filler__no_think,gsm8k_test_000695,no_think,repetitive_filler,,answer_segment,13,10,False,37,37,True,9.878050804138184,,ok,False,ok,5,10
exp_b,exp_b__gsm8k_test_000695__repetitive_filler__no_think,gsm8k_test_000695,no_think,repetitive_filler,,answer_segment,20,10,False,37,37,True,10.73998737335205,,ok,False,ok,5,10
exp_b,exp_b__gsm8k_test_000758__canonical__no_think,gsm8k_test_000758,no_think,canonical,,full_output,6,10,False,52,52,True,11.900625228881836,,ok,True,ok,133,133
exp_b,exp_b__gsm8k_test_000758__canonical__no_think,gsm8k_test_000758,no_think,canonical,,full_output,13,10,False,52,52,True,11.120062828063965,,ok,True,ok,133,133
exp_b,exp_b__gsm8k_test_000758__canonical__no_think,gsm8k_test_000758,no_think,canonical,,full_output,20,10,False,52,52,True,11.274368286132812,,ok,True,ok,133,133
exp_b,exp_b__gsm8k_test_000758__canonical__no_think,gsm8k_test_000758,no_think,canonical,,answer_segment,6,10,False,52,52,True,11.900625228881836,,ok,True,ok,133,133
exp_b,exp_b__gsm8k_test_000758__canonical__no_think,gsm8k_test_000758,no_think,canonical,,answer_segment,13,10,False,52,52,True,11.120062828063965,,ok,True,ok,133,133
exp_b,exp_b__gsm8k_test_000758__canonical__no_think,gsm8k_test_000758,no_think,canonical,,answer_segment,20,10,False,52,52,True,11.274368286132812,,ok,True,ok,133,133
exp_b,exp_b__gsm8k_test_000758__irrelevant_context__no_think,gsm8k_test_000758,no_think,irrelevant_context,,full_output,6,10,False,51,51,True,14.554084777832031,,ok,True,ok,133,133
exp_b,exp_b__gsm8k_test_000758__irrelevant_context__no_think,gsm8k_test_000758,no_think,irrelevant_context,,full_output,13,10,False,51,51,True,11.553861618041992,,ok,True,ok,133,133
exp_b,exp_b__gsm8k_test_000758__irrelevant_context__no_think,gsm8k_test_000758,no_think,irrelevant_context,,full_output,20,10,False,51,51,True,10.599051475524902,,ok,True,ok,133,133
exp_b,exp_b__gsm8k_test_000758__irrelevant_context__no_think,gsm8k_test_000758,no_think,irrelevant_context,,answer_segment,6,10,False,51,51,True,14.554084777832031,,ok,True,ok,133,133
exp_b,exp_b__gsm8k_test_000758__irrelevant_context__no_think,gsm8k_test_000758,no_think,irrelevant_context,,answer_segment,13,10,False,51,51,True,11.553861618041992,,ok,True,ok,133,133
exp_b,exp_b__gsm8k_test_000758__irrelevant_context__no_think,gsm8k_test_000758,no_think,irrelevant_context,,answer_segment,20,10,False,51,51,True,10.599051475524902,,ok,True,ok,133,133
exp_b,exp_b__gsm8k_test_000758__repetitive_filler__no_think,gsm8k_test_000758,no_think,repetitive_filler,,full_output,6,10,False,54,54,True,11.786063194274902,,ok,True,ok,133,133
exp_b,exp_b__gsm8k_test_000758__repetitive_filler__no_think,gsm8k_test_000758,no_think,repetitive_filler,,full_output,13,10,False,54,54,True,11.354394912719727,,ok,True,ok,133,133
exp_b,exp_b__gsm8k_test_000758__repetitive_filler__no_think,gsm8k_test_000758,no_think,repetitive_filler,,full_output,20,10,False,54,54,True,10.643593788146973,,ok,True,ok,133,133
exp_b,exp_b__gsm8k_test_000758__repetitive_filler__no_think,gsm8k_test_000758,no_think,repetitive_filler,,answer_segment,6,10,False,54,54,True,11.786063194274902,,ok,True,ok,133,133
exp_b,exp_b__gsm8k_test_000758__repetitive_filler__no_think,gsm8k_test_000758,no_think,repetitive_filler,,answer_segment,13,10,False,54,54,True,11.354394912719727,,ok,True,ok,133,133
exp_b,exp_b__gsm8k_test_000758__repetitive_filler__no_think,gsm8k_test_000758,no_think,repetitive_filler,,answer_segment,20,10,False,54,54,True,10.643593788146973,,ok,True,ok,133,133
exp_b,exp_b__gsm8k_test_000774__canonical__no_think,gsm8k_test_000774,no_think,canonical,,full_output,6,10,False,62,62,True,16.326663970947266,,ok,False,ok,10,12
exp_b,exp_b__gsm8k_test_000774__canonical__no_think,gsm8k_test_000774,no_think,canonical,,full_output,13,10,False,62,62,True,13.26070499420166,,ok,False,ok,10,12
exp_b,exp_b__gsm8k_test_000774__canonical__no_think,gsm8k_test_000774,no_think,canonical,,full_output,20,10,False,62,62,True,13.597480773925781,,ok,False,ok,10,12
exp_b,exp_b__gsm8k_test_000774__canonical__no_think,gsm8k_test_000774,no_think,canonical,,answer_segment,6,10,False,62,62,True,16.326663970947266,,ok,False,ok,10,12
exp_b,exp_b__gsm8k_test_000774__canonical__no_think,gsm8k_test_000774,no_think,canonical,,answer_segment,13,10,False,62,62,True,13.26070499420166,,ok,False,ok,10,12
exp_b,exp_b__gsm8k_test_000774__canonical__no_think,gsm8k_test_000774,no_think,canonical,,answer_segment,20,10,False,62,62,True,13.597480773925781,,ok,False,ok,10,12
exp_b,exp_b__gsm8k_test_000774__irrelevant_context__no_think,gsm8k_test_000774,no_think,irrelevant_context,,full_output,6,10,False,45,45,True,14.74228286743164,,ok,False,ok,10,150
exp_b,exp_b__gsm8k_test_000774__irrelevant_context__no_think,gsm8k_test_000774,no_think,irrelevant_context,,full_output,13,10,False,45,45,True,12.046515464782715,,ok,False,ok,10,150
exp_b,exp_b__gsm8k_test_000774__irrelevant_context__no_think,gsm8k_test_000774,no_think,irrelevant_context,,full_output,20,10,False,45,45,True,11.815621376037598,,ok,False,ok,10,150
exp_b,exp_b__gsm8k_test_000774__irrelevant_context__no_think,gsm8k_test_000774,no_think,irrelevant_context,,answer_segment,6,10,False,45,45,True,14.74228286743164,,ok,False,ok,10,150
exp_b,exp_b__gsm8k_test_000774__irrelevant_context__no_think,gsm8k_test_000774,no_think,irrelevant_context,,answer_segment,13,10,False,45,45,True,12.046515464782715,,ok,False,ok,10,150
exp_b,exp_b__gsm8k_test_000774__irrelevant_context__no_think,gsm8k_test_000774,no_think,irrelevant_context,,answer_segment,20,10,False,45,45,True,11.815621376037598,,ok,False,ok,10,150
exp_b,exp_b__gsm8k_test_000774__repetitive_filler__no_think,gsm8k_test_000774,no_think,repetitive_filler,,full_output,6,10,False,72,72,True,11.63641357421875,,ok,False,ok,10,6
exp_b,exp_b__gsm8k_test_000774__repetitive_filler__no_think,gsm8k_test_000774,no_think,repetitive_filler,,full_output,13,10,False,72,72,True,11.289595603942871,,ok,False,ok,10,6
exp_b,exp_b__gsm8k_test_000774__repetitive_filler__no_think,gsm8k_test_000774,no_think,repetitive_filler,,full_output,20,10,False,72,72,True,10.987188339233398,,ok,False,ok,10,6
exp_b,exp_b__gsm8k_test_000774__repetitive_filler__no_think,gsm8k_test_000774,no_think,repetitive_filler,,answer_segment,6,10,False,72,72,True,11.63641357421875,,ok,False,ok,10,6
exp_b,exp_b__gsm8k_test_000774__repetitive_filler__no_think,gsm8k_test_000774,no_think,repetitive_filler,,answer_segment,13,10,False,72,72,True,11.289595603942871,,ok,False,ok,10,6
exp_b,exp_b__gsm8k_test_000774__repetitive_filler__no_think,gsm8k_test_000774,no_think,repetitive_filler,,answer_segment,20,10,False,72,72,True,10.987188339233398,,ok,False,ok,10,6
exp_b,exp_b__gsm8k_test_000804__canonical__no_think,gsm8k_test_000804,no_think,canonical,,full_output,6,10,False,49,49,True,17.278825759887695,,ok,True,ok,20,20
exp_b,exp_b__gsm8k_test_000804__canonical__no_think,gsm8k_test_000804,no_think,canonical,,full_output,13,10,False,49,49,True,12.260416984558105,,ok,True,ok,20,20
exp_b,exp_b__gsm8k_test_000804__canonical__no_think,gsm8k_test_000804,no_think,canonical,,full_output,20,10,False,49,49,True,14.346096992492676,,ok,True,ok,20,20
exp_b,exp_b__gsm8k_test_000804__canonical__no_think,gsm8k_test_000804,no_think,canonical,,answer_segment,6,10,False,49,49,True,17.278825759887695,,ok,True,ok,20,20
exp_b,exp_b__gsm8k_test_000804__canonical__no_think,gsm8k_test_000804,no_think,canonical,,answer_segment,13,10,False,49,49,True,12.260416984558105,,ok,True,ok,20,20
exp_b,exp_b__gsm8k_test_000804__canonical__no_think,gsm8k_test_000804,no_think,canonical,,answer_segment,20,10,False,49,49,True,14.346096992492676,,ok,True,ok,20,20
exp_b,exp_b__gsm8k_test_000804__irrelevant_context__no_think,gsm8k_test_000804,no_think,irrelevant_context,,full_output,6,10,False,52,52,True,15.787710189819336,,ok,True,ok,20,20
exp_b,exp_b__gsm8k_test_000804__irrelevant_context__no_think,gsm8k_test_000804,no_think,irrelevant_context,,full_output,13,10,False,52,52,True,12.241415023803711,,ok,True,ok,20,20
exp_b,exp_b__gsm8k_test_000804__irrelevant_context__no_think,gsm8k_test_000804,no_think,irrelevant_context,,full_output,20,10,False,52,52,True,13.532668113708496,,ok,True,ok,20,20
exp_b,exp_b__gsm8k_test_000804__irrelevant_context__no_think,gsm8k_test_000804,no_think,irrelevant_context,,answer_segment,6,10,False,52,52,True,15.787710189819336,,ok,True,ok,20,20
exp_b,exp_b__gsm8k_test_000804__irrelevant_context__no_think,gsm8k_test_000804,no_think,irrelevant_context,,answer_segment,13,10,False,52,52,True,12.241415023803711,,ok,True,ok,20,20
exp_b,exp_b__gsm8k_test_000804__irrelevant_context__no_think,gsm8k_test_000804,no_think,irrelevant_context,,answer_segment,20,10,False,52,52,True,13.532668113708496,,ok,True,ok,20,20
exp_b,exp_b__gsm8k_test_000804__repetitive_filler__no_think,gsm8k_test_000804,no_think,repetitive_filler,,full_output,6,10,False,62,62,True,14.157954216003418,,ok,True,ok,20,20
exp_b,exp_b__gsm8k_test_000804__repetitive_filler__no_think,gsm8k_test_000804,no_think,repetitive_filler,,full_output,13,10,False,62,62,True,11.838783264160156,,ok,True,ok,20,20
exp_b,exp_b__gsm8k_test_000804__repetitive_filler__no_think,gsm8k_test_000804,no_think,repetitive_filler,,full_output,20,10,False,62,62,True,11.744653701782227,,ok,True,ok,20,20
exp_b,exp_b__gsm8k_test_000804__repetitive_filler__no_think,gsm8k_test_000804,no_think,repetitive_filler,,answer_segment,6,10,False,62,62,True,14.157954216003418,,ok,True,ok,20,20
exp_b,exp_b__gsm8k_test_000804__repetitive_filler__no_think,gsm8k_test_000804,no_think,repetitive_filler,,answer_segment,13,10,False,62,62,True,11.838783264160156,,ok,True,ok,20,20
exp_b,exp_b__gsm8k_test_000804__repetitive_filler__no_think,gsm8k_test_000804,no_think,repetitive_filler,,answer_segment,20,10,False,62,62,True,11.744653701782227,,ok,True,ok,20,20
exp_b,exp_b__gsm8k_test_000825__canonical__no_think,gsm8k_test_000825,no_think,canonical,,full_output,6,10,False,73,73,True,11.579554557800293,,ok,False,ok,153,133
exp_b,exp_b__gsm8k_test_000825__canonical__no_think,gsm8k_test_000825,no_think,canonical,,full_output,13,10,False,73,73,True,10.786229133605957,,ok,False,ok,153,133
exp_b,exp_b__gsm8k_test_000825__canonical__no_think,gsm8k_test_000825,no_think,canonical,,full_output,20,10,False,73,73,True,11.440831184387207,,ok,False,ok,153,133
exp_b,exp_b__gsm8k_test_000825__canonical__no_think,gsm8k_test_000825,no_think,canonical,,answer_segment,6,10,False,73,73,True,11.579554557800293,,ok,False,ok,153,133
exp_b,exp_b__gsm8k_test_000825__canonical__no_think,gsm8k_test_000825,no_think,canonical,,answer_segment,13,10,False,73,73,True,10.786229133605957,,ok,False,ok,153,133
exp_b,exp_b__gsm8k_test_000825__canonical__no_think,gsm8k_test_000825,no_think,canonical,,answer_segment,20,10,False,73,73,True,11.440831184387207,,ok,False,ok,153,133
exp_b,exp_b__gsm8k_test_000825__irrelevant_context__no_think,gsm8k_test_000825,no_think,irrelevant_context,,full_output,6,10,False,57,57,True,12.442946434020996,,ok,False,ok,153,144
exp_b,exp_b__gsm8k_test_000825__irrelevant_context__no_think,gsm8k_test_000825,no_think,irrelevant_context,,full_output,13,10,False,57,57,True,10.824140548706055,,ok,False,ok,153,144
exp_b,exp_b__gsm8k_test_000825__irrelevant_context__no_think,gsm8k_test_000825,no_think,irrelevant_context,,full_output,20,10,False,57,57,True,11.548869132995605,,ok,False,ok,153,144
exp_b,exp_b__gsm8k_test_000825__irrelevant_context__no_think,gsm8k_test_000825,no_think,irrelevant_context,,answer_segment,6,10,False,57,57,True,12.442946434020996,,ok,False,ok,153,144
exp_b,exp_b__gsm8k_test_000825__irrelevant_context__no_think,gsm8k_test_000825,no_think,irrelevant_context,,answer_segment,13,10,False,57,57,True,10.824140548706055,,ok,False,ok,153,144
exp_b,exp_b__gsm8k_test_000825__irrelevant_context__no_think,gsm8k_test_000825,no_think,irrelevant_context,,answer_segment,20,10,False,57,57,True,11.548869132995605,,ok,False,ok,153,144
exp_b,exp_b__gsm8k_test_000825__repetitive_filler__no_think,gsm8k_test_000825,no_think,repetitive_filler,,full_output,6,10,False,36,36,True,11.145526885986328,,ok,False,ok,153,163
exp_b,exp_b__gsm8k_test_000825__repetitive_filler__no_think,gsm8k_test_000825,no_think,repetitive_filler,,full_output,13,10,False,36,36,True,9.617268562316895,,ok,False,ok,153,163
exp_b,exp_b__gsm8k_test_000825__repetitive_filler__no_think,gsm8k_test_000825,no_think,repetitive_filler,,full_output,20,10,False,36,36,True,11.486456871032715,,ok,False,ok,153,163
exp_b,exp_b__gsm8k_test_000825__repetitive_filler__no_think,gsm8k_test_000825,no_think,repetitive_filler,,answer_segment,6,10,False,36,36,True,11.145526885986328,,ok,False,ok,153,163
exp_b,exp_b__gsm8k_test_000825__repetitive_filler__no_think,gsm8k_test_000825,no_think,repetitive_filler,,answer_segment,13,10,False,36,36,True,9.617268562316895,,ok,False,ok,153,163
exp_b,exp_b__gsm8k_test_000825__repetitive_filler__no_think,gsm8k_test_000825,no_think,repetitive_filler,,answer_segment,20,10,False,36,36,True,11.486456871032715,,ok,False,ok,153,163
exp_b,exp_b__gsm8k_test_000841__canonical__no_think,gsm8k_test_000841,no_think,canonical,,full_output,6,10,False,60,60,True,11.798503875732422,,ok,False,ok,5600,10800
exp_b,exp_b__gsm8k_test_000841__canonical__no_think,gsm8k_test_000841,no_think,canonical,,full_output,13,10,False,60,60,True,11.151596069335938,,ok,False,ok,5600,10800
exp_b,exp_b__gsm8k_test_000841__canonical__no_think,gsm8k_test_000841,no_think,canonical,,full_output,20,10,False,60,60,True,9.764092445373535,,ok,False,ok,5600,10800
exp_b,exp_b__gsm8k_test_000841__canonical__no_think,gsm8k_test_000841,no_think,canonical,,answer_segment,6,10,False,60,60,True,11.798503875732422,,ok,False,ok,5600,10800
exp_b,exp_b__gsm8k_test_000841__canonical__no_think,gsm8k_test_000841,no_think,canonical,,answer_segment,13,10,False,60,60,True,11.151596069335938,,ok,False,ok,5600,10800
exp_b,exp_b__gsm8k_test_000841__canonical__no_think,gsm8k_test_000841,no_think,canonical,,answer_segment,20,10,False,60,60,True,9.764092445373535,,ok,False,ok,5600,10800
exp_b,exp_b__gsm8k_test_000841__irrelevant_context__no_think,gsm8k_test_000841,no_think,irrelevant_context,,full_output,6,10,False,57,57,True,10.593948364257812,,ok,False,ok,5600,10800
exp_b,exp_b__gsm8k_test_000841__irrelevant_context__no_think,gsm8k_test_000841,no_think,irrelevant_context,,full_output,13,10,False,57,57,True,9.897366523742676,,ok,False,ok,5600,10800
exp_b,exp_b__gsm8k_test_000841__irrelevant_context__no_think,gsm8k_test_000841,no_think,irrelevant_context,,full_output,20,10,False,57,57,True,9.363622665405273,,ok,False,ok,5600,10800
exp_b,exp_b__gsm8k_test_000841__irrelevant_context__no_think,gsm8k_test_000841,no_think,irrelevant_context,,answer_segment,6,10,False,57,57,True,10.593948364257812,,ok,False,ok,5600,10800
exp_b,exp_b__gsm8k_test_000841__irrelevant_context__no_think,gsm8k_test_000841,no_think,irrelevant_context,,answer_segment,13,10,False,57,57,True,9.897366523742676,,ok,False,ok,5600,10800
exp_b,exp_b__gsm8k_test_000841__irrelevant_context__no_think,gsm8k_test_000841,no_think,irrelevant_context,,answer_segment,20,10,False,57,57,True,9.363622665405273,,ok,False,ok,5600,10800
exp_b,exp_b__gsm8k_test_000841__repetitive_filler__no_think,gsm8k_test_000841,no_think,repetitive_filler,,full_output,6,10,False,70,70,True,11.337957382202148,,ok,False,ok,5600,5800
exp_b,exp_b__gsm8k_test_000841__repetitive_filler__no_think,gsm8k_test_000841,no_think,repetitive_filler,,full_output,13,10,False,70,70,True,10.248954772949219,,ok,False,ok,5600,5800
exp_b,exp_b__gsm8k_test_000841__repetitive_filler__no_think,gsm8k_test_000841,no_think,repetitive_filler,,full_output,20,10,False,70,70,True,10.21748161315918,,ok,False,ok,5600,5800
exp_b,exp_b__gsm8k_test_000841__repetitive_filler__no_think,gsm8k_test_000841,no_think,repetitive_filler,,answer_segment,6,10,False,70,70,True,11.337957382202148,,ok,False,ok,5600,5800
exp_b,exp_b__gsm8k_test_000841__repetitive_filler__no_think,gsm8k_test_000841,no_think,repetitive_filler,,answer_segment,13,10,False,70,70,True,10.248954772949219,,ok,False,ok,5600,5800
exp_b,exp_b__gsm8k_test_000841__repetitive_filler__no_think,gsm8k_test_000841,no_think,repetitive_filler,,answer_segment,20,10,False,70,70,True,10.21748161315918,,ok,False,ok,5600,5800
exp_b,exp_b__gsm8k_test_000842__canonical__no_think,gsm8k_test_000842,no_think,canonical,,full_output,6,10,False,61,61,True,11.936036109924316,,ok,True,ok,10,10
exp_b,exp_b__gsm8k_test_000842__canonical__no_think,gsm8k_test_000842,no_think,canonical,,full_output,13,10,False,61,61,True,10.513148307800293,,ok,True,ok,10,10
exp_b,exp_b__gsm8k_test_000842__canonical__no_think,gsm8k_test_000842,no_think,canonical,,full_output,20,10,False,61,61,True,12.517001152038574,,ok,True,ok,10,10
exp_b,exp_b__gsm8k_test_000842__canonical__no_think,gsm8k_test_000842,no_think,canonical,,answer_segment,6,10,False,61,61,True,11.936036109924316,,ok,True,ok,10,10
exp_b,exp_b__gsm8k_test_000842__canonical__no_think,gsm8k_test_000842,no_think,canonical,,answer_segment,13,10,False,61,61,True,10.513148307800293,,ok,True,ok,10,10
exp_b,exp_b__gsm8k_test_000842__canonical__no_think,gsm8k_test_000842,no_think,canonical,,answer_segment,20,10,False,61,61,True,12.517001152038574,,ok,True,ok,10,10
exp_b,exp_b__gsm8k_test_000842__irrelevant_context__no_think,gsm8k_test_000842,no_think,irrelevant_context,,full_output,6,10,False,63,63,True,14.473071098327637,,ok,True,ok,10,10
exp_b,exp_b__gsm8k_test_000842__irrelevant_context__no_think,gsm8k_test_000842,no_think,irrelevant_context,,full_output,13,10,False,63,63,True,12.416465759277344,,ok,True,ok,10,10
exp_b,exp_b__gsm8k_test_000842__irrelevant_context__no_think,gsm8k_test_000842,no_think,irrelevant_context,,full_output,20,10,False,63,63,True,13.35988998413086,,ok,True,ok,10,10
exp_b,exp_b__gsm8k_test_000842__irrelevant_context__no_think,gsm8k_test_000842,no_think,irrelevant_context,,answer_segment,6,10,False,63,63,True,14.473071098327637,,ok,True,ok,10,10
exp_b,exp_b__gsm8k_test_000842__irrelevant_context__no_think,gsm8k_test_000842,no_think,irrelevant_context,,answer_segment,13,10,False,63,63,True,12.416465759277344,,ok,True,ok,10,10
exp_b,exp_b__gsm8k_test_000842__irrelevant_context__no_think,gsm8k_test_000842,no_think,irrelevant_context,,answer_segment,20,10,False,63,63,True,13.35988998413086,,ok,True,ok,10,10
exp_b,exp_b__gsm8k_test_000842__repetitive_filler__no_think,gsm8k_test_000842,no_think,repetitive_filler,,full_output,6,10,False,61,61,True,14.360001564025879,,ok,True,ok,10,10
exp_b,exp_b__gsm8k_test_000842__repetitive_filler__no_think,gsm8k_test_000842,no_think,repetitive_filler,,full_output,13,10,False,61,61,True,12.093818664550781,,ok,True,ok,10,10
exp_b,exp_b__gsm8k_test_000842__repetitive_filler__no_think,gsm8k_test_000842,no_think,repetitive_filler,,full_output,20,10,False,61,61,True,13.536568641662598,,ok,True,ok,10,10
exp_b,exp_b__gsm8k_test_000842__repetitive_filler__no_think,gsm8k_test_000842,no_think,repetitive_filler,,answer_segment,6,10,False,61,61,True,14.360001564025879,,ok,True,ok,10,10
exp_b,exp_b__gsm8k_test_000842__repetitive_filler__no_think,gsm8k_test_000842,no_think,repetitive_filler,,answer_segment,13,10,False,61,61,True,12.093818664550781,,ok,True,ok,10,10
exp_b,exp_b__gsm8k_test_000842__repetitive_filler__no_think,gsm8k_test_000842,no_think,repetitive_filler,,answer_segment,20,10,False,61,61,True,13.536568641662598,,ok,True,ok,10,10
exp_b,exp_b__gsm8k_test_000849__canonical__no_think,gsm8k_test_000849,no_think,canonical,,full_output,6,10,False,45,45,True,14.505550384521484,,ok,False,ok,75,30
exp_b,exp_b__gsm8k_test_000849__canonical__no_think,gsm8k_test_000849,no_think,canonical,,full_output,13,10,False,45,45,True,10.933388710021973,,ok,False,ok,75,30
exp_b,exp_b__gsm8k_test_000849__canonical__no_think,gsm8k_test_000849,no_think,canonical,,full_output,20,10,False,45,45,True,12.770427703857422,,ok,False,ok,75,30
exp_b,exp_b__gsm8k_test_000849__canonical__no_think,gsm8k_test_000849,no_think,canonical,,answer_segment,6,10,False,45,45,True,14.505550384521484,,ok,False,ok,75,30
exp_b,exp_b__gsm8k_test_000849__canonical__no_think,gsm8k_test_000849,no_think,canonical,,answer_segment,13,10,False,45,45,True,10.933388710021973,,ok,False,ok,75,30
exp_b,exp_b__gsm8k_test_000849__canonical__no_think,gsm8k_test_000849,no_think,canonical,,answer_segment,20,10,False,45,45,True,12.770427703857422,,ok,False,ok,75,30
exp_b,exp_b__gsm8k_test_000849__irrelevant_context__no_think,gsm8k_test_000849,no_think,irrelevant_context,,full_output,6,10,False,62,62,True,10.186088562011719,,ok,False,ok,75,30
exp_b,exp_b__gsm8k_test_000849__irrelevant_context__no_think,gsm8k_test_000849,no_think,irrelevant_context,,full_output,13,10,False,62,62,True,9.551836967468262,,ok,False,ok,75,30
exp_b,exp_b__gsm8k_test_000849__irrelevant_context__no_think,gsm8k_test_000849,no_think,irrelevant_context,,full_output,20,10,False,62,62,True,11.088290214538574,,ok,False,ok,75,30
exp_b,exp_b__gsm8k_test_000849__irrelevant_context__no_think,gsm8k_test_000849,no_think,irrelevant_context,,answer_segment,6,10,False,62,62,True,10.186088562011719,,ok,False,ok,75,30
exp_b,exp_b__gsm8k_test_000849__irrelevant_context__no_think,gsm8k_test_000849,no_think,irrelevant_context,,answer_segment,13,10,False,62,62,True,9.551836967468262,,ok,False,ok,75,30
exp_b,exp_b__gsm8k_test_000849__irrelevant_context__no_think,gsm8k_test_000849,no_think,irrelevant_context,,answer_segment,20,10,False,62,62,True,11.088290214538574,,ok,False,ok,75,30
exp_b,exp_b__gsm8k_test_000849__repetitive_filler__no_think,gsm8k_test_000849,no_think,repetitive_filler,,full_output,6,10,False,43,43,True,13.68350887298584,,ok,False,ok,75,30
exp_b,exp_b__gsm8k_test_000849__repetitive_filler__no_think,gsm8k_test_000849,no_think,repetitive_filler,,full_output,13,10,False,43,43,True,10.838234901428223,,ok,False,ok,75,30
exp_b,exp_b__gsm8k_test_000849__repetitive_filler__no_think,gsm8k_test_000849,no_think,repetitive_filler,,full_output,20,10,False,43,43,True,12.5414400100708,,ok,False,ok,75,30
exp_b,exp_b__gsm8k_test_000849__repetitive_filler__no_think,gsm8k_test_000849,no_think,repetitive_filler,,answer_segment,6,10,False,43,43,True,13.68350887298584,,ok,False,ok,75,30
exp_b,exp_b__gsm8k_test_000849__repetitive_filler__no_think,gsm8k_test_000849,no_think,repetitive_filler,,answer_segment,13,10,False,43,43,True,10.838234901428223,,ok,False,ok,75,30
exp_b,exp_b__gsm8k_test_000849__repetitive_filler__no_think,gsm8k_test_000849,no_think,repetitive_filler,,answer_segment,20,10,False,43,43,True,12.5414400100708,,ok,False,ok,75,30
exp_b,exp_b__gsm8k_test_000863__canonical__no_think,gsm8k_test_000863,no_think,canonical,,full_output,6,10,False,68,68,True,10.652366638183594,,ok,False,ok,110,100
exp_b,exp_b__gsm8k_test_000863__canonical__no_think,gsm8k_test_000863,no_think,canonical,,full_output,13,10,False,68,68,True,9.86404037475586,,ok,False,ok,110,100
exp_b,exp_b__gsm8k_test_000863__canonical__no_think,gsm8k_test_000863,no_think,canonical,,full_output,20,10,False,68,68,True,9.574455261230469,,ok,False,ok,110,100
exp_b,exp_b__gsm8k_test_000863__canonical__no_think,gsm8k_test_000863,no_think,canonical,,answer_segment,6,10,False,68,68,True,10.652366638183594,,ok,False,ok,110,100
exp_b,exp_b__gsm8k_test_000863__canonical__no_think,gsm8k_test_000863,no_think,canonical,,answer_segment,13,10,False,68,68,True,9.86404037475586,,ok,False,ok,110,100
exp_b,exp_b__gsm8k_test_000863__canonical__no_think,gsm8k_test_000863,no_think,canonical,,answer_segment,20,10,False,68,68,True,9.574455261230469,,ok,False,ok,110,100
exp_b,exp_b__gsm8k_test_000863__irrelevant_context__no_think,gsm8k_test_000863,no_think,irrelevant_context,,full_output,6,10,False,34,34,True,14.32469654083252,,ok,False,ok,110,70
exp_b,exp_b__gsm8k_test_000863__irrelevant_context__no_think,gsm8k_test_000863,no_think,irrelevant_context,,full_output,13,10,False,34,34,True,10.22557258605957,,ok,False,ok,110,70
exp_b,exp_b__gsm8k_test_000863__irrelevant_context__no_think,gsm8k_test_000863,no_think,irrelevant_context,,full_output,20,10,False,34,34,True,12.310527801513672,,ok,False,ok,110,70
exp_b,exp_b__gsm8k_test_000863__irrelevant_context__no_think,gsm8k_test_000863,no_think,irrelevant_context,,answer_segment,6,10,False,34,34,True,14.32469654083252,,ok,False,ok,110,70
exp_b,exp_b__gsm8k_test_000863__irrelevant_context__no_think,gsm8k_test_000863,no_think,irrelevant_context,,answer_segment,13,10,False,34,34,True,10.22557258605957,,ok,False,ok,110,70
exp_b,exp_b__gsm8k_test_000863__irrelevant_context__no_think,gsm8k_test_000863,no_think,irrelevant_context,,answer_segment,20,10,False,34,34,True,12.310527801513672,,ok,False,ok,110,70
exp_b,exp_b__gsm8k_test_000863__repetitive_filler__no_think,gsm8k_test_000863,no_think,repetitive_filler,,full_output,6,10,False,36,36,True,15.969085693359375,,ok,True,ok,110,110
exp_b,exp_b__gsm8k_test_000863__repetitive_filler__no_think,gsm8k_test_000863,no_think,repetitive_filler,,full_output,13,10,False,36,36,True,10.249486923217773,,ok,True,ok,110,110
exp_b,exp_b__gsm8k_test_000863__repetitive_filler__no_think,gsm8k_test_000863,no_think,repetitive_filler,,full_output,20,10,False,36,36,True,11.540060043334961,,ok,True,ok,110,110
exp_b,exp_b__gsm8k_test_000863__repetitive_filler__no_think,gsm8k_test_000863,no_think,repetitive_filler,,answer_segment,6,10,False,36,36,True,15.969085693359375,,ok,True,ok,110,110
exp_b,exp_b__gsm8k_test_000863__repetitive_filler__no_think,gsm8k_test_000863,no_think,repetitive_filler,,answer_segment,13,10,False,36,36,True,10.249486923217773,,ok,True,ok,110,110
exp_b,exp_b__gsm8k_test_000863__repetitive_filler__no_think,gsm8k_test_000863,no_think,repetitive_filler,,answer_segment,20,10,False,36,36,True,11.540060043334961,,ok,True,ok,110,110
exp_b,exp_b__gsm8k_test_000898__canonical__no_think,gsm8k_test_000898,no_think,canonical,,full_output,6,10,False,59,59,True,10.69849967956543,,ok,True,ok,110,110
exp_b,exp_b__gsm8k_test_000898__canonical__no_think,gsm8k_test_000898,no_think,canonical,,full_output,13,10,False,59,59,True,10.174751281738281,,ok,True,ok,110,110
exp_b,exp_b__gsm8k_test_000898__canonical__no_think,gsm8k_test_000898,no_think,canonical,,full_output,20,10,False,59,59,True,10.635578155517578,,ok,True,ok,110,110
exp_b,exp_b__gsm8k_test_000898__canonical__no_think,gsm8k_test_000898,no_think,canonical,,answer_segment,6,10,False,59,59,True,10.69849967956543,,ok,True,ok,110,110
exp_b,exp_b__gsm8k_test_000898__canonical__no_think,gsm8k_test_000898,no_think,canonical,,answer_segment,13,10,False,59,59,True,10.174751281738281,,ok,True,ok,110,110
exp_b,exp_b__gsm8k_test_000898__canonical__no_think,gsm8k_test_000898,no_think,canonical,,answer_segment,20,10,False,59,59,True,10.635578155517578,,ok,True,ok,110,110
exp_b,exp_b__gsm8k_test_000898__irrelevant_context__no_think,gsm8k_test_000898,no_think,irrelevant_context,,full_output,6,10,False,69,69,True,12.4232759475708,,ok,False,ok,110,100
exp_b,exp_b__gsm8k_test_000898__irrelevant_context__no_think,gsm8k_test_000898,no_think,irrelevant_context,,full_output,13,10,False,69,69,True,10.999744415283203,,ok,False,ok,110,100
exp_b,exp_b__gsm8k_test_000898__irrelevant_context__no_think,gsm8k_test_000898,no_think,irrelevant_context,,full_output,20,10,False,69,69,True,11.900337219238281,,ok,False,ok,110,100
exp_b,exp_b__gsm8k_test_000898__irrelevant_context__no_think,gsm8k_test_000898,no_think,irrelevant_context,,answer_segment,6,10,False,69,69,True,12.4232759475708,,ok,False,ok,110,100
exp_b,exp_b__gsm8k_test_000898__irrelevant_context__no_think,gsm8k_test_000898,no_think,irrelevant_context,,answer_segment,13,10,False,69,69,True,10.999744415283203,,ok,False,ok,110,100
exp_b,exp_b__gsm8k_test_000898__irrelevant_context__no_think,gsm8k_test_000898,no_think,irrelevant_context,,answer_segment,20,10,False,69,69,True,11.900337219238281,,ok,False,ok,110,100
exp_b,exp_b__gsm8k_test_000898__repetitive_filler__no_think,gsm8k_test_000898,no_think,repetitive_filler,,full_output,6,10,False,56,56,True,14.175088882446289,,ok,False,ok,110,60
exp_b,exp_b__gsm8k_test_000898__repetitive_filler__no_think,gsm8k_test_000898,no_think,repetitive_filler,,full_output,13,10,False,56,56,True,12.518669128417969,,ok,False,ok,110,60
exp_b,exp_b__gsm8k_test_000898__repetitive_filler__no_think,gsm8k_test_000898,no_think,repetitive_filler,,full_output,20,10,False,56,56,True,12.402281761169434,,ok,False,ok,110,60
exp_b,exp_b__gsm8k_test_000898__repetitive_filler__no_think,gsm8k_test_000898,no_think,repetitive_filler,,answer_segment,6,10,False,56,56,True,14.175088882446289,,ok,False,ok,110,60
exp_b,exp_b__gsm8k_test_000898__repetitive_filler__no_think,gsm8k_test_000898,no_think,repetitive_filler,,answer_segment,13,10,False,56,56,True,12.518669128417969,,ok,False,ok,110,60
exp_b,exp_b__gsm8k_test_000898__repetitive_filler__no_think,gsm8k_test_000898,no_think,repetitive_filler,,answer_segment,20,10,False,56,56,True,12.402281761169434,,ok,False,ok,110,60
exp_b,exp_b__gsm8k_test_000921__canonical__no_think,gsm8k_test_000921,no_think,canonical,,full_output,6,10,False,39,39,True,17.057559967041016,,ok,True,ok,4,4
exp_b,exp_b__gsm8k_test_000921__canonical__no_think,gsm8k_test_000921,no_think,canonical,,full_output,13,10,False,39,39,True,11.243237495422363,,ok,True,ok,4,4
exp_b,exp_b__gsm8k_test_000921__canonical__no_think,gsm8k_test_000921,no_think,canonical,,full_output,20,10,False,39,39,True,13.100166320800781,,ok,True,ok,4,4
exp_b,exp_b__gsm8k_test_000921__canonical__no_think,gsm8k_test_000921,no_think,canonical,,answer_segment,6,10,False,39,39,True,17.057559967041016,,ok,True,ok,4,4
exp_b,exp_b__gsm8k_test_000921__canonical__no_think,gsm8k_test_000921,no_think,canonical,,answer_segment,13,10,False,39,39,True,11.243237495422363,,ok,True,ok,4,4
exp_b,exp_b__gsm8k_test_000921__canonical__no_think,gsm8k_test_000921,no_think,canonical,,answer_segment,20,10,False,39,39,True,13.100166320800781,,ok,True,ok,4,4
exp_b,exp_b__gsm8k_test_000921__irrelevant_context__no_think,gsm8k_test_000921,no_think,irrelevant_context,,full_output,6,10,False,40,40,True,17.020029067993164,,ok,False,ok,4,6
exp_b,exp_b__gsm8k_test_000921__irrelevant_context__no_think,gsm8k_test_000921,no_think,irrelevant_context,,full_output,13,10,False,40,40,True,11.81267261505127,,ok,False,ok,4,6
exp_b,exp_b__gsm8k_test_000921__irrelevant_context__no_think,gsm8k_test_000921,no_think,irrelevant_context,,full_output,20,10,False,40,40,True,11.941614151000977,,ok,False,ok,4,6
exp_b,exp_b__gsm8k_test_000921__irrelevant_context__no_think,gsm8k_test_000921,no_think,irrelevant_context,,answer_segment,6,10,False,40,40,True,17.020029067993164,,ok,False,ok,4,6
exp_b,exp_b__gsm8k_test_000921__irrelevant_context__no_think,gsm8k_test_000921,no_think,irrelevant_context,,answer_segment,13,10,False,40,40,True,11.81267261505127,,ok,False,ok,4,6
exp_b,exp_b__gsm8k_test_000921__irrelevant_context__no_think,gsm8k_test_000921,no_think,irrelevant_context,,answer_segment,20,10,False,40,40,True,11.941614151000977,,ok,False,ok,4,6
exp_b,exp_b__gsm8k_test_000921__repetitive_filler__no_think,gsm8k_test_000921,no_think,repetitive_filler,,full_output,6,10,False,38,38,True,18.312528610229492,,ok,True,ok,4,4
exp_b,exp_b__gsm8k_test_000921__repetitive_filler__no_think,gsm8k_test_000921,no_think,repetitive_filler,,full_output,13,10,False,38,38,True,11.145257949829102,,ok,True,ok,4,4
exp_b,exp_b__gsm8k_test_000921__repetitive_filler__no_think,gsm8k_test_000921,no_think,repetitive_filler,,full_output,20,10,False,38,38,True,13.193075180053711,,ok,True,ok,4,4
exp_b,exp_b__gsm8k_test_000921__repetitive_filler__no_think,gsm8k_test_000921,no_think,repetitive_filler,,answer_segment,6,10,False,38,38,True,18.312528610229492,,ok,True,ok,4,4
exp_b,exp_b__gsm8k_test_000921__repetitive_filler__no_think,gsm8k_test_000921,no_think,repetitive_filler,,answer_segment,13,10,False,38,38,True,11.145257949829102,,ok,True,ok,4,4
exp_b,exp_b__gsm8k_test_000921__repetitive_filler__no_think,gsm8k_test_000921,no_think,repetitive_filler,,answer_segment,20,10,False,38,38,True,13.193075180053711,,ok,True,ok,4,4
exp_b,exp_b__gsm8k_test_000926__canonical__no_think,gsm8k_test_000926,no_think,canonical,,full_output,6,10,False,78,78,True,13.032793045043945,,ok,False,ok,1,150
exp_b,exp_b__gsm8k_test_000926__canonical__no_think,gsm8k_test_000926,no_think,canonical,,full_output,13,10,False,78,78,True,10.364694595336914,,ok,False,ok,1,150
exp_b,exp_b__gsm8k_test_000926__canonical__no_think,gsm8k_test_000926,no_think,canonical,,full_output,20,10,False,78,78,True,10.9906587600708,,ok,False,ok,1,150
exp_b,exp_b__gsm8k_test_000926__canonical__no_think,gsm8k_test_000926,no_think,canonical,,answer_segment,6,10,False,78,78,True,13.032793045043945,,ok,False,ok,1,150
exp_b,exp_b__gsm8k_test_000926__canonical__no_think,gsm8k_test_000926,no_think,canonical,,answer_segment,13,10,False,78,78,True,10.364694595336914,,ok,False,ok,1,150
exp_b,exp_b__gsm8k_test_000926__canonical__no_think,gsm8k_test_000926,no_think,canonical,,answer_segment,20,10,False,78,78,True,10.9906587600708,,ok,False,ok,1,150
exp_b,exp_b__gsm8k_test_000926__irrelevant_context__no_think,gsm8k_test_000926,no_think,irrelevant_context,,full_output,6,10,False,55,55,True,15.728231430053711,,ok,False,ok,1,10
exp_b,exp_b__gsm8k_test_000926__irrelevant_context__no_think,gsm8k_test_000926,no_think,irrelevant_context,,full_output,13,10,False,55,55,True,12.184712409973145,,ok,False,ok,1,10
exp_b,exp_b__gsm8k_test_000926__irrelevant_context__no_think,gsm8k_test_000926,no_think,irrelevant_context,,full_output,20,10,False,55,55,True,12.492847442626953,,ok,False,ok,1,10
exp_b,exp_b__gsm8k_test_000926__irrelevant_context__no_think,gsm8k_test_000926,no_think,irrelevant_context,,answer_segment,6,10,False,55,55,True,15.728231430053711,,ok,False,ok,1,10
exp_b,exp_b__gsm8k_test_000926__irrelevant_context__no_think,gsm8k_test_000926,no_think,irrelevant_context,,answer_segment,13,10,False,55,55,True,12.184712409973145,,ok,False,ok,1,10
exp_b,exp_b__gsm8k_test_000926__irrelevant_context__no_think,gsm8k_test_000926,no_think,irrelevant_context,,answer_segment,20,10,False,55,55,True,12.492847442626953,,ok,False,ok,1,10
exp_b,exp_b__gsm8k_test_000926__repetitive_filler__no_think,gsm8k_test_000926,no_think,repetitive_filler,,full_output,6,10,False,66,66,True,13.829339981079102,,ok,False,ok,1,150
exp_b,exp_b__gsm8k_test_000926__repetitive_filler__no_think,gsm8k_test_000926,no_think,repetitive_filler,,full_output,13,10,False,66,66,True,10.769988059997559,,ok,False,ok,1,150
exp_b,exp_b__gsm8k_test_000926__repetitive_filler__no_think,gsm8k_test_000926,no_think,repetitive_filler,,full_output,20,10,False,66,66,True,11.396336555480957,,ok,False,ok,1,150
exp_b,exp_b__gsm8k_test_000926__repetitive_filler__no_think,gsm8k_test_000926,no_think,repetitive_filler,,answer_segment,6,10,False,66,66,True,13.829339981079102,,ok,False,ok,1,150
exp_b,exp_b__gsm8k_test_000926__repetitive_filler__no_think,gsm8k_test_000926,no_think,repetitive_filler,,answer_segment,13,10,False,66,66,True,10.769988059997559,,ok,False,ok,1,150
exp_b,exp_b__gsm8k_test_000926__repetitive_filler__no_think,gsm8k_test_000926,no_think,repetitive_filler,,answer_segment,20,10,False,66,66,True,11.396336555480957,,ok,False,ok,1,150
exp_b,exp_b__gsm8k_test_000945__canonical__no_think,gsm8k_test_000945,no_think,canonical,,full_output,6,10,False,68,68,True,15.557726860046387,,ok,False,ok,17,10
exp_b,exp_b__gsm8k_test_000945__canonical__no_think,gsm8k_test_000945,no_think,canonical,,full_output,13,10,False,68,68,True,12.242837905883789,,ok,False,ok,17,10
exp_b,exp_b__gsm8k_test_000945__canonical__no_think,gsm8k_test_000945,no_think,canonical,,full_output,20,10,False,68,68,True,12.381129264831543,,ok,False,ok,17,10
exp_b,exp_b__gsm8k_test_000945__canonical__no_think,gsm8k_test_000945,no_think,canonical,,answer_segment,6,10,False,68,68,True,15.557726860046387,,ok,False,ok,17,10
exp_b,exp_b__gsm8k_test_000945__canonical__no_think,gsm8k_test_000945,no_think,canonical,,answer_segment,13,10,False,68,68,True,12.242837905883789,,ok,False,ok,17,10
exp_b,exp_b__gsm8k_test_000945__canonical__no_think,gsm8k_test_000945,no_think,canonical,,answer_segment,20,10,False,68,68,True,12.381129264831543,,ok,False,ok,17,10
exp_b,exp_b__gsm8k_test_000945__irrelevant_context__no_think,gsm8k_test_000945,no_think,irrelevant_context,,full_output,6,10,False,50,50,True,12.744645118713379,,ok,False,ok,17,15
exp_b,exp_b__gsm8k_test_000945__irrelevant_context__no_think,gsm8k_test_000945,no_think,irrelevant_context,,full_output,13,10,False,50,50,True,9.296832084655762,,ok,False,ok,17,15
exp_b,exp_b__gsm8k_test_000945__irrelevant_context__no_think,gsm8k_test_000945,no_think,irrelevant_context,,full_output,20,10,False,50,50,True,10.99348258972168,,ok,False,ok,17,15
exp_b,exp_b__gsm8k_test_000945__irrelevant_context__no_think,gsm8k_test_000945,no_think,irrelevant_context,,answer_segment,6,10,False,50,50,True,12.744645118713379,,ok,False,ok,17,15
exp_b,exp_b__gsm8k_test_000945__irrelevant_context__no_think,gsm8k_test_000945,no_think,irrelevant_context,,answer_segment,13,10,False,50,50,True,9.296832084655762,,ok,False,ok,17,15
exp_b,exp_b__gsm8k_test_000945__irrelevant_context__no_think,gsm8k_test_000945,no_think,irrelevant_context,,answer_segment,20,10,False,50,50,True,10.99348258972168,,ok,False,ok,17,15
exp_b,exp_b__gsm8k_test_000945__repetitive_filler__no_think,gsm8k_test_000945,no_think,repetitive_filler,,full_output,6,10,False,73,73,True,15.644380569458008,,ok,False,ok,17,10
exp_b,exp_b__gsm8k_test_000945__repetitive_filler__no_think,gsm8k_test_000945,no_think,repetitive_filler,,full_output,13,10,False,73,73,True,12.736944198608398,,ok,False,ok,17,10
exp_b,exp_b__gsm8k_test_000945__repetitive_filler__no_think,gsm8k_test_000945,no_think,repetitive_filler,,full_output,20,10,False,73,73,True,12.41256046295166,,ok,False,ok,17,10
exp_b,exp_b__gsm8k_test_000945__repetitive_filler__no_think,gsm8k_test_000945,no_think,repetitive_filler,,answer_segment,6,10,False,73,73,True,15.644380569458008,,ok,False,ok,17,10
exp_b,exp_b__gsm8k_test_000945__repetitive_filler__no_think,gsm8k_test_000945,no_think,repetitive_filler,,answer_segment,13,10,False,73,73,True,12.736944198608398,,ok,False,ok,17,10
exp_b,exp_b__gsm8k_test_000945__repetitive_filler__no_think,gsm8k_test_000945,no_think,repetitive_filler,,answer_segment,20,10,False,73,73,True,12.41256046295166,,ok,False,ok,17,10
exp_b,exp_b__gsm8k_test_000969__canonical__no_think,gsm8k_test_000969,no_think,canonical,,full_output,6,10,False,57,57,True,13.18604564666748,,ok,False,ok,1800,1500
exp_b,exp_b__gsm8k_test_000969__canonical__no_think,gsm8k_test_000969,no_think,canonical,,full_output,13,10,False,57,57,True,11.480752944946289,,ok,False,ok,1800,1500
exp_b,exp_b__gsm8k_test_000969__canonical__no_think,gsm8k_test_000969,no_think,canonical,,full_output,20,10,False,57,57,True,11.964375495910645,,ok,False,ok,1800,1500
exp_b,exp_b__gsm8k_test_000969__canonical__no_think,gsm8k_test_000969,no_think,canonical,,answer_segment,6,10,False,57,57,True,13.18604564666748,,ok,False,ok,1800,1500
exp_b,exp_b__gsm8k_test_000969__canonical__no_think,gsm8k_test_000969,no_think,canonical,,answer_segment,13,10,False,57,57,True,11.480752944946289,,ok,False,ok,1800,1500
exp_b,exp_b__gsm8k_test_000969__canonical__no_think,gsm8k_test_000969,no_think,canonical,,answer_segment,20,10,False,57,57,True,11.964375495910645,,ok,False,ok,1800,1500
exp_b,exp_b__gsm8k_test_000969__irrelevant_context__no_think,gsm8k_test_000969,no_think,irrelevant_context,,full_output,6,10,False,57,57,True,13.64779281616211,,ok,False,ok,1800,6600
exp_b,exp_b__gsm8k_test_000969__irrelevant_context__no_think,gsm8k_test_000969,no_think,irrelevant_context,,full_output,13,10,False,57,57,True,12.37530517578125,,ok,False,ok,1800,6600
exp_b,exp_b__gsm8k_test_000969__irrelevant_context__no_think,gsm8k_test_000969,no_think,irrelevant_context,,full_output,20,10,False,57,57,True,11.8466796875,,ok,False,ok,1800,6600
exp_b,exp_b__gsm8k_test_000969__irrelevant_context__no_think,gsm8k_test_000969,no_think,irrelevant_context,,answer_segment,6,10,False,57,57,True,13.64779281616211,,ok,False,ok,1800,6600
exp_b,exp_b__gsm8k_test_000969__irrelevant_context__no_think,gsm8k_test_000969,no_think,irrelevant_context,,answer_segment,13,10,False,57,57,True,12.37530517578125,,ok,False,ok,1800,6600
exp_b,exp_b__gsm8k_test_000969__irrelevant_context__no_think,gsm8k_test_000969,no_think,irrelevant_context,,answer_segment,20,10,False,57,57,True,11.8466796875,,ok,False,ok,1800,6600
exp_b,exp_b__gsm8k_test_000969__repetitive_filler__no_think,gsm8k_test_000969,no_think,repetitive_filler,,full_output,6,10,False,56,56,True,13.721494674682617,,ok,False,ok,1800,1500
exp_b,exp_b__gsm8k_test_000969__repetitive_filler__no_think,gsm8k_test_000969,no_think,repetitive_filler,,full_output,13,10,False,56,56,True,10.860918045043945,,ok,False,ok,1800,1500
exp_b,exp_b__gsm8k_test_000969__repetitive_filler__no_think,gsm8k_test_000969,no_think,repetitive_filler,,full_output,20,10,False,56,56,True,11.593427658081055,,ok,False,ok,1800,1500
exp_b,exp_b__gsm8k_test_000969__repetitive_filler__no_think,gsm8k_test_000969,no_think,repetitive_filler,,answer_segment,6,10,False,56,56,True,13.721494674682617,,ok,False,ok,1800,1500
exp_b,exp_b__gsm8k_test_000969__repetitive_filler__no_think,gsm8k_test_000969,no_think,repetitive_filler,,answer_segment,13,10,False,56,56,True,10.860918045043945,,ok,False,ok,1800,1500
exp_b,exp_b__gsm8k_test_000969__repetitive_filler__no_think,gsm8k_test_000969,no_think,repetitive_filler,,answer_segment,20,10,False,56,56,True,11.593427658081055,,ok,False,ok,1800,1500
exp_b,exp_b__gsm8k_test_000980__canonical__no_think,gsm8k_test_000980,no_think,canonical,,full_output,6,10,False,62,62,True,12.258852005004883,,ok,False,ok,90,60
exp_b,exp_b__gsm8k_test_000980__canonical__no_think,gsm8k_test_000980,no_think,canonical,,full_output,13,10,False,62,62,True,10.177475929260254,,ok,False,ok,90,60
exp_b,exp_b__gsm8k_test_000980__canonical__no_think,gsm8k_test_000980,no_think,canonical,,full_output,20,10,False,62,62,True,11.360344886779785,,ok,False,ok,90,60
exp_b,exp_b__gsm8k_test_000980__canonical__no_think,gsm8k_test_000980,no_think,canonical,,answer_segment,6,10,False,62,62,True,12.258852005004883,,ok,False,ok,90,60
exp_b,exp_b__gsm8k_test_000980__canonical__no_think,gsm8k_test_000980,no_think,canonical,,answer_segment,13,10,False,62,62,True,10.177475929260254,,ok,False,ok,90,60
exp_b,exp_b__gsm8k_test_000980__canonical__no_think,gsm8k_test_000980,no_think,canonical,,answer_segment,20,10,False,62,62,True,11.360344886779785,,ok,False,ok,90,60
exp_b,exp_b__gsm8k_test_000980__irrelevant_context__no_think,gsm8k_test_000980,no_think,irrelevant_context,,full_output,6,10,False,51,51,True,14.09821605682373,,ok,False,ok,90,60
exp_b,exp_b__gsm8k_test_000980__irrelevant_context__no_think,gsm8k_test_000980,no_think,irrelevant_context,,full_output,13,10,False,51,51,True,10.446067810058594,,ok,False,ok,90,60
exp_b,exp_b__gsm8k_test_000980__irrelevant_context__no_think,gsm8k_test_000980,no_think,irrelevant_context,,full_output,20,10,False,51,51,True,11.832979202270508,,ok,False,ok,90,60
exp_b,exp_b__gsm8k_test_000980__irrelevant_context__no_think,gsm8k_test_000980,no_think,irrelevant_context,,answer_segment,6,10,False,51,51,True,14.09821605682373,,ok,False,ok,90,60
exp_b,exp_b__gsm8k_test_000980__irrelevant_context__no_think,gsm8k_test_000980,no_think,irrelevant_context,,answer_segment,13,10,False,51,51,True,10.446067810058594,,ok,False,ok,90,60
exp_b,exp_b__gsm8k_test_000980__irrelevant_context__no_think,gsm8k_test_000980,no_think,irrelevant_context,,answer_segment,20,10,False,51,51,True,11.832979202270508,,ok,False,ok,90,60
exp_b,exp_b__gsm8k_test_000980__repetitive_filler__no_think,gsm8k_test_000980,no_think,repetitive_filler,,full_output,6,10,False,56,56,True,12.865415573120117,,ok,False,ok,90,80
exp_b,exp_b__gsm8k_test_000980__repetitive_filler__no_think,gsm8k_test_000980,no_think,repetitive_filler,,full_output,13,10,False,56,56,True,10.577906608581543,,ok,False,ok,90,80
exp_b,exp_b__gsm8k_test_000980__repetitive_filler__no_think,gsm8k_test_000980,no_think,repetitive_filler,,full_output,20,10,False,56,56,True,11.742955207824707,,ok,False,ok,90,80
exp_b,exp_b__gsm8k_test_000980__repetitive_filler__no_think,gsm8k_test_000980,no_think,repetitive_filler,,answer_segment,6,10,False,56,56,True,12.865415573120117,,ok,False,ok,90,80
exp_b,exp_b__gsm8k_test_000980__repetitive_filler__no_think,gsm8k_test_000980,no_think,repetitive_filler,,answer_segment,13,10,False,56,56,True,10.577906608581543,,ok,False,ok,90,80
exp_b,exp_b__gsm8k_test_000980__repetitive_filler__no_think,gsm8k_test_000980,no_think,repetitive_filler,,answer_segment,20,10,False,56,56,True,11.742955207824707,,ok,False,ok,90,80
exp_b,exp_b__gsm8k_test_000989__canonical__no_think,gsm8k_test_000989,no_think,canonical,,full_output,6,10,False,71,71,True,13.029449462890625,,ok,False,ok,45,25
exp_b,exp_b__gsm8k_test_000989__canonical__no_think,gsm8k_test_000989,no_think,canonical,,full_output,13,10,False,71,71,True,11.981019973754883,,ok,False,ok,45,25
exp_b,exp_b__gsm8k_test_000989__canonical__no_think,gsm8k_test_000989,no_think,canonical,,full_output,20,10,False,71,71,True,12.872238159179688,,ok,False,ok,45,25
exp_b,exp_b__gsm8k_test_000989__canonical__no_think,gsm8k_test_000989,no_think,canonical,,answer_segment,6,10,False,71,71,True,13.029449462890625,,ok,False,ok,45,25
exp_b,exp_b__gsm8k_test_000989__canonical__no_think,gsm8k_test_000989,no_think,canonical,,answer_segment,13,10,False,71,71,True,11.981019973754883,,ok,False,ok,45,25
exp_b,exp_b__gsm8k_test_000989__canonical__no_think,gsm8k_test_000989,no_think,canonical,,answer_segment,20,10,False,71,71,True,12.872238159179688,,ok,False,ok,45,25
exp_b,exp_b__gsm8k_test_000989__irrelevant_context__no_think,gsm8k_test_000989,no_think,irrelevant_context,,full_output,6,10,False,72,72,True,12.95012378692627,,ok,False,ok,45,25
exp_b,exp_b__gsm8k_test_000989__irrelevant_context__no_think,gsm8k_test_000989,no_think,irrelevant_context,,full_output,13,10,False,72,72,True,11.474081039428711,,ok,False,ok,45,25
exp_b,exp_b__gsm8k_test_000989__irrelevant_context__no_think,gsm8k_test_000989,no_think,irrelevant_context,,full_output,20,10,False,72,72,True,12.39710521697998,,ok,False,ok,45,25
exp_b,exp_b__gsm8k_test_000989__irrelevant_context__no_think,gsm8k_test_000989,no_think,irrelevant_context,,answer_segment,6,10,False,72,72,True,12.95012378692627,,ok,False,ok,45,25
exp_b,exp_b__gsm8k_test_000989__irrelevant_context__no_think,gsm8k_test_000989,no_think,irrelevant_context,,answer_segment,13,10,False,72,72,True,11.474081039428711,,ok,False,ok,45,25
exp_b,exp_b__gsm8k_test_000989__irrelevant_context__no_think,gsm8k_test_000989,no_think,irrelevant_context,,answer_segment,20,10,False,72,72,True,12.39710521697998,,ok,False,ok,45,25
exp_b,exp_b__gsm8k_test_000989__repetitive_filler__no_think,gsm8k_test_000989,no_think,repetitive_filler,,full_output,6,10,False,70,70,True,13.390758514404297,,ok,False,ok,45,25
exp_b,exp_b__gsm8k_test_000989__repetitive_filler__no_think,gsm8k_test_000989,no_think,repetitive_filler,,full_output,13,10,False,70,70,True,11.515033721923828,,ok,False,ok,45,25
exp_b,exp_b__gsm8k_test_000989__repetitive_filler__no_think,gsm8k_test_000989,no_think,repetitive_filler,,full_output,20,10,False,70,70,True,12.224356651306152,,ok,False,ok,45,25
exp_b,exp_b__gsm8k_test_000989__repetitive_filler__no_think,gsm8k_test_000989,no_think,repetitive_filler,,answer_segment,6,10,False,70,70,True,13.390758514404297,,ok,False,ok,45,25
exp_b,exp_b__gsm8k_test_000989__repetitive_filler__no_think,gsm8k_test_000989,no_think,repetitive_filler,,answer_segment,13,10,False,70,70,True,11.515033721923828,,ok,False,ok,45,25
exp_b,exp_b__gsm8k_test_000989__repetitive_filler__no_think,gsm8k_test_000989,no_think,repetitive_filler,,answer_segment,20,10,False,70,70,True,12.224356651306152,,ok,False,ok,45,25
exp_b,exp_b__gsm8k_test_000991__canonical__no_think,gsm8k_test_000991,no_think,canonical,,full_output,6,10,False,42,42,True,15.782498359680176,,ok,False,ok,15,30
exp_b,exp_b__gsm8k_test_000991__canonical__no_think,gsm8k_test_000991,no_think,canonical,,full_output,13,10,False,42,42,True,12.795063018798828,,ok,False,ok,15,30
exp_b,exp_b__gsm8k_test_000991__canonical__no_think,gsm8k_test_000991,no_think,canonical,,full_output,20,10,False,42,42,True,12.20561695098877,,ok,False,ok,15,30
exp_b,exp_b__gsm8k_test_000991__canonical__no_think,gsm8k_test_000991,no_think,canonical,,answer_segment,6,10,False,42,42,True,15.782498359680176,,ok,False,ok,15,30
exp_b,exp_b__gsm8k_test_000991__canonical__no_think,gsm8k_test_000991,no_think,canonical,,answer_segment,13,10,False,42,42,True,12.795063018798828,,ok,False,ok,15,30
exp_b,exp_b__gsm8k_test_000991__canonical__no_think,gsm8k_test_000991,no_think,canonical,,answer_segment,20,10,False,42,42,True,12.20561695098877,,ok,False,ok,15,30
exp_b,exp_b__gsm8k_test_000991__irrelevant_context__no_think,gsm8k_test_000991,no_think,irrelevant_context,,full_output,6,10,False,46,46,True,16.221914291381836,,ok,False,ok,15,90
exp_b,exp_b__gsm8k_test_000991__irrelevant_context__no_think,gsm8k_test_000991,no_think,irrelevant_context,,full_output,13,10,False,46,46,True,12.226493835449219,,ok,False,ok,15,90
exp_b,exp_b__gsm8k_test_000991__irrelevant_context__no_think,gsm8k_test_000991,no_think,irrelevant_context,,full_output,20,10,False,46,46,True,12.246443748474121,,ok,False,ok,15,90
exp_b,exp_b__gsm8k_test_000991__irrelevant_context__no_think,gsm8k_test_000991,no_think,irrelevant_context,,answer_segment,6,10,False,46,46,True,16.221914291381836,,ok,False,ok,15,90
exp_b,exp_b__gsm8k_test_000991__irrelevant_context__no_think,gsm8k_test_000991,no_think,irrelevant_context,,answer_segment,13,10,False,46,46,True,12.226493835449219,,ok,False,ok,15,90
exp_b,exp_b__gsm8k_test_000991__irrelevant_context__no_think,gsm8k_test_000991,no_think,irrelevant_context,,answer_segment,20,10,False,46,46,True,12.246443748474121,,ok,False,ok,15,90
exp_b,exp_b__gsm8k_test_000991__repetitive_filler__no_think,gsm8k_test_000991,no_think,repetitive_filler,,full_output,6,10,False,55,55,True,14.928229331970215,,ok,False,ok,15,90
exp_b,exp_b__gsm8k_test_000991__repetitive_filler__no_think,gsm8k_test_000991,no_think,repetitive_filler,,full_output,13,10,False,55,55,True,11.754495620727539,,ok,False,ok,15,90
exp_b,exp_b__gsm8k_test_000991__repetitive_filler__no_think,gsm8k_test_000991,no_think,repetitive_filler,,full_output,20,10,False,55,55,True,12.498608589172363,,ok,False,ok,15,90
exp_b,exp_b__gsm8k_test_000991__repetitive_filler__no_think,gsm8k_test_000991,no_think,repetitive_filler,,answer_segment,6,10,False,55,55,True,14.928229331970215,,ok,False,ok,15,90
exp_b,exp_b__gsm8k_test_000991__repetitive_filler__no_think,gsm8k_test_000991,no_think,repetitive_filler,,answer_segment,13,10,False,55,55,True,11.754495620727539,,ok,False,ok,15,90
exp_b,exp_b__gsm8k_test_000991__repetitive_filler__no_think,gsm8k_test_000991,no_think,repetitive_filler,,answer_segment,20,10,False,55,55,True,12.498608589172363,,ok,False,ok,15,90
exp_b,exp_b__gsm8k_test_000992__canonical__no_think,gsm8k_test_000992,no_think,canonical,,full_output,6,10,False,65,65,True,13.55638313293457,,ok,False,ok,52,7
exp_b,exp_b__gsm8k_test_000992__canonical__no_think,gsm8k_test_000992,no_think,canonical,,full_output,13,10,False,65,65,True,10.882306098937988,,ok,False,ok,52,7
exp_b,exp_b__gsm8k_test_000992__canonical__no_think,gsm8k_test_000992,no_think,canonical,,full_output,20,10,False,65,65,True,11.07205581665039,,ok,False,ok,52,7
exp_b,exp_b__gsm8k_test_000992__canonical__no_think,gsm8k_test_000992,no_think,canonical,,answer_segment,6,10,False,65,65,True,13.55638313293457,,ok,False,ok,52,7
exp_b,exp_b__gsm8k_test_000992__canonical__no_think,gsm8k_test_000992,no_think,canonical,,answer_segment,13,10,False,65,65,True,10.882306098937988,,ok,False,ok,52,7
exp_b,exp_b__gsm8k_test_000992__canonical__no_think,gsm8k_test_000992,no_think,canonical,,answer_segment,20,10,False,65,65,True,11.07205581665039,,ok,False,ok,52,7
exp_b,exp_b__gsm8k_test_000992__irrelevant_context__no_think,gsm8k_test_000992,no_think,irrelevant_context,,full_output,6,10,False,47,47,True,13.772047996520996,,ok,False,ok,52,16
exp_b,exp_b__gsm8k_test_000992__irrelevant_context__no_think,gsm8k_test_000992,no_think,irrelevant_context,,full_output,13,10,False,47,47,True,10.397089958190918,,ok,False,ok,52,16
exp_b,exp_b__gsm8k_test_000992__irrelevant_context__no_think,gsm8k_test_000992,no_think,irrelevant_context,,full_output,20,10,False,47,47,True,11.886305809020996,,ok,False,ok,52,16
exp_b,exp_b__gsm8k_test_000992__irrelevant_context__no_think,gsm8k_test_000992,no_think,irrelevant_context,,answer_segment,6,10,False,47,47,True,13.772047996520996,,ok,False,ok,52,16
exp_b,exp_b__gsm8k_test_000992__irrelevant_context__no_think,gsm8k_test_000992,no_think,irrelevant_context,,answer_segment,13,10,False,47,47,True,10.397089958190918,,ok,False,ok,52,16
exp_b,exp_b__gsm8k_test_000992__irrelevant_context__no_think,gsm8k_test_000992,no_think,irrelevant_context,,answer_segment,20,10,False,47,47,True,11.886305809020996,,ok,False,ok,52,16
exp_b,exp_b__gsm8k_test_000992__repetitive_filler__no_think,gsm8k_test_000992,no_think,repetitive_filler,,full_output,6,10,False,55,55,True,13.800603866577148,,ok,False,ok,52,5
exp_b,exp_b__gsm8k_test_000992__repetitive_filler__no_think,gsm8k_test_000992,no_think,repetitive_filler,,full_output,13,10,False,55,55,True,10.086313247680664,,ok,False,ok,52,5
exp_b,exp_b__gsm8k_test_000992__repetitive_filler__no_think,gsm8k_test_000992,no_think,repetitive_filler,,full_output,20,10,False,55,55,True,10.738975524902344,,ok,False,ok,52,5
exp_b,exp_b__gsm8k_test_000992__repetitive_filler__no_think,gsm8k_test_000992,no_think,repetitive_filler,,answer_segment,6,10,False,55,55,True,13.800603866577148,,ok,False,ok,52,5
exp_b,exp_b__gsm8k_test_000992__repetitive_filler__no_think,gsm8k_test_000992,no_think,repetitive_filler,,answer_segment,13,10,False,55,55,True,10.086313247680664,,ok,False,ok,52,5
exp_b,exp_b__gsm8k_test_000992__repetitive_filler__no_think,gsm8k_test_000992,no_think,repetitive_filler,,answer_segment,20,10,False,55,55,True,10.738975524902344,,ok,False,ok,52,5
exp_b,exp_b__gsm8k_test_000993__canonical__no_think,gsm8k_test_000993,no_think,canonical,,full_output,6,10,False,54,54,True,15.990717887878418,,ok,True,ok,11,11
exp_b,exp_b__gsm8k_test_000993__canonical__no_think,gsm8k_test_000993,no_think,canonical,,full_output,13,10,False,54,54,True,11.475747108459473,,ok,True,ok,11,11
exp_b,exp_b__gsm8k_test_000993__canonical__no_think,gsm8k_test_000993,no_think,canonical,,full_output,20,10,False,54,54,True,12.48070240020752,,ok,True,ok,11,11
exp_b,exp_b__gsm8k_test_000993__canonical__no_think,gsm8k_test_000993,no_think,canonical,,answer_segment,6,10,False,54,54,True,15.990717887878418,,ok,True,ok,11,11
exp_b,exp_b__gsm8k_test_000993__canonical__no_think,gsm8k_test_000993,no_think,canonical,,answer_segment,13,10,False,54,54,True,11.475747108459473,,ok,True,ok,11,11
exp_b,exp_b__gsm8k_test_000993__canonical__no_think,gsm8k_test_000993,no_think,canonical,,answer_segment,20,10,False,54,54,True,12.48070240020752,,ok,True,ok,11,11
exp_b,exp_b__gsm8k_test_000993__irrelevant_context__no_think,gsm8k_test_000993,no_think,irrelevant_context,,full_output,6,10,False,79,79,True,12.85401439666748,,ok,False,ok,11,15
exp_b,exp_b__gsm8k_test_000993__irrelevant_context__no_think,gsm8k_test_000993,no_think,irrelevant_context,,full_output,13,10,False,79,79,True,11.69638442993164,,ok,False,ok,11,15
exp_b,exp_b__gsm8k_test_000993__irrelevant_context__no_think,gsm8k_test_000993,no_think,irrelevant_context,,full_output,20,10,False,79,79,True,12.332653045654297,,ok,False,ok,11,15
exp_b,exp_b__gsm8k_test_000993__irrelevant_context__no_think,gsm8k_test_000993,no_think,irrelevant_context,,answer_segment,6,10,False,79,79,True,12.85401439666748,,ok,False,ok,11,15
exp_b,exp_b__gsm8k_test_000993__irrelevant_context__no_think,gsm8k_test_000993,no_think,irrelevant_context,,answer_segment,13,10,False,79,79,True,11.69638442993164,,ok,False,ok,11,15
exp_b,exp_b__gsm8k_test_000993__irrelevant_context__no_think,gsm8k_test_000993,no_think,irrelevant_context,,answer_segment,20,10,False,79,79,True,12.332653045654297,,ok,False,ok,11,15
exp_b,exp_b__gsm8k_test_000993__repetitive_filler__no_think,gsm8k_test_000993,no_think,repetitive_filler,,full_output,6,10,False,76,76,True,12.452796936035156,,ok,False,ok,11,4
exp_b,exp_b__gsm8k_test_000993__repetitive_filler__no_think,gsm8k_test_000993,no_think,repetitive_filler,,full_output,13,10,False,76,76,True,11.576179504394531,,ok,False,ok,11,4
exp_b,exp_b__gsm8k_test_000993__repetitive_filler__no_think,gsm8k_test_000993,no_think,repetitive_filler,,full_output,20,10,False,76,76,True,11.313342094421387,,ok,False,ok,11,4
exp_b,exp_b__gsm8k_test_000993__repetitive_filler__no_think,gsm8k_test_000993,no_think,repetitive_filler,,answer_segment,6,10,False,76,76,True,12.452796936035156,,ok,False,ok,11,4
exp_b,exp_b__gsm8k_test_000993__repetitive_filler__no_think,gsm8k_test_000993,no_think,repetitive_filler,,answer_segment,13,10,False,76,76,True,11.576179504394531,,ok,False,ok,11,4
exp_b,exp_b__gsm8k_test_000993__repetitive_filler__no_think,gsm8k_test_000993,no_think,repetitive_filler,,answer_segment,20,10,False,76,76,True,11.313342094421387,,ok,False,ok,11,4
exp_b,exp_b__gsm8k_test_000999__canonical__no_think,gsm8k_test_000999,no_think,canonical,,full_output,6,10,False,53,53,True,17.204326629638672,,ok,False,ok,25,66.6
exp_b,exp_b__gsm8k_test_000999__canonical__no_think,gsm8k_test_000999,no_think,canonical,,full_output,13,10,False,53,53,True,11.864872932434082,,ok,False,ok,25,66.6
exp_b,exp_b__gsm8k_test_000999__canonical__no_think,gsm8k_test_000999,no_think,canonical,,full_output,20,10,False,53,53,True,11.8172607421875,,ok,False,ok,25,66.6
exp_b,exp_b__gsm8k_test_000999__canonical__no_think,gsm8k_test_000999,no_think,canonical,,answer_segment,6,10,False,53,53,True,17.204326629638672,,ok,False,ok,25,66.6
exp_b,exp_b__gsm8k_test_000999__canonical__no_think,gsm8k_test_000999,no_think,canonical,,answer_segment,13,10,False,53,53,True,11.864872932434082,,ok,False,ok,25,66.6
exp_b,exp_b__gsm8k_test_000999__canonical__no_think,gsm8k_test_000999,no_think,canonical,,answer_segment,20,10,False,53,53,True,11.8172607421875,,ok,False,ok,25,66.6
exp_b,exp_b__gsm8k_test_000999__irrelevant_context__no_think,gsm8k_test_000999,no_think,irrelevant_context,,full_output,6,10,False,41,41,True,17.864377975463867,,ok,False,ok,25,33.33
exp_b,exp_b__gsm8k_test_000999__irrelevant_context__no_think,gsm8k_test_000999,no_think,irrelevant_context,,full_output,13,10,False,41,41,True,11.338804244995117,,ok,False,ok,25,33.33
exp_b,exp_b__gsm8k_test_000999__irrelevant_context__no_think,gsm8k_test_000999,no_think,irrelevant_context,,full_output,20,10,False,41,41,True,11.993745803833008,,ok,False,ok,25,33.33
exp_b,exp_b__gsm8k_test_000999__irrelevant_context__no_think,gsm8k_test_000999,no_think,irrelevant_context,,answer_segment,6,10,False,41,41,True,17.864377975463867,,ok,False,ok,25,33.33
exp_b,exp_b__gsm8k_test_000999__irrelevant_context__no_think,gsm8k_test_000999,no_think,irrelevant_context,,answer_segment,13,10,False,41,41,True,11.338804244995117,,ok,False,ok,25,33.33
exp_b,exp_b__gsm8k_test_000999__irrelevant_context__no_think,gsm8k_test_000999,no_think,irrelevant_context,,answer_segment,20,10,False,41,41,True,11.993745803833008,,ok,False,ok,25,33.33
exp_b,exp_b__gsm8k_test_000999__repetitive_filler__no_think,gsm8k_test_000999,no_think,repetitive_filler,,full_output,6,10,False,72,72,True,14.467731475830078,,ok,False,ok,25,66.67
exp_b,exp_b__gsm8k_test_000999__repetitive_filler__no_think,gsm8k_test_000999,no_think,repetitive_filler,,full_output,13,10,False,72,72,True,10.84011459350586,,ok,False,ok,25,66.67
exp_b,exp_b__gsm8k_test_000999__repetitive_filler__no_think,gsm8k_test_000999,no_think,repetitive_filler,,full_output,20,10,False,72,72,True,10.72432804107666,,ok,False,ok,25,66.67
exp_b,exp_b__gsm8k_test_000999__repetitive_filler__no_think,gsm8k_test_000999,no_think,repetitive_filler,,answer_segment,6,10,False,72,72,True,14.467731475830078,,ok,False,ok,25,66.67
exp_b,exp_b__gsm8k_test_000999__repetitive_filler__no_think,gsm8k_test_000999,no_think,repetitive_filler,,answer_segment,13,10,False,72,72,True,10.84011459350586,,ok,False,ok,25,66.67
exp_b,exp_b__gsm8k_test_000999__repetitive_filler__no_think,gsm8k_test_000999,no_think,repetitive_filler,,answer_segment,20,10,False,72,72,True,10.72432804107666,,ok,False,ok,25,66.67
exp_b,exp_b__gsm8k_test_001006__canonical__no_think,gsm8k_test_001006,no_think,canonical,,full_output,6,10,False,100,100,True,9.809395790100098,,ok,False,ok,826,1400
exp_b,exp_b__gsm8k_test_001006__canonical__no_think,gsm8k_test_001006,no_think,canonical,,full_output,13,10,False,100,100,True,8.549416542053223,,ok,False,ok,826,1400
exp_b,exp_b__gsm8k_test_001006__canonical__no_think,gsm8k_test_001006,no_think,canonical,,full_output,20,10,False,100,100,True,9.85104751586914,,ok,False,ok,826,1400
exp_b,exp_b__gsm8k_test_001006__canonical__no_think,gsm8k_test_001006,no_think,canonical,,answer_segment,6,10,False,100,100,True,9.809395790100098,,ok,False,ok,826,1400
exp_b,exp_b__gsm8k_test_001006__canonical__no_think,gsm8k_test_001006,no_think,canonical,,answer_segment,13,10,False,100,100,True,8.549416542053223,,ok,False,ok,826,1400
exp_b,exp_b__gsm8k_test_001006__canonical__no_think,gsm8k_test_001006,no_think,canonical,,answer_segment,20,10,False,100,100,True,9.85104751586914,,ok,False,ok,826,1400
exp_b,exp_b__gsm8k_test_001006__irrelevant_context__no_think,gsm8k_test_001006,no_think,irrelevant_context,,full_output,6,10,False,153,153,True,7.656187057495117,,ok,False,ok,826,14
exp_b,exp_b__gsm8k_test_001006__irrelevant_context__no_think,gsm8k_test_001006,no_think,irrelevant_context,,full_output,13,10,False,153,153,True,8.329710960388184,,ok,False,ok,826,14
exp_b,exp_b__gsm8k_test_001006__irrelevant_context__no_think,gsm8k_test_001006,no_think,irrelevant_context,,full_output,20,10,False,153,153,True,8.833756446838379,,ok,False,ok,826,14
exp_b,exp_b__gsm8k_test_001006__irrelevant_context__no_think,gsm8k_test_001006,no_think,irrelevant_context,,answer_segment,6,10,False,153,153,True,7.656187057495117,,ok,False,ok,826,14
exp_b,exp_b__gsm8k_test_001006__irrelevant_context__no_think,gsm8k_test_001006,no_think,irrelevant_context,,answer_segment,13,10,False,153,153,True,8.329710960388184,,ok,False,ok,826,14
exp_b,exp_b__gsm8k_test_001006__irrelevant_context__no_think,gsm8k_test_001006,no_think,irrelevant_context,,answer_segment,20,10,False,153,153,True,8.833756446838379,,ok,False,ok,826,14
exp_b,exp_b__gsm8k_test_001006__repetitive_filler__no_think,gsm8k_test_001006,no_think,repetitive_filler,,full_output,6,10,False,46,46,True,16.87872886657715,,ok,False,ok,826,1400
exp_b,exp_b__gsm8k_test_001006__repetitive_filler__no_think,gsm8k_test_001006,no_think,repetitive_filler,,full_output,13,10,False,46,46,True,11.204185485839844,,ok,False,ok,826,1400
exp_b,exp_b__gsm8k_test_001006__repetitive_filler__no_think,gsm8k_test_001006,no_think,repetitive_filler,,full_output,20,10,False,46,46,True,14.04959774017334,,ok,False,ok,826,1400
exp_b,exp_b__gsm8k_test_001006__repetitive_filler__no_think,gsm8k_test_001006,no_think,repetitive_filler,,answer_segment,6,10,False,46,46,True,16.87872886657715,,ok,False,ok,826,1400
exp_b,exp_b__gsm8k_test_001006__repetitive_filler__no_think,gsm8k_test_001006,no_think,repetitive_filler,,answer_segment,13,10,False,46,46,True,11.204185485839844,,ok,False,ok,826,1400
exp_b,exp_b__gsm8k_test_001006__repetitive_filler__no_think,gsm8k_test_001006,no_think,repetitive_filler,,answer_segment,20,10,False,46,46,True,14.04959774017334,,ok,False,ok,826,1400
exp_b,exp_b__gsm8k_test_001036__canonical__no_think,gsm8k_test_001036,no_think,canonical,,full_output,6,10,False,45,45,True,13.590408325195312,,ok,False,ok,10,80
exp_b,exp_b__gsm8k_test_001036__canonical__no_think,gsm8k_test_001036,no_think,canonical,,full_output,13,10,False,45,45,True,9.786309242248535,,ok,False,ok,10,80
exp_b,exp_b__gsm8k_test_001036__canonical__no_think,gsm8k_test_001036,no_think,canonical,,full_output,20,10,False,45,45,True,11.71769905090332,,ok,False,ok,10,80
exp_b,exp_b__gsm8k_test_001036__canonical__no_think,gsm8k_test_001036,no_think,canonical,,answer_segment,6,10,False,45,45,True,13.590408325195312,,ok,False,ok,10,80
exp_b,exp_b__gsm8k_test_001036__canonical__no_think,gsm8k_test_001036,no_think,canonical,,answer_segment,13,10,False,45,45,True,9.786309242248535,,ok,False,ok,10,80
exp_b,exp_b__gsm8k_test_001036__canonical__no_think,gsm8k_test_001036,no_think,canonical,,answer_segment,20,10,False,45,45,True,11.71769905090332,,ok,False,ok,10,80
exp_b,exp_b__gsm8k_test_001036__irrelevant_context__no_think,gsm8k_test_001036,no_think,irrelevant_context,,full_output,6,10,False,38,38,True,14.323390007019043,,ok,False,ok,10,80
exp_b,exp_b__gsm8k_test_001036__irrelevant_context__no_think,gsm8k_test_001036,no_think,irrelevant_context,,full_output,13,10,False,38,38,True,10.917208671569824,,ok,False,ok,10,80
exp_b,exp_b__gsm8k_test_001036__irrelevant_context__no_think,gsm8k_test_001036,no_think,irrelevant_context,,full_output,20,10,False,38,38,True,11.29477596282959,,ok,False,ok,10,80
exp_b,exp_b__gsm8k_test_001036__irrelevant_context__no_think,gsm8k_test_001036,no_think,irrelevant_context,,answer_segment,6,10,False,38,38,True,14.323390007019043,,ok,False,ok,10,80
exp_b,exp_b__gsm8k_test_001036__irrelevant_context__no_think,gsm8k_test_001036,no_think,irrelevant_context,,answer_segment,13,10,False,38,38,True,10.917208671569824,,ok,False,ok,10,80
exp_b,exp_b__gsm8k_test_001036__irrelevant_context__no_think,gsm8k_test_001036,no_think,irrelevant_context,,answer_segment,20,10,False,38,38,True,11.29477596282959,,ok,False,ok,10,80
exp_b,exp_b__gsm8k_test_001036__repetitive_filler__no_think,gsm8k_test_001036,no_think,repetitive_filler,,full_output,6,10,False,42,42,True,13.610093116760254,,ok,True,ok,10,10
exp_b,exp_b__gsm8k_test_001036__repetitive_filler__no_think,gsm8k_test_001036,no_think,repetitive_filler,,full_output,13,10,False,42,42,True,10.54153060913086,,ok,True,ok,10,10
exp_b,exp_b__gsm8k_test_001036__repetitive_filler__no_think,gsm8k_test_001036,no_think,repetitive_filler,,full_output,20,10,False,42,42,True,11.771986961364746,,ok,True,ok,10,10
exp_b,exp_b__gsm8k_test_001036__repetitive_filler__no_think,gsm8k_test_001036,no_think,repetitive_filler,,answer_segment,6,10,False,42,42,True,13.610093116760254,,ok,True,ok,10,10
exp_b,exp_b__gsm8k_test_001036__repetitive_filler__no_think,gsm8k_test_001036,no_think,repetitive_filler,,answer_segment,13,10,False,42,42,True,10.54153060913086,,ok,True,ok,10,10
exp_b,exp_b__gsm8k_test_001036__repetitive_filler__no_think,gsm8k_test_001036,no_think,repetitive_filler,,answer_segment,20,10,False,42,42,True,11.771986961364746,,ok,True,ok,10,10
exp_b,exp_b__gsm8k_test_001075__canonical__no_think,gsm8k_test_001075,no_think,canonical,,full_output,6,10,False,57,57,True,14.218545913696289,,ok,False,ok,16,30
exp_b,exp_b__gsm8k_test_001075__canonical__no_think,gsm8k_test_001075,no_think,canonical,,full_output,13,10,False,57,57,True,12.260180473327637,,ok,False,ok,16,30
exp_b,exp_b__gsm8k_test_001075__canonical__no_think,gsm8k_test_001075,no_think,canonical,,full_output,20,10,False,57,57,True,12.6659574508667,,ok,False,ok,16,30
exp_b,exp_b__gsm8k_test_001075__canonical__no_think,gsm8k_test_001075,no_think,canonical,,answer_segment,6,10,False,57,57,True,14.218545913696289,,ok,False,ok,16,30
exp_b,exp_b__gsm8k_test_001075__canonical__no_think,gsm8k_test_001075,no_think,canonical,,answer_segment,13,10,False,57,57,True,12.260180473327637,,ok,False,ok,16,30
exp_b,exp_b__gsm8k_test_001075__canonical__no_think,gsm8k_test_001075,no_think,canonical,,answer_segment,20,10,False,57,57,True,12.6659574508667,,ok,False,ok,16,30
exp_b,exp_b__gsm8k_test_001075__irrelevant_context__no_think,gsm8k_test_001075,no_think,irrelevant_context,,full_output,6,10,False,62,62,True,13.856637954711914,,ok,False,ok,16,10
exp_b,exp_b__gsm8k_test_001075__irrelevant_context__no_think,gsm8k_test_001075,no_think,irrelevant_context,,full_output,13,10,False,62,62,True,11.8580961227417,,ok,False,ok,16,10
exp_b,exp_b__gsm8k_test_001075__irrelevant_context__no_think,gsm8k_test_001075,no_think,irrelevant_context,,full_output,20,10,False,62,62,True,11.396590232849121,,ok,False,ok,16,10
exp_b,exp_b__gsm8k_test_001075__irrelevant_context__no_think,gsm8k_test_001075,no_think,irrelevant_context,,answer_segment,6,10,False,62,62,True,13.856637954711914,,ok,False,ok,16,10
exp_b,exp_b__gsm8k_test_001075__irrelevant_context__no_think,gsm8k_test_001075,no_think,irrelevant_context,,answer_segment,13,10,False,62,62,True,11.8580961227417,,ok,False,ok,16,10
exp_b,exp_b__gsm8k_test_001075__irrelevant_context__no_think,gsm8k_test_001075,no_think,irrelevant_context,,answer_segment,20,10,False,62,62,True,11.396590232849121,,ok,False,ok,16,10
exp_b,exp_b__gsm8k_test_001075__repetitive_filler__no_think,gsm8k_test_001075,no_think,repetitive_filler,,full_output,6,10,False,52,52,True,14.815031051635742,,ok,False,ok,16,30
exp_b,exp_b__gsm8k_test_001075__repetitive_filler__no_think,gsm8k_test_001075,no_think,repetitive_filler,,full_output,13,10,False,52,52,True,12.293802261352539,,ok,False,ok,16,30
exp_b,exp_b__gsm8k_test_001075__repetitive_filler__no_think,gsm8k_test_001075,no_think,repetitive_filler,,full_output,20,10,False,52,52,True,13.53209114074707,,ok,False,ok,16,30
exp_b,exp_b__gsm8k_test_001075__repetitive_filler__no_think,gsm8k_test_001075,no_think,repetitive_filler,,answer_segment,6,10,False,52,52,True,14.815031051635742,,ok,False,ok,16,30
exp_b,exp_b__gsm8k_test_001075__repetitive_filler__no_think,gsm8k_test_001075,no_think,repetitive_filler,,answer_segment,13,10,False,52,52,True,12.293802261352539,,ok,False,ok,16,30
exp_b,exp_b__gsm8k_test_001075__repetitive_filler__no_think,gsm8k_test_001075,no_think,repetitive_filler,,answer_segment,20,10,False,52,52,True,13.53209114074707,,ok,False,ok,16,30
exp_b,exp_b__gsm8k_test_001077__canonical__no_think,gsm8k_test_001077,no_think,canonical,,full_output,6,10,False,49,49,True,15.142731666564941,,ok,False,ok,145,50
exp_b,exp_b__gsm8k_test_001077__canonical__no_think,gsm8k_test_001077,no_think,canonical,,full_output,13,10,False,49,49,True,11.177999496459961,,ok,False,ok,145,50
exp_b,exp_b__gsm8k_test_001077__canonical__no_think,gsm8k_test_001077,no_think,canonical,,full_output,20,10,False,49,49,True,11.287642478942871,,ok,False,ok,145,50
exp_b,exp_b__gsm8k_test_001077__canonical__no_think,gsm8k_test_001077,no_think,canonical,,answer_segment,6,10,False,49,49,True,15.142731666564941,,ok,False,ok,145,50
exp_b,exp_b__gsm8k_test_001077__canonical__no_think,gsm8k_test_001077,no_think,canonical,,answer_segment,13,10,False,49,49,True,11.177999496459961,,ok,False,ok,145,50
exp_b,exp_b__gsm8k_test_001077__canonical__no_think,gsm8k_test_001077,no_think,canonical,,answer_segment,20,10,False,49,49,True,11.287642478942871,,ok,False,ok,145,50
exp_b,exp_b__gsm8k_test_001077__irrelevant_context__no_think,gsm8k_test_001077,no_think,irrelevant_context,,full_output,6,10,False,52,52,True,13.494233131408691,,ok,False,ok,145,55
exp_b,exp_b__gsm8k_test_001077__irrelevant_context__no_think,gsm8k_test_001077,no_think,irrelevant_context,,full_output,13,10,False,52,52,True,10.890864372253418,,ok,False,ok,145,55
exp_b,exp_b__gsm8k_test_001077__irrelevant_context__no_think,gsm8k_test_001077,no_think,irrelevant_context,,full_output,20,10,False,52,52,True,12.002717018127441,,ok,False,ok,145,55
exp_b,exp_b__gsm8k_test_001077__irrelevant_context__no_think,gsm8k_test_001077,no_think,irrelevant_context,,answer_segment,6,10,False,52,52,True,13.494233131408691,,ok,False,ok,145,55
exp_b,exp_b__gsm8k_test_001077__irrelevant_context__no_think,gsm8k_test_001077,no_think,irrelevant_context,,answer_segment,13,10,False,52,52,True,10.890864372253418,,ok,False,ok,145,55
exp_b,exp_b__gsm8k_test_001077__irrelevant_context__no_think,gsm8k_test_001077,no_think,irrelevant_context,,answer_segment,20,10,False,52,52,True,12.002717018127441,,ok,False,ok,145,55
exp_b,exp_b__gsm8k_test_001077__repetitive_filler__no_think,gsm8k_test_001077,no_think,repetitive_filler,,full_output,6,10,False,49,49,True,15.474506378173828,,ok,False,ok,145,60
exp_b,exp_b__gsm8k_test_001077__repetitive_filler__no_think,gsm8k_test_001077,no_think,repetitive_filler,,full_output,13,10,False,49,49,True,11.555333137512207,,ok,False,ok,145,60
exp_b,exp_b__gsm8k_test_001077__repetitive_filler__no_think,gsm8k_test_001077,no_think,repetitive_filler,,full_output,20,10,False,49,49,True,11.2848539352417,,ok,False,ok,145,60
exp_b,exp_b__gsm8k_test_001077__repetitive_filler__no_think,gsm8k_test_001077,no_think,repetitive_filler,,answer_segment,6,10,False,49,49,True,15.474506378173828,,ok,False,ok,145,60
exp_b,exp_b__gsm8k_test_001077__repetitive_filler__no_think,gsm8k_test_001077,no_think,repetitive_filler,,answer_segment,13,10,False,49,49,True,11.555333137512207,,ok,False,ok,145,60
exp_b,exp_b__gsm8k_test_001077__repetitive_filler__no_think,gsm8k_test_001077,no_think,repetitive_filler,,answer_segment,20,10,False,49,49,True,11.2848539352417,,ok,False,ok,145,60
exp_b,exp_b__gsm8k_test_001078__canonical__no_think,gsm8k_test_001078,no_think,canonical,,full_output,6,10,False,60,60,True,13.054892539978027,,ok,True,ok,8,8
exp_b,exp_b__gsm8k_test_001078__canonical__no_think,gsm8k_test_001078,no_think,canonical,,full_output,13,10,False,60,60,True,11.656126022338867,,ok,True,ok,8,8
exp_b,exp_b__gsm8k_test_001078__canonical__no_think,gsm8k_test_001078,no_think,canonical,,full_output,20,10,False,60,60,True,11.790739059448242,,ok,True,ok,8,8
exp_b,exp_b__gsm8k_test_001078__canonical__no_think,gsm8k_test_001078,no_think,canonical,,answer_segment,6,10,False,60,60,True,13.054892539978027,,ok,True,ok,8,8
exp_b,exp_b__gsm8k_test_001078__canonical__no_think,gsm8k_test_001078,no_think,canonical,,answer_segment,13,10,False,60,60,True,11.656126022338867,,ok,True,ok,8,8
exp_b,exp_b__gsm8k_test_001078__canonical__no_think,gsm8k_test_001078,no_think,canonical,,answer_segment,20,10,False,60,60,True,11.790739059448242,,ok,True,ok,8,8
exp_b,exp_b__gsm8k_test_001078__irrelevant_context__no_think,gsm8k_test_001078,no_think,irrelevant_context,,full_output,6,10,False,78,78,True,14.978096008300781,,ok,False,ok,8,80
exp_b,exp_b__gsm8k_test_001078__irrelevant_context__no_think,gsm8k_test_001078,no_think,irrelevant_context,,full_output,13,10,False,78,78,True,11.789922714233398,,ok,False,ok,8,80
exp_b,exp_b__gsm8k_test_001078__irrelevant_context__no_think,gsm8k_test_001078,no_think,irrelevant_context,,full_output,20,10,False,78,78,True,11.06943416595459,,ok,False,ok,8,80
exp_b,exp_b__gsm8k_test_001078__irrelevant_context__no_think,gsm8k_test_001078,no_think,irrelevant_context,,answer_segment,6,10,False,78,78,True,14.978096008300781,,ok,False,ok,8,80
exp_b,exp_b__gsm8k_test_001078__irrelevant_context__no_think,gsm8k_test_001078,no_think,irrelevant_context,,answer_segment,13,10,False,78,78,True,11.789922714233398,,ok,False,ok,8,80
exp_b,exp_b__gsm8k_test_001078__irrelevant_context__no_think,gsm8k_test_001078,no_think,irrelevant_context,,answer_segment,20,10,False,78,78,True,11.06943416595459,,ok,False,ok,8,80
exp_b,exp_b__gsm8k_test_001078__repetitive_filler__no_think,gsm8k_test_001078,no_think,repetitive_filler,,full_output,6,10,False,43,43,True,16.322233200073242,,ok,True,ok,8,8
exp_b,exp_b__gsm8k_test_001078__repetitive_filler__no_think,gsm8k_test_001078,no_think,repetitive_filler,,full_output,13,10,False,43,43,True,11.507983207702637,,ok,True,ok,8,8
exp_b,exp_b__gsm8k_test_001078__repetitive_filler__no_think,gsm8k_test_001078,no_think,repetitive_filler,,full_output,20,10,False,43,43,True,12.704119682312012,,ok,True,ok,8,8
exp_b,exp_b__gsm8k_test_001078__repetitive_filler__no_think,gsm8k_test_001078,no_think,repetitive_filler,,answer_segment,6,10,False,43,43,True,16.322233200073242,,ok,True,ok,8,8
exp_b,exp_b__gsm8k_test_001078__repetitive_filler__no_think,gsm8k_test_001078,no_think,repetitive_filler,,answer_segment,13,10,False,43,43,True,11.507983207702637,,ok,True,ok,8,8
exp_b,exp_b__gsm8k_test_001078__repetitive_filler__no_think,gsm8k_test_001078,no_think,repetitive_filler,,answer_segment,20,10,False,43,43,True,12.704119682312012,,ok,True,ok,8,8
exp_b,exp_b__gsm8k_test_001089__canonical__no_think,gsm8k_test_001089,no_think,canonical,,full_output,6,10,False,61,61,True,15.008101463317871,,ok,False,ok,32,16
exp_b,exp_b__gsm8k_test_001089__canonical__no_think,gsm8k_test_001089,no_think,canonical,,full_output,13,10,False,61,61,True,12.140057563781738,,ok,False,ok,32,16
exp_b,exp_b__gsm8k_test_001089__canonical__no_think,gsm8k_test_001089,no_think,canonical,,full_output,20,10,False,61,61,True,12.515951156616211,,ok,False,ok,32,16
exp_b,exp_b__gsm8k_test_001089__canonical__no_think,gsm8k_test_001089,no_think,canonical,,answer_segment,6,10,False,61,61,True,15.008101463317871,,ok,False,ok,32,16
exp_b,exp_b__gsm8k_test_001089__canonical__no_think,gsm8k_test_001089,no_think,canonical,,answer_segment,13,10,False,61,61,True,12.140057563781738,,ok,False,ok,32,16
exp_b,exp_b__gsm8k_test_001089__canonical__no_think,gsm8k_test_001089,no_think,canonical,,answer_segment,20,10,False,61,61,True,12.515951156616211,,ok,False,ok,32,16
exp_b,exp_b__gsm8k_test_001089__irrelevant_context__no_think,gsm8k_test_001089,no_think,irrelevant_context,,full_output,6,10,False,56,56,True,14.976094245910645,,ok,True,ok,32,32
exp_b,exp_b__gsm8k_test_001089__irrelevant_context__no_think,gsm8k_test_001089,no_think,irrelevant_context,,full_output,13,10,False,56,56,True,11.00990104675293,,ok,True,ok,32,32
exp_b,exp_b__gsm8k_test_001089__irrelevant_context__no_think,gsm8k_test_001089,no_think,irrelevant_context,,full_output,20,10,False,56,56,True,11.120945930480957,,ok,True,ok,32,32
exp_b,exp_b__gsm8k_test_001089__irrelevant_context__no_think,gsm8k_test_001089,no_think,irrelevant_context,,answer_segment,6,10,False,56,56,True,14.976094245910645,,ok,True,ok,32,32
exp_b,exp_b__gsm8k_test_001089__irrelevant_context__no_think,gsm8k_test_001089,no_think,irrelevant_context,,answer_segment,13,10,False,56,56,True,11.00990104675293,,ok,True,ok,32,32
exp_b,exp_b__gsm8k_test_001089__irrelevant_context__no_think,gsm8k_test_001089,no_think,irrelevant_context,,answer_segment,20,10,False,56,56,True,11.120945930480957,,ok,True,ok,32,32
exp_b,exp_b__gsm8k_test_001089__repetitive_filler__no_think,gsm8k_test_001089,no_think,repetitive_filler,,full_output,6,10,False,57,57,True,15.352859497070312,,ok,False,ok,32,24
exp_b,exp_b__gsm8k_test_001089__repetitive_filler__no_think,gsm8k_test_001089,no_think,repetitive_filler,,full_output,13,10,False,57,57,True,11.674095153808594,,ok,False,ok,32,24
exp_b,exp_b__gsm8k_test_001089__repetitive_filler__no_think,gsm8k_test_001089,no_think,repetitive_filler,,full_output,20,10,False,57,57,True,12.391019821166992,,ok,False,ok,32,24
exp_b,exp_b__gsm8k_test_001089__repetitive_filler__no_think,gsm8k_test_001089,no_think,repetitive_filler,,answer_segment,6,10,False,57,57,True,15.352859497070312,,ok,False,ok,32,24
exp_b,exp_b__gsm8k_test_001089__repetitive_filler__no_think,gsm8k_test_001089,no_think,repetitive_filler,,answer_segment,13,10,False,57,57,True,11.674095153808594,,ok,False,ok,32,24
exp_b,exp_b__gsm8k_test_001089__repetitive_filler__no_think,gsm8k_test_001089,no_think,repetitive_filler,,answer_segment,20,10,False,57,57,True,12.391019821166992,,ok,False,ok,32,24
exp_b,exp_b__gsm8k_test_001095__canonical__no_think,gsm8k_test_001095,no_think,canonical,,full_output,6,10,False,52,52,True,13.49652099609375,,ok,True,ok,270,270
exp_b,exp_b__gsm8k_test_001095__canonical__no_think,gsm8k_test_001095,no_think,canonical,,full_output,13,10,False,52,52,True,12.676427841186523,,ok,True,ok,270,270
exp_b,exp_b__gsm8k_test_001095__canonical__no_think,gsm8k_test_001095,no_think,canonical,,full_output,20,10,False,52,52,True,12.43510913848877,,ok,True,ok,270,270
exp_b,exp_b__gsm8k_test_001095__canonical__no_think,gsm8k_test_001095,no_think,canonical,,answer_segment,6,10,False,52,52,True,13.49652099609375,,ok,True,ok,270,270
exp_b,exp_b__gsm8k_test_001095__canonical__no_think,gsm8k_test_001095,no_think,canonical,,answer_segment,13,10,False,52,52,True,12.676427841186523,,ok,True,ok,270,270
exp_b,exp_b__gsm8k_test_001095__canonical__no_think,gsm8k_test_001095,no_think,canonical,,answer_segment,20,10,False,52,52,True,12.43510913848877,,ok,True,ok,270,270
exp_b,exp_b__gsm8k_test_001095__irrelevant_context__no_think,gsm8k_test_001095,no_think,irrelevant_context,,full_output,6,10,False,48,48,True,17.339330673217773,,ok,True,ok,270,270
exp_b,exp_b__gsm8k_test_001095__irrelevant_context__no_think,gsm8k_test_001095,no_think,irrelevant_context,,full_output,13,10,False,48,48,True,13.20335865020752,,ok,True,ok,270,270
exp_b,exp_b__gsm8k_test_001095__irrelevant_context__no_think,gsm8k_test_001095,no_think,irrelevant_context,,full_output,20,10,False,48,48,True,13.090705871582031,,ok,True,ok,270,270
exp_b,exp_b__gsm8k_test_001095__irrelevant_context__no_think,gsm8k_test_001095,no_think,irrelevant_context,,answer_segment,6,10,False,48,48,True,17.339330673217773,,ok,True,ok,270,270
exp_b,exp_b__gsm8k_test_001095__irrelevant_context__no_think,gsm8k_test_001095,no_think,irrelevant_context,,answer_segment,13,10,False,48,48,True,13.20335865020752,,ok,True,ok,270,270
exp_b,exp_b__gsm8k_test_001095__irrelevant_context__no_think,gsm8k_test_001095,no_think,irrelevant_context,,answer_segment,20,10,False,48,48,True,13.090705871582031,,ok,True,ok,270,270
exp_b,exp_b__gsm8k_test_001095__repetitive_filler__no_think,gsm8k_test_001095,no_think,repetitive_filler,,full_output,6,10,False,46,46,True,15.943582534790039,,ok,True,ok,270,270
exp_b,exp_b__gsm8k_test_001095__repetitive_filler__no_think,gsm8k_test_001095,no_think,repetitive_filler,,full_output,13,10,False,46,46,True,12.631209373474121,,ok,True,ok,270,270
exp_b,exp_b__gsm8k_test_001095__repetitive_filler__no_think,gsm8k_test_001095,no_think,repetitive_filler,,full_output,20,10,False,46,46,True,11.955000877380371,,ok,True,ok,270,270
exp_b,exp_b__gsm8k_test_001095__repetitive_filler__no_think,gsm8k_test_001095,no_think,repetitive_filler,,answer_segment,6,10,False,46,46,True,15.943582534790039,,ok,True,ok,270,270
exp_b,exp_b__gsm8k_test_001095__repetitive_filler__no_think,gsm8k_test_001095,no_think,repetitive_filler,,answer_segment,13,10,False,46,46,True,12.631209373474121,,ok,True,ok,270,270
exp_b,exp_b__gsm8k_test_001095__repetitive_filler__no_think,gsm8k_test_001095,no_think,repetitive_filler,,answer_segment,20,10,False,46,46,True,11.955000877380371,,ok,True,ok,270,270
exp_b,exp_b__gsm8k_test_001099__canonical__no_think,gsm8k_test_001099,no_think,canonical,,full_output,6,10,False,45,45,True,14.146952629089355,,ok,True,ok,2,2
exp_b,exp_b__gsm8k_test_001099__canonical__no_think,gsm8k_test_001099,no_think,canonical,,full_output,13,10,False,45,45,True,10.580204963684082,,ok,True,ok,2,2
exp_b,exp_b__gsm8k_test_001099__canonical__no_think,gsm8k_test_001099,no_think,canonical,,full_output,20,10,False,45,45,True,10.922122955322266,,ok,True,ok,2,2
exp_b,exp_b__gsm8k_test_001099__canonical__no_think,gsm8k_test_001099,no_think,canonical,,answer_segment,6,10,False,45,45,True,14.146952629089355,,ok,True,ok,2,2
exp_b,exp_b__gsm8k_test_001099__canonical__no_think,gsm8k_test_001099,no_think,canonical,,answer_segment,13,10,False,45,45,True,10.580204963684082,,ok,True,ok,2,2
exp_b,exp_b__gsm8k_test_001099__canonical__no_think,gsm8k_test_001099,no_think,canonical,,answer_segment,20,10,False,45,45,True,10.922122955322266,,ok,True,ok,2,2
exp_b,exp_b__gsm8k_test_001099__irrelevant_context__no_think,gsm8k_test_001099,no_think,irrelevant_context,,full_output,6,10,False,48,48,True,14.986645698547363,,ok,False,ok,2,3
exp_b,exp_b__gsm8k_test_001099__irrelevant_context__no_think,gsm8k_test_001099,no_think,irrelevant_context,,full_output,13,10,False,48,48,True,11.260226249694824,,ok,False,ok,2,3
exp_b,exp_b__gsm8k_test_001099__irrelevant_context__no_think,gsm8k_test_001099,no_think,irrelevant_context,,full_output,20,10,False,48,48,True,12.135319709777832,,ok,False,ok,2,3
exp_b,exp_b__gsm8k_test_001099__irrelevant_context__no_think,gsm8k_test_001099,no_think,irrelevant_context,,answer_segment,6,10,False,48,48,True,14.986645698547363,,ok,False,ok,2,3
exp_b,exp_b__gsm8k_test_001099__irrelevant_context__no_think,gsm8k_test_001099,no_think,irrelevant_context,,answer_segment,13,10,False,48,48,True,11.260226249694824,,ok,False,ok,2,3
exp_b,exp_b__gsm8k_test_001099__irrelevant_context__no_think,gsm8k_test_001099,no_think,irrelevant_context,,answer_segment,20,10,False,48,48,True,12.135319709777832,,ok,False,ok,2,3
exp_b,exp_b__gsm8k_test_001099__repetitive_filler__no_think,gsm8k_test_001099,no_think,repetitive_filler,,full_output,6,10,False,43,43,True,13.930709838867188,,ok,True,ok,2,2
exp_b,exp_b__gsm8k_test_001099__repetitive_filler__no_think,gsm8k_test_001099,no_think,repetitive_filler,,full_output,13,10,False,43,43,True,10.895060539245605,,ok,True,ok,2,2
exp_b,exp_b__gsm8k_test_001099__repetitive_filler__no_think,gsm8k_test_001099,no_think,repetitive_filler,,full_output,20,10,False,43,43,True,11.26211166381836,,ok,True,ok,2,2
exp_b,exp_b__gsm8k_test_001099__repetitive_filler__no_think,gsm8k_test_001099,no_think,repetitive_filler,,answer_segment,6,10,False,43,43,True,13.930709838867188,,ok,True,ok,2,2
exp_b,exp_b__gsm8k_test_001099__repetitive_filler__no_think,gsm8k_test_001099,no_think,repetitive_filler,,answer_segment,13,10,False,43,43,True,10.895060539245605,,ok,True,ok,2,2
exp_b,exp_b__gsm8k_test_001099__repetitive_filler__no_think,gsm8k_test_001099,no_think,repetitive_filler,,answer_segment,20,10,False,43,43,True,11.26211166381836,,ok,True,ok,2,2
exp_b,exp_b__gsm8k_test_001101__canonical__no_think,gsm8k_test_001101,no_think,canonical,,full_output,6,10,False,49,49,True,13.219884872436523,,ok,False,ok,16,28
exp_b,exp_b__gsm8k_test_001101__canonical__no_think,gsm8k_test_001101,no_think,canonical,,full_output,13,10,False,49,49,True,11.604578018188477,,ok,False,ok,16,28
exp_b,exp_b__gsm8k_test_001101__canonical__no_think,gsm8k_test_001101,no_think,canonical,,full_output,20,10,False,49,49,True,10.847453117370605,,ok,False,ok,16,28
exp_b,exp_b__gsm8k_test_001101__canonical__no_think,gsm8k_test_001101,no_think,canonical,,answer_segment,6,10,False,49,49,True,13.219884872436523,,ok,False,ok,16,28
exp_b,exp_b__gsm8k_test_001101__canonical__no_think,gsm8k_test_001101,no_think,canonical,,answer_segment,13,10,False,49,49,True,11.604578018188477,,ok,False,ok,16,28
exp_b,exp_b__gsm8k_test_001101__canonical__no_think,gsm8k_test_001101,no_think,canonical,,answer_segment,20,10,False,49,49,True,10.847453117370605,,ok,False,ok,16,28
exp_b,exp_b__gsm8k_test_001101__irrelevant_context__no_think,gsm8k_test_001101,no_think,irrelevant_context,,full_output,6,10,False,42,42,True,11.781011581420898,,ok,False,ok,16,28
exp_b,exp_b__gsm8k_test_001101__irrelevant_context__no_think,gsm8k_test_001101,no_think,irrelevant_context,,full_output,13,10,False,42,42,True,8.387895584106445,,ok,False,ok,16,28
exp_b,exp_b__gsm8k_test_001101__irrelevant_context__no_think,gsm8k_test_001101,no_think,irrelevant_context,,full_output,20,10,False,42,42,True,10.768901824951172,,ok,False,ok,16,28
exp_b,exp_b__gsm8k_test_001101__irrelevant_context__no_think,gsm8k_test_001101,no_think,irrelevant_context,,answer_segment,6,10,False,42,42,True,11.781011581420898,,ok,False,ok,16,28
exp_b,exp_b__gsm8k_test_001101__irrelevant_context__no_think,gsm8k_test_001101,no_think,irrelevant_context,,answer_segment,13,10,False,42,42,True,8.387895584106445,,ok,False,ok,16,28
exp_b,exp_b__gsm8k_test_001101__irrelevant_context__no_think,gsm8k_test_001101,no_think,irrelevant_context,,answer_segment,20,10,False,42,42,True,10.768901824951172,,ok,False,ok,16,28
exp_b,exp_b__gsm8k_test_001101__repetitive_filler__no_think,gsm8k_test_001101,no_think,repetitive_filler,,full_output,6,10,False,38,38,True,15.385356903076172,,ok,False,ok,16,28
exp_b,exp_b__gsm8k_test_001101__repetitive_filler__no_think,gsm8k_test_001101,no_think,repetitive_filler,,full_output,13,10,False,38,38,True,10.98962116241455,,ok,False,ok,16,28
exp_b,exp_b__gsm8k_test_001101__repetitive_filler__no_think,gsm8k_test_001101,no_think,repetitive_filler,,full_output,20,10,False,38,38,True,11.758103370666504,,ok,False,ok,16,28
exp_b,exp_b__gsm8k_test_001101__repetitive_filler__no_think,gsm8k_test_001101,no_think,repetitive_filler,,answer_segment,6,10,False,38,38,True,15.385356903076172,,ok,False,ok,16,28
exp_b,exp_b__gsm8k_test_001101__repetitive_filler__no_think,gsm8k_test_001101,no_think,repetitive_filler,,answer_segment,13,10,False,38,38,True,10.98962116241455,,ok,False,ok,16,28
exp_b,exp_b__gsm8k_test_001101__repetitive_filler__no_think,gsm8k_test_001101,no_think,repetitive_filler,,answer_segment,20,10,False,38,38,True,11.758103370666504,,ok,False,ok,16,28
exp_b,exp_b__gsm8k_test_001102__canonical__no_think,gsm8k_test_001102,no_think,canonical,,full_output,6,10,False,102,102,True,13.356263160705566,,ok,False,ok,113,70
exp_b,exp_b__gsm8k_test_001102__canonical__no_think,gsm8k_test_001102,no_think,canonical,,full_output,13,10,False,102,102,True,11.282188415527344,,ok,False,ok,113,70
exp_b,exp_b__gsm8k_test_001102__canonical__no_think,gsm8k_test_001102,no_think,canonical,,full_output,20,10,False,102,102,True,11.850346565246582,,ok,False,ok,113,70
exp_b,exp_b__gsm8k_test_001102__canonical__no_think,gsm8k_test_001102,no_think,canonical,,answer_segment,6,10,False,102,102,True,13.356263160705566,,ok,False,ok,113,70
exp_b,exp_b__gsm8k_test_001102__canonical__no_think,gsm8k_test_001102,no_think,canonical,,answer_segment,13,10,False,102,102,True,11.282188415527344,,ok,False,ok,113,70
exp_b,exp_b__gsm8k_test_001102__canonical__no_think,gsm8k_test_001102,no_think,canonical,,answer_segment,20,10,False,102,102,True,11.850346565246582,,ok,False,ok,113,70
exp_b,exp_b__gsm8k_test_001102__irrelevant_context__no_think,gsm8k_test_001102,no_think,irrelevant_context,,full_output,6,10,False,78,78,True,13.826801300048828,,ok,False,ok,113,70
exp_b,exp_b__gsm8k_test_001102__irrelevant_context__no_think,gsm8k_test_001102,no_think,irrelevant_context,,full_output,13,10,False,78,78,True,10.939530372619629,,ok,False,ok,113,70
exp_b,exp_b__gsm8k_test_001102__irrelevant_context__no_think,gsm8k_test_001102,no_think,irrelevant_context,,full_output,20,10,False,78,78,True,12.078462600708008,,ok,False,ok,113,70
exp_b,exp_b__gsm8k_test_001102__irrelevant_context__no_think,gsm8k_test_001102,no_think,irrelevant_context,,answer_segment,6,10,False,78,78,True,13.826801300048828,,ok,False,ok,113,70
exp_b,exp_b__gsm8k_test_001102__irrelevant_context__no_think,gsm8k_test_001102,no_think,irrelevant_context,,answer_segment,13,10,False,78,78,True,10.939530372619629,,ok,False,ok,113,70
exp_b,exp_b__gsm8k_test_001102__irrelevant_context__no_think,gsm8k_test_001102,no_think,irrelevant_context,,answer_segment,20,10,False,78,78,True,12.078462600708008,,ok,False,ok,113,70
exp_b,exp_b__gsm8k_test_001102__repetitive_filler__no_think,gsm8k_test_001102,no_think,repetitive_filler,,full_output,6,10,False,103,103,True,13.747767448425293,,ok,False,ok,113,70
exp_b,exp_b__gsm8k_test_001102__repetitive_filler__no_think,gsm8k_test_001102,no_think,repetitive_filler,,full_output,13,10,False,103,103,True,11.748482704162598,,ok,False,ok,113,70
exp_b,exp_b__gsm8k_test_001102__repetitive_filler__no_think,gsm8k_test_001102,no_think,repetitive_filler,,full_output,20,10,False,103,103,True,11.727195739746094,,ok,False,ok,113,70
exp_b,exp_b__gsm8k_test_001102__repetitive_filler__no_think,gsm8k_test_001102,no_think,repetitive_filler,,answer_segment,6,10,False,103,103,True,13.747767448425293,,ok,False,ok,113,70
exp_b,exp_b__gsm8k_test_001102__repetitive_filler__no_think,gsm8k_test_001102,no_think,repetitive_filler,,answer_segment,13,10,False,103,103,True,11.748482704162598,,ok,False,ok,113,70
exp_b,exp_b__gsm8k_test_001102__repetitive_filler__no_think,gsm8k_test_001102,no_think,repetitive_filler,,answer_segment,20,10,False,103,103,True,11.727195739746094,,ok,False,ok,113,70
exp_b,exp_b__gsm8k_test_001115__canonical__no_think,gsm8k_test_001115,no_think,canonical,,full_output,6,10,False,43,43,True,14.692733764648438,,ok,True,ok,5,5
exp_b,exp_b__gsm8k_test_001115__canonical__no_think,gsm8k_test_001115,no_think,canonical,,full_output,13,10,False,43,43,True,10.859485626220703,,ok,True,ok,5,5
exp_b,exp_b__gsm8k_test_001115__canonical__no_think,gsm8k_test_001115,no_think,canonical,,full_output,20,10,False,43,43,True,11.477337837219238,,ok,True,ok,5,5
exp_b,exp_b__gsm8k_test_001115__canonical__no_think,gsm8k_test_001115,no_think,canonical,,answer_segment,6,10,False,43,43,True,14.692733764648438,,ok,True,ok,5,5
exp_b,exp_b__gsm8k_test_001115__canonical__no_think,gsm8k_test_001115,no_think,canonical,,answer_segment,13,10,False,43,43,True,10.859485626220703,,ok,True,ok,5,5
exp_b,exp_b__gsm8k_test_001115__canonical__no_think,gsm8k_test_001115,no_think,canonical,,answer_segment,20,10,False,43,43,True,11.477337837219238,,ok,True,ok,5,5
exp_b,exp_b__gsm8k_test_001115__irrelevant_context__no_think,gsm8k_test_001115,no_think,irrelevant_context,,full_output,6,10,False,62,62,True,13.252803802490234,,ok,False,ok,5,2
exp_b,exp_b__gsm8k_test_001115__irrelevant_context__no_think,gsm8k_test_001115,no_think,irrelevant_context,,full_output,13,10,False,62,62,True,11.517130851745605,,ok,False,ok,5,2
exp_b,exp_b__gsm8k_test_001115__irrelevant_context__no_think,gsm8k_test_001115,no_think,irrelevant_context,,full_output,20,10,False,62,62,True,12.30527114868164,,ok,False,ok,5,2
exp_b,exp_b__gsm8k_test_001115__irrelevant_context__no_think,gsm8k_test_001115,no_think,irrelevant_context,,answer_segment,6,10,False,62,62,True,13.252803802490234,,ok,False,ok,5,2
exp_b,exp_b__gsm8k_test_001115__irrelevant_context__no_think,gsm8k_test_001115,no_think,irrelevant_context,,answer_segment,13,10,False,62,62,True,11.517130851745605,,ok,False,ok,5,2
exp_b,exp_b__gsm8k_test_001115__irrelevant_context__no_think,gsm8k_test_001115,no_think,irrelevant_context,,answer_segment,20,10,False,62,62,True,12.30527114868164,,ok,False,ok,5,2
exp_b,exp_b__gsm8k_test_001115__repetitive_filler__no_think,gsm8k_test_001115,no_think,repetitive_filler,,full_output,6,10,False,43,43,True,14.620887756347656,,ok,True,ok,5,5
exp_b,exp_b__gsm8k_test_001115__repetitive_filler__no_think,gsm8k_test_001115,no_think,repetitive_filler,,full_output,13,10,False,43,43,True,10.845728874206543,,ok,True,ok,5,5
exp_b,exp_b__gsm8k_test_001115__repetitive_filler__no_think,gsm8k_test_001115,no_think,repetitive_filler,,full_output,20,10,False,43,43,True,11.204743385314941,,ok,True,ok,5,5
exp_b,exp_b__gsm8k_test_001115__repetitive_filler__no_think,gsm8k_test_001115,no_think,repetitive_filler,,answer_segment,6,10,False,43,43,True,14.620887756347656,,ok,True,ok,5,5
exp_b,exp_b__gsm8k_test_001115__repetitive_filler__no_think,gsm8k_test_001115,no_think,repetitive_filler,,answer_segment,13,10,False,43,43,True,10.845728874206543,,ok,True,ok,5,5
exp_b,exp_b__gsm8k_test_001115__repetitive_filler__no_think,gsm8k_test_001115,no_think,repetitive_filler,,answer_segment,20,10,False,43,43,True,11.204743385314941,,ok,True,ok,5,5
exp_b,exp_b__gsm8k_test_001130__canonical__no_think,gsm8k_test_001130,no_think,canonical,,full_output,6,10,False,93,93,True,12.31052303314209,,ok,True,ok,25,25
exp_b,exp_b__gsm8k_test_001130__canonical__no_think,gsm8k_test_001130,no_think,canonical,,full_output,13,10,False,93,93,True,11.021668434143066,,ok,True,ok,25,25
exp_b,exp_b__gsm8k_test_001130__canonical__no_think,gsm8k_test_001130,no_think,canonical,,full_output,20,10,False,93,93,True,10.247945785522461,,ok,True,ok,25,25
exp_b,exp_b__gsm8k_test_001130__canonical__no_think,gsm8k_test_001130,no_think,canonical,,answer_segment,6,10,False,93,93,True,12.31052303314209,,ok,True,ok,25,25
exp_b,exp_b__gsm8k_test_001130__canonical__no_think,gsm8k_test_001130,no_think,canonical,,answer_segment,13,10,False,93,93,True,11.021668434143066,,ok,True,ok,25,25
exp_b,exp_b__gsm8k_test_001130__canonical__no_think,gsm8k_test_001130,no_think,canonical,,answer_segment,20,10,False,93,93,True,10.247945785522461,,ok,True,ok,25,25
exp_b,exp_b__gsm8k_test_001130__irrelevant_context__no_think,gsm8k_test_001130,no_think,irrelevant_context,,full_output,6,10,False,68,68,True,10.026592254638672,,ok,False,ok,25,20
exp_b,exp_b__gsm8k_test_001130__irrelevant_context__no_think,gsm8k_test_001130,no_think,irrelevant_context,,full_output,13,10,False,68,68,True,8.864524841308594,,ok,False,ok,25,20
exp_b,exp_b__gsm8k_test_001130__irrelevant_context__no_think,gsm8k_test_001130,no_think,irrelevant_context,,full_output,20,10,False,68,68,True,9.978872299194336,,ok,False,ok,25,20
exp_b,exp_b__gsm8k_test_001130__irrelevant_context__no_think,gsm8k_test_001130,no_think,irrelevant_context,,answer_segment,6,10,False,68,68,True,10.026592254638672,,ok,False,ok,25,20
exp_b,exp_b__gsm8k_test_001130__irrelevant_context__no_think,gsm8k_test_001130,no_think,irrelevant_context,,answer_segment,13,10,False,68,68,True,8.864524841308594,,ok,False,ok,25,20
exp_b,exp_b__gsm8k_test_001130__irrelevant_context__no_think,gsm8k_test_001130,no_think,irrelevant_context,,answer_segment,20,10,False,68,68,True,9.978872299194336,,ok,False,ok,25,20
exp_b,exp_b__gsm8k_test_001130__repetitive_filler__no_think,gsm8k_test_001130,no_think,repetitive_filler,,full_output,6,10,False,69,69,True,12.894376754760742,,ok,False,ok,25,400
exp_b,exp_b__gsm8k_test_001130__repetitive_filler__no_think,gsm8k_test_001130,no_think,repetitive_filler,,full_output,13,10,False,69,69,True,11.027129173278809,,ok,False,ok,25,400
exp_b,exp_b__gsm8k_test_001130__repetitive_filler__no_think,gsm8k_test_001130,no_think,repetitive_filler,,full_output,20,10,False,69,69,True,10.7476167678833,,ok,False,ok,25,400
exp_b,exp_b__gsm8k_test_001130__repetitive_filler__no_think,gsm8k_test_001130,no_think,repetitive_filler,,answer_segment,6,10,False,69,69,True,12.894376754760742,,ok,False,ok,25,400
exp_b,exp_b__gsm8k_test_001130__repetitive_filler__no_think,gsm8k_test_001130,no_think,repetitive_filler,,answer_segment,13,10,False,69,69,True,11.027129173278809,,ok,False,ok,25,400
exp_b,exp_b__gsm8k_test_001130__repetitive_filler__no_think,gsm8k_test_001130,no_think,repetitive_filler,,answer_segment,20,10,False,69,69,True,10.7476167678833,,ok,False,ok,25,400
exp_b,exp_b__gsm8k_test_001134__canonical__no_think,gsm8k_test_001134,no_think,canonical,,full_output,6,10,False,46,46,True,14.636894226074219,,ok,False,ok,7,4
exp_b,exp_b__gsm8k_test_001134__canonical__no_think,gsm8k_test_001134,no_think,canonical,,full_output,13,10,False,46,46,True,11.243404388427734,,ok,False,ok,7,4
exp_b,exp_b__gsm8k_test_001134__canonical__no_think,gsm8k_test_001134,no_think,canonical,,full_output,20,10,False,46,46,True,12.686882972717285,,ok,False,ok,7,4
exp_b,exp_b__gsm8k_test_001134__canonical__no_think,gsm8k_test_001134,no_think,canonical,,answer_segment,6,10,False,46,46,True,14.636894226074219,,ok,False,ok,7,4
exp_b,exp_b__gsm8k_test_001134__canonical__no_think,gsm8k_test_001134,no_think,canonical,,answer_segment,13,10,False,46,46,True,11.243404388427734,,ok,False,ok,7,4
exp_b,exp_b__gsm8k_test_001134__canonical__no_think,gsm8k_test_001134,no_think,canonical,,answer_segment,20,10,False,46,46,True,12.686882972717285,,ok,False,ok,7,4
exp_b,exp_b__gsm8k_test_001134__irrelevant_context__no_think,gsm8k_test_001134,no_think,irrelevant_context,,full_output,6,10,False,40,40,True,13.901089668273926,,ok,False,ok,7,15
exp_b,exp_b__gsm8k_test_001134__irrelevant_context__no_think,gsm8k_test_001134,no_think,irrelevant_context,,full_output,13,10,False,40,40,True,10.943305969238281,,ok,False,ok,7,15
exp_b,exp_b__gsm8k_test_001134__irrelevant_context__no_think,gsm8k_test_001134,no_think,irrelevant_context,,full_output,20,10,False,40,40,True,13.337611198425293,,ok,False,ok,7,15
exp_b,exp_b__gsm8k_test_001134__irrelevant_context__no_think,gsm8k_test_001134,no_think,irrelevant_context,,answer_segment,6,10,False,40,40,True,13.901089668273926,,ok,False,ok,7,15
exp_b,exp_b__gsm8k_test_001134__irrelevant_context__no_think,gsm8k_test_001134,no_think,irrelevant_context,,answer_segment,13,10,False,40,40,True,10.943305969238281,,ok,False,ok,7,15
exp_b,exp_b__gsm8k_test_001134__irrelevant_context__no_think,gsm8k_test_001134,no_think,irrelevant_context,,answer_segment,20,10,False,40,40,True,13.337611198425293,,ok,False,ok,7,15
exp_b,exp_b__gsm8k_test_001134__repetitive_filler__no_think,gsm8k_test_001134,no_think,repetitive_filler,,full_output,6,10,False,52,52,True,12.98993968963623,,ok,True,ok,7,7
exp_b,exp_b__gsm8k_test_001134__repetitive_filler__no_think,gsm8k_test_001134,no_think,repetitive_filler,,full_output,13,10,False,52,52,True,10.56658935546875,,ok,True,ok,7,7
exp_b,exp_b__gsm8k_test_001134__repetitive_filler__no_think,gsm8k_test_001134,no_think,repetitive_filler,,full_output,20,10,False,52,52,True,10.551615715026855,,ok,True,ok,7,7
exp_b,exp_b__gsm8k_test_001134__repetitive_filler__no_think,gsm8k_test_001134,no_think,repetitive_filler,,answer_segment,6,10,False,52,52,True,12.98993968963623,,ok,True,ok,7,7
exp_b,exp_b__gsm8k_test_001134__repetitive_filler__no_think,gsm8k_test_001134,no_think,repetitive_filler,,answer_segment,13,10,False,52,52,True,10.56658935546875,,ok,True,ok,7,7
exp_b,exp_b__gsm8k_test_001134__repetitive_filler__no_think,gsm8k_test_001134,no_think,repetitive_filler,,answer_segment,20,10,False,52,52,True,10.551615715026855,,ok,True,ok,7,7
exp_b,exp_b__gsm8k_test_001140__canonical__no_think,gsm8k_test_001140,no_think,canonical,,full_output,6,10,False,39,39,True,14.949528694152832,,ok,False,ok,27,18
exp_b,exp_b__gsm8k_test_001140__canonical__no_think,gsm8k_test_001140,no_think,canonical,,full_output,13,10,False,39,39,True,11.187437057495117,,ok,False,ok,27,18
exp_b,exp_b__gsm8k_test_001140__canonical__no_think,gsm8k_test_001140,no_think,canonical,,full_output,20,10,False,39,39,True,12.422362327575684,,ok,False,ok,27,18
exp_b,exp_b__gsm8k_test_001140__canonical__no_think,gsm8k_test_001140,no_think,canonical,,answer_segment,6,10,False,39,39,True,14.949528694152832,,ok,False,ok,27,18
exp_b,exp_b__gsm8k_test_001140__canonical__no_think,gsm8k_test_001140,no_think,canonical,,answer_segment,13,10,False,39,39,True,11.187437057495117,,ok,False,ok,27,18
exp_b,exp_b__gsm8k_test_001140__canonical__no_think,gsm8k_test_001140,no_think,canonical,,answer_segment,20,10,False,39,39,True,12.422362327575684,,ok,False,ok,27,18
exp_b,exp_b__gsm8k_test_001140__irrelevant_context__no_think,gsm8k_test_001140,no_think,irrelevant_context,,full_output,6,10,False,40,40,True,13.763958930969238,,ok,False,ok,27,18
exp_b,exp_b__gsm8k_test_001140__irrelevant_context__no_think,gsm8k_test_001140,no_think,irrelevant_context,,full_output,13,10,False,40,40,True,11.367039680480957,,ok,False,ok,27,18
exp_b,exp_b__gsm8k_test_001140__irrelevant_context__no_think,gsm8k_test_001140,no_think,irrelevant_context,,full_output,20,10,False,40,40,True,12.559000015258789,,ok,False,ok,27,18
exp_b,exp_b__gsm8k_test_001140__irrelevant_context__no_think,gsm8k_test_001140,no_think,irrelevant_context,,answer_segment,6,10,False,40,40,True,13.763958930969238,,ok,False,ok,27,18
exp_b,exp_b__gsm8k_test_001140__irrelevant_context__no_think,gsm8k_test_001140,no_think,irrelevant_context,,answer_segment,13,10,False,40,40,True,11.367039680480957,,ok,False,ok,27,18
exp_b,exp_b__gsm8k_test_001140__irrelevant_context__no_think,gsm8k_test_001140,no_think,irrelevant_context,,answer_segment,20,10,False,40,40,True,12.559000015258789,,ok,False,ok,27,18
exp_b,exp_b__gsm8k_test_001140__repetitive_filler__no_think,gsm8k_test_001140,no_think,repetitive_filler,,full_output,6,10,False,39,39,True,15.602219581604004,,ok,False,ok,27,18
exp_b,exp_b__gsm8k_test_001140__repetitive_filler__no_think,gsm8k_test_001140,no_think,repetitive_filler,,full_output,13,10,False,39,39,True,11.133903503417969,,ok,False,ok,27,18
exp_b,exp_b__gsm8k_test_001140__repetitive_filler__no_think,gsm8k_test_001140,no_think,repetitive_filler,,full_output,20,10,False,39,39,True,12.567437171936035,,ok,False,ok,27,18
exp_b,exp_b__gsm8k_test_001140__repetitive_filler__no_think,gsm8k_test_001140,no_think,repetitive_filler,,answer_segment,6,10,False,39,39,True,15.602219581604004,,ok,False,ok,27,18
exp_b,exp_b__gsm8k_test_001140__repetitive_filler__no_think,gsm8k_test_001140,no_think,repetitive_filler,,answer_segment,13,10,False,39,39,True,11.133903503417969,,ok,False,ok,27,18
exp_b,exp_b__gsm8k_test_001140__repetitive_filler__no_think,gsm8k_test_001140,no_think,repetitive_filler,,answer_segment,20,10,False,39,39,True,12.567437171936035,,ok,False,ok,27,18
exp_b,exp_b__gsm8k_test_001178__canonical__no_think,gsm8k_test_001178,no_think,canonical,,full_output,6,10,False,38,38,True,17.130399703979492,,ok,True,ok,17,17
exp_b,exp_b__gsm8k_test_001178__canonical__no_think,gsm8k_test_001178,no_think,canonical,,full_output,13,10,False,38,38,True,10.811264991760254,,ok,True,ok,17,17
exp_b,exp_b__gsm8k_test_001178__canonical__no_think,gsm8k_test_001178,no_think,canonical,,full_output,20,10,False,38,38,True,13.91553020477295,,ok,True,ok,17,17
exp_b,exp_b__gsm8k_test_001178__canonical__no_think,gsm8k_test_001178,no_think,canonical,,answer_segment,6,10,False,38,38,True,17.130399703979492,,ok,True,ok,17,17
exp_b,exp_b__gsm8k_test_001178__canonical__no_think,gsm8k_test_001178,no_think,canonical,,answer_segment,13,10,False,38,38,True,10.811264991760254,,ok,True,ok,17,17
exp_b,exp_b__gsm8k_test_001178__canonical__no_think,gsm8k_test_001178,no_think,canonical,,answer_segment,20,10,False,38,38,True,13.91553020477295,,ok,True,ok,17,17
exp_b,exp_b__gsm8k_test_001178__irrelevant_context__no_think,gsm8k_test_001178,no_think,irrelevant_context,,full_output,6,10,False,37,37,True,13.643396377563477,,ok,True,ok,17,17
exp_b,exp_b__gsm8k_test_001178__irrelevant_context__no_think,gsm8k_test_001178,no_think,irrelevant_context,,full_output,13,10,False,37,37,True,10.744325637817383,,ok,True,ok,17,17
exp_b,exp_b__gsm8k_test_001178__irrelevant_context__no_think,gsm8k_test_001178,no_think,irrelevant_context,,full_output,20,10,False,37,37,True,13.362730979919434,,ok,True,ok,17,17
exp_b,exp_b__gsm8k_test_001178__irrelevant_context__no_think,gsm8k_test_001178,no_think,irrelevant_context,,answer_segment,6,10,False,37,37,True,13.643396377563477,,ok,True,ok,17,17
exp_b,exp_b__gsm8k_test_001178__irrelevant_context__no_think,gsm8k_test_001178,no_think,irrelevant_context,,answer_segment,13,10,False,37,37,True,10.744325637817383,,ok,True,ok,17,17
exp_b,exp_b__gsm8k_test_001178__irrelevant_context__no_think,gsm8k_test_001178,no_think,irrelevant_context,,answer_segment,20,10,False,37,37,True,13.362730979919434,,ok,True,ok,17,17
exp_b,exp_b__gsm8k_test_001178__repetitive_filler__no_think,gsm8k_test_001178,no_think,repetitive_filler,,full_output,6,10,False,38,38,True,16.769977569580078,,ok,True,ok,17,17
exp_b,exp_b__gsm8k_test_001178__repetitive_filler__no_think,gsm8k_test_001178,no_think,repetitive_filler,,full_output,13,10,False,38,38,True,10.665789604187012,,ok,True,ok,17,17
exp_b,exp_b__gsm8k_test_001178__repetitive_filler__no_think,gsm8k_test_001178,no_think,repetitive_filler,,full_output,20,10,False,38,38,True,13.959235191345215,,ok,True,ok,17,17
exp_b,exp_b__gsm8k_test_001178__repetitive_filler__no_think,gsm8k_test_001178,no_think,repetitive_filler,,answer_segment,6,10,False,38,38,True,16.769977569580078,,ok,True,ok,17,17
exp_b,exp_b__gsm8k_test_001178__repetitive_filler__no_think,gsm8k_test_001178,no_think,repetitive_filler,,answer_segment,13,10,False,38,38,True,10.665789604187012,,ok,True,ok,17,17
exp_b,exp_b__gsm8k_test_001178__repetitive_filler__no_think,gsm8k_test_001178,no_think,repetitive_filler,,answer_segment,20,10,False,38,38,True,13.959235191345215,,ok,True,ok,17,17
exp_b,exp_b__gsm8k_test_001186__canonical__no_think,gsm8k_test_001186,no_think,canonical,,full_output,6,10,False,41,41,True,14.651338577270508,,ok,False,ok,19,23
exp_b,exp_b__gsm8k_test_001186__canonical__no_think,gsm8k_test_001186,no_think,canonical,,full_output,13,10,False,41,41,True,9.393622398376465,,ok,False,ok,19,23
exp_b,exp_b__gsm8k_test_001186__canonical__no_think,gsm8k_test_001186,no_think,canonical,,full_output,20,10,False,41,41,True,10.640556335449219,,ok,False,ok,19,23
exp_b,exp_b__gsm8k_test_001186__canonical__no_think,gsm8k_test_001186,no_think,canonical,,answer_segment,6,10,False,41,41,True,14.651338577270508,,ok,False,ok,19,23
exp_b,exp_b__gsm8k_test_001186__canonical__no_think,gsm8k_test_001186,no_think,canonical,,answer_segment,13,10,False,41,41,True,9.393622398376465,,ok,False,ok,19,23
exp_b,exp_b__gsm8k_test_001186__canonical__no_think,gsm8k_test_001186,no_think,canonical,,answer_segment,20,10,False,41,41,True,10.640556335449219,,ok,False,ok,19,23
exp_b,exp_b__gsm8k_test_001186__irrelevant_context__no_think,gsm8k_test_001186,no_think,irrelevant_context,,full_output,6,10,False,47,47,True,16.058773040771484,,ok,False,ok,19,24
exp_b,exp_b__gsm8k_test_001186__irrelevant_context__no_think,gsm8k_test_001186,no_think,irrelevant_context,,full_output,13,10,False,47,47,True,10.009255409240723,,ok,False,ok,19,24
exp_b,exp_b__gsm8k_test_001186__irrelevant_context__no_think,gsm8k_test_001186,no_think,irrelevant_context,,full_output,20,10,False,47,47,True,10.622530937194824,,ok,False,ok,19,24
exp_b,exp_b__gsm8k_test_001186__irrelevant_context__no_think,gsm8k_test_001186,no_think,irrelevant_context,,answer_segment,6,10,False,47,47,True,16.058773040771484,,ok,False,ok,19,24
exp_b,exp_b__gsm8k_test_001186__irrelevant_context__no_think,gsm8k_test_001186,no_think,irrelevant_context,,answer_segment,13,10,False,47,47,True,10.009255409240723,,ok,False,ok,19,24
exp_b,exp_b__gsm8k_test_001186__irrelevant_context__no_think,gsm8k_test_001186,no_think,irrelevant_context,,answer_segment,20,10,False,47,47,True,10.622530937194824,,ok,False,ok,19,24
exp_b,exp_b__gsm8k_test_001186__repetitive_filler__no_think,gsm8k_test_001186,no_think,repetitive_filler,,full_output,6,10,False,47,47,True,14.168246269226074,,ok,False,ok,19,23
exp_b,exp_b__gsm8k_test_001186__repetitive_filler__no_think,gsm8k_test_001186,no_think,repetitive_filler,,full_output,13,10,False,47,47,True,10.787181854248047,,ok,False,ok,19,23
exp_b,exp_b__gsm8k_test_001186__repetitive_filler__no_think,gsm8k_test_001186,no_think,repetitive_filler,,full_output,20,10,False,47,47,True,11.162724494934082,,ok,False,ok,19,23
exp_b,exp_b__gsm8k_test_001186__repetitive_filler__no_think,gsm8k_test_001186,no_think,repetitive_filler,,answer_segment,6,10,False,47,47,True,14.168246269226074,,ok,False,ok,19,23
exp_b,exp_b__gsm8k_test_001186__repetitive_filler__no_think,gsm8k_test_001186,no_think,repetitive_filler,,answer_segment,13,10,False,47,47,True,10.787181854248047,,ok,False,ok,19,23
exp_b,exp_b__gsm8k_test_001186__repetitive_filler__no_think,gsm8k_test_001186,no_think,repetitive_filler,,answer_segment,20,10,False,47,47,True,11.162724494934082,,ok,False,ok,19,23
exp_b,exp_b__gsm8k_test_001192__canonical__no_think,gsm8k_test_001192,no_think,canonical,,full_output,6,10,False,53,53,True,14.679683685302734,,ok,False,ok,280,271
exp_b,exp_b__gsm8k_test_001192__canonical__no_think,gsm8k_test_001192,no_think,canonical,,full_output,13,10,False,53,53,True,11.051356315612793,,ok,False,ok,280,271
exp_b,exp_b__gsm8k_test_001192__canonical__no_think,gsm8k_test_001192,no_think,canonical,,full_output,20,10,False,53,53,True,10.750678062438965,,ok,False,ok,280,271
exp_b,exp_b__gsm8k_test_001192__canonical__no_think,gsm8k_test_001192,no_think,canonical,,answer_segment,6,10,False,53,53,True,14.679683685302734,,ok,False,ok,280,271
exp_b,exp_b__gsm8k_test_001192__canonical__no_think,gsm8k_test_001192,no_think,canonical,,answer_segment,13,10,False,53,53,True,11.051356315612793,,ok,False,ok,280,271
exp_b,exp_b__gsm8k_test_001192__canonical__no_think,gsm8k_test_001192,no_think,canonical,,answer_segment,20,10,False,53,53,True,10.750678062438965,,ok,False,ok,280,271
exp_b,exp_b__gsm8k_test_001192__irrelevant_context__no_think,gsm8k_test_001192,no_think,irrelevant_context,,full_output,6,10,False,63,63,True,14.19983196258545,,ok,False,ok,280,80.5
exp_b,exp_b__gsm8k_test_001192__irrelevant_context__no_think,gsm8k_test_001192,no_think,irrelevant_context,,full_output,13,10,False,63,63,True,11.2449951171875,,ok,False,ok,280,80.5
exp_b,exp_b__gsm8k_test_001192__irrelevant_context__no_think,gsm8k_test_001192,no_think,irrelevant_context,,full_output,20,10,False,63,63,True,10.999427795410156,,ok,False,ok,280,80.5
exp_b,exp_b__gsm8k_test_001192__irrelevant_context__no_think,gsm8k_test_001192,no_think,irrelevant_context,,answer_segment,6,10,False,63,63,True,14.19983196258545,,ok,False,ok,280,80.5
exp_b,exp_b__gsm8k_test_001192__irrelevant_context__no_think,gsm8k_test_001192,no_think,irrelevant_context,,answer_segment,13,10,False,63,63,True,11.2449951171875,,ok,False,ok,280,80.5
exp_b,exp_b__gsm8k_test_001192__irrelevant_context__no_think,gsm8k_test_001192,no_think,irrelevant_context,,answer_segment,20,10,False,63,63,True,10.999427795410156,,ok,False,ok,280,80.5
exp_b,exp_b__gsm8k_test_001192__repetitive_filler__no_think,gsm8k_test_001192,no_think,repetitive_filler,,full_output,6,10,False,47,47,True,17.054401397705078,,ok,False,ok,280,630
exp_b,exp_b__gsm8k_test_001192__repetitive_filler__no_think,gsm8k_test_001192,no_think,repetitive_filler,,full_output,13,10,False,47,47,True,11.034852027893066,,ok,False,ok,280,630
exp_b,exp_b__gsm8k_test_001192__repetitive_filler__no_think,gsm8k_test_001192,no_think,repetitive_filler,,full_output,20,10,False,47,47,True,11.422869682312012,,ok,False,ok,280,630
exp_b,exp_b__gsm8k_test_001192__repetitive_filler__no_think,gsm8k_test_001192,no_think,repetitive_filler,,answer_segment,6,10,False,47,47,True,17.054401397705078,,ok,False,ok,280,630
exp_b,exp_b__gsm8k_test_001192__repetitive_filler__no_think,gsm8k_test_001192,no_think,repetitive_filler,,answer_segment,13,10,False,47,47,True,11.034852027893066,,ok,False,ok,280,630
exp_b,exp_b__gsm8k_test_001192__repetitive_filler__no_think,gsm8k_test_001192,no_think,repetitive_filler,,answer_segment,20,10,False,47,47,True,11.422869682312012,,ok,False,ok,280,630
exp_b,exp_b__gsm8k_test_001193__canonical__no_think,gsm8k_test_001193,no_think,canonical,,full_output,6,10,False,60,60,True,11.953765869140625,,ok,False,ok,9,10
exp_b,exp_b__gsm8k_test_001193__canonical__no_think,gsm8k_test_001193,no_think,canonical,,full_output,13,10,False,60,60,True,9.803250312805176,,ok,False,ok,9,10
exp_b,exp_b__gsm8k_test_001193__canonical__no_think,gsm8k_test_001193,no_think,canonical,,full_output,20,10,False,60,60,True,10.32541275024414,,ok,False,ok,9,10
exp_b,exp_b__gsm8k_test_001193__canonical__no_think,gsm8k_test_001193,no_think,canonical,,answer_segment,6,10,False,60,60,True,11.953765869140625,,ok,False,ok,9,10
exp_b,exp_b__gsm8k_test_001193__canonical__no_think,gsm8k_test_001193,no_think,canonical,,answer_segment,13,10,False,60,60,True,9.803250312805176,,ok,False,ok,9,10
exp_b,exp_b__gsm8k_test_001193__canonical__no_think,gsm8k_test_001193,no_think,canonical,,answer_segment,20,10,False,60,60,True,10.32541275024414,,ok,False,ok,9,10
exp_b,exp_b__gsm8k_test_001193__irrelevant_context__no_think,gsm8k_test_001193,no_think,irrelevant_context,,full_output,6,10,False,54,54,True,12.852774620056152,,ok,False,ok,9,6.75
exp_b,exp_b__gsm8k_test_001193__irrelevant_context__no_think,gsm8k_test_001193,no_think,irrelevant_context,,full_output,13,10,False,54,54,True,9.51954174041748,,ok,False,ok,9,6.75
exp_b,exp_b__gsm8k_test_001193__irrelevant_context__no_think,gsm8k_test_001193,no_think,irrelevant_context,,full_output,20,10,False,54,54,True,10.468098640441895,,ok,False,ok,9,6.75
exp_b,exp_b__gsm8k_test_001193__irrelevant_context__no_think,gsm8k_test_001193,no_think,irrelevant_context,,answer_segment,6,10,False,54,54,True,12.852774620056152,,ok,False,ok,9,6.75
exp_b,exp_b__gsm8k_test_001193__irrelevant_context__no_think,gsm8k_test_001193,no_think,irrelevant_context,,answer_segment,13,10,False,54,54,True,9.51954174041748,,ok,False,ok,9,6.75
exp_b,exp_b__gsm8k_test_001193__irrelevant_context__no_think,gsm8k_test_001193,no_think,irrelevant_context,,answer_segment,20,10,False,54,54,True,10.468098640441895,,ok,False,ok,9,6.75
exp_b,exp_b__gsm8k_test_001193__repetitive_filler__no_think,gsm8k_test_001193,no_think,repetitive_filler,,full_output,6,10,False,60,60,True,13.550000190734863,,ok,False,ok,9,11
exp_b,exp_b__gsm8k_test_001193__repetitive_filler__no_think,gsm8k_test_001193,no_think,repetitive_filler,,full_output,13,10,False,60,60,True,10.049640655517578,,ok,False,ok,9,11
exp_b,exp_b__gsm8k_test_001193__repetitive_filler__no_think,gsm8k_test_001193,no_think,repetitive_filler,,full_output,20,10,False,60,60,True,9.062833786010742,,ok,False,ok,9,11
exp_b,exp_b__gsm8k_test_001193__repetitive_filler__no_think,gsm8k_test_001193,no_think,repetitive_filler,,answer_segment,6,10,False,60,60,True,13.550000190734863,,ok,False,ok,9,11
exp_b,exp_b__gsm8k_test_001193__repetitive_filler__no_think,gsm8k_test_001193,no_think,repetitive_filler,,answer_segment,13,10,False,60,60,True,10.049640655517578,,ok,False,ok,9,11
exp_b,exp_b__gsm8k_test_001193__repetitive_filler__no_think,gsm8k_test_001193,no_think,repetitive_filler,,answer_segment,20,10,False,60,60,True,9.062833786010742,,ok,False,ok,9,11
exp_b,exp_b__gsm8k_test_001194__canonical__no_think,gsm8k_test_001194,no_think,canonical,,full_output,6,10,False,39,39,True,13.97945499420166,,ok,True,ok,1200,1200
exp_b,exp_b__gsm8k_test_001194__canonical__no_think,gsm8k_test_001194,no_think,canonical,,full_output,13,10,False,39,39,True,11.386881828308105,,ok,True,ok,1200,1200
exp_b,exp_b__gsm8k_test_001194__canonical__no_think,gsm8k_test_001194,no_think,canonical,,full_output,20,10,False,39,39,True,11.127310752868652,,ok,True,ok,1200,1200
exp_b,exp_b__gsm8k_test_001194__canonical__no_think,gsm8k_test_001194,no_think,canonical,,answer_segment,6,10,False,39,39,True,13.97945499420166,,ok,True,ok,1200,1200
exp_b,exp_b__gsm8k_test_001194__canonical__no_think,gsm8k_test_001194,no_think,canonical,,answer_segment,13,10,False,39,39,True,11.386881828308105,,ok,True,ok,1200,1200
exp_b,exp_b__gsm8k_test_001194__canonical__no_think,gsm8k_test_001194,no_think,canonical,,answer_segment,20,10,False,39,39,True,11.127310752868652,,ok,True,ok,1200,1200
exp_b,exp_b__gsm8k_test_001194__irrelevant_context__no_think,gsm8k_test_001194,no_think,irrelevant_context,,full_output,6,10,False,39,39,True,14.149800300598145,,ok,True,ok,1200,1200
exp_b,exp_b__gsm8k_test_001194__irrelevant_context__no_think,gsm8k_test_001194,no_think,irrelevant_context,,full_output,13,10,False,39,39,True,11.370564460754395,,ok,True,ok,1200,1200
exp_b,exp_b__gsm8k_test_001194__irrelevant_context__no_think,gsm8k_test_001194,no_think,irrelevant_context,,full_output,20,10,False,39,39,True,10.927797317504883,,ok,True,ok,1200,1200
exp_b,exp_b__gsm8k_test_001194__irrelevant_context__no_think,gsm8k_test_001194,no_think,irrelevant_context,,answer_segment,6,10,False,39,39,True,14.149800300598145,,ok,True,ok,1200,1200
exp_b,exp_b__gsm8k_test_001194__irrelevant_context__no_think,gsm8k_test_001194,no_think,irrelevant_context,,answer_segment,13,10,False,39,39,True,11.370564460754395,,ok,True,ok,1200,1200
exp_b,exp_b__gsm8k_test_001194__irrelevant_context__no_think,gsm8k_test_001194,no_think,irrelevant_context,,answer_segment,20,10,False,39,39,True,10.927797317504883,,ok,True,ok,1200,1200
exp_b,exp_b__gsm8k_test_001194__repetitive_filler__no_think,gsm8k_test_001194,no_think,repetitive_filler,,full_output,6,10,False,40,40,True,13.792737007141113,,ok,True,ok,1200,1200
exp_b,exp_b__gsm8k_test_001194__repetitive_filler__no_think,gsm8k_test_001194,no_think,repetitive_filler,,full_output,13,10,False,40,40,True,10.630828857421875,,ok,True,ok,1200,1200
exp_b,exp_b__gsm8k_test_001194__repetitive_filler__no_think,gsm8k_test_001194,no_think,repetitive_filler,,full_output,20,10,False,40,40,True,12.290321350097656,,ok,True,ok,1200,1200
exp_b,exp_b__gsm8k_test_001194__repetitive_filler__no_think,gsm8k_test_001194,no_think,repetitive_filler,,answer_segment,6,10,False,40,40,True,13.792737007141113,,ok,True,ok,1200,1200
exp_b,exp_b__gsm8k_test_001194__repetitive_filler__no_think,gsm8k_test_001194,no_think,repetitive_filler,,answer_segment,13,10,False,40,40,True,10.630828857421875,,ok,True,ok,1200,1200
exp_b,exp_b__gsm8k_test_001194__repetitive_filler__no_think,gsm8k_test_001194,no_think,repetitive_filler,,answer_segment,20,10,False,40,40,True,12.290321350097656,,ok,True,ok,1200,1200
exp_b,exp_b__gsm8k_test_001207__canonical__no_think,gsm8k_test_001207,no_think,canonical,,full_output,6,10,False,43,43,True,14.89971923828125,,ok,True,ok,64,64
exp_b,exp_b__gsm8k_test_001207__canonical__no_think,gsm8k_test_001207,no_think,canonical,,full_output,13,10,False,43,43,True,10.048059463500977,,ok,True,ok,64,64
exp_b,exp_b__gsm8k_test_001207__canonical__no_think,gsm8k_test_001207,no_think,canonical,,full_output,20,10,False,43,43,True,11.651538848876953,,ok,True,ok,64,64
exp_b,exp_b__gsm8k_test_001207__canonical__no_think,gsm8k_test_001207,no_think,canonical,,answer_segment,6,10,False,43,43,True,14.89971923828125,,ok,True,ok,64,64
exp_b,exp_b__gsm8k_test_001207__canonical__no_think,gsm8k_test_001207,no_think,canonical,,answer_segment,13,10,False,43,43,True,10.048059463500977,,ok,True,ok,64,64
exp_b,exp_b__gsm8k_test_001207__canonical__no_think,gsm8k_test_001207,no_think,canonical,,answer_segment,20,10,False,43,43,True,11.651538848876953,,ok,True,ok,64,64
exp_b,exp_b__gsm8k_test_001207__irrelevant_context__no_think,gsm8k_test_001207,no_think,irrelevant_context,,full_output,6,10,False,43,43,True,14.691082954406738,,ok,True,ok,64,64
exp_b,exp_b__gsm8k_test_001207__irrelevant_context__no_think,gsm8k_test_001207,no_think,irrelevant_context,,full_output,13,10,False,43,43,True,9.694220542907715,,ok,True,ok,64,64
exp_b,exp_b__gsm8k_test_001207__irrelevant_context__no_think,gsm8k_test_001207,no_think,irrelevant_context,,full_output,20,10,False,43,43,True,11.467653274536133,,ok,True,ok,64,64
exp_b,exp_b__gsm8k_test_001207__irrelevant_context__no_think,gsm8k_test_001207,no_think,irrelevant_context,,answer_segment,6,10,False,43,43,True,14.691082954406738,,ok,True,ok,64,64
exp_b,exp_b__gsm8k_test_001207__irrelevant_context__no_think,gsm8k_test_001207,no_think,irrelevant_context,,answer_segment,13,10,False,43,43,True,9.694220542907715,,ok,True,ok,64,64
exp_b,exp_b__gsm8k_test_001207__irrelevant_context__no_think,gsm8k_test_001207,no_think,irrelevant_context,,answer_segment,20,10,False,43,43,True,11.467653274536133,,ok,True,ok,64,64
exp_b,exp_b__gsm8k_test_001207__repetitive_filler__no_think,gsm8k_test_001207,no_think,repetitive_filler,,full_output,6,10,False,43,43,True,15.011795043945312,,ok,True,ok,64,64
exp_b,exp_b__gsm8k_test_001207__repetitive_filler__no_think,gsm8k_test_001207,no_think,repetitive_filler,,full_output,13,10,False,43,43,True,10.166214942932129,,ok,True,ok,64,64
exp_b,exp_b__gsm8k_test_001207__repetitive_filler__no_think,gsm8k_test_001207,no_think,repetitive_filler,,full_output,20,10,False,43,43,True,11.44234561920166,,ok,True,ok,64,64
exp_b,exp_b__gsm8k_test_001207__repetitive_filler__no_think,gsm8k_test_001207,no_think,repetitive_filler,,answer_segment,6,10,False,43,43,True,15.011795043945312,,ok,True,ok,64,64
exp_b,exp_b__gsm8k_test_001207__repetitive_filler__no_think,gsm8k_test_001207,no_think,repetitive_filler,,answer_segment,13,10,False,43,43,True,10.166214942932129,,ok,True,ok,64,64
exp_b,exp_b__gsm8k_test_001207__repetitive_filler__no_think,gsm8k_test_001207,no_think,repetitive_filler,,answer_segment,20,10,False,43,43,True,11.44234561920166,,ok,True,ok,64,64
exp_b,exp_b__gsm8k_test_001217__canonical__no_think,gsm8k_test_001217,no_think,canonical,,full_output,6,10,False,57,57,True,14.953675270080566,,ok,False,ok,75,26
exp_b,exp_b__gsm8k_test_001217__canonical__no_think,gsm8k_test_001217,no_think,canonical,,full_output,13,10,False,57,57,True,11.488611221313477,,ok,False,ok,75,26
exp_b,exp_b__gsm8k_test_001217__canonical__no_think,gsm8k_test_001217,no_think,canonical,,full_output,20,10,False,57,57,True,12.854013442993164,,ok,False,ok,75,26
exp_b,exp_b__gsm8k_test_001217__canonical__no_think,gsm8k_test_001217,no_think,canonical,,answer_segment,6,10,False,57,57,True,14.953675270080566,,ok,False,ok,75,26
exp_b,exp_b__gsm8k_test_001217__canonical__no_think,gsm8k_test_001217,no_think,canonical,,answer_segment,13,10,False,57,57,True,11.488611221313477,,ok,False,ok,75,26
exp_b,exp_b__gsm8k_test_001217__canonical__no_think,gsm8k_test_001217,no_think,canonical,,answer_segment,20,10,False,57,57,True,12.854013442993164,,ok,False,ok,75,26
exp_b,exp_b__gsm8k_test_001217__irrelevant_context__no_think,gsm8k_test_001217,no_think,irrelevant_context,,full_output,6,10,False,45,45,True,15.342207908630371,,ok,False,ok,75,24
exp_b,exp_b__gsm8k_test_001217__irrelevant_context__no_think,gsm8k_test_001217,no_think,irrelevant_context,,full_output,13,10,False,45,45,True,11.028922080993652,,ok,False,ok,75,24
exp_b,exp_b__gsm8k_test_001217__irrelevant_context__no_think,gsm8k_test_001217,no_think,irrelevant_context,,full_output,20,10,False,45,45,True,11.755178451538086,,ok,False,ok,75,24
exp_b,exp_b__gsm8k_test_001217__irrelevant_context__no_think,gsm8k_test_001217,no_think,irrelevant_context,,answer_segment,6,10,False,45,45,True,15.342207908630371,,ok,False,ok,75,24
exp_b,exp_b__gsm8k_test_001217__irrelevant_context__no_think,gsm8k_test_001217,no_think,irrelevant_context,,answer_segment,13,10,False,45,45,True,11.028922080993652,,ok,False,ok,75,24
exp_b,exp_b__gsm8k_test_001217__irrelevant_context__no_think,gsm8k_test_001217,no_think,irrelevant_context,,answer_segment,20,10,False,45,45,True,11.755178451538086,,ok,False,ok,75,24
exp_b,exp_b__gsm8k_test_001217__repetitive_filler__no_think,gsm8k_test_001217,no_think,repetitive_filler,,full_output,6,10,False,41,41,True,15.336832046508789,,ok,False,ok,75,40
exp_b,exp_b__gsm8k_test_001217__repetitive_filler__no_think,gsm8k_test_001217,no_think,repetitive_filler,,full_output,13,10,False,41,41,True,10.90978717803955,,ok,False,ok,75,40
exp_b,exp_b__gsm8k_test_001217__repetitive_filler__no_think,gsm8k_test_001217,no_think,repetitive_filler,,full_output,20,10,False,41,41,True,10.86340045928955,,ok,False,ok,75,40
exp_b,exp_b__gsm8k_test_001217__repetitive_filler__no_think,gsm8k_test_001217,no_think,repetitive_filler,,answer_segment,6,10,False,41,41,True,15.336832046508789,,ok,False,ok,75,40
exp_b,exp_b__gsm8k_test_001217__repetitive_filler__no_think,gsm8k_test_001217,no_think,repetitive_filler,,answer_segment,13,10,False,41,41,True,10.90978717803955,,ok,False,ok,75,40
exp_b,exp_b__gsm8k_test_001217__repetitive_filler__no_think,gsm8k_test_001217,no_think,repetitive_filler,,answer_segment,20,10,False,41,41,True,10.86340045928955,,ok,False,ok,75,40
exp_b,exp_b__gsm8k_test_001235__canonical__no_think,gsm8k_test_001235,no_think,canonical,,full_output,6,10,False,45,45,True,14.810136795043945,,ok,False,ok,60,150
exp_b,exp_b__gsm8k_test_001235__canonical__no_think,gsm8k_test_001235,no_think,canonical,,full_output,13,10,False,45,45,True,10.945708274841309,,ok,False,ok,60,150
exp_b,exp_b__gsm8k_test_001235__canonical__no_think,gsm8k_test_001235,no_think,canonical,,full_output,20,10,False,45,45,True,12.406712532043457,,ok,False,ok,60,150
exp_b,exp_b__gsm8k_test_001235__canonical__no_think,gsm8k_test_001235,no_think,canonical,,answer_segment,6,10,False,45,45,True,14.810136795043945,,ok,False,ok,60,150
exp_b,exp_b__gsm8k_test_001235__canonical__no_think,gsm8k_test_001235,no_think,canonical,,answer_segment,13,10,False,45,45,True,10.945708274841309,,ok,False,ok,60,150
exp_b,exp_b__gsm8k_test_001235__canonical__no_think,gsm8k_test_001235,no_think,canonical,,answer_segment,20,10,False,45,45,True,12.406712532043457,,ok,False,ok,60,150
exp_b,exp_b__gsm8k_test_001235__irrelevant_context__no_think,gsm8k_test_001235,no_think,irrelevant_context,,full_output,6,10,False,43,43,True,14.696538925170898,,ok,False,ok,60,150
exp_b,exp_b__gsm8k_test_001235__irrelevant_context__no_think,gsm8k_test_001235,no_think,irrelevant_context,,full_output,13,10,False,43,43,True,11.274521827697754,,ok,False,ok,60,150
exp_b,exp_b__gsm8k_test_001235__irrelevant_context__no_think,gsm8k_test_001235,no_think,irrelevant_context,,full_output,20,10,False,43,43,True,12.108294486999512,,ok,False,ok,60,150
exp_b,exp_b__gsm8k_test_001235__irrelevant_context__no_think,gsm8k_test_001235,no_think,irrelevant_context,,answer_segment,6,10,False,43,43,True,14.696538925170898,,ok,False,ok,60,150
exp_b,exp_b__gsm8k_test_001235__irrelevant_context__no_think,gsm8k_test_001235,no_think,irrelevant_context,,answer_segment,13,10,False,43,43,True,11.274521827697754,,ok,False,ok,60,150
exp_b,exp_b__gsm8k_test_001235__irrelevant_context__no_think,gsm8k_test_001235,no_think,irrelevant_context,,answer_segment,20,10,False,43,43,True,12.108294486999512,,ok,False,ok,60,150
exp_b,exp_b__gsm8k_test_001235__repetitive_filler__no_think,gsm8k_test_001235,no_think,repetitive_filler,,full_output,6,10,False,47,47,True,14.701872825622559,,ok,False,ok,60,2.5
exp_b,exp_b__gsm8k_test_001235__repetitive_filler__no_think,gsm8k_test_001235,no_think,repetitive_filler,,full_output,13,10,False,47,47,True,11.472718238830566,,ok,False,ok,60,2.5
exp_b,exp_b__gsm8k_test_001235__repetitive_filler__no_think,gsm8k_test_001235,no_think,repetitive_filler,,full_output,20,10,False,47,47,True,12.07840633392334,,ok,False,ok,60,2.5
exp_b,exp_b__gsm8k_test_001235__repetitive_filler__no_think,gsm8k_test_001235,no_think,repetitive_filler,,answer_segment,6,10,False,47,47,True,14.701872825622559,,ok,False,ok,60,2.5
exp_b,exp_b__gsm8k_test_001235__repetitive_filler__no_think,gsm8k_test_001235,no_think,repetitive_filler,,answer_segment,13,10,False,47,47,True,11.472718238830566,,ok,False,ok,60,2.5
exp_b,exp_b__gsm8k_test_001235__repetitive_filler__no_think,gsm8k_test_001235,no_think,repetitive_filler,,answer_segment,20,10,False,47,47,True,12.07840633392334,,ok,False,ok,60,2.5
exp_b,exp_b__gsm8k_test_001236__canonical__no_think,gsm8k_test_001236,no_think,canonical,,full_output,6,10,False,49,49,True,15.745512962341309,,ok,False,ok,84,108
exp_b,exp_b__gsm8k_test_001236__canonical__no_think,gsm8k_test_001236,no_think,canonical,,full_output,13,10,False,49,49,True,12.032525062561035,,ok,False,ok,84,108
exp_b,exp_b__gsm8k_test_001236__canonical__no_think,gsm8k_test_001236,no_think,canonical,,full_output,20,10,False,49,49,True,12.470852851867676,,ok,False,ok,84,108
exp_b,exp_b__gsm8k_test_001236__canonical__no_think,gsm8k_test_001236,no_think,canonical,,answer_segment,6,10,False,49,49,True,15.745512962341309,,ok,False,ok,84,108
exp_b,exp_b__gsm8k_test_001236__canonical__no_think,gsm8k_test_001236,no_think,canonical,,answer_segment,13,10,False,49,49,True,12.032525062561035,,ok,False,ok,84,108
exp_b,exp_b__gsm8k_test_001236__canonical__no_think,gsm8k_test_001236,no_think,canonical,,answer_segment,20,10,False,49,49,True,12.470852851867676,,ok,False,ok,84,108
exp_b,exp_b__gsm8k_test_001236__irrelevant_context__no_think,gsm8k_test_001236,no_think,irrelevant_context,,full_output,6,10,False,77,77,True,11.74628734588623,,ok,True,ok,84,84
exp_b,exp_b__gsm8k_test_001236__irrelevant_context__no_think,gsm8k_test_001236,no_think,irrelevant_context,,full_output,13,10,False,77,77,True,10.792634010314941,,ok,True,ok,84,84
exp_b,exp_b__gsm8k_test_001236__irrelevant_context__no_think,gsm8k_test_001236,no_think,irrelevant_context,,full_output,20,10,False,77,77,True,11.133230209350586,,ok,True,ok,84,84
exp_b,exp_b__gsm8k_test_001236__irrelevant_context__no_think,gsm8k_test_001236,no_think,irrelevant_context,,answer_segment,6,10,False,77,77,True,11.74628734588623,,ok,True,ok,84,84
exp_b,exp_b__gsm8k_test_001236__irrelevant_context__no_think,gsm8k_test_001236,no_think,irrelevant_context,,answer_segment,13,10,False,77,77,True,10.792634010314941,,ok,True,ok,84,84
exp_b,exp_b__gsm8k_test_001236__irrelevant_context__no_think,gsm8k_test_001236,no_think,irrelevant_context,,answer_segment,20,10,False,77,77,True,11.133230209350586,,ok,True,ok,84,84
exp_b,exp_b__gsm8k_test_001236__repetitive_filler__no_think,gsm8k_test_001236,no_think,repetitive_filler,,full_output,6,10,False,65,65,True,14.298493385314941,,ok,False,ok,84,102
exp_b,exp_b__gsm8k_test_001236__repetitive_filler__no_think,gsm8k_test_001236,no_think,repetitive_filler,,full_output,13,10,False,65,65,True,11.765764236450195,,ok,False,ok,84,102
exp_b,exp_b__gsm8k_test_001236__repetitive_filler__no_think,gsm8k_test_001236,no_think,repetitive_filler,,full_output,20,10,False,65,65,True,12.340409278869629,,ok,False,ok,84,102
exp_b,exp_b__gsm8k_test_001236__repetitive_filler__no_think,gsm8k_test_001236,no_think,repetitive_filler,,answer_segment,6,10,False,65,65,True,14.298493385314941,,ok,False,ok,84,102
exp_b,exp_b__gsm8k_test_001236__repetitive_filler__no_think,gsm8k_test_001236,no_think,repetitive_filler,,answer_segment,13,10,False,65,65,True,11.765764236450195,,ok,False,ok,84,102
exp_b,exp_b__gsm8k_test_001236__repetitive_filler__no_think,gsm8k_test_001236,no_think,repetitive_filler,,answer_segment,20,10,False,65,65,True,12.340409278869629,,ok,False,ok,84,102
exp_b,exp_b__gsm8k_test_001242__canonical__no_think,gsm8k_test_001242,no_think,canonical,,full_output,6,10,False,114,114,True,9.435698509216309,,ok,True,ok,20,20
exp_b,exp_b__gsm8k_test_001242__canonical__no_think,gsm8k_test_001242,no_think,canonical,,full_output,13,10,False,114,114,True,10.023174285888672,,ok,True,ok,20,20
exp_b,exp_b__gsm8k_test_001242__canonical__no_think,gsm8k_test_001242,no_think,canonical,,full_output,20,10,False,114,114,True,9.251219749450684,,ok,True,ok,20,20
exp_b,exp_b__gsm8k_test_001242__canonical__no_think,gsm8k_test_001242,no_think,canonical,,answer_segment,6,10,False,114,114,True,9.435698509216309,,ok,True,ok,20,20
exp_b,exp_b__gsm8k_test_001242__canonical__no_think,gsm8k_test_001242,no_think,canonical,,answer_segment,13,10,False,114,114,True,10.023174285888672,,ok,True,ok,20,20
exp_b,exp_b__gsm8k_test_001242__canonical__no_think,gsm8k_test_001242,no_think,canonical,,answer_segment,20,10,False,114,114,True,9.251219749450684,,ok,True,ok,20,20
exp_b,exp_b__gsm8k_test_001242__irrelevant_context__no_think,gsm8k_test_001242,no_think,irrelevant_context,,full_output,6,10,False,84,84,True,12.691086769104004,,ok,True,ok,20,20
exp_b,exp_b__gsm8k_test_001242__irrelevant_context__no_think,gsm8k_test_001242,no_think,irrelevant_context,,full_output,13,10,False,84,84,True,10.862828254699707,,ok,True,ok,20,20
exp_b,exp_b__gsm8k_test_001242__irrelevant_context__no_think,gsm8k_test_001242,no_think,irrelevant_context,,full_output,20,10,False,84,84,True,9.7693452835083,,ok,True,ok,20,20
exp_b,exp_b__gsm8k_test_001242__irrelevant_context__no_think,gsm8k_test_001242,no_think,irrelevant_context,,answer_segment,6,10,False,84,84,True,12.691086769104004,,ok,True,ok,20,20
exp_b,exp_b__gsm8k_test_001242__irrelevant_context__no_think,gsm8k_test_001242,no_think,irrelevant_context,,answer_segment,13,10,False,84,84,True,10.862828254699707,,ok,True,ok,20,20
exp_b,exp_b__gsm8k_test_001242__irrelevant_context__no_think,gsm8k_test_001242,no_think,irrelevant_context,,answer_segment,20,10,False,84,84,True,9.7693452835083,,ok,True,ok,20,20
exp_b,exp_b__gsm8k_test_001242__repetitive_filler__no_think,gsm8k_test_001242,no_think,repetitive_filler,,full_output,6,10,False,66,66,True,12.989053726196289,,ok,True,ok,20,20
exp_b,exp_b__gsm8k_test_001242__repetitive_filler__no_think,gsm8k_test_001242,no_think,repetitive_filler,,full_output,13,10,False,66,66,True,11.33021354675293,,ok,True,ok,20,20
exp_b,exp_b__gsm8k_test_001242__repetitive_filler__no_think,gsm8k_test_001242,no_think,repetitive_filler,,full_output,20,10,False,66,66,True,12.946830749511719,,ok,True,ok,20,20
exp_b,exp_b__gsm8k_test_001242__repetitive_filler__no_think,gsm8k_test_001242,no_think,repetitive_filler,,answer_segment,6,10,False,66,66,True,12.989053726196289,,ok,True,ok,20,20
exp_b,exp_b__gsm8k_test_001242__repetitive_filler__no_think,gsm8k_test_001242,no_think,repetitive_filler,,answer_segment,13,10,False,66,66,True,11.33021354675293,,ok,True,ok,20,20
exp_b,exp_b__gsm8k_test_001242__repetitive_filler__no_think,gsm8k_test_001242,no_think,repetitive_filler,,answer_segment,20,10,False,66,66,True,12.946830749511719,,ok,True,ok,20,20
exp_b,exp_b__gsm8k_test_001263__canonical__no_think,gsm8k_test_001263,no_think,canonical,,full_output,6,10,False,78,78,True,12.713789939880371,,ok,False,ok,500,50
exp_b,exp_b__gsm8k_test_001263__canonical__no_think,gsm8k_test_001263,no_think,canonical,,full_output,13,10,False,78,78,True,10.269052505493164,,ok,False,ok,500,50
exp_b,exp_b__gsm8k_test_001263__canonical__no_think,gsm8k_test_001263,no_think,canonical,,full_output,20,10,False,78,78,True,11.45341968536377,,ok,False,ok,500,50
exp_b,exp_b__gsm8k_test_001263__canonical__no_think,gsm8k_test_001263,no_think,canonical,,answer_segment,6,10,False,78,78,True,12.713789939880371,,ok,False,ok,500,50
exp_b,exp_b__gsm8k_test_001263__canonical__no_think,gsm8k_test_001263,no_think,canonical,,answer_segment,13,10,False,78,78,True,10.269052505493164,,ok,False,ok,500,50
exp_b,exp_b__gsm8k_test_001263__canonical__no_think,gsm8k_test_001263,no_think,canonical,,answer_segment,20,10,False,78,78,True,11.45341968536377,,ok,False,ok,500,50
exp_b,exp_b__gsm8k_test_001263__irrelevant_context__no_think,gsm8k_test_001263,no_think,irrelevant_context,,full_output,6,10,False,78,78,True,13.914904594421387,,ok,False,ok,500,310
exp_b,exp_b__gsm8k_test_001263__irrelevant_context__no_think,gsm8k_test_001263,no_think,irrelevant_context,,full_output,13,10,False,78,78,True,11.66464900970459,,ok,False,ok,500,310
exp_b,exp_b__gsm8k_test_001263__irrelevant_context__no_think,gsm8k_test_001263,no_think,irrelevant_context,,full_output,20,10,False,78,78,True,11.834244728088379,,ok,False,ok,500,310
exp_b,exp_b__gsm8k_test_001263__irrelevant_context__no_think,gsm8k_test_001263,no_think,irrelevant_context,,answer_segment,6,10,False,78,78,True,13.914904594421387,,ok,False,ok,500,310
exp_b,exp_b__gsm8k_test_001263__irrelevant_context__no_think,gsm8k_test_001263,no_think,irrelevant_context,,answer_segment,13,10,False,78,78,True,11.66464900970459,,ok,False,ok,500,310
exp_b,exp_b__gsm8k_test_001263__irrelevant_context__no_think,gsm8k_test_001263,no_think,irrelevant_context,,answer_segment,20,10,False,78,78,True,11.834244728088379,,ok,False,ok,500,310
exp_b,exp_b__gsm8k_test_001263__repetitive_filler__no_think,gsm8k_test_001263,no_think,repetitive_filler,,full_output,6,10,False,84,84,True,13.367250442504883,,ok,False,ok,500,50
exp_b,exp_b__gsm8k_test_001263__repetitive_filler__no_think,gsm8k_test_001263,no_think,repetitive_filler,,full_output,13,10,False,84,84,True,10.16038703918457,,ok,False,ok,500,50
exp_b,exp_b__gsm8k_test_001263__repetitive_filler__no_think,gsm8k_test_001263,no_think,repetitive_filler,,full_output,20,10,False,84,84,True,11.261643409729004,,ok,False,ok,500,50
exp_b,exp_b__gsm8k_test_001263__repetitive_filler__no_think,gsm8k_test_001263,no_think,repetitive_filler,,answer_segment,6,10,False,84,84,True,13.367250442504883,,ok,False,ok,500,50
exp_b,exp_b__gsm8k_test_001263__repetitive_filler__no_think,gsm8k_test_001263,no_think,repetitive_filler,,answer_segment,13,10,False,84,84,True,10.16038703918457,,ok,False,ok,500,50
exp_b,exp_b__gsm8k_test_001263__repetitive_filler__no_think,gsm8k_test_001263,no_think,repetitive_filler,,answer_segment,20,10,False,84,84,True,11.261643409729004,,ok,False,ok,500,50
exp_b,exp_b__gsm8k_test_001276__canonical__no_think,gsm8k_test_001276,no_think,canonical,,full_output,6,10,False,36,36,True,13.454041481018066,,ok,True,ok,70,70
exp_b,exp_b__gsm8k_test_001276__canonical__no_think,gsm8k_test_001276,no_think,canonical,,full_output,13,10,False,36,36,True,10.58830451965332,,ok,True,ok,70,70
exp_b,exp_b__gsm8k_test_001276__canonical__no_think,gsm8k_test_001276,no_think,canonical,,full_output,20,10,False,36,36,True,12.79709529876709,,ok,True,ok,70,70
exp_b,exp_b__gsm8k_test_001276__canonical__no_think,gsm8k_test_001276,no_think,canonical,,answer_segment,6,10,False,36,36,True,13.454041481018066,,ok,True,ok,70,70
exp_b,exp_b__gsm8k_test_001276__canonical__no_think,gsm8k_test_001276,no_think,canonical,,answer_segment,13,10,False,36,36,True,10.58830451965332,,ok,True,ok,70,70
exp_b,exp_b__gsm8k_test_001276__canonical__no_think,gsm8k_test_001276,no_think,canonical,,answer_segment,20,10,False,36,36,True,12.79709529876709,,ok,True,ok,70,70
exp_b,exp_b__gsm8k_test_001276__irrelevant_context__no_think,gsm8k_test_001276,no_think,irrelevant_context,,full_output,6,10,False,49,49,True,13.53258991241455,,ok,False,ok,70,300
exp_b,exp_b__gsm8k_test_001276__irrelevant_context__no_think,gsm8k_test_001276,no_think,irrelevant_context,,full_output,13,10,False,49,49,True,11.800765037536621,,ok,False,ok,70,300
exp_b,exp_b__gsm8k_test_001276__irrelevant_context__no_think,gsm8k_test_001276,no_think,irrelevant_context,,full_output,20,10,False,49,49,True,11.82551383972168,,ok,False,ok,70,300
exp_b,exp_b__gsm8k_test_001276__irrelevant_context__no_think,gsm8k_test_001276,no_think,irrelevant_context,,answer_segment,6,10,False,49,49,True,13.53258991241455,,ok,False,ok,70,300
exp_b,exp_b__gsm8k_test_001276__irrelevant_context__no_think,gsm8k_test_001276,no_think,irrelevant_context,,answer_segment,13,10,False,49,49,True,11.800765037536621,,ok,False,ok,70,300
exp_b,exp_b__gsm8k_test_001276__irrelevant_context__no_think,gsm8k_test_001276,no_think,irrelevant_context,,answer_segment,20,10,False,49,49,True,11.82551383972168,,ok,False,ok,70,300
exp_b,exp_b__gsm8k_test_001276__repetitive_filler__no_think,gsm8k_test_001276,no_think,repetitive_filler,,full_output,6,10,False,45,45,True,15.245502471923828,,ok,False,ok,70,300
exp_b,exp_b__gsm8k_test_001276__repetitive_filler__no_think,gsm8k_test_001276,no_think,repetitive_filler,,full_output,13,10,False,45,45,True,11.33703899383545,,ok,False,ok,70,300
exp_b,exp_b__gsm8k_test_001276__repetitive_filler__no_think,gsm8k_test_001276,no_think,repetitive_filler,,full_output,20,10,False,45,45,True,12.544530868530273,,ok,False,ok,70,300
exp_b,exp_b__gsm8k_test_001276__repetitive_filler__no_think,gsm8k_test_001276,no_think,repetitive_filler,,answer_segment,6,10,False,45,45,True,15.245502471923828,,ok,False,ok,70,300
exp_b,exp_b__gsm8k_test_001276__repetitive_filler__no_think,gsm8k_test_001276,no_think,repetitive_filler,,answer_segment,13,10,False,45,45,True,11.33703899383545,,ok,False,ok,70,300
exp_b,exp_b__gsm8k_test_001276__repetitive_filler__no_think,gsm8k_test_001276,no_think,repetitive_filler,,answer_segment,20,10,False,45,45,True,12.544530868530273,,ok,False,ok,70,300
exp_b,exp_b__gsm8k_test_001277__canonical__no_think,gsm8k_test_001277,no_think,canonical,,full_output,6,10,False,41,41,True,14.354374885559082,,ok,False,ok,48,42
exp_b,exp_b__gsm8k_test_001277__canonical__no_think,gsm8k_test_001277,no_think,canonical,,full_output,13,10,False,41,41,True,11.509881019592285,,ok,False,ok,48,42
exp_b,exp_b__gsm8k_test_001277__canonical__no_think,gsm8k_test_001277,no_think,canonical,,full_output,20,10,False,41,41,True,13.56479263305664,,ok,False,ok,48,42
exp_b,exp_b__gsm8k_test_001277__canonical__no_think,gsm8k_test_001277,no_think,canonical,,answer_segment,6,10,False,41,41,True,14.354374885559082,,ok,False,ok,48,42
exp_b,exp_b__gsm8k_test_001277__canonical__no_think,gsm8k_test_001277,no_think,canonical,,answer_segment,13,10,False,41,41,True,11.509881019592285,,ok,False,ok,48,42
exp_b,exp_b__gsm8k_test_001277__canonical__no_think,gsm8k_test_001277,no_think,canonical,,answer_segment,20,10,False,41,41,True,13.56479263305664,,ok,False,ok,48,42
exp_b,exp_b__gsm8k_test_001277__irrelevant_context__no_think,gsm8k_test_001277,no_think,irrelevant_context,,full_output,6,10,False,44,44,True,15.41891860961914,,ok,False,ok,48,38
exp_b,exp_b__gsm8k_test_001277__irrelevant_context__no_think,gsm8k_test_001277,no_think,irrelevant_context,,full_output,13,10,False,44,44,True,12.029043197631836,,ok,False,ok,48,38
exp_b,exp_b__gsm8k_test_001277__irrelevant_context__no_think,gsm8k_test_001277,no_think,irrelevant_context,,full_output,20,10,False,44,44,True,14.602411270141602,,ok,False,ok,48,38
exp_b,exp_b__gsm8k_test_001277__irrelevant_context__no_think,gsm8k_test_001277,no_think,irrelevant_context,,answer_segment,6,10,False,44,44,True,15.41891860961914,,ok,False,ok,48,38
exp_b,exp_b__gsm8k_test_001277__irrelevant_context__no_think,gsm8k_test_001277,no_think,irrelevant_context,,answer_segment,13,10,False,44,44,True,12.029043197631836,,ok,False,ok,48,38
exp_b,exp_b__gsm8k_test_001277__irrelevant_context__no_think,gsm8k_test_001277,no_think,irrelevant_context,,answer_segment,20,10,False,44,44,True,14.602411270141602,,ok,False,ok,48,38
exp_b,exp_b__gsm8k_test_001277__repetitive_filler__no_think,gsm8k_test_001277,no_think,repetitive_filler,,full_output,6,10,False,45,45,True,15.043158531188965,,ok,True,ok,48,48
exp_b,exp_b__gsm8k_test_001277__repetitive_filler__no_think,gsm8k_test_001277,no_think,repetitive_filler,,full_output,13,10,False,45,45,True,11.745820999145508,,ok,True,ok,48,48
exp_b,exp_b__gsm8k_test_001277__repetitive_filler__no_think,gsm8k_test_001277,no_think,repetitive_filler,,full_output,20,10,False,45,45,True,13.982855796813965,,ok,True,ok,48,48
exp_b,exp_b__gsm8k_test_001277__repetitive_filler__no_think,gsm8k_test_001277,no_think,repetitive_filler,,answer_segment,6,10,False,45,45,True,15.043158531188965,,ok,True,ok,48,48
exp_b,exp_b__gsm8k_test_001277__repetitive_filler__no_think,gsm8k_test_001277,no_think,repetitive_filler,,answer_segment,13,10,False,45,45,True,11.745820999145508,,ok,True,ok,48,48
exp_b,exp_b__gsm8k_test_001277__repetitive_filler__no_think,gsm8k_test_001277,no_think,repetitive_filler,,answer_segment,20,10,False,45,45,True,13.982855796813965,,ok,True,ok,48,48
exp_b,exp_b__gsm8k_test_001278__canonical__no_think,gsm8k_test_001278,no_think,canonical,,full_output,6,10,False,50,50,True,14.650928497314453,,ok,False,ok,665,605
exp_b,exp_b__gsm8k_test_001278__canonical__no_think,gsm8k_test_001278,no_think,canonical,,full_output,13,10,False,50,50,True,10.378645896911621,,ok,False,ok,665,605
exp_b,exp_b__gsm8k_test_001278__canonical__no_think,gsm8k_test_001278,no_think,canonical,,full_output,20,10,False,50,50,True,11.035674095153809,,ok,False,ok,665,605
exp_b,exp_b__gsm8k_test_001278__canonical__no_think,gsm8k_test_001278,no_think,canonical,,answer_segment,6,10,False,50,50,True,14.650928497314453,,ok,False,ok,665,605
exp_b,exp_b__gsm8k_test_001278__canonical__no_think,gsm8k_test_001278,no_think,canonical,,answer_segment,13,10,False,50,50,True,10.378645896911621,,ok,False,ok,665,605
exp_b,exp_b__gsm8k_test_001278__canonical__no_think,gsm8k_test_001278,no_think,canonical,,answer_segment,20,10,False,50,50,True,11.035674095153809,,ok,False,ok,665,605
exp_b,exp_b__gsm8k_test_001278__irrelevant_context__no_think,gsm8k_test_001278,no_think,irrelevant_context,,full_output,6,10,False,63,63,True,12.316452980041504,,ok,False,ok,665,732
exp_b,exp_b__gsm8k_test_001278__irrelevant_context__no_think,gsm8k_test_001278,no_think,irrelevant_context,,full_output,13,10,False,63,63,True,9.777881622314453,,ok,False,ok,665,732
exp_b,exp_b__gsm8k_test_001278__irrelevant_context__no_think,gsm8k_test_001278,no_think,irrelevant_context,,full_output,20,10,False,63,63,True,10.710352897644043,,ok,False,ok,665,732
exp_b,exp_b__gsm8k_test_001278__irrelevant_context__no_think,gsm8k_test_001278,no_think,irrelevant_context,,answer_segment,6,10,False,63,63,True,12.316452980041504,,ok,False,ok,665,732
exp_b,exp_b__gsm8k_test_001278__irrelevant_context__no_think,gsm8k_test_001278,no_think,irrelevant_context,,answer_segment,13,10,False,63,63,True,9.777881622314453,,ok,False,ok,665,732
exp_b,exp_b__gsm8k_test_001278__irrelevant_context__no_think,gsm8k_test_001278,no_think,irrelevant_context,,answer_segment,20,10,False,63,63,True,10.710352897644043,,ok,False,ok,665,732
exp_b,exp_b__gsm8k_test_001278__repetitive_filler__no_think,gsm8k_test_001278,no_think,repetitive_filler,,full_output,6,10,False,56,56,True,14.557563781738281,,ok,False,ok,665,732
exp_b,exp_b__gsm8k_test_001278__repetitive_filler__no_think,gsm8k_test_001278,no_think,repetitive_filler,,full_output,13,10,False,56,56,True,11.013749122619629,,ok,False,ok,665,732
exp_b,exp_b__gsm8k_test_001278__repetitive_filler__no_think,gsm8k_test_001278,no_think,repetitive_filler,,full_output,20,10,False,56,56,True,13.034266471862793,,ok,False,ok,665,732
exp_b,exp_b__gsm8k_test_001278__repetitive_filler__no_think,gsm8k_test_001278,no_think,repetitive_filler,,answer_segment,6,10,False,56,56,True,14.557563781738281,,ok,False,ok,665,732
exp_b,exp_b__gsm8k_test_001278__repetitive_filler__no_think,gsm8k_test_001278,no_think,repetitive_filler,,answer_segment,13,10,False,56,56,True,11.013749122619629,,ok,False,ok,665,732
exp_b,exp_b__gsm8k_test_001278__repetitive_filler__no_think,gsm8k_test_001278,no_think,repetitive_filler,,answer_segment,20,10,False,56,56,True,13.034266471862793,,ok,False,ok,665,732
exp_b,exp_b__gsm8k_test_001281__canonical__no_think,gsm8k_test_001281,no_think,canonical,,full_output,6,10,False,71,71,True,15.726759910583496,,ok,False,ok,20,280
exp_b,exp_b__gsm8k_test_001281__canonical__no_think,gsm8k_test_001281,no_think,canonical,,full_output,13,10,False,71,71,True,10.27442741394043,,ok,False,ok,20,280
exp_b,exp_b__gsm8k_test_001281__canonical__no_think,gsm8k_test_001281,no_think,canonical,,full_output,20,10,False,71,71,True,9.453347206115723,,ok,False,ok,20,280
exp_b,exp_b__gsm8k_test_001281__canonical__no_think,gsm8k_test_001281,no_think,canonical,,answer_segment,6,10,False,71,71,True,15.726759910583496,,ok,False,ok,20,280
exp_b,exp_b__gsm8k_test_001281__canonical__no_think,gsm8k_test_001281,no_think,canonical,,answer_segment,13,10,False,71,71,True,10.27442741394043,,ok,False,ok,20,280
exp_b,exp_b__gsm8k_test_001281__canonical__no_think,gsm8k_test_001281,no_think,canonical,,answer_segment,20,10,False,71,71,True,9.453347206115723,,ok,False,ok,20,280
exp_b,exp_b__gsm8k_test_001281__irrelevant_context__no_think,gsm8k_test_001281,no_think,irrelevant_context,,full_output,6,10,False,48,48,True,14.19800853729248,,ok,False,ok,20,280
exp_b,exp_b__gsm8k_test_001281__irrelevant_context__no_think,gsm8k_test_001281,no_think,irrelevant_context,,full_output,13,10,False,48,48,True,10.202110290527344,,ok,False,ok,20,280
exp_b,exp_b__gsm8k_test_001281__irrelevant_context__no_think,gsm8k_test_001281,no_think,irrelevant_context,,full_output,20,10,False,48,48,True,10.408319473266602,,ok,False,ok,20,280
exp_b,exp_b__gsm8k_test_001281__irrelevant_context__no_think,gsm8k_test_001281,no_think,irrelevant_context,,answer_segment,6,10,False,48,48,True,14.19800853729248,,ok,False,ok,20,280
exp_b,exp_b__gsm8k_test_001281__irrelevant_context__no_think,gsm8k_test_001281,no_think,irrelevant_context,,answer_segment,13,10,False,48,48,True,10.202110290527344,,ok,False,ok,20,280
exp_b,exp_b__gsm8k_test_001281__irrelevant_context__no_think,gsm8k_test_001281,no_think,irrelevant_context,,answer_segment,20,10,False,48,48,True,10.408319473266602,,ok,False,ok,20,280
exp_b,exp_b__gsm8k_test_001281__repetitive_filler__no_think,gsm8k_test_001281,no_think,repetitive_filler,,full_output,6,10,False,62,62,True,16.314531326293945,,ok,False,ok,20,280
exp_b,exp_b__gsm8k_test_001281__repetitive_filler__no_think,gsm8k_test_001281,no_think,repetitive_filler,,full_output,13,10,False,62,62,True,10.17043685913086,,ok,False,ok,20,280
exp_b,exp_b__gsm8k_test_001281__repetitive_filler__no_think,gsm8k_test_001281,no_think,repetitive_filler,,full_output,20,10,False,62,62,True,9.157364845275879,,ok,False,ok,20,280
exp_b,exp_b__gsm8k_test_001281__repetitive_filler__no_think,gsm8k_test_001281,no_think,repetitive_filler,,answer_segment,6,10,False,62,62,True,16.314531326293945,,ok,False,ok,20,280
exp_b,exp_b__gsm8k_test_001281__repetitive_filler__no_think,gsm8k_test_001281,no_think,repetitive_filler,,answer_segment,13,10,False,62,62,True,10.17043685913086,,ok,False,ok,20,280
exp_b,exp_b__gsm8k_test_001281__repetitive_filler__no_think,gsm8k_test_001281,no_think,repetitive_filler,,answer_segment,20,10,False,62,62,True,9.157364845275879,,ok,False,ok,20,280
exp_b,exp_b__gsm8k_test_001286__canonical__no_think,gsm8k_test_001286,no_think,canonical,,full_output,6,10,False,64,64,True,11.414013862609863,,ok,True,ok,105,105
exp_b,exp_b__gsm8k_test_001286__canonical__no_think,gsm8k_test_001286,no_think,canonical,,full_output,13,10,False,64,64,True,9.835707664489746,,ok,True,ok,105,105
exp_b,exp_b__gsm8k_test_001286__canonical__no_think,gsm8k_test_001286,no_think,canonical,,full_output,20,10,False,64,64,True,11.23050594329834,,ok,True,ok,105,105
exp_b,exp_b__gsm8k_test_001286__canonical__no_think,gsm8k_test_001286,no_think,canonical,,answer_segment,6,10,False,64,64,True,11.414013862609863,,ok,True,ok,105,105
exp_b,exp_b__gsm8k_test_001286__canonical__no_think,gsm8k_test_001286,no_think,canonical,,answer_segment,13,10,False,64,64,True,9.835707664489746,,ok,True,ok,105,105
exp_b,exp_b__gsm8k_test_001286__canonical__no_think,gsm8k_test_001286,no_think,canonical,,answer_segment,20,10,False,64,64,True,11.23050594329834,,ok,True,ok,105,105
exp_b,exp_b__gsm8k_test_001286__irrelevant_context__no_think,gsm8k_test_001286,no_think,irrelevant_context,,full_output,6,10,False,64,64,True,11.910592079162598,,ok,True,ok,105,105
exp_b,exp_b__gsm8k_test_001286__irrelevant_context__no_think,gsm8k_test_001286,no_think,irrelevant_context,,full_output,13,10,False,64,64,True,9.947994232177734,,ok,True,ok,105,105
exp_b,exp_b__gsm8k_test_001286__irrelevant_context__no_think,gsm8k_test_001286,no_think,irrelevant_context,,full_output,20,10,False,64,64,True,11.11895751953125,,ok,True,ok,105,105
exp_b,exp_b__gsm8k_test_001286__irrelevant_context__no_think,gsm8k_test_001286,no_think,irrelevant_context,,answer_segment,6,10,False,64,64,True,11.910592079162598,,ok,True,ok,105,105
exp_b,exp_b__gsm8k_test_001286__irrelevant_context__no_think,gsm8k_test_001286,no_think,irrelevant_context,,answer_segment,13,10,False,64,64,True,9.947994232177734,,ok,True,ok,105,105
exp_b,exp_b__gsm8k_test_001286__irrelevant_context__no_think,gsm8k_test_001286,no_think,irrelevant_context,,answer_segment,20,10,False,64,64,True,11.11895751953125,,ok,True,ok,105,105
exp_b,exp_b__gsm8k_test_001286__repetitive_filler__no_think,gsm8k_test_001286,no_think,repetitive_filler,,full_output,6,10,False,64,64,True,11.617317199707031,,ok,True,ok,105,105
exp_b,exp_b__gsm8k_test_001286__repetitive_filler__no_think,gsm8k_test_001286,no_think,repetitive_filler,,full_output,13,10,False,64,64,True,10.158390045166016,,ok,True,ok,105,105
exp_b,exp_b__gsm8k_test_001286__repetitive_filler__no_think,gsm8k_test_001286,no_think,repetitive_filler,,full_output,20,10,False,64,64,True,11.305659294128418,,ok,True,ok,105,105
exp_b,exp_b__gsm8k_test_001286__repetitive_filler__no_think,gsm8k_test_001286,no_think,repetitive_filler,,answer_segment,6,10,False,64,64,True,11.617317199707031,,ok,True,ok,105,105
exp_b,exp_b__gsm8k_test_001286__repetitive_filler__no_think,gsm8k_test_001286,no_think,repetitive_filler,,answer_segment,13,10,False,64,64,True,10.158390045166016,,ok,True,ok,105,105
exp_b,exp_b__gsm8k_test_001286__repetitive_filler__no_think,gsm8k_test_001286,no_think,repetitive_filler,,answer_segment,20,10,False,64,64,True,11.305659294128418,,ok,True,ok,105,105
exp_b,exp_b__gsm8k_test_001298__canonical__no_think,gsm8k_test_001298,no_think,canonical,,full_output,6,10,False,72,72,True,13.467177391052246,,ok,False,ok,31,110
exp_b,exp_b__gsm8k_test_001298__canonical__no_think,gsm8k_test_001298,no_think,canonical,,full_output,13,10,False,72,72,True,8.818466186523438,,ok,False,ok,31,110
exp_b,exp_b__gsm8k_test_001298__canonical__no_think,gsm8k_test_001298,no_think,canonical,,full_output,20,10,False,72,72,True,9.08761978149414,,ok,False,ok,31,110
exp_b,exp_b__gsm8k_test_001298__canonical__no_think,gsm8k_test_001298,no_think,canonical,,answer_segment,6,10,False,72,72,True,13.467177391052246,,ok,False,ok,31,110
exp_b,exp_b__gsm8k_test_001298__canonical__no_think,gsm8k_test_001298,no_think,canonical,,answer_segment,13,10,False,72,72,True,8.818466186523438,,ok,False,ok,31,110
exp_b,exp_b__gsm8k_test_001298__canonical__no_think,gsm8k_test_001298,no_think,canonical,,answer_segment,20,10,False,72,72,True,9.08761978149414,,ok,False,ok,31,110
exp_b,exp_b__gsm8k_test_001298__irrelevant_context__no_think,gsm8k_test_001298,no_think,irrelevant_context,,full_output,6,10,False,91,91,True,10.89220142364502,,ok,False,ok,31,32
exp_b,exp_b__gsm8k_test_001298__irrelevant_context__no_think,gsm8k_test_001298,no_think,irrelevant_context,,full_output,13,10,False,91,91,True,8.374342918395996,,ok,False,ok,31,32
exp_b,exp_b__gsm8k_test_001298__irrelevant_context__no_think,gsm8k_test_001298,no_think,irrelevant_context,,full_output,20,10,False,91,91,True,9.661981582641602,,ok,False,ok,31,32
exp_b,exp_b__gsm8k_test_001298__irrelevant_context__no_think,gsm8k_test_001298,no_think,irrelevant_context,,answer_segment,6,10,False,91,91,True,10.89220142364502,,ok,False,ok,31,32
exp_b,exp_b__gsm8k_test_001298__irrelevant_context__no_think,gsm8k_test_001298,no_think,irrelevant_context,,answer_segment,13,10,False,91,91,True,8.374342918395996,,ok,False,ok,31,32
exp_b,exp_b__gsm8k_test_001298__irrelevant_context__no_think,gsm8k_test_001298,no_think,irrelevant_context,,answer_segment,20,10,False,91,91,True,9.661981582641602,,ok,False,ok,31,32
exp_b,exp_b__gsm8k_test_001298__repetitive_filler__no_think,gsm8k_test_001298,no_think,repetitive_filler,,full_output,6,10,False,68,68,True,12.374435424804688,,ok,False,ok,31,100
exp_b,exp_b__gsm8k_test_001298__repetitive_filler__no_think,gsm8k_test_001298,no_think,repetitive_filler,,full_output,13,10,False,68,68,True,8.80476188659668,,ok,False,ok,31,100
exp_b,exp_b__gsm8k_test_001298__repetitive_filler__no_think,gsm8k_test_001298,no_think,repetitive_filler,,full_output,20,10,False,68,68,True,9.919477462768555,,ok,False,ok,31,100
exp_b,exp_b__gsm8k_test_001298__repetitive_filler__no_think,gsm8k_test_001298,no_think,repetitive_filler,,answer_segment,6,10,False,68,68,True,12.374435424804688,,ok,False,ok,31,100
exp_b,exp_b__gsm8k_test_001298__repetitive_filler__no_think,gsm8k_test_001298,no_think,repetitive_filler,,answer_segment,13,10,False,68,68,True,8.80476188659668,,ok,False,ok,31,100
exp_b,exp_b__gsm8k_test_001298__repetitive_filler__no_think,gsm8k_test_001298,no_think,repetitive_filler,,answer_segment,20,10,False,68,68,True,9.919477462768555,,ok,False,ok,31,100
exp_b,exp_b__gsm8k_test_001305__canonical__no_think,gsm8k_test_001305,no_think,canonical,,full_output,6,10,False,52,52,True,14.891636848449707,,ok,True,ok,2325,2325
exp_b,exp_b__gsm8k_test_001305__canonical__no_think,gsm8k_test_001305,no_think,canonical,,full_output,13,10,False,52,52,True,10.55316162109375,,ok,True,ok,2325,2325
exp_b,exp_b__gsm8k_test_001305__canonical__no_think,gsm8k_test_001305,no_think,canonical,,full_output,20,10,False,52,52,True,12.428979873657227,,ok,True,ok,2325,2325
exp_b,exp_b__gsm8k_test_001305__canonical__no_think,gsm8k_test_001305,no_think,canonical,,answer_segment,6,10,False,52,52,True,14.891636848449707,,ok,True,ok,2325,2325
exp_b,exp_b__gsm8k_test_001305__canonical__no_think,gsm8k_test_001305,no_think,canonical,,answer_segment,13,10,False,52,52,True,10.55316162109375,,ok,True,ok,2325,2325
exp_b,exp_b__gsm8k_test_001305__canonical__no_think,gsm8k_test_001305,no_think,canonical,,answer_segment,20,10,False,52,52,True,12.428979873657227,,ok,True,ok,2325,2325
exp_b,exp_b__gsm8k_test_001305__irrelevant_context__no_think,gsm8k_test_001305,no_think,irrelevant_context,,full_output,6,10,False,70,70,True,14.613927841186523,,ok,False,ok,2325,3075
exp_b,exp_b__gsm8k_test_001305__irrelevant_context__no_think,gsm8k_test_001305,no_think,irrelevant_context,,full_output,13,10,False,70,70,True,10.582868576049805,,ok,False,ok,2325,3075
exp_b,exp_b__gsm8k_test_001305__irrelevant_context__no_think,gsm8k_test_001305,no_think,irrelevant_context,,full_output,20,10,False,70,70,True,12.471004486083984,,ok,False,ok,2325,3075
exp_b,exp_b__gsm8k_test_001305__irrelevant_context__no_think,gsm8k_test_001305,no_think,irrelevant_context,,answer_segment,6,10,False,70,70,True,14.613927841186523,,ok,False,ok,2325,3075
exp_b,exp_b__gsm8k_test_001305__irrelevant_context__no_think,gsm8k_test_001305,no_think,irrelevant_context,,answer_segment,13,10,False,70,70,True,10.582868576049805,,ok,False,ok,2325,3075
exp_b,exp_b__gsm8k_test_001305__irrelevant_context__no_think,gsm8k_test_001305,no_think,irrelevant_context,,answer_segment,20,10,False,70,70,True,12.471004486083984,,ok,False,ok,2325,3075
exp_b,exp_b__gsm8k_test_001305__repetitive_filler__no_think,gsm8k_test_001305,no_think,repetitive_filler,,full_output,6,10,False,74,74,True,12.940078735351562,,ok,True,ok,2325,2325
exp_b,exp_b__gsm8k_test_001305__repetitive_filler__no_think,gsm8k_test_001305,no_think,repetitive_filler,,full_output,13,10,False,74,74,True,10.307536125183105,,ok,True,ok,2325,2325
exp_b,exp_b__gsm8k_test_001305__repetitive_filler__no_think,gsm8k_test_001305,no_think,repetitive_filler,,full_output,20,10,False,74,74,True,11.178634643554688,,ok,True,ok,2325,2325
exp_b,exp_b__gsm8k_test_001305__repetitive_filler__no_think,gsm8k_test_001305,no_think,repetitive_filler,,answer_segment,6,10,False,74,74,True,12.940078735351562,,ok,True,ok,2325,2325
exp_b,exp_b__gsm8k_test_001305__repetitive_filler__no_think,gsm8k_test_001305,no_think,repetitive_filler,,answer_segment,13,10,False,74,74,True,10.307536125183105,,ok,True,ok,2325,2325
exp_b,exp_b__gsm8k_test_001305__repetitive_filler__no_think,gsm8k_test_001305,no_think,repetitive_filler,,answer_segment,20,10,False,74,74,True,11.178634643554688,,ok,True,ok,2325,2325
exp_b,exp_b__gsm8k_test_001318__canonical__no_think,gsm8k_test_001318,no_think,canonical,,full_output,6,10,False,39,39,True,13.870306968688965,,ok,False,ok,14,56
exp_b,exp_b__gsm8k_test_001318__canonical__no_think,gsm8k_test_001318,no_think,canonical,,full_output,13,10,False,39,39,True,10.87485122680664,,ok,False,ok,14,56
exp_b,exp_b__gsm8k_test_001318__canonical__no_think,gsm8k_test_001318,no_think,canonical,,full_output,20,10,False,39,39,True,11.506247520446777,,ok,False,ok,14,56
exp_b,exp_b__gsm8k_test_001318__canonical__no_think,gsm8k_test_001318,no_think,canonical,,answer_segment,6,10,False,39,39,True,13.870306968688965,,ok,False,ok,14,56
exp_b,exp_b__gsm8k_test_001318__canonical__no_think,gsm8k_test_001318,no_think,canonical,,answer_segment,13,10,False,39,39,True,10.87485122680664,,ok,False,ok,14,56
exp_b,exp_b__gsm8k_test_001318__canonical__no_think,gsm8k_test_001318,no_think,canonical,,answer_segment,20,10,False,39,39,True,11.506247520446777,,ok,False,ok,14,56
exp_b,exp_b__gsm8k_test_001318__irrelevant_context__no_think,gsm8k_test_001318,no_think,irrelevant_context,,full_output,6,10,False,45,45,True,13.197236061096191,,ok,False,ok,14,56
exp_b,exp_b__gsm8k_test_001318__irrelevant_context__no_think,gsm8k_test_001318,no_think,irrelevant_context,,full_output,13,10,False,45,45,True,12.457788467407227,,ok,False,ok,14,56
exp_b,exp_b__gsm8k_test_001318__irrelevant_context__no_think,gsm8k_test_001318,no_think,irrelevant_context,,full_output,20,10,False,45,45,True,13.308549880981445,,ok,False,ok,14,56
exp_b,exp_b__gsm8k_test_001318__irrelevant_context__no_think,gsm8k_test_001318,no_think,irrelevant_context,,answer_segment,6,10,False,45,45,True,13.197236061096191,,ok,False,ok,14,56
exp_b,exp_b__gsm8k_test_001318__irrelevant_context__no_think,gsm8k_test_001318,no_think,irrelevant_context,,answer_segment,13,10,False,45,45,True,12.457788467407227,,ok,False,ok,14,56
exp_b,exp_b__gsm8k_test_001318__irrelevant_context__no_think,gsm8k_test_001318,no_think,irrelevant_context,,answer_segment,20,10,False,45,45,True,13.308549880981445,,ok,False,ok,14,56
exp_b,exp_b__gsm8k_test_001318__repetitive_filler__no_think,gsm8k_test_001318,no_think,repetitive_filler,,full_output,6,10,False,39,39,True,14.455392837524414,,ok,False,ok,14,56
exp_b,exp_b__gsm8k_test_001318__repetitive_filler__no_think,gsm8k_test_001318,no_think,repetitive_filler,,full_output,13,10,False,39,39,True,10.839813232421875,,ok,False,ok,14,56
exp_b,exp_b__gsm8k_test_001318__repetitive_filler__no_think,gsm8k_test_001318,no_think,repetitive_filler,,full_output,20,10,False,39,39,True,11.203166007995605,,ok,False,ok,14,56
exp_b,exp_b__gsm8k_test_001318__repetitive_filler__no_think,gsm8k_test_001318,no_think,repetitive_filler,,answer_segment,6,10,False,39,39,True,14.455392837524414,,ok,False,ok,14,56
exp_b,exp_b__gsm8k_test_001318__repetitive_filler__no_think,gsm8k_test_001318,no_think,repetitive_filler,,answer_segment,13,10,False,39,39,True,10.839813232421875,,ok,False,ok,14,56
exp_b,exp_b__gsm8k_test_001318__repetitive_filler__no_think,gsm8k_test_001318,no_think,repetitive_filler,,answer_segment,20,10,False,39,39,True,11.203166007995605,,ok,False,ok,14,56
