experiment,condition_id,example_id,mode,prompt_variant,family,segment,layer,k,normalize_hidden_states,token_count,valid_token_count,valid,mean_lid,invalid_reason,segment_parse_status,correct,answer_parse_status,gold_answer,model_answer
exp_c,exp_c__gsm8k_test_000003__think,gsm8k_test_000003,think,canonical,,full_output,6,10,False,182,182,True,17.72222900390625,,ok,True,ok,540,540
exp_c,exp_c__gsm8k_test_000003__think,gsm8k_test_000003,think,canonical,,full_output,13,10,False,182,182,True,12.982269287109375,,ok,True,ok,540,540
exp_c,exp_c__gsm8k_test_000003__think,gsm8k_test_000003,think,canonical,,full_output,20,10,False,182,182,True,12.609846115112305,,ok,True,ok,540,540
exp_c,exp_c__gsm8k_test_000003__think,gsm8k_test_000003,think,canonical,,thinking_segment,6,10,False,139,139,True,19.8497257232666,,ok_qwen_token_boundary,True,ok,540,540
exp_c,exp_c__gsm8k_test_000003__think,gsm8k_test_000003,think,canonical,,thinking_segment,13,10,False,139,139,True,13.624441146850586,,ok_qwen_token_boundary,True,ok,540,540
exp_c,exp_c__gsm8k_test_000003__think,gsm8k_test_000003,think,canonical,,thinking_segment,20,10,False,139,139,True,12.895297050476074,,ok_qwen_token_boundary,True,ok,540,540
exp_c,exp_c__gsm8k_test_000003__think,gsm8k_test_000003,think,canonical,,answer_segment,6,10,False,43,43,True,13.221295356750488,,ok_qwen_token_boundary,True,ok,540,540
exp_c,exp_c__gsm8k_test_000003__think,gsm8k_test_000003,think,canonical,,answer_segment,13,10,False,43,43,True,11.35255241394043,,ok_qwen_token_boundary,True,ok,540,540
exp_c,exp_c__gsm8k_test_000003__think,gsm8k_test_000003,think,canonical,,answer_segment,20,10,False,43,43,True,11.364697456359863,,ok_qwen_token_boundary,True,ok,540,540
exp_c,exp_c__gsm8k_test_000003__no_think,gsm8k_test_000003,no_think,canonical,,full_output,6,10,False,57,57,True,11.637434959411621,,ok,True,ok,540,540
exp_c,exp_c__gsm8k_test_000003__no_think,gsm8k_test_000003,no_think,canonical,,full_output,13,10,False,57,57,True,10.030662536621094,,ok,True,ok,540,540
exp_c,exp_c__gsm8k_test_000003__no_think,gsm8k_test_000003,no_think,canonical,,full_output,20,10,False,57,57,True,10.952618598937988,,ok,True,ok,540,540
exp_c,exp_c__gsm8k_test_000003__no_think,gsm8k_test_000003,no_think,canonical,,answer_segment,6,10,False,57,57,True,11.637434959411621,,ok,True,ok,540,540
exp_c,exp_c__gsm8k_test_000003__no_think,gsm8k_test_000003,no_think,canonical,,answer_segment,13,10,False,57,57,True,10.030662536621094,,ok,True,ok,540,540
exp_c,exp_c__gsm8k_test_000003__no_think,gsm8k_test_000003,no_think,canonical,,answer_segment,20,10,False,57,57,True,10.952618598937988,,ok,True,ok,540,540
exp_c,exp_c__gsm8k_test_000007__think,gsm8k_test_000007,think,canonical,,full_output,6,10,False,482,482,True,14.871697425842285,,ok,True,ok,160,160
exp_c,exp_c__gsm8k_test_000007__think,gsm8k_test_000007,think,canonical,,full_output,13,10,False,482,482,True,11.378891944885254,,ok,True,ok,160,160
exp_c,exp_c__gsm8k_test_000007__think,gsm8k_test_000007,think,canonical,,full_output,20,10,False,482,482,True,11.892693519592285,,ok,True,ok,160,160
exp_c,exp_c__gsm8k_test_000007__think,gsm8k_test_000007,think,canonical,,thinking_segment,6,10,False,422,422,True,14.91135311126709,,ok_qwen_token_boundary,True,ok,160,160
exp_c,exp_c__gsm8k_test_000007__think,gsm8k_test_000007,think,canonical,,thinking_segment,13,10,False,422,422,True,11.287060737609863,,ok_qwen_token_boundary,True,ok,160,160
exp_c,exp_c__gsm8k_test_000007__think,gsm8k_test_000007,think,canonical,,thinking_segment,20,10,False,422,422,True,11.813240051269531,,ok_qwen_token_boundary,True,ok,160,160
exp_c,exp_c__gsm8k_test_000007__think,gsm8k_test_000007,think,canonical,,answer_segment,6,10,False,60,60,True,16.918275833129883,,ok_qwen_token_boundary,True,ok,160,160
exp_c,exp_c__gsm8k_test_000007__think,gsm8k_test_000007,think,canonical,,answer_segment,13,10,False,60,60,True,12.103948593139648,,ok_qwen_token_boundary,True,ok,160,160
exp_c,exp_c__gsm8k_test_000007__think,gsm8k_test_000007,think,canonical,,answer_segment,20,10,False,60,60,True,12.641622543334961,,ok_qwen_token_boundary,True,ok,160,160
exp_c,exp_c__gsm8k_test_000007__no_think,gsm8k_test_000007,no_think,canonical,,full_output,6,10,False,53,53,True,16.998239517211914,,ok,False,ok,160,120
exp_c,exp_c__gsm8k_test_000007__no_think,gsm8k_test_000007,no_think,canonical,,full_output,13,10,False,53,53,True,12.87031364440918,,ok,False,ok,160,120
exp_c,exp_c__gsm8k_test_000007__no_think,gsm8k_test_000007,no_think,canonical,,full_output,20,10,False,53,53,True,12.733442306518555,,ok,False,ok,160,120
exp_c,exp_c__gsm8k_test_000007__no_think,gsm8k_test_000007,no_think,canonical,,answer_segment,6,10,False,53,53,True,16.998239517211914,,ok,False,ok,160,120
exp_c,exp_c__gsm8k_test_000007__no_think,gsm8k_test_000007,no_think,canonical,,answer_segment,13,10,False,53,53,True,12.87031364440918,,ok,False,ok,160,120
exp_c,exp_c__gsm8k_test_000007__no_think,gsm8k_test_000007,no_think,canonical,,answer_segment,20,10,False,53,53,True,12.733442306518555,,ok,False,ok,160,120
exp_c,exp_c__gsm8k_test_000009__think,gsm8k_test_000009,think,canonical,,full_output,6,10,False,273,273,True,11.963190078735352,,ok,True,ok,460,460
exp_c,exp_c__gsm8k_test_000009__think,gsm8k_test_000009,think,canonical,,full_output,13,10,False,273,273,True,11.699336051940918,,ok,True,ok,460,460
exp_c,exp_c__gsm8k_test_000009__think,gsm8k_test_000009,think,canonical,,full_output,20,10,False,273,273,True,12.199420928955078,,ok,True,ok,460,460
exp_c,exp_c__gsm8k_test_000009__think,gsm8k_test_000009,think,canonical,,thinking_segment,6,10,False,211,211,True,14.498625755310059,,ok_qwen_token_boundary,True,ok,460,460
exp_c,exp_c__gsm8k_test_000009__think,gsm8k_test_000009,think,canonical,,thinking_segment,13,10,False,211,211,True,13.5481538772583,,ok_qwen_token_boundary,True,ok,460,460
exp_c,exp_c__gsm8k_test_000009__think,gsm8k_test_000009,think,canonical,,thinking_segment,20,10,False,211,211,True,14.203631401062012,,ok_qwen_token_boundary,True,ok,460,460
exp_c,exp_c__gsm8k_test_000009__think,gsm8k_test_000009,think,canonical,,answer_segment,6,10,False,62,62,True,15.971641540527344,,ok_qwen_token_boundary,True,ok,460,460
exp_c,exp_c__gsm8k_test_000009__think,gsm8k_test_000009,think,canonical,,answer_segment,13,10,False,62,62,True,13.388066291809082,,ok_qwen_token_boundary,True,ok,460,460
exp_c,exp_c__gsm8k_test_000009__think,gsm8k_test_000009,think,canonical,,answer_segment,20,10,False,62,62,True,11.884220123291016,,ok_qwen_token_boundary,True,ok,460,460
exp_c,exp_c__gsm8k_test_000009__no_think,gsm8k_test_000009,no_think,canonical,,full_output,6,10,False,59,59,True,16.95650291442871,,ok,True,ok,460,460
exp_c,exp_c__gsm8k_test_000009__no_think,gsm8k_test_000009,no_think,canonical,,full_output,13,10,False,59,59,True,12.788098335266113,,ok,True,ok,460,460
exp_c,exp_c__gsm8k_test_000009__no_think,gsm8k_test_000009,no_think,canonical,,full_output,20,10,False,59,59,True,12.682374000549316,,ok,True,ok,460,460
exp_c,exp_c__gsm8k_test_000009__no_think,gsm8k_test_000009,no_think,canonical,,answer_segment,6,10,False,59,59,True,16.95650291442871,,ok,True,ok,460,460
exp_c,exp_c__gsm8k_test_000009__no_think,gsm8k_test_000009,no_think,canonical,,answer_segment,13,10,False,59,59,True,12.788098335266113,,ok,True,ok,460,460
exp_c,exp_c__gsm8k_test_000009__no_think,gsm8k_test_000009,no_think,canonical,,answer_segment,20,10,False,59,59,True,12.682374000549316,,ok,True,ok,460,460
exp_c,exp_c__gsm8k_test_000028__think,gsm8k_test_000028,think,canonical,,full_output,6,10,False,323,323,True,16.23843765258789,,ok,True,ok,25,25
exp_c,exp_c__gsm8k_test_000028__think,gsm8k_test_000028,think,canonical,,full_output,13,10,False,323,323,True,12.048473358154297,,ok,True,ok,25,25
exp_c,exp_c__gsm8k_test_000028__think,gsm8k_test_000028,think,canonical,,full_output,20,10,False,323,323,True,12.494648933410645,,ok,True,ok,25,25
exp_c,exp_c__gsm8k_test_000028__think,gsm8k_test_000028,think,canonical,,thinking_segment,6,10,False,275,275,True,17.185876846313477,,ok_qwen_token_boundary,True,ok,25,25
exp_c,exp_c__gsm8k_test_000028__think,gsm8k_test_000028,think,canonical,,thinking_segment,13,10,False,275,275,True,12.272150039672852,,ok_qwen_token_boundary,True,ok,25,25
exp_c,exp_c__gsm8k_test_000028__think,gsm8k_test_000028,think,canonical,,thinking_segment,20,10,False,275,275,True,12.796281814575195,,ok_qwen_token_boundary,True,ok,25,25
exp_c,exp_c__gsm8k_test_000028__think,gsm8k_test_000028,think,canonical,,answer_segment,6,10,False,48,48,True,16.832124710083008,,ok_qwen_token_boundary,True,ok,25,25
exp_c,exp_c__gsm8k_test_000028__think,gsm8k_test_000028,think,canonical,,answer_segment,13,10,False,48,48,True,14.235516548156738,,ok_qwen_token_boundary,True,ok,25,25
exp_c,exp_c__gsm8k_test_000028__think,gsm8k_test_000028,think,canonical,,answer_segment,20,10,False,48,48,True,12.018420219421387,,ok_qwen_token_boundary,True,ok,25,25
exp_c,exp_c__gsm8k_test_000028__no_think,gsm8k_test_000028,no_think,canonical,,full_output,6,10,False,48,48,True,14.570828437805176,,ok,True,ok,25,25
exp_c,exp_c__gsm8k_test_000028__no_think,gsm8k_test_000028,no_think,canonical,,full_output,13,10,False,48,48,True,12.234027862548828,,ok,True,ok,25,25
exp_c,exp_c__gsm8k_test_000028__no_think,gsm8k_test_000028,no_think,canonical,,full_output,20,10,False,48,48,True,12.4804105758667,,ok,True,ok,25,25
exp_c,exp_c__gsm8k_test_000028__no_think,gsm8k_test_000028,no_think,canonical,,answer_segment,6,10,False,48,48,True,14.570828437805176,,ok,True,ok,25,25
exp_c,exp_c__gsm8k_test_000028__no_think,gsm8k_test_000028,no_think,canonical,,answer_segment,13,10,False,48,48,True,12.234027862548828,,ok,True,ok,25,25
exp_c,exp_c__gsm8k_test_000028__no_think,gsm8k_test_000028,no_think,canonical,,answer_segment,20,10,False,48,48,True,12.4804105758667,,ok,True,ok,25,25
exp_c,exp_c__gsm8k_test_000031__think,gsm8k_test_000031,think,canonical,,full_output,6,10,False,358,358,True,16.724271774291992,,ok,True,ok,80,80
exp_c,exp_c__gsm8k_test_000031__think,gsm8k_test_000031,think,canonical,,full_output,13,10,False,358,358,True,12.463040351867676,,ok,True,ok,80,80
exp_c,exp_c__gsm8k_test_000031__think,gsm8k_test_000031,think,canonical,,full_output,20,10,False,358,358,True,12.407931327819824,,ok,True,ok,80,80
exp_c,exp_c__gsm8k_test_000031__think,gsm8k_test_000031,think,canonical,,thinking_segment,6,10,False,302,302,True,17.14605712890625,,ok_qwen_token_boundary,True,ok,80,80
exp_c,exp_c__gsm8k_test_000031__think,gsm8k_test_000031,think,canonical,,thinking_segment,13,10,False,302,302,True,12.594694137573242,,ok_qwen_token_boundary,True,ok,80,80
exp_c,exp_c__gsm8k_test_000031__think,gsm8k_test_000031,think,canonical,,thinking_segment,20,10,False,302,302,True,12.621910095214844,,ok_qwen_token_boundary,True,ok,80,80
exp_c,exp_c__gsm8k_test_000031__think,gsm8k_test_000031,think,canonical,,answer_segment,6,10,False,56,56,True,15.59450626373291,,ok_qwen_token_boundary,True,ok,80,80
exp_c,exp_c__gsm8k_test_000031__think,gsm8k_test_000031,think,canonical,,answer_segment,13,10,False,56,56,True,11.52764892578125,,ok_qwen_token_boundary,True,ok,80,80
exp_c,exp_c__gsm8k_test_000031__think,gsm8k_test_000031,think,canonical,,answer_segment,20,10,False,56,56,True,12.7315673828125,,ok_qwen_token_boundary,True,ok,80,80
exp_c,exp_c__gsm8k_test_000031__no_think,gsm8k_test_000031,no_think,canonical,,full_output,6,10,False,59,59,True,13.884458541870117,,ok,False,ok,80,90
exp_c,exp_c__gsm8k_test_000031__no_think,gsm8k_test_000031,no_think,canonical,,full_output,13,10,False,59,59,True,12.01815128326416,,ok,False,ok,80,90
exp_c,exp_c__gsm8k_test_000031__no_think,gsm8k_test_000031,no_think,canonical,,full_output,20,10,False,59,59,True,13.17154312133789,,ok,False,ok,80,90
exp_c,exp_c__gsm8k_test_000031__no_think,gsm8k_test_000031,no_think,canonical,,answer_segment,6,10,False,59,59,True,13.884458541870117,,ok,False,ok,80,90
exp_c,exp_c__gsm8k_test_000031__no_think,gsm8k_test_000031,no_think,canonical,,answer_segment,13,10,False,59,59,True,12.01815128326416,,ok,False,ok,80,90
exp_c,exp_c__gsm8k_test_000031__no_think,gsm8k_test_000031,no_think,canonical,,answer_segment,20,10,False,59,59,True,13.17154312133789,,ok,False,ok,80,90
exp_c,exp_c__gsm8k_test_000035__think,gsm8k_test_000035,think,canonical,,full_output,6,10,False,244,244,True,17.997671127319336,,ok,True,ok,9,9
exp_c,exp_c__gsm8k_test_000035__think,gsm8k_test_000035,think,canonical,,full_output,13,10,False,244,244,True,12.830601692199707,,ok,True,ok,9,9
exp_c,exp_c__gsm8k_test_000035__think,gsm8k_test_000035,think,canonical,,full_output,20,10,False,244,244,True,12.833268165588379,,ok,True,ok,9,9
exp_c,exp_c__gsm8k_test_000035__think,gsm8k_test_000035,think,canonical,,thinking_segment,6,10,False,196,196,True,19.403566360473633,,ok_qwen_token_boundary,True,ok,9,9
exp_c,exp_c__gsm8k_test_000035__think,gsm8k_test_000035,think,canonical,,thinking_segment,13,10,False,196,196,True,13.20697021484375,,ok_qwen_token_boundary,True,ok,9,9
exp_c,exp_c__gsm8k_test_000035__think,gsm8k_test_000035,think,canonical,,thinking_segment,20,10,False,196,196,True,12.584040641784668,,ok_qwen_token_boundary,True,ok,9,9
exp_c,exp_c__gsm8k_test_000035__think,gsm8k_test_000035,think,canonical,,answer_segment,6,10,False,48,48,True,18.11192512512207,,ok_qwen_token_boundary,True,ok,9,9
exp_c,exp_c__gsm8k_test_000035__think,gsm8k_test_000035,think,canonical,,answer_segment,13,10,False,48,48,True,12.58592700958252,,ok_qwen_token_boundary,True,ok,9,9
exp_c,exp_c__gsm8k_test_000035__think,gsm8k_test_000035,think,canonical,,answer_segment,20,10,False,48,48,True,12.029145240783691,,ok_qwen_token_boundary,True,ok,9,9
exp_c,exp_c__gsm8k_test_000035__no_think,gsm8k_test_000035,no_think,canonical,,full_output,6,10,False,54,54,True,15.013067245483398,,ok,True,ok,9,9
exp_c,exp_c__gsm8k_test_000035__no_think,gsm8k_test_000035,no_think,canonical,,full_output,13,10,False,54,54,True,13.845465660095215,,ok,True,ok,9,9
exp_c,exp_c__gsm8k_test_000035__no_think,gsm8k_test_000035,no_think,canonical,,full_output,20,10,False,54,54,True,12.950927734375,,ok,True,ok,9,9
exp_c,exp_c__gsm8k_test_000035__no_think,gsm8k_test_000035,no_think,canonical,,answer_segment,6,10,False,54,54,True,15.013067245483398,,ok,True,ok,9,9
exp_c,exp_c__gsm8k_test_000035__no_think,gsm8k_test_000035,no_think,canonical,,answer_segment,13,10,False,54,54,True,13.845465660095215,,ok,True,ok,9,9
exp_c,exp_c__gsm8k_test_000035__no_think,gsm8k_test_000035,no_think,canonical,,answer_segment,20,10,False,54,54,True,12.950927734375,,ok,True,ok,9,9
exp_c,exp_c__gsm8k_test_000042__think,gsm8k_test_000042,think,canonical,,full_output,6,10,False,124,124,True,23.566896438598633,,ok,True,ok,26,26
exp_c,exp_c__gsm8k_test_000042__think,gsm8k_test_000042,think,canonical,,full_output,13,10,False,124,124,True,14.764122009277344,,ok,True,ok,26,26
exp_c,exp_c__gsm8k_test_000042__think,gsm8k_test_000042,think,canonical,,full_output,20,10,False,124,124,True,13.68124771118164,,ok,True,ok,26,26
exp_c,exp_c__gsm8k_test_000042__think,gsm8k_test_000042,think,canonical,,thinking_segment,6,10,False,82,82,True,23.64569664001465,,ok_qwen_token_boundary,True,ok,26,26
exp_c,exp_c__gsm8k_test_000042__think,gsm8k_test_000042,think,canonical,,thinking_segment,13,10,False,82,82,True,15.320484161376953,,ok_qwen_token_boundary,True,ok,26,26
exp_c,exp_c__gsm8k_test_000042__think,gsm8k_test_000042,think,canonical,,thinking_segment,20,10,False,82,82,True,13.46847915649414,,ok_qwen_token_boundary,True,ok,26,26
exp_c,exp_c__gsm8k_test_000042__think,gsm8k_test_000042,think,canonical,,answer_segment,6,10,False,42,42,True,19.79230308532715,,ok_qwen_token_boundary,True,ok,26,26
exp_c,exp_c__gsm8k_test_000042__think,gsm8k_test_000042,think,canonical,,answer_segment,13,10,False,42,42,True,12.223787307739258,,ok_qwen_token_boundary,True,ok,26,26
exp_c,exp_c__gsm8k_test_000042__think,gsm8k_test_000042,think,canonical,,answer_segment,20,10,False,42,42,True,13.342270851135254,,ok_qwen_token_boundary,True,ok,26,26
exp_c,exp_c__gsm8k_test_000042__no_think,gsm8k_test_000042,no_think,canonical,,full_output,6,10,False,38,38,True,14.6328706741333,,ok,True,ok,26,26
exp_c,exp_c__gsm8k_test_000042__no_think,gsm8k_test_000042,no_think,canonical,,full_output,13,10,False,38,38,True,10.696711540222168,,ok,True,ok,26,26
exp_c,exp_c__gsm8k_test_000042__no_think,gsm8k_test_000042,no_think,canonical,,full_output,20,10,False,38,38,True,12.156025886535645,,ok,True,ok,26,26
exp_c,exp_c__gsm8k_test_000042__no_think,gsm8k_test_000042,no_think,canonical,,answer_segment,6,10,False,38,38,True,14.6328706741333,,ok,True,ok,26,26
exp_c,exp_c__gsm8k_test_000042__no_think,gsm8k_test_000042,no_think,canonical,,answer_segment,13,10,False,38,38,True,10.696711540222168,,ok,True,ok,26,26
exp_c,exp_c__gsm8k_test_000042__no_think,gsm8k_test_000042,no_think,canonical,,answer_segment,20,10,False,38,38,True,12.156025886535645,,ok,True,ok,26,26
exp_c,exp_c__gsm8k_test_000044__think,gsm8k_test_000044,think,canonical,,full_output,6,10,False,270,270,True,17.445871353149414,,ok,True,ok,20,20
exp_c,exp_c__gsm8k_test_000044__think,gsm8k_test_000044,think,canonical,,full_output,13,10,False,270,270,True,11.822935104370117,,ok,True,ok,20,20
exp_c,exp_c__gsm8k_test_000044__think,gsm8k_test_000044,think,canonical,,full_output,20,10,False,270,270,True,12.426929473876953,,ok,True,ok,20,20
exp_c,exp_c__gsm8k_test_000044__think,gsm8k_test_000044,think,canonical,,thinking_segment,6,10,False,215,215,True,18.779212951660156,,ok_qwen_token_boundary,True,ok,20,20
exp_c,exp_c__gsm8k_test_000044__think,gsm8k_test_000044,think,canonical,,thinking_segment,13,10,False,215,215,True,11.955495834350586,,ok_qwen_token_boundary,True,ok,20,20
exp_c,exp_c__gsm8k_test_000044__think,gsm8k_test_000044,think,canonical,,thinking_segment,20,10,False,215,215,True,12.414042472839355,,ok_qwen_token_boundary,True,ok,20,20
exp_c,exp_c__gsm8k_test_000044__think,gsm8k_test_000044,think,canonical,,answer_segment,6,10,False,55,55,True,15.47120475769043,,ok_qwen_token_boundary,True,ok,20,20
exp_c,exp_c__gsm8k_test_000044__think,gsm8k_test_000044,think,canonical,,answer_segment,13,10,False,55,55,True,13.070988655090332,,ok_qwen_token_boundary,True,ok,20,20
exp_c,exp_c__gsm8k_test_000044__think,gsm8k_test_000044,think,canonical,,answer_segment,20,10,False,55,55,True,12.300057411193848,,ok_qwen_token_boundary,True,ok,20,20
exp_c,exp_c__gsm8k_test_000044__no_think,gsm8k_test_000044,no_think,canonical,,full_output,6,10,False,44,44,True,16.079282760620117,,ok,False,ok,20,30
exp_c,exp_c__gsm8k_test_000044__no_think,gsm8k_test_000044,no_think,canonical,,full_output,13,10,False,44,44,True,12.755550384521484,,ok,False,ok,20,30
exp_c,exp_c__gsm8k_test_000044__no_think,gsm8k_test_000044,no_think,canonical,,full_output,20,10,False,44,44,True,14.625622749328613,,ok,False,ok,20,30
exp_c,exp_c__gsm8k_test_000044__no_think,gsm8k_test_000044,no_think,canonical,,answer_segment,6,10,False,44,44,True,16.079282760620117,,ok,False,ok,20,30
exp_c,exp_c__gsm8k_test_000044__no_think,gsm8k_test_000044,no_think,canonical,,answer_segment,13,10,False,44,44,True,12.755550384521484,,ok,False,ok,20,30
exp_c,exp_c__gsm8k_test_000044__no_think,gsm8k_test_000044,no_think,canonical,,answer_segment,20,10,False,44,44,True,14.625622749328613,,ok,False,ok,20,30
exp_c,exp_c__gsm8k_test_000048__think,gsm8k_test_000048,think,canonical,,full_output,6,10,False,208,208,True,22.912944793701172,,ok,True,ok,8,8
exp_c,exp_c__gsm8k_test_000048__think,gsm8k_test_000048,think,canonical,,full_output,13,10,False,208,208,True,14.031280517578125,,ok,True,ok,8,8
exp_c,exp_c__gsm8k_test_000048__think,gsm8k_test_000048,think,canonical,,full_output,20,10,False,208,208,True,13.699697494506836,,ok,True,ok,8,8
exp_c,exp_c__gsm8k_test_000048__think,gsm8k_test_000048,think,canonical,,thinking_segment,6,10,False,167,167,True,24.9077091217041,,ok_qwen_token_boundary,True,ok,8,8
exp_c,exp_c__gsm8k_test_000048__think,gsm8k_test_000048,think,canonical,,thinking_segment,13,10,False,167,167,True,14.349713325500488,,ok_qwen_token_boundary,True,ok,8,8
exp_c,exp_c__gsm8k_test_000048__think,gsm8k_test_000048,think,canonical,,thinking_segment,20,10,False,167,167,True,13.941011428833008,,ok_qwen_token_boundary,True,ok,8,8
exp_c,exp_c__gsm8k_test_000048__think,gsm8k_test_000048,think,canonical,,answer_segment,6,10,False,41,41,True,15.940896987915039,,ok_qwen_token_boundary,True,ok,8,8
exp_c,exp_c__gsm8k_test_000048__think,gsm8k_test_000048,think,canonical,,answer_segment,13,10,False,41,41,True,11.510672569274902,,ok_qwen_token_boundary,True,ok,8,8
exp_c,exp_c__gsm8k_test_000048__think,gsm8k_test_000048,think,canonical,,answer_segment,20,10,False,41,41,True,13.333823204040527,,ok_qwen_token_boundary,True,ok,8,8
exp_c,exp_c__gsm8k_test_000048__no_think,gsm8k_test_000048,no_think,canonical,,full_output,6,10,False,40,40,True,14.832086563110352,,ok,True,ok,8,8
exp_c,exp_c__gsm8k_test_000048__no_think,gsm8k_test_000048,no_think,canonical,,full_output,13,10,False,40,40,True,11.833147048950195,,ok,True,ok,8,8
exp_c,exp_c__gsm8k_test_000048__no_think,gsm8k_test_000048,no_think,canonical,,full_output,20,10,False,40,40,True,12.306361198425293,,ok,True,ok,8,8
exp_c,exp_c__gsm8k_test_000048__no_think,gsm8k_test_000048,no_think,canonical,,answer_segment,6,10,False,40,40,True,14.832086563110352,,ok,True,ok,8,8
exp_c,exp_c__gsm8k_test_000048__no_think,gsm8k_test_000048,no_think,canonical,,answer_segment,13,10,False,40,40,True,11.833147048950195,,ok,True,ok,8,8
exp_c,exp_c__gsm8k_test_000048__no_think,gsm8k_test_000048,no_think,canonical,,answer_segment,20,10,False,40,40,True,12.306361198425293,,ok,True,ok,8,8
exp_c,exp_c__gsm8k_test_000054__think,gsm8k_test_000054,think,canonical,,full_output,6,10,False,325,325,True,16.3222599029541,,ok,True,ok,40,40
exp_c,exp_c__gsm8k_test_000054__think,gsm8k_test_000054,think,canonical,,full_output,13,10,False,325,325,True,11.830320358276367,,ok,True,ok,40,40
exp_c,exp_c__gsm8k_test_000054__think,gsm8k_test_000054,think,canonical,,full_output,20,10,False,325,325,True,11.864795684814453,,ok,True,ok,40,40
exp_c,exp_c__gsm8k_test_000054__think,gsm8k_test_000054,think,canonical,,thinking_segment,6,10,False,277,277,True,17.42738151550293,,ok_qwen_token_boundary,True,ok,40,40
exp_c,exp_c__gsm8k_test_000054__think,gsm8k_test_000054,think,canonical,,thinking_segment,13,10,False,277,277,True,12.143688201904297,,ok_qwen_token_boundary,True,ok,40,40
exp_c,exp_c__gsm8k_test_000054__think,gsm8k_test_000054,think,canonical,,thinking_segment,20,10,False,277,277,True,12.18254280090332,,ok_qwen_token_boundary,True,ok,40,40
exp_c,exp_c__gsm8k_test_000054__think,gsm8k_test_000054,think,canonical,,answer_segment,6,10,False,48,48,True,18.016355514526367,,ok_qwen_token_boundary,True,ok,40,40
exp_c,exp_c__gsm8k_test_000054__think,gsm8k_test_000054,think,canonical,,answer_segment,13,10,False,48,48,True,11.807307243347168,,ok_qwen_token_boundary,True,ok,40,40
exp_c,exp_c__gsm8k_test_000054__think,gsm8k_test_000054,think,canonical,,answer_segment,20,10,False,48,48,True,12.09375,,ok_qwen_token_boundary,True,ok,40,40
exp_c,exp_c__gsm8k_test_000054__no_think,gsm8k_test_000054,no_think,canonical,,full_output,6,10,False,55,55,True,16.686172485351562,,ok,False,ok,40,34
exp_c,exp_c__gsm8k_test_000054__no_think,gsm8k_test_000054,no_think,canonical,,full_output,13,10,False,55,55,True,12.300604820251465,,ok,False,ok,40,34
exp_c,exp_c__gsm8k_test_000054__no_think,gsm8k_test_000054,no_think,canonical,,full_output,20,10,False,55,55,True,12.979987144470215,,ok,False,ok,40,34
exp_c,exp_c__gsm8k_test_000054__no_think,gsm8k_test_000054,no_think,canonical,,answer_segment,6,10,False,55,55,True,16.686172485351562,,ok,False,ok,40,34
exp_c,exp_c__gsm8k_test_000054__no_think,gsm8k_test_000054,no_think,canonical,,answer_segment,13,10,False,55,55,True,12.300604820251465,,ok,False,ok,40,34
exp_c,exp_c__gsm8k_test_000054__no_think,gsm8k_test_000054,no_think,canonical,,answer_segment,20,10,False,55,55,True,12.979987144470215,,ok,False,ok,40,34
exp_c,exp_c__gsm8k_test_000067__think,gsm8k_test_000067,think,canonical,,full_output,6,10,False,383,383,True,15.393259048461914,,ok,True,ok,595,595
exp_c,exp_c__gsm8k_test_000067__think,gsm8k_test_000067,think,canonical,,full_output,13,10,False,383,383,True,12.082704544067383,,ok,True,ok,595,595
exp_c,exp_c__gsm8k_test_000067__think,gsm8k_test_000067,think,canonical,,full_output,20,10,False,383,383,True,12.182601928710938,,ok,True,ok,595,595
exp_c,exp_c__gsm8k_test_000067__think,gsm8k_test_000067,think,canonical,,thinking_segment,6,10,False,320,320,True,15.737161636352539,,ok_qwen_token_boundary,True,ok,595,595
exp_c,exp_c__gsm8k_test_000067__think,gsm8k_test_000067,think,canonical,,thinking_segment,13,10,False,320,320,True,12.177213668823242,,ok_qwen_token_boundary,True,ok,595,595
exp_c,exp_c__gsm8k_test_000067__think,gsm8k_test_000067,think,canonical,,thinking_segment,20,10,False,320,320,True,12.319172859191895,,ok_qwen_token_boundary,True,ok,595,595
exp_c,exp_c__gsm8k_test_000067__think,gsm8k_test_000067,think,canonical,,answer_segment,6,10,False,63,63,True,15.352946281433105,,ok_qwen_token_boundary,True,ok,595,595
exp_c,exp_c__gsm8k_test_000067__think,gsm8k_test_000067,think,canonical,,answer_segment,13,10,False,63,63,True,11.625190734863281,,ok_qwen_token_boundary,True,ok,595,595
exp_c,exp_c__gsm8k_test_000067__think,gsm8k_test_000067,think,canonical,,answer_segment,20,10,False,63,63,True,11.674825668334961,,ok_qwen_token_boundary,True,ok,595,595
exp_c,exp_c__gsm8k_test_000067__no_think,gsm8k_test_000067,no_think,canonical,,full_output,6,10,False,62,62,True,15.815483093261719,,ok,False,ok,595,625
exp_c,exp_c__gsm8k_test_000067__no_think,gsm8k_test_000067,no_think,canonical,,full_output,13,10,False,62,62,True,11.102216720581055,,ok,False,ok,595,625
exp_c,exp_c__gsm8k_test_000067__no_think,gsm8k_test_000067,no_think,canonical,,full_output,20,10,False,62,62,True,11.630800247192383,,ok,False,ok,595,625
exp_c,exp_c__gsm8k_test_000067__no_think,gsm8k_test_000067,no_think,canonical,,answer_segment,6,10,False,62,62,True,15.815483093261719,,ok,False,ok,595,625
exp_c,exp_c__gsm8k_test_000067__no_think,gsm8k_test_000067,no_think,canonical,,answer_segment,13,10,False,62,62,True,11.102216720581055,,ok,False,ok,595,625
exp_c,exp_c__gsm8k_test_000067__no_think,gsm8k_test_000067,no_think,canonical,,answer_segment,20,10,False,62,62,True,11.630800247192383,,ok,False,ok,595,625
exp_c,exp_c__gsm8k_test_000069__think,gsm8k_test_000069,think,canonical,,full_output,6,10,False,271,271,True,16.40892791748047,,ok,True,ok,60,60
exp_c,exp_c__gsm8k_test_000069__think,gsm8k_test_000069,think,canonical,,full_output,13,10,False,271,271,True,11.661733627319336,,ok,True,ok,60,60
exp_c,exp_c__gsm8k_test_000069__think,gsm8k_test_000069,think,canonical,,full_output,20,10,False,271,271,True,11.896219253540039,,ok,True,ok,60,60
exp_c,exp_c__gsm8k_test_000069__think,gsm8k_test_000069,think,canonical,,thinking_segment,6,10,False,228,228,True,18.203853607177734,,ok_qwen_token_boundary,True,ok,60,60
exp_c,exp_c__gsm8k_test_000069__think,gsm8k_test_000069,think,canonical,,thinking_segment,13,10,False,228,228,True,12.543917655944824,,ok_qwen_token_boundary,True,ok,60,60
exp_c,exp_c__gsm8k_test_000069__think,gsm8k_test_000069,think,canonical,,thinking_segment,20,10,False,228,228,True,12.704514503479004,,ok_qwen_token_boundary,True,ok,60,60
exp_c,exp_c__gsm8k_test_000069__think,gsm8k_test_000069,think,canonical,,answer_segment,6,10,False,43,43,True,14.684026718139648,,ok_qwen_token_boundary,True,ok,60,60
exp_c,exp_c__gsm8k_test_000069__think,gsm8k_test_000069,think,canonical,,answer_segment,13,10,False,43,43,True,11.27927017211914,,ok_qwen_token_boundary,True,ok,60,60
exp_c,exp_c__gsm8k_test_000069__think,gsm8k_test_000069,think,canonical,,answer_segment,20,10,False,43,43,True,12.203883171081543,,ok_qwen_token_boundary,True,ok,60,60
exp_c,exp_c__gsm8k_test_000069__no_think,gsm8k_test_000069,no_think,canonical,,full_output,6,10,False,40,40,True,14.083290100097656,,ok,True,ok,60,60
exp_c,exp_c__gsm8k_test_000069__no_think,gsm8k_test_000069,no_think,canonical,,full_output,13,10,False,40,40,True,11.916365623474121,,ok,True,ok,60,60
exp_c,exp_c__gsm8k_test_000069__no_think,gsm8k_test_000069,no_think,canonical,,full_output,20,10,False,40,40,True,11.982431411743164,,ok,True,ok,60,60
exp_c,exp_c__gsm8k_test_000069__no_think,gsm8k_test_000069,no_think,canonical,,answer_segment,6,10,False,40,40,True,14.083290100097656,,ok,True,ok,60,60
exp_c,exp_c__gsm8k_test_000069__no_think,gsm8k_test_000069,no_think,canonical,,answer_segment,13,10,False,40,40,True,11.916365623474121,,ok,True,ok,60,60
exp_c,exp_c__gsm8k_test_000069__no_think,gsm8k_test_000069,no_think,canonical,,answer_segment,20,10,False,40,40,True,11.982431411743164,,ok,True,ok,60,60
exp_c,exp_c__gsm8k_test_000070__think,gsm8k_test_000070,think,canonical,,full_output,6,10,False,490,490,True,10.892287254333496,,ok,True,ok,7425,7425
exp_c,exp_c__gsm8k_test_000070__think,gsm8k_test_000070,think,canonical,,full_output,13,10,False,490,490,True,9.448453903198242,,ok,True,ok,7425,7425
exp_c,exp_c__gsm8k_test_000070__think,gsm8k_test_000070,think,canonical,,full_output,20,10,False,490,490,True,10.817009925842285,,ok,True,ok,7425,7425
exp_c,exp_c__gsm8k_test_000070__think,gsm8k_test_000070,think,canonical,,thinking_segment,6,10,False,434,434,True,10.890262603759766,,ok_qwen_token_boundary,True,ok,7425,7425
exp_c,exp_c__gsm8k_test_000070__think,gsm8k_test_000070,think,canonical,,thinking_segment,13,10,False,434,434,True,9.591236114501953,,ok_qwen_token_boundary,True,ok,7425,7425
exp_c,exp_c__gsm8k_test_000070__think,gsm8k_test_000070,think,canonical,,thinking_segment,20,10,False,434,434,True,10.926809310913086,,ok_qwen_token_boundary,True,ok,7425,7425
exp_c,exp_c__gsm8k_test_000070__think,gsm8k_test_000070,think,canonical,,answer_segment,6,10,False,56,56,True,16.2404842376709,,ok_qwen_token_boundary,True,ok,7425,7425
exp_c,exp_c__gsm8k_test_000070__think,gsm8k_test_000070,think,canonical,,answer_segment,13,10,False,56,56,True,12.982492446899414,,ok_qwen_token_boundary,True,ok,7425,7425
exp_c,exp_c__gsm8k_test_000070__think,gsm8k_test_000070,think,canonical,,answer_segment,20,10,False,56,56,True,12.851656913757324,,ok_qwen_token_boundary,True,ok,7425,7425
exp_c,exp_c__gsm8k_test_000070__no_think,gsm8k_test_000070,no_think,canonical,,full_output,6,10,False,51,51,True,15.77930736541748,,ok,False,ok,7425,2025
exp_c,exp_c__gsm8k_test_000070__no_think,gsm8k_test_000070,no_think,canonical,,full_output,13,10,False,51,51,True,14.223295211791992,,ok,False,ok,7425,2025
exp_c,exp_c__gsm8k_test_000070__no_think,gsm8k_test_000070,no_think,canonical,,full_output,20,10,False,51,51,True,13.109148979187012,,ok,False,ok,7425,2025
exp_c,exp_c__gsm8k_test_000070__no_think,gsm8k_test_000070,no_think,canonical,,answer_segment,6,10,False,51,51,True,15.77930736541748,,ok,False,ok,7425,2025
exp_c,exp_c__gsm8k_test_000070__no_think,gsm8k_test_000070,no_think,canonical,,answer_segment,13,10,False,51,51,True,14.223295211791992,,ok,False,ok,7425,2025
exp_c,exp_c__gsm8k_test_000070__no_think,gsm8k_test_000070,no_think,canonical,,answer_segment,20,10,False,51,51,True,13.109148979187012,,ok,False,ok,7425,2025
exp_c,exp_c__gsm8k_test_000088__think,gsm8k_test_000088,think,canonical,,full_output,6,10,False,180,180,True,16.668907165527344,,ok,True,ok,8000,8000
exp_c,exp_c__gsm8k_test_000088__think,gsm8k_test_000088,think,canonical,,full_output,13,10,False,180,180,True,13.608360290527344,,ok,True,ok,8000,8000
exp_c,exp_c__gsm8k_test_000088__think,gsm8k_test_000088,think,canonical,,full_output,20,10,False,180,180,True,12.996658325195312,,ok,True,ok,8000,8000
exp_c,exp_c__gsm8k_test_000088__think,gsm8k_test_000088,think,canonical,,thinking_segment,6,10,False,124,124,True,18.564167022705078,,ok_qwen_token_boundary,True,ok,8000,8000
exp_c,exp_c__gsm8k_test_000088__think,gsm8k_test_000088,think,canonical,,thinking_segment,13,10,False,124,124,True,14.804059982299805,,ok_qwen_token_boundary,True,ok,8000,8000
exp_c,exp_c__gsm8k_test_000088__think,gsm8k_test_000088,think,canonical,,thinking_segment,20,10,False,124,124,True,13.942261695861816,,ok_qwen_token_boundary,True,ok,8000,8000
exp_c,exp_c__gsm8k_test_000088__think,gsm8k_test_000088,think,canonical,,answer_segment,6,10,False,56,56,True,14.379387855529785,,ok_qwen_token_boundary,True,ok,8000,8000
exp_c,exp_c__gsm8k_test_000088__think,gsm8k_test_000088,think,canonical,,answer_segment,13,10,False,56,56,True,11.515690803527832,,ok_qwen_token_boundary,True,ok,8000,8000
exp_c,exp_c__gsm8k_test_000088__think,gsm8k_test_000088,think,canonical,,answer_segment,20,10,False,56,56,True,11.789958000183105,,ok_qwen_token_boundary,True,ok,8000,8000
exp_c,exp_c__gsm8k_test_000088__no_think,gsm8k_test_000088,no_think,canonical,,full_output,6,10,False,46,46,True,15.206482887268066,,ok,True,ok,8000,8000
exp_c,exp_c__gsm8k_test_000088__no_think,gsm8k_test_000088,no_think,canonical,,full_output,13,10,False,46,46,True,12.301865577697754,,ok,True,ok,8000,8000
exp_c,exp_c__gsm8k_test_000088__no_think,gsm8k_test_000088,no_think,canonical,,full_output,20,10,False,46,46,True,12.393548965454102,,ok,True,ok,8000,8000
exp_c,exp_c__gsm8k_test_000088__no_think,gsm8k_test_000088,no_think,canonical,,answer_segment,6,10,False,46,46,True,15.206482887268066,,ok,True,ok,8000,8000
exp_c,exp_c__gsm8k_test_000088__no_think,gsm8k_test_000088,no_think,canonical,,answer_segment,13,10,False,46,46,True,12.301865577697754,,ok,True,ok,8000,8000
exp_c,exp_c__gsm8k_test_000088__no_think,gsm8k_test_000088,no_think,canonical,,answer_segment,20,10,False,46,46,True,12.393548965454102,,ok,True,ok,8000,8000
exp_c,exp_c__gsm8k_test_000091__think,gsm8k_test_000091,think,canonical,,full_output,6,10,False,218,218,True,18.611801147460938,,ok,True,ok,28,28
exp_c,exp_c__gsm8k_test_000091__think,gsm8k_test_000091,think,canonical,,full_output,13,10,False,218,218,True,13.574328422546387,,ok,True,ok,28,28
exp_c,exp_c__gsm8k_test_000091__think,gsm8k_test_000091,think,canonical,,full_output,20,10,False,218,218,True,13.527144432067871,,ok,True,ok,28,28
exp_c,exp_c__gsm8k_test_000091__think,gsm8k_test_000091,think,canonical,,thinking_segment,6,10,False,157,157,True,20.060617446899414,,ok_qwen_token_boundary,True,ok,28,28
exp_c,exp_c__gsm8k_test_000091__think,gsm8k_test_000091,think,canonical,,thinking_segment,13,10,False,157,157,True,13.489971160888672,,ok_qwen_token_boundary,True,ok,28,28
exp_c,exp_c__gsm8k_test_000091__think,gsm8k_test_000091,think,canonical,,thinking_segment,20,10,False,157,157,True,13.935357093811035,,ok_qwen_token_boundary,True,ok,28,28
exp_c,exp_c__gsm8k_test_000091__think,gsm8k_test_000091,think,canonical,,answer_segment,6,10,False,61,61,True,18.708364486694336,,ok_qwen_token_boundary,True,ok,28,28
exp_c,exp_c__gsm8k_test_000091__think,gsm8k_test_000091,think,canonical,,answer_segment,13,10,False,61,61,True,12.1859712600708,,ok_qwen_token_boundary,True,ok,28,28
exp_c,exp_c__gsm8k_test_000091__think,gsm8k_test_000091,think,canonical,,answer_segment,20,10,False,61,61,True,12.799355506896973,,ok_qwen_token_boundary,True,ok,28,28
exp_c,exp_c__gsm8k_test_000091__no_think,gsm8k_test_000091,no_think,canonical,,full_output,6,10,False,55,55,True,15.727058410644531,,ok,True,ok,28,28
exp_c,exp_c__gsm8k_test_000091__no_think,gsm8k_test_000091,no_think,canonical,,full_output,13,10,False,55,55,True,10.846789360046387,,ok,True,ok,28,28
exp_c,exp_c__gsm8k_test_000091__no_think,gsm8k_test_000091,no_think,canonical,,full_output,20,10,False,55,55,True,11.789612770080566,,ok,True,ok,28,28
exp_c,exp_c__gsm8k_test_000091__no_think,gsm8k_test_000091,no_think,canonical,,answer_segment,6,10,False,55,55,True,15.727058410644531,,ok,True,ok,28,28
exp_c,exp_c__gsm8k_test_000091__no_think,gsm8k_test_000091,no_think,canonical,,answer_segment,13,10,False,55,55,True,10.846789360046387,,ok,True,ok,28,28
exp_c,exp_c__gsm8k_test_000091__no_think,gsm8k_test_000091,no_think,canonical,,answer_segment,20,10,False,55,55,True,11.789612770080566,,ok,True,ok,28,28
exp_c,exp_c__gsm8k_test_000096__think,gsm8k_test_000096,think,canonical,,full_output,6,10,False,242,242,True,15.061344146728516,,ok,True,ok,3,3
exp_c,exp_c__gsm8k_test_000096__think,gsm8k_test_000096,think,canonical,,full_output,13,10,False,242,242,True,11.195769309997559,,ok,True,ok,3,3
exp_c,exp_c__gsm8k_test_000096__think,gsm8k_test_000096,think,canonical,,full_output,20,10,False,242,242,True,10.830367088317871,,ok,True,ok,3,3
exp_c,exp_c__gsm8k_test_000096__think,gsm8k_test_000096,think,canonical,,thinking_segment,6,10,False,203,203,True,17.61196517944336,,ok_qwen_token_boundary,True,ok,3,3
exp_c,exp_c__gsm8k_test_000096__think,gsm8k_test_000096,think,canonical,,thinking_segment,13,10,False,203,203,True,12.484246253967285,,ok_qwen_token_boundary,True,ok,3,3
exp_c,exp_c__gsm8k_test_000096__think,gsm8k_test_000096,think,canonical,,thinking_segment,20,10,False,203,203,True,11.918434143066406,,ok_qwen_token_boundary,True,ok,3,3
exp_c,exp_c__gsm8k_test_000096__think,gsm8k_test_000096,think,canonical,,answer_segment,6,10,False,39,39,True,16.0997314453125,,ok_qwen_token_boundary,True,ok,3,3
exp_c,exp_c__gsm8k_test_000096__think,gsm8k_test_000096,think,canonical,,answer_segment,13,10,False,39,39,True,11.633272171020508,,ok_qwen_token_boundary,True,ok,3,3
exp_c,exp_c__gsm8k_test_000096__think,gsm8k_test_000096,think,canonical,,answer_segment,20,10,False,39,39,True,11.503263473510742,,ok_qwen_token_boundary,True,ok,3,3
exp_c,exp_c__gsm8k_test_000096__no_think,gsm8k_test_000096,no_think,canonical,,full_output,6,10,False,39,39,True,15.414727210998535,,ok,True,ok,3,3
exp_c,exp_c__gsm8k_test_000096__no_think,gsm8k_test_000096,no_think,canonical,,full_output,13,10,False,39,39,True,11.297389030456543,,ok,True,ok,3,3
exp_c,exp_c__gsm8k_test_000096__no_think,gsm8k_test_000096,no_think,canonical,,full_output,20,10,False,39,39,True,12.817703247070312,,ok,True,ok,3,3
exp_c,exp_c__gsm8k_test_000096__no_think,gsm8k_test_000096,no_think,canonical,,answer_segment,6,10,False,39,39,True,15.414727210998535,,ok,True,ok,3,3
exp_c,exp_c__gsm8k_test_000096__no_think,gsm8k_test_000096,no_think,canonical,,answer_segment,13,10,False,39,39,True,11.297389030456543,,ok,True,ok,3,3
exp_c,exp_c__gsm8k_test_000096__no_think,gsm8k_test_000096,no_think,canonical,,answer_segment,20,10,False,39,39,True,12.817703247070312,,ok,True,ok,3,3
exp_c,exp_c__gsm8k_test_000099__think,gsm8k_test_000099,think,canonical,,full_output,6,10,False,206,206,True,14.85506534576416,,ok,True,ok,58,58
exp_c,exp_c__gsm8k_test_000099__think,gsm8k_test_000099,think,canonical,,full_output,13,10,False,206,206,True,12.186054229736328,,ok,True,ok,58,58
exp_c,exp_c__gsm8k_test_000099__think,gsm8k_test_000099,think,canonical,,full_output,20,10,False,206,206,True,12.89912223815918,,ok,True,ok,58,58
exp_c,exp_c__gsm8k_test_000099__think,gsm8k_test_000099,think,canonical,,thinking_segment,6,10,False,163,163,True,15.667168617248535,,ok_qwen_token_boundary,True,ok,58,58
exp_c,exp_c__gsm8k_test_000099__think,gsm8k_test_000099,think,canonical,,thinking_segment,13,10,False,163,163,True,11.707974433898926,,ok_qwen_token_boundary,True,ok,58,58
exp_c,exp_c__gsm8k_test_000099__think,gsm8k_test_000099,think,canonical,,thinking_segment,20,10,False,163,163,True,12.723947525024414,,ok_qwen_token_boundary,True,ok,58,58
exp_c,exp_c__gsm8k_test_000099__think,gsm8k_test_000099,think,canonical,,answer_segment,6,10,False,43,43,True,18.88232421875,,ok_qwen_token_boundary,True,ok,58,58
exp_c,exp_c__gsm8k_test_000099__think,gsm8k_test_000099,think,canonical,,answer_segment,13,10,False,43,43,True,12.354113578796387,,ok_qwen_token_boundary,True,ok,58,58
exp_c,exp_c__gsm8k_test_000099__think,gsm8k_test_000099,think,canonical,,answer_segment,20,10,False,43,43,True,12.421099662780762,,ok_qwen_token_boundary,True,ok,58,58
exp_c,exp_c__gsm8k_test_000099__no_think,gsm8k_test_000099,no_think,canonical,,full_output,6,10,False,45,45,True,15.781305313110352,,ok,True,ok,58,58
exp_c,exp_c__gsm8k_test_000099__no_think,gsm8k_test_000099,no_think,canonical,,full_output,13,10,False,45,45,True,10.725951194763184,,ok,True,ok,58,58
exp_c,exp_c__gsm8k_test_000099__no_think,gsm8k_test_000099,no_think,canonical,,full_output,20,10,False,45,45,True,13.490832328796387,,ok,True,ok,58,58
exp_c,exp_c__gsm8k_test_000099__no_think,gsm8k_test_000099,no_think,canonical,,answer_segment,6,10,False,45,45,True,15.781305313110352,,ok,True,ok,58,58
exp_c,exp_c__gsm8k_test_000099__no_think,gsm8k_test_000099,no_think,canonical,,answer_segment,13,10,False,45,45,True,10.725951194763184,,ok,True,ok,58,58
exp_c,exp_c__gsm8k_test_000099__no_think,gsm8k_test_000099,no_think,canonical,,answer_segment,20,10,False,45,45,True,13.490832328796387,,ok,True,ok,58,58
exp_c,exp_c__gsm8k_test_000103__think,gsm8k_test_000103,think,canonical,,full_output,6,10,False,322,322,True,18.188142776489258,,ok,True,ok,140,140
exp_c,exp_c__gsm8k_test_000103__think,gsm8k_test_000103,think,canonical,,full_output,13,10,False,322,322,True,13.562084197998047,,ok,True,ok,140,140
exp_c,exp_c__gsm8k_test_000103__think,gsm8k_test_000103,think,canonical,,full_output,20,10,False,322,322,True,13.483370780944824,,ok,True,ok,140,140
exp_c,exp_c__gsm8k_test_000103__think,gsm8k_test_000103,think,canonical,,thinking_segment,6,10,False,265,265,True,19.412628173828125,,ok_qwen_token_boundary,True,ok,140,140
exp_c,exp_c__gsm8k_test_000103__think,gsm8k_test_000103,think,canonical,,thinking_segment,13,10,False,265,265,True,13.709061622619629,,ok_qwen_token_boundary,True,ok,140,140
exp_c,exp_c__gsm8k_test_000103__think,gsm8k_test_000103,think,canonical,,thinking_segment,20,10,False,265,265,True,13.700366973876953,,ok_qwen_token_boundary,True,ok,140,140
exp_c,exp_c__gsm8k_test_000103__think,gsm8k_test_000103,think,canonical,,answer_segment,6,10,False,57,57,True,16.36797332763672,,ok_qwen_token_boundary,True,ok,140,140
exp_c,exp_c__gsm8k_test_000103__think,gsm8k_test_000103,think,canonical,,answer_segment,13,10,False,57,57,True,15.037493705749512,,ok_qwen_token_boundary,True,ok,140,140
exp_c,exp_c__gsm8k_test_000103__think,gsm8k_test_000103,think,canonical,,answer_segment,20,10,False,57,57,True,12.572839736938477,,ok_qwen_token_boundary,True,ok,140,140
exp_c,exp_c__gsm8k_test_000103__no_think,gsm8k_test_000103,no_think,canonical,,full_output,6,10,False,59,59,True,17.410259246826172,,ok,True,ok,140,140
exp_c,exp_c__gsm8k_test_000103__no_think,gsm8k_test_000103,no_think,canonical,,full_output,13,10,False,59,59,True,12.832883834838867,,ok,True,ok,140,140
exp_c,exp_c__gsm8k_test_000103__no_think,gsm8k_test_000103,no_think,canonical,,full_output,20,10,False,59,59,True,12.852389335632324,,ok,True,ok,140,140
exp_c,exp_c__gsm8k_test_000103__no_think,gsm8k_test_000103,no_think,canonical,,answer_segment,6,10,False,59,59,True,17.410259246826172,,ok,True,ok,140,140
exp_c,exp_c__gsm8k_test_000103__no_think,gsm8k_test_000103,no_think,canonical,,answer_segment,13,10,False,59,59,True,12.832883834838867,,ok,True,ok,140,140
exp_c,exp_c__gsm8k_test_000103__no_think,gsm8k_test_000103,no_think,canonical,,answer_segment,20,10,False,59,59,True,12.852389335632324,,ok,True,ok,140,140
exp_c,exp_c__gsm8k_test_000109__think,gsm8k_test_000109,think,canonical,,full_output,6,10,False,255,255,True,14.44994068145752,,ok,True,ok,28,28
exp_c,exp_c__gsm8k_test_000109__think,gsm8k_test_000109,think,canonical,,full_output,13,10,False,255,255,True,11.305302619934082,,ok,True,ok,28,28
exp_c,exp_c__gsm8k_test_000109__think,gsm8k_test_000109,think,canonical,,full_output,20,10,False,255,255,True,11.858963012695312,,ok,True,ok,28,28
exp_c,exp_c__gsm8k_test_000109__think,gsm8k_test_000109,think,canonical,,thinking_segment,6,10,False,200,200,True,16.081066131591797,,ok_qwen_token_boundary,True,ok,28,28
exp_c,exp_c__gsm8k_test_000109__think,gsm8k_test_000109,think,canonical,,thinking_segment,13,10,False,200,200,True,11.595783233642578,,ok_qwen_token_boundary,True,ok,28,28
exp_c,exp_c__gsm8k_test_000109__think,gsm8k_test_000109,think,canonical,,thinking_segment,20,10,False,200,200,True,11.835846900939941,,ok_qwen_token_boundary,True,ok,28,28
exp_c,exp_c__gsm8k_test_000109__think,gsm8k_test_000109,think,canonical,,answer_segment,6,10,False,55,55,True,17.862913131713867,,ok_qwen_token_boundary,True,ok,28,28
exp_c,exp_c__gsm8k_test_000109__think,gsm8k_test_000109,think,canonical,,answer_segment,13,10,False,55,55,True,12.121983528137207,,ok_qwen_token_boundary,True,ok,28,28
exp_c,exp_c__gsm8k_test_000109__think,gsm8k_test_000109,think,canonical,,answer_segment,20,10,False,55,55,True,12.735553741455078,,ok_qwen_token_boundary,True,ok,28,28
exp_c,exp_c__gsm8k_test_000109__no_think,gsm8k_test_000109,no_think,canonical,,full_output,6,10,False,62,62,True,17.188936233520508,,ok,True,ok,28,28
exp_c,exp_c__gsm8k_test_000109__no_think,gsm8k_test_000109,no_think,canonical,,full_output,13,10,False,62,62,True,12.327832221984863,,ok,True,ok,28,28
exp_c,exp_c__gsm8k_test_000109__no_think,gsm8k_test_000109,no_think,canonical,,full_output,20,10,False,62,62,True,12.28131103515625,,ok,True,ok,28,28
exp_c,exp_c__gsm8k_test_000109__no_think,gsm8k_test_000109,no_think,canonical,,answer_segment,6,10,False,62,62,True,17.188936233520508,,ok,True,ok,28,28
exp_c,exp_c__gsm8k_test_000109__no_think,gsm8k_test_000109,no_think,canonical,,answer_segment,13,10,False,62,62,True,12.327832221984863,,ok,True,ok,28,28
exp_c,exp_c__gsm8k_test_000109__no_think,gsm8k_test_000109,no_think,canonical,,answer_segment,20,10,False,62,62,True,12.28131103515625,,ok,True,ok,28,28
exp_c,exp_c__gsm8k_test_000112__think,gsm8k_test_000112,think,canonical,,full_output,6,10,False,247,247,True,15.106247901916504,,ok,True,ok,24,24
exp_c,exp_c__gsm8k_test_000112__think,gsm8k_test_000112,think,canonical,,full_output,13,10,False,247,247,True,11.293227195739746,,ok,True,ok,24,24
exp_c,exp_c__gsm8k_test_000112__think,gsm8k_test_000112,think,canonical,,full_output,20,10,False,247,247,True,11.614046096801758,,ok,True,ok,24,24
exp_c,exp_c__gsm8k_test_000112__think,gsm8k_test_000112,think,canonical,,thinking_segment,6,10,False,194,194,True,15.950407028198242,,ok_qwen_token_boundary,True,ok,24,24
exp_c,exp_c__gsm8k_test_000112__think,gsm8k_test_000112,think,canonical,,thinking_segment,13,10,False,194,194,True,11.236379623413086,,ok_qwen_token_boundary,True,ok,24,24
exp_c,exp_c__gsm8k_test_000112__think,gsm8k_test_000112,think,canonical,,thinking_segment,20,10,False,194,194,True,11.587084770202637,,ok_qwen_token_boundary,True,ok,24,24
exp_c,exp_c__gsm8k_test_000112__think,gsm8k_test_000112,think,canonical,,answer_segment,6,10,False,53,53,True,12.339010238647461,,ok_qwen_token_boundary,True,ok,24,24
exp_c,exp_c__gsm8k_test_000112__think,gsm8k_test_000112,think,canonical,,answer_segment,13,10,False,53,53,True,9.336134910583496,,ok_qwen_token_boundary,True,ok,24,24
exp_c,exp_c__gsm8k_test_000112__think,gsm8k_test_000112,think,canonical,,answer_segment,20,10,False,53,53,True,10.411274909973145,,ok_qwen_token_boundary,True,ok,24,24
exp_c,exp_c__gsm8k_test_000112__no_think,gsm8k_test_000112,no_think,canonical,,full_output,6,10,False,59,59,True,12.090483665466309,,ok,True,ok,24,24
exp_c,exp_c__gsm8k_test_000112__no_think,gsm8k_test_000112,no_think,canonical,,full_output,13,10,False,59,59,True,9.35739803314209,,ok,True,ok,24,24
exp_c,exp_c__gsm8k_test_000112__no_think,gsm8k_test_000112,no_think,canonical,,full_output,20,10,False,59,59,True,10.302260398864746,,ok,True,ok,24,24
exp_c,exp_c__gsm8k_test_000112__no_think,gsm8k_test_000112,no_think,canonical,,answer_segment,6,10,False,59,59,True,12.090483665466309,,ok,True,ok,24,24
exp_c,exp_c__gsm8k_test_000112__no_think,gsm8k_test_000112,no_think,canonical,,answer_segment,13,10,False,59,59,True,9.35739803314209,,ok,True,ok,24,24
exp_c,exp_c__gsm8k_test_000112__no_think,gsm8k_test_000112,no_think,canonical,,answer_segment,20,10,False,59,59,True,10.302260398864746,,ok,True,ok,24,24
exp_c,exp_c__gsm8k_test_000118__think,gsm8k_test_000118,think,canonical,,full_output,6,10,False,218,218,True,18.20599365234375,,ok,True,ok,4,4
exp_c,exp_c__gsm8k_test_000118__think,gsm8k_test_000118,think,canonical,,full_output,13,10,False,218,218,True,13.235808372497559,,ok,True,ok,4,4
exp_c,exp_c__gsm8k_test_000118__think,gsm8k_test_000118,think,canonical,,full_output,20,10,False,218,218,True,13.45034408569336,,ok,True,ok,4,4
exp_c,exp_c__gsm8k_test_000118__think,gsm8k_test_000118,think,canonical,,thinking_segment,6,10,False,167,167,True,17.848905563354492,,ok_qwen_token_boundary,True,ok,4,4
exp_c,exp_c__gsm8k_test_000118__think,gsm8k_test_000118,think,canonical,,thinking_segment,13,10,False,167,167,True,12.302482604980469,,ok_qwen_token_boundary,True,ok,4,4
exp_c,exp_c__gsm8k_test_000118__think,gsm8k_test_000118,think,canonical,,thinking_segment,20,10,False,167,167,True,12.898635864257812,,ok_qwen_token_boundary,True,ok,4,4
exp_c,exp_c__gsm8k_test_000118__think,gsm8k_test_000118,think,canonical,,answer_segment,6,10,False,51,51,True,14.471946716308594,,ok_qwen_token_boundary,True,ok,4,4
exp_c,exp_c__gsm8k_test_000118__think,gsm8k_test_000118,think,canonical,,answer_segment,13,10,False,51,51,True,12.67204475402832,,ok_qwen_token_boundary,True,ok,4,4
exp_c,exp_c__gsm8k_test_000118__think,gsm8k_test_000118,think,canonical,,answer_segment,20,10,False,51,51,True,13.630084037780762,,ok_qwen_token_boundary,True,ok,4,4
exp_c,exp_c__gsm8k_test_000118__no_think,gsm8k_test_000118,no_think,canonical,,full_output,6,10,False,48,48,True,14.559796333312988,,ok,True,ok,4,4
exp_c,exp_c__gsm8k_test_000118__no_think,gsm8k_test_000118,no_think,canonical,,full_output,13,10,False,48,48,True,12.184033393859863,,ok,True,ok,4,4
exp_c,exp_c__gsm8k_test_000118__no_think,gsm8k_test_000118,no_think,canonical,,full_output,20,10,False,48,48,True,13.216559410095215,,ok,True,ok,4,4
exp_c,exp_c__gsm8k_test_000118__no_think,gsm8k_test_000118,no_think,canonical,,answer_segment,6,10,False,48,48,True,14.559796333312988,,ok,True,ok,4,4
exp_c,exp_c__gsm8k_test_000118__no_think,gsm8k_test_000118,no_think,canonical,,answer_segment,13,10,False,48,48,True,12.184033393859863,,ok,True,ok,4,4
exp_c,exp_c__gsm8k_test_000118__no_think,gsm8k_test_000118,no_think,canonical,,answer_segment,20,10,False,48,48,True,13.216559410095215,,ok,True,ok,4,4
exp_c,exp_c__gsm8k_test_000133__think,gsm8k_test_000133,think,canonical,,full_output,6,10,False,165,165,True,17.485164642333984,,ok,True,ok,13,13
exp_c,exp_c__gsm8k_test_000133__think,gsm8k_test_000133,think,canonical,,full_output,13,10,False,165,165,True,12.281550407409668,,ok,True,ok,13,13
exp_c,exp_c__gsm8k_test_000133__think,gsm8k_test_000133,think,canonical,,full_output,20,10,False,165,165,True,13.053260803222656,,ok,True,ok,13,13
exp_c,exp_c__gsm8k_test_000133__think,gsm8k_test_000133,think,canonical,,thinking_segment,6,10,False,118,118,True,19.307207107543945,,ok_qwen_token_boundary,True,ok,13,13
exp_c,exp_c__gsm8k_test_000133__think,gsm8k_test_000133,think,canonical,,thinking_segment,13,10,False,118,118,True,12.638821601867676,,ok_qwen_token_boundary,True,ok,13,13
exp_c,exp_c__gsm8k_test_000133__think,gsm8k_test_000133,think,canonical,,thinking_segment,20,10,False,118,118,True,13.914847373962402,,ok_qwen_token_boundary,True,ok,13,13
exp_c,exp_c__gsm8k_test_000133__think,gsm8k_test_000133,think,canonical,,answer_segment,6,10,False,47,47,True,13.10785961151123,,ok_qwen_token_boundary,True,ok,13,13
exp_c,exp_c__gsm8k_test_000133__think,gsm8k_test_000133,think,canonical,,answer_segment,13,10,False,47,47,True,12.501755714416504,,ok_qwen_token_boundary,True,ok,13,13
exp_c,exp_c__gsm8k_test_000133__think,gsm8k_test_000133,think,canonical,,answer_segment,20,10,False,47,47,True,11.176474571228027,,ok_qwen_token_boundary,True,ok,13,13
exp_c,exp_c__gsm8k_test_000133__no_think,gsm8k_test_000133,no_think,canonical,,full_output,6,10,False,45,45,True,12.046289443969727,,ok,False,ok,13,17
exp_c,exp_c__gsm8k_test_000133__no_think,gsm8k_test_000133,no_think,canonical,,full_output,13,10,False,45,45,True,10.82819652557373,,ok,False,ok,13,17
exp_c,exp_c__gsm8k_test_000133__no_think,gsm8k_test_000133,no_think,canonical,,full_output,20,10,False,45,45,True,12.396799087524414,,ok,False,ok,13,17
exp_c,exp_c__gsm8k_test_000133__no_think,gsm8k_test_000133,no_think,canonical,,answer_segment,6,10,False,45,45,True,12.046289443969727,,ok,False,ok,13,17
exp_c,exp_c__gsm8k_test_000133__no_think,gsm8k_test_000133,no_think,canonical,,answer_segment,13,10,False,45,45,True,10.82819652557373,,ok,False,ok,13,17
exp_c,exp_c__gsm8k_test_000133__no_think,gsm8k_test_000133,no_think,canonical,,answer_segment,20,10,False,45,45,True,12.396799087524414,,ok,False,ok,13,17
exp_c,exp_c__gsm8k_test_000135__think,gsm8k_test_000135,think,canonical,,full_output,6,10,False,332,332,True,16.663326263427734,,ok,True,ok,40,40
exp_c,exp_c__gsm8k_test_000135__think,gsm8k_test_000135,think,canonical,,full_output,13,10,False,332,332,True,12.97769832611084,,ok,True,ok,40,40
exp_c,exp_c__gsm8k_test_000135__think,gsm8k_test_000135,think,canonical,,full_output,20,10,False,332,332,True,12.994322776794434,,ok,True,ok,40,40
exp_c,exp_c__gsm8k_test_000135__think,gsm8k_test_000135,think,canonical,,thinking_segment,6,10,False,291,291,True,17.57376480102539,,ok_qwen_token_boundary,True,ok,40,40
exp_c,exp_c__gsm8k_test_000135__think,gsm8k_test_000135,think,canonical,,thinking_segment,13,10,False,291,291,True,13.722189903259277,,ok_qwen_token_boundary,True,ok,40,40
exp_c,exp_c__gsm8k_test_000135__think,gsm8k_test_000135,think,canonical,,thinking_segment,20,10,False,291,291,True,13.695932388305664,,ok_qwen_token_boundary,True,ok,40,40
exp_c,exp_c__gsm8k_test_000135__think,gsm8k_test_000135,think,canonical,,answer_segment,6,10,False,41,41,True,17.596513748168945,,ok_qwen_token_boundary,True,ok,40,40
exp_c,exp_c__gsm8k_test_000135__think,gsm8k_test_000135,think,canonical,,answer_segment,13,10,False,41,41,True,11.231882095336914,,ok_qwen_token_boundary,True,ok,40,40
exp_c,exp_c__gsm8k_test_000135__think,gsm8k_test_000135,think,canonical,,answer_segment,20,10,False,41,41,True,12.177573204040527,,ok_qwen_token_boundary,True,ok,40,40
exp_c,exp_c__gsm8k_test_000135__no_think,gsm8k_test_000135,no_think,canonical,,full_output,6,10,False,47,47,True,17.85646629333496,,ok,True,ok,40,40
exp_c,exp_c__gsm8k_test_000135__no_think,gsm8k_test_000135,no_think,canonical,,full_output,13,10,False,47,47,True,12.240912437438965,,ok,True,ok,40,40
exp_c,exp_c__gsm8k_test_000135__no_think,gsm8k_test_000135,no_think,canonical,,full_output,20,10,False,47,47,True,12.488743782043457,,ok,True,ok,40,40
exp_c,exp_c__gsm8k_test_000135__no_think,gsm8k_test_000135,no_think,canonical,,answer_segment,6,10,False,47,47,True,17.85646629333496,,ok,True,ok,40,40
exp_c,exp_c__gsm8k_test_000135__no_think,gsm8k_test_000135,no_think,canonical,,answer_segment,13,10,False,47,47,True,12.240912437438965,,ok,True,ok,40,40
exp_c,exp_c__gsm8k_test_000135__no_think,gsm8k_test_000135,no_think,canonical,,answer_segment,20,10,False,47,47,True,12.488743782043457,,ok,True,ok,40,40
exp_c,exp_c__gsm8k_test_000150__think,gsm8k_test_000150,think,canonical,,full_output,6,10,False,339,339,True,15.461372375488281,,ok,True,ok,4,4
exp_c,exp_c__gsm8k_test_000150__think,gsm8k_test_000150,think,canonical,,full_output,13,10,False,339,339,True,12.550530433654785,,ok,True,ok,4,4
exp_c,exp_c__gsm8k_test_000150__think,gsm8k_test_000150,think,canonical,,full_output,20,10,False,339,339,True,13.077911376953125,,ok,True,ok,4,4
exp_c,exp_c__gsm8k_test_000150__think,gsm8k_test_000150,think,canonical,,thinking_segment,6,10,False,277,277,True,16.975412368774414,,ok_qwen_token_boundary,True,ok,4,4
exp_c,exp_c__gsm8k_test_000150__think,gsm8k_test_000150,think,canonical,,thinking_segment,13,10,False,277,277,True,13.20001220703125,,ok_qwen_token_boundary,True,ok,4,4
exp_c,exp_c__gsm8k_test_000150__think,gsm8k_test_000150,think,canonical,,thinking_segment,20,10,False,277,277,True,13.341487884521484,,ok_qwen_token_boundary,True,ok,4,4
exp_c,exp_c__gsm8k_test_000150__think,gsm8k_test_000150,think,canonical,,answer_segment,6,10,False,62,62,True,14.773021697998047,,ok_qwen_token_boundary,True,ok,4,4
exp_c,exp_c__gsm8k_test_000150__think,gsm8k_test_000150,think,canonical,,answer_segment,13,10,False,62,62,True,11.969120979309082,,ok_qwen_token_boundary,True,ok,4,4
exp_c,exp_c__gsm8k_test_000150__think,gsm8k_test_000150,think,canonical,,answer_segment,20,10,False,62,62,True,12.172516822814941,,ok_qwen_token_boundary,True,ok,4,4
exp_c,exp_c__gsm8k_test_000150__no_think,gsm8k_test_000150,no_think,canonical,,full_output,6,10,False,50,50,True,16.054248809814453,,ok,False,ok,4,10
exp_c,exp_c__gsm8k_test_000150__no_think,gsm8k_test_000150,no_think,canonical,,full_output,13,10,False,50,50,True,12.366578102111816,,ok,False,ok,4,10
exp_c,exp_c__gsm8k_test_000150__no_think,gsm8k_test_000150,no_think,canonical,,full_output,20,10,False,50,50,True,12.995753288269043,,ok,False,ok,4,10
exp_c,exp_c__gsm8k_test_000150__no_think,gsm8k_test_000150,no_think,canonical,,answer_segment,6,10,False,50,50,True,16.054248809814453,,ok,False,ok,4,10
exp_c,exp_c__gsm8k_test_000150__no_think,gsm8k_test_000150,no_think,canonical,,answer_segment,13,10,False,50,50,True,12.366578102111816,,ok,False,ok,4,10
exp_c,exp_c__gsm8k_test_000150__no_think,gsm8k_test_000150,no_think,canonical,,answer_segment,20,10,False,50,50,True,12.995753288269043,,ok,False,ok,4,10
exp_c,exp_c__gsm8k_test_000156__think,gsm8k_test_000156,think,canonical,,full_output,6,10,False,278,278,True,20.69215965270996,,ok,True,ok,1400,1400
exp_c,exp_c__gsm8k_test_000156__think,gsm8k_test_000156,think,canonical,,full_output,13,10,False,278,278,True,13.161967277526855,,ok,True,ok,1400,1400
exp_c,exp_c__gsm8k_test_000156__think,gsm8k_test_000156,think,canonical,,full_output,20,10,False,278,278,True,13.056724548339844,,ok,True,ok,1400,1400
exp_c,exp_c__gsm8k_test_000156__think,gsm8k_test_000156,think,canonical,,thinking_segment,6,10,False,225,225,True,22.820526123046875,,ok_qwen_token_boundary,True,ok,1400,1400
exp_c,exp_c__gsm8k_test_000156__think,gsm8k_test_000156,think,canonical,,thinking_segment,13,10,False,225,225,True,13.985325813293457,,ok_qwen_token_boundary,True,ok,1400,1400
exp_c,exp_c__gsm8k_test_000156__think,gsm8k_test_000156,think,canonical,,thinking_segment,20,10,False,225,225,True,13.550054550170898,,ok_qwen_token_boundary,True,ok,1400,1400
exp_c,exp_c__gsm8k_test_000156__think,gsm8k_test_000156,think,canonical,,answer_segment,6,10,False,53,53,True,16.182514190673828,,ok_qwen_token_boundary,True,ok,1400,1400
exp_c,exp_c__gsm8k_test_000156__think,gsm8k_test_000156,think,canonical,,answer_segment,13,10,False,53,53,True,12.418726921081543,,ok_qwen_token_boundary,True,ok,1400,1400
exp_c,exp_c__gsm8k_test_000156__think,gsm8k_test_000156,think,canonical,,answer_segment,20,10,False,53,53,True,12.706299781799316,,ok_qwen_token_boundary,True,ok,1400,1400
exp_c,exp_c__gsm8k_test_000156__no_think,gsm8k_test_000156,no_think,canonical,,full_output,6,10,False,53,53,True,15.951648712158203,,ok,True,ok,1400,1400
exp_c,exp_c__gsm8k_test_000156__no_think,gsm8k_test_000156,no_think,canonical,,full_output,13,10,False,53,53,True,11.39453125,,ok,True,ok,1400,1400
exp_c,exp_c__gsm8k_test_000156__no_think,gsm8k_test_000156,no_think,canonical,,full_output,20,10,False,53,53,True,12.194936752319336,,ok,True,ok,1400,1400
exp_c,exp_c__gsm8k_test_000156__no_think,gsm8k_test_000156,no_think,canonical,,answer_segment,6,10,False,53,53,True,15.951648712158203,,ok,True,ok,1400,1400
exp_c,exp_c__gsm8k_test_000156__no_think,gsm8k_test_000156,no_think,canonical,,answer_segment,13,10,False,53,53,True,11.39453125,,ok,True,ok,1400,1400
exp_c,exp_c__gsm8k_test_000156__no_think,gsm8k_test_000156,no_think,canonical,,answer_segment,20,10,False,53,53,True,12.194936752319336,,ok,True,ok,1400,1400
exp_c,exp_c__gsm8k_test_000162__think,gsm8k_test_000162,think,canonical,,full_output,6,10,False,597,597,True,12.557271003723145,,ok,True,ok,92,92
exp_c,exp_c__gsm8k_test_000162__think,gsm8k_test_000162,think,canonical,,full_output,13,10,False,597,597,True,10.104292869567871,,ok,True,ok,92,92
exp_c,exp_c__gsm8k_test_000162__think,gsm8k_test_000162,think,canonical,,full_output,20,10,False,597,597,True,10.633319854736328,,ok,True,ok,92,92
exp_c,exp_c__gsm8k_test_000162__think,gsm8k_test_000162,think,canonical,,thinking_segment,6,10,False,514,514,True,13.389551162719727,,ok_qwen_token_boundary,True,ok,92,92
exp_c,exp_c__gsm8k_test_000162__think,gsm8k_test_000162,think,canonical,,thinking_segment,13,10,False,514,514,True,10.228118896484375,,ok_qwen_token_boundary,True,ok,92,92
exp_c,exp_c__gsm8k_test_000162__think,gsm8k_test_000162,think,canonical,,thinking_segment,20,10,False,514,514,True,10.602396965026855,,ok_qwen_token_boundary,True,ok,92,92
exp_c,exp_c__gsm8k_test_000162__think,gsm8k_test_000162,think,canonical,,answer_segment,6,10,False,83,83,True,13.776445388793945,,ok_qwen_token_boundary,True,ok,92,92
exp_c,exp_c__gsm8k_test_000162__think,gsm8k_test_000162,think,canonical,,answer_segment,13,10,False,83,83,True,13.74727725982666,,ok_qwen_token_boundary,True,ok,92,92
exp_c,exp_c__gsm8k_test_000162__think,gsm8k_test_000162,think,canonical,,answer_segment,20,10,False,83,83,True,11.499940872192383,,ok_qwen_token_boundary,True,ok,92,92
exp_c,exp_c__gsm8k_test_000162__no_think,gsm8k_test_000162,no_think,canonical,,full_output,6,10,False,49,49,True,15.113746643066406,,ok,False,ok,92,1216.47
exp_c,exp_c__gsm8k_test_000162__no_think,gsm8k_test_000162,no_think,canonical,,full_output,13,10,False,49,49,True,13.434024810791016,,ok,False,ok,92,1216.47
exp_c,exp_c__gsm8k_test_000162__no_think,gsm8k_test_000162,no_think,canonical,,full_output,20,10,False,49,49,True,11.628044128417969,,ok,False,ok,92,1216.47
exp_c,exp_c__gsm8k_test_000162__no_think,gsm8k_test_000162,no_think,canonical,,answer_segment,6,10,False,49,49,True,15.113746643066406,,ok,False,ok,92,1216.47
exp_c,exp_c__gsm8k_test_000162__no_think,gsm8k_test_000162,no_think,canonical,,answer_segment,13,10,False,49,49,True,13.434024810791016,,ok,False,ok,92,1216.47
exp_c,exp_c__gsm8k_test_000162__no_think,gsm8k_test_000162,no_think,canonical,,answer_segment,20,10,False,49,49,True,11.628044128417969,,ok,False,ok,92,1216.47
exp_c,exp_c__gsm8k_test_000172__think,gsm8k_test_000172,think,canonical,,full_output,6,10,False,437,437,True,12.629295349121094,,ok,True,ok,51,51
exp_c,exp_c__gsm8k_test_000172__think,gsm8k_test_000172,think,canonical,,full_output,13,10,False,437,437,True,10.718500137329102,,ok,True,ok,51,51
exp_c,exp_c__gsm8k_test_000172__think,gsm8k_test_000172,think,canonical,,full_output,20,10,False,437,437,True,11.578873634338379,,ok,True,ok,51,51
exp_c,exp_c__gsm8k_test_000172__think,gsm8k_test_000172,think,canonical,,thinking_segment,6,10,False,385,385,True,12.923041343688965,,ok_qwen_token_boundary,True,ok,51,51
exp_c,exp_c__gsm8k_test_000172__think,gsm8k_test_000172,think,canonical,,thinking_segment,13,10,False,385,385,True,11.205782890319824,,ok_qwen_token_boundary,True,ok,51,51
exp_c,exp_c__gsm8k_test_000172__think,gsm8k_test_000172,think,canonical,,thinking_segment,20,10,False,385,385,True,11.667692184448242,,ok_qwen_token_boundary,True,ok,51,51
exp_c,exp_c__gsm8k_test_000172__think,gsm8k_test_000172,think,canonical,,answer_segment,6,10,False,52,52,True,14.545591354370117,,ok_qwen_token_boundary,True,ok,51,51
exp_c,exp_c__gsm8k_test_000172__think,gsm8k_test_000172,think,canonical,,answer_segment,13,10,False,52,52,True,10.900768280029297,,ok_qwen_token_boundary,True,ok,51,51
exp_c,exp_c__gsm8k_test_000172__think,gsm8k_test_000172,think,canonical,,answer_segment,20,10,False,52,52,True,9.89857006072998,,ok_qwen_token_boundary,True,ok,51,51
exp_c,exp_c__gsm8k_test_000172__no_think,gsm8k_test_000172,no_think,canonical,,full_output,6,10,False,51,51,True,16.23454475402832,,ok,False,ok,51,40
exp_c,exp_c__gsm8k_test_000172__no_think,gsm8k_test_000172,no_think,canonical,,full_output,13,10,False,51,51,True,11.748432159423828,,ok,False,ok,51,40
exp_c,exp_c__gsm8k_test_000172__no_think,gsm8k_test_000172,no_think,canonical,,full_output,20,10,False,51,51,True,11.912530899047852,,ok,False,ok,51,40
exp_c,exp_c__gsm8k_test_000172__no_think,gsm8k_test_000172,no_think,canonical,,answer_segment,6,10,False,51,51,True,16.23454475402832,,ok,False,ok,51,40
exp_c,exp_c__gsm8k_test_000172__no_think,gsm8k_test_000172,no_think,canonical,,answer_segment,13,10,False,51,51,True,11.748432159423828,,ok,False,ok,51,40
exp_c,exp_c__gsm8k_test_000172__no_think,gsm8k_test_000172,no_think,canonical,,answer_segment,20,10,False,51,51,True,11.912530899047852,,ok,False,ok,51,40
exp_c,exp_c__gsm8k_test_000176__think,gsm8k_test_000176,think,canonical,,full_output,6,10,False,199,199,True,16.416061401367188,,ok,True,ok,100,100
exp_c,exp_c__gsm8k_test_000176__think,gsm8k_test_000176,think,canonical,,full_output,13,10,False,199,199,True,12.123964309692383,,ok,True,ok,100,100
exp_c,exp_c__gsm8k_test_000176__think,gsm8k_test_000176,think,canonical,,full_output,20,10,False,199,199,True,12.735243797302246,,ok,True,ok,100,100
exp_c,exp_c__gsm8k_test_000176__think,gsm8k_test_000176,think,canonical,,thinking_segment,6,10,False,156,156,True,18.67875099182129,,ok_qwen_token_boundary,True,ok,100,100
exp_c,exp_c__gsm8k_test_000176__think,gsm8k_test_000176,think,canonical,,thinking_segment,13,10,False,156,156,True,13.18066692352295,,ok_qwen_token_boundary,True,ok,100,100
exp_c,exp_c__gsm8k_test_000176__think,gsm8k_test_000176,think,canonical,,thinking_segment,20,10,False,156,156,True,13.598078727722168,,ok_qwen_token_boundary,True,ok,100,100
exp_c,exp_c__gsm8k_test_000176__think,gsm8k_test_000176,think,canonical,,answer_segment,6,10,False,43,43,True,15.826692581176758,,ok_qwen_token_boundary,True,ok,100,100
exp_c,exp_c__gsm8k_test_000176__think,gsm8k_test_000176,think,canonical,,answer_segment,13,10,False,43,43,True,12.886815071105957,,ok_qwen_token_boundary,True,ok,100,100
exp_c,exp_c__gsm8k_test_000176__think,gsm8k_test_000176,think,canonical,,answer_segment,20,10,False,43,43,True,11.787650108337402,,ok_qwen_token_boundary,True,ok,100,100
exp_c,exp_c__gsm8k_test_000176__no_think,gsm8k_test_000176,no_think,canonical,,full_output,6,10,False,52,52,True,14.524262428283691,,ok,True,ok,100,100
exp_c,exp_c__gsm8k_test_000176__no_think,gsm8k_test_000176,no_think,canonical,,full_output,13,10,False,52,52,True,10.976186752319336,,ok,True,ok,100,100
exp_c,exp_c__gsm8k_test_000176__no_think,gsm8k_test_000176,no_think,canonical,,full_output,20,10,False,52,52,True,11.698394775390625,,ok,True,ok,100,100
exp_c,exp_c__gsm8k_test_000176__no_think,gsm8k_test_000176,no_think,canonical,,answer_segment,6,10,False,52,52,True,14.524262428283691,,ok,True,ok,100,100
exp_c,exp_c__gsm8k_test_000176__no_think,gsm8k_test_000176,no_think,canonical,,answer_segment,13,10,False,52,52,True,10.976186752319336,,ok,True,ok,100,100
exp_c,exp_c__gsm8k_test_000176__no_think,gsm8k_test_000176,no_think,canonical,,answer_segment,20,10,False,52,52,True,11.698394775390625,,ok,True,ok,100,100
exp_c,exp_c__gsm8k_test_000182__think,gsm8k_test_000182,think,canonical,,full_output,6,10,False,562,562,True,13.6739501953125,,ok,True,ok,23,23
exp_c,exp_c__gsm8k_test_000182__think,gsm8k_test_000182,think,canonical,,full_output,13,10,False,562,562,True,11.056517601013184,,ok,True,ok,23,23
exp_c,exp_c__gsm8k_test_000182__think,gsm8k_test_000182,think,canonical,,full_output,20,10,False,562,562,True,10.797455787658691,,ok,True,ok,23,23
exp_c,exp_c__gsm8k_test_000182__think,gsm8k_test_000182,think,canonical,,thinking_segment,6,10,False,505,505,True,14.447697639465332,,ok_qwen_token_boundary,True,ok,23,23
exp_c,exp_c__gsm8k_test_000182__think,gsm8k_test_000182,think,canonical,,thinking_segment,13,10,False,505,505,True,11.105318069458008,,ok_qwen_token_boundary,True,ok,23,23
exp_c,exp_c__gsm8k_test_000182__think,gsm8k_test_000182,think,canonical,,thinking_segment,20,10,False,505,505,True,10.766077041625977,,ok_qwen_token_boundary,True,ok,23,23
exp_c,exp_c__gsm8k_test_000182__think,gsm8k_test_000182,think,canonical,,answer_segment,6,10,False,57,57,True,18.921295166015625,,ok_qwen_token_boundary,True,ok,23,23
exp_c,exp_c__gsm8k_test_000182__think,gsm8k_test_000182,think,canonical,,answer_segment,13,10,False,57,57,True,11.579544067382812,,ok_qwen_token_boundary,True,ok,23,23
exp_c,exp_c__gsm8k_test_000182__think,gsm8k_test_000182,think,canonical,,answer_segment,20,10,False,57,57,True,12.146900177001953,,ok_qwen_token_boundary,True,ok,23,23
exp_c,exp_c__gsm8k_test_000182__no_think,gsm8k_test_000182,no_think,canonical,,full_output,6,10,False,76,76,True,13.36606502532959,,ok,False,ok,23,24
exp_c,exp_c__gsm8k_test_000182__no_think,gsm8k_test_000182,no_think,canonical,,full_output,13,10,False,76,76,True,9.296771049499512,,ok,False,ok,23,24
exp_c,exp_c__gsm8k_test_000182__no_think,gsm8k_test_000182,no_think,canonical,,full_output,20,10,False,76,76,True,11.188010215759277,,ok,False,ok,23,24
exp_c,exp_c__gsm8k_test_000182__no_think,gsm8k_test_000182,no_think,canonical,,answer_segment,6,10,False,76,76,True,13.36606502532959,,ok,False,ok,23,24
exp_c,exp_c__gsm8k_test_000182__no_think,gsm8k_test_000182,no_think,canonical,,answer_segment,13,10,False,76,76,True,9.296771049499512,,ok,False,ok,23,24
exp_c,exp_c__gsm8k_test_000182__no_think,gsm8k_test_000182,no_think,canonical,,answer_segment,20,10,False,76,76,True,11.188010215759277,,ok,False,ok,23,24
exp_c,exp_c__gsm8k_test_000188__think,gsm8k_test_000188,think,canonical,,full_output,6,10,False,221,221,True,14.84266471862793,,ok,True,ok,50,50
exp_c,exp_c__gsm8k_test_000188__think,gsm8k_test_000188,think,canonical,,full_output,13,10,False,221,221,True,11.441320419311523,,ok,True,ok,50,50
exp_c,exp_c__gsm8k_test_000188__think,gsm8k_test_000188,think,canonical,,full_output,20,10,False,221,221,True,12.179681777954102,,ok,True,ok,50,50
exp_c,exp_c__gsm8k_test_000188__think,gsm8k_test_000188,think,canonical,,thinking_segment,6,10,False,178,178,True,13.894042015075684,,ok_qwen_token_boundary,True,ok,50,50
exp_c,exp_c__gsm8k_test_000188__think,gsm8k_test_000188,think,canonical,,thinking_segment,13,10,False,178,178,True,11.040289878845215,,ok_qwen_token_boundary,True,ok,50,50
exp_c,exp_c__gsm8k_test_000188__think,gsm8k_test_000188,think,canonical,,thinking_segment,20,10,False,178,178,True,11.967832565307617,,ok_qwen_token_boundary,True,ok,50,50
exp_c,exp_c__gsm8k_test_000188__think,gsm8k_test_000188,think,canonical,,answer_segment,6,10,False,43,43,True,13.903474807739258,,ok_qwen_token_boundary,True,ok,50,50
exp_c,exp_c__gsm8k_test_000188__think,gsm8k_test_000188,think,canonical,,answer_segment,13,10,False,43,43,True,12.698596954345703,,ok_qwen_token_boundary,True,ok,50,50
exp_c,exp_c__gsm8k_test_000188__think,gsm8k_test_000188,think,canonical,,answer_segment,20,10,False,43,43,True,12.105230331420898,,ok_qwen_token_boundary,True,ok,50,50
exp_c,exp_c__gsm8k_test_000188__no_think,gsm8k_test_000188,no_think,canonical,,full_output,6,10,False,47,47,True,17.727991104125977,,ok,True,ok,50,50
exp_c,exp_c__gsm8k_test_000188__no_think,gsm8k_test_000188,no_think,canonical,,full_output,13,10,False,47,47,True,12.43769645690918,,ok,True,ok,50,50
exp_c,exp_c__gsm8k_test_000188__no_think,gsm8k_test_000188,no_think,canonical,,full_output,20,10,False,47,47,True,13.356072425842285,,ok,True,ok,50,50
exp_c,exp_c__gsm8k_test_000188__no_think,gsm8k_test_000188,no_think,canonical,,answer_segment,6,10,False,47,47,True,17.727991104125977,,ok,True,ok,50,50
exp_c,exp_c__gsm8k_test_000188__no_think,gsm8k_test_000188,no_think,canonical,,answer_segment,13,10,False,47,47,True,12.43769645690918,,ok,True,ok,50,50
exp_c,exp_c__gsm8k_test_000188__no_think,gsm8k_test_000188,no_think,canonical,,answer_segment,20,10,False,47,47,True,13.356072425842285,,ok,True,ok,50,50
exp_c,exp_c__gsm8k_test_000192__think,gsm8k_test_000192,think,canonical,,full_output,6,10,False,167,167,True,21.07224464416504,,ok,True,ok,91,91
exp_c,exp_c__gsm8k_test_000192__think,gsm8k_test_000192,think,canonical,,full_output,13,10,False,167,167,True,14.695992469787598,,ok,True,ok,91,91
exp_c,exp_c__gsm8k_test_000192__think,gsm8k_test_000192,think,canonical,,full_output,20,10,False,167,167,True,13.766465187072754,,ok,True,ok,91,91
exp_c,exp_c__gsm8k_test_000192__think,gsm8k_test_000192,think,canonical,,thinking_segment,6,10,False,107,107,True,26.7689151763916,,ok_qwen_token_boundary,True,ok,91,91
exp_c,exp_c__gsm8k_test_000192__think,gsm8k_test_000192,think,canonical,,thinking_segment,13,10,False,107,107,True,15.515344619750977,,ok_qwen_token_boundary,True,ok,91,91
exp_c,exp_c__gsm8k_test_000192__think,gsm8k_test_000192,think,canonical,,thinking_segment,20,10,False,107,107,True,15.142252922058105,,ok_qwen_token_boundary,True,ok,91,91
exp_c,exp_c__gsm8k_test_000192__think,gsm8k_test_000192,think,canonical,,answer_segment,6,10,False,60,60,True,20.335424423217773,,ok_qwen_token_boundary,True,ok,91,91
exp_c,exp_c__gsm8k_test_000192__think,gsm8k_test_000192,think,canonical,,answer_segment,13,10,False,60,60,True,13.366445541381836,,ok_qwen_token_boundary,True,ok,91,91
exp_c,exp_c__gsm8k_test_000192__think,gsm8k_test_000192,think,canonical,,answer_segment,20,10,False,60,60,True,13.113977432250977,,ok_qwen_token_boundary,True,ok,91,91
exp_c,exp_c__gsm8k_test_000192__no_think,gsm8k_test_000192,no_think,canonical,,full_output,6,10,False,75,75,True,17.5072078704834,,ok,False,ok,91,112
exp_c,exp_c__gsm8k_test_000192__no_think,gsm8k_test_000192,no_think,canonical,,full_output,13,10,False,75,75,True,14.952832221984863,,ok,False,ok,91,112
exp_c,exp_c__gsm8k_test_000192__no_think,gsm8k_test_000192,no_think,canonical,,full_output,20,10,False,75,75,True,14.460246086120605,,ok,False,ok,91,112
exp_c,exp_c__gsm8k_test_000192__no_think,gsm8k_test_000192,no_think,canonical,,answer_segment,6,10,False,75,75,True,17.5072078704834,,ok,False,ok,91,112
exp_c,exp_c__gsm8k_test_000192__no_think,gsm8k_test_000192,no_think,canonical,,answer_segment,13,10,False,75,75,True,14.952832221984863,,ok,False,ok,91,112
exp_c,exp_c__gsm8k_test_000192__no_think,gsm8k_test_000192,no_think,canonical,,answer_segment,20,10,False,75,75,True,14.460246086120605,,ok,False,ok,91,112
exp_c,exp_c__gsm8k_test_000199__think,gsm8k_test_000199,think,canonical,,full_output,6,10,False,204,204,True,17.182893753051758,,ok,True,ok,7500,7500
exp_c,exp_c__gsm8k_test_000199__think,gsm8k_test_000199,think,canonical,,full_output,13,10,False,204,204,True,13.134779930114746,,ok,True,ok,7500,7500
exp_c,exp_c__gsm8k_test_000199__think,gsm8k_test_000199,think,canonical,,full_output,20,10,False,204,204,True,13.23483943939209,,ok,True,ok,7500,7500
exp_c,exp_c__gsm8k_test_000199__think,gsm8k_test_000199,think,canonical,,thinking_segment,6,10,False,151,151,True,18.318937301635742,,ok_qwen_token_boundary,True,ok,7500,7500
exp_c,exp_c__gsm8k_test_000199__think,gsm8k_test_000199,think,canonical,,thinking_segment,13,10,False,151,151,True,12.63144302368164,,ok_qwen_token_boundary,True,ok,7500,7500
exp_c,exp_c__gsm8k_test_000199__think,gsm8k_test_000199,think,canonical,,thinking_segment,20,10,False,151,151,True,13.625692367553711,,ok_qwen_token_boundary,True,ok,7500,7500
exp_c,exp_c__gsm8k_test_000199__think,gsm8k_test_000199,think,canonical,,answer_segment,6,10,False,53,53,True,15.98513126373291,,ok_qwen_token_boundary,True,ok,7500,7500
exp_c,exp_c__gsm8k_test_000199__think,gsm8k_test_000199,think,canonical,,answer_segment,13,10,False,53,53,True,12.033329010009766,,ok_qwen_token_boundary,True,ok,7500,7500
exp_c,exp_c__gsm8k_test_000199__think,gsm8k_test_000199,think,canonical,,answer_segment,20,10,False,53,53,True,11.713042259216309,,ok_qwen_token_boundary,True,ok,7500,7500
exp_c,exp_c__gsm8k_test_000199__no_think,gsm8k_test_000199,no_think,canonical,,full_output,6,10,False,63,63,True,13.21332836151123,,ok,True,ok,7500,7500
exp_c,exp_c__gsm8k_test_000199__no_think,gsm8k_test_000199,no_think,canonical,,full_output,13,10,False,63,63,True,11.769392967224121,,ok,True,ok,7500,7500
exp_c,exp_c__gsm8k_test_000199__no_think,gsm8k_test_000199,no_think,canonical,,full_output,20,10,False,63,63,True,12.527593612670898,,ok,True,ok,7500,7500
exp_c,exp_c__gsm8k_test_000199__no_think,gsm8k_test_000199,no_think,canonical,,answer_segment,6,10,False,63,63,True,13.21332836151123,,ok,True,ok,7500,7500
exp_c,exp_c__gsm8k_test_000199__no_think,gsm8k_test_000199,no_think,canonical,,answer_segment,13,10,False,63,63,True,11.769392967224121,,ok,True,ok,7500,7500
exp_c,exp_c__gsm8k_test_000199__no_think,gsm8k_test_000199,no_think,canonical,,answer_segment,20,10,False,63,63,True,12.527593612670898,,ok,True,ok,7500,7500
exp_c,exp_c__gsm8k_test_000208__think,gsm8k_test_000208,think,canonical,,full_output,6,10,False,258,258,True,16.903467178344727,,ok,True,ok,76,76
exp_c,exp_c__gsm8k_test_000208__think,gsm8k_test_000208,think,canonical,,full_output,13,10,False,258,258,True,12.929036140441895,,ok,True,ok,76,76
exp_c,exp_c__gsm8k_test_000208__think,gsm8k_test_000208,think,canonical,,full_output,20,10,False,258,258,True,12.732067108154297,,ok,True,ok,76,76
exp_c,exp_c__gsm8k_test_000208__think,gsm8k_test_000208,think,canonical,,thinking_segment,6,10,False,197,197,True,19.064455032348633,,ok_qwen_token_boundary,True,ok,76,76
exp_c,exp_c__gsm8k_test_000208__think,gsm8k_test_000208,think,canonical,,thinking_segment,13,10,False,197,197,True,13.530281066894531,,ok_qwen_token_boundary,True,ok,76,76
exp_c,exp_c__gsm8k_test_000208__think,gsm8k_test_000208,think,canonical,,thinking_segment,20,10,False,197,197,True,13.313289642333984,,ok_qwen_token_boundary,True,ok,76,76
exp_c,exp_c__gsm8k_test_000208__think,gsm8k_test_000208,think,canonical,,answer_segment,6,10,False,61,61,True,14.08044719696045,,ok_qwen_token_boundary,True,ok,76,76
exp_c,exp_c__gsm8k_test_000208__think,gsm8k_test_000208,think,canonical,,answer_segment,13,10,False,61,61,True,11.117207527160645,,ok_qwen_token_boundary,True,ok,76,76
exp_c,exp_c__gsm8k_test_000208__think,gsm8k_test_000208,think,canonical,,answer_segment,20,10,False,61,61,True,11.595911979675293,,ok_qwen_token_boundary,True,ok,76,76
exp_c,exp_c__gsm8k_test_000208__no_think,gsm8k_test_000208,no_think,canonical,,full_output,6,10,False,55,55,True,14.98774528503418,,ok,True,ok,76,76
exp_c,exp_c__gsm8k_test_000208__no_think,gsm8k_test_000208,no_think,canonical,,full_output,13,10,False,55,55,True,11.184362411499023,,ok,True,ok,76,76
exp_c,exp_c__gsm8k_test_000208__no_think,gsm8k_test_000208,no_think,canonical,,full_output,20,10,False,55,55,True,11.2130708694458,,ok,True,ok,76,76
exp_c,exp_c__gsm8k_test_000208__no_think,gsm8k_test_000208,no_think,canonical,,answer_segment,6,10,False,55,55,True,14.98774528503418,,ok,True,ok,76,76
exp_c,exp_c__gsm8k_test_000208__no_think,gsm8k_test_000208,no_think,canonical,,answer_segment,13,10,False,55,55,True,11.184362411499023,,ok,True,ok,76,76
exp_c,exp_c__gsm8k_test_000208__no_think,gsm8k_test_000208,no_think,canonical,,answer_segment,20,10,False,55,55,True,11.2130708694458,,ok,True,ok,76,76
exp_c,exp_c__gsm8k_test_000217__think,gsm8k_test_000217,think,canonical,,full_output,6,10,False,194,194,True,16.908710479736328,,ok,True,ok,15,15
exp_c,exp_c__gsm8k_test_000217__think,gsm8k_test_000217,think,canonical,,full_output,13,10,False,194,194,True,13.108453750610352,,ok,True,ok,15,15
exp_c,exp_c__gsm8k_test_000217__think,gsm8k_test_000217,think,canonical,,full_output,20,10,False,194,194,True,12.906189918518066,,ok,True,ok,15,15
exp_c,exp_c__gsm8k_test_000217__think,gsm8k_test_000217,think,canonical,,thinking_segment,6,10,False,153,153,True,18.672765731811523,,ok_qwen_token_boundary,True,ok,15,15
exp_c,exp_c__gsm8k_test_000217__think,gsm8k_test_000217,think,canonical,,thinking_segment,13,10,False,153,153,True,14.076577186584473,,ok_qwen_token_boundary,True,ok,15,15
exp_c,exp_c__gsm8k_test_000217__think,gsm8k_test_000217,think,canonical,,thinking_segment,20,10,False,153,153,True,13.308394432067871,,ok_qwen_token_boundary,True,ok,15,15
exp_c,exp_c__gsm8k_test_000217__think,gsm8k_test_000217,think,canonical,,answer_segment,6,10,False,41,41,True,19.053789138793945,,ok_qwen_token_boundary,True,ok,15,15
exp_c,exp_c__gsm8k_test_000217__think,gsm8k_test_000217,think,canonical,,answer_segment,13,10,False,41,41,True,12.228006362915039,,ok_qwen_token_boundary,True,ok,15,15
exp_c,exp_c__gsm8k_test_000217__think,gsm8k_test_000217,think,canonical,,answer_segment,20,10,False,41,41,True,12.62895679473877,,ok_qwen_token_boundary,True,ok,15,15
exp_c,exp_c__gsm8k_test_000217__no_think,gsm8k_test_000217,no_think,canonical,,full_output,6,10,False,43,43,True,18.699493408203125,,ok,True,ok,15,15
exp_c,exp_c__gsm8k_test_000217__no_think,gsm8k_test_000217,no_think,canonical,,full_output,13,10,False,43,43,True,12.159292221069336,,ok,True,ok,15,15
exp_c,exp_c__gsm8k_test_000217__no_think,gsm8k_test_000217,no_think,canonical,,full_output,20,10,False,43,43,True,12.509469032287598,,ok,True,ok,15,15
exp_c,exp_c__gsm8k_test_000217__no_think,gsm8k_test_000217,no_think,canonical,,answer_segment,6,10,False,43,43,True,18.699493408203125,,ok,True,ok,15,15
exp_c,exp_c__gsm8k_test_000217__no_think,gsm8k_test_000217,no_think,canonical,,answer_segment,13,10,False,43,43,True,12.159292221069336,,ok,True,ok,15,15
exp_c,exp_c__gsm8k_test_000217__no_think,gsm8k_test_000217,no_think,canonical,,answer_segment,20,10,False,43,43,True,12.509469032287598,,ok,True,ok,15,15
exp_c,exp_c__gsm8k_test_000227__think,gsm8k_test_000227,think,canonical,,full_output,6,10,False,361,361,True,14.104846954345703,,ok,True,ok,9,9
exp_c,exp_c__gsm8k_test_000227__think,gsm8k_test_000227,think,canonical,,full_output,13,10,False,361,361,True,12.093178749084473,,ok,True,ok,9,9
exp_c,exp_c__gsm8k_test_000227__think,gsm8k_test_000227,think,canonical,,full_output,20,10,False,361,361,True,11.611021041870117,,ok,True,ok,9,9
exp_c,exp_c__gsm8k_test_000227__think,gsm8k_test_000227,think,canonical,,thinking_segment,6,10,False,285,285,True,16.070627212524414,,ok_qwen_token_boundary,True,ok,9,9
exp_c,exp_c__gsm8k_test_000227__think,gsm8k_test_000227,think,canonical,,thinking_segment,13,10,False,285,285,True,12.369183540344238,,ok_qwen_token_boundary,True,ok,9,9
exp_c,exp_c__gsm8k_test_000227__think,gsm8k_test_000227,think,canonical,,thinking_segment,20,10,False,285,285,True,11.950554847717285,,ok_qwen_token_boundary,True,ok,9,9
exp_c,exp_c__gsm8k_test_000227__think,gsm8k_test_000227,think,canonical,,answer_segment,6,10,False,76,76,True,18.38946533203125,,ok_qwen_token_boundary,True,ok,9,9
exp_c,exp_c__gsm8k_test_000227__think,gsm8k_test_000227,think,canonical,,answer_segment,13,10,False,76,76,True,12.875737190246582,,ok_qwen_token_boundary,True,ok,9,9
exp_c,exp_c__gsm8k_test_000227__think,gsm8k_test_000227,think,canonical,,answer_segment,20,10,False,76,76,True,12.31888484954834,,ok_qwen_token_boundary,True,ok,9,9
exp_c,exp_c__gsm8k_test_000227__no_think,gsm8k_test_000227,no_think,canonical,,full_output,6,10,False,74,74,True,16.403371810913086,,ok,False,ok,9,11.5
exp_c,exp_c__gsm8k_test_000227__no_think,gsm8k_test_000227,no_think,canonical,,full_output,13,10,False,74,74,True,12.105560302734375,,ok,False,ok,9,11.5
exp_c,exp_c__gsm8k_test_000227__no_think,gsm8k_test_000227,no_think,canonical,,full_output,20,10,False,74,74,True,10.994584083557129,,ok,False,ok,9,11.5
exp_c,exp_c__gsm8k_test_000227__no_think,gsm8k_test_000227,no_think,canonical,,answer_segment,6,10,False,74,74,True,16.403371810913086,,ok,False,ok,9,11.5
exp_c,exp_c__gsm8k_test_000227__no_think,gsm8k_test_000227,no_think,canonical,,answer_segment,13,10,False,74,74,True,12.105560302734375,,ok,False,ok,9,11.5
exp_c,exp_c__gsm8k_test_000227__no_think,gsm8k_test_000227,no_think,canonical,,answer_segment,20,10,False,74,74,True,10.994584083557129,,ok,False,ok,9,11.5
exp_c,exp_c__gsm8k_test_000243__think,gsm8k_test_000243,think,canonical,,full_output,6,10,False,252,252,True,17.441761016845703,,ok,True,ok,250,250
exp_c,exp_c__gsm8k_test_000243__think,gsm8k_test_000243,think,canonical,,full_output,13,10,False,252,252,True,13.221623420715332,,ok,True,ok,250,250
exp_c,exp_c__gsm8k_test_000243__think,gsm8k_test_000243,think,canonical,,full_output,20,10,False,252,252,True,12.97074031829834,,ok,True,ok,250,250
exp_c,exp_c__gsm8k_test_000243__think,gsm8k_test_000243,think,canonical,,thinking_segment,6,10,False,191,191,True,19.514863967895508,,ok_qwen_token_boundary,True,ok,250,250
exp_c,exp_c__gsm8k_test_000243__think,gsm8k_test_000243,think,canonical,,thinking_segment,13,10,False,191,191,True,13.555148124694824,,ok_qwen_token_boundary,True,ok,250,250
exp_c,exp_c__gsm8k_test_000243__think,gsm8k_test_000243,think,canonical,,thinking_segment,20,10,False,191,191,True,13.211463928222656,,ok_qwen_token_boundary,True,ok,250,250
exp_c,exp_c__gsm8k_test_000243__think,gsm8k_test_000243,think,canonical,,answer_segment,6,10,False,61,61,True,19.276269912719727,,ok_qwen_token_boundary,True,ok,250,250
exp_c,exp_c__gsm8k_test_000243__think,gsm8k_test_000243,think,canonical,,answer_segment,13,10,False,61,61,True,14.531328201293945,,ok_qwen_token_boundary,True,ok,250,250
exp_c,exp_c__gsm8k_test_000243__think,gsm8k_test_000243,think,canonical,,answer_segment,20,10,False,61,61,True,13.933294296264648,,ok_qwen_token_boundary,True,ok,250,250
exp_c,exp_c__gsm8k_test_000243__no_think,gsm8k_test_000243,no_think,canonical,,full_output,6,10,False,75,75,True,13.870107650756836,,ok,True,ok,250,250
exp_c,exp_c__gsm8k_test_000243__no_think,gsm8k_test_000243,no_think,canonical,,full_output,13,10,False,75,75,True,11.926444053649902,,ok,True,ok,250,250
exp_c,exp_c__gsm8k_test_000243__no_think,gsm8k_test_000243,no_think,canonical,,full_output,20,10,False,75,75,True,12.513655662536621,,ok,True,ok,250,250
exp_c,exp_c__gsm8k_test_000243__no_think,gsm8k_test_000243,no_think,canonical,,answer_segment,6,10,False,75,75,True,13.870107650756836,,ok,True,ok,250,250
exp_c,exp_c__gsm8k_test_000243__no_think,gsm8k_test_000243,no_think,canonical,,answer_segment,13,10,False,75,75,True,11.926444053649902,,ok,True,ok,250,250
exp_c,exp_c__gsm8k_test_000243__no_think,gsm8k_test_000243,no_think,canonical,,answer_segment,20,10,False,75,75,True,12.513655662536621,,ok,True,ok,250,250
exp_c,exp_c__gsm8k_test_000247__think,gsm8k_test_000247,think,canonical,,full_output,6,10,False,264,264,True,21.738706588745117,,ok,True,ok,32,32
exp_c,exp_c__gsm8k_test_000247__think,gsm8k_test_000247,think,canonical,,full_output,13,10,False,264,264,True,14.181063652038574,,ok,True,ok,32,32
exp_c,exp_c__gsm8k_test_000247__think,gsm8k_test_000247,think,canonical,,full_output,20,10,False,264,264,True,12.393865585327148,,ok,True,ok,32,32
exp_c,exp_c__gsm8k_test_000247__think,gsm8k_test_000247,think,canonical,,thinking_segment,6,10,False,221,221,True,23.961091995239258,,ok_qwen_token_boundary,True,ok,32,32
exp_c,exp_c__gsm8k_test_000247__think,gsm8k_test_000247,think,canonical,,thinking_segment,13,10,False,221,221,True,13.802745819091797,,ok_qwen_token_boundary,True,ok,32,32
exp_c,exp_c__gsm8k_test_000247__think,gsm8k_test_000247,think,canonical,,thinking_segment,20,10,False,221,221,True,12.916886329650879,,ok_qwen_token_boundary,True,ok,32,32
exp_c,exp_c__gsm8k_test_000247__think,gsm8k_test_000247,think,canonical,,answer_segment,6,10,False,43,43,True,17.473424911499023,,ok_qwen_token_boundary,True,ok,32,32
exp_c,exp_c__gsm8k_test_000247__think,gsm8k_test_000247,think,canonical,,answer_segment,13,10,False,43,43,True,10.496822357177734,,ok_qwen_token_boundary,True,ok,32,32
exp_c,exp_c__gsm8k_test_000247__think,gsm8k_test_000247,think,canonical,,answer_segment,20,10,False,43,43,True,11.448246955871582,,ok_qwen_token_boundary,True,ok,32,32
exp_c,exp_c__gsm8k_test_000247__no_think,gsm8k_test_000247,no_think,canonical,,full_output,6,10,False,51,51,True,20.101545333862305,,ok,False,ok,32,30
exp_c,exp_c__gsm8k_test_000247__no_think,gsm8k_test_000247,no_think,canonical,,full_output,13,10,False,51,51,True,11.616005897521973,,ok,False,ok,32,30
exp_c,exp_c__gsm8k_test_000247__no_think,gsm8k_test_000247,no_think,canonical,,full_output,20,10,False,51,51,True,12.189468383789062,,ok,False,ok,32,30
exp_c,exp_c__gsm8k_test_000247__no_think,gsm8k_test_000247,no_think,canonical,,answer_segment,6,10,False,51,51,True,20.101545333862305,,ok,False,ok,32,30
exp_c,exp_c__gsm8k_test_000247__no_think,gsm8k_test_000247,no_think,canonical,,answer_segment,13,10,False,51,51,True,11.616005897521973,,ok,False,ok,32,30
exp_c,exp_c__gsm8k_test_000247__no_think,gsm8k_test_000247,no_think,canonical,,answer_segment,20,10,False,51,51,True,12.189468383789062,,ok,False,ok,32,30
exp_c,exp_c__gsm8k_test_000252__think,gsm8k_test_000252,think,canonical,,full_output,6,10,False,437,437,True,12.632421493530273,,ok,True,ok,73,73
exp_c,exp_c__gsm8k_test_000252__think,gsm8k_test_000252,think,canonical,,full_output,13,10,False,437,437,True,11.411944389343262,,ok,True,ok,73,73
exp_c,exp_c__gsm8k_test_000252__think,gsm8k_test_000252,think,canonical,,full_output,20,10,False,437,437,True,11.57437515258789,,ok,True,ok,73,73
exp_c,exp_c__gsm8k_test_000252__think,gsm8k_test_000252,think,canonical,,thinking_segment,6,10,False,352,352,True,13.515207290649414,,ok_qwen_token_boundary,True,ok,73,73
exp_c,exp_c__gsm8k_test_000252__think,gsm8k_test_000252,think,canonical,,thinking_segment,13,10,False,352,352,True,11.359877586364746,,ok_qwen_token_boundary,True,ok,73,73
exp_c,exp_c__gsm8k_test_000252__think,gsm8k_test_000252,think,canonical,,thinking_segment,20,10,False,352,352,True,11.51015567779541,,ok_qwen_token_boundary,True,ok,73,73
exp_c,exp_c__gsm8k_test_000252__think,gsm8k_test_000252,think,canonical,,answer_segment,6,10,False,85,85,True,18.168048858642578,,ok_qwen_token_boundary,True,ok,73,73
exp_c,exp_c__gsm8k_test_000252__think,gsm8k_test_000252,think,canonical,,answer_segment,13,10,False,85,85,True,14.556320190429688,,ok_qwen_token_boundary,True,ok,73,73
exp_c,exp_c__gsm8k_test_000252__think,gsm8k_test_000252,think,canonical,,answer_segment,20,10,False,85,85,True,11.572552680969238,,ok_qwen_token_boundary,True,ok,73,73
exp_c,exp_c__gsm8k_test_000252__no_think,gsm8k_test_000252,no_think,canonical,,full_output,6,10,False,56,56,True,18.519548416137695,,ok,False,ok,73,62
exp_c,exp_c__gsm8k_test_000252__no_think,gsm8k_test_000252,no_think,canonical,,full_output,13,10,False,56,56,True,12.325331687927246,,ok,False,ok,73,62
exp_c,exp_c__gsm8k_test_000252__no_think,gsm8k_test_000252,no_think,canonical,,full_output,20,10,False,56,56,True,12.27476978302002,,ok,False,ok,73,62
exp_c,exp_c__gsm8k_test_000252__no_think,gsm8k_test_000252,no_think,canonical,,answer_segment,6,10,False,56,56,True,18.519548416137695,,ok,False,ok,73,62
exp_c,exp_c__gsm8k_test_000252__no_think,gsm8k_test_000252,no_think,canonical,,answer_segment,13,10,False,56,56,True,12.325331687927246,,ok,False,ok,73,62
exp_c,exp_c__gsm8k_test_000252__no_think,gsm8k_test_000252,no_think,canonical,,answer_segment,20,10,False,56,56,True,12.27476978302002,,ok,False,ok,73,62
exp_c,exp_c__gsm8k_test_000254__think,gsm8k_test_000254,think,canonical,,full_output,6,10,False,379,379,True,17.43564796447754,,ok,True,ok,84,84
exp_c,exp_c__gsm8k_test_000254__think,gsm8k_test_000254,think,canonical,,full_output,13,10,False,379,379,True,13.26836109161377,,ok,True,ok,84,84
exp_c,exp_c__gsm8k_test_000254__think,gsm8k_test_000254,think,canonical,,full_output,20,10,False,379,379,True,12.550924301147461,,ok,True,ok,84,84
exp_c,exp_c__gsm8k_test_000254__think,gsm8k_test_000254,think,canonical,,thinking_segment,6,10,False,318,318,True,18.931541442871094,,ok_qwen_token_boundary,True,ok,84,84
exp_c,exp_c__gsm8k_test_000254__think,gsm8k_test_000254,think,canonical,,thinking_segment,13,10,False,318,318,True,13.752431869506836,,ok_qwen_token_boundary,True,ok,84,84
exp_c,exp_c__gsm8k_test_000254__think,gsm8k_test_000254,think,canonical,,thinking_segment,20,10,False,318,318,True,12.756999015808105,,ok_qwen_token_boundary,True,ok,84,84
exp_c,exp_c__gsm8k_test_000254__think,gsm8k_test_000254,think,canonical,,answer_segment,6,10,False,61,61,True,20.36483383178711,,ok_qwen_token_boundary,True,ok,84,84
exp_c,exp_c__gsm8k_test_000254__think,gsm8k_test_000254,think,canonical,,answer_segment,13,10,False,61,61,True,13.405086517333984,,ok_qwen_token_boundary,True,ok,84,84
exp_c,exp_c__gsm8k_test_000254__think,gsm8k_test_000254,think,canonical,,answer_segment,20,10,False,61,61,True,12.551609992980957,,ok_qwen_token_boundary,True,ok,84,84
exp_c,exp_c__gsm8k_test_000254__no_think,gsm8k_test_000254,no_think,canonical,,full_output,6,10,False,59,59,True,14.147151947021484,,ok,True,ok,84,84
exp_c,exp_c__gsm8k_test_000254__no_think,gsm8k_test_000254,no_think,canonical,,full_output,13,10,False,59,59,True,11.472421646118164,,ok,True,ok,84,84
exp_c,exp_c__gsm8k_test_000254__no_think,gsm8k_test_000254,no_think,canonical,,full_output,20,10,False,59,59,True,12.209985733032227,,ok,True,ok,84,84
exp_c,exp_c__gsm8k_test_000254__no_think,gsm8k_test_000254,no_think,canonical,,answer_segment,6,10,False,59,59,True,14.147151947021484,,ok,True,ok,84,84
exp_c,exp_c__gsm8k_test_000254__no_think,gsm8k_test_000254,no_think,canonical,,answer_segment,13,10,False,59,59,True,11.472421646118164,,ok,True,ok,84,84
exp_c,exp_c__gsm8k_test_000254__no_think,gsm8k_test_000254,no_think,canonical,,answer_segment,20,10,False,59,59,True,12.209985733032227,,ok,True,ok,84,84
exp_c,exp_c__gsm8k_test_000257__think,gsm8k_test_000257,think,canonical,,full_output,6,10,False,355,355,True,17.403188705444336,,ok,True,ok,5600,5600
exp_c,exp_c__gsm8k_test_000257__think,gsm8k_test_000257,think,canonical,,full_output,13,10,False,355,355,True,12.851216316223145,,ok,True,ok,5600,5600
exp_c,exp_c__gsm8k_test_000257__think,gsm8k_test_000257,think,canonical,,full_output,20,10,False,355,355,True,13.146245956420898,,ok,True,ok,5600,5600
exp_c,exp_c__gsm8k_test_000257__think,gsm8k_test_000257,think,canonical,,thinking_segment,6,10,False,300,300,True,18.067955017089844,,ok_qwen_token_boundary,True,ok,5600,5600
exp_c,exp_c__gsm8k_test_000257__think,gsm8k_test_000257,think,canonical,,thinking_segment,13,10,False,300,300,True,12.721134185791016,,ok_qwen_token_boundary,True,ok,5600,5600
exp_c,exp_c__gsm8k_test_000257__think,gsm8k_test_000257,think,canonical,,thinking_segment,20,10,False,300,300,True,12.885702133178711,,ok_qwen_token_boundary,True,ok,5600,5600
exp_c,exp_c__gsm8k_test_000257__think,gsm8k_test_000257,think,canonical,,answer_segment,6,10,False,55,55,True,19.025503158569336,,ok_qwen_token_boundary,True,ok,5600,5600
exp_c,exp_c__gsm8k_test_000257__think,gsm8k_test_000257,think,canonical,,answer_segment,13,10,False,55,55,True,12.604436874389648,,ok_qwen_token_boundary,True,ok,5600,5600
exp_c,exp_c__gsm8k_test_000257__think,gsm8k_test_000257,think,canonical,,answer_segment,20,10,False,55,55,True,13.471539497375488,,ok_qwen_token_boundary,True,ok,5600,5600
exp_c,exp_c__gsm8k_test_000257__no_think,gsm8k_test_000257,no_think,canonical,,full_output,6,10,False,59,59,True,16.988229751586914,,ok,True,ok,5600,5600
exp_c,exp_c__gsm8k_test_000257__no_think,gsm8k_test_000257,no_think,canonical,,full_output,13,10,False,59,59,True,11.024237632751465,,ok,True,ok,5600,5600
exp_c,exp_c__gsm8k_test_000257__no_think,gsm8k_test_000257,no_think,canonical,,full_output,20,10,False,59,59,True,11.555045127868652,,ok,True,ok,5600,5600
exp_c,exp_c__gsm8k_test_000257__no_think,gsm8k_test_000257,no_think,canonical,,answer_segment,6,10,False,59,59,True,16.988229751586914,,ok,True,ok,5600,5600
exp_c,exp_c__gsm8k_test_000257__no_think,gsm8k_test_000257,no_think,canonical,,answer_segment,13,10,False,59,59,True,11.024237632751465,,ok,True,ok,5600,5600
exp_c,exp_c__gsm8k_test_000257__no_think,gsm8k_test_000257,no_think,canonical,,answer_segment,20,10,False,59,59,True,11.555045127868652,,ok,True,ok,5600,5600
exp_c,exp_c__gsm8k_test_000273__think,gsm8k_test_000273,think,canonical,,full_output,6,10,False,277,277,True,15.583328247070312,,ok,True,ok,315,315
exp_c,exp_c__gsm8k_test_000273__think,gsm8k_test_000273,think,canonical,,full_output,13,10,False,277,277,True,12.280213356018066,,ok,True,ok,315,315
exp_c,exp_c__gsm8k_test_000273__think,gsm8k_test_000273,think,canonical,,full_output,20,10,False,277,277,True,12.378351211547852,,ok,True,ok,315,315
exp_c,exp_c__gsm8k_test_000273__think,gsm8k_test_000273,think,canonical,,thinking_segment,6,10,False,202,202,True,16.97412872314453,,ok_qwen_token_boundary,True,ok,315,315
exp_c,exp_c__gsm8k_test_000273__think,gsm8k_test_000273,think,canonical,,thinking_segment,13,10,False,202,202,True,12.429868698120117,,ok_qwen_token_boundary,True,ok,315,315
exp_c,exp_c__gsm8k_test_000273__think,gsm8k_test_000273,think,canonical,,thinking_segment,20,10,False,202,202,True,12.712909698486328,,ok_qwen_token_boundary,True,ok,315,315
exp_c,exp_c__gsm8k_test_000273__think,gsm8k_test_000273,think,canonical,,answer_segment,6,10,False,75,75,True,15.595579147338867,,ok_qwen_token_boundary,True,ok,315,315
exp_c,exp_c__gsm8k_test_000273__think,gsm8k_test_000273,think,canonical,,answer_segment,13,10,False,75,75,True,12.337996482849121,,ok_qwen_token_boundary,True,ok,315,315
exp_c,exp_c__gsm8k_test_000273__think,gsm8k_test_000273,think,canonical,,answer_segment,20,10,False,75,75,True,12.193588256835938,,ok_qwen_token_boundary,True,ok,315,315
exp_c,exp_c__gsm8k_test_000273__no_think,gsm8k_test_000273,no_think,canonical,,full_output,6,10,False,59,59,True,14.954628944396973,,ok,True,ok,315,315
exp_c,exp_c__gsm8k_test_000273__no_think,gsm8k_test_000273,no_think,canonical,,full_output,13,10,False,59,59,True,11.804900169372559,,ok,True,ok,315,315
exp_c,exp_c__gsm8k_test_000273__no_think,gsm8k_test_000273,no_think,canonical,,full_output,20,10,False,59,59,True,12.015344619750977,,ok,True,ok,315,315
exp_c,exp_c__gsm8k_test_000273__no_think,gsm8k_test_000273,no_think,canonical,,answer_segment,6,10,False,59,59,True,14.954628944396973,,ok,True,ok,315,315
exp_c,exp_c__gsm8k_test_000273__no_think,gsm8k_test_000273,no_think,canonical,,answer_segment,13,10,False,59,59,True,11.804900169372559,,ok,True,ok,315,315
exp_c,exp_c__gsm8k_test_000273__no_think,gsm8k_test_000273,no_think,canonical,,answer_segment,20,10,False,59,59,True,12.015344619750977,,ok,True,ok,315,315
exp_c,exp_c__gsm8k_test_000274__think,gsm8k_test_000274,think,canonical,,full_output,6,10,False,216,216,True,13.764653205871582,,ok,True,ok,3200,3200
exp_c,exp_c__gsm8k_test_000274__think,gsm8k_test_000274,think,canonical,,full_output,13,10,False,216,216,True,12.786273956298828,,ok,True,ok,3200,3200
exp_c,exp_c__gsm8k_test_000274__think,gsm8k_test_000274,think,canonical,,full_output,20,10,False,216,216,True,12.694025993347168,,ok,True,ok,3200,3200
exp_c,exp_c__gsm8k_test_000274__think,gsm8k_test_000274,think,canonical,,thinking_segment,6,10,False,155,155,True,16.010026931762695,,ok_qwen_token_boundary,True,ok,3200,3200
exp_c,exp_c__gsm8k_test_000274__think,gsm8k_test_000274,think,canonical,,thinking_segment,13,10,False,155,155,True,13.548591613769531,,ok_qwen_token_boundary,True,ok,3200,3200
exp_c,exp_c__gsm8k_test_000274__think,gsm8k_test_000274,think,canonical,,thinking_segment,20,10,False,155,155,True,13.864171028137207,,ok_qwen_token_boundary,True,ok,3200,3200
exp_c,exp_c__gsm8k_test_000274__think,gsm8k_test_000274,think,canonical,,answer_segment,6,10,False,61,61,True,17.181135177612305,,ok_qwen_token_boundary,True,ok,3200,3200
exp_c,exp_c__gsm8k_test_000274__think,gsm8k_test_000274,think,canonical,,answer_segment,13,10,False,61,61,True,14.927838325500488,,ok_qwen_token_boundary,True,ok,3200,3200
exp_c,exp_c__gsm8k_test_000274__think,gsm8k_test_000274,think,canonical,,answer_segment,20,10,False,61,61,True,12.132288932800293,,ok_qwen_token_boundary,True,ok,3200,3200
exp_c,exp_c__gsm8k_test_000274__no_think,gsm8k_test_000274,no_think,canonical,,full_output,6,10,False,45,45,True,16.001771926879883,,ok,True,ok,3200,3200
exp_c,exp_c__gsm8k_test_000274__no_think,gsm8k_test_000274,no_think,canonical,,full_output,13,10,False,45,45,True,12.3843412399292,,ok,True,ok,3200,3200
exp_c,exp_c__gsm8k_test_000274__no_think,gsm8k_test_000274,no_think,canonical,,full_output,20,10,False,45,45,True,11.43557357788086,,ok,True,ok,3200,3200
exp_c,exp_c__gsm8k_test_000274__no_think,gsm8k_test_000274,no_think,canonical,,answer_segment,6,10,False,45,45,True,16.001771926879883,,ok,True,ok,3200,3200
exp_c,exp_c__gsm8k_test_000274__no_think,gsm8k_test_000274,no_think,canonical,,answer_segment,13,10,False,45,45,True,12.3843412399292,,ok,True,ok,3200,3200
exp_c,exp_c__gsm8k_test_000274__no_think,gsm8k_test_000274,no_think,canonical,,answer_segment,20,10,False,45,45,True,11.43557357788086,,ok,True,ok,3200,3200
exp_c,exp_c__gsm8k_test_000276__think,gsm8k_test_000276,think,canonical,,full_output,6,10,False,322,322,True,12.873286247253418,,ok,True,ok,9,9
exp_c,exp_c__gsm8k_test_000276__think,gsm8k_test_000276,think,canonical,,full_output,13,10,False,322,322,True,10.749289512634277,,ok,True,ok,9,9
exp_c,exp_c__gsm8k_test_000276__think,gsm8k_test_000276,think,canonical,,full_output,20,10,False,322,322,True,10.868927001953125,,ok,True,ok,9,9
exp_c,exp_c__gsm8k_test_000276__think,gsm8k_test_000276,think,canonical,,thinking_segment,6,10,False,249,249,True,14.204648971557617,,ok_qwen_token_boundary,True,ok,9,9
exp_c,exp_c__gsm8k_test_000276__think,gsm8k_test_000276,think,canonical,,thinking_segment,13,10,False,249,249,True,10.718194961547852,,ok_qwen_token_boundary,True,ok,9,9
exp_c,exp_c__gsm8k_test_000276__think,gsm8k_test_000276,think,canonical,,thinking_segment,20,10,False,249,249,True,10.85454273223877,,ok_qwen_token_boundary,True,ok,9,9
exp_c,exp_c__gsm8k_test_000276__think,gsm8k_test_000276,think,canonical,,answer_segment,6,10,False,73,73,True,11.228957176208496,,ok_qwen_token_boundary,True,ok,9,9
exp_c,exp_c__gsm8k_test_000276__think,gsm8k_test_000276,think,canonical,,answer_segment,13,10,False,73,73,True,10.267334938049316,,ok_qwen_token_boundary,True,ok,9,9
exp_c,exp_c__gsm8k_test_000276__think,gsm8k_test_000276,think,canonical,,answer_segment,20,10,False,73,73,True,10.391681671142578,,ok_qwen_token_boundary,True,ok,9,9
exp_c,exp_c__gsm8k_test_000276__no_think,gsm8k_test_000276,no_think,canonical,,full_output,6,10,False,108,108,True,9.418684005737305,,ok,False,ok,9,6
exp_c,exp_c__gsm8k_test_000276__no_think,gsm8k_test_000276,no_think,canonical,,full_output,13,10,False,108,108,True,9.237092018127441,,ok,False,ok,9,6
exp_c,exp_c__gsm8k_test_000276__no_think,gsm8k_test_000276,no_think,canonical,,full_output,20,10,False,108,108,True,10.237485885620117,,ok,False,ok,9,6
exp_c,exp_c__gsm8k_test_000276__no_think,gsm8k_test_000276,no_think,canonical,,answer_segment,6,10,False,108,108,True,9.418684005737305,,ok,False,ok,9,6
exp_c,exp_c__gsm8k_test_000276__no_think,gsm8k_test_000276,no_think,canonical,,answer_segment,13,10,False,108,108,True,9.237092018127441,,ok,False,ok,9,6
exp_c,exp_c__gsm8k_test_000276__no_think,gsm8k_test_000276,no_think,canonical,,answer_segment,20,10,False,108,108,True,10.237485885620117,,ok,False,ok,9,6
exp_c,exp_c__gsm8k_test_000282__think,gsm8k_test_000282,think,canonical,,full_output,6,10,False,318,318,True,20.24866485595703,,ok,True,ok,195,195
exp_c,exp_c__gsm8k_test_000282__think,gsm8k_test_000282,think,canonical,,full_output,13,10,False,318,318,True,13.802897453308105,,ok,True,ok,195,195
exp_c,exp_c__gsm8k_test_000282__think,gsm8k_test_000282,think,canonical,,full_output,20,10,False,318,318,True,13.134986877441406,,ok,True,ok,195,195
exp_c,exp_c__gsm8k_test_000282__think,gsm8k_test_000282,think,canonical,,thinking_segment,6,10,False,260,260,True,21.637340545654297,,ok_qwen_token_boundary,True,ok,195,195
exp_c,exp_c__gsm8k_test_000282__think,gsm8k_test_000282,think,canonical,,thinking_segment,13,10,False,260,260,True,13.813318252563477,,ok_qwen_token_boundary,True,ok,195,195
exp_c,exp_c__gsm8k_test_000282__think,gsm8k_test_000282,think,canonical,,thinking_segment,20,10,False,260,260,True,13.347179412841797,,ok_qwen_token_boundary,True,ok,195,195
exp_c,exp_c__gsm8k_test_000282__think,gsm8k_test_000282,think,canonical,,answer_segment,6,10,False,58,58,True,18.973230361938477,,ok_qwen_token_boundary,True,ok,195,195
exp_c,exp_c__gsm8k_test_000282__think,gsm8k_test_000282,think,canonical,,answer_segment,13,10,False,58,58,True,13.98315143585205,,ok_qwen_token_boundary,True,ok,195,195
exp_c,exp_c__gsm8k_test_000282__think,gsm8k_test_000282,think,canonical,,answer_segment,20,10,False,58,58,True,12.101935386657715,,ok_qwen_token_boundary,True,ok,195,195
exp_c,exp_c__gsm8k_test_000282__no_think,gsm8k_test_000282,no_think,canonical,,full_output,6,10,False,51,51,True,19.161605834960938,,ok,False,ok,195,175
exp_c,exp_c__gsm8k_test_000282__no_think,gsm8k_test_000282,no_think,canonical,,full_output,13,10,False,51,51,True,12.787821769714355,,ok,False,ok,195,175
exp_c,exp_c__gsm8k_test_000282__no_think,gsm8k_test_000282,no_think,canonical,,full_output,20,10,False,51,51,True,11.648151397705078,,ok,False,ok,195,175
exp_c,exp_c__gsm8k_test_000282__no_think,gsm8k_test_000282,no_think,canonical,,answer_segment,6,10,False,51,51,True,19.161605834960938,,ok,False,ok,195,175
exp_c,exp_c__gsm8k_test_000282__no_think,gsm8k_test_000282,no_think,canonical,,answer_segment,13,10,False,51,51,True,12.787821769714355,,ok,False,ok,195,175
exp_c,exp_c__gsm8k_test_000282__no_think,gsm8k_test_000282,no_think,canonical,,answer_segment,20,10,False,51,51,True,11.648151397705078,,ok,False,ok,195,175
exp_c,exp_c__gsm8k_test_000290__think,gsm8k_test_000290,think,canonical,,full_output,6,10,False,275,275,True,15.786406517028809,,ok,True,ok,390,390
exp_c,exp_c__gsm8k_test_000290__think,gsm8k_test_000290,think,canonical,,full_output,13,10,False,275,275,True,12.822972297668457,,ok,True,ok,390,390
exp_c,exp_c__gsm8k_test_000290__think,gsm8k_test_000290,think,canonical,,full_output,20,10,False,275,275,True,12.37843132019043,,ok,True,ok,390,390
exp_c,exp_c__gsm8k_test_000290__think,gsm8k_test_000290,think,canonical,,thinking_segment,6,10,False,221,221,True,17.2760009765625,,ok_qwen_token_boundary,True,ok,390,390
exp_c,exp_c__gsm8k_test_000290__think,gsm8k_test_000290,think,canonical,,thinking_segment,13,10,False,221,221,True,13.488566398620605,,ok_qwen_token_boundary,True,ok,390,390
exp_c,exp_c__gsm8k_test_000290__think,gsm8k_test_000290,think,canonical,,thinking_segment,20,10,False,221,221,True,12.454646110534668,,ok_qwen_token_boundary,True,ok,390,390
exp_c,exp_c__gsm8k_test_000290__think,gsm8k_test_000290,think,canonical,,answer_segment,6,10,False,54,54,True,17.098386764526367,,ok_qwen_token_boundary,True,ok,390,390
exp_c,exp_c__gsm8k_test_000290__think,gsm8k_test_000290,think,canonical,,answer_segment,13,10,False,54,54,True,12.903181076049805,,ok_qwen_token_boundary,True,ok,390,390
exp_c,exp_c__gsm8k_test_000290__think,gsm8k_test_000290,think,canonical,,answer_segment,20,10,False,54,54,True,12.366777420043945,,ok_qwen_token_boundary,True,ok,390,390
exp_c,exp_c__gsm8k_test_000290__no_think,gsm8k_test_000290,no_think,canonical,,full_output,6,10,False,53,53,True,17.38300895690918,,ok,True,ok,390,390
exp_c,exp_c__gsm8k_test_000290__no_think,gsm8k_test_000290,no_think,canonical,,full_output,13,10,False,53,53,True,12.71790885925293,,ok,True,ok,390,390
exp_c,exp_c__gsm8k_test_000290__no_think,gsm8k_test_000290,no_think,canonical,,full_output,20,10,False,53,53,True,12.358193397521973,,ok,True,ok,390,390
exp_c,exp_c__gsm8k_test_000290__no_think,gsm8k_test_000290,no_think,canonical,,answer_segment,6,10,False,53,53,True,17.38300895690918,,ok,True,ok,390,390
exp_c,exp_c__gsm8k_test_000290__no_think,gsm8k_test_000290,no_think,canonical,,answer_segment,13,10,False,53,53,True,12.71790885925293,,ok,True,ok,390,390
exp_c,exp_c__gsm8k_test_000290__no_think,gsm8k_test_000290,no_think,canonical,,answer_segment,20,10,False,53,53,True,12.358193397521973,,ok,True,ok,390,390
exp_c,exp_c__gsm8k_test_000294__think,gsm8k_test_000294,think,canonical,,full_output,6,10,False,136,136,True,19.072237014770508,,ok,True,ok,3,3
exp_c,exp_c__gsm8k_test_000294__think,gsm8k_test_000294,think,canonical,,full_output,13,10,False,136,136,True,14.298701286315918,,ok,True,ok,3,3
exp_c,exp_c__gsm8k_test_000294__think,gsm8k_test_000294,think,canonical,,full_output,20,10,False,136,136,True,13.933402061462402,,ok,True,ok,3,3
exp_c,exp_c__gsm8k_test_000294__think,gsm8k_test_000294,think,canonical,,thinking_segment,6,10,False,96,96,True,23.79408836364746,,ok_qwen_token_boundary,True,ok,3,3
exp_c,exp_c__gsm8k_test_000294__think,gsm8k_test_000294,think,canonical,,thinking_segment,13,10,False,96,96,True,16.141054153442383,,ok_qwen_token_boundary,True,ok,3,3
exp_c,exp_c__gsm8k_test_000294__think,gsm8k_test_000294,think,canonical,,thinking_segment,20,10,False,96,96,True,15.121867179870605,,ok_qwen_token_boundary,True,ok,3,3
exp_c,exp_c__gsm8k_test_000294__think,gsm8k_test_000294,think,canonical,,answer_segment,6,10,False,40,40,True,15.362419128417969,,ok_qwen_token_boundary,True,ok,3,3
exp_c,exp_c__gsm8k_test_000294__think,gsm8k_test_000294,think,canonical,,answer_segment,13,10,False,40,40,True,11.802419662475586,,ok_qwen_token_boundary,True,ok,3,3
exp_c,exp_c__gsm8k_test_000294__think,gsm8k_test_000294,think,canonical,,answer_segment,20,10,False,40,40,True,11.139593124389648,,ok_qwen_token_boundary,True,ok,3,3
exp_c,exp_c__gsm8k_test_000294__no_think,gsm8k_test_000294,no_think,canonical,,full_output,6,10,False,42,42,True,13.880379676818848,,ok,True,ok,3,3
exp_c,exp_c__gsm8k_test_000294__no_think,gsm8k_test_000294,no_think,canonical,,full_output,13,10,False,42,42,True,11.73497486114502,,ok,True,ok,3,3
exp_c,exp_c__gsm8k_test_000294__no_think,gsm8k_test_000294,no_think,canonical,,full_output,20,10,False,42,42,True,13.116206169128418,,ok,True,ok,3,3
exp_c,exp_c__gsm8k_test_000294__no_think,gsm8k_test_000294,no_think,canonical,,answer_segment,6,10,False,42,42,True,13.880379676818848,,ok,True,ok,3,3
exp_c,exp_c__gsm8k_test_000294__no_think,gsm8k_test_000294,no_think,canonical,,answer_segment,13,10,False,42,42,True,11.73497486114502,,ok,True,ok,3,3
exp_c,exp_c__gsm8k_test_000294__no_think,gsm8k_test_000294,no_think,canonical,,answer_segment,20,10,False,42,42,True,13.116206169128418,,ok,True,ok,3,3
exp_c,exp_c__gsm8k_test_000296__think,gsm8k_test_000296,think,canonical,,full_output,6,10,False,328,328,True,15.988361358642578,,ok,True,ok,3,3
exp_c,exp_c__gsm8k_test_000296__think,gsm8k_test_000296,think,canonical,,full_output,13,10,False,328,328,True,12.407646179199219,,ok,True,ok,3,3
exp_c,exp_c__gsm8k_test_000296__think,gsm8k_test_000296,think,canonical,,full_output,20,10,False,328,328,True,12.079614639282227,,ok,True,ok,3,3
exp_c,exp_c__gsm8k_test_000296__think,gsm8k_test_000296,think,canonical,,thinking_segment,6,10,False,278,278,True,15.98182487487793,,ok_qwen_token_boundary,True,ok,3,3
exp_c,exp_c__gsm8k_test_000296__think,gsm8k_test_000296,think,canonical,,thinking_segment,13,10,False,278,278,True,11.840444564819336,,ok_qwen_token_boundary,True,ok,3,3
exp_c,exp_c__gsm8k_test_000296__think,gsm8k_test_000296,think,canonical,,thinking_segment,20,10,False,278,278,True,11.619270324707031,,ok_qwen_token_boundary,True,ok,3,3
exp_c,exp_c__gsm8k_test_000296__think,gsm8k_test_000296,think,canonical,,answer_segment,6,10,False,50,50,True,19.461105346679688,,ok_qwen_token_boundary,True,ok,3,3
exp_c,exp_c__gsm8k_test_000296__think,gsm8k_test_000296,think,canonical,,answer_segment,13,10,False,50,50,True,13.552847862243652,,ok_qwen_token_boundary,True,ok,3,3
exp_c,exp_c__gsm8k_test_000296__think,gsm8k_test_000296,think,canonical,,answer_segment,20,10,False,50,50,True,13.466777801513672,,ok_qwen_token_boundary,True,ok,3,3
exp_c,exp_c__gsm8k_test_000296__no_think,gsm8k_test_000296,no_think,canonical,,full_output,6,10,False,76,76,True,18.39879035949707,,ok,True,ok,3,3
exp_c,exp_c__gsm8k_test_000296__no_think,gsm8k_test_000296,no_think,canonical,,full_output,13,10,False,76,76,True,13.078368186950684,,ok,True,ok,3,3
exp_c,exp_c__gsm8k_test_000296__no_think,gsm8k_test_000296,no_think,canonical,,full_output,20,10,False,76,76,True,13.522576332092285,,ok,True,ok,3,3
exp_c,exp_c__gsm8k_test_000296__no_think,gsm8k_test_000296,no_think,canonical,,answer_segment,6,10,False,76,76,True,18.39879035949707,,ok,True,ok,3,3
exp_c,exp_c__gsm8k_test_000296__no_think,gsm8k_test_000296,no_think,canonical,,answer_segment,13,10,False,76,76,True,13.078368186950684,,ok,True,ok,3,3
exp_c,exp_c__gsm8k_test_000296__no_think,gsm8k_test_000296,no_think,canonical,,answer_segment,20,10,False,76,76,True,13.522576332092285,,ok,True,ok,3,3
exp_c,exp_c__gsm8k_test_000300__think,gsm8k_test_000300,think,canonical,,full_output,6,10,False,176,176,True,18.16607093811035,,ok,True,ok,78,78
exp_c,exp_c__gsm8k_test_000300__think,gsm8k_test_000300,think,canonical,,full_output,13,10,False,176,176,True,13.411776542663574,,ok,True,ok,78,78
exp_c,exp_c__gsm8k_test_000300__think,gsm8k_test_000300,think,canonical,,full_output,20,10,False,176,176,True,13.9102201461792,,ok,True,ok,78,78
exp_c,exp_c__gsm8k_test_000300__think,gsm8k_test_000300,think,canonical,,thinking_segment,6,10,False,134,134,True,20.497650146484375,,ok_qwen_token_boundary,True,ok,78,78
exp_c,exp_c__gsm8k_test_000300__think,gsm8k_test_000300,think,canonical,,thinking_segment,13,10,False,134,134,True,14.32992172241211,,ok_qwen_token_boundary,True,ok,78,78
exp_c,exp_c__gsm8k_test_000300__think,gsm8k_test_000300,think,canonical,,thinking_segment,20,10,False,134,134,True,13.967977523803711,,ok_qwen_token_boundary,True,ok,78,78
exp_c,exp_c__gsm8k_test_000300__think,gsm8k_test_000300,think,canonical,,answer_segment,6,10,False,42,42,True,15.935147285461426,,ok_qwen_token_boundary,True,ok,78,78
exp_c,exp_c__gsm8k_test_000300__think,gsm8k_test_000300,think,canonical,,answer_segment,13,10,False,42,42,True,12.975850105285645,,ok_qwen_token_boundary,True,ok,78,78
exp_c,exp_c__gsm8k_test_000300__think,gsm8k_test_000300,think,canonical,,answer_segment,20,10,False,42,42,True,13.358811378479004,,ok_qwen_token_boundary,True,ok,78,78
exp_c,exp_c__gsm8k_test_000300__no_think,gsm8k_test_000300,no_think,canonical,,full_output,6,10,False,45,45,True,16.32827377319336,,ok,True,ok,78,78
exp_c,exp_c__gsm8k_test_000300__no_think,gsm8k_test_000300,no_think,canonical,,full_output,13,10,False,45,45,True,13.191554069519043,,ok,True,ok,78,78
exp_c,exp_c__gsm8k_test_000300__no_think,gsm8k_test_000300,no_think,canonical,,full_output,20,10,False,45,45,True,14.102239608764648,,ok,True,ok,78,78
exp_c,exp_c__gsm8k_test_000300__no_think,gsm8k_test_000300,no_think,canonical,,answer_segment,6,10,False,45,45,True,16.32827377319336,,ok,True,ok,78,78
exp_c,exp_c__gsm8k_test_000300__no_think,gsm8k_test_000300,no_think,canonical,,answer_segment,13,10,False,45,45,True,13.191554069519043,,ok,True,ok,78,78
exp_c,exp_c__gsm8k_test_000300__no_think,gsm8k_test_000300,no_think,canonical,,answer_segment,20,10,False,45,45,True,14.102239608764648,,ok,True,ok,78,78
exp_c,exp_c__gsm8k_test_000304__think,gsm8k_test_000304,think,canonical,,full_output,6,10,False,577,577,True,12.85844612121582,,ok,False,ok,3200,8000
exp_c,exp_c__gsm8k_test_000304__think,gsm8k_test_000304,think,canonical,,full_output,13,10,False,577,577,True,9.04979133605957,,ok,False,ok,3200,8000
exp_c,exp_c__gsm8k_test_000304__think,gsm8k_test_000304,think,canonical,,full_output,20,10,False,577,577,True,9.934061050415039,,ok,False,ok,3200,8000
exp_c,exp_c__gsm8k_test_000304__think,gsm8k_test_000304,think,canonical,,thinking_segment,6,10,False,514,514,True,13.928500175476074,,ok_qwen_token_boundary,False,ok,3200,8000
exp_c,exp_c__gsm8k_test_000304__think,gsm8k_test_000304,think,canonical,,thinking_segment,13,10,False,514,514,True,8.803552627563477,,ok_qwen_token_boundary,False,ok,3200,8000
exp_c,exp_c__gsm8k_test_000304__think,gsm8k_test_000304,think,canonical,,thinking_segment,20,10,False,514,514,True,9.74630355834961,,ok_qwen_token_boundary,False,ok,3200,8000
exp_c,exp_c__gsm8k_test_000304__think,gsm8k_test_000304,think,canonical,,answer_segment,6,10,False,63,63,True,18.93111801147461,,ok_qwen_token_boundary,False,ok,3200,8000
exp_c,exp_c__gsm8k_test_000304__think,gsm8k_test_000304,think,canonical,,answer_segment,13,10,False,63,63,True,13.92340087890625,,ok_qwen_token_boundary,False,ok,3200,8000
exp_c,exp_c__gsm8k_test_000304__think,gsm8k_test_000304,think,canonical,,answer_segment,20,10,False,63,63,True,13.238458633422852,,ok_qwen_token_boundary,False,ok,3200,8000
exp_c,exp_c__gsm8k_test_000304__no_think,gsm8k_test_000304,no_think,canonical,,full_output,6,10,False,59,59,True,16.13737678527832,,ok,False,ok,3200,4400
exp_c,exp_c__gsm8k_test_000304__no_think,gsm8k_test_000304,no_think,canonical,,full_output,13,10,False,59,59,True,11.271247863769531,,ok,False,ok,3200,4400
exp_c,exp_c__gsm8k_test_000304__no_think,gsm8k_test_000304,no_think,canonical,,full_output,20,10,False,59,59,True,13.31567096710205,,ok,False,ok,3200,4400
exp_c,exp_c__gsm8k_test_000304__no_think,gsm8k_test_000304,no_think,canonical,,answer_segment,6,10,False,59,59,True,16.13737678527832,,ok,False,ok,3200,4400
exp_c,exp_c__gsm8k_test_000304__no_think,gsm8k_test_000304,no_think,canonical,,answer_segment,13,10,False,59,59,True,11.271247863769531,,ok,False,ok,3200,4400
exp_c,exp_c__gsm8k_test_000304__no_think,gsm8k_test_000304,no_think,canonical,,answer_segment,20,10,False,59,59,True,13.31567096710205,,ok,False,ok,3200,4400
exp_c,exp_c__gsm8k_test_000307__think,gsm8k_test_000307,think,canonical,,full_output,6,10,False,554,554,True,10.390608787536621,,ok,False,ok,16,8
exp_c,exp_c__gsm8k_test_000307__think,gsm8k_test_000307,think,canonical,,full_output,13,10,False,554,554,True,8.575809478759766,,ok,False,ok,16,8
exp_c,exp_c__gsm8k_test_000307__think,gsm8k_test_000307,think,canonical,,full_output,20,10,False,554,554,True,10.012608528137207,,ok,False,ok,16,8
exp_c,exp_c__gsm8k_test_000307__think,gsm8k_test_000307,think,canonical,,thinking_segment,6,10,False,514,514,True,9.577942848205566,,ok_qwen_token_boundary,False,ok,16,8
exp_c,exp_c__gsm8k_test_000307__think,gsm8k_test_000307,think,canonical,,thinking_segment,13,10,False,514,514,True,8.0059814453125,,ok_qwen_token_boundary,False,ok,16,8
exp_c,exp_c__gsm8k_test_000307__think,gsm8k_test_000307,think,canonical,,thinking_segment,20,10,False,514,514,True,9.434290885925293,,ok_qwen_token_boundary,False,ok,16,8
exp_c,exp_c__gsm8k_test_000307__think,gsm8k_test_000307,think,canonical,,answer_segment,6,10,False,40,40,True,15.114596366882324,,ok_qwen_token_boundary,False,ok,16,8
exp_c,exp_c__gsm8k_test_000307__think,gsm8k_test_000307,think,canonical,,answer_segment,13,10,False,40,40,True,11.690832138061523,,ok_qwen_token_boundary,False,ok,16,8
exp_c,exp_c__gsm8k_test_000307__think,gsm8k_test_000307,think,canonical,,answer_segment,20,10,False,40,40,True,13.148516654968262,,ok_qwen_token_boundary,False,ok,16,8
exp_c,exp_c__gsm8k_test_000307__no_think,gsm8k_test_000307,no_think,canonical,,full_output,6,10,False,45,45,True,15.420060157775879,,ok,False,ok,16,8
exp_c,exp_c__gsm8k_test_000307__no_think,gsm8k_test_000307,no_think,canonical,,full_output,13,10,False,45,45,True,11.686600685119629,,ok,False,ok,16,8
exp_c,exp_c__gsm8k_test_000307__no_think,gsm8k_test_000307,no_think,canonical,,full_output,20,10,False,45,45,True,12.477272987365723,,ok,False,ok,16,8
exp_c,exp_c__gsm8k_test_000307__no_think,gsm8k_test_000307,no_think,canonical,,answer_segment,6,10,False,45,45,True,15.420060157775879,,ok,False,ok,16,8
exp_c,exp_c__gsm8k_test_000307__no_think,gsm8k_test_000307,no_think,canonical,,answer_segment,13,10,False,45,45,True,11.686600685119629,,ok,False,ok,16,8
exp_c,exp_c__gsm8k_test_000307__no_think,gsm8k_test_000307,no_think,canonical,,answer_segment,20,10,False,45,45,True,12.477272987365723,,ok,False,ok,16,8
exp_c,exp_c__gsm8k_test_000310__think,gsm8k_test_000310,think,canonical,,full_output,6,10,False,309,309,True,14.247026443481445,,ok,True,ok,2050,2050
exp_c,exp_c__gsm8k_test_000310__think,gsm8k_test_000310,think,canonical,,full_output,13,10,False,309,309,True,12.515295028686523,,ok,True,ok,2050,2050
exp_c,exp_c__gsm8k_test_000310__think,gsm8k_test_000310,think,canonical,,full_output,20,10,False,309,309,True,12.927117347717285,,ok,True,ok,2050,2050
exp_c,exp_c__gsm8k_test_000310__think,gsm8k_test_000310,think,canonical,,thinking_segment,6,10,False,238,238,True,14.739900588989258,,ok_qwen_token_boundary,True,ok,2050,2050
exp_c,exp_c__gsm8k_test_000310__think,gsm8k_test_000310,think,canonical,,thinking_segment,13,10,False,238,238,True,12.438098907470703,,ok_qwen_token_boundary,True,ok,2050,2050
exp_c,exp_c__gsm8k_test_000310__think,gsm8k_test_000310,think,canonical,,thinking_segment,20,10,False,238,238,True,13.360692024230957,,ok_qwen_token_boundary,True,ok,2050,2050
exp_c,exp_c__gsm8k_test_000310__think,gsm8k_test_000310,think,canonical,,answer_segment,6,10,False,71,71,True,16.57705307006836,,ok_qwen_token_boundary,True,ok,2050,2050
exp_c,exp_c__gsm8k_test_000310__think,gsm8k_test_000310,think,canonical,,answer_segment,13,10,False,71,71,True,13.512935638427734,,ok_qwen_token_boundary,True,ok,2050,2050
exp_c,exp_c__gsm8k_test_000310__think,gsm8k_test_000310,think,canonical,,answer_segment,20,10,False,71,71,True,12.18985366821289,,ok_qwen_token_boundary,True,ok,2050,2050
exp_c,exp_c__gsm8k_test_000310__no_think,gsm8k_test_000310,no_think,canonical,,full_output,6,10,False,65,65,True,12.667585372924805,,ok,False,ok,2050,1550
exp_c,exp_c__gsm8k_test_000310__no_think,gsm8k_test_000310,no_think,canonical,,full_output,13,10,False,65,65,True,11.524127960205078,,ok,False,ok,2050,1550
exp_c,exp_c__gsm8k_test_000310__no_think,gsm8k_test_000310,no_think,canonical,,full_output,20,10,False,65,65,True,11.695684432983398,,ok,False,ok,2050,1550
exp_c,exp_c__gsm8k_test_000310__no_think,gsm8k_test_000310,no_think,canonical,,answer_segment,6,10,False,65,65,True,12.667585372924805,,ok,False,ok,2050,1550
exp_c,exp_c__gsm8k_test_000310__no_think,gsm8k_test_000310,no_think,canonical,,answer_segment,13,10,False,65,65,True,11.524127960205078,,ok,False,ok,2050,1550
exp_c,exp_c__gsm8k_test_000310__no_think,gsm8k_test_000310,no_think,canonical,,answer_segment,20,10,False,65,65,True,11.695684432983398,,ok,False,ok,2050,1550
exp_c,exp_c__gsm8k_test_000315__think,gsm8k_test_000315,think,canonical,,full_output,6,10,False,322,322,True,15.04849910736084,,ok,True,ok,14,14
exp_c,exp_c__gsm8k_test_000315__think,gsm8k_test_000315,think,canonical,,full_output,13,10,False,322,322,True,11.892091751098633,,ok,True,ok,14,14
exp_c,exp_c__gsm8k_test_000315__think,gsm8k_test_000315,think,canonical,,full_output,20,10,False,322,322,True,12.24804973602295,,ok,True,ok,14,14
exp_c,exp_c__gsm8k_test_000315__think,gsm8k_test_000315,think,canonical,,thinking_segment,6,10,False,260,260,True,15.670534133911133,,ok_qwen_token_boundary,True,ok,14,14
exp_c,exp_c__gsm8k_test_000315__think,gsm8k_test_000315,think,canonical,,thinking_segment,13,10,False,260,260,True,12.023871421813965,,ok_qwen_token_boundary,True,ok,14,14
exp_c,exp_c__gsm8k_test_000315__think,gsm8k_test_000315,think,canonical,,thinking_segment,20,10,False,260,260,True,12.21910572052002,,ok_qwen_token_boundary,True,ok,14,14
exp_c,exp_c__gsm8k_test_000315__think,gsm8k_test_000315,think,canonical,,answer_segment,6,10,False,62,62,True,17.323139190673828,,ok_qwen_token_boundary,True,ok,14,14
exp_c,exp_c__gsm8k_test_000315__think,gsm8k_test_000315,think,canonical,,answer_segment,13,10,False,62,62,True,14.559500694274902,,ok_qwen_token_boundary,True,ok,14,14
exp_c,exp_c__gsm8k_test_000315__think,gsm8k_test_000315,think,canonical,,answer_segment,20,10,False,62,62,True,12.547941207885742,,ok_qwen_token_boundary,True,ok,14,14
exp_c,exp_c__gsm8k_test_000315__no_think,gsm8k_test_000315,no_think,canonical,,full_output,6,10,False,65,65,True,19.799015045166016,,ok,True,ok,14,14
exp_c,exp_c__gsm8k_test_000315__no_think,gsm8k_test_000315,no_think,canonical,,full_output,13,10,False,65,65,True,12.779860496520996,,ok,True,ok,14,14
exp_c,exp_c__gsm8k_test_000315__no_think,gsm8k_test_000315,no_think,canonical,,full_output,20,10,False,65,65,True,12.564493179321289,,ok,True,ok,14,14
exp_c,exp_c__gsm8k_test_000315__no_think,gsm8k_test_000315,no_think,canonical,,answer_segment,6,10,False,65,65,True,19.799015045166016,,ok,True,ok,14,14
exp_c,exp_c__gsm8k_test_000315__no_think,gsm8k_test_000315,no_think,canonical,,answer_segment,13,10,False,65,65,True,12.779860496520996,,ok,True,ok,14,14
exp_c,exp_c__gsm8k_test_000315__no_think,gsm8k_test_000315,no_think,canonical,,answer_segment,20,10,False,65,65,True,12.564493179321289,,ok,True,ok,14,14
exp_c,exp_c__gsm8k_test_000325__think,gsm8k_test_000325,think,canonical,,full_output,6,10,False,436,436,True,14.78763484954834,,ok,True,ok,224000,224000
exp_c,exp_c__gsm8k_test_000325__think,gsm8k_test_000325,think,canonical,,full_output,13,10,False,436,436,True,13.166584968566895,,ok,True,ok,224000,224000
exp_c,exp_c__gsm8k_test_000325__think,gsm8k_test_000325,think,canonical,,full_output,20,10,False,436,436,True,13.37417984008789,,ok,True,ok,224000,224000
exp_c,exp_c__gsm8k_test_000325__think,gsm8k_test_000325,think,canonical,,thinking_segment,6,10,False,381,381,True,14.85163688659668,,ok_qwen_token_boundary,True,ok,224000,224000
exp_c,exp_c__gsm8k_test_000325__think,gsm8k_test_000325,think,canonical,,thinking_segment,13,10,False,381,381,True,13.488621711730957,,ok_qwen_token_boundary,True,ok,224000,224000
exp_c,exp_c__gsm8k_test_000325__think,gsm8k_test_000325,think,canonical,,thinking_segment,20,10,False,381,381,True,13.50802230834961,,ok_qwen_token_boundary,True,ok,224000,224000
exp_c,exp_c__gsm8k_test_000325__think,gsm8k_test_000325,think,canonical,,answer_segment,6,10,False,55,55,True,17.482440948486328,,ok_qwen_token_boundary,True,ok,224000,224000
exp_c,exp_c__gsm8k_test_000325__think,gsm8k_test_000325,think,canonical,,answer_segment,13,10,False,55,55,True,12.506983757019043,,ok_qwen_token_boundary,True,ok,224000,224000
exp_c,exp_c__gsm8k_test_000325__think,gsm8k_test_000325,think,canonical,,answer_segment,20,10,False,55,55,True,12.765961647033691,,ok_qwen_token_boundary,True,ok,224000,224000
exp_c,exp_c__gsm8k_test_000325__no_think,gsm8k_test_000325,no_think,canonical,,full_output,6,10,False,61,61,True,15.477283477783203,,ok,False,ok,224000,212000
exp_c,exp_c__gsm8k_test_000325__no_think,gsm8k_test_000325,no_think,canonical,,full_output,13,10,False,61,61,True,11.468327522277832,,ok,False,ok,224000,212000
exp_c,exp_c__gsm8k_test_000325__no_think,gsm8k_test_000325,no_think,canonical,,full_output,20,10,False,61,61,True,12.309082984924316,,ok,False,ok,224000,212000
exp_c,exp_c__gsm8k_test_000325__no_think,gsm8k_test_000325,no_think,canonical,,answer_segment,6,10,False,61,61,True,15.477283477783203,,ok,False,ok,224000,212000
exp_c,exp_c__gsm8k_test_000325__no_think,gsm8k_test_000325,no_think,canonical,,answer_segment,13,10,False,61,61,True,11.468327522277832,,ok,False,ok,224000,212000
exp_c,exp_c__gsm8k_test_000325__no_think,gsm8k_test_000325,no_think,canonical,,answer_segment,20,10,False,61,61,True,12.309082984924316,,ok,False,ok,224000,212000
exp_c,exp_c__gsm8k_test_000338__think,gsm8k_test_000338,think,canonical,,full_output,6,10,False,318,318,True,18.409875869750977,,ok,True,ok,60,60
exp_c,exp_c__gsm8k_test_000338__think,gsm8k_test_000338,think,canonical,,full_output,13,10,False,318,318,True,13.051939010620117,,ok,True,ok,60,60
exp_c,exp_c__gsm8k_test_000338__think,gsm8k_test_000338,think,canonical,,full_output,20,10,False,318,318,True,12.925932884216309,,ok,True,ok,60,60
exp_c,exp_c__gsm8k_test_000338__think,gsm8k_test_000338,think,canonical,,thinking_segment,6,10,False,261,261,True,21.45952606201172,,ok_qwen_token_boundary,True,ok,60,60
exp_c,exp_c__gsm8k_test_000338__think,gsm8k_test_000338,think,canonical,,thinking_segment,13,10,False,261,261,True,14.152810096740723,,ok_qwen_token_boundary,True,ok,60,60
exp_c,exp_c__gsm8k_test_000338__think,gsm8k_test_000338,think,canonical,,thinking_segment,20,10,False,261,261,True,13.756448745727539,,ok_qwen_token_boundary,True,ok,60,60
exp_c,exp_c__gsm8k_test_000338__think,gsm8k_test_000338,think,canonical,,answer_segment,6,10,False,57,57,True,17.635141372680664,,ok_qwen_token_boundary,True,ok,60,60
exp_c,exp_c__gsm8k_test_000338__think,gsm8k_test_000338,think,canonical,,answer_segment,13,10,False,57,57,True,14.369438171386719,,ok_qwen_token_boundary,True,ok,60,60
exp_c,exp_c__gsm8k_test_000338__think,gsm8k_test_000338,think,canonical,,answer_segment,20,10,False,57,57,True,13.036880493164062,,ok_qwen_token_boundary,True,ok,60,60
exp_c,exp_c__gsm8k_test_000338__no_think,gsm8k_test_000338,no_think,canonical,,full_output,6,10,False,53,53,True,18.02146339416504,,ok,True,ok,60,60
exp_c,exp_c__gsm8k_test_000338__no_think,gsm8k_test_000338,no_think,canonical,,full_output,13,10,False,53,53,True,13.29099178314209,,ok,True,ok,60,60
exp_c,exp_c__gsm8k_test_000338__no_think,gsm8k_test_000338,no_think,canonical,,full_output,20,10,False,53,53,True,13.260025024414062,,ok,True,ok,60,60
exp_c,exp_c__gsm8k_test_000338__no_think,gsm8k_test_000338,no_think,canonical,,answer_segment,6,10,False,53,53,True,18.02146339416504,,ok,True,ok,60,60
exp_c,exp_c__gsm8k_test_000338__no_think,gsm8k_test_000338,no_think,canonical,,answer_segment,13,10,False,53,53,True,13.29099178314209,,ok,True,ok,60,60
exp_c,exp_c__gsm8k_test_000338__no_think,gsm8k_test_000338,no_think,canonical,,answer_segment,20,10,False,53,53,True,13.260025024414062,,ok,True,ok,60,60
exp_c,exp_c__gsm8k_test_000343__think,gsm8k_test_000343,think,canonical,,full_output,6,10,False,424,424,True,16.012697219848633,,ok,True,ok,180000,180000
exp_c,exp_c__gsm8k_test_000343__think,gsm8k_test_000343,think,canonical,,full_output,13,10,False,424,424,True,12.545849800109863,,ok,True,ok,180000,180000
exp_c,exp_c__gsm8k_test_000343__think,gsm8k_test_000343,think,canonical,,full_output,20,10,False,424,424,True,12.673731803894043,,ok,True,ok,180000,180000
exp_c,exp_c__gsm8k_test_000343__think,gsm8k_test_000343,think,canonical,,thinking_segment,6,10,False,364,364,True,17.345266342163086,,ok_qwen_token_boundary,True,ok,180000,180000
exp_c,exp_c__gsm8k_test_000343__think,gsm8k_test_000343,think,canonical,,thinking_segment,13,10,False,364,364,True,13.01659107208252,,ok_qwen_token_boundary,True,ok,180000,180000
exp_c,exp_c__gsm8k_test_000343__think,gsm8k_test_000343,think,canonical,,thinking_segment,20,10,False,364,364,True,13.050689697265625,,ok_qwen_token_boundary,True,ok,180000,180000
exp_c,exp_c__gsm8k_test_000343__think,gsm8k_test_000343,think,canonical,,answer_segment,6,10,False,60,60,True,17.64771270751953,,ok_qwen_token_boundary,True,ok,180000,180000
exp_c,exp_c__gsm8k_test_000343__think,gsm8k_test_000343,think,canonical,,answer_segment,13,10,False,60,60,True,11.455801010131836,,ok_qwen_token_boundary,True,ok,180000,180000
exp_c,exp_c__gsm8k_test_000343__think,gsm8k_test_000343,think,canonical,,answer_segment,20,10,False,60,60,True,11.731257438659668,,ok_qwen_token_boundary,True,ok,180000,180000
exp_c,exp_c__gsm8k_test_000343__no_think,gsm8k_test_000343,no_think,canonical,,full_output,6,10,False,65,65,True,18.590927124023438,,ok,True,ok,180000,180000
exp_c,exp_c__gsm8k_test_000343__no_think,gsm8k_test_000343,no_think,canonical,,full_output,13,10,False,65,65,True,13.564664840698242,,ok,True,ok,180000,180000
exp_c,exp_c__gsm8k_test_000343__no_think,gsm8k_test_000343,no_think,canonical,,full_output,20,10,False,65,65,True,13.03404426574707,,ok,True,ok,180000,180000
exp_c,exp_c__gsm8k_test_000343__no_think,gsm8k_test_000343,no_think,canonical,,answer_segment,6,10,False,65,65,True,18.590927124023438,,ok,True,ok,180000,180000
exp_c,exp_c__gsm8k_test_000343__no_think,gsm8k_test_000343,no_think,canonical,,answer_segment,13,10,False,65,65,True,13.564664840698242,,ok,True,ok,180000,180000
exp_c,exp_c__gsm8k_test_000343__no_think,gsm8k_test_000343,no_think,canonical,,answer_segment,20,10,False,65,65,True,13.03404426574707,,ok,True,ok,180000,180000
exp_c,exp_c__gsm8k_test_000351__think,gsm8k_test_000351,think,canonical,,full_output,6,10,False,183,183,True,21.748491287231445,,ok,True,ok,10,10
exp_c,exp_c__gsm8k_test_000351__think,gsm8k_test_000351,think,canonical,,full_output,13,10,False,183,183,True,14.682416915893555,,ok,True,ok,10,10
exp_c,exp_c__gsm8k_test_000351__think,gsm8k_test_000351,think,canonical,,full_output,20,10,False,183,183,True,13.426581382751465,,ok,True,ok,10,10
exp_c,exp_c__gsm8k_test_000351__think,gsm8k_test_000351,think,canonical,,thinking_segment,6,10,False,138,138,True,24.47537612915039,,ok_qwen_token_boundary,True,ok,10,10
exp_c,exp_c__gsm8k_test_000351__think,gsm8k_test_000351,think,canonical,,thinking_segment,13,10,False,138,138,True,15.398408889770508,,ok_qwen_token_boundary,True,ok,10,10
exp_c,exp_c__gsm8k_test_000351__think,gsm8k_test_000351,think,canonical,,thinking_segment,20,10,False,138,138,True,14.006318092346191,,ok_qwen_token_boundary,True,ok,10,10
exp_c,exp_c__gsm8k_test_000351__think,gsm8k_test_000351,think,canonical,,answer_segment,6,10,False,45,45,True,15.750972747802734,,ok_qwen_token_boundary,True,ok,10,10
exp_c,exp_c__gsm8k_test_000351__think,gsm8k_test_000351,think,canonical,,answer_segment,13,10,False,45,45,True,13.11510181427002,,ok_qwen_token_boundary,True,ok,10,10
exp_c,exp_c__gsm8k_test_000351__think,gsm8k_test_000351,think,canonical,,answer_segment,20,10,False,45,45,True,11.88253402709961,,ok_qwen_token_boundary,True,ok,10,10
exp_c,exp_c__gsm8k_test_000351__no_think,gsm8k_test_000351,no_think,canonical,,full_output,6,10,False,53,53,True,16.58076286315918,,ok,True,ok,10,10
exp_c,exp_c__gsm8k_test_000351__no_think,gsm8k_test_000351,no_think,canonical,,full_output,13,10,False,53,53,True,12.185770988464355,,ok,True,ok,10,10
exp_c,exp_c__gsm8k_test_000351__no_think,gsm8k_test_000351,no_think,canonical,,full_output,20,10,False,53,53,True,11.666069984436035,,ok,True,ok,10,10
exp_c,exp_c__gsm8k_test_000351__no_think,gsm8k_test_000351,no_think,canonical,,answer_segment,6,10,False,53,53,True,16.58076286315918,,ok,True,ok,10,10
exp_c,exp_c__gsm8k_test_000351__no_think,gsm8k_test_000351,no_think,canonical,,answer_segment,13,10,False,53,53,True,12.185770988464355,,ok,True,ok,10,10
exp_c,exp_c__gsm8k_test_000351__no_think,gsm8k_test_000351,no_think,canonical,,answer_segment,20,10,False,53,53,True,11.666069984436035,,ok,True,ok,10,10
exp_c,exp_c__gsm8k_test_000360__think,gsm8k_test_000360,think,canonical,,full_output,6,10,False,257,257,True,16.47834587097168,,ok,True,ok,25,25
exp_c,exp_c__gsm8k_test_000360__think,gsm8k_test_000360,think,canonical,,full_output,13,10,False,257,257,True,12.059128761291504,,ok,True,ok,25,25
exp_c,exp_c__gsm8k_test_000360__think,gsm8k_test_000360,think,canonical,,full_output,20,10,False,257,257,True,13.05374813079834,,ok,True,ok,25,25
exp_c,exp_c__gsm8k_test_000360__think,gsm8k_test_000360,think,canonical,,thinking_segment,6,10,False,209,209,True,17.58268165588379,,ok_qwen_token_boundary,True,ok,25,25
exp_c,exp_c__gsm8k_test_000360__think,gsm8k_test_000360,think,canonical,,thinking_segment,13,10,False,209,209,True,12.831881523132324,,ok_qwen_token_boundary,True,ok,25,25
exp_c,exp_c__gsm8k_test_000360__think,gsm8k_test_000360,think,canonical,,thinking_segment,20,10,False,209,209,True,13.829038619995117,,ok_qwen_token_boundary,True,ok,25,25
exp_c,exp_c__gsm8k_test_000360__think,gsm8k_test_000360,think,canonical,,answer_segment,6,10,False,48,48,True,18.294008255004883,,ok_qwen_token_boundary,True,ok,25,25
exp_c,exp_c__gsm8k_test_000360__think,gsm8k_test_000360,think,canonical,,answer_segment,13,10,False,48,48,True,12.433117866516113,,ok_qwen_token_boundary,True,ok,25,25
exp_c,exp_c__gsm8k_test_000360__think,gsm8k_test_000360,think,canonical,,answer_segment,20,10,False,48,48,True,12.745266914367676,,ok_qwen_token_boundary,True,ok,25,25
exp_c,exp_c__gsm8k_test_000360__no_think,gsm8k_test_000360,no_think,canonical,,full_output,6,10,False,40,40,True,17.76475715637207,,ok,True,ok,25,25
exp_c,exp_c__gsm8k_test_000360__no_think,gsm8k_test_000360,no_think,canonical,,full_output,13,10,False,40,40,True,12.44413948059082,,ok,True,ok,25,25
exp_c,exp_c__gsm8k_test_000360__no_think,gsm8k_test_000360,no_think,canonical,,full_output,20,10,False,40,40,True,12.872495651245117,,ok,True,ok,25,25
exp_c,exp_c__gsm8k_test_000360__no_think,gsm8k_test_000360,no_think,canonical,,answer_segment,6,10,False,40,40,True,17.76475715637207,,ok,True,ok,25,25
exp_c,exp_c__gsm8k_test_000360__no_think,gsm8k_test_000360,no_think,canonical,,answer_segment,13,10,False,40,40,True,12.44413948059082,,ok,True,ok,25,25
exp_c,exp_c__gsm8k_test_000360__no_think,gsm8k_test_000360,no_think,canonical,,answer_segment,20,10,False,40,40,True,12.872495651245117,,ok,True,ok,25,25
exp_c,exp_c__gsm8k_test_000361__think,gsm8k_test_000361,think,canonical,,full_output,6,10,False,377,377,True,13.330999374389648,,ok,True,ok,20,20
exp_c,exp_c__gsm8k_test_000361__think,gsm8k_test_000361,think,canonical,,full_output,13,10,False,377,377,True,12.334794998168945,,ok,True,ok,20,20
exp_c,exp_c__gsm8k_test_000361__think,gsm8k_test_000361,think,canonical,,full_output,20,10,False,377,377,True,12.650485038757324,,ok,True,ok,20,20
exp_c,exp_c__gsm8k_test_000361__think,gsm8k_test_000361,think,canonical,,thinking_segment,6,10,False,305,305,True,14.205259323120117,,ok_qwen_token_boundary,True,ok,20,20
exp_c,exp_c__gsm8k_test_000361__think,gsm8k_test_000361,think,canonical,,thinking_segment,13,10,False,305,305,True,12.39111614227295,,ok_qwen_token_boundary,True,ok,20,20
exp_c,exp_c__gsm8k_test_000361__think,gsm8k_test_000361,think,canonical,,thinking_segment,20,10,False,305,305,True,12.894047737121582,,ok_qwen_token_boundary,True,ok,20,20
exp_c,exp_c__gsm8k_test_000361__think,gsm8k_test_000361,think,canonical,,answer_segment,6,10,False,72,72,True,18.460792541503906,,ok_qwen_token_boundary,True,ok,20,20
exp_c,exp_c__gsm8k_test_000361__think,gsm8k_test_000361,think,canonical,,answer_segment,13,10,False,72,72,True,13.95960807800293,,ok_qwen_token_boundary,True,ok,20,20
exp_c,exp_c__gsm8k_test_000361__think,gsm8k_test_000361,think,canonical,,answer_segment,20,10,False,72,72,True,12.54194450378418,,ok_qwen_token_boundary,True,ok,20,20
exp_c,exp_c__gsm8k_test_000361__no_think,gsm8k_test_000361,no_think,canonical,,full_output,6,10,False,62,62,True,15.076793670654297,,ok,False,ok,20,3
exp_c,exp_c__gsm8k_test_000361__no_think,gsm8k_test_000361,no_think,canonical,,full_output,13,10,False,62,62,True,12.126117706298828,,ok,False,ok,20,3
exp_c,exp_c__gsm8k_test_000361__no_think,gsm8k_test_000361,no_think,canonical,,full_output,20,10,False,62,62,True,12.257181167602539,,ok,False,ok,20,3
exp_c,exp_c__gsm8k_test_000361__no_think,gsm8k_test_000361,no_think,canonical,,answer_segment,6,10,False,62,62,True,15.076793670654297,,ok,False,ok,20,3
exp_c,exp_c__gsm8k_test_000361__no_think,gsm8k_test_000361,no_think,canonical,,answer_segment,13,10,False,62,62,True,12.126117706298828,,ok,False,ok,20,3
exp_c,exp_c__gsm8k_test_000361__no_think,gsm8k_test_000361,no_think,canonical,,answer_segment,20,10,False,62,62,True,12.257181167602539,,ok,False,ok,20,3
exp_c,exp_c__gsm8k_test_000364__think,gsm8k_test_000364,think,canonical,,full_output,6,10,False,310,310,True,17.550640106201172,,ok,True,ok,49,49
exp_c,exp_c__gsm8k_test_000364__think,gsm8k_test_000364,think,canonical,,full_output,13,10,False,310,310,True,13.043415069580078,,ok,True,ok,49,49
exp_c,exp_c__gsm8k_test_000364__think,gsm8k_test_000364,think,canonical,,full_output,20,10,False,310,310,True,12.270439147949219,,ok,True,ok,49,49
exp_c,exp_c__gsm8k_test_000364__think,gsm8k_test_000364,think,canonical,,thinking_segment,6,10,False,272,272,True,17.37657928466797,,ok_qwen_token_boundary,True,ok,49,49
exp_c,exp_c__gsm8k_test_000364__think,gsm8k_test_000364,think,canonical,,thinking_segment,13,10,False,272,272,True,12.461621284484863,,ok_qwen_token_boundary,True,ok,49,49
exp_c,exp_c__gsm8k_test_000364__think,gsm8k_test_000364,think,canonical,,thinking_segment,20,10,False,272,272,True,12.142326354980469,,ok_qwen_token_boundary,True,ok,49,49
exp_c,exp_c__gsm8k_test_000364__think,gsm8k_test_000364,think,canonical,,answer_segment,6,10,False,38,38,True,14.7390775680542,,ok_qwen_token_boundary,True,ok,49,49
exp_c,exp_c__gsm8k_test_000364__think,gsm8k_test_000364,think,canonical,,answer_segment,13,10,False,38,38,True,10.56794548034668,,ok_qwen_token_boundary,True,ok,49,49
exp_c,exp_c__gsm8k_test_000364__think,gsm8k_test_000364,think,canonical,,answer_segment,20,10,False,38,38,True,12.663154602050781,,ok_qwen_token_boundary,True,ok,49,49
exp_c,exp_c__gsm8k_test_000364__no_think,gsm8k_test_000364,no_think,canonical,,full_output,6,10,False,44,44,True,14.179610252380371,,ok,True,ok,49,49
exp_c,exp_c__gsm8k_test_000364__no_think,gsm8k_test_000364,no_think,canonical,,full_output,13,10,False,44,44,True,10.901291847229004,,ok,True,ok,49,49
exp_c,exp_c__gsm8k_test_000364__no_think,gsm8k_test_000364,no_think,canonical,,full_output,20,10,False,44,44,True,13.04647445678711,,ok,True,ok,49,49
exp_c,exp_c__gsm8k_test_000364__no_think,gsm8k_test_000364,no_think,canonical,,answer_segment,6,10,False,44,44,True,14.179610252380371,,ok,True,ok,49,49
exp_c,exp_c__gsm8k_test_000364__no_think,gsm8k_test_000364,no_think,canonical,,answer_segment,13,10,False,44,44,True,10.901291847229004,,ok,True,ok,49,49
exp_c,exp_c__gsm8k_test_000364__no_think,gsm8k_test_000364,no_think,canonical,,answer_segment,20,10,False,44,44,True,13.04647445678711,,ok,True,ok,49,49
exp_c,exp_c__gsm8k_test_000374__think,gsm8k_test_000374,think,canonical,,full_output,6,10,False,204,204,True,15.699982643127441,,ok,True,ok,45,45
exp_c,exp_c__gsm8k_test_000374__think,gsm8k_test_000374,think,canonical,,full_output,13,10,False,204,204,True,13.166410446166992,,ok,True,ok,45,45
exp_c,exp_c__gsm8k_test_000374__think,gsm8k_test_000374,think,canonical,,full_output,20,10,False,204,204,True,13.28610897064209,,ok,True,ok,45,45
exp_c,exp_c__gsm8k_test_000374__think,gsm8k_test_000374,think,canonical,,thinking_segment,6,10,False,153,153,True,18.346752166748047,,ok_qwen_token_boundary,True,ok,45,45
exp_c,exp_c__gsm8k_test_000374__think,gsm8k_test_000374,think,canonical,,thinking_segment,13,10,False,153,153,True,13.770652770996094,,ok_qwen_token_boundary,True,ok,45,45
exp_c,exp_c__gsm8k_test_000374__think,gsm8k_test_000374,think,canonical,,thinking_segment,20,10,False,153,153,True,13.6718111038208,,ok_qwen_token_boundary,True,ok,45,45
exp_c,exp_c__gsm8k_test_000374__think,gsm8k_test_000374,think,canonical,,answer_segment,6,10,False,51,51,True,15.330314636230469,,ok_qwen_token_boundary,True,ok,45,45
exp_c,exp_c__gsm8k_test_000374__think,gsm8k_test_000374,think,canonical,,answer_segment,13,10,False,51,51,True,12.473955154418945,,ok_qwen_token_boundary,True,ok,45,45
exp_c,exp_c__gsm8k_test_000374__think,gsm8k_test_000374,think,canonical,,answer_segment,20,10,False,51,51,True,12.338533401489258,,ok_qwen_token_boundary,True,ok,45,45
exp_c,exp_c__gsm8k_test_000374__no_think,gsm8k_test_000374,no_think,canonical,,full_output,6,10,False,60,60,True,17.30581283569336,,ok,True,ok,45,45
exp_c,exp_c__gsm8k_test_000374__no_think,gsm8k_test_000374,no_think,canonical,,full_output,13,10,False,60,60,True,13.130674362182617,,ok,True,ok,45,45
exp_c,exp_c__gsm8k_test_000374__no_think,gsm8k_test_000374,no_think,canonical,,full_output,20,10,False,60,60,True,13.163765907287598,,ok,True,ok,45,45
exp_c,exp_c__gsm8k_test_000374__no_think,gsm8k_test_000374,no_think,canonical,,answer_segment,6,10,False,60,60,True,17.30581283569336,,ok,True,ok,45,45
exp_c,exp_c__gsm8k_test_000374__no_think,gsm8k_test_000374,no_think,canonical,,answer_segment,13,10,False,60,60,True,13.130674362182617,,ok,True,ok,45,45
exp_c,exp_c__gsm8k_test_000374__no_think,gsm8k_test_000374,no_think,canonical,,answer_segment,20,10,False,60,60,True,13.163765907287598,,ok,True,ok,45,45
exp_c,exp_c__gsm8k_test_000389__think,gsm8k_test_000389,think,canonical,,full_output,6,10,False,446,446,True,14.735679626464844,,ok,True,ok,6,6
exp_c,exp_c__gsm8k_test_000389__think,gsm8k_test_000389,think,canonical,,full_output,13,10,False,446,446,True,11.01970386505127,,ok,True,ok,6,6
exp_c,exp_c__gsm8k_test_000389__think,gsm8k_test_000389,think,canonical,,full_output,20,10,False,446,446,True,11.119623184204102,,ok,True,ok,6,6
exp_c,exp_c__gsm8k_test_000389__think,gsm8k_test_000389,think,canonical,,thinking_segment,6,10,False,397,397,True,14.961094856262207,,ok_qwen_token_boundary,True,ok,6,6
exp_c,exp_c__gsm8k_test_000389__think,gsm8k_test_000389,think,canonical,,thinking_segment,13,10,False,397,397,True,10.867961883544922,,ok_qwen_token_boundary,True,ok,6,6
exp_c,exp_c__gsm8k_test_000389__think,gsm8k_test_000389,think,canonical,,thinking_segment,20,10,False,397,397,True,10.899707794189453,,ok_qwen_token_boundary,True,ok,6,6
exp_c,exp_c__gsm8k_test_000389__think,gsm8k_test_000389,think,canonical,,answer_segment,6,10,False,49,49,True,17.160070419311523,,ok_qwen_token_boundary,True,ok,6,6
exp_c,exp_c__gsm8k_test_000389__think,gsm8k_test_000389,think,canonical,,answer_segment,13,10,False,49,49,True,13.538741111755371,,ok_qwen_token_boundary,True,ok,6,6
exp_c,exp_c__gsm8k_test_000389__think,gsm8k_test_000389,think,canonical,,answer_segment,20,10,False,49,49,True,13.187780380249023,,ok_qwen_token_boundary,True,ok,6,6
exp_c,exp_c__gsm8k_test_000389__no_think,gsm8k_test_000389,no_think,canonical,,full_output,6,10,False,51,51,True,15.994756698608398,,ok,True,ok,6,6
exp_c,exp_c__gsm8k_test_000389__no_think,gsm8k_test_000389,no_think,canonical,,full_output,13,10,False,51,51,True,11.759201049804688,,ok,True,ok,6,6
exp_c,exp_c__gsm8k_test_000389__no_think,gsm8k_test_000389,no_think,canonical,,full_output,20,10,False,51,51,True,13.998825073242188,,ok,True,ok,6,6
exp_c,exp_c__gsm8k_test_000389__no_think,gsm8k_test_000389,no_think,canonical,,answer_segment,6,10,False,51,51,True,15.994756698608398,,ok,True,ok,6,6
exp_c,exp_c__gsm8k_test_000389__no_think,gsm8k_test_000389,no_think,canonical,,answer_segment,13,10,False,51,51,True,11.759201049804688,,ok,True,ok,6,6
exp_c,exp_c__gsm8k_test_000389__no_think,gsm8k_test_000389,no_think,canonical,,answer_segment,20,10,False,51,51,True,13.998825073242188,,ok,True,ok,6,6
exp_c,exp_c__gsm8k_test_000395__think,gsm8k_test_000395,think,canonical,,full_output,6,10,False,290,290,True,18.43821144104004,,ok,True,ok,38,38
exp_c,exp_c__gsm8k_test_000395__think,gsm8k_test_000395,think,canonical,,full_output,13,10,False,290,290,True,13.306715965270996,,ok,True,ok,38,38
exp_c,exp_c__gsm8k_test_000395__think,gsm8k_test_000395,think,canonical,,full_output,20,10,False,290,290,True,13.694167137145996,,ok,True,ok,38,38
exp_c,exp_c__gsm8k_test_000395__think,gsm8k_test_000395,think,canonical,,thinking_segment,6,10,False,237,237,True,19.284814834594727,,ok_qwen_token_boundary,True,ok,38,38
exp_c,exp_c__gsm8k_test_000395__think,gsm8k_test_000395,think,canonical,,thinking_segment,13,10,False,237,237,True,13.04126262664795,,ok_qwen_token_boundary,True,ok,38,38
exp_c,exp_c__gsm8k_test_000395__think,gsm8k_test_000395,think,canonical,,thinking_segment,20,10,False,237,237,True,13.59379768371582,,ok_qwen_token_boundary,True,ok,38,38
exp_c,exp_c__gsm8k_test_000395__think,gsm8k_test_000395,think,canonical,,answer_segment,6,10,False,53,53,True,18.177127838134766,,ok_qwen_token_boundary,True,ok,38,38
exp_c,exp_c__gsm8k_test_000395__think,gsm8k_test_000395,think,canonical,,answer_segment,13,10,False,53,53,True,13.17270278930664,,ok_qwen_token_boundary,True,ok,38,38
exp_c,exp_c__gsm8k_test_000395__think,gsm8k_test_000395,think,canonical,,answer_segment,20,10,False,53,53,True,12.614381790161133,,ok_qwen_token_boundary,True,ok,38,38
exp_c,exp_c__gsm8k_test_000395__no_think,gsm8k_test_000395,no_think,canonical,,full_output,6,10,False,48,48,True,20.293291091918945,,ok,False,ok,38,32
exp_c,exp_c__gsm8k_test_000395__no_think,gsm8k_test_000395,no_think,canonical,,full_output,13,10,False,48,48,True,13.133903503417969,,ok,False,ok,38,32
exp_c,exp_c__gsm8k_test_000395__no_think,gsm8k_test_000395,no_think,canonical,,full_output,20,10,False,48,48,True,12.95355224609375,,ok,False,ok,38,32
exp_c,exp_c__gsm8k_test_000395__no_think,gsm8k_test_000395,no_think,canonical,,answer_segment,6,10,False,48,48,True,20.293291091918945,,ok,False,ok,38,32
exp_c,exp_c__gsm8k_test_000395__no_think,gsm8k_test_000395,no_think,canonical,,answer_segment,13,10,False,48,48,True,13.133903503417969,,ok,False,ok,38,32
exp_c,exp_c__gsm8k_test_000395__no_think,gsm8k_test_000395,no_think,canonical,,answer_segment,20,10,False,48,48,True,12.95355224609375,,ok,False,ok,38,32
exp_c,exp_c__gsm8k_test_000398__think,gsm8k_test_000398,think,canonical,,full_output,6,10,False,214,214,True,14.296385765075684,,ok,True,ok,168,168
exp_c,exp_c__gsm8k_test_000398__think,gsm8k_test_000398,think,canonical,,full_output,13,10,False,214,214,True,11.64238166809082,,ok,True,ok,168,168
exp_c,exp_c__gsm8k_test_000398__think,gsm8k_test_000398,think,canonical,,full_output,20,10,False,214,214,True,12.201315879821777,,ok,True,ok,168,168
exp_c,exp_c__gsm8k_test_000398__think,gsm8k_test_000398,think,canonical,,thinking_segment,6,10,False,156,156,True,15.58617877960205,,ok_qwen_token_boundary,True,ok,168,168
exp_c,exp_c__gsm8k_test_000398__think,gsm8k_test_000398,think,canonical,,thinking_segment,13,10,False,156,156,True,12.207106590270996,,ok_qwen_token_boundary,True,ok,168,168
exp_c,exp_c__gsm8k_test_000398__think,gsm8k_test_000398,think,canonical,,thinking_segment,20,10,False,156,156,True,12.943098068237305,,ok_qwen_token_boundary,True,ok,168,168
exp_c,exp_c__gsm8k_test_000398__think,gsm8k_test_000398,think,canonical,,answer_segment,6,10,False,58,58,True,16.358991622924805,,ok_qwen_token_boundary,True,ok,168,168
exp_c,exp_c__gsm8k_test_000398__think,gsm8k_test_000398,think,canonical,,answer_segment,13,10,False,58,58,True,11.472527503967285,,ok_qwen_token_boundary,True,ok,168,168
exp_c,exp_c__gsm8k_test_000398__think,gsm8k_test_000398,think,canonical,,answer_segment,20,10,False,58,58,True,11.694486618041992,,ok_qwen_token_boundary,True,ok,168,168
exp_c,exp_c__gsm8k_test_000398__no_think,gsm8k_test_000398,no_think,canonical,,full_output,6,10,False,57,57,True,17.355491638183594,,ok,False,ok,168,186
exp_c,exp_c__gsm8k_test_000398__no_think,gsm8k_test_000398,no_think,canonical,,full_output,13,10,False,57,57,True,11.382219314575195,,ok,False,ok,168,186
exp_c,exp_c__gsm8k_test_000398__no_think,gsm8k_test_000398,no_think,canonical,,full_output,20,10,False,57,57,True,12.21951675415039,,ok,False,ok,168,186
exp_c,exp_c__gsm8k_test_000398__no_think,gsm8k_test_000398,no_think,canonical,,answer_segment,6,10,False,57,57,True,17.355491638183594,,ok,False,ok,168,186
exp_c,exp_c__gsm8k_test_000398__no_think,gsm8k_test_000398,no_think,canonical,,answer_segment,13,10,False,57,57,True,11.382219314575195,,ok,False,ok,168,186
exp_c,exp_c__gsm8k_test_000398__no_think,gsm8k_test_000398,no_think,canonical,,answer_segment,20,10,False,57,57,True,12.21951675415039,,ok,False,ok,168,186
exp_c,exp_c__gsm8k_test_000415__think,gsm8k_test_000415,think,canonical,,full_output,6,10,False,548,548,True,13.058690071105957,,ok,True,ok,350,350
exp_c,exp_c__gsm8k_test_000415__think,gsm8k_test_000415,think,canonical,,full_output,13,10,False,548,548,True,11.078533172607422,,ok,True,ok,350,350
exp_c,exp_c__gsm8k_test_000415__think,gsm8k_test_000415,think,canonical,,full_output,20,10,False,548,548,True,11.832968711853027,,ok,True,ok,350,350
exp_c,exp_c__gsm8k_test_000415__think,gsm8k_test_000415,think,canonical,,thinking_segment,6,10,False,490,490,True,13.521530151367188,,ok_qwen_token_boundary,True,ok,350,350
exp_c,exp_c__gsm8k_test_000415__think,gsm8k_test_000415,think,canonical,,thinking_segment,13,10,False,490,490,True,11.46517276763916,,ok_qwen_token_boundary,True,ok,350,350
exp_c,exp_c__gsm8k_test_000415__think,gsm8k_test_000415,think,canonical,,thinking_segment,20,10,False,490,490,True,11.998456001281738,,ok_qwen_token_boundary,True,ok,350,350
exp_c,exp_c__gsm8k_test_000415__think,gsm8k_test_000415,think,canonical,,answer_segment,6,10,False,58,58,True,18.597515106201172,,ok_qwen_token_boundary,True,ok,350,350
exp_c,exp_c__gsm8k_test_000415__think,gsm8k_test_000415,think,canonical,,answer_segment,13,10,False,58,58,True,14.797497749328613,,ok_qwen_token_boundary,True,ok,350,350
exp_c,exp_c__gsm8k_test_000415__think,gsm8k_test_000415,think,canonical,,answer_segment,20,10,False,58,58,True,13.016948699951172,,ok_qwen_token_boundary,True,ok,350,350
exp_c,exp_c__gsm8k_test_000415__no_think,gsm8k_test_000415,no_think,canonical,,full_output,6,10,False,55,55,True,18.2724552154541,,ok,False,ok,350,360
exp_c,exp_c__gsm8k_test_000415__no_think,gsm8k_test_000415,no_think,canonical,,full_output,13,10,False,55,55,True,14.087738990783691,,ok,False,ok,350,360
exp_c,exp_c__gsm8k_test_000415__no_think,gsm8k_test_000415,no_think,canonical,,full_output,20,10,False,55,55,True,13.427250862121582,,ok,False,ok,350,360
exp_c,exp_c__gsm8k_test_000415__no_think,gsm8k_test_000415,no_think,canonical,,answer_segment,6,10,False,55,55,True,18.2724552154541,,ok,False,ok,350,360
exp_c,exp_c__gsm8k_test_000415__no_think,gsm8k_test_000415,no_think,canonical,,answer_segment,13,10,False,55,55,True,14.087738990783691,,ok,False,ok,350,360
exp_c,exp_c__gsm8k_test_000415__no_think,gsm8k_test_000415,no_think,canonical,,answer_segment,20,10,False,55,55,True,13.427250862121582,,ok,False,ok,350,360
exp_c,exp_c__gsm8k_test_000426__think,gsm8k_test_000426,think,canonical,,full_output,6,10,False,212,212,True,15.885966300964355,,ok,True,ok,11,11
exp_c,exp_c__gsm8k_test_000426__think,gsm8k_test_000426,think,canonical,,full_output,13,10,False,212,212,True,10.940177917480469,,ok,True,ok,11,11
exp_c,exp_c__gsm8k_test_000426__think,gsm8k_test_000426,think,canonical,,full_output,20,10,False,212,212,True,11.182390213012695,,ok,True,ok,11,11
exp_c,exp_c__gsm8k_test_000426__think,gsm8k_test_000426,think,canonical,,thinking_segment,6,10,False,161,161,True,15.799434661865234,,ok_qwen_token_boundary,True,ok,11,11
exp_c,exp_c__gsm8k_test_000426__think,gsm8k_test_000426,think,canonical,,thinking_segment,13,10,False,161,161,True,10.5148344039917,,ok_qwen_token_boundary,True,ok,11,11
exp_c,exp_c__gsm8k_test_000426__think,gsm8k_test_000426,think,canonical,,thinking_segment,20,10,False,161,161,True,10.66286563873291,,ok_qwen_token_boundary,True,ok,11,11
exp_c,exp_c__gsm8k_test_000426__think,gsm8k_test_000426,think,canonical,,answer_segment,6,10,False,51,51,True,20.283782958984375,,ok_qwen_token_boundary,True,ok,11,11
exp_c,exp_c__gsm8k_test_000426__think,gsm8k_test_000426,think,canonical,,answer_segment,13,10,False,51,51,True,12.626014709472656,,ok_qwen_token_boundary,True,ok,11,11
exp_c,exp_c__gsm8k_test_000426__think,gsm8k_test_000426,think,canonical,,answer_segment,20,10,False,51,51,True,12.138261795043945,,ok_qwen_token_boundary,True,ok,11,11
exp_c,exp_c__gsm8k_test_000426__no_think,gsm8k_test_000426,no_think,canonical,,full_output,6,10,False,64,64,True,20.029314041137695,,ok,True,ok,11,11
exp_c,exp_c__gsm8k_test_000426__no_think,gsm8k_test_000426,no_think,canonical,,full_output,13,10,False,64,64,True,12.673070907592773,,ok,True,ok,11,11
exp_c,exp_c__gsm8k_test_000426__no_think,gsm8k_test_000426,no_think,canonical,,full_output,20,10,False,64,64,True,12.299230575561523,,ok,True,ok,11,11
exp_c,exp_c__gsm8k_test_000426__no_think,gsm8k_test_000426,no_think,canonical,,answer_segment,6,10,False,64,64,True,20.029314041137695,,ok,True,ok,11,11
exp_c,exp_c__gsm8k_test_000426__no_think,gsm8k_test_000426,no_think,canonical,,answer_segment,13,10,False,64,64,True,12.673070907592773,,ok,True,ok,11,11
exp_c,exp_c__gsm8k_test_000426__no_think,gsm8k_test_000426,no_think,canonical,,answer_segment,20,10,False,64,64,True,12.299230575561523,,ok,True,ok,11,11
exp_c,exp_c__gsm8k_test_000432__think,gsm8k_test_000432,think,canonical,,full_output,6,10,False,268,268,True,12.909331321716309,,ok,True,ok,30,30
exp_c,exp_c__gsm8k_test_000432__think,gsm8k_test_000432,think,canonical,,full_output,13,10,False,268,268,True,10.811315536499023,,ok,True,ok,30,30
exp_c,exp_c__gsm8k_test_000432__think,gsm8k_test_000432,think,canonical,,full_output,20,10,False,268,268,True,11.482269287109375,,ok,True,ok,30,30
exp_c,exp_c__gsm8k_test_000432__think,gsm8k_test_000432,think,canonical,,thinking_segment,6,10,False,189,189,True,13.544698715209961,,ok_qwen_token_boundary,True,ok,30,30
exp_c,exp_c__gsm8k_test_000432__think,gsm8k_test_000432,think,canonical,,thinking_segment,13,10,False,189,189,True,10.648468017578125,,ok_qwen_token_boundary,True,ok,30,30
exp_c,exp_c__gsm8k_test_000432__think,gsm8k_test_000432,think,canonical,,thinking_segment,20,10,False,189,189,True,11.442633628845215,,ok_qwen_token_boundary,True,ok,30,30
exp_c,exp_c__gsm8k_test_000432__think,gsm8k_test_000432,think,canonical,,answer_segment,6,10,False,79,79,True,17.825637817382812,,ok_qwen_token_boundary,True,ok,30,30
exp_c,exp_c__gsm8k_test_000432__think,gsm8k_test_000432,think,canonical,,answer_segment,13,10,False,79,79,True,12.29404354095459,,ok_qwen_token_boundary,True,ok,30,30
exp_c,exp_c__gsm8k_test_000432__think,gsm8k_test_000432,think,canonical,,answer_segment,20,10,False,79,79,True,11.911795616149902,,ok_qwen_token_boundary,True,ok,30,30
exp_c,exp_c__gsm8k_test_000432__no_think,gsm8k_test_000432,no_think,canonical,,full_output,6,10,False,46,46,True,17.8304386138916,,ok,True,ok,30,30
exp_c,exp_c__gsm8k_test_000432__no_think,gsm8k_test_000432,no_think,canonical,,full_output,13,10,False,46,46,True,12.226469993591309,,ok,True,ok,30,30
exp_c,exp_c__gsm8k_test_000432__no_think,gsm8k_test_000432,no_think,canonical,,full_output,20,10,False,46,46,True,11.983482360839844,,ok,True,ok,30,30
exp_c,exp_c__gsm8k_test_000432__no_think,gsm8k_test_000432,no_think,canonical,,answer_segment,6,10,False,46,46,True,17.8304386138916,,ok,True,ok,30,30
exp_c,exp_c__gsm8k_test_000432__no_think,gsm8k_test_000432,no_think,canonical,,answer_segment,13,10,False,46,46,True,12.226469993591309,,ok,True,ok,30,30
exp_c,exp_c__gsm8k_test_000432__no_think,gsm8k_test_000432,no_think,canonical,,answer_segment,20,10,False,46,46,True,11.983482360839844,,ok,True,ok,30,30
exp_c,exp_c__gsm8k_test_000433__think,gsm8k_test_000433,think,canonical,,full_output,6,10,False,244,244,True,21.415164947509766,,ok,True,ok,6,6
exp_c,exp_c__gsm8k_test_000433__think,gsm8k_test_000433,think,canonical,,full_output,13,10,False,244,244,True,13.163495063781738,,ok,True,ok,6,6
exp_c,exp_c__gsm8k_test_000433__think,gsm8k_test_000433,think,canonical,,full_output,20,10,False,244,244,True,12.242253303527832,,ok,True,ok,6,6
exp_c,exp_c__gsm8k_test_000433__think,gsm8k_test_000433,think,canonical,,thinking_segment,6,10,False,196,196,True,24.31217384338379,,ok_qwen_token_boundary,True,ok,6,6
exp_c,exp_c__gsm8k_test_000433__think,gsm8k_test_000433,think,canonical,,thinking_segment,13,10,False,196,196,True,13.73356819152832,,ok_qwen_token_boundary,True,ok,6,6
exp_c,exp_c__gsm8k_test_000433__think,gsm8k_test_000433,think,canonical,,thinking_segment,20,10,False,196,196,True,12.64323616027832,,ok_qwen_token_boundary,True,ok,6,6
exp_c,exp_c__gsm8k_test_000433__think,gsm8k_test_000433,think,canonical,,answer_segment,6,10,False,48,48,True,17.247316360473633,,ok_qwen_token_boundary,True,ok,6,6
exp_c,exp_c__gsm8k_test_000433__think,gsm8k_test_000433,think,canonical,,answer_segment,13,10,False,48,48,True,13.846317291259766,,ok_qwen_token_boundary,True,ok,6,6
exp_c,exp_c__gsm8k_test_000433__think,gsm8k_test_000433,think,canonical,,answer_segment,20,10,False,48,48,True,12.23958683013916,,ok_qwen_token_boundary,True,ok,6,6
exp_c,exp_c__gsm8k_test_000433__no_think,gsm8k_test_000433,no_think,canonical,,full_output,6,10,False,45,45,True,15.867877960205078,,ok,True,ok,6,6
exp_c,exp_c__gsm8k_test_000433__no_think,gsm8k_test_000433,no_think,canonical,,full_output,13,10,False,45,45,True,12.594168663024902,,ok,True,ok,6,6
exp_c,exp_c__gsm8k_test_000433__no_think,gsm8k_test_000433,no_think,canonical,,full_output,20,10,False,45,45,True,13.868035316467285,,ok,True,ok,6,6
exp_c,exp_c__gsm8k_test_000433__no_think,gsm8k_test_000433,no_think,canonical,,answer_segment,6,10,False,45,45,True,15.867877960205078,,ok,True,ok,6,6
exp_c,exp_c__gsm8k_test_000433__no_think,gsm8k_test_000433,no_think,canonical,,answer_segment,13,10,False,45,45,True,12.594168663024902,,ok,True,ok,6,6
exp_c,exp_c__gsm8k_test_000433__no_think,gsm8k_test_000433,no_think,canonical,,answer_segment,20,10,False,45,45,True,13.868035316467285,,ok,True,ok,6,6
exp_c,exp_c__gsm8k_test_000448__think,gsm8k_test_000448,think,canonical,,full_output,6,10,False,312,312,True,17.784576416015625,,ok,True,ok,539,539
exp_c,exp_c__gsm8k_test_000448__think,gsm8k_test_000448,think,canonical,,full_output,13,10,False,312,312,True,12.720051765441895,,ok,True,ok,539,539
exp_c,exp_c__gsm8k_test_000448__think,gsm8k_test_000448,think,canonical,,full_output,20,10,False,312,312,True,13.088592529296875,,ok,True,ok,539,539
exp_c,exp_c__gsm8k_test_000448__think,gsm8k_test_000448,think,canonical,,thinking_segment,6,10,False,263,263,True,18.725252151489258,,ok_qwen_token_boundary,True,ok,539,539
exp_c,exp_c__gsm8k_test_000448__think,gsm8k_test_000448,think,canonical,,thinking_segment,13,10,False,263,263,True,12.91407585144043,,ok_qwen_token_boundary,True,ok,539,539
exp_c,exp_c__gsm8k_test_000448__think,gsm8k_test_000448,think,canonical,,thinking_segment,20,10,False,263,263,True,13.224407196044922,,ok_qwen_token_boundary,True,ok,539,539
exp_c,exp_c__gsm8k_test_000448__think,gsm8k_test_000448,think,canonical,,answer_segment,6,10,False,49,49,True,16.91100311279297,,ok_qwen_token_boundary,True,ok,539,539
exp_c,exp_c__gsm8k_test_000448__think,gsm8k_test_000448,think,canonical,,answer_segment,13,10,False,49,49,True,14.439262390136719,,ok_qwen_token_boundary,True,ok,539,539
exp_c,exp_c__gsm8k_test_000448__think,gsm8k_test_000448,think,canonical,,answer_segment,20,10,False,49,49,True,13.730868339538574,,ok_qwen_token_boundary,True,ok,539,539
exp_c,exp_c__gsm8k_test_000448__no_think,gsm8k_test_000448,no_think,canonical,,full_output,6,10,False,51,51,True,17.244094848632812,,ok,False,ok,539,209
exp_c,exp_c__gsm8k_test_000448__no_think,gsm8k_test_000448,no_think,canonical,,full_output,13,10,False,51,51,True,12.759186744689941,,ok,False,ok,539,209
exp_c,exp_c__gsm8k_test_000448__no_think,gsm8k_test_000448,no_think,canonical,,full_output,20,10,False,51,51,True,13.988655090332031,,ok,False,ok,539,209
exp_c,exp_c__gsm8k_test_000448__no_think,gsm8k_test_000448,no_think,canonical,,answer_segment,6,10,False,51,51,True,17.244094848632812,,ok,False,ok,539,209
exp_c,exp_c__gsm8k_test_000448__no_think,gsm8k_test_000448,no_think,canonical,,answer_segment,13,10,False,51,51,True,12.759186744689941,,ok,False,ok,539,209
exp_c,exp_c__gsm8k_test_000448__no_think,gsm8k_test_000448,no_think,canonical,,answer_segment,20,10,False,51,51,True,13.988655090332031,,ok,False,ok,539,209
exp_c,exp_c__gsm8k_test_000449__think,gsm8k_test_000449,think,canonical,,full_output,6,10,False,177,177,True,15.584031105041504,,ok,True,ok,112,112
exp_c,exp_c__gsm8k_test_000449__think,gsm8k_test_000449,think,canonical,,full_output,13,10,False,177,177,True,11.974366188049316,,ok,True,ok,112,112
exp_c,exp_c__gsm8k_test_000449__think,gsm8k_test_000449,think,canonical,,full_output,20,10,False,177,177,True,12.209403991699219,,ok,True,ok,112,112
exp_c,exp_c__gsm8k_test_000449__think,gsm8k_test_000449,think,canonical,,thinking_segment,6,10,False,115,115,True,18.076784133911133,,ok_qwen_token_boundary,True,ok,112,112
exp_c,exp_c__gsm8k_test_000449__think,gsm8k_test_000449,think,canonical,,thinking_segment,13,10,False,115,115,True,12.965240478515625,,ok_qwen_token_boundary,True,ok,112,112
exp_c,exp_c__gsm8k_test_000449__think,gsm8k_test_000449,think,canonical,,thinking_segment,20,10,False,115,115,True,13.046685218811035,,ok_qwen_token_boundary,True,ok,112,112
exp_c,exp_c__gsm8k_test_000449__think,gsm8k_test_000449,think,canonical,,answer_segment,6,10,False,62,62,True,14.98082160949707,,ok_qwen_token_boundary,True,ok,112,112
exp_c,exp_c__gsm8k_test_000449__think,gsm8k_test_000449,think,canonical,,answer_segment,13,10,False,62,62,True,12.849804878234863,,ok_qwen_token_boundary,True,ok,112,112
exp_c,exp_c__gsm8k_test_000449__think,gsm8k_test_000449,think,canonical,,answer_segment,20,10,False,62,62,True,11.6630220413208,,ok_qwen_token_boundary,True,ok,112,112
exp_c,exp_c__gsm8k_test_000449__no_think,gsm8k_test_000449,no_think,canonical,,full_output,6,10,False,54,54,True,15.487292289733887,,ok,False,ok,112,128
exp_c,exp_c__gsm8k_test_000449__no_think,gsm8k_test_000449,no_think,canonical,,full_output,13,10,False,54,54,True,12.889400482177734,,ok,False,ok,112,128
exp_c,exp_c__gsm8k_test_000449__no_think,gsm8k_test_000449,no_think,canonical,,full_output,20,10,False,54,54,True,12.455662727355957,,ok,False,ok,112,128
exp_c,exp_c__gsm8k_test_000449__no_think,gsm8k_test_000449,no_think,canonical,,answer_segment,6,10,False,54,54,True,15.487292289733887,,ok,False,ok,112,128
exp_c,exp_c__gsm8k_test_000449__no_think,gsm8k_test_000449,no_think,canonical,,answer_segment,13,10,False,54,54,True,12.889400482177734,,ok,False,ok,112,128
exp_c,exp_c__gsm8k_test_000449__no_think,gsm8k_test_000449,no_think,canonical,,answer_segment,20,10,False,54,54,True,12.455662727355957,,ok,False,ok,112,128
exp_c,exp_c__gsm8k_test_000460__think,gsm8k_test_000460,think,canonical,,full_output,6,10,False,266,266,True,18.28413200378418,,ok,True,ok,84,84
exp_c,exp_c__gsm8k_test_000460__think,gsm8k_test_000460,think,canonical,,full_output,13,10,False,266,266,True,12.542645454406738,,ok,True,ok,84,84
exp_c,exp_c__gsm8k_test_000460__think,gsm8k_test_000460,think,canonical,,full_output,20,10,False,266,266,True,11.244380950927734,,ok,True,ok,84,84
exp_c,exp_c__gsm8k_test_000460__think,gsm8k_test_000460,think,canonical,,thinking_segment,6,10,False,217,217,True,20.686389923095703,,ok_qwen_token_boundary,True,ok,84,84
exp_c,exp_c__gsm8k_test_000460__think,gsm8k_test_000460,think,canonical,,thinking_segment,13,10,False,217,217,True,13.975956916809082,,ok_qwen_token_boundary,True,ok,84,84
exp_c,exp_c__gsm8k_test_000460__think,gsm8k_test_000460,think,canonical,,thinking_segment,20,10,False,217,217,True,12.670594215393066,,ok_qwen_token_boundary,True,ok,84,84
exp_c,exp_c__gsm8k_test_000460__think,gsm8k_test_000460,think,canonical,,answer_segment,6,10,False,49,49,True,20.01137351989746,,ok_qwen_token_boundary,True,ok,84,84
exp_c,exp_c__gsm8k_test_000460__think,gsm8k_test_000460,think,canonical,,answer_segment,13,10,False,49,49,True,12.71132755279541,,ok_qwen_token_boundary,True,ok,84,84
exp_c,exp_c__gsm8k_test_000460__think,gsm8k_test_000460,think,canonical,,answer_segment,20,10,False,49,49,True,12.557416915893555,,ok_qwen_token_boundary,True,ok,84,84
exp_c,exp_c__gsm8k_test_000460__no_think,gsm8k_test_000460,no_think,canonical,,full_output,6,10,False,41,41,True,19.818763732910156,,ok,True,ok,84,84
exp_c,exp_c__gsm8k_test_000460__no_think,gsm8k_test_000460,no_think,canonical,,full_output,13,10,False,41,41,True,10.491057395935059,,ok,True,ok,84,84
exp_c,exp_c__gsm8k_test_000460__no_think,gsm8k_test_000460,no_think,canonical,,full_output,20,10,False,41,41,True,13.46212100982666,,ok,True,ok,84,84
exp_c,exp_c__gsm8k_test_000460__no_think,gsm8k_test_000460,no_think,canonical,,answer_segment,6,10,False,41,41,True,19.818763732910156,,ok,True,ok,84,84
exp_c,exp_c__gsm8k_test_000460__no_think,gsm8k_test_000460,no_think,canonical,,answer_segment,13,10,False,41,41,True,10.491057395935059,,ok,True,ok,84,84
exp_c,exp_c__gsm8k_test_000460__no_think,gsm8k_test_000460,no_think,canonical,,answer_segment,20,10,False,41,41,True,13.46212100982666,,ok,True,ok,84,84
exp_c,exp_c__gsm8k_test_000472__think,gsm8k_test_000472,think,canonical,,full_output,6,10,False,304,304,True,18.202476501464844,,ok,True,ok,6,6
exp_c,exp_c__gsm8k_test_000472__think,gsm8k_test_000472,think,canonical,,full_output,13,10,False,304,304,True,13.80582332611084,,ok,True,ok,6,6
exp_c,exp_c__gsm8k_test_000472__think,gsm8k_test_000472,think,canonical,,full_output,20,10,False,304,304,True,12.928268432617188,,ok,True,ok,6,6
exp_c,exp_c__gsm8k_test_000472__think,gsm8k_test_000472,think,canonical,,thinking_segment,6,10,False,260,260,True,18.86876106262207,,ok_qwen_token_boundary,True,ok,6,6
exp_c,exp_c__gsm8k_test_000472__think,gsm8k_test_000472,think,canonical,,thinking_segment,13,10,False,260,260,True,14.018647193908691,,ok_qwen_token_boundary,True,ok,6,6
exp_c,exp_c__gsm8k_test_000472__think,gsm8k_test_000472,think,canonical,,thinking_segment,20,10,False,260,260,True,13.374629020690918,,ok_qwen_token_boundary,True,ok,6,6
exp_c,exp_c__gsm8k_test_000472__think,gsm8k_test_000472,think,canonical,,answer_segment,6,10,False,44,44,True,18.982446670532227,,ok_qwen_token_boundary,True,ok,6,6
exp_c,exp_c__gsm8k_test_000472__think,gsm8k_test_000472,think,canonical,,answer_segment,13,10,False,44,44,True,12.447182655334473,,ok_qwen_token_boundary,True,ok,6,6
exp_c,exp_c__gsm8k_test_000472__think,gsm8k_test_000472,think,canonical,,answer_segment,20,10,False,44,44,True,12.260815620422363,,ok_qwen_token_boundary,True,ok,6,6
exp_c,exp_c__gsm8k_test_000472__no_think,gsm8k_test_000472,no_think,canonical,,full_output,6,10,False,44,44,True,19.987083435058594,,ok,True,ok,6,6
exp_c,exp_c__gsm8k_test_000472__no_think,gsm8k_test_000472,no_think,canonical,,full_output,13,10,False,44,44,True,12.363271713256836,,ok,True,ok,6,6
exp_c,exp_c__gsm8k_test_000472__no_think,gsm8k_test_000472,no_think,canonical,,full_output,20,10,False,44,44,True,13.098992347717285,,ok,True,ok,6,6
exp_c,exp_c__gsm8k_test_000472__no_think,gsm8k_test_000472,no_think,canonical,,answer_segment,6,10,False,44,44,True,19.987083435058594,,ok,True,ok,6,6
exp_c,exp_c__gsm8k_test_000472__no_think,gsm8k_test_000472,no_think,canonical,,answer_segment,13,10,False,44,44,True,12.363271713256836,,ok,True,ok,6,6
exp_c,exp_c__gsm8k_test_000472__no_think,gsm8k_test_000472,no_think,canonical,,answer_segment,20,10,False,44,44,True,13.098992347717285,,ok,True,ok,6,6
exp_c,exp_c__gsm8k_test_000491__think,gsm8k_test_000491,think,canonical,,full_output,6,10,False,302,302,True,17.524717330932617,,ok,True,ok,16,16
exp_c,exp_c__gsm8k_test_000491__think,gsm8k_test_000491,think,canonical,,full_output,13,10,False,302,302,True,12.358879089355469,,ok,True,ok,16,16
exp_c,exp_c__gsm8k_test_000491__think,gsm8k_test_000491,think,canonical,,full_output,20,10,False,302,302,True,12.358440399169922,,ok,True,ok,16,16
exp_c,exp_c__gsm8k_test_000491__think,gsm8k_test_000491,think,canonical,,thinking_segment,6,10,False,260,260,True,18.143129348754883,,ok_qwen_token_boundary,True,ok,16,16
exp_c,exp_c__gsm8k_test_000491__think,gsm8k_test_000491,think,canonical,,thinking_segment,13,10,False,260,260,True,12.575782775878906,,ok_qwen_token_boundary,True,ok,16,16
exp_c,exp_c__gsm8k_test_000491__think,gsm8k_test_000491,think,canonical,,thinking_segment,20,10,False,260,260,True,12.266719818115234,,ok_qwen_token_boundary,True,ok,16,16
exp_c,exp_c__gsm8k_test_000491__think,gsm8k_test_000491,think,canonical,,answer_segment,6,10,False,42,42,True,15.6024808883667,,ok_qwen_token_boundary,True,ok,16,16
exp_c,exp_c__gsm8k_test_000491__think,gsm8k_test_000491,think,canonical,,answer_segment,13,10,False,42,42,True,13.25385856628418,,ok_qwen_token_boundary,True,ok,16,16
exp_c,exp_c__gsm8k_test_000491__think,gsm8k_test_000491,think,canonical,,answer_segment,20,10,False,42,42,True,12.657752990722656,,ok_qwen_token_boundary,True,ok,16,16
exp_c,exp_c__gsm8k_test_000491__no_think,gsm8k_test_000491,no_think,canonical,,full_output,6,10,False,43,43,True,15.701544761657715,,ok,True,ok,16,16
exp_c,exp_c__gsm8k_test_000491__no_think,gsm8k_test_000491,no_think,canonical,,full_output,13,10,False,43,43,True,12.425350189208984,,ok,True,ok,16,16
exp_c,exp_c__gsm8k_test_000491__no_think,gsm8k_test_000491,no_think,canonical,,full_output,20,10,False,43,43,True,12.231616973876953,,ok,True,ok,16,16
exp_c,exp_c__gsm8k_test_000491__no_think,gsm8k_test_000491,no_think,canonical,,answer_segment,6,10,False,43,43,True,15.701544761657715,,ok,True,ok,16,16
exp_c,exp_c__gsm8k_test_000491__no_think,gsm8k_test_000491,no_think,canonical,,answer_segment,13,10,False,43,43,True,12.425350189208984,,ok,True,ok,16,16
exp_c,exp_c__gsm8k_test_000491__no_think,gsm8k_test_000491,no_think,canonical,,answer_segment,20,10,False,43,43,True,12.231616973876953,,ok,True,ok,16,16
exp_c,exp_c__gsm8k_test_000503__think,gsm8k_test_000503,think,canonical,,full_output,6,10,False,158,158,True,12.533860206604004,,ok,True,ok,18,18
exp_c,exp_c__gsm8k_test_000503__think,gsm8k_test_000503,think,canonical,,full_output,13,10,False,158,158,True,11.592480659484863,,ok,True,ok,18,18
exp_c,exp_c__gsm8k_test_000503__think,gsm8k_test_000503,think,canonical,,full_output,20,10,False,158,158,True,12.644740104675293,,ok,True,ok,18,18
exp_c,exp_c__gsm8k_test_000503__think,gsm8k_test_000503,think,canonical,,thinking_segment,6,10,False,112,112,True,12.049455642700195,,ok_qwen_token_boundary,True,ok,18,18
exp_c,exp_c__gsm8k_test_000503__think,gsm8k_test_000503,think,canonical,,thinking_segment,13,10,False,112,112,True,11.704340934753418,,ok_qwen_token_boundary,True,ok,18,18
exp_c,exp_c__gsm8k_test_000503__think,gsm8k_test_000503,think,canonical,,thinking_segment,20,10,False,112,112,True,12.893205642700195,,ok_qwen_token_boundary,True,ok,18,18
exp_c,exp_c__gsm8k_test_000503__think,gsm8k_test_000503,think,canonical,,answer_segment,6,10,False,46,46,True,20.245885848999023,,ok_qwen_token_boundary,True,ok,18,18
exp_c,exp_c__gsm8k_test_000503__think,gsm8k_test_000503,think,canonical,,answer_segment,13,10,False,46,46,True,13.39974308013916,,ok_qwen_token_boundary,True,ok,18,18
exp_c,exp_c__gsm8k_test_000503__think,gsm8k_test_000503,think,canonical,,answer_segment,20,10,False,46,46,True,12.043888092041016,,ok_qwen_token_boundary,True,ok,18,18
exp_c,exp_c__gsm8k_test_000503__no_think,gsm8k_test_000503,no_think,canonical,,full_output,6,10,False,42,42,True,14.2904634475708,,ok,True,ok,18,18
exp_c,exp_c__gsm8k_test_000503__no_think,gsm8k_test_000503,no_think,canonical,,full_output,13,10,False,42,42,True,10.343639373779297,,ok,True,ok,18,18
exp_c,exp_c__gsm8k_test_000503__no_think,gsm8k_test_000503,no_think,canonical,,full_output,20,10,False,42,42,True,11.345873832702637,,ok,True,ok,18,18
exp_c,exp_c__gsm8k_test_000503__no_think,gsm8k_test_000503,no_think,canonical,,answer_segment,6,10,False,42,42,True,14.2904634475708,,ok,True,ok,18,18
exp_c,exp_c__gsm8k_test_000503__no_think,gsm8k_test_000503,no_think,canonical,,answer_segment,13,10,False,42,42,True,10.343639373779297,,ok,True,ok,18,18
exp_c,exp_c__gsm8k_test_000503__no_think,gsm8k_test_000503,no_think,canonical,,answer_segment,20,10,False,42,42,True,11.345873832702637,,ok,True,ok,18,18
exp_c,exp_c__gsm8k_test_000509__think,gsm8k_test_000509,think,canonical,,full_output,6,10,False,417,417,True,15.890358924865723,,ok,True,ok,4,4
exp_c,exp_c__gsm8k_test_000509__think,gsm8k_test_000509,think,canonical,,full_output,13,10,False,417,417,True,12.43791675567627,,ok,True,ok,4,4
exp_c,exp_c__gsm8k_test_000509__think,gsm8k_test_000509,think,canonical,,full_output,20,10,False,417,417,True,12.524662017822266,,ok,True,ok,4,4
exp_c,exp_c__gsm8k_test_000509__think,gsm8k_test_000509,think,canonical,,thinking_segment,6,10,False,377,377,True,15.234602928161621,,ok_qwen_token_boundary,True,ok,4,4
exp_c,exp_c__gsm8k_test_000509__think,gsm8k_test_000509,think,canonical,,thinking_segment,13,10,False,377,377,True,11.749837875366211,,ok_qwen_token_boundary,True,ok,4,4
exp_c,exp_c__gsm8k_test_000509__think,gsm8k_test_000509,think,canonical,,thinking_segment,20,10,False,377,377,True,12.242539405822754,,ok_qwen_token_boundary,True,ok,4,4
exp_c,exp_c__gsm8k_test_000509__think,gsm8k_test_000509,think,canonical,,answer_segment,6,10,False,40,40,True,16.995208740234375,,ok_qwen_token_boundary,True,ok,4,4
exp_c,exp_c__gsm8k_test_000509__think,gsm8k_test_000509,think,canonical,,answer_segment,13,10,False,40,40,True,11.25288200378418,,ok_qwen_token_boundary,True,ok,4,4
exp_c,exp_c__gsm8k_test_000509__think,gsm8k_test_000509,think,canonical,,answer_segment,20,10,False,40,40,True,12.886034965515137,,ok_qwen_token_boundary,True,ok,4,4
exp_c,exp_c__gsm8k_test_000509__no_think,gsm8k_test_000509,no_think,canonical,,full_output,6,10,False,41,41,True,17.140634536743164,,ok,True,ok,4,4
exp_c,exp_c__gsm8k_test_000509__no_think,gsm8k_test_000509,no_think,canonical,,full_output,13,10,False,41,41,True,10.889603614807129,,ok,True,ok,4,4
exp_c,exp_c__gsm8k_test_000509__no_think,gsm8k_test_000509,no_think,canonical,,full_output,20,10,False,41,41,True,13.061599731445312,,ok,True,ok,4,4
exp_c,exp_c__gsm8k_test_000509__no_think,gsm8k_test_000509,no_think,canonical,,answer_segment,6,10,False,41,41,True,17.140634536743164,,ok,True,ok,4,4
exp_c,exp_c__gsm8k_test_000509__no_think,gsm8k_test_000509,no_think,canonical,,answer_segment,13,10,False,41,41,True,10.889603614807129,,ok,True,ok,4,4
exp_c,exp_c__gsm8k_test_000509__no_think,gsm8k_test_000509,no_think,canonical,,answer_segment,20,10,False,41,41,True,13.061599731445312,,ok,True,ok,4,4
exp_c,exp_c__gsm8k_test_000514__think,gsm8k_test_000514,think,canonical,,full_output,6,10,False,287,287,True,14.872849464416504,,ok,True,ok,90000,90000
exp_c,exp_c__gsm8k_test_000514__think,gsm8k_test_000514,think,canonical,,full_output,13,10,False,287,287,True,12.445646286010742,,ok,True,ok,90000,90000
exp_c,exp_c__gsm8k_test_000514__think,gsm8k_test_000514,think,canonical,,full_output,20,10,False,287,287,True,13.047904968261719,,ok,True,ok,90000,90000
exp_c,exp_c__gsm8k_test_000514__think,gsm8k_test_000514,think,canonical,,thinking_segment,6,10,False,222,222,True,15.817098617553711,,ok_qwen_token_boundary,True,ok,90000,90000
exp_c,exp_c__gsm8k_test_000514__think,gsm8k_test_000514,think,canonical,,thinking_segment,13,10,False,222,222,True,12.582683563232422,,ok_qwen_token_boundary,True,ok,90000,90000
exp_c,exp_c__gsm8k_test_000514__think,gsm8k_test_000514,think,canonical,,thinking_segment,20,10,False,222,222,True,13.35998821258545,,ok_qwen_token_boundary,True,ok,90000,90000
exp_c,exp_c__gsm8k_test_000514__think,gsm8k_test_000514,think,canonical,,answer_segment,6,10,False,65,65,True,15.3810453414917,,ok_qwen_token_boundary,True,ok,90000,90000
exp_c,exp_c__gsm8k_test_000514__think,gsm8k_test_000514,think,canonical,,answer_segment,13,10,False,65,65,True,13.563620567321777,,ok_qwen_token_boundary,True,ok,90000,90000
exp_c,exp_c__gsm8k_test_000514__think,gsm8k_test_000514,think,canonical,,answer_segment,20,10,False,65,65,True,12.744125366210938,,ok_qwen_token_boundary,True,ok,90000,90000
exp_c,exp_c__gsm8k_test_000514__no_think,gsm8k_test_000514,no_think,canonical,,full_output,6,10,False,65,65,True,16.35348892211914,,ok,True,ok,90000,90000
exp_c,exp_c__gsm8k_test_000514__no_think,gsm8k_test_000514,no_think,canonical,,full_output,13,10,False,65,65,True,12.640830039978027,,ok,True,ok,90000,90000
exp_c,exp_c__gsm8k_test_000514__no_think,gsm8k_test_000514,no_think,canonical,,full_output,20,10,False,65,65,True,12.832724571228027,,ok,True,ok,90000,90000
exp_c,exp_c__gsm8k_test_000514__no_think,gsm8k_test_000514,no_think,canonical,,answer_segment,6,10,False,65,65,True,16.35348892211914,,ok,True,ok,90000,90000
exp_c,exp_c__gsm8k_test_000514__no_think,gsm8k_test_000514,no_think,canonical,,answer_segment,13,10,False,65,65,True,12.640830039978027,,ok,True,ok,90000,90000
exp_c,exp_c__gsm8k_test_000514__no_think,gsm8k_test_000514,no_think,canonical,,answer_segment,20,10,False,65,65,True,12.832724571228027,,ok,True,ok,90000,90000
exp_c,exp_c__gsm8k_test_000518__think,gsm8k_test_000518,think,canonical,,full_output,6,10,False,379,379,True,15.10573959350586,,ok,True,ok,32,32
exp_c,exp_c__gsm8k_test_000518__think,gsm8k_test_000518,think,canonical,,full_output,13,10,False,379,379,True,12.168068885803223,,ok,True,ok,32,32
exp_c,exp_c__gsm8k_test_000518__think,gsm8k_test_000518,think,canonical,,full_output,20,10,False,379,379,True,12.553086280822754,,ok,True,ok,32,32
exp_c,exp_c__gsm8k_test_000518__think,gsm8k_test_000518,think,canonical,,thinking_segment,6,10,False,320,320,True,15.731420516967773,,ok_qwen_token_boundary,True,ok,32,32
exp_c,exp_c__gsm8k_test_000518__think,gsm8k_test_000518,think,canonical,,thinking_segment,13,10,False,320,320,True,12.616403579711914,,ok_qwen_token_boundary,True,ok,32,32
exp_c,exp_c__gsm8k_test_000518__think,gsm8k_test_000518,think,canonical,,thinking_segment,20,10,False,320,320,True,12.776154518127441,,ok_qwen_token_boundary,True,ok,32,32
exp_c,exp_c__gsm8k_test_000518__think,gsm8k_test_000518,think,canonical,,answer_segment,6,10,False,59,59,True,18.102079391479492,,ok_qwen_token_boundary,True,ok,32,32
exp_c,exp_c__gsm8k_test_000518__think,gsm8k_test_000518,think,canonical,,answer_segment,13,10,False,59,59,True,13.919790267944336,,ok_qwen_token_boundary,True,ok,32,32
exp_c,exp_c__gsm8k_test_000518__think,gsm8k_test_000518,think,canonical,,answer_segment,20,10,False,59,59,True,13.499348640441895,,ok_qwen_token_boundary,True,ok,32,32
exp_c,exp_c__gsm8k_test_000518__no_think,gsm8k_test_000518,no_think,canonical,,full_output,6,10,False,67,67,True,17.87815284729004,,ok,False,ok,32,60
exp_c,exp_c__gsm8k_test_000518__no_think,gsm8k_test_000518,no_think,canonical,,full_output,13,10,False,67,67,True,12.40270709991455,,ok,False,ok,32,60
exp_c,exp_c__gsm8k_test_000518__no_think,gsm8k_test_000518,no_think,canonical,,full_output,20,10,False,67,67,True,12.47829532623291,,ok,False,ok,32,60
exp_c,exp_c__gsm8k_test_000518__no_think,gsm8k_test_000518,no_think,canonical,,answer_segment,6,10,False,67,67,True,17.87815284729004,,ok,False,ok,32,60
exp_c,exp_c__gsm8k_test_000518__no_think,gsm8k_test_000518,no_think,canonical,,answer_segment,13,10,False,67,67,True,12.40270709991455,,ok,False,ok,32,60
exp_c,exp_c__gsm8k_test_000518__no_think,gsm8k_test_000518,no_think,canonical,,answer_segment,20,10,False,67,67,True,12.47829532623291,,ok,False,ok,32,60
exp_c,exp_c__gsm8k_test_000523__think,gsm8k_test_000523,think,canonical,,full_output,6,10,False,308,308,True,17.91943359375,,ok,True,ok,74,74
exp_c,exp_c__gsm8k_test_000523__think,gsm8k_test_000523,think,canonical,,full_output,13,10,False,308,308,True,13.600709915161133,,ok,True,ok,74,74
exp_c,exp_c__gsm8k_test_000523__think,gsm8k_test_000523,think,canonical,,full_output,20,10,False,308,308,True,13.243119239807129,,ok,True,ok,74,74
exp_c,exp_c__gsm8k_test_000523__think,gsm8k_test_000523,think,canonical,,thinking_segment,6,10,False,261,261,True,19.163345336914062,,ok_qwen_token_boundary,True,ok,74,74
exp_c,exp_c__gsm8k_test_000523__think,gsm8k_test_000523,think,canonical,,thinking_segment,13,10,False,261,261,True,13.874818801879883,,ok_qwen_token_boundary,True,ok,74,74
exp_c,exp_c__gsm8k_test_000523__think,gsm8k_test_000523,think,canonical,,thinking_segment,20,10,False,261,261,True,13.188834190368652,,ok_qwen_token_boundary,True,ok,74,74
exp_c,exp_c__gsm8k_test_000523__think,gsm8k_test_000523,think,canonical,,answer_segment,6,10,False,47,47,True,18.985315322875977,,ok_qwen_token_boundary,True,ok,74,74
exp_c,exp_c__gsm8k_test_000523__think,gsm8k_test_000523,think,canonical,,answer_segment,13,10,False,47,47,True,15.11347484588623,,ok_qwen_token_boundary,True,ok,74,74
exp_c,exp_c__gsm8k_test_000523__think,gsm8k_test_000523,think,canonical,,answer_segment,20,10,False,47,47,True,13.814223289489746,,ok_qwen_token_boundary,True,ok,74,74
exp_c,exp_c__gsm8k_test_000523__no_think,gsm8k_test_000523,no_think,canonical,,full_output,6,10,False,45,45,True,16.737716674804688,,ok,False,ok,74,62
exp_c,exp_c__gsm8k_test_000523__no_think,gsm8k_test_000523,no_think,canonical,,full_output,13,10,False,45,45,True,11.533717155456543,,ok,False,ok,74,62
exp_c,exp_c__gsm8k_test_000523__no_think,gsm8k_test_000523,no_think,canonical,,full_output,20,10,False,45,45,True,13.376444816589355,,ok,False,ok,74,62
exp_c,exp_c__gsm8k_test_000523__no_think,gsm8k_test_000523,no_think,canonical,,answer_segment,6,10,False,45,45,True,16.737716674804688,,ok,False,ok,74,62
exp_c,exp_c__gsm8k_test_000523__no_think,gsm8k_test_000523,no_think,canonical,,answer_segment,13,10,False,45,45,True,11.533717155456543,,ok,False,ok,74,62
exp_c,exp_c__gsm8k_test_000523__no_think,gsm8k_test_000523,no_think,canonical,,answer_segment,20,10,False,45,45,True,13.376444816589355,,ok,False,ok,74,62
exp_c,exp_c__gsm8k_test_000531__think,gsm8k_test_000531,think,canonical,,full_output,6,10,False,360,360,True,15.084380149841309,,ok,True,ok,66,66
exp_c,exp_c__gsm8k_test_000531__think,gsm8k_test_000531,think,canonical,,full_output,13,10,False,360,360,True,11.198201179504395,,ok,True,ok,66,66
exp_c,exp_c__gsm8k_test_000531__think,gsm8k_test_000531,think,canonical,,full_output,20,10,False,360,360,True,11.631327629089355,,ok,True,ok,66,66
exp_c,exp_c__gsm8k_test_000531__think,gsm8k_test_000531,think,canonical,,thinking_segment,6,10,False,303,303,True,15.8963041305542,,ok_qwen_token_boundary,True,ok,66,66
exp_c,exp_c__gsm8k_test_000531__think,gsm8k_test_000531,think,canonical,,thinking_segment,13,10,False,303,303,True,11.150609016418457,,ok_qwen_token_boundary,True,ok,66,66
exp_c,exp_c__gsm8k_test_000531__think,gsm8k_test_000531,think,canonical,,thinking_segment,20,10,False,303,303,True,11.432558059692383,,ok_qwen_token_boundary,True,ok,66,66
exp_c,exp_c__gsm8k_test_000531__think,gsm8k_test_000531,think,canonical,,answer_segment,6,10,False,57,57,True,18.145116806030273,,ok_qwen_token_boundary,True,ok,66,66
exp_c,exp_c__gsm8k_test_000531__think,gsm8k_test_000531,think,canonical,,answer_segment,13,10,False,57,57,True,13.308366775512695,,ok_qwen_token_boundary,True,ok,66,66
exp_c,exp_c__gsm8k_test_000531__think,gsm8k_test_000531,think,canonical,,answer_segment,20,10,False,57,57,True,12.35461139678955,,ok_qwen_token_boundary,True,ok,66,66
exp_c,exp_c__gsm8k_test_000531__no_think,gsm8k_test_000531,no_think,canonical,,full_output,6,10,False,72,72,True,19.128551483154297,,ok,True,ok,66,66
exp_c,exp_c__gsm8k_test_000531__no_think,gsm8k_test_000531,no_think,canonical,,full_output,13,10,False,72,72,True,14.587199211120605,,ok,True,ok,66,66
exp_c,exp_c__gsm8k_test_000531__no_think,gsm8k_test_000531,no_think,canonical,,full_output,20,10,False,72,72,True,12.510753631591797,,ok,True,ok,66,66
exp_c,exp_c__gsm8k_test_000531__no_think,gsm8k_test_000531,no_think,canonical,,answer_segment,6,10,False,72,72,True,19.128551483154297,,ok,True,ok,66,66
exp_c,exp_c__gsm8k_test_000531__no_think,gsm8k_test_000531,no_think,canonical,,answer_segment,13,10,False,72,72,True,14.587199211120605,,ok,True,ok,66,66
exp_c,exp_c__gsm8k_test_000531__no_think,gsm8k_test_000531,no_think,canonical,,answer_segment,20,10,False,72,72,True,12.510753631591797,,ok,True,ok,66,66
exp_c,exp_c__gsm8k_test_000532__think,gsm8k_test_000532,think,canonical,,full_output,6,10,False,548,548,True,11.798194885253906,,ok,True,ok,25,25
exp_c,exp_c__gsm8k_test_000532__think,gsm8k_test_000532,think,canonical,,full_output,13,10,False,548,548,True,11.627813339233398,,ok,True,ok,25,25
exp_c,exp_c__gsm8k_test_000532__think,gsm8k_test_000532,think,canonical,,full_output,20,10,False,548,548,True,12.351983070373535,,ok,True,ok,25,25
exp_c,exp_c__gsm8k_test_000532__think,gsm8k_test_000532,think,canonical,,thinking_segment,6,10,False,494,494,True,11.515071868896484,,ok_qwen_token_boundary,True,ok,25,25
exp_c,exp_c__gsm8k_test_000532__think,gsm8k_test_000532,think,canonical,,thinking_segment,13,10,False,494,494,True,11.449318885803223,,ok_qwen_token_boundary,True,ok,25,25
exp_c,exp_c__gsm8k_test_000532__think,gsm8k_test_000532,think,canonical,,thinking_segment,20,10,False,494,494,True,12.080864906311035,,ok_qwen_token_boundary,True,ok,25,25
exp_c,exp_c__gsm8k_test_000532__think,gsm8k_test_000532,think,canonical,,answer_segment,6,10,False,54,54,True,22.375858306884766,,ok_qwen_token_boundary,True,ok,25,25
exp_c,exp_c__gsm8k_test_000532__think,gsm8k_test_000532,think,canonical,,answer_segment,13,10,False,54,54,True,13.572393417358398,,ok_qwen_token_boundary,True,ok,25,25
exp_c,exp_c__gsm8k_test_000532__think,gsm8k_test_000532,think,canonical,,answer_segment,20,10,False,54,54,True,12.781197547912598,,ok_qwen_token_boundary,True,ok,25,25
exp_c,exp_c__gsm8k_test_000532__no_think,gsm8k_test_000532,no_think,canonical,,full_output,6,10,False,67,67,True,16.215404510498047,,ok,False,ok,25,22
exp_c,exp_c__gsm8k_test_000532__no_think,gsm8k_test_000532,no_think,canonical,,full_output,13,10,False,67,67,True,11.034405708312988,,ok,False,ok,25,22
exp_c,exp_c__gsm8k_test_000532__no_think,gsm8k_test_000532,no_think,canonical,,full_output,20,10,False,67,67,True,12.303658485412598,,ok,False,ok,25,22
exp_c,exp_c__gsm8k_test_000532__no_think,gsm8k_test_000532,no_think,canonical,,answer_segment,6,10,False,67,67,True,16.215404510498047,,ok,False,ok,25,22
exp_c,exp_c__gsm8k_test_000532__no_think,gsm8k_test_000532,no_think,canonical,,answer_segment,13,10,False,67,67,True,11.034405708312988,,ok,False,ok,25,22
exp_c,exp_c__gsm8k_test_000532__no_think,gsm8k_test_000532,no_think,canonical,,answer_segment,20,10,False,67,67,True,12.303658485412598,,ok,False,ok,25,22
exp_c,exp_c__gsm8k_test_000534__think,gsm8k_test_000534,think,canonical,,full_output,6,10,False,559,559,True,13.306227684020996,,ok,True,ok,300,300
exp_c,exp_c__gsm8k_test_000534__think,gsm8k_test_000534,think,canonical,,full_output,13,10,False,559,559,True,10.530912399291992,,ok,True,ok,300,300
exp_c,exp_c__gsm8k_test_000534__think,gsm8k_test_000534,think,canonical,,full_output,20,10,False,559,559,True,10.944746971130371,,ok,True,ok,300,300
exp_c,exp_c__gsm8k_test_000534__think,gsm8k_test_000534,think,canonical,,thinking_segment,6,10,False,514,514,True,13.549481391906738,,ok_qwen_token_boundary,True,ok,300,300
exp_c,exp_c__gsm8k_test_000534__think,gsm8k_test_000534,think,canonical,,thinking_segment,13,10,False,514,514,True,10.760087966918945,,ok_qwen_token_boundary,True,ok,300,300
exp_c,exp_c__gsm8k_test_000534__think,gsm8k_test_000534,think,canonical,,thinking_segment,20,10,False,514,514,True,10.99680233001709,,ok_qwen_token_boundary,True,ok,300,300
exp_c,exp_c__gsm8k_test_000534__think,gsm8k_test_000534,think,canonical,,answer_segment,6,10,False,45,45,True,13.678632736206055,,ok_qwen_token_boundary,True,ok,300,300
exp_c,exp_c__gsm8k_test_000534__think,gsm8k_test_000534,think,canonical,,answer_segment,13,10,False,45,45,True,12.630257606506348,,ok_qwen_token_boundary,True,ok,300,300
exp_c,exp_c__gsm8k_test_000534__think,gsm8k_test_000534,think,canonical,,answer_segment,20,10,False,45,45,True,12.701760292053223,,ok_qwen_token_boundary,True,ok,300,300
exp_c,exp_c__gsm8k_test_000534__no_think,gsm8k_test_000534,no_think,canonical,,full_output,6,10,False,40,40,True,14.699185371398926,,ok,False,ok,300,240
exp_c,exp_c__gsm8k_test_000534__no_think,gsm8k_test_000534,no_think,canonical,,full_output,13,10,False,40,40,True,11.38470458984375,,ok,False,ok,300,240
exp_c,exp_c__gsm8k_test_000534__no_think,gsm8k_test_000534,no_think,canonical,,full_output,20,10,False,40,40,True,13.123456954956055,,ok,False,ok,300,240
exp_c,exp_c__gsm8k_test_000534__no_think,gsm8k_test_000534,no_think,canonical,,answer_segment,6,10,False,40,40,True,14.699185371398926,,ok,False,ok,300,240
exp_c,exp_c__gsm8k_test_000534__no_think,gsm8k_test_000534,no_think,canonical,,answer_segment,13,10,False,40,40,True,11.38470458984375,,ok,False,ok,300,240
exp_c,exp_c__gsm8k_test_000534__no_think,gsm8k_test_000534,no_think,canonical,,answer_segment,20,10,False,40,40,True,13.123456954956055,,ok,False,ok,300,240
exp_c,exp_c__gsm8k_test_000543__think,gsm8k_test_000543,think,canonical,,full_output,6,10,False,285,285,True,14.745347023010254,,ok,True,ok,6,6
exp_c,exp_c__gsm8k_test_000543__think,gsm8k_test_000543,think,canonical,,full_output,13,10,False,285,285,True,12.75181770324707,,ok,True,ok,6,6
exp_c,exp_c__gsm8k_test_000543__think,gsm8k_test_000543,think,canonical,,full_output,20,10,False,285,285,True,13.089275360107422,,ok,True,ok,6,6
exp_c,exp_c__gsm8k_test_000543__think,gsm8k_test_000543,think,canonical,,thinking_segment,6,10,False,231,231,True,16.03302001953125,,ok_qwen_token_boundary,True,ok,6,6
exp_c,exp_c__gsm8k_test_000543__think,gsm8k_test_000543,think,canonical,,thinking_segment,13,10,False,231,231,True,13.846964836120605,,ok_qwen_token_boundary,True,ok,6,6
exp_c,exp_c__gsm8k_test_000543__think,gsm8k_test_000543,think,canonical,,thinking_segment,20,10,False,231,231,True,14.41300106048584,,ok_qwen_token_boundary,True,ok,6,6
exp_c,exp_c__gsm8k_test_000543__think,gsm8k_test_000543,think,canonical,,answer_segment,6,10,False,54,54,True,17.110090255737305,,ok_qwen_token_boundary,True,ok,6,6
exp_c,exp_c__gsm8k_test_000543__think,gsm8k_test_000543,think,canonical,,answer_segment,13,10,False,54,54,True,13.529160499572754,,ok_qwen_token_boundary,True,ok,6,6
exp_c,exp_c__gsm8k_test_000543__think,gsm8k_test_000543,think,canonical,,answer_segment,20,10,False,54,54,True,12.037431716918945,,ok_qwen_token_boundary,True,ok,6,6
exp_c,exp_c__gsm8k_test_000543__no_think,gsm8k_test_000543,no_think,canonical,,full_output,6,10,False,50,50,True,17.35665512084961,,ok,True,ok,6,6
exp_c,exp_c__gsm8k_test_000543__no_think,gsm8k_test_000543,no_think,canonical,,full_output,13,10,False,50,50,True,12.488439559936523,,ok,True,ok,6,6
exp_c,exp_c__gsm8k_test_000543__no_think,gsm8k_test_000543,no_think,canonical,,full_output,20,10,False,50,50,True,12.457003593444824,,ok,True,ok,6,6
exp_c,exp_c__gsm8k_test_000543__no_think,gsm8k_test_000543,no_think,canonical,,answer_segment,6,10,False,50,50,True,17.35665512084961,,ok,True,ok,6,6
exp_c,exp_c__gsm8k_test_000543__no_think,gsm8k_test_000543,no_think,canonical,,answer_segment,13,10,False,50,50,True,12.488439559936523,,ok,True,ok,6,6
exp_c,exp_c__gsm8k_test_000543__no_think,gsm8k_test_000543,no_think,canonical,,answer_segment,20,10,False,50,50,True,12.457003593444824,,ok,True,ok,6,6
exp_c,exp_c__gsm8k_test_000549__think,gsm8k_test_000549,think,canonical,,full_output,6,10,False,331,331,True,12.987110137939453,,ok,True,ok,398,398
exp_c,exp_c__gsm8k_test_000549__think,gsm8k_test_000549,think,canonical,,full_output,13,10,False,331,331,True,11.067652702331543,,ok,True,ok,398,398
exp_c,exp_c__gsm8k_test_000549__think,gsm8k_test_000549,think,canonical,,full_output,20,10,False,331,331,True,11.613835334777832,,ok,True,ok,398,398
exp_c,exp_c__gsm8k_test_000549__think,gsm8k_test_000549,think,canonical,,thinking_segment,6,10,False,285,285,True,13.7943115234375,,ok_qwen_token_boundary,True,ok,398,398
exp_c,exp_c__gsm8k_test_000549__think,gsm8k_test_000549,think,canonical,,thinking_segment,13,10,False,285,285,True,11.446869850158691,,ok_qwen_token_boundary,True,ok,398,398
exp_c,exp_c__gsm8k_test_000549__think,gsm8k_test_000549,think,canonical,,thinking_segment,20,10,False,285,285,True,12.043556213378906,,ok_qwen_token_boundary,True,ok,398,398
exp_c,exp_c__gsm8k_test_000549__think,gsm8k_test_000549,think,canonical,,answer_segment,6,10,False,46,46,True,17.524667739868164,,ok_qwen_token_boundary,True,ok,398,398
exp_c,exp_c__gsm8k_test_000549__think,gsm8k_test_000549,think,canonical,,answer_segment,13,10,False,46,46,True,13.773465156555176,,ok_qwen_token_boundary,True,ok,398,398
exp_c,exp_c__gsm8k_test_000549__think,gsm8k_test_000549,think,canonical,,answer_segment,20,10,False,46,46,True,11.90962028503418,,ok_qwen_token_boundary,True,ok,398,398
exp_c,exp_c__gsm8k_test_000549__no_think,gsm8k_test_000549,no_think,canonical,,full_output,6,10,False,46,46,True,17.387304306030273,,ok,True,ok,398,398
exp_c,exp_c__gsm8k_test_000549__no_think,gsm8k_test_000549,no_think,canonical,,full_output,13,10,False,46,46,True,12.044511795043945,,ok,True,ok,398,398
exp_c,exp_c__gsm8k_test_000549__no_think,gsm8k_test_000549,no_think,canonical,,full_output,20,10,False,46,46,True,12.853097915649414,,ok,True,ok,398,398
exp_c,exp_c__gsm8k_test_000549__no_think,gsm8k_test_000549,no_think,canonical,,answer_segment,6,10,False,46,46,True,17.387304306030273,,ok,True,ok,398,398
exp_c,exp_c__gsm8k_test_000549__no_think,gsm8k_test_000549,no_think,canonical,,answer_segment,13,10,False,46,46,True,12.044511795043945,,ok,True,ok,398,398
exp_c,exp_c__gsm8k_test_000549__no_think,gsm8k_test_000549,no_think,canonical,,answer_segment,20,10,False,46,46,True,12.853097915649414,,ok,True,ok,398,398
exp_c,exp_c__gsm8k_test_000560__think,gsm8k_test_000560,think,canonical,,full_output,6,10,False,250,250,True,15.666646957397461,,ok,True,ok,45,45
exp_c,exp_c__gsm8k_test_000560__think,gsm8k_test_000560,think,canonical,,full_output,13,10,False,250,250,True,12.883513450622559,,ok,True,ok,45,45
exp_c,exp_c__gsm8k_test_000560__think,gsm8k_test_000560,think,canonical,,full_output,20,10,False,250,250,True,12.386849403381348,,ok,True,ok,45,45
exp_c,exp_c__gsm8k_test_000560__think,gsm8k_test_000560,think,canonical,,thinking_segment,6,10,False,202,202,True,15.694206237792969,,ok_qwen_token_boundary,True,ok,45,45
exp_c,exp_c__gsm8k_test_000560__think,gsm8k_test_000560,think,canonical,,thinking_segment,13,10,False,202,202,True,12.07848072052002,,ok_qwen_token_boundary,True,ok,45,45
exp_c,exp_c__gsm8k_test_000560__think,gsm8k_test_000560,think,canonical,,thinking_segment,20,10,False,202,202,True,11.961431503295898,,ok_qwen_token_boundary,True,ok,45,45
exp_c,exp_c__gsm8k_test_000560__think,gsm8k_test_000560,think,canonical,,answer_segment,6,10,False,48,48,True,19.181785583496094,,ok_qwen_token_boundary,True,ok,45,45
exp_c,exp_c__gsm8k_test_000560__think,gsm8k_test_000560,think,canonical,,answer_segment,13,10,False,48,48,True,12.456184387207031,,ok_qwen_token_boundary,True,ok,45,45
exp_c,exp_c__gsm8k_test_000560__think,gsm8k_test_000560,think,canonical,,answer_segment,20,10,False,48,48,True,11.910358428955078,,ok_qwen_token_boundary,True,ok,45,45
exp_c,exp_c__gsm8k_test_000560__no_think,gsm8k_test_000560,no_think,canonical,,full_output,6,10,False,47,47,True,17.78805923461914,,ok,True,ok,45,45
exp_c,exp_c__gsm8k_test_000560__no_think,gsm8k_test_000560,no_think,canonical,,full_output,13,10,False,47,47,True,11.222670555114746,,ok,True,ok,45,45
exp_c,exp_c__gsm8k_test_000560__no_think,gsm8k_test_000560,no_think,canonical,,full_output,20,10,False,47,47,True,12.188854217529297,,ok,True,ok,45,45
exp_c,exp_c__gsm8k_test_000560__no_think,gsm8k_test_000560,no_think,canonical,,answer_segment,6,10,False,47,47,True,17.78805923461914,,ok,True,ok,45,45
exp_c,exp_c__gsm8k_test_000560__no_think,gsm8k_test_000560,no_think,canonical,,answer_segment,13,10,False,47,47,True,11.222670555114746,,ok,True,ok,45,45
exp_c,exp_c__gsm8k_test_000560__no_think,gsm8k_test_000560,no_think,canonical,,answer_segment,20,10,False,47,47,True,12.188854217529297,,ok,True,ok,45,45
exp_c,exp_c__gsm8k_test_000561__think,gsm8k_test_000561,think,canonical,,full_output,6,10,False,344,344,True,15.316740989685059,,ok,True,ok,180,180
exp_c,exp_c__gsm8k_test_000561__think,gsm8k_test_000561,think,canonical,,full_output,13,10,False,344,344,True,12.124088287353516,,ok,True,ok,180,180
exp_c,exp_c__gsm8k_test_000561__think,gsm8k_test_000561,think,canonical,,full_output,20,10,False,344,344,True,13.184096336364746,,ok,True,ok,180,180
exp_c,exp_c__gsm8k_test_000561__think,gsm8k_test_000561,think,canonical,,thinking_segment,6,10,False,284,284,True,16.213483810424805,,ok_qwen_token_boundary,True,ok,180,180
exp_c,exp_c__gsm8k_test_000561__think,gsm8k_test_000561,think,canonical,,thinking_segment,13,10,False,284,284,True,12.554427146911621,,ok_qwen_token_boundary,True,ok,180,180
exp_c,exp_c__gsm8k_test_000561__think,gsm8k_test_000561,think,canonical,,thinking_segment,20,10,False,284,284,True,13.264016151428223,,ok_qwen_token_boundary,True,ok,180,180
exp_c,exp_c__gsm8k_test_000561__think,gsm8k_test_000561,think,canonical,,answer_segment,6,10,False,60,60,True,14.533355712890625,,ok_qwen_token_boundary,True,ok,180,180
exp_c,exp_c__gsm8k_test_000561__think,gsm8k_test_000561,think,canonical,,answer_segment,13,10,False,60,60,True,11.313448905944824,,ok_qwen_token_boundary,True,ok,180,180
exp_c,exp_c__gsm8k_test_000561__think,gsm8k_test_000561,think,canonical,,answer_segment,20,10,False,60,60,True,11.33640193939209,,ok_qwen_token_boundary,True,ok,180,180
exp_c,exp_c__gsm8k_test_000561__no_think,gsm8k_test_000561,no_think,canonical,,full_output,6,10,False,59,59,True,14.565972328186035,,ok,False,ok,180,140
exp_c,exp_c__gsm8k_test_000561__no_think,gsm8k_test_000561,no_think,canonical,,full_output,13,10,False,59,59,True,11.00776195526123,,ok,False,ok,180,140
exp_c,exp_c__gsm8k_test_000561__no_think,gsm8k_test_000561,no_think,canonical,,full_output,20,10,False,59,59,True,11.53437328338623,,ok,False,ok,180,140
exp_c,exp_c__gsm8k_test_000561__no_think,gsm8k_test_000561,no_think,canonical,,answer_segment,6,10,False,59,59,True,14.565972328186035,,ok,False,ok,180,140
exp_c,exp_c__gsm8k_test_000561__no_think,gsm8k_test_000561,no_think,canonical,,answer_segment,13,10,False,59,59,True,11.00776195526123,,ok,False,ok,180,140
exp_c,exp_c__gsm8k_test_000561__no_think,gsm8k_test_000561,no_think,canonical,,answer_segment,20,10,False,59,59,True,11.53437328338623,,ok,False,ok,180,140
exp_c,exp_c__gsm8k_test_000564__think,gsm8k_test_000564,think,canonical,,full_output,6,10,False,417,417,True,12.7555570602417,,ok,True,ok,240,240
exp_c,exp_c__gsm8k_test_000564__think,gsm8k_test_000564,think,canonical,,full_output,13,10,False,417,417,True,10.66850757598877,,ok,True,ok,240,240
exp_c,exp_c__gsm8k_test_000564__think,gsm8k_test_000564,think,canonical,,full_output,20,10,False,417,417,True,11.595064163208008,,ok,True,ok,240,240
exp_c,exp_c__gsm8k_test_000564__think,gsm8k_test_000564,think,canonical,,thinking_segment,6,10,False,362,362,True,13.435853004455566,,ok_qwen_token_boundary,True,ok,240,240
exp_c,exp_c__gsm8k_test_000564__think,gsm8k_test_000564,think,canonical,,thinking_segment,13,10,False,362,362,True,10.683116912841797,,ok_qwen_token_boundary,True,ok,240,240
exp_c,exp_c__gsm8k_test_000564__think,gsm8k_test_000564,think,canonical,,thinking_segment,20,10,False,362,362,True,11.317821502685547,,ok_qwen_token_boundary,True,ok,240,240
exp_c,exp_c__gsm8k_test_000564__think,gsm8k_test_000564,think,canonical,,answer_segment,6,10,False,55,55,True,17.967679977416992,,ok_qwen_token_boundary,True,ok,240,240
exp_c,exp_c__gsm8k_test_000564__think,gsm8k_test_000564,think,canonical,,answer_segment,13,10,False,55,55,True,12.9901762008667,,ok_qwen_token_boundary,True,ok,240,240
exp_c,exp_c__gsm8k_test_000564__think,gsm8k_test_000564,think,canonical,,answer_segment,20,10,False,55,55,True,12.695724487304688,,ok_qwen_token_boundary,True,ok,240,240
exp_c,exp_c__gsm8k_test_000564__no_think,gsm8k_test_000564,no_think,canonical,,full_output,6,10,False,55,55,True,18.092361450195312,,ok,False,ok,240,190
exp_c,exp_c__gsm8k_test_000564__no_think,gsm8k_test_000564,no_think,canonical,,full_output,13,10,False,55,55,True,12.037497520446777,,ok,False,ok,240,190
exp_c,exp_c__gsm8k_test_000564__no_think,gsm8k_test_000564,no_think,canonical,,full_output,20,10,False,55,55,True,13.921290397644043,,ok,False,ok,240,190
exp_c,exp_c__gsm8k_test_000564__no_think,gsm8k_test_000564,no_think,canonical,,answer_segment,6,10,False,55,55,True,18.092361450195312,,ok,False,ok,240,190
exp_c,exp_c__gsm8k_test_000564__no_think,gsm8k_test_000564,no_think,canonical,,answer_segment,13,10,False,55,55,True,12.037497520446777,,ok,False,ok,240,190
exp_c,exp_c__gsm8k_test_000564__no_think,gsm8k_test_000564,no_think,canonical,,answer_segment,20,10,False,55,55,True,13.921290397644043,,ok,False,ok,240,190
exp_c,exp_c__gsm8k_test_000568__think,gsm8k_test_000568,think,canonical,,full_output,6,10,False,284,284,True,13.130197525024414,,ok,True,ok,175,175
exp_c,exp_c__gsm8k_test_000568__think,gsm8k_test_000568,think,canonical,,full_output,13,10,False,284,284,True,11.838729858398438,,ok,True,ok,175,175
exp_c,exp_c__gsm8k_test_000568__think,gsm8k_test_000568,think,canonical,,full_output,20,10,False,284,284,True,12.44007396697998,,ok,True,ok,175,175
exp_c,exp_c__gsm8k_test_000568__think,gsm8k_test_000568,think,canonical,,thinking_segment,6,10,False,227,227,True,14.659014701843262,,ok_qwen_token_boundary,True,ok,175,175
exp_c,exp_c__gsm8k_test_000568__think,gsm8k_test_000568,think,canonical,,thinking_segment,13,10,False,227,227,True,12.206452369689941,,ok_qwen_token_boundary,True,ok,175,175
exp_c,exp_c__gsm8k_test_000568__think,gsm8k_test_000568,think,canonical,,thinking_segment,20,10,False,227,227,True,12.654496192932129,,ok_qwen_token_boundary,True,ok,175,175
exp_c,exp_c__gsm8k_test_000568__think,gsm8k_test_000568,think,canonical,,answer_segment,6,10,False,57,57,True,16.176467895507812,,ok_qwen_token_boundary,True,ok,175,175
exp_c,exp_c__gsm8k_test_000568__think,gsm8k_test_000568,think,canonical,,answer_segment,13,10,False,57,57,True,11.082886695861816,,ok_qwen_token_boundary,True,ok,175,175
exp_c,exp_c__gsm8k_test_000568__think,gsm8k_test_000568,think,canonical,,answer_segment,20,10,False,57,57,True,11.618267059326172,,ok_qwen_token_boundary,True,ok,175,175
exp_c,exp_c__gsm8k_test_000568__no_think,gsm8k_test_000568,no_think,canonical,,full_output,6,10,False,53,53,True,15.460794448852539,,ok,False,ok,175,205
exp_c,exp_c__gsm8k_test_000568__no_think,gsm8k_test_000568,no_think,canonical,,full_output,13,10,False,53,53,True,11.049986839294434,,ok,False,ok,175,205
exp_c,exp_c__gsm8k_test_000568__no_think,gsm8k_test_000568,no_think,canonical,,full_output,20,10,False,53,53,True,11.775936126708984,,ok,False,ok,175,205
exp_c,exp_c__gsm8k_test_000568__no_think,gsm8k_test_000568,no_think,canonical,,answer_segment,6,10,False,53,53,True,15.460794448852539,,ok,False,ok,175,205
exp_c,exp_c__gsm8k_test_000568__no_think,gsm8k_test_000568,no_think,canonical,,answer_segment,13,10,False,53,53,True,11.049986839294434,,ok,False,ok,175,205
exp_c,exp_c__gsm8k_test_000568__no_think,gsm8k_test_000568,no_think,canonical,,answer_segment,20,10,False,53,53,True,11.775936126708984,,ok,False,ok,175,205
exp_c,exp_c__gsm8k_test_000582__think,gsm8k_test_000582,think,canonical,,full_output,6,10,False,297,297,True,15.148035049438477,,ok,True,ok,129200,129200
exp_c,exp_c__gsm8k_test_000582__think,gsm8k_test_000582,think,canonical,,full_output,13,10,False,297,297,True,12.7279634475708,,ok,True,ok,129200,129200
exp_c,exp_c__gsm8k_test_000582__think,gsm8k_test_000582,think,canonical,,full_output,20,10,False,297,297,True,12.474782943725586,,ok,True,ok,129200,129200
exp_c,exp_c__gsm8k_test_000582__think,gsm8k_test_000582,think,canonical,,thinking_segment,6,10,False,230,230,True,15.87777042388916,,ok_qwen_token_boundary,True,ok,129200,129200
exp_c,exp_c__gsm8k_test_000582__think,gsm8k_test_000582,think,canonical,,thinking_segment,13,10,False,230,230,True,13.07114028930664,,ok_qwen_token_boundary,True,ok,129200,129200
exp_c,exp_c__gsm8k_test_000582__think,gsm8k_test_000582,think,canonical,,thinking_segment,20,10,False,230,230,True,12.826173782348633,,ok_qwen_token_boundary,True,ok,129200,129200
exp_c,exp_c__gsm8k_test_000582__think,gsm8k_test_000582,think,canonical,,answer_segment,6,10,False,67,67,True,19.266387939453125,,ok_qwen_token_boundary,True,ok,129200,129200
exp_c,exp_c__gsm8k_test_000582__think,gsm8k_test_000582,think,canonical,,answer_segment,13,10,False,67,67,True,15.389742851257324,,ok_qwen_token_boundary,True,ok,129200,129200
exp_c,exp_c__gsm8k_test_000582__think,gsm8k_test_000582,think,canonical,,answer_segment,20,10,False,67,67,True,12.903952598571777,,ok_qwen_token_boundary,True,ok,129200,129200
exp_c,exp_c__gsm8k_test_000582__no_think,gsm8k_test_000582,no_think,canonical,,full_output,6,10,False,53,53,True,14.92340087890625,,ok,True,ok,129200,129200
exp_c,exp_c__gsm8k_test_000582__no_think,gsm8k_test_000582,no_think,canonical,,full_output,13,10,False,53,53,True,11.566951751708984,,ok,True,ok,129200,129200
exp_c,exp_c__gsm8k_test_000582__no_think,gsm8k_test_000582,no_think,canonical,,full_output,20,10,False,53,53,True,12.140769004821777,,ok,True,ok,129200,129200
exp_c,exp_c__gsm8k_test_000582__no_think,gsm8k_test_000582,no_think,canonical,,answer_segment,6,10,False,53,53,True,14.92340087890625,,ok,True,ok,129200,129200
exp_c,exp_c__gsm8k_test_000582__no_think,gsm8k_test_000582,no_think,canonical,,answer_segment,13,10,False,53,53,True,11.566951751708984,,ok,True,ok,129200,129200
exp_c,exp_c__gsm8k_test_000582__no_think,gsm8k_test_000582,no_think,canonical,,answer_segment,20,10,False,53,53,True,12.140769004821777,,ok,True,ok,129200,129200
exp_c,exp_c__gsm8k_test_000585__think,gsm8k_test_000585,think,canonical,,full_output,6,10,False,304,304,True,14.818018913269043,,ok,True,ok,40,40
exp_c,exp_c__gsm8k_test_000585__think,gsm8k_test_000585,think,canonical,,full_output,13,10,False,304,304,True,11.574308395385742,,ok,True,ok,40,40
exp_c,exp_c__gsm8k_test_000585__think,gsm8k_test_000585,think,canonical,,full_output,20,10,False,304,304,True,12.112425804138184,,ok,True,ok,40,40
exp_c,exp_c__gsm8k_test_000585__think,gsm8k_test_000585,think,canonical,,thinking_segment,6,10,False,244,244,True,16.048789978027344,,ok_qwen_token_boundary,True,ok,40,40
exp_c,exp_c__gsm8k_test_000585__think,gsm8k_test_000585,think,canonical,,thinking_segment,13,10,False,244,244,True,12.0507173538208,,ok_qwen_token_boundary,True,ok,40,40
exp_c,exp_c__gsm8k_test_000585__think,gsm8k_test_000585,think,canonical,,thinking_segment,20,10,False,244,244,True,12.3783597946167,,ok_qwen_token_boundary,True,ok,40,40
exp_c,exp_c__gsm8k_test_000585__think,gsm8k_test_000585,think,canonical,,answer_segment,6,10,False,60,60,True,17.817283630371094,,ok_qwen_token_boundary,True,ok,40,40
exp_c,exp_c__gsm8k_test_000585__think,gsm8k_test_000585,think,canonical,,answer_segment,13,10,False,60,60,True,12.667243003845215,,ok_qwen_token_boundary,True,ok,40,40
exp_c,exp_c__gsm8k_test_000585__think,gsm8k_test_000585,think,canonical,,answer_segment,20,10,False,60,60,True,11.922768592834473,,ok_qwen_token_boundary,True,ok,40,40
exp_c,exp_c__gsm8k_test_000585__no_think,gsm8k_test_000585,no_think,canonical,,full_output,6,10,False,54,54,True,18.764442443847656,,ok,False,ok,40,35
exp_c,exp_c__gsm8k_test_000585__no_think,gsm8k_test_000585,no_think,canonical,,full_output,13,10,False,54,54,True,11.734602928161621,,ok,False,ok,40,35
exp_c,exp_c__gsm8k_test_000585__no_think,gsm8k_test_000585,no_think,canonical,,full_output,20,10,False,54,54,True,13.717686653137207,,ok,False,ok,40,35
exp_c,exp_c__gsm8k_test_000585__no_think,gsm8k_test_000585,no_think,canonical,,answer_segment,6,10,False,54,54,True,18.764442443847656,,ok,False,ok,40,35
exp_c,exp_c__gsm8k_test_000585__no_think,gsm8k_test_000585,no_think,canonical,,answer_segment,13,10,False,54,54,True,11.734602928161621,,ok,False,ok,40,35
exp_c,exp_c__gsm8k_test_000585__no_think,gsm8k_test_000585,no_think,canonical,,answer_segment,20,10,False,54,54,True,13.717686653137207,,ok,False,ok,40,35
exp_c,exp_c__gsm8k_test_000586__think,gsm8k_test_000586,think,canonical,,full_output,6,10,False,301,301,True,19.3659610748291,,ok,True,ok,800,800
exp_c,exp_c__gsm8k_test_000586__think,gsm8k_test_000586,think,canonical,,full_output,13,10,False,301,301,True,13.769232749938965,,ok,True,ok,800,800
exp_c,exp_c__gsm8k_test_000586__think,gsm8k_test_000586,think,canonical,,full_output,20,10,False,301,301,True,13.583706855773926,,ok,True,ok,800,800
exp_c,exp_c__gsm8k_test_000586__think,gsm8k_test_000586,think,canonical,,thinking_segment,6,10,False,243,243,True,20.20354652404785,,ok_qwen_token_boundary,True,ok,800,800
exp_c,exp_c__gsm8k_test_000586__think,gsm8k_test_000586,think,canonical,,thinking_segment,13,10,False,243,243,True,13.726948738098145,,ok_qwen_token_boundary,True,ok,800,800
exp_c,exp_c__gsm8k_test_000586__think,gsm8k_test_000586,think,canonical,,thinking_segment,20,10,False,243,243,True,13.68658447265625,,ok_qwen_token_boundary,True,ok,800,800
exp_c,exp_c__gsm8k_test_000586__think,gsm8k_test_000586,think,canonical,,answer_segment,6,10,False,58,58,True,17.61781883239746,,ok_qwen_token_boundary,True,ok,800,800
exp_c,exp_c__gsm8k_test_000586__think,gsm8k_test_000586,think,canonical,,answer_segment,13,10,False,58,58,True,12.94034194946289,,ok_qwen_token_boundary,True,ok,800,800
exp_c,exp_c__gsm8k_test_000586__think,gsm8k_test_000586,think,canonical,,answer_segment,20,10,False,58,58,True,13.31687068939209,,ok_qwen_token_boundary,True,ok,800,800
exp_c,exp_c__gsm8k_test_000586__no_think,gsm8k_test_000586,no_think,canonical,,full_output,6,10,False,60,60,True,16.498779296875,,ok,True,ok,800,800
exp_c,exp_c__gsm8k_test_000586__no_think,gsm8k_test_000586,no_think,canonical,,full_output,13,10,False,60,60,True,11.96764087677002,,ok,True,ok,800,800
exp_c,exp_c__gsm8k_test_000586__no_think,gsm8k_test_000586,no_think,canonical,,full_output,20,10,False,60,60,True,14.247675895690918,,ok,True,ok,800,800
exp_c,exp_c__gsm8k_test_000586__no_think,gsm8k_test_000586,no_think,canonical,,answer_segment,6,10,False,60,60,True,16.498779296875,,ok,True,ok,800,800
exp_c,exp_c__gsm8k_test_000586__no_think,gsm8k_test_000586,no_think,canonical,,answer_segment,13,10,False,60,60,True,11.96764087677002,,ok,True,ok,800,800
exp_c,exp_c__gsm8k_test_000586__no_think,gsm8k_test_000586,no_think,canonical,,answer_segment,20,10,False,60,60,True,14.247675895690918,,ok,True,ok,800,800
exp_c,exp_c__gsm8k_test_000595__think,gsm8k_test_000595,think,canonical,,full_output,6,10,False,258,258,True,20.281736373901367,,ok,True,ok,13,13
exp_c,exp_c__gsm8k_test_000595__think,gsm8k_test_000595,think,canonical,,full_output,13,10,False,258,258,True,13.024463653564453,,ok,True,ok,13,13
exp_c,exp_c__gsm8k_test_000595__think,gsm8k_test_000595,think,canonical,,full_output,20,10,False,258,258,True,13.682146072387695,,ok,True,ok,13,13
exp_c,exp_c__gsm8k_test_000595__think,gsm8k_test_000595,think,canonical,,thinking_segment,6,10,False,212,212,True,20.993173599243164,,ok_qwen_token_boundary,True,ok,13,13
exp_c,exp_c__gsm8k_test_000595__think,gsm8k_test_000595,think,canonical,,thinking_segment,13,10,False,212,212,True,13.770254135131836,,ok_qwen_token_boundary,True,ok,13,13
exp_c,exp_c__gsm8k_test_000595__think,gsm8k_test_000595,think,canonical,,thinking_segment,20,10,False,212,212,True,14.546380996704102,,ok_qwen_token_boundary,True,ok,13,13
exp_c,exp_c__gsm8k_test_000595__think,gsm8k_test_000595,think,canonical,,answer_segment,6,10,False,46,46,True,19.517976760864258,,ok_qwen_token_boundary,True,ok,13,13
exp_c,exp_c__gsm8k_test_000595__think,gsm8k_test_000595,think,canonical,,answer_segment,13,10,False,46,46,True,13.081328392028809,,ok_qwen_token_boundary,True,ok,13,13
exp_c,exp_c__gsm8k_test_000595__think,gsm8k_test_000595,think,canonical,,answer_segment,20,10,False,46,46,True,12.510910987854004,,ok_qwen_token_boundary,True,ok,13,13
exp_c,exp_c__gsm8k_test_000595__no_think,gsm8k_test_000595,no_think,canonical,,full_output,6,10,False,43,43,True,20.295190811157227,,ok,False,ok,13,10
exp_c,exp_c__gsm8k_test_000595__no_think,gsm8k_test_000595,no_think,canonical,,full_output,13,10,False,43,43,True,12.049276351928711,,ok,False,ok,13,10
exp_c,exp_c__gsm8k_test_000595__no_think,gsm8k_test_000595,no_think,canonical,,full_output,20,10,False,43,43,True,13.284859657287598,,ok,False,ok,13,10
exp_c,exp_c__gsm8k_test_000595__no_think,gsm8k_test_000595,no_think,canonical,,answer_segment,6,10,False,43,43,True,20.295190811157227,,ok,False,ok,13,10
exp_c,exp_c__gsm8k_test_000595__no_think,gsm8k_test_000595,no_think,canonical,,answer_segment,13,10,False,43,43,True,12.049276351928711,,ok,False,ok,13,10
exp_c,exp_c__gsm8k_test_000595__no_think,gsm8k_test_000595,no_think,canonical,,answer_segment,20,10,False,43,43,True,13.284859657287598,,ok,False,ok,13,10
exp_c,exp_c__gsm8k_test_000604__think,gsm8k_test_000604,think,canonical,,full_output,6,10,False,254,254,True,17.386125564575195,,ok,True,ok,12,12
exp_c,exp_c__gsm8k_test_000604__think,gsm8k_test_000604,think,canonical,,full_output,13,10,False,254,254,True,12.744134902954102,,ok,True,ok,12,12
exp_c,exp_c__gsm8k_test_000604__think,gsm8k_test_000604,think,canonical,,full_output,20,10,False,254,254,True,12.614362716674805,,ok,True,ok,12,12
exp_c,exp_c__gsm8k_test_000604__think,gsm8k_test_000604,think,canonical,,thinking_segment,6,10,False,207,207,True,18.133832931518555,,ok_qwen_token_boundary,True,ok,12,12
exp_c,exp_c__gsm8k_test_000604__think,gsm8k_test_000604,think,canonical,,thinking_segment,13,10,False,207,207,True,12.889243125915527,,ok_qwen_token_boundary,True,ok,12,12
exp_c,exp_c__gsm8k_test_000604__think,gsm8k_test_000604,think,canonical,,thinking_segment,20,10,False,207,207,True,12.508894920349121,,ok_qwen_token_boundary,True,ok,12,12
exp_c,exp_c__gsm8k_test_000604__think,gsm8k_test_000604,think,canonical,,answer_segment,6,10,False,47,47,True,18.469850540161133,,ok_qwen_token_boundary,True,ok,12,12
exp_c,exp_c__gsm8k_test_000604__think,gsm8k_test_000604,think,canonical,,answer_segment,13,10,False,47,47,True,13.696847915649414,,ok_qwen_token_boundary,True,ok,12,12
exp_c,exp_c__gsm8k_test_000604__think,gsm8k_test_000604,think,canonical,,answer_segment,20,10,False,47,47,True,12.878616333007812,,ok_qwen_token_boundary,True,ok,12,12
exp_c,exp_c__gsm8k_test_000604__no_think,gsm8k_test_000604,no_think,canonical,,full_output,6,10,False,42,42,True,17.80851936340332,,ok,True,ok,12,12
exp_c,exp_c__gsm8k_test_000604__no_think,gsm8k_test_000604,no_think,canonical,,full_output,13,10,False,42,42,True,12.6519193649292,,ok,True,ok,12,12
exp_c,exp_c__gsm8k_test_000604__no_think,gsm8k_test_000604,no_think,canonical,,full_output,20,10,False,42,42,True,13.99768352508545,,ok,True,ok,12,12
exp_c,exp_c__gsm8k_test_000604__no_think,gsm8k_test_000604,no_think,canonical,,answer_segment,6,10,False,42,42,True,17.80851936340332,,ok,True,ok,12,12
exp_c,exp_c__gsm8k_test_000604__no_think,gsm8k_test_000604,no_think,canonical,,answer_segment,13,10,False,42,42,True,12.6519193649292,,ok,True,ok,12,12
exp_c,exp_c__gsm8k_test_000604__no_think,gsm8k_test_000604,no_think,canonical,,answer_segment,20,10,False,42,42,True,13.99768352508545,,ok,True,ok,12,12
exp_c,exp_c__gsm8k_test_000605__think,gsm8k_test_000605,think,canonical,,full_output,6,10,False,276,276,True,12.442138671875,,ok,True,ok,42,42
exp_c,exp_c__gsm8k_test_000605__think,gsm8k_test_000605,think,canonical,,full_output,13,10,False,276,276,True,11.348353385925293,,ok,True,ok,42,42
exp_c,exp_c__gsm8k_test_000605__think,gsm8k_test_000605,think,canonical,,full_output,20,10,False,276,276,True,11.55562973022461,,ok,True,ok,42,42
exp_c,exp_c__gsm8k_test_000605__think,gsm8k_test_000605,think,canonical,,thinking_segment,6,10,False,219,219,True,14.567022323608398,,ok_qwen_token_boundary,True,ok,42,42
exp_c,exp_c__gsm8k_test_000605__think,gsm8k_test_000605,think,canonical,,thinking_segment,13,10,False,219,219,True,12.771644592285156,,ok_qwen_token_boundary,True,ok,42,42
exp_c,exp_c__gsm8k_test_000605__think,gsm8k_test_000605,think,canonical,,thinking_segment,20,10,False,219,219,True,13.241409301757812,,ok_qwen_token_boundary,True,ok,42,42
exp_c,exp_c__gsm8k_test_000605__think,gsm8k_test_000605,think,canonical,,answer_segment,6,10,False,57,57,True,18.35926628112793,,ok_qwen_token_boundary,True,ok,42,42
exp_c,exp_c__gsm8k_test_000605__think,gsm8k_test_000605,think,canonical,,answer_segment,13,10,False,57,57,True,13.896594047546387,,ok_qwen_token_boundary,True,ok,42,42
exp_c,exp_c__gsm8k_test_000605__think,gsm8k_test_000605,think,canonical,,answer_segment,20,10,False,57,57,True,11.638764381408691,,ok_qwen_token_boundary,True,ok,42,42
exp_c,exp_c__gsm8k_test_000605__no_think,gsm8k_test_000605,no_think,canonical,,full_output,6,10,False,55,55,True,16.85332679748535,,ok,False,ok,42,9
exp_c,exp_c__gsm8k_test_000605__no_think,gsm8k_test_000605,no_think,canonical,,full_output,13,10,False,55,55,True,12.403158187866211,,ok,False,ok,42,9
exp_c,exp_c__gsm8k_test_000605__no_think,gsm8k_test_000605,no_think,canonical,,full_output,20,10,False,55,55,True,12.387337684631348,,ok,False,ok,42,9
exp_c,exp_c__gsm8k_test_000605__no_think,gsm8k_test_000605,no_think,canonical,,answer_segment,6,10,False,55,55,True,16.85332679748535,,ok,False,ok,42,9
exp_c,exp_c__gsm8k_test_000605__no_think,gsm8k_test_000605,no_think,canonical,,answer_segment,13,10,False,55,55,True,12.403158187866211,,ok,False,ok,42,9
exp_c,exp_c__gsm8k_test_000605__no_think,gsm8k_test_000605,no_think,canonical,,answer_segment,20,10,False,55,55,True,12.387337684631348,,ok,False,ok,42,9
exp_c,exp_c__gsm8k_test_000625__think,gsm8k_test_000625,think,canonical,,full_output,6,10,False,340,340,True,16.817031860351562,,ok,True,ok,160,160
exp_c,exp_c__gsm8k_test_000625__think,gsm8k_test_000625,think,canonical,,full_output,13,10,False,340,340,True,13.470564842224121,,ok,True,ok,160,160
exp_c,exp_c__gsm8k_test_000625__think,gsm8k_test_000625,think,canonical,,full_output,20,10,False,340,340,True,12.832950592041016,,ok,True,ok,160,160
exp_c,exp_c__gsm8k_test_000625__think,gsm8k_test_000625,think,canonical,,thinking_segment,6,10,False,292,292,True,18.460243225097656,,ok_qwen_token_boundary,True,ok,160,160
exp_c,exp_c__gsm8k_test_000625__think,gsm8k_test_000625,think,canonical,,thinking_segment,13,10,False,292,292,True,13.605569839477539,,ok_qwen_token_boundary,True,ok,160,160
exp_c,exp_c__gsm8k_test_000625__think,gsm8k_test_000625,think,canonical,,thinking_segment,20,10,False,292,292,True,12.953079223632812,,ok_qwen_token_boundary,True,ok,160,160
exp_c,exp_c__gsm8k_test_000625__think,gsm8k_test_000625,think,canonical,,answer_segment,6,10,False,48,48,True,14.615880012512207,,ok_qwen_token_boundary,True,ok,160,160
exp_c,exp_c__gsm8k_test_000625__think,gsm8k_test_000625,think,canonical,,answer_segment,13,10,False,48,48,True,11.1395845413208,,ok_qwen_token_boundary,True,ok,160,160
exp_c,exp_c__gsm8k_test_000625__think,gsm8k_test_000625,think,canonical,,answer_segment,20,10,False,48,48,True,11.38982105255127,,ok_qwen_token_boundary,True,ok,160,160
exp_c,exp_c__gsm8k_test_000625__no_think,gsm8k_test_000625,no_think,canonical,,full_output,6,10,False,51,51,True,15.2022066116333,,ok,True,ok,160,160
exp_c,exp_c__gsm8k_test_000625__no_think,gsm8k_test_000625,no_think,canonical,,full_output,13,10,False,51,51,True,11.308747291564941,,ok,True,ok,160,160
exp_c,exp_c__gsm8k_test_000625__no_think,gsm8k_test_000625,no_think,canonical,,full_output,20,10,False,51,51,True,11.921329498291016,,ok,True,ok,160,160
exp_c,exp_c__gsm8k_test_000625__no_think,gsm8k_test_000625,no_think,canonical,,answer_segment,6,10,False,51,51,True,15.2022066116333,,ok,True,ok,160,160
exp_c,exp_c__gsm8k_test_000625__no_think,gsm8k_test_000625,no_think,canonical,,answer_segment,13,10,False,51,51,True,11.308747291564941,,ok,True,ok,160,160
exp_c,exp_c__gsm8k_test_000625__no_think,gsm8k_test_000625,no_think,canonical,,answer_segment,20,10,False,51,51,True,11.921329498291016,,ok,True,ok,160,160
exp_c,exp_c__gsm8k_test_000629__think,gsm8k_test_000629,think,canonical,,full_output,6,10,False,457,457,True,10.24601936340332,,ok,True,ok,17500,17500
exp_c,exp_c__gsm8k_test_000629__think,gsm8k_test_000629,think,canonical,,full_output,13,10,False,457,457,True,10.410795211791992,,ok,True,ok,17500,17500
exp_c,exp_c__gsm8k_test_000629__think,gsm8k_test_000629,think,canonical,,full_output,20,10,False,457,457,True,11.463640213012695,,ok,True,ok,17500,17500
exp_c,exp_c__gsm8k_test_000629__think,gsm8k_test_000629,think,canonical,,thinking_segment,6,10,False,376,376,True,9.531148910522461,,ok_qwen_token_boundary,True,ok,17500,17500
exp_c,exp_c__gsm8k_test_000629__think,gsm8k_test_000629,think,canonical,,thinking_segment,13,10,False,376,376,True,10.141521453857422,,ok_qwen_token_boundary,True,ok,17500,17500
exp_c,exp_c__gsm8k_test_000629__think,gsm8k_test_000629,think,canonical,,thinking_segment,20,10,False,376,376,True,11.014812469482422,,ok_qwen_token_boundary,True,ok,17500,17500
exp_c,exp_c__gsm8k_test_000629__think,gsm8k_test_000629,think,canonical,,answer_segment,6,10,False,81,81,True,16.134206771850586,,ok_qwen_token_boundary,True,ok,17500,17500
exp_c,exp_c__gsm8k_test_000629__think,gsm8k_test_000629,think,canonical,,answer_segment,13,10,False,81,81,True,13.11988639831543,,ok_qwen_token_boundary,True,ok,17500,17500
exp_c,exp_c__gsm8k_test_000629__think,gsm8k_test_000629,think,canonical,,answer_segment,20,10,False,81,81,True,12.785337448120117,,ok_qwen_token_boundary,True,ok,17500,17500
exp_c,exp_c__gsm8k_test_000629__no_think,gsm8k_test_000629,no_think,canonical,,full_output,6,10,False,62,62,True,16.99224281311035,,ok,False,ok,17500,175000
exp_c,exp_c__gsm8k_test_000629__no_think,gsm8k_test_000629,no_think,canonical,,full_output,13,10,False,62,62,True,12.935907363891602,,ok,False,ok,17500,175000
exp_c,exp_c__gsm8k_test_000629__no_think,gsm8k_test_000629,no_think,canonical,,full_output,20,10,False,62,62,True,13.544059753417969,,ok,False,ok,17500,175000
exp_c,exp_c__gsm8k_test_000629__no_think,gsm8k_test_000629,no_think,canonical,,answer_segment,6,10,False,62,62,True,16.99224281311035,,ok,False,ok,17500,175000
exp_c,exp_c__gsm8k_test_000629__no_think,gsm8k_test_000629,no_think,canonical,,answer_segment,13,10,False,62,62,True,12.935907363891602,,ok,False,ok,17500,175000
exp_c,exp_c__gsm8k_test_000629__no_think,gsm8k_test_000629,no_think,canonical,,answer_segment,20,10,False,62,62,True,13.544059753417969,,ok,False,ok,17500,175000
exp_c,exp_c__gsm8k_test_000633__think,gsm8k_test_000633,think,canonical,,full_output,6,10,False,265,265,True,18.24040412902832,,ok,True,ok,5,5
exp_c,exp_c__gsm8k_test_000633__think,gsm8k_test_000633,think,canonical,,full_output,13,10,False,265,265,True,12.786338806152344,,ok,True,ok,5,5
exp_c,exp_c__gsm8k_test_000633__think,gsm8k_test_000633,think,canonical,,full_output,20,10,False,265,265,True,13.369013786315918,,ok,True,ok,5,5
exp_c,exp_c__gsm8k_test_000633__think,gsm8k_test_000633,think,canonical,,thinking_segment,6,10,False,212,212,True,20.16948127746582,,ok_qwen_token_boundary,True,ok,5,5
exp_c,exp_c__gsm8k_test_000633__think,gsm8k_test_000633,think,canonical,,thinking_segment,13,10,False,212,212,True,13.531984329223633,,ok_qwen_token_boundary,True,ok,5,5
exp_c,exp_c__gsm8k_test_000633__think,gsm8k_test_000633,think,canonical,,thinking_segment,20,10,False,212,212,True,13.841470718383789,,ok_qwen_token_boundary,True,ok,5,5
exp_c,exp_c__gsm8k_test_000633__think,gsm8k_test_000633,think,canonical,,answer_segment,6,10,False,53,53,True,18.020862579345703,,ok_qwen_token_boundary,True,ok,5,5
exp_c,exp_c__gsm8k_test_000633__think,gsm8k_test_000633,think,canonical,,answer_segment,13,10,False,53,53,True,12.433234214782715,,ok_qwen_token_boundary,True,ok,5,5
exp_c,exp_c__gsm8k_test_000633__think,gsm8k_test_000633,think,canonical,,answer_segment,20,10,False,53,53,True,13.378148078918457,,ok_qwen_token_boundary,True,ok,5,5
exp_c,exp_c__gsm8k_test_000633__no_think,gsm8k_test_000633,no_think,canonical,,full_output,6,10,False,52,52,True,16.97077751159668,,ok,True,ok,5,5
exp_c,exp_c__gsm8k_test_000633__no_think,gsm8k_test_000633,no_think,canonical,,full_output,13,10,False,52,52,True,12.112459182739258,,ok,True,ok,5,5
exp_c,exp_c__gsm8k_test_000633__no_think,gsm8k_test_000633,no_think,canonical,,full_output,20,10,False,52,52,True,12.940814971923828,,ok,True,ok,5,5
exp_c,exp_c__gsm8k_test_000633__no_think,gsm8k_test_000633,no_think,canonical,,answer_segment,6,10,False,52,52,True,16.97077751159668,,ok,True,ok,5,5
exp_c,exp_c__gsm8k_test_000633__no_think,gsm8k_test_000633,no_think,canonical,,answer_segment,13,10,False,52,52,True,12.112459182739258,,ok,True,ok,5,5
exp_c,exp_c__gsm8k_test_000633__no_think,gsm8k_test_000633,no_think,canonical,,answer_segment,20,10,False,52,52,True,12.940814971923828,,ok,True,ok,5,5
exp_c,exp_c__gsm8k_test_000640__think,gsm8k_test_000640,think,canonical,,full_output,6,10,False,583,583,True,12.616693496704102,,ok,False,ok,43500,49500
exp_c,exp_c__gsm8k_test_000640__think,gsm8k_test_000640,think,canonical,,full_output,13,10,False,583,583,True,9.742938041687012,,ok,False,ok,43500,49500
exp_c,exp_c__gsm8k_test_000640__think,gsm8k_test_000640,think,canonical,,full_output,20,10,False,583,583,True,10.257351875305176,,ok,False,ok,43500,49500
exp_c,exp_c__gsm8k_test_000640__think,gsm8k_test_000640,think,canonical,,thinking_segment,6,10,False,514,514,True,12.726590156555176,,ok_qwen_token_boundary,False,ok,43500,49500
exp_c,exp_c__gsm8k_test_000640__think,gsm8k_test_000640,think,canonical,,thinking_segment,13,10,False,514,514,True,9.297365188598633,,ok_qwen_token_boundary,False,ok,43500,49500
exp_c,exp_c__gsm8k_test_000640__think,gsm8k_test_000640,think,canonical,,thinking_segment,20,10,False,514,514,True,10.07351016998291,,ok_qwen_token_boundary,False,ok,43500,49500
exp_c,exp_c__gsm8k_test_000640__think,gsm8k_test_000640,think,canonical,,answer_segment,6,10,False,69,69,True,13.122401237487793,,ok_qwen_token_boundary,False,ok,43500,49500
exp_c,exp_c__gsm8k_test_000640__think,gsm8k_test_000640,think,canonical,,answer_segment,13,10,False,69,69,True,11.462838172912598,,ok_qwen_token_boundary,False,ok,43500,49500
exp_c,exp_c__gsm8k_test_000640__think,gsm8k_test_000640,think,canonical,,answer_segment,20,10,False,69,69,True,10.919288635253906,,ok_qwen_token_boundary,False,ok,43500,49500
exp_c,exp_c__gsm8k_test_000640__no_think,gsm8k_test_000640,no_think,canonical,,full_output,6,10,False,70,70,True,13.675065040588379,,ok,False,ok,43500,48500
exp_c,exp_c__gsm8k_test_000640__no_think,gsm8k_test_000640,no_think,canonical,,full_output,13,10,False,70,70,True,11.063676834106445,,ok,False,ok,43500,48500
exp_c,exp_c__gsm8k_test_000640__no_think,gsm8k_test_000640,no_think,canonical,,full_output,20,10,False,70,70,True,10.650992393493652,,ok,False,ok,43500,48500
exp_c,exp_c__gsm8k_test_000640__no_think,gsm8k_test_000640,no_think,canonical,,answer_segment,6,10,False,70,70,True,13.675065040588379,,ok,False,ok,43500,48500
exp_c,exp_c__gsm8k_test_000640__no_think,gsm8k_test_000640,no_think,canonical,,answer_segment,13,10,False,70,70,True,11.063676834106445,,ok,False,ok,43500,48500
exp_c,exp_c__gsm8k_test_000640__no_think,gsm8k_test_000640,no_think,canonical,,answer_segment,20,10,False,70,70,True,10.650992393493652,,ok,False,ok,43500,48500
exp_c,exp_c__gsm8k_test_000641__think,gsm8k_test_000641,think,canonical,,full_output,6,10,False,580,580,True,12.516447067260742,,ok,False,ok,262500,372000
exp_c,exp_c__gsm8k_test_000641__think,gsm8k_test_000641,think,canonical,,full_output,13,10,False,580,580,True,9.881218910217285,,ok,False,ok,262500,372000
exp_c,exp_c__gsm8k_test_000641__think,gsm8k_test_000641,think,canonical,,full_output,20,10,False,580,580,True,10.80700969696045,,ok,False,ok,262500,372000
exp_c,exp_c__gsm8k_test_000641__think,gsm8k_test_000641,think,canonical,,thinking_segment,6,10,False,514,514,True,12.154911994934082,,ok_qwen_token_boundary,False,ok,262500,372000
exp_c,exp_c__gsm8k_test_000641__think,gsm8k_test_000641,think,canonical,,thinking_segment,13,10,False,514,514,True,9.65338134765625,,ok_qwen_token_boundary,False,ok,262500,372000
exp_c,exp_c__gsm8k_test_000641__think,gsm8k_test_000641,think,canonical,,thinking_segment,20,10,False,514,514,True,10.68544864654541,,ok_qwen_token_boundary,False,ok,262500,372000
exp_c,exp_c__gsm8k_test_000641__think,gsm8k_test_000641,think,canonical,,answer_segment,6,10,False,66,66,True,23.079940795898438,,ok_qwen_token_boundary,False,ok,262500,372000
exp_c,exp_c__gsm8k_test_000641__think,gsm8k_test_000641,think,canonical,,answer_segment,13,10,False,66,66,True,13.9876070022583,,ok_qwen_token_boundary,False,ok,262500,372000
exp_c,exp_c__gsm8k_test_000641__think,gsm8k_test_000641,think,canonical,,answer_segment,20,10,False,66,66,True,12.836654663085938,,ok_qwen_token_boundary,False,ok,262500,372000
exp_c,exp_c__gsm8k_test_000641__no_think,gsm8k_test_000641,no_think,canonical,,full_output,6,10,False,54,54,True,20.553272247314453,,ok,False,ok,262500,312000
exp_c,exp_c__gsm8k_test_000641__no_think,gsm8k_test_000641,no_think,canonical,,full_output,13,10,False,54,54,True,11.581122398376465,,ok,False,ok,262500,312000
exp_c,exp_c__gsm8k_test_000641__no_think,gsm8k_test_000641,no_think,canonical,,full_output,20,10,False,54,54,True,11.76933479309082,,ok,False,ok,262500,312000
exp_c,exp_c__gsm8k_test_000641__no_think,gsm8k_test_000641,no_think,canonical,,answer_segment,6,10,False,54,54,True,20.553272247314453,,ok,False,ok,262500,312000
exp_c,exp_c__gsm8k_test_000641__no_think,gsm8k_test_000641,no_think,canonical,,answer_segment,13,10,False,54,54,True,11.581122398376465,,ok,False,ok,262500,312000
exp_c,exp_c__gsm8k_test_000641__no_think,gsm8k_test_000641,no_think,canonical,,answer_segment,20,10,False,54,54,True,11.76933479309082,,ok,False,ok,262500,312000
exp_c,exp_c__gsm8k_test_000644__think,gsm8k_test_000644,think,canonical,,full_output,6,10,False,236,236,True,12.704010963439941,,ok,True,ok,29,29
exp_c,exp_c__gsm8k_test_000644__think,gsm8k_test_000644,think,canonical,,full_output,13,10,False,236,236,True,10.60673713684082,,ok,True,ok,29,29
exp_c,exp_c__gsm8k_test_000644__think,gsm8k_test_000644,think,canonical,,full_output,20,10,False,236,236,True,11.482356071472168,,ok,True,ok,29,29
exp_c,exp_c__gsm8k_test_000644__think,gsm8k_test_000644,think,canonical,,thinking_segment,6,10,False,180,180,True,12.873868942260742,,ok_qwen_token_boundary,True,ok,29,29
exp_c,exp_c__gsm8k_test_000644__think,gsm8k_test_000644,think,canonical,,thinking_segment,13,10,False,180,180,True,10.472457885742188,,ok_qwen_token_boundary,True,ok,29,29
exp_c,exp_c__gsm8k_test_000644__think,gsm8k_test_000644,think,canonical,,thinking_segment,20,10,False,180,180,True,11.818885803222656,,ok_qwen_token_boundary,True,ok,29,29
exp_c,exp_c__gsm8k_test_000644__think,gsm8k_test_000644,think,canonical,,answer_segment,6,10,False,56,56,True,19.867834091186523,,ok_qwen_token_boundary,True,ok,29,29
exp_c,exp_c__gsm8k_test_000644__think,gsm8k_test_000644,think,canonical,,answer_segment,13,10,False,56,56,True,11.199417114257812,,ok_qwen_token_boundary,True,ok,29,29
exp_c,exp_c__gsm8k_test_000644__think,gsm8k_test_000644,think,canonical,,answer_segment,20,10,False,56,56,True,11.433232307434082,,ok_qwen_token_boundary,True,ok,29,29
exp_c,exp_c__gsm8k_test_000644__no_think,gsm8k_test_000644,no_think,canonical,,full_output,6,10,False,50,50,True,15.957137107849121,,ok,False,ok,29,31
exp_c,exp_c__gsm8k_test_000644__no_think,gsm8k_test_000644,no_think,canonical,,full_output,13,10,False,50,50,True,11.236982345581055,,ok,False,ok,29,31
exp_c,exp_c__gsm8k_test_000644__no_think,gsm8k_test_000644,no_think,canonical,,full_output,20,10,False,50,50,True,12.013941764831543,,ok,False,ok,29,31
exp_c,exp_c__gsm8k_test_000644__no_think,gsm8k_test_000644,no_think,canonical,,answer_segment,6,10,False,50,50,True,15.957137107849121,,ok,False,ok,29,31
exp_c,exp_c__gsm8k_test_000644__no_think,gsm8k_test_000644,no_think,canonical,,answer_segment,13,10,False,50,50,True,11.236982345581055,,ok,False,ok,29,31
exp_c,exp_c__gsm8k_test_000644__no_think,gsm8k_test_000644,no_think,canonical,,answer_segment,20,10,False,50,50,True,12.013941764831543,,ok,False,ok,29,31
exp_c,exp_c__gsm8k_test_000645__think,gsm8k_test_000645,think,canonical,,full_output,6,10,False,203,203,True,17.800128936767578,,ok,True,ok,48,48
exp_c,exp_c__gsm8k_test_000645__think,gsm8k_test_000645,think,canonical,,full_output,13,10,False,203,203,True,13.28469467163086,,ok,True,ok,48,48
exp_c,exp_c__gsm8k_test_000645__think,gsm8k_test_000645,think,canonical,,full_output,20,10,False,203,203,True,13.070837020874023,,ok,True,ok,48,48
exp_c,exp_c__gsm8k_test_000645__think,gsm8k_test_000645,think,canonical,,thinking_segment,6,10,False,160,160,True,19.816150665283203,,ok_qwen_token_boundary,True,ok,48,48
exp_c,exp_c__gsm8k_test_000645__think,gsm8k_test_000645,think,canonical,,thinking_segment,13,10,False,160,160,True,14.638315200805664,,ok_qwen_token_boundary,True,ok,48,48
exp_c,exp_c__gsm8k_test_000645__think,gsm8k_test_000645,think,canonical,,thinking_segment,20,10,False,160,160,True,13.470385551452637,,ok_qwen_token_boundary,True,ok,48,48
exp_c,exp_c__gsm8k_test_000645__think,gsm8k_test_000645,think,canonical,,answer_segment,6,10,False,43,43,True,14.8018798828125,,ok_qwen_token_boundary,True,ok,48,48
exp_c,exp_c__gsm8k_test_000645__think,gsm8k_test_000645,think,canonical,,answer_segment,13,10,False,43,43,True,11.34033203125,,ok_qwen_token_boundary,True,ok,48,48
exp_c,exp_c__gsm8k_test_000645__think,gsm8k_test_000645,think,canonical,,answer_segment,20,10,False,43,43,True,12.532424926757812,,ok_qwen_token_boundary,True,ok,48,48
exp_c,exp_c__gsm8k_test_000645__no_think,gsm8k_test_000645,no_think,canonical,,full_output,6,10,False,55,55,True,13.627450942993164,,ok,True,ok,48,48
exp_c,exp_c__gsm8k_test_000645__no_think,gsm8k_test_000645,no_think,canonical,,full_output,13,10,False,55,55,True,11.3247709274292,,ok,True,ok,48,48
exp_c,exp_c__gsm8k_test_000645__no_think,gsm8k_test_000645,no_think,canonical,,full_output,20,10,False,55,55,True,12.895209312438965,,ok,True,ok,48,48
exp_c,exp_c__gsm8k_test_000645__no_think,gsm8k_test_000645,no_think,canonical,,answer_segment,6,10,False,55,55,True,13.627450942993164,,ok,True,ok,48,48
exp_c,exp_c__gsm8k_test_000645__no_think,gsm8k_test_000645,no_think,canonical,,answer_segment,13,10,False,55,55,True,11.3247709274292,,ok,True,ok,48,48
exp_c,exp_c__gsm8k_test_000645__no_think,gsm8k_test_000645,no_think,canonical,,answer_segment,20,10,False,55,55,True,12.895209312438965,,ok,True,ok,48,48
exp_c,exp_c__gsm8k_test_000655__think,gsm8k_test_000655,think,canonical,,full_output,6,10,False,215,215,True,19.550886154174805,,ok,True,ok,10,10
exp_c,exp_c__gsm8k_test_000655__think,gsm8k_test_000655,think,canonical,,full_output,13,10,False,215,215,True,13.820212364196777,,ok,True,ok,10,10
exp_c,exp_c__gsm8k_test_000655__think,gsm8k_test_000655,think,canonical,,full_output,20,10,False,215,215,True,13.228829383850098,,ok,True,ok,10,10
exp_c,exp_c__gsm8k_test_000655__think,gsm8k_test_000655,think,canonical,,thinking_segment,6,10,False,159,159,True,23.69338035583496,,ok_qwen_token_boundary,True,ok,10,10
exp_c,exp_c__gsm8k_test_000655__think,gsm8k_test_000655,think,canonical,,thinking_segment,13,10,False,159,159,True,14.393293380737305,,ok_qwen_token_boundary,True,ok,10,10
exp_c,exp_c__gsm8k_test_000655__think,gsm8k_test_000655,think,canonical,,thinking_segment,20,10,False,159,159,True,14.305171012878418,,ok_qwen_token_boundary,True,ok,10,10
exp_c,exp_c__gsm8k_test_000655__think,gsm8k_test_000655,think,canonical,,answer_segment,6,10,False,56,56,True,17.538436889648438,,ok_qwen_token_boundary,True,ok,10,10
exp_c,exp_c__gsm8k_test_000655__think,gsm8k_test_000655,think,canonical,,answer_segment,13,10,False,56,56,True,13.788568496704102,,ok_qwen_token_boundary,True,ok,10,10
exp_c,exp_c__gsm8k_test_000655__think,gsm8k_test_000655,think,canonical,,answer_segment,20,10,False,56,56,True,12.726297378540039,,ok_qwen_token_boundary,True,ok,10,10
exp_c,exp_c__gsm8k_test_000655__no_think,gsm8k_test_000655,no_think,canonical,,full_output,6,10,False,51,51,True,18.605010986328125,,ok,True,ok,10,10
exp_c,exp_c__gsm8k_test_000655__no_think,gsm8k_test_000655,no_think,canonical,,full_output,13,10,False,51,51,True,13.166298866271973,,ok,True,ok,10,10
exp_c,exp_c__gsm8k_test_000655__no_think,gsm8k_test_000655,no_think,canonical,,full_output,20,10,False,51,51,True,13.688590049743652,,ok,True,ok,10,10
exp_c,exp_c__gsm8k_test_000655__no_think,gsm8k_test_000655,no_think,canonical,,answer_segment,6,10,False,51,51,True,18.605010986328125,,ok,True,ok,10,10
exp_c,exp_c__gsm8k_test_000655__no_think,gsm8k_test_000655,no_think,canonical,,answer_segment,13,10,False,51,51,True,13.166298866271973,,ok,True,ok,10,10
exp_c,exp_c__gsm8k_test_000655__no_think,gsm8k_test_000655,no_think,canonical,,answer_segment,20,10,False,51,51,True,13.688590049743652,,ok,True,ok,10,10
exp_c,exp_c__gsm8k_test_000668__think,gsm8k_test_000668,think,canonical,,full_output,6,10,False,279,279,True,16.746253967285156,,ok,True,ok,3,3
exp_c,exp_c__gsm8k_test_000668__think,gsm8k_test_000668,think,canonical,,full_output,13,10,False,279,279,True,12.431741714477539,,ok,True,ok,3,3
exp_c,exp_c__gsm8k_test_000668__think,gsm8k_test_000668,think,canonical,,full_output,20,10,False,279,279,True,12.030720710754395,,ok,True,ok,3,3
exp_c,exp_c__gsm8k_test_000668__think,gsm8k_test_000668,think,canonical,,thinking_segment,6,10,False,230,230,True,18.20652961730957,,ok_qwen_token_boundary,True,ok,3,3
exp_c,exp_c__gsm8k_test_000668__think,gsm8k_test_000668,think,canonical,,thinking_segment,13,10,False,230,230,True,12.56619930267334,,ok_qwen_token_boundary,True,ok,3,3
exp_c,exp_c__gsm8k_test_000668__think,gsm8k_test_000668,think,canonical,,thinking_segment,20,10,False,230,230,True,11.944402694702148,,ok_qwen_token_boundary,True,ok,3,3
exp_c,exp_c__gsm8k_test_000668__think,gsm8k_test_000668,think,canonical,,answer_segment,6,10,False,49,49,True,12.829476356506348,,ok_qwen_token_boundary,True,ok,3,3
exp_c,exp_c__gsm8k_test_000668__think,gsm8k_test_000668,think,canonical,,answer_segment,13,10,False,49,49,True,11.712133407592773,,ok_qwen_token_boundary,True,ok,3,3
exp_c,exp_c__gsm8k_test_000668__think,gsm8k_test_000668,think,canonical,,answer_segment,20,10,False,49,49,True,11.03126335144043,,ok_qwen_token_boundary,True,ok,3,3
exp_c,exp_c__gsm8k_test_000668__no_think,gsm8k_test_000668,no_think,canonical,,full_output,6,10,False,45,45,True,12.5658597946167,,ok,True,ok,3,3
exp_c,exp_c__gsm8k_test_000668__no_think,gsm8k_test_000668,no_think,canonical,,full_output,13,10,False,45,45,True,11.199050903320312,,ok,True,ok,3,3
exp_c,exp_c__gsm8k_test_000668__no_think,gsm8k_test_000668,no_think,canonical,,full_output,20,10,False,45,45,True,11.183768272399902,,ok,True,ok,3,3
exp_c,exp_c__gsm8k_test_000668__no_think,gsm8k_test_000668,no_think,canonical,,answer_segment,6,10,False,45,45,True,12.5658597946167,,ok,True,ok,3,3
exp_c,exp_c__gsm8k_test_000668__no_think,gsm8k_test_000668,no_think,canonical,,answer_segment,13,10,False,45,45,True,11.199050903320312,,ok,True,ok,3,3
exp_c,exp_c__gsm8k_test_000668__no_think,gsm8k_test_000668,no_think,canonical,,answer_segment,20,10,False,45,45,True,11.183768272399902,,ok,True,ok,3,3
exp_c,exp_c__gsm8k_test_000684__think,gsm8k_test_000684,think,canonical,,full_output,6,10,False,239,239,True,18.414091110229492,,ok,True,ok,11,11
exp_c,exp_c__gsm8k_test_000684__think,gsm8k_test_000684,think,canonical,,full_output,13,10,False,239,239,True,13.730070114135742,,ok,True,ok,11,11
exp_c,exp_c__gsm8k_test_000684__think,gsm8k_test_000684,think,canonical,,full_output,20,10,False,239,239,True,13.43784236907959,,ok,True,ok,11,11
exp_c,exp_c__gsm8k_test_000684__think,gsm8k_test_000684,think,canonical,,thinking_segment,6,10,False,201,201,True,19.59957504272461,,ok_qwen_token_boundary,True,ok,11,11
exp_c,exp_c__gsm8k_test_000684__think,gsm8k_test_000684,think,canonical,,thinking_segment,13,10,False,201,201,True,14.105507850646973,,ok_qwen_token_boundary,True,ok,11,11
exp_c,exp_c__gsm8k_test_000684__think,gsm8k_test_000684,think,canonical,,thinking_segment,20,10,False,201,201,True,14.0075101852417,,ok_qwen_token_boundary,True,ok,11,11
exp_c,exp_c__gsm8k_test_000684__think,gsm8k_test_000684,think,canonical,,answer_segment,6,10,False,38,38,True,15.454582214355469,,ok_qwen_token_boundary,True,ok,11,11
exp_c,exp_c__gsm8k_test_000684__think,gsm8k_test_000684,think,canonical,,answer_segment,13,10,False,38,38,True,13.446097373962402,,ok_qwen_token_boundary,True,ok,11,11
exp_c,exp_c__gsm8k_test_000684__think,gsm8k_test_000684,think,canonical,,answer_segment,20,10,False,38,38,True,12.84282112121582,,ok_qwen_token_boundary,True,ok,11,11
exp_c,exp_c__gsm8k_test_000684__no_think,gsm8k_test_000684,no_think,canonical,,full_output,6,10,False,40,40,True,13.78819751739502,,ok,True,ok,11,11
exp_c,exp_c__gsm8k_test_000684__no_think,gsm8k_test_000684,no_think,canonical,,full_output,13,10,False,40,40,True,11.5115385055542,,ok,True,ok,11,11
exp_c,exp_c__gsm8k_test_000684__no_think,gsm8k_test_000684,no_think,canonical,,full_output,20,10,False,40,40,True,12.841567993164062,,ok,True,ok,11,11
exp_c,exp_c__gsm8k_test_000684__no_think,gsm8k_test_000684,no_think,canonical,,answer_segment,6,10,False,40,40,True,13.78819751739502,,ok,True,ok,11,11
exp_c,exp_c__gsm8k_test_000684__no_think,gsm8k_test_000684,no_think,canonical,,answer_segment,13,10,False,40,40,True,11.5115385055542,,ok,True,ok,11,11
exp_c,exp_c__gsm8k_test_000684__no_think,gsm8k_test_000684,no_think,canonical,,answer_segment,20,10,False,40,40,True,12.841567993164062,,ok,True,ok,11,11
exp_c,exp_c__gsm8k_test_000695__think,gsm8k_test_000695,think,canonical,,full_output,6,10,False,284,284,True,14.881234169006348,,ok,True,ok,5,5
exp_c,exp_c__gsm8k_test_000695__think,gsm8k_test_000695,think,canonical,,full_output,13,10,False,284,284,True,11.740071296691895,,ok,True,ok,5,5
exp_c,exp_c__gsm8k_test_000695__think,gsm8k_test_000695,think,canonical,,full_output,20,10,False,284,284,True,11.557802200317383,,ok,True,ok,5,5
exp_c,exp_c__gsm8k_test_000695__think,gsm8k_test_000695,think,canonical,,thinking_segment,6,10,False,238,238,True,16.54546356201172,,ok_qwen_token_boundary,True,ok,5,5
exp_c,exp_c__gsm8k_test_000695__think,gsm8k_test_000695,think,canonical,,thinking_segment,13,10,False,238,238,True,12.365063667297363,,ok_qwen_token_boundary,True,ok,5,5
exp_c,exp_c__gsm8k_test_000695__think,gsm8k_test_000695,think,canonical,,thinking_segment,20,10,False,238,238,True,12.039511680603027,,ok_qwen_token_boundary,True,ok,5,5
exp_c,exp_c__gsm8k_test_000695__think,gsm8k_test_000695,think,canonical,,answer_segment,6,10,False,46,46,True,12.969706535339355,,ok_qwen_token_boundary,True,ok,5,5
exp_c,exp_c__gsm8k_test_000695__think,gsm8k_test_000695,think,canonical,,answer_segment,13,10,False,46,46,True,11.742400169372559,,ok_qwen_token_boundary,True,ok,5,5
exp_c,exp_c__gsm8k_test_000695__think,gsm8k_test_000695,think,canonical,,answer_segment,20,10,False,46,46,True,11.177483558654785,,ok_qwen_token_boundary,True,ok,5,5
exp_c,exp_c__gsm8k_test_000695__no_think,gsm8k_test_000695,no_think,canonical,,full_output,6,10,False,45,45,True,13.325766563415527,,ok,True,ok,5,5
exp_c,exp_c__gsm8k_test_000695__no_think,gsm8k_test_000695,no_think,canonical,,full_output,13,10,False,45,45,True,11.47941780090332,,ok,True,ok,5,5
exp_c,exp_c__gsm8k_test_000695__no_think,gsm8k_test_000695,no_think,canonical,,full_output,20,10,False,45,45,True,11.535072326660156,,ok,True,ok,5,5
exp_c,exp_c__gsm8k_test_000695__no_think,gsm8k_test_000695,no_think,canonical,,answer_segment,6,10,False,45,45,True,13.325766563415527,,ok,True,ok,5,5
exp_c,exp_c__gsm8k_test_000695__no_think,gsm8k_test_000695,no_think,canonical,,answer_segment,13,10,False,45,45,True,11.47941780090332,,ok,True,ok,5,5
exp_c,exp_c__gsm8k_test_000695__no_think,gsm8k_test_000695,no_think,canonical,,answer_segment,20,10,False,45,45,True,11.535072326660156,,ok,True,ok,5,5
exp_c,exp_c__gsm8k_test_000697__think,gsm8k_test_000697,think,canonical,,full_output,6,10,False,329,329,True,14.12410831451416,,ok,True,ok,27,27
exp_c,exp_c__gsm8k_test_000697__think,gsm8k_test_000697,think,canonical,,full_output,13,10,False,329,329,True,10.468437194824219,,ok,True,ok,27,27
exp_c,exp_c__gsm8k_test_000697__think,gsm8k_test_000697,think,canonical,,full_output,20,10,False,329,329,True,10.522546768188477,,ok,True,ok,27,27
exp_c,exp_c__gsm8k_test_000697__think,gsm8k_test_000697,think,canonical,,thinking_segment,6,10,False,268,268,True,15.219449996948242,,ok_qwen_token_boundary,True,ok,27,27
exp_c,exp_c__gsm8k_test_000697__think,gsm8k_test_000697,think,canonical,,thinking_segment,13,10,False,268,268,True,10.585456848144531,,ok_qwen_token_boundary,True,ok,27,27
exp_c,exp_c__gsm8k_test_000697__think,gsm8k_test_000697,think,canonical,,thinking_segment,20,10,False,268,268,True,10.39263916015625,,ok_qwen_token_boundary,True,ok,27,27
exp_c,exp_c__gsm8k_test_000697__think,gsm8k_test_000697,think,canonical,,answer_segment,6,10,False,61,61,True,12.18631362915039,,ok_qwen_token_boundary,True,ok,27,27
exp_c,exp_c__gsm8k_test_000697__think,gsm8k_test_000697,think,canonical,,answer_segment,13,10,False,61,61,True,9.928008079528809,,ok_qwen_token_boundary,True,ok,27,27
exp_c,exp_c__gsm8k_test_000697__think,gsm8k_test_000697,think,canonical,,answer_segment,20,10,False,61,61,True,10.197376251220703,,ok_qwen_token_boundary,True,ok,27,27
exp_c,exp_c__gsm8k_test_000697__no_think,gsm8k_test_000697,no_think,canonical,,full_output,6,10,False,50,50,True,14.047632217407227,,ok,True,ok,27,27
exp_c,exp_c__gsm8k_test_000697__no_think,gsm8k_test_000697,no_think,canonical,,full_output,13,10,False,50,50,True,10.310016632080078,,ok,True,ok,27,27
exp_c,exp_c__gsm8k_test_000697__no_think,gsm8k_test_000697,no_think,canonical,,full_output,20,10,False,50,50,True,11.326167106628418,,ok,True,ok,27,27
exp_c,exp_c__gsm8k_test_000697__no_think,gsm8k_test_000697,no_think,canonical,,answer_segment,6,10,False,50,50,True,14.047632217407227,,ok,True,ok,27,27
exp_c,exp_c__gsm8k_test_000697__no_think,gsm8k_test_000697,no_think,canonical,,answer_segment,13,10,False,50,50,True,10.310016632080078,,ok,True,ok,27,27
exp_c,exp_c__gsm8k_test_000697__no_think,gsm8k_test_000697,no_think,canonical,,answer_segment,20,10,False,50,50,True,11.326167106628418,,ok,True,ok,27,27
exp_c,exp_c__gsm8k_test_000713__think,gsm8k_test_000713,think,canonical,,full_output,6,10,False,386,386,True,13.55158805847168,,ok,True,ok,576,576
exp_c,exp_c__gsm8k_test_000713__think,gsm8k_test_000713,think,canonical,,full_output,13,10,False,386,386,True,11.951864242553711,,ok,True,ok,576,576
exp_c,exp_c__gsm8k_test_000713__think,gsm8k_test_000713,think,canonical,,full_output,20,10,False,386,386,True,12.205557823181152,,ok,True,ok,576,576
exp_c,exp_c__gsm8k_test_000713__think,gsm8k_test_000713,think,canonical,,thinking_segment,6,10,False,337,337,True,14.593132972717285,,ok_qwen_token_boundary,True,ok,576,576
exp_c,exp_c__gsm8k_test_000713__think,gsm8k_test_000713,think,canonical,,thinking_segment,13,10,False,337,337,True,12.446991920471191,,ok_qwen_token_boundary,True,ok,576,576
exp_c,exp_c__gsm8k_test_000713__think,gsm8k_test_000713,think,canonical,,thinking_segment,20,10,False,337,337,True,12.756877899169922,,ok_qwen_token_boundary,True,ok,576,576
exp_c,exp_c__gsm8k_test_000713__think,gsm8k_test_000713,think,canonical,,answer_segment,6,10,False,49,49,True,16.402149200439453,,ok_qwen_token_boundary,True,ok,576,576
exp_c,exp_c__gsm8k_test_000713__think,gsm8k_test_000713,think,canonical,,answer_segment,13,10,False,49,49,True,12.972236633300781,,ok_qwen_token_boundary,True,ok,576,576
exp_c,exp_c__gsm8k_test_000713__think,gsm8k_test_000713,think,canonical,,answer_segment,20,10,False,49,49,True,12.632776260375977,,ok_qwen_token_boundary,True,ok,576,576
exp_c,exp_c__gsm8k_test_000713__no_think,gsm8k_test_000713,no_think,canonical,,full_output,6,10,False,50,50,True,15.11953353881836,,ok,True,ok,576,576
exp_c,exp_c__gsm8k_test_000713__no_think,gsm8k_test_000713,no_think,canonical,,full_output,13,10,False,50,50,True,12.473546981811523,,ok,True,ok,576,576
exp_c,exp_c__gsm8k_test_000713__no_think,gsm8k_test_000713,no_think,canonical,,full_output,20,10,False,50,50,True,12.528630256652832,,ok,True,ok,576,576
exp_c,exp_c__gsm8k_test_000713__no_think,gsm8k_test_000713,no_think,canonical,,answer_segment,6,10,False,50,50,True,15.11953353881836,,ok,True,ok,576,576
exp_c,exp_c__gsm8k_test_000713__no_think,gsm8k_test_000713,no_think,canonical,,answer_segment,13,10,False,50,50,True,12.473546981811523,,ok,True,ok,576,576
exp_c,exp_c__gsm8k_test_000713__no_think,gsm8k_test_000713,no_think,canonical,,answer_segment,20,10,False,50,50,True,12.528630256652832,,ok,True,ok,576,576
exp_c,exp_c__gsm8k_test_000740__think,gsm8k_test_000740,think,canonical,,full_output,6,10,False,236,236,True,16.526554107666016,,ok,True,ok,25,25
exp_c,exp_c__gsm8k_test_000740__think,gsm8k_test_000740,think,canonical,,full_output,13,10,False,236,236,True,12.912776947021484,,ok,True,ok,25,25
exp_c,exp_c__gsm8k_test_000740__think,gsm8k_test_000740,think,canonical,,full_output,20,10,False,236,236,True,13.261067390441895,,ok,True,ok,25,25
exp_c,exp_c__gsm8k_test_000740__think,gsm8k_test_000740,think,canonical,,thinking_segment,6,10,False,173,173,True,19.12753677368164,,ok_qwen_token_boundary,True,ok,25,25
exp_c,exp_c__gsm8k_test_000740__think,gsm8k_test_000740,think,canonical,,thinking_segment,13,10,False,173,173,True,13.405163764953613,,ok_qwen_token_boundary,True,ok,25,25
exp_c,exp_c__gsm8k_test_000740__think,gsm8k_test_000740,think,canonical,,thinking_segment,20,10,False,173,173,True,13.877291679382324,,ok_qwen_token_boundary,True,ok,25,25
exp_c,exp_c__gsm8k_test_000740__think,gsm8k_test_000740,think,canonical,,answer_segment,6,10,False,63,63,True,22.375253677368164,,ok_qwen_token_boundary,True,ok,25,25
exp_c,exp_c__gsm8k_test_000740__think,gsm8k_test_000740,think,canonical,,answer_segment,13,10,False,63,63,True,14.355670928955078,,ok_qwen_token_boundary,True,ok,25,25
exp_c,exp_c__gsm8k_test_000740__think,gsm8k_test_000740,think,canonical,,answer_segment,20,10,False,63,63,True,13.897326469421387,,ok_qwen_token_boundary,True,ok,25,25
exp_c,exp_c__gsm8k_test_000740__no_think,gsm8k_test_000740,no_think,canonical,,full_output,6,10,False,79,79,True,16.70627212524414,,ok,False,ok,25,23
exp_c,exp_c__gsm8k_test_000740__no_think,gsm8k_test_000740,no_think,canonical,,full_output,13,10,False,79,79,True,14.111076354980469,,ok,False,ok,25,23
exp_c,exp_c__gsm8k_test_000740__no_think,gsm8k_test_000740,no_think,canonical,,full_output,20,10,False,79,79,True,15.46924877166748,,ok,False,ok,25,23
exp_c,exp_c__gsm8k_test_000740__no_think,gsm8k_test_000740,no_think,canonical,,answer_segment,6,10,False,79,79,True,16.70627212524414,,ok,False,ok,25,23
exp_c,exp_c__gsm8k_test_000740__no_think,gsm8k_test_000740,no_think,canonical,,answer_segment,13,10,False,79,79,True,14.111076354980469,,ok,False,ok,25,23
exp_c,exp_c__gsm8k_test_000740__no_think,gsm8k_test_000740,no_think,canonical,,answer_segment,20,10,False,79,79,True,15.46924877166748,,ok,False,ok,25,23
exp_c,exp_c__gsm8k_test_000759__think,gsm8k_test_000759,think,canonical,,full_output,6,10,False,256,256,True,15.056723594665527,,ok,True,ok,60000,60000
exp_c,exp_c__gsm8k_test_000759__think,gsm8k_test_000759,think,canonical,,full_output,13,10,False,256,256,True,12.116596221923828,,ok,True,ok,60000,60000
exp_c,exp_c__gsm8k_test_000759__think,gsm8k_test_000759,think,canonical,,full_output,20,10,False,256,256,True,12.064696311950684,,ok,True,ok,60000,60000
exp_c,exp_c__gsm8k_test_000759__think,gsm8k_test_000759,think,canonical,,thinking_segment,6,10,False,200,200,True,16.41095542907715,,ok_qwen_token_boundary,True,ok,60000,60000
exp_c,exp_c__gsm8k_test_000759__think,gsm8k_test_000759,think,canonical,,thinking_segment,13,10,False,200,200,True,12.8165283203125,,ok_qwen_token_boundary,True,ok,60000,60000
exp_c,exp_c__gsm8k_test_000759__think,gsm8k_test_000759,think,canonical,,thinking_segment,20,10,False,200,200,True,12.62159538269043,,ok_qwen_token_boundary,True,ok,60000,60000
exp_c,exp_c__gsm8k_test_000759__think,gsm8k_test_000759,think,canonical,,answer_segment,6,10,False,56,56,True,14.000914573669434,,ok_qwen_token_boundary,True,ok,60000,60000
exp_c,exp_c__gsm8k_test_000759__think,gsm8k_test_000759,think,canonical,,answer_segment,13,10,False,56,56,True,12.120169639587402,,ok_qwen_token_boundary,True,ok,60000,60000
exp_c,exp_c__gsm8k_test_000759__think,gsm8k_test_000759,think,canonical,,answer_segment,20,10,False,56,56,True,11.692438125610352,,ok_qwen_token_boundary,True,ok,60000,60000
exp_c,exp_c__gsm8k_test_000759__no_think,gsm8k_test_000759,no_think,canonical,,full_output,6,10,False,54,54,True,12.600008010864258,,ok,True,ok,60000,60000
exp_c,exp_c__gsm8k_test_000759__no_think,gsm8k_test_000759,no_think,canonical,,full_output,13,10,False,54,54,True,10.66745662689209,,ok,True,ok,60000,60000
exp_c,exp_c__gsm8k_test_000759__no_think,gsm8k_test_000759,no_think,canonical,,full_output,20,10,False,54,54,True,10.972192764282227,,ok,True,ok,60000,60000
exp_c,exp_c__gsm8k_test_000759__no_think,gsm8k_test_000759,no_think,canonical,,answer_segment,6,10,False,54,54,True,12.600008010864258,,ok,True,ok,60000,60000
exp_c,exp_c__gsm8k_test_000759__no_think,gsm8k_test_000759,no_think,canonical,,answer_segment,13,10,False,54,54,True,10.66745662689209,,ok,True,ok,60000,60000
exp_c,exp_c__gsm8k_test_000759__no_think,gsm8k_test_000759,no_think,canonical,,answer_segment,20,10,False,54,54,True,10.972192764282227,,ok,True,ok,60000,60000
exp_c,exp_c__gsm8k_test_000760__think,gsm8k_test_000760,think,canonical,,full_output,6,10,False,315,315,True,14.649539947509766,,ok,True,ok,16,16
exp_c,exp_c__gsm8k_test_000760__think,gsm8k_test_000760,think,canonical,,full_output,13,10,False,315,315,True,11.762462615966797,,ok,True,ok,16,16
exp_c,exp_c__gsm8k_test_000760__think,gsm8k_test_000760,think,canonical,,full_output,20,10,False,315,315,True,12.001099586486816,,ok,True,ok,16,16
exp_c,exp_c__gsm8k_test_000760__think,gsm8k_test_000760,think,canonical,,thinking_segment,6,10,False,244,244,True,15.813040733337402,,ok_qwen_token_boundary,True,ok,16,16
exp_c,exp_c__gsm8k_test_000760__think,gsm8k_test_000760,think,canonical,,thinking_segment,13,10,False,244,244,True,11.917919158935547,,ok_qwen_token_boundary,True,ok,16,16
exp_c,exp_c__gsm8k_test_000760__think,gsm8k_test_000760,think,canonical,,thinking_segment,20,10,False,244,244,True,11.647165298461914,,ok_qwen_token_boundary,True,ok,16,16
exp_c,exp_c__gsm8k_test_000760__think,gsm8k_test_000760,think,canonical,,answer_segment,6,10,False,71,71,True,13.817475318908691,,ok_qwen_token_boundary,True,ok,16,16
exp_c,exp_c__gsm8k_test_000760__think,gsm8k_test_000760,think,canonical,,answer_segment,13,10,False,71,71,True,13.61347484588623,,ok_qwen_token_boundary,True,ok,16,16
exp_c,exp_c__gsm8k_test_000760__think,gsm8k_test_000760,think,canonical,,answer_segment,20,10,False,71,71,True,11.412811279296875,,ok_qwen_token_boundary,True,ok,16,16
exp_c,exp_c__gsm8k_test_000760__no_think,gsm8k_test_000760,no_think,canonical,,full_output,6,10,False,65,65,True,14.785594940185547,,ok,False,ok,16,20
exp_c,exp_c__gsm8k_test_000760__no_think,gsm8k_test_000760,no_think,canonical,,full_output,13,10,False,65,65,True,12.278597831726074,,ok,False,ok,16,20
exp_c,exp_c__gsm8k_test_000760__no_think,gsm8k_test_000760,no_think,canonical,,full_output,20,10,False,65,65,True,11.654890060424805,,ok,False,ok,16,20
exp_c,exp_c__gsm8k_test_000760__no_think,gsm8k_test_000760,no_think,canonical,,answer_segment,6,10,False,65,65,True,14.785594940185547,,ok,False,ok,16,20
exp_c,exp_c__gsm8k_test_000760__no_think,gsm8k_test_000760,no_think,canonical,,answer_segment,13,10,False,65,65,True,12.278597831726074,,ok,False,ok,16,20
exp_c,exp_c__gsm8k_test_000760__no_think,gsm8k_test_000760,no_think,canonical,,answer_segment,20,10,False,65,65,True,11.654890060424805,,ok,False,ok,16,20
exp_c,exp_c__gsm8k_test_000767__think,gsm8k_test_000767,think,canonical,,full_output,6,10,False,313,313,True,13.412839889526367,,ok,True,ok,60,60
exp_c,exp_c__gsm8k_test_000767__think,gsm8k_test_000767,think,canonical,,full_output,13,10,False,313,313,True,11.175673484802246,,ok,True,ok,60,60
exp_c,exp_c__gsm8k_test_000767__think,gsm8k_test_000767,think,canonical,,full_output,20,10,False,313,313,True,11.524185180664062,,ok,True,ok,60,60
exp_c,exp_c__gsm8k_test_000767__think,gsm8k_test_000767,think,canonical,,thinking_segment,6,10,False,269,269,True,15.698686599731445,,ok_qwen_token_boundary,True,ok,60,60
exp_c,exp_c__gsm8k_test_000767__think,gsm8k_test_000767,think,canonical,,thinking_segment,13,10,False,269,269,True,12.103215217590332,,ok_qwen_token_boundary,True,ok,60,60
exp_c,exp_c__gsm8k_test_000767__think,gsm8k_test_000767,think,canonical,,thinking_segment,20,10,False,269,269,True,12.284979820251465,,ok_qwen_token_boundary,True,ok,60,60
exp_c,exp_c__gsm8k_test_000767__think,gsm8k_test_000767,think,canonical,,answer_segment,6,10,False,44,44,True,16.223512649536133,,ok_qwen_token_boundary,True,ok,60,60
exp_c,exp_c__gsm8k_test_000767__think,gsm8k_test_000767,think,canonical,,answer_segment,13,10,False,44,44,True,11.645941734313965,,ok_qwen_token_boundary,True,ok,60,60
exp_c,exp_c__gsm8k_test_000767__think,gsm8k_test_000767,think,canonical,,answer_segment,20,10,False,44,44,True,12.169088363647461,,ok_qwen_token_boundary,True,ok,60,60
exp_c,exp_c__gsm8k_test_000767__no_think,gsm8k_test_000767,no_think,canonical,,full_output,6,10,False,46,46,True,14.92038631439209,,ok,True,ok,60,60
exp_c,exp_c__gsm8k_test_000767__no_think,gsm8k_test_000767,no_think,canonical,,full_output,13,10,False,46,46,True,11.321859359741211,,ok,True,ok,60,60
exp_c,exp_c__gsm8k_test_000767__no_think,gsm8k_test_000767,no_think,canonical,,full_output,20,10,False,46,46,True,11.510138511657715,,ok,True,ok,60,60
exp_c,exp_c__gsm8k_test_000767__no_think,gsm8k_test_000767,no_think,canonical,,answer_segment,6,10,False,46,46,True,14.92038631439209,,ok,True,ok,60,60
exp_c,exp_c__gsm8k_test_000767__no_think,gsm8k_test_000767,no_think,canonical,,answer_segment,13,10,False,46,46,True,11.321859359741211,,ok,True,ok,60,60
exp_c,exp_c__gsm8k_test_000767__no_think,gsm8k_test_000767,no_think,canonical,,answer_segment,20,10,False,46,46,True,11.510138511657715,,ok,True,ok,60,60
exp_c,exp_c__gsm8k_test_000775__think,gsm8k_test_000775,think,canonical,,full_output,6,10,False,404,404,True,17.739015579223633,,ok,True,ok,276,276
exp_c,exp_c__gsm8k_test_000775__think,gsm8k_test_000775,think,canonical,,full_output,13,10,False,404,404,True,12.369324684143066,,ok,True,ok,276,276
exp_c,exp_c__gsm8k_test_000775__think,gsm8k_test_000775,think,canonical,,full_output,20,10,False,404,404,True,12.493973731994629,,ok,True,ok,276,276
exp_c,exp_c__gsm8k_test_000775__think,gsm8k_test_000775,think,canonical,,thinking_segment,6,10,False,357,357,True,17.495698928833008,,ok_qwen_token_boundary,True,ok,276,276
exp_c,exp_c__gsm8k_test_000775__think,gsm8k_test_000775,think,canonical,,thinking_segment,13,10,False,357,357,True,12.211777687072754,,ok_qwen_token_boundary,True,ok,276,276
exp_c,exp_c__gsm8k_test_000775__think,gsm8k_test_000775,think,canonical,,thinking_segment,20,10,False,357,357,True,12.59871768951416,,ok_qwen_token_boundary,True,ok,276,276
exp_c,exp_c__gsm8k_test_000775__think,gsm8k_test_000775,think,canonical,,answer_segment,6,10,False,47,47,True,16.749183654785156,,ok_qwen_token_boundary,True,ok,276,276
exp_c,exp_c__gsm8k_test_000775__think,gsm8k_test_000775,think,canonical,,answer_segment,13,10,False,47,47,True,13.986659049987793,,ok_qwen_token_boundary,True,ok,276,276
exp_c,exp_c__gsm8k_test_000775__think,gsm8k_test_000775,think,canonical,,answer_segment,20,10,False,47,47,True,12.653410911560059,,ok_qwen_token_boundary,True,ok,276,276
exp_c,exp_c__gsm8k_test_000775__no_think,gsm8k_test_000775,no_think,canonical,,full_output,6,10,False,46,46,True,16.010286331176758,,ok,False,ok,276,258
exp_c,exp_c__gsm8k_test_000775__no_think,gsm8k_test_000775,no_think,canonical,,full_output,13,10,False,46,46,True,12.92721176147461,,ok,False,ok,276,258
exp_c,exp_c__gsm8k_test_000775__no_think,gsm8k_test_000775,no_think,canonical,,full_output,20,10,False,46,46,True,13.071996688842773,,ok,False,ok,276,258
exp_c,exp_c__gsm8k_test_000775__no_think,gsm8k_test_000775,no_think,canonical,,answer_segment,6,10,False,46,46,True,16.010286331176758,,ok,False,ok,276,258
exp_c,exp_c__gsm8k_test_000775__no_think,gsm8k_test_000775,no_think,canonical,,answer_segment,13,10,False,46,46,True,12.92721176147461,,ok,False,ok,276,258
exp_c,exp_c__gsm8k_test_000775__no_think,gsm8k_test_000775,no_think,canonical,,answer_segment,20,10,False,46,46,True,13.071996688842773,,ok,False,ok,276,258
exp_c,exp_c__gsm8k_test_000776__think,gsm8k_test_000776,think,canonical,,full_output,6,10,False,379,379,True,14.929549217224121,,ok,True,ok,800,800
exp_c,exp_c__gsm8k_test_000776__think,gsm8k_test_000776,think,canonical,,full_output,13,10,False,379,379,True,12.318770408630371,,ok,True,ok,800,800
exp_c,exp_c__gsm8k_test_000776__think,gsm8k_test_000776,think,canonical,,full_output,20,10,False,379,379,True,12.17057991027832,,ok,True,ok,800,800
exp_c,exp_c__gsm8k_test_000776__think,gsm8k_test_000776,think,canonical,,thinking_segment,6,10,False,326,326,True,16.132349014282227,,ok_qwen_token_boundary,True,ok,800,800
exp_c,exp_c__gsm8k_test_000776__think,gsm8k_test_000776,think,canonical,,thinking_segment,13,10,False,326,326,True,13.246912002563477,,ok_qwen_token_boundary,True,ok,800,800
exp_c,exp_c__gsm8k_test_000776__think,gsm8k_test_000776,think,canonical,,thinking_segment,20,10,False,326,326,True,13.072304725646973,,ok_qwen_token_boundary,True,ok,800,800
exp_c,exp_c__gsm8k_test_000776__think,gsm8k_test_000776,think,canonical,,answer_segment,6,10,False,53,53,True,16.1179141998291,,ok_qwen_token_boundary,True,ok,800,800
exp_c,exp_c__gsm8k_test_000776__think,gsm8k_test_000776,think,canonical,,answer_segment,13,10,False,53,53,True,12.674925804138184,,ok_qwen_token_boundary,True,ok,800,800
exp_c,exp_c__gsm8k_test_000776__think,gsm8k_test_000776,think,canonical,,answer_segment,20,10,False,53,53,True,12.129673957824707,,ok_qwen_token_boundary,True,ok,800,800
exp_c,exp_c__gsm8k_test_000776__no_think,gsm8k_test_000776,no_think,canonical,,full_output,6,10,False,52,52,True,13.944113731384277,,ok,True,ok,800,800
exp_c,exp_c__gsm8k_test_000776__no_think,gsm8k_test_000776,no_think,canonical,,full_output,13,10,False,52,52,True,12.06640625,,ok,True,ok,800,800
exp_c,exp_c__gsm8k_test_000776__no_think,gsm8k_test_000776,no_think,canonical,,full_output,20,10,False,52,52,True,12.62476921081543,,ok,True,ok,800,800
exp_c,exp_c__gsm8k_test_000776__no_think,gsm8k_test_000776,no_think,canonical,,answer_segment,6,10,False,52,52,True,13.944113731384277,,ok,True,ok,800,800
exp_c,exp_c__gsm8k_test_000776__no_think,gsm8k_test_000776,no_think,canonical,,answer_segment,13,10,False,52,52,True,12.06640625,,ok,True,ok,800,800
exp_c,exp_c__gsm8k_test_000776__no_think,gsm8k_test_000776,no_think,canonical,,answer_segment,20,10,False,52,52,True,12.62476921081543,,ok,True,ok,800,800
exp_c,exp_c__gsm8k_test_000781__think,gsm8k_test_000781,think,canonical,,full_output,6,10,False,197,197,True,17.43686294555664,,ok,True,ok,17,17
exp_c,exp_c__gsm8k_test_000781__think,gsm8k_test_000781,think,canonical,,full_output,13,10,False,197,197,True,13.352974891662598,,ok,True,ok,17,17
exp_c,exp_c__gsm8k_test_000781__think,gsm8k_test_000781,think,canonical,,full_output,20,10,False,197,197,True,13.05070972442627,,ok,True,ok,17,17
exp_c,exp_c__gsm8k_test_000781__think,gsm8k_test_000781,think,canonical,,thinking_segment,6,10,False,149,149,True,19.089555740356445,,ok_qwen_token_boundary,True,ok,17,17
exp_c,exp_c__gsm8k_test_000781__think,gsm8k_test_000781,think,canonical,,thinking_segment,13,10,False,149,149,True,14.059845924377441,,ok_qwen_token_boundary,True,ok,17,17
exp_c,exp_c__gsm8k_test_000781__think,gsm8k_test_000781,think,canonical,,thinking_segment,20,10,False,149,149,True,13.559294700622559,,ok_qwen_token_boundary,True,ok,17,17
exp_c,exp_c__gsm8k_test_000781__think,gsm8k_test_000781,think,canonical,,answer_segment,6,10,False,48,48,True,16.856130599975586,,ok_qwen_token_boundary,True,ok,17,17
exp_c,exp_c__gsm8k_test_000781__think,gsm8k_test_000781,think,canonical,,answer_segment,13,10,False,48,48,True,12.783822059631348,,ok_qwen_token_boundary,True,ok,17,17
exp_c,exp_c__gsm8k_test_000781__think,gsm8k_test_000781,think,canonical,,answer_segment,20,10,False,48,48,True,12.797091484069824,,ok_qwen_token_boundary,True,ok,17,17
exp_c,exp_c__gsm8k_test_000781__no_think,gsm8k_test_000781,no_think,canonical,,full_output,6,10,False,43,43,True,17.140518188476562,,ok,True,ok,17,17
exp_c,exp_c__gsm8k_test_000781__no_think,gsm8k_test_000781,no_think,canonical,,full_output,13,10,False,43,43,True,11.355474472045898,,ok,True,ok,17,17
exp_c,exp_c__gsm8k_test_000781__no_think,gsm8k_test_000781,no_think,canonical,,full_output,20,10,False,43,43,True,12.003180503845215,,ok,True,ok,17,17
exp_c,exp_c__gsm8k_test_000781__no_think,gsm8k_test_000781,no_think,canonical,,answer_segment,6,10,False,43,43,True,17.140518188476562,,ok,True,ok,17,17
exp_c,exp_c__gsm8k_test_000781__no_think,gsm8k_test_000781,no_think,canonical,,answer_segment,13,10,False,43,43,True,11.355474472045898,,ok,True,ok,17,17
exp_c,exp_c__gsm8k_test_000781__no_think,gsm8k_test_000781,no_think,canonical,,answer_segment,20,10,False,43,43,True,12.003180503845215,,ok,True,ok,17,17
exp_c,exp_c__gsm8k_test_000782__think,gsm8k_test_000782,think,canonical,,full_output,6,10,False,339,339,True,15.134653091430664,,ok,False,ok,54,27
exp_c,exp_c__gsm8k_test_000782__think,gsm8k_test_000782,think,canonical,,full_output,13,10,False,339,339,True,11.624186515808105,,ok,False,ok,54,27
exp_c,exp_c__gsm8k_test_000782__think,gsm8k_test_000782,think,canonical,,full_output,20,10,False,339,339,True,11.857339859008789,,ok,False,ok,54,27
exp_c,exp_c__gsm8k_test_000782__think,gsm8k_test_000782,think,canonical,,thinking_segment,6,10,False,287,287,True,16.86655044555664,,ok_qwen_token_boundary,False,ok,54,27
exp_c,exp_c__gsm8k_test_000782__think,gsm8k_test_000782,think,canonical,,thinking_segment,13,10,False,287,287,True,12.010674476623535,,ok_qwen_token_boundary,False,ok,54,27
exp_c,exp_c__gsm8k_test_000782__think,gsm8k_test_000782,think,canonical,,thinking_segment,20,10,False,287,287,True,12.385088920593262,,ok_qwen_token_boundary,False,ok,54,27
exp_c,exp_c__gsm8k_test_000782__think,gsm8k_test_000782,think,canonical,,answer_segment,6,10,False,52,52,True,17.238075256347656,,ok_qwen_token_boundary,False,ok,54,27
exp_c,exp_c__gsm8k_test_000782__think,gsm8k_test_000782,think,canonical,,answer_segment,13,10,False,52,52,True,13.453937530517578,,ok_qwen_token_boundary,False,ok,54,27
exp_c,exp_c__gsm8k_test_000782__think,gsm8k_test_000782,think,canonical,,answer_segment,20,10,False,52,52,True,12.416468620300293,,ok_qwen_token_boundary,False,ok,54,27
exp_c,exp_c__gsm8k_test_000782__no_think,gsm8k_test_000782,no_think,canonical,,full_output,6,10,False,53,53,True,15.31772232055664,,ok,False,ok,54,27
exp_c,exp_c__gsm8k_test_000782__no_think,gsm8k_test_000782,no_think,canonical,,full_output,13,10,False,53,53,True,10.828351020812988,,ok,False,ok,54,27
exp_c,exp_c__gsm8k_test_000782__no_think,gsm8k_test_000782,no_think,canonical,,full_output,20,10,False,53,53,True,12.829185485839844,,ok,False,ok,54,27
exp_c,exp_c__gsm8k_test_000782__no_think,gsm8k_test_000782,no_think,canonical,,answer_segment,6,10,False,53,53,True,15.31772232055664,,ok,False,ok,54,27
exp_c,exp_c__gsm8k_test_000782__no_think,gsm8k_test_000782,no_think,canonical,,answer_segment,13,10,False,53,53,True,10.828351020812988,,ok,False,ok,54,27
exp_c,exp_c__gsm8k_test_000782__no_think,gsm8k_test_000782,no_think,canonical,,answer_segment,20,10,False,53,53,True,12.829185485839844,,ok,False,ok,54,27
exp_c,exp_c__gsm8k_test_000795__think,gsm8k_test_000795,think,canonical,,full_output,6,10,False,262,262,True,16.964460372924805,,ok,True,ok,20,20
exp_c,exp_c__gsm8k_test_000795__think,gsm8k_test_000795,think,canonical,,full_output,13,10,False,262,262,True,12.762128829956055,,ok,True,ok,20,20
exp_c,exp_c__gsm8k_test_000795__think,gsm8k_test_000795,think,canonical,,full_output,20,10,False,262,262,True,12.321513175964355,,ok,True,ok,20,20
exp_c,exp_c__gsm8k_test_000795__think,gsm8k_test_000795,think,canonical,,thinking_segment,6,10,False,206,206,True,17.94645118713379,,ok_qwen_token_boundary,True,ok,20,20
exp_c,exp_c__gsm8k_test_000795__think,gsm8k_test_000795,think,canonical,,thinking_segment,13,10,False,206,206,True,12.80661678314209,,ok_qwen_token_boundary,True,ok,20,20
exp_c,exp_c__gsm8k_test_000795__think,gsm8k_test_000795,think,canonical,,thinking_segment,20,10,False,206,206,True,12.539505958557129,,ok_qwen_token_boundary,True,ok,20,20
exp_c,exp_c__gsm8k_test_000795__think,gsm8k_test_000795,think,canonical,,answer_segment,6,10,False,56,56,True,16.315204620361328,,ok_qwen_token_boundary,True,ok,20,20
exp_c,exp_c__gsm8k_test_000795__think,gsm8k_test_000795,think,canonical,,answer_segment,13,10,False,56,56,True,12.374730110168457,,ok_qwen_token_boundary,True,ok,20,20
exp_c,exp_c__gsm8k_test_000795__think,gsm8k_test_000795,think,canonical,,answer_segment,20,10,False,56,56,True,11.377336502075195,,ok_qwen_token_boundary,True,ok,20,20
exp_c,exp_c__gsm8k_test_000795__no_think,gsm8k_test_000795,no_think,canonical,,full_output,6,10,False,43,43,True,15.181702613830566,,ok,False,ok,20,10
exp_c,exp_c__gsm8k_test_000795__no_think,gsm8k_test_000795,no_think,canonical,,full_output,13,10,False,43,43,True,13.496639251708984,,ok,False,ok,20,10
exp_c,exp_c__gsm8k_test_000795__no_think,gsm8k_test_000795,no_think,canonical,,full_output,20,10,False,43,43,True,13.05007553100586,,ok,False,ok,20,10
exp_c,exp_c__gsm8k_test_000795__no_think,gsm8k_test_000795,no_think,canonical,,answer_segment,6,10,False,43,43,True,15.181702613830566,,ok,False,ok,20,10
exp_c,exp_c__gsm8k_test_000795__no_think,gsm8k_test_000795,no_think,canonical,,answer_segment,13,10,False,43,43,True,13.496639251708984,,ok,False,ok,20,10
exp_c,exp_c__gsm8k_test_000795__no_think,gsm8k_test_000795,no_think,canonical,,answer_segment,20,10,False,43,43,True,13.05007553100586,,ok,False,ok,20,10
exp_c,exp_c__gsm8k_test_000814__think,gsm8k_test_000814,think,canonical,,full_output,6,10,False,407,407,True,15.834932327270508,,ok,False,ok,11,17
exp_c,exp_c__gsm8k_test_000814__think,gsm8k_test_000814,think,canonical,,full_output,13,10,False,407,407,True,12.624232292175293,,ok,False,ok,11,17
exp_c,exp_c__gsm8k_test_000814__think,gsm8k_test_000814,think,canonical,,full_output,20,10,False,407,407,True,12.868712425231934,,ok,False,ok,11,17
exp_c,exp_c__gsm8k_test_000814__think,gsm8k_test_000814,think,canonical,,thinking_segment,6,10,False,340,340,True,17.052621841430664,,ok_qwen_token_boundary,False,ok,11,17
exp_c,exp_c__gsm8k_test_000814__think,gsm8k_test_000814,think,canonical,,thinking_segment,13,10,False,340,340,True,12.992168426513672,,ok_qwen_token_boundary,False,ok,11,17
exp_c,exp_c__gsm8k_test_000814__think,gsm8k_test_000814,think,canonical,,thinking_segment,20,10,False,340,340,True,13.021791458129883,,ok_qwen_token_boundary,False,ok,11,17
exp_c,exp_c__gsm8k_test_000814__think,gsm8k_test_000814,think,canonical,,answer_segment,6,10,False,67,67,True,21.660425186157227,,ok_qwen_token_boundary,False,ok,11,17
exp_c,exp_c__gsm8k_test_000814__think,gsm8k_test_000814,think,canonical,,answer_segment,13,10,False,67,67,True,12.564417839050293,,ok_qwen_token_boundary,False,ok,11,17
exp_c,exp_c__gsm8k_test_000814__think,gsm8k_test_000814,think,canonical,,answer_segment,20,10,False,67,67,True,12.149640083312988,,ok_qwen_token_boundary,False,ok,11,17
exp_c,exp_c__gsm8k_test_000814__no_think,gsm8k_test_000814,no_think,canonical,,full_output,6,10,False,66,66,True,16.03871726989746,,ok,False,ok,11,24
exp_c,exp_c__gsm8k_test_000814__no_think,gsm8k_test_000814,no_think,canonical,,full_output,13,10,False,66,66,True,10.64250659942627,,ok,False,ok,11,24
exp_c,exp_c__gsm8k_test_000814__no_think,gsm8k_test_000814,no_think,canonical,,full_output,20,10,False,66,66,True,12.057724952697754,,ok,False,ok,11,24
exp_c,exp_c__gsm8k_test_000814__no_think,gsm8k_test_000814,no_think,canonical,,answer_segment,6,10,False,66,66,True,16.03871726989746,,ok,False,ok,11,24
exp_c,exp_c__gsm8k_test_000814__no_think,gsm8k_test_000814,no_think,canonical,,answer_segment,13,10,False,66,66,True,10.64250659942627,,ok,False,ok,11,24
exp_c,exp_c__gsm8k_test_000814__no_think,gsm8k_test_000814,no_think,canonical,,answer_segment,20,10,False,66,66,True,12.057724952697754,,ok,False,ok,11,24
exp_c,exp_c__gsm8k_test_000828__think,gsm8k_test_000828,think,canonical,,full_output,6,10,False,253,253,True,19.956026077270508,,ok,True,ok,60,60
exp_c,exp_c__gsm8k_test_000828__think,gsm8k_test_000828,think,canonical,,full_output,13,10,False,253,253,True,13.576403617858887,,ok,True,ok,60,60
exp_c,exp_c__gsm8k_test_000828__think,gsm8k_test_000828,think,canonical,,full_output,20,10,False,253,253,True,13.359347343444824,,ok,True,ok,60,60
exp_c,exp_c__gsm8k_test_000828__think,gsm8k_test_000828,think,canonical,,thinking_segment,6,10,False,203,203,True,19.839744567871094,,ok_qwen_token_boundary,True,ok,60,60
exp_c,exp_c__gsm8k_test_000828__think,gsm8k_test_000828,think,canonical,,thinking_segment,13,10,False,203,203,True,13.25105094909668,,ok_qwen_token_boundary,True,ok,60,60
exp_c,exp_c__gsm8k_test_000828__think,gsm8k_test_000828,think,canonical,,thinking_segment,20,10,False,203,203,True,13.353443145751953,,ok_qwen_token_boundary,True,ok,60,60
exp_c,exp_c__gsm8k_test_000828__think,gsm8k_test_000828,think,canonical,,answer_segment,6,10,False,50,50,True,19.478002548217773,,ok_qwen_token_boundary,True,ok,60,60
exp_c,exp_c__gsm8k_test_000828__think,gsm8k_test_000828,think,canonical,,answer_segment,13,10,False,50,50,True,14.5798978805542,,ok_qwen_token_boundary,True,ok,60,60
exp_c,exp_c__gsm8k_test_000828__think,gsm8k_test_000828,think,canonical,,answer_segment,20,10,False,50,50,True,13.222038269042969,,ok_qwen_token_boundary,True,ok,60,60
exp_c,exp_c__gsm8k_test_000828__no_think,gsm8k_test_000828,no_think,canonical,,full_output,6,10,False,50,50,True,17.66233253479004,,ok,True,ok,60,60
exp_c,exp_c__gsm8k_test_000828__no_think,gsm8k_test_000828,no_think,canonical,,full_output,13,10,False,50,50,True,12.709599494934082,,ok,True,ok,60,60
exp_c,exp_c__gsm8k_test_000828__no_think,gsm8k_test_000828,no_think,canonical,,full_output,20,10,False,50,50,True,13.108170509338379,,ok,True,ok,60,60
exp_c,exp_c__gsm8k_test_000828__no_think,gsm8k_test_000828,no_think,canonical,,answer_segment,6,10,False,50,50,True,17.66233253479004,,ok,True,ok,60,60
exp_c,exp_c__gsm8k_test_000828__no_think,gsm8k_test_000828,no_think,canonical,,answer_segment,13,10,False,50,50,True,12.709599494934082,,ok,True,ok,60,60
exp_c,exp_c__gsm8k_test_000828__no_think,gsm8k_test_000828,no_think,canonical,,answer_segment,20,10,False,50,50,True,13.108170509338379,,ok,True,ok,60,60
exp_c,exp_c__gsm8k_test_000829__think,gsm8k_test_000829,think,canonical,,full_output,6,10,False,230,230,True,13.882440567016602,,ok,True,ok,14000,14000
exp_c,exp_c__gsm8k_test_000829__think,gsm8k_test_000829,think,canonical,,full_output,13,10,False,230,230,True,13.19361400604248,,ok,True,ok,14000,14000
exp_c,exp_c__gsm8k_test_000829__think,gsm8k_test_000829,think,canonical,,full_output,20,10,False,230,230,True,13.357636451721191,,ok,True,ok,14000,14000
exp_c,exp_c__gsm8k_test_000829__think,gsm8k_test_000829,think,canonical,,thinking_segment,6,10,False,162,162,True,14.785675048828125,,ok_qwen_token_boundary,True,ok,14000,14000
exp_c,exp_c__gsm8k_test_000829__think,gsm8k_test_000829,think,canonical,,thinking_segment,13,10,False,162,162,True,15.186590194702148,,ok_qwen_token_boundary,True,ok,14000,14000
exp_c,exp_c__gsm8k_test_000829__think,gsm8k_test_000829,think,canonical,,thinking_segment,20,10,False,162,162,True,14.332935333251953,,ok_qwen_token_boundary,True,ok,14000,14000
exp_c,exp_c__gsm8k_test_000829__think,gsm8k_test_000829,think,canonical,,answer_segment,6,10,False,68,68,True,15.785178184509277,,ok_qwen_token_boundary,True,ok,14000,14000
exp_c,exp_c__gsm8k_test_000829__think,gsm8k_test_000829,think,canonical,,answer_segment,13,10,False,68,68,True,13.894222259521484,,ok_qwen_token_boundary,True,ok,14000,14000
exp_c,exp_c__gsm8k_test_000829__think,gsm8k_test_000829,think,canonical,,answer_segment,20,10,False,68,68,True,12.988921165466309,,ok_qwen_token_boundary,True,ok,14000,14000
exp_c,exp_c__gsm8k_test_000829__no_think,gsm8k_test_000829,no_think,canonical,,full_output,6,10,False,74,74,True,15.70496940612793,,ok,True,ok,14000,14000
exp_c,exp_c__gsm8k_test_000829__no_think,gsm8k_test_000829,no_think,canonical,,full_output,13,10,False,74,74,True,13.801738739013672,,ok,True,ok,14000,14000
exp_c,exp_c__gsm8k_test_000829__no_think,gsm8k_test_000829,no_think,canonical,,full_output,20,10,False,74,74,True,12.740155220031738,,ok,True,ok,14000,14000
exp_c,exp_c__gsm8k_test_000829__no_think,gsm8k_test_000829,no_think,canonical,,answer_segment,6,10,False,74,74,True,15.70496940612793,,ok,True,ok,14000,14000
exp_c,exp_c__gsm8k_test_000829__no_think,gsm8k_test_000829,no_think,canonical,,answer_segment,13,10,False,74,74,True,13.801738739013672,,ok,True,ok,14000,14000
exp_c,exp_c__gsm8k_test_000829__no_think,gsm8k_test_000829,no_think,canonical,,answer_segment,20,10,False,74,74,True,12.740155220031738,,ok,True,ok,14000,14000
exp_c,exp_c__gsm8k_test_000830__think,gsm8k_test_000830,think,canonical,,full_output,6,10,False,565,565,True,14.090018272399902,,ok,True,ok,1128,1128
exp_c,exp_c__gsm8k_test_000830__think,gsm8k_test_000830,think,canonical,,full_output,13,10,False,565,565,True,11.492634773254395,,ok,True,ok,1128,1128
exp_c,exp_c__gsm8k_test_000830__think,gsm8k_test_000830,think,canonical,,full_output,20,10,False,565,565,True,11.183780670166016,,ok,True,ok,1128,1128
exp_c,exp_c__gsm8k_test_000830__think,gsm8k_test_000830,think,canonical,,thinking_segment,6,10,False,501,501,True,14.76107120513916,,ok_qwen_token_boundary,True,ok,1128,1128
exp_c,exp_c__gsm8k_test_000830__think,gsm8k_test_000830,think,canonical,,thinking_segment,13,10,False,501,501,True,11.468605995178223,,ok_qwen_token_boundary,True,ok,1128,1128
exp_c,exp_c__gsm8k_test_000830__think,gsm8k_test_000830,think,canonical,,thinking_segment,20,10,False,501,501,True,11.332834243774414,,ok_qwen_token_boundary,True,ok,1128,1128
exp_c,exp_c__gsm8k_test_000830__think,gsm8k_test_000830,think,canonical,,answer_segment,6,10,False,64,64,True,21.452350616455078,,ok_qwen_token_boundary,True,ok,1128,1128
exp_c,exp_c__gsm8k_test_000830__think,gsm8k_test_000830,think,canonical,,answer_segment,13,10,False,64,64,True,12.781898498535156,,ok_qwen_token_boundary,True,ok,1128,1128
exp_c,exp_c__gsm8k_test_000830__think,gsm8k_test_000830,think,canonical,,answer_segment,20,10,False,64,64,True,12.395421028137207,,ok_qwen_token_boundary,True,ok,1128,1128
exp_c,exp_c__gsm8k_test_000830__no_think,gsm8k_test_000830,no_think,canonical,,full_output,6,10,False,51,51,True,20.314619064331055,,ok,False,ok,1128,2280
exp_c,exp_c__gsm8k_test_000830__no_think,gsm8k_test_000830,no_think,canonical,,full_output,13,10,False,51,51,True,12.453779220581055,,ok,False,ok,1128,2280
exp_c,exp_c__gsm8k_test_000830__no_think,gsm8k_test_000830,no_think,canonical,,full_output,20,10,False,51,51,True,12.219300270080566,,ok,False,ok,1128,2280
exp_c,exp_c__gsm8k_test_000830__no_think,gsm8k_test_000830,no_think,canonical,,answer_segment,6,10,False,51,51,True,20.314619064331055,,ok,False,ok,1128,2280
exp_c,exp_c__gsm8k_test_000830__no_think,gsm8k_test_000830,no_think,canonical,,answer_segment,13,10,False,51,51,True,12.453779220581055,,ok,False,ok,1128,2280
exp_c,exp_c__gsm8k_test_000830__no_think,gsm8k_test_000830,no_think,canonical,,answer_segment,20,10,False,51,51,True,12.219300270080566,,ok,False,ok,1128,2280
exp_c,exp_c__gsm8k_test_000848__think,gsm8k_test_000848,think,canonical,,full_output,6,10,False,284,284,True,15.424738883972168,,ok,True,ok,10,10
exp_c,exp_c__gsm8k_test_000848__think,gsm8k_test_000848,think,canonical,,full_output,13,10,False,284,284,True,11.465017318725586,,ok,True,ok,10,10
exp_c,exp_c__gsm8k_test_000848__think,gsm8k_test_000848,think,canonical,,full_output,20,10,False,284,284,True,11.892916679382324,,ok,True,ok,10,10
exp_c,exp_c__gsm8k_test_000848__think,gsm8k_test_000848,think,canonical,,thinking_segment,6,10,False,229,229,True,15.845505714416504,,ok_qwen_token_boundary,True,ok,10,10
exp_c,exp_c__gsm8k_test_000848__think,gsm8k_test_000848,think,canonical,,thinking_segment,13,10,False,229,229,True,11.24551773071289,,ok_qwen_token_boundary,True,ok,10,10
exp_c,exp_c__gsm8k_test_000848__think,gsm8k_test_000848,think,canonical,,thinking_segment,20,10,False,229,229,True,12.019835472106934,,ok_qwen_token_boundary,True,ok,10,10
exp_c,exp_c__gsm8k_test_000848__think,gsm8k_test_000848,think,canonical,,answer_segment,6,10,False,55,55,True,16.641971588134766,,ok_qwen_token_boundary,True,ok,10,10
exp_c,exp_c__gsm8k_test_000848__think,gsm8k_test_000848,think,canonical,,answer_segment,13,10,False,55,55,True,12.298559188842773,,ok_qwen_token_boundary,True,ok,10,10
exp_c,exp_c__gsm8k_test_000848__think,gsm8k_test_000848,think,canonical,,answer_segment,20,10,False,55,55,True,11.299402236938477,,ok_qwen_token_boundary,True,ok,10,10
exp_c,exp_c__gsm8k_test_000848__no_think,gsm8k_test_000848,no_think,canonical,,full_output,6,10,False,55,55,True,16.896387100219727,,ok,True,ok,10,10
exp_c,exp_c__gsm8k_test_000848__no_think,gsm8k_test_000848,no_think,canonical,,full_output,13,10,False,55,55,True,11.791723251342773,,ok,True,ok,10,10
exp_c,exp_c__gsm8k_test_000848__no_think,gsm8k_test_000848,no_think,canonical,,full_output,20,10,False,55,55,True,12.193343162536621,,ok,True,ok,10,10
exp_c,exp_c__gsm8k_test_000848__no_think,gsm8k_test_000848,no_think,canonical,,answer_segment,6,10,False,55,55,True,16.896387100219727,,ok,True,ok,10,10
exp_c,exp_c__gsm8k_test_000848__no_think,gsm8k_test_000848,no_think,canonical,,answer_segment,13,10,False,55,55,True,11.791723251342773,,ok,True,ok,10,10
exp_c,exp_c__gsm8k_test_000848__no_think,gsm8k_test_000848,no_think,canonical,,answer_segment,20,10,False,55,55,True,12.193343162536621,,ok,True,ok,10,10
exp_c,exp_c__gsm8k_test_000852__think,gsm8k_test_000852,think,canonical,,full_output,6,10,False,571,571,True,14.770943641662598,,ok,False,ok,123,111
exp_c,exp_c__gsm8k_test_000852__think,gsm8k_test_000852,think,canonical,,full_output,13,10,False,571,571,True,9.686239242553711,,ok,False,ok,123,111
exp_c,exp_c__gsm8k_test_000852__think,gsm8k_test_000852,think,canonical,,full_output,20,10,False,571,571,True,10.178284645080566,,ok,False,ok,123,111
exp_c,exp_c__gsm8k_test_000852__think,gsm8k_test_000852,think,canonical,,thinking_segment,6,10,False,514,514,True,15.239805221557617,,ok_qwen_token_boundary,False,ok,123,111
exp_c,exp_c__gsm8k_test_000852__think,gsm8k_test_000852,think,canonical,,thinking_segment,13,10,False,514,514,True,9.454506874084473,,ok_qwen_token_boundary,False,ok,123,111
exp_c,exp_c__gsm8k_test_000852__think,gsm8k_test_000852,think,canonical,,thinking_segment,20,10,False,514,514,True,10.14254379272461,,ok_qwen_token_boundary,False,ok,123,111
exp_c,exp_c__gsm8k_test_000852__think,gsm8k_test_000852,think,canonical,,answer_segment,6,10,False,57,57,True,14.28003978729248,,ok_qwen_token_boundary,False,ok,123,111
exp_c,exp_c__gsm8k_test_000852__think,gsm8k_test_000852,think,canonical,,answer_segment,13,10,False,57,57,True,11.946342468261719,,ok_qwen_token_boundary,False,ok,123,111
exp_c,exp_c__gsm8k_test_000852__think,gsm8k_test_000852,think,canonical,,answer_segment,20,10,False,57,57,True,12.39453125,,ok_qwen_token_boundary,False,ok,123,111
exp_c,exp_c__gsm8k_test_000852__no_think,gsm8k_test_000852,no_think,canonical,,full_output,6,10,False,54,54,True,16.104589462280273,,ok,False,ok,123,111
exp_c,exp_c__gsm8k_test_000852__no_think,gsm8k_test_000852,no_think,canonical,,full_output,13,10,False,54,54,True,13.451207160949707,,ok,False,ok,123,111
exp_c,exp_c__gsm8k_test_000852__no_think,gsm8k_test_000852,no_think,canonical,,full_output,20,10,False,54,54,True,13.546612739562988,,ok,False,ok,123,111
exp_c,exp_c__gsm8k_test_000852__no_think,gsm8k_test_000852,no_think,canonical,,answer_segment,6,10,False,54,54,True,16.104589462280273,,ok,False,ok,123,111
exp_c,exp_c__gsm8k_test_000852__no_think,gsm8k_test_000852,no_think,canonical,,answer_segment,13,10,False,54,54,True,13.451207160949707,,ok,False,ok,123,111
exp_c,exp_c__gsm8k_test_000852__no_think,gsm8k_test_000852,no_think,canonical,,answer_segment,20,10,False,54,54,True,13.546612739562988,,ok,False,ok,123,111
exp_c,exp_c__gsm8k_test_000871__think,gsm8k_test_000871,think,canonical,,full_output,6,10,False,324,324,True,13.309903144836426,,ok,True,ok,48,48
exp_c,exp_c__gsm8k_test_000871__think,gsm8k_test_000871,think,canonical,,full_output,13,10,False,324,324,True,11.541322708129883,,ok,True,ok,48,48
exp_c,exp_c__gsm8k_test_000871__think,gsm8k_test_000871,think,canonical,,full_output,20,10,False,324,324,True,11.844864845275879,,ok,True,ok,48,48
exp_c,exp_c__gsm8k_test_000871__think,gsm8k_test_000871,think,canonical,,thinking_segment,6,10,False,252,252,True,12.7909517288208,,ok_qwen_token_boundary,True,ok,48,48
exp_c,exp_c__gsm8k_test_000871__think,gsm8k_test_000871,think,canonical,,thinking_segment,13,10,False,252,252,True,11.195233345031738,,ok_qwen_token_boundary,True,ok,48,48
exp_c,exp_c__gsm8k_test_000871__think,gsm8k_test_000871,think,canonical,,thinking_segment,20,10,False,252,252,True,11.307401657104492,,ok_qwen_token_boundary,True,ok,48,48
exp_c,exp_c__gsm8k_test_000871__think,gsm8k_test_000871,think,canonical,,answer_segment,6,10,False,72,72,True,16.143356323242188,,ok_qwen_token_boundary,True,ok,48,48
exp_c,exp_c__gsm8k_test_000871__think,gsm8k_test_000871,think,canonical,,answer_segment,13,10,False,72,72,True,12.60263442993164,,ok_qwen_token_boundary,True,ok,48,48
exp_c,exp_c__gsm8k_test_000871__think,gsm8k_test_000871,think,canonical,,answer_segment,20,10,False,72,72,True,12.677668571472168,,ok_qwen_token_boundary,True,ok,48,48
exp_c,exp_c__gsm8k_test_000871__no_think,gsm8k_test_000871,no_think,canonical,,full_output,6,10,False,68,68,True,14.442991256713867,,ok,False,ok,48,46
exp_c,exp_c__gsm8k_test_000871__no_think,gsm8k_test_000871,no_think,canonical,,full_output,13,10,False,68,68,True,11.733253479003906,,ok,False,ok,48,46
exp_c,exp_c__gsm8k_test_000871__no_think,gsm8k_test_000871,no_think,canonical,,full_output,20,10,False,68,68,True,12.82593059539795,,ok,False,ok,48,46
exp_c,exp_c__gsm8k_test_000871__no_think,gsm8k_test_000871,no_think,canonical,,answer_segment,6,10,False,68,68,True,14.442991256713867,,ok,False,ok,48,46
exp_c,exp_c__gsm8k_test_000871__no_think,gsm8k_test_000871,no_think,canonical,,answer_segment,13,10,False,68,68,True,11.733253479003906,,ok,False,ok,48,46
exp_c,exp_c__gsm8k_test_000871__no_think,gsm8k_test_000871,no_think,canonical,,answer_segment,20,10,False,68,68,True,12.82593059539795,,ok,False,ok,48,46
exp_c,exp_c__gsm8k_test_000875__think,gsm8k_test_000875,think,canonical,,full_output,6,10,False,300,300,True,14.378714561462402,,ok,True,ok,60,60
exp_c,exp_c__gsm8k_test_000875__think,gsm8k_test_000875,think,canonical,,full_output,13,10,False,300,300,True,13.542616844177246,,ok,True,ok,60,60
exp_c,exp_c__gsm8k_test_000875__think,gsm8k_test_000875,think,canonical,,full_output,20,10,False,300,300,True,13.516799926757812,,ok,True,ok,60,60
exp_c,exp_c__gsm8k_test_000875__think,gsm8k_test_000875,think,canonical,,thinking_segment,6,10,False,247,247,True,16.744638442993164,,ok_qwen_token_boundary,True,ok,60,60
exp_c,exp_c__gsm8k_test_000875__think,gsm8k_test_000875,think,canonical,,thinking_segment,13,10,False,247,247,True,13.760414123535156,,ok_qwen_token_boundary,True,ok,60,60
exp_c,exp_c__gsm8k_test_000875__think,gsm8k_test_000875,think,canonical,,thinking_segment,20,10,False,247,247,True,13.480278968811035,,ok_qwen_token_boundary,True,ok,60,60
exp_c,exp_c__gsm8k_test_000875__think,gsm8k_test_000875,think,canonical,,answer_segment,6,10,False,53,53,True,15.258084297180176,,ok_qwen_token_boundary,True,ok,60,60
exp_c,exp_c__gsm8k_test_000875__think,gsm8k_test_000875,think,canonical,,answer_segment,13,10,False,53,53,True,13.030085563659668,,ok_qwen_token_boundary,True,ok,60,60
exp_c,exp_c__gsm8k_test_000875__think,gsm8k_test_000875,think,canonical,,answer_segment,20,10,False,53,53,True,13.896255493164062,,ok_qwen_token_boundary,True,ok,60,60
exp_c,exp_c__gsm8k_test_000875__no_think,gsm8k_test_000875,no_think,canonical,,full_output,6,10,False,57,57,True,15.686724662780762,,ok,False,ok,60,54
exp_c,exp_c__gsm8k_test_000875__no_think,gsm8k_test_000875,no_think,canonical,,full_output,13,10,False,57,57,True,12.487837791442871,,ok,False,ok,60,54
exp_c,exp_c__gsm8k_test_000875__no_think,gsm8k_test_000875,no_think,canonical,,full_output,20,10,False,57,57,True,12.318921089172363,,ok,False,ok,60,54
exp_c,exp_c__gsm8k_test_000875__no_think,gsm8k_test_000875,no_think,canonical,,answer_segment,6,10,False,57,57,True,15.686724662780762,,ok,False,ok,60,54
exp_c,exp_c__gsm8k_test_000875__no_think,gsm8k_test_000875,no_think,canonical,,answer_segment,13,10,False,57,57,True,12.487837791442871,,ok,False,ok,60,54
exp_c,exp_c__gsm8k_test_000875__no_think,gsm8k_test_000875,no_think,canonical,,answer_segment,20,10,False,57,57,True,12.318921089172363,,ok,False,ok,60,54
exp_c,exp_c__gsm8k_test_000891__think,gsm8k_test_000891,think,canonical,,full_output,6,10,False,303,303,True,15.352936744689941,,ok,True,ok,55,55
exp_c,exp_c__gsm8k_test_000891__think,gsm8k_test_000891,think,canonical,,full_output,13,10,False,303,303,True,12.644123077392578,,ok,True,ok,55,55
exp_c,exp_c__gsm8k_test_000891__think,gsm8k_test_000891,think,canonical,,full_output,20,10,False,303,303,True,12.471810340881348,,ok,True,ok,55,55
exp_c,exp_c__gsm8k_test_000891__think,gsm8k_test_000891,think,canonical,,thinking_segment,6,10,False,257,257,True,15.452454566955566,,ok_qwen_token_boundary,True,ok,55,55
exp_c,exp_c__gsm8k_test_000891__think,gsm8k_test_000891,think,canonical,,thinking_segment,13,10,False,257,257,True,12.386941909790039,,ok_qwen_token_boundary,True,ok,55,55
exp_c,exp_c__gsm8k_test_000891__think,gsm8k_test_000891,think,canonical,,thinking_segment,20,10,False,257,257,True,12.40897274017334,,ok_qwen_token_boundary,True,ok,55,55
exp_c,exp_c__gsm8k_test_000891__think,gsm8k_test_000891,think,canonical,,answer_segment,6,10,False,46,46,True,17.73662567138672,,ok_qwen_token_boundary,True,ok,55,55
exp_c,exp_c__gsm8k_test_000891__think,gsm8k_test_000891,think,canonical,,answer_segment,13,10,False,46,46,True,11.284363746643066,,ok_qwen_token_boundary,True,ok,55,55
exp_c,exp_c__gsm8k_test_000891__think,gsm8k_test_000891,think,canonical,,answer_segment,20,10,False,46,46,True,12.05709457397461,,ok_qwen_token_boundary,True,ok,55,55
exp_c,exp_c__gsm8k_test_000891__no_think,gsm8k_test_000891,no_think,canonical,,full_output,6,10,False,58,58,True,19.207685470581055,,ok,True,ok,55,55
exp_c,exp_c__gsm8k_test_000891__no_think,gsm8k_test_000891,no_think,canonical,,full_output,13,10,False,58,58,True,11.685959815979004,,ok,True,ok,55,55
exp_c,exp_c__gsm8k_test_000891__no_think,gsm8k_test_000891,no_think,canonical,,full_output,20,10,False,58,58,True,11.23398208618164,,ok,True,ok,55,55
exp_c,exp_c__gsm8k_test_000891__no_think,gsm8k_test_000891,no_think,canonical,,answer_segment,6,10,False,58,58,True,19.207685470581055,,ok,True,ok,55,55
exp_c,exp_c__gsm8k_test_000891__no_think,gsm8k_test_000891,no_think,canonical,,answer_segment,13,10,False,58,58,True,11.685959815979004,,ok,True,ok,55,55
exp_c,exp_c__gsm8k_test_000891__no_think,gsm8k_test_000891,no_think,canonical,,answer_segment,20,10,False,58,58,True,11.23398208618164,,ok,True,ok,55,55
exp_c,exp_c__gsm8k_test_000896__think,gsm8k_test_000896,think,canonical,,full_output,6,10,False,164,164,True,19.288970947265625,,ok,True,ok,250,250
exp_c,exp_c__gsm8k_test_000896__think,gsm8k_test_000896,think,canonical,,full_output,13,10,False,164,164,True,13.224990844726562,,ok,True,ok,250,250
exp_c,exp_c__gsm8k_test_000896__think,gsm8k_test_000896,think,canonical,,full_output,20,10,False,164,164,True,13.58762264251709,,ok,True,ok,250,250
exp_c,exp_c__gsm8k_test_000896__think,gsm8k_test_000896,think,canonical,,thinking_segment,6,10,False,121,121,True,21.279916763305664,,ok_qwen_token_boundary,True,ok,250,250
exp_c,exp_c__gsm8k_test_000896__think,gsm8k_test_000896,think,canonical,,thinking_segment,13,10,False,121,121,True,14.23316764831543,,ok_qwen_token_boundary,True,ok,250,250
exp_c,exp_c__gsm8k_test_000896__think,gsm8k_test_000896,think,canonical,,thinking_segment,20,10,False,121,121,True,14.068841934204102,,ok_qwen_token_boundary,True,ok,250,250
exp_c,exp_c__gsm8k_test_000896__think,gsm8k_test_000896,think,canonical,,answer_segment,6,10,False,43,43,True,17.0379638671875,,ok_qwen_token_boundary,True,ok,250,250
exp_c,exp_c__gsm8k_test_000896__think,gsm8k_test_000896,think,canonical,,answer_segment,13,10,False,43,43,True,11.18118667602539,,ok_qwen_token_boundary,True,ok,250,250
exp_c,exp_c__gsm8k_test_000896__think,gsm8k_test_000896,think,canonical,,answer_segment,20,10,False,43,43,True,12.861534118652344,,ok_qwen_token_boundary,True,ok,250,250
exp_c,exp_c__gsm8k_test_000896__no_think,gsm8k_test_000896,no_think,canonical,,full_output,6,10,False,44,44,True,17.80803108215332,,ok,True,ok,250,250
exp_c,exp_c__gsm8k_test_000896__no_think,gsm8k_test_000896,no_think,canonical,,full_output,13,10,False,44,44,True,11.923099517822266,,ok,True,ok,250,250
exp_c,exp_c__gsm8k_test_000896__no_think,gsm8k_test_000896,no_think,canonical,,full_output,20,10,False,44,44,True,13.66769790649414,,ok,True,ok,250,250
exp_c,exp_c__gsm8k_test_000896__no_think,gsm8k_test_000896,no_think,canonical,,answer_segment,6,10,False,44,44,True,17.80803108215332,,ok,True,ok,250,250
exp_c,exp_c__gsm8k_test_000896__no_think,gsm8k_test_000896,no_think,canonical,,answer_segment,13,10,False,44,44,True,11.923099517822266,,ok,True,ok,250,250
exp_c,exp_c__gsm8k_test_000896__no_think,gsm8k_test_000896,no_think,canonical,,answer_segment,20,10,False,44,44,True,13.66769790649414,,ok,True,ok,250,250
exp_c,exp_c__gsm8k_test_000900__think,gsm8k_test_000900,think,canonical,,full_output,6,10,False,249,249,True,13.880502700805664,,ok,True,ok,15,15
exp_c,exp_c__gsm8k_test_000900__think,gsm8k_test_000900,think,canonical,,full_output,13,10,False,249,249,True,12.49218463897705,,ok,True,ok,15,15
exp_c,exp_c__gsm8k_test_000900__think,gsm8k_test_000900,think,canonical,,full_output,20,10,False,249,249,True,12.552247047424316,,ok,True,ok,15,15
exp_c,exp_c__gsm8k_test_000900__think,gsm8k_test_000900,think,canonical,,thinking_segment,6,10,False,201,201,True,13.821074485778809,,ok_qwen_token_boundary,True,ok,15,15
exp_c,exp_c__gsm8k_test_000900__think,gsm8k_test_000900,think,canonical,,thinking_segment,13,10,False,201,201,True,12.612203598022461,,ok_qwen_token_boundary,True,ok,15,15
exp_c,exp_c__gsm8k_test_000900__think,gsm8k_test_000900,think,canonical,,thinking_segment,20,10,False,201,201,True,12.923334121704102,,ok_qwen_token_boundary,True,ok,15,15
exp_c,exp_c__gsm8k_test_000900__think,gsm8k_test_000900,think,canonical,,answer_segment,6,10,False,48,48,True,15.145098686218262,,ok_qwen_token_boundary,True,ok,15,15
exp_c,exp_c__gsm8k_test_000900__think,gsm8k_test_000900,think,canonical,,answer_segment,13,10,False,48,48,True,12.317142486572266,,ok_qwen_token_boundary,True,ok,15,15
exp_c,exp_c__gsm8k_test_000900__think,gsm8k_test_000900,think,canonical,,answer_segment,20,10,False,48,48,True,11.43277645111084,,ok_qwen_token_boundary,True,ok,15,15
exp_c,exp_c__gsm8k_test_000900__no_think,gsm8k_test_000900,no_think,canonical,,full_output,6,10,False,51,51,True,15.08990478515625,,ok,True,ok,15,15
exp_c,exp_c__gsm8k_test_000900__no_think,gsm8k_test_000900,no_think,canonical,,full_output,13,10,False,51,51,True,12.430926322937012,,ok,True,ok,15,15
exp_c,exp_c__gsm8k_test_000900__no_think,gsm8k_test_000900,no_think,canonical,,full_output,20,10,False,51,51,True,13.186705589294434,,ok,True,ok,15,15
exp_c,exp_c__gsm8k_test_000900__no_think,gsm8k_test_000900,no_think,canonical,,answer_segment,6,10,False,51,51,True,15.08990478515625,,ok,True,ok,15,15
exp_c,exp_c__gsm8k_test_000900__no_think,gsm8k_test_000900,no_think,canonical,,answer_segment,13,10,False,51,51,True,12.430926322937012,,ok,True,ok,15,15
exp_c,exp_c__gsm8k_test_000900__no_think,gsm8k_test_000900,no_think,canonical,,answer_segment,20,10,False,51,51,True,13.186705589294434,,ok,True,ok,15,15
exp_c,exp_c__gsm8k_test_000901__think,gsm8k_test_000901,think,canonical,,full_output,6,10,False,456,456,True,16.781471252441406,,ok,True,ok,1,1
exp_c,exp_c__gsm8k_test_000901__think,gsm8k_test_000901,think,canonical,,full_output,13,10,False,456,456,True,12.4244966506958,,ok,True,ok,1,1
exp_c,exp_c__gsm8k_test_000901__think,gsm8k_test_000901,think,canonical,,full_output,20,10,False,456,456,True,12.603507041931152,,ok,True,ok,1,1
exp_c,exp_c__gsm8k_test_000901__think,gsm8k_test_000901,think,canonical,,thinking_segment,6,10,False,413,413,True,16.93207359313965,,ok_qwen_token_boundary,True,ok,1,1
exp_c,exp_c__gsm8k_test_000901__think,gsm8k_test_000901,think,canonical,,thinking_segment,13,10,False,413,413,True,12.02653980255127,,ok_qwen_token_boundary,True,ok,1,1
exp_c,exp_c__gsm8k_test_000901__think,gsm8k_test_000901,think,canonical,,thinking_segment,20,10,False,413,413,True,12.697674751281738,,ok_qwen_token_boundary,True,ok,1,1
exp_c,exp_c__gsm8k_test_000901__think,gsm8k_test_000901,think,canonical,,answer_segment,6,10,False,43,43,True,20.657167434692383,,ok_qwen_token_boundary,True,ok,1,1
exp_c,exp_c__gsm8k_test_000901__think,gsm8k_test_000901,think,canonical,,answer_segment,13,10,False,43,43,True,12.891996383666992,,ok_qwen_token_boundary,True,ok,1,1
exp_c,exp_c__gsm8k_test_000901__think,gsm8k_test_000901,think,canonical,,answer_segment,20,10,False,43,43,True,12.393845558166504,,ok_qwen_token_boundary,True,ok,1,1
exp_c,exp_c__gsm8k_test_000901__no_think,gsm8k_test_000901,no_think,canonical,,full_output,6,10,False,55,55,True,23.841835021972656,,ok,False,ok,1,2
exp_c,exp_c__gsm8k_test_000901__no_think,gsm8k_test_000901,no_think,canonical,,full_output,13,10,False,55,55,True,14.150132179260254,,ok,False,ok,1,2
exp_c,exp_c__gsm8k_test_000901__no_think,gsm8k_test_000901,no_think,canonical,,full_output,20,10,False,55,55,True,14.310173034667969,,ok,False,ok,1,2
exp_c,exp_c__gsm8k_test_000901__no_think,gsm8k_test_000901,no_think,canonical,,answer_segment,6,10,False,55,55,True,23.841835021972656,,ok,False,ok,1,2
exp_c,exp_c__gsm8k_test_000901__no_think,gsm8k_test_000901,no_think,canonical,,answer_segment,13,10,False,55,55,True,14.150132179260254,,ok,False,ok,1,2
exp_c,exp_c__gsm8k_test_000901__no_think,gsm8k_test_000901,no_think,canonical,,answer_segment,20,10,False,55,55,True,14.310173034667969,,ok,False,ok,1,2
exp_c,exp_c__gsm8k_test_000911__think,gsm8k_test_000911,think,canonical,,full_output,6,10,False,355,355,True,16.981428146362305,,ok,True,ok,64,64
exp_c,exp_c__gsm8k_test_000911__think,gsm8k_test_000911,think,canonical,,full_output,13,10,False,355,355,True,11.61749267578125,,ok,True,ok,64,64
exp_c,exp_c__gsm8k_test_000911__think,gsm8k_test_000911,think,canonical,,full_output,20,10,False,355,355,True,11.730640411376953,,ok,True,ok,64,64
exp_c,exp_c__gsm8k_test_000911__think,gsm8k_test_000911,think,canonical,,thinking_segment,6,10,False,296,296,True,18.258102416992188,,ok_qwen_token_boundary,True,ok,64,64
exp_c,exp_c__gsm8k_test_000911__think,gsm8k_test_000911,think,canonical,,thinking_segment,13,10,False,296,296,True,11.741231918334961,,ok_qwen_token_boundary,True,ok,64,64
exp_c,exp_c__gsm8k_test_000911__think,gsm8k_test_000911,think,canonical,,thinking_segment,20,10,False,296,296,True,11.975851058959961,,ok_qwen_token_boundary,True,ok,64,64
exp_c,exp_c__gsm8k_test_000911__think,gsm8k_test_000911,think,canonical,,answer_segment,6,10,False,59,59,True,15.78880786895752,,ok_qwen_token_boundary,True,ok,64,64
exp_c,exp_c__gsm8k_test_000911__think,gsm8k_test_000911,think,canonical,,answer_segment,13,10,False,59,59,True,13.576584815979004,,ok_qwen_token_boundary,True,ok,64,64
exp_c,exp_c__gsm8k_test_000911__think,gsm8k_test_000911,think,canonical,,answer_segment,20,10,False,59,59,True,12.411211013793945,,ok_qwen_token_boundary,True,ok,64,64
exp_c,exp_c__gsm8k_test_000911__no_think,gsm8k_test_000911,no_think,canonical,,full_output,6,10,False,54,54,True,15.198410987854004,,ok,True,ok,64,64
exp_c,exp_c__gsm8k_test_000911__no_think,gsm8k_test_000911,no_think,canonical,,full_output,13,10,False,54,54,True,11.912004470825195,,ok,True,ok,64,64
exp_c,exp_c__gsm8k_test_000911__no_think,gsm8k_test_000911,no_think,canonical,,full_output,20,10,False,54,54,True,12.46957778930664,,ok,True,ok,64,64
exp_c,exp_c__gsm8k_test_000911__no_think,gsm8k_test_000911,no_think,canonical,,answer_segment,6,10,False,54,54,True,15.198410987854004,,ok,True,ok,64,64
exp_c,exp_c__gsm8k_test_000911__no_think,gsm8k_test_000911,no_think,canonical,,answer_segment,13,10,False,54,54,True,11.912004470825195,,ok,True,ok,64,64
exp_c,exp_c__gsm8k_test_000911__no_think,gsm8k_test_000911,no_think,canonical,,answer_segment,20,10,False,54,54,True,12.46957778930664,,ok,True,ok,64,64
exp_c,exp_c__gsm8k_test_000913__think,gsm8k_test_000913,think,canonical,,full_output,6,10,False,266,266,True,16.0668888092041,,ok,True,ok,6,6
exp_c,exp_c__gsm8k_test_000913__think,gsm8k_test_000913,think,canonical,,full_output,13,10,False,266,266,True,13.170339584350586,,ok,True,ok,6,6
exp_c,exp_c__gsm8k_test_000913__think,gsm8k_test_000913,think,canonical,,full_output,20,10,False,266,266,True,13.10832405090332,,ok,True,ok,6,6
exp_c,exp_c__gsm8k_test_000913__think,gsm8k_test_000913,think,canonical,,thinking_segment,6,10,False,208,208,True,18.43539047241211,,ok_qwen_token_boundary,True,ok,6,6
exp_c,exp_c__gsm8k_test_000913__think,gsm8k_test_000913,think,canonical,,thinking_segment,13,10,False,208,208,True,13.300856590270996,,ok_qwen_token_boundary,True,ok,6,6
exp_c,exp_c__gsm8k_test_000913__think,gsm8k_test_000913,think,canonical,,thinking_segment,20,10,False,208,208,True,13.216486930847168,,ok_qwen_token_boundary,True,ok,6,6
exp_c,exp_c__gsm8k_test_000913__think,gsm8k_test_000913,think,canonical,,answer_segment,6,10,False,58,58,True,16.157238006591797,,ok_qwen_token_boundary,True,ok,6,6
exp_c,exp_c__gsm8k_test_000913__think,gsm8k_test_000913,think,canonical,,answer_segment,13,10,False,58,58,True,13.03000259399414,,ok_qwen_token_boundary,True,ok,6,6
exp_c,exp_c__gsm8k_test_000913__think,gsm8k_test_000913,think,canonical,,answer_segment,20,10,False,58,58,True,12.121652603149414,,ok_qwen_token_boundary,True,ok,6,6
exp_c,exp_c__gsm8k_test_000913__no_think,gsm8k_test_000913,no_think,canonical,,full_output,6,10,False,46,46,True,15.80173397064209,,ok,True,ok,6,6
exp_c,exp_c__gsm8k_test_000913__no_think,gsm8k_test_000913,no_think,canonical,,full_output,13,10,False,46,46,True,11.857014656066895,,ok,True,ok,6,6
exp_c,exp_c__gsm8k_test_000913__no_think,gsm8k_test_000913,no_think,canonical,,full_output,20,10,False,46,46,True,12.546095848083496,,ok,True,ok,6,6
exp_c,exp_c__gsm8k_test_000913__no_think,gsm8k_test_000913,no_think,canonical,,answer_segment,6,10,False,46,46,True,15.80173397064209,,ok,True,ok,6,6
exp_c,exp_c__gsm8k_test_000913__no_think,gsm8k_test_000913,no_think,canonical,,answer_segment,13,10,False,46,46,True,11.857014656066895,,ok,True,ok,6,6
exp_c,exp_c__gsm8k_test_000913__no_think,gsm8k_test_000913,no_think,canonical,,answer_segment,20,10,False,46,46,True,12.546095848083496,,ok,True,ok,6,6
exp_c,exp_c__gsm8k_test_000914__think,gsm8k_test_000914,think,canonical,,full_output,6,10,False,246,246,True,18.275774002075195,,ok,True,ok,3,3
exp_c,exp_c__gsm8k_test_000914__think,gsm8k_test_000914,think,canonical,,full_output,13,10,False,246,246,True,13.509124755859375,,ok,True,ok,3,3
exp_c,exp_c__gsm8k_test_000914__think,gsm8k_test_000914,think,canonical,,full_output,20,10,False,246,246,True,13.392888069152832,,ok,True,ok,3,3
exp_c,exp_c__gsm8k_test_000914__think,gsm8k_test_000914,think,canonical,,thinking_segment,6,10,False,203,203,True,19.229413986206055,,ok_qwen_token_boundary,True,ok,3,3
exp_c,exp_c__gsm8k_test_000914__think,gsm8k_test_000914,think,canonical,,thinking_segment,13,10,False,203,203,True,13.150325775146484,,ok_qwen_token_boundary,True,ok,3,3
exp_c,exp_c__gsm8k_test_000914__think,gsm8k_test_000914,think,canonical,,thinking_segment,20,10,False,203,203,True,13.629326820373535,,ok_qwen_token_boundary,True,ok,3,3
exp_c,exp_c__gsm8k_test_000914__think,gsm8k_test_000914,think,canonical,,answer_segment,6,10,False,43,43,True,18.983062744140625,,ok_qwen_token_boundary,True,ok,3,3
exp_c,exp_c__gsm8k_test_000914__think,gsm8k_test_000914,think,canonical,,answer_segment,13,10,False,43,43,True,11.333169937133789,,ok_qwen_token_boundary,True,ok,3,3
exp_c,exp_c__gsm8k_test_000914__think,gsm8k_test_000914,think,canonical,,answer_segment,20,10,False,43,43,True,12.51694393157959,,ok_qwen_token_boundary,True,ok,3,3
exp_c,exp_c__gsm8k_test_000914__no_think,gsm8k_test_000914,no_think,canonical,,full_output,6,10,False,53,53,True,14.718096733093262,,ok,True,ok,3,3
exp_c,exp_c__gsm8k_test_000914__no_think,gsm8k_test_000914,no_think,canonical,,full_output,13,10,False,53,53,True,11.347347259521484,,ok,True,ok,3,3
exp_c,exp_c__gsm8k_test_000914__no_think,gsm8k_test_000914,no_think,canonical,,full_output,20,10,False,53,53,True,12.86751651763916,,ok,True,ok,3,3
exp_c,exp_c__gsm8k_test_000914__no_think,gsm8k_test_000914,no_think,canonical,,answer_segment,6,10,False,53,53,True,14.718096733093262,,ok,True,ok,3,3
exp_c,exp_c__gsm8k_test_000914__no_think,gsm8k_test_000914,no_think,canonical,,answer_segment,13,10,False,53,53,True,11.347347259521484,,ok,True,ok,3,3
exp_c,exp_c__gsm8k_test_000914__no_think,gsm8k_test_000914,no_think,canonical,,answer_segment,20,10,False,53,53,True,12.86751651763916,,ok,True,ok,3,3
exp_c,exp_c__gsm8k_test_000915__think,gsm8k_test_000915,think,canonical,,full_output,6,10,False,215,215,True,14.04268741607666,,ok,True,ok,23,23
exp_c,exp_c__gsm8k_test_000915__think,gsm8k_test_000915,think,canonical,,full_output,13,10,False,215,215,True,11.592655181884766,,ok,True,ok,23,23
exp_c,exp_c__gsm8k_test_000915__think,gsm8k_test_000915,think,canonical,,full_output,20,10,False,215,215,True,12.715580940246582,,ok,True,ok,23,23
exp_c,exp_c__gsm8k_test_000915__think,gsm8k_test_000915,think,canonical,,thinking_segment,6,10,False,157,157,True,16.16905975341797,,ok_qwen_token_boundary,True,ok,23,23
exp_c,exp_c__gsm8k_test_000915__think,gsm8k_test_000915,think,canonical,,thinking_segment,13,10,False,157,157,True,12.618955612182617,,ok_qwen_token_boundary,True,ok,23,23
exp_c,exp_c__gsm8k_test_000915__think,gsm8k_test_000915,think,canonical,,thinking_segment,20,10,False,157,157,True,13.377678871154785,,ok_qwen_token_boundary,True,ok,23,23
exp_c,exp_c__gsm8k_test_000915__think,gsm8k_test_000915,think,canonical,,answer_segment,6,10,False,58,58,True,14.358343124389648,,ok_qwen_token_boundary,True,ok,23,23
exp_c,exp_c__gsm8k_test_000915__think,gsm8k_test_000915,think,canonical,,answer_segment,13,10,False,58,58,True,10.990514755249023,,ok_qwen_token_boundary,True,ok,23,23
exp_c,exp_c__gsm8k_test_000915__think,gsm8k_test_000915,think,canonical,,answer_segment,20,10,False,58,58,True,11.1897611618042,,ok_qwen_token_boundary,True,ok,23,23
exp_c,exp_c__gsm8k_test_000915__no_think,gsm8k_test_000915,no_think,canonical,,full_output,6,10,False,61,61,True,14.597458839416504,,ok,True,ok,23,23
exp_c,exp_c__gsm8k_test_000915__no_think,gsm8k_test_000915,no_think,canonical,,full_output,13,10,False,61,61,True,11.22288703918457,,ok,True,ok,23,23
exp_c,exp_c__gsm8k_test_000915__no_think,gsm8k_test_000915,no_think,canonical,,full_output,20,10,False,61,61,True,12.39029598236084,,ok,True,ok,23,23
exp_c,exp_c__gsm8k_test_000915__no_think,gsm8k_test_000915,no_think,canonical,,answer_segment,6,10,False,61,61,True,14.597458839416504,,ok,True,ok,23,23
exp_c,exp_c__gsm8k_test_000915__no_think,gsm8k_test_000915,no_think,canonical,,answer_segment,13,10,False,61,61,True,11.22288703918457,,ok,True,ok,23,23
exp_c,exp_c__gsm8k_test_000915__no_think,gsm8k_test_000915,no_think,canonical,,answer_segment,20,10,False,61,61,True,12.39029598236084,,ok,True,ok,23,23
exp_c,exp_c__gsm8k_test_000917__think,gsm8k_test_000917,think,canonical,,full_output,6,10,False,141,141,True,21.432533264160156,,ok,True,ok,12,12
exp_c,exp_c__gsm8k_test_000917__think,gsm8k_test_000917,think,canonical,,full_output,13,10,False,141,141,True,14.456844329833984,,ok,True,ok,12,12
exp_c,exp_c__gsm8k_test_000917__think,gsm8k_test_000917,think,canonical,,full_output,20,10,False,141,141,True,14.020482063293457,,ok,True,ok,12,12
exp_c,exp_c__gsm8k_test_000917__think,gsm8k_test_000917,think,canonical,,thinking_segment,6,10,False,102,102,True,24.893150329589844,,ok_qwen_token_boundary,True,ok,12,12
exp_c,exp_c__gsm8k_test_000917__think,gsm8k_test_000917,think,canonical,,thinking_segment,13,10,False,102,102,True,14.96837043762207,,ok_qwen_token_boundary,True,ok,12,12
exp_c,exp_c__gsm8k_test_000917__think,gsm8k_test_000917,think,canonical,,thinking_segment,20,10,False,102,102,True,14.2996826171875,,ok_qwen_token_boundary,True,ok,12,12
exp_c,exp_c__gsm8k_test_000917__think,gsm8k_test_000917,think,canonical,,answer_segment,6,10,False,39,39,True,19.217641830444336,,ok_qwen_token_boundary,True,ok,12,12
exp_c,exp_c__gsm8k_test_000917__think,gsm8k_test_000917,think,canonical,,answer_segment,13,10,False,39,39,True,13.688559532165527,,ok_qwen_token_boundary,True,ok,12,12
exp_c,exp_c__gsm8k_test_000917__think,gsm8k_test_000917,think,canonical,,answer_segment,20,10,False,39,39,True,12.01278018951416,,ok_qwen_token_boundary,True,ok,12,12
exp_c,exp_c__gsm8k_test_000917__no_think,gsm8k_test_000917,no_think,canonical,,full_output,6,10,False,47,47,True,16.565643310546875,,ok,True,ok,12,12
exp_c,exp_c__gsm8k_test_000917__no_think,gsm8k_test_000917,no_think,canonical,,full_output,13,10,False,47,47,True,10.875811576843262,,ok,True,ok,12,12
exp_c,exp_c__gsm8k_test_000917__no_think,gsm8k_test_000917,no_think,canonical,,full_output,20,10,False,47,47,True,12.267024993896484,,ok,True,ok,12,12
exp_c,exp_c__gsm8k_test_000917__no_think,gsm8k_test_000917,no_think,canonical,,answer_segment,6,10,False,47,47,True,16.565643310546875,,ok,True,ok,12,12
exp_c,exp_c__gsm8k_test_000917__no_think,gsm8k_test_000917,no_think,canonical,,answer_segment,13,10,False,47,47,True,10.875811576843262,,ok,True,ok,12,12
exp_c,exp_c__gsm8k_test_000917__no_think,gsm8k_test_000917,no_think,canonical,,answer_segment,20,10,False,47,47,True,12.267024993896484,,ok,True,ok,12,12
exp_c,exp_c__gsm8k_test_000921__think,gsm8k_test_000921,think,canonical,,full_output,6,10,False,207,207,True,17.08438491821289,,ok,True,ok,4,4
exp_c,exp_c__gsm8k_test_000921__think,gsm8k_test_000921,think,canonical,,full_output,13,10,False,207,207,True,12.902876853942871,,ok,True,ok,4,4
exp_c,exp_c__gsm8k_test_000921__think,gsm8k_test_000921,think,canonical,,full_output,20,10,False,207,207,True,13.317030906677246,,ok,True,ok,4,4
exp_c,exp_c__gsm8k_test_000921__think,gsm8k_test_000921,think,canonical,,thinking_segment,6,10,False,165,165,True,17.96109962463379,,ok_qwen_token_boundary,True,ok,4,4
exp_c,exp_c__gsm8k_test_000921__think,gsm8k_test_000921,think,canonical,,thinking_segment,13,10,False,165,165,True,12.802055358886719,,ok_qwen_token_boundary,True,ok,4,4
exp_c,exp_c__gsm8k_test_000921__think,gsm8k_test_000921,think,canonical,,thinking_segment,20,10,False,165,165,True,13.553764343261719,,ok_qwen_token_boundary,True,ok,4,4
exp_c,exp_c__gsm8k_test_000921__think,gsm8k_test_000921,think,canonical,,answer_segment,6,10,False,42,42,True,16.535993576049805,,ok_qwen_token_boundary,True,ok,4,4
exp_c,exp_c__gsm8k_test_000921__think,gsm8k_test_000921,think,canonical,,answer_segment,13,10,False,42,42,True,12.514411926269531,,ok_qwen_token_boundary,True,ok,4,4
exp_c,exp_c__gsm8k_test_000921__think,gsm8k_test_000921,think,canonical,,answer_segment,20,10,False,42,42,True,12.399738311767578,,ok_qwen_token_boundary,True,ok,4,4
exp_c,exp_c__gsm8k_test_000921__no_think,gsm8k_test_000921,no_think,canonical,,full_output,6,10,False,44,44,True,20.24066162109375,,ok,True,ok,4,4
exp_c,exp_c__gsm8k_test_000921__no_think,gsm8k_test_000921,no_think,canonical,,full_output,13,10,False,44,44,True,13.295889854431152,,ok,True,ok,4,4
exp_c,exp_c__gsm8k_test_000921__no_think,gsm8k_test_000921,no_think,canonical,,full_output,20,10,False,44,44,True,13.60037612915039,,ok,True,ok,4,4
exp_c,exp_c__gsm8k_test_000921__no_think,gsm8k_test_000921,no_think,canonical,,answer_segment,6,10,False,44,44,True,20.24066162109375,,ok,True,ok,4,4
exp_c,exp_c__gsm8k_test_000921__no_think,gsm8k_test_000921,no_think,canonical,,answer_segment,13,10,False,44,44,True,13.295889854431152,,ok,True,ok,4,4
exp_c,exp_c__gsm8k_test_000921__no_think,gsm8k_test_000921,no_think,canonical,,answer_segment,20,10,False,44,44,True,13.60037612915039,,ok,True,ok,4,4
exp_c,exp_c__gsm8k_test_000923__think,gsm8k_test_000923,think,canonical,,full_output,6,10,False,573,573,True,12.867143630981445,,ok,False,ok,2,4.5
exp_c,exp_c__gsm8k_test_000923__think,gsm8k_test_000923,think,canonical,,full_output,13,10,False,573,573,True,8.882701873779297,,ok,False,ok,2,4.5
exp_c,exp_c__gsm8k_test_000923__think,gsm8k_test_000923,think,canonical,,full_output,20,10,False,573,573,True,9.96395206451416,,ok,False,ok,2,4.5
exp_c,exp_c__gsm8k_test_000923__think,gsm8k_test_000923,think,canonical,,thinking_segment,6,10,False,514,514,True,12.881474494934082,,ok_qwen_token_boundary,False,ok,2,4.5
exp_c,exp_c__gsm8k_test_000923__think,gsm8k_test_000923,think,canonical,,thinking_segment,13,10,False,514,514,True,8.497721672058105,,ok_qwen_token_boundary,False,ok,2,4.5
exp_c,exp_c__gsm8k_test_000923__think,gsm8k_test_000923,think,canonical,,thinking_segment,20,10,False,514,514,True,9.793227195739746,,ok_qwen_token_boundary,False,ok,2,4.5
exp_c,exp_c__gsm8k_test_000923__think,gsm8k_test_000923,think,canonical,,answer_segment,6,10,False,59,59,True,18.105558395385742,,ok_qwen_token_boundary,False,ok,2,4.5
exp_c,exp_c__gsm8k_test_000923__think,gsm8k_test_000923,think,canonical,,answer_segment,13,10,False,59,59,True,12.087777137756348,,ok_qwen_token_boundary,False,ok,2,4.5
exp_c,exp_c__gsm8k_test_000923__think,gsm8k_test_000923,think,canonical,,answer_segment,20,10,False,59,59,True,12.919757843017578,,ok_qwen_token_boundary,False,ok,2,4.5
exp_c,exp_c__gsm8k_test_000923__no_think,gsm8k_test_000923,no_think,canonical,,full_output,6,10,False,48,48,True,21.356714248657227,,ok,True,ok,2,2
exp_c,exp_c__gsm8k_test_000923__no_think,gsm8k_test_000923,no_think,canonical,,full_output,13,10,False,48,48,True,13.009136199951172,,ok,True,ok,2,2
exp_c,exp_c__gsm8k_test_000923__no_think,gsm8k_test_000923,no_think,canonical,,full_output,20,10,False,48,48,True,13.620437622070312,,ok,True,ok,2,2
exp_c,exp_c__gsm8k_test_000923__no_think,gsm8k_test_000923,no_think,canonical,,answer_segment,6,10,False,48,48,True,21.356714248657227,,ok,True,ok,2,2
exp_c,exp_c__gsm8k_test_000923__no_think,gsm8k_test_000923,no_think,canonical,,answer_segment,13,10,False,48,48,True,13.009136199951172,,ok,True,ok,2,2
exp_c,exp_c__gsm8k_test_000923__no_think,gsm8k_test_000923,no_think,canonical,,answer_segment,20,10,False,48,48,True,13.620437622070312,,ok,True,ok,2,2
exp_c,exp_c__gsm8k_test_000924__think,gsm8k_test_000924,think,canonical,,full_output,6,10,False,561,561,True,13.883818626403809,,ok,True,ok,12,12
exp_c,exp_c__gsm8k_test_000924__think,gsm8k_test_000924,think,canonical,,full_output,13,10,False,561,561,True,10.244023323059082,,ok,True,ok,12,12
exp_c,exp_c__gsm8k_test_000924__think,gsm8k_test_000924,think,canonical,,full_output,20,10,False,561,561,True,10.998122215270996,,ok,True,ok,12,12
exp_c,exp_c__gsm8k_test_000924__think,gsm8k_test_000924,think,canonical,,thinking_segment,6,10,False,514,514,True,13.843647003173828,,ok_qwen_token_boundary,True,ok,12,12
exp_c,exp_c__gsm8k_test_000924__think,gsm8k_test_000924,think,canonical,,thinking_segment,13,10,False,514,514,True,10.134967803955078,,ok_qwen_token_boundary,True,ok,12,12
exp_c,exp_c__gsm8k_test_000924__think,gsm8k_test_000924,think,canonical,,thinking_segment,20,10,False,514,514,True,10.741898536682129,,ok_qwen_token_boundary,True,ok,12,12
exp_c,exp_c__gsm8k_test_000924__think,gsm8k_test_000924,think,canonical,,answer_segment,6,10,False,47,47,True,16.097564697265625,,ok_qwen_token_boundary,True,ok,12,12
exp_c,exp_c__gsm8k_test_000924__think,gsm8k_test_000924,think,canonical,,answer_segment,13,10,False,47,47,True,13.59311580657959,,ok_qwen_token_boundary,True,ok,12,12
exp_c,exp_c__gsm8k_test_000924__think,gsm8k_test_000924,think,canonical,,answer_segment,20,10,False,47,47,True,12.997227668762207,,ok_qwen_token_boundary,True,ok,12,12
exp_c,exp_c__gsm8k_test_000924__no_think,gsm8k_test_000924,no_think,canonical,,full_output,6,10,False,52,52,True,18.349407196044922,,ok,True,ok,12,12
exp_c,exp_c__gsm8k_test_000924__no_think,gsm8k_test_000924,no_think,canonical,,full_output,13,10,False,52,52,True,12.267086029052734,,ok,True,ok,12,12
exp_c,exp_c__gsm8k_test_000924__no_think,gsm8k_test_000924,no_think,canonical,,full_output,20,10,False,52,52,True,13.822585105895996,,ok,True,ok,12,12
exp_c,exp_c__gsm8k_test_000924__no_think,gsm8k_test_000924,no_think,canonical,,answer_segment,6,10,False,52,52,True,18.349407196044922,,ok,True,ok,12,12
exp_c,exp_c__gsm8k_test_000924__no_think,gsm8k_test_000924,no_think,canonical,,answer_segment,13,10,False,52,52,True,12.267086029052734,,ok,True,ok,12,12
exp_c,exp_c__gsm8k_test_000924__no_think,gsm8k_test_000924,no_think,canonical,,answer_segment,20,10,False,52,52,True,13.822585105895996,,ok,True,ok,12,12
exp_c,exp_c__gsm8k_test_000930__think,gsm8k_test_000930,think,canonical,,full_output,6,10,False,191,191,True,17.591060638427734,,ok,True,ok,14,14
exp_c,exp_c__gsm8k_test_000930__think,gsm8k_test_000930,think,canonical,,full_output,13,10,False,191,191,True,13.884817123413086,,ok,True,ok,14,14
exp_c,exp_c__gsm8k_test_000930__think,gsm8k_test_000930,think,canonical,,full_output,20,10,False,191,191,True,12.711287498474121,,ok,True,ok,14,14
exp_c,exp_c__gsm8k_test_000930__think,gsm8k_test_000930,think,canonical,,thinking_segment,6,10,False,145,145,True,20.642929077148438,,ok_qwen_token_boundary,True,ok,14,14
exp_c,exp_c__gsm8k_test_000930__think,gsm8k_test_000930,think,canonical,,thinking_segment,13,10,False,145,145,True,13.766924858093262,,ok_qwen_token_boundary,True,ok,14,14
exp_c,exp_c__gsm8k_test_000930__think,gsm8k_test_000930,think,canonical,,thinking_segment,20,10,False,145,145,True,13.109127044677734,,ok_qwen_token_boundary,True,ok,14,14
exp_c,exp_c__gsm8k_test_000930__think,gsm8k_test_000930,think,canonical,,answer_segment,6,10,False,46,46,True,17.59343910217285,,ok_qwen_token_boundary,True,ok,14,14
exp_c,exp_c__gsm8k_test_000930__think,gsm8k_test_000930,think,canonical,,answer_segment,13,10,False,46,46,True,12.730031967163086,,ok_qwen_token_boundary,True,ok,14,14
exp_c,exp_c__gsm8k_test_000930__think,gsm8k_test_000930,think,canonical,,answer_segment,20,10,False,46,46,True,12.291631698608398,,ok_qwen_token_boundary,True,ok,14,14
exp_c,exp_c__gsm8k_test_000930__no_think,gsm8k_test_000930,no_think,canonical,,full_output,6,10,False,49,49,True,15.906664848327637,,ok,True,ok,14,14
exp_c,exp_c__gsm8k_test_000930__no_think,gsm8k_test_000930,no_think,canonical,,full_output,13,10,False,49,49,True,12.519325256347656,,ok,True,ok,14,14
exp_c,exp_c__gsm8k_test_000930__no_think,gsm8k_test_000930,no_think,canonical,,full_output,20,10,False,49,49,True,12.232144355773926,,ok,True,ok,14,14
exp_c,exp_c__gsm8k_test_000930__no_think,gsm8k_test_000930,no_think,canonical,,answer_segment,6,10,False,49,49,True,15.906664848327637,,ok,True,ok,14,14
exp_c,exp_c__gsm8k_test_000930__no_think,gsm8k_test_000930,no_think,canonical,,answer_segment,13,10,False,49,49,True,12.519325256347656,,ok,True,ok,14,14
exp_c,exp_c__gsm8k_test_000930__no_think,gsm8k_test_000930,no_think,canonical,,answer_segment,20,10,False,49,49,True,12.232144355773926,,ok,True,ok,14,14
exp_c,exp_c__gsm8k_test_000948__think,gsm8k_test_000948,think,canonical,,full_output,6,10,False,340,340,True,15.378188133239746,,ok,True,ok,15,15
exp_c,exp_c__gsm8k_test_000948__think,gsm8k_test_000948,think,canonical,,full_output,13,10,False,340,340,True,13.073403358459473,,ok,True,ok,15,15
exp_c,exp_c__gsm8k_test_000948__think,gsm8k_test_000948,think,canonical,,full_output,20,10,False,340,340,True,13.003114700317383,,ok,True,ok,15,15
exp_c,exp_c__gsm8k_test_000948__think,gsm8k_test_000948,think,canonical,,thinking_segment,6,10,False,274,274,True,15.473893165588379,,ok_qwen_token_boundary,True,ok,15,15
exp_c,exp_c__gsm8k_test_000948__think,gsm8k_test_000948,think,canonical,,thinking_segment,13,10,False,274,274,True,13.084242820739746,,ok_qwen_token_boundary,True,ok,15,15
exp_c,exp_c__gsm8k_test_000948__think,gsm8k_test_000948,think,canonical,,thinking_segment,20,10,False,274,274,True,13.123550415039062,,ok_qwen_token_boundary,True,ok,15,15
exp_c,exp_c__gsm8k_test_000948__think,gsm8k_test_000948,think,canonical,,answer_segment,6,10,False,66,66,True,16.5894718170166,,ok_qwen_token_boundary,True,ok,15,15
exp_c,exp_c__gsm8k_test_000948__think,gsm8k_test_000948,think,canonical,,answer_segment,13,10,False,66,66,True,13.570140838623047,,ok_qwen_token_boundary,True,ok,15,15
exp_c,exp_c__gsm8k_test_000948__think,gsm8k_test_000948,think,canonical,,answer_segment,20,10,False,66,66,True,12.739822387695312,,ok_qwen_token_boundary,True,ok,15,15
exp_c,exp_c__gsm8k_test_000948__no_think,gsm8k_test_000948,no_think,canonical,,full_output,6,10,False,56,56,True,19.20487403869629,,ok,False,ok,15,24
exp_c,exp_c__gsm8k_test_000948__no_think,gsm8k_test_000948,no_think,canonical,,full_output,13,10,False,56,56,True,13.146684646606445,,ok,False,ok,15,24
exp_c,exp_c__gsm8k_test_000948__no_think,gsm8k_test_000948,no_think,canonical,,full_output,20,10,False,56,56,True,12.894282341003418,,ok,False,ok,15,24
exp_c,exp_c__gsm8k_test_000948__no_think,gsm8k_test_000948,no_think,canonical,,answer_segment,6,10,False,56,56,True,19.20487403869629,,ok,False,ok,15,24
exp_c,exp_c__gsm8k_test_000948__no_think,gsm8k_test_000948,no_think,canonical,,answer_segment,13,10,False,56,56,True,13.146684646606445,,ok,False,ok,15,24
exp_c,exp_c__gsm8k_test_000948__no_think,gsm8k_test_000948,no_think,canonical,,answer_segment,20,10,False,56,56,True,12.894282341003418,,ok,False,ok,15,24
exp_c,exp_c__gsm8k_test_000956__think,gsm8k_test_000956,think,canonical,,full_output,6,10,False,173,173,True,17.078872680664062,,ok,True,ok,1,1
exp_c,exp_c__gsm8k_test_000956__think,gsm8k_test_000956,think,canonical,,full_output,13,10,False,173,173,True,12.502974510192871,,ok,True,ok,1,1
exp_c,exp_c__gsm8k_test_000956__think,gsm8k_test_000956,think,canonical,,full_output,20,10,False,173,173,True,13.165070533752441,,ok,True,ok,1,1
exp_c,exp_c__gsm8k_test_000956__think,gsm8k_test_000956,think,canonical,,thinking_segment,6,10,False,123,123,True,18.2106876373291,,ok_qwen_token_boundary,True,ok,1,1
exp_c,exp_c__gsm8k_test_000956__think,gsm8k_test_000956,think,canonical,,thinking_segment,13,10,False,123,123,True,12.44922924041748,,ok_qwen_token_boundary,True,ok,1,1
exp_c,exp_c__gsm8k_test_000956__think,gsm8k_test_000956,think,canonical,,thinking_segment,20,10,False,123,123,True,12.861763000488281,,ok_qwen_token_boundary,True,ok,1,1
exp_c,exp_c__gsm8k_test_000956__think,gsm8k_test_000956,think,canonical,,answer_segment,6,10,False,50,50,True,16.362173080444336,,ok_qwen_token_boundary,True,ok,1,1
exp_c,exp_c__gsm8k_test_000956__think,gsm8k_test_000956,think,canonical,,answer_segment,13,10,False,50,50,True,12.180357933044434,,ok_qwen_token_boundary,True,ok,1,1
exp_c,exp_c__gsm8k_test_000956__think,gsm8k_test_000956,think,canonical,,answer_segment,20,10,False,50,50,True,12.755785942077637,,ok_qwen_token_boundary,True,ok,1,1
exp_c,exp_c__gsm8k_test_000956__no_think,gsm8k_test_000956,no_think,canonical,,full_output,6,10,False,52,52,True,16.87297821044922,,ok,True,ok,1,1
exp_c,exp_c__gsm8k_test_000956__no_think,gsm8k_test_000956,no_think,canonical,,full_output,13,10,False,52,52,True,12.352468490600586,,ok,True,ok,1,1
exp_c,exp_c__gsm8k_test_000956__no_think,gsm8k_test_000956,no_think,canonical,,full_output,20,10,False,52,52,True,12.030327796936035,,ok,True,ok,1,1
exp_c,exp_c__gsm8k_test_000956__no_think,gsm8k_test_000956,no_think,canonical,,answer_segment,6,10,False,52,52,True,16.87297821044922,,ok,True,ok,1,1
exp_c,exp_c__gsm8k_test_000956__no_think,gsm8k_test_000956,no_think,canonical,,answer_segment,13,10,False,52,52,True,12.352468490600586,,ok,True,ok,1,1
exp_c,exp_c__gsm8k_test_000956__no_think,gsm8k_test_000956,no_think,canonical,,answer_segment,20,10,False,52,52,True,12.030327796936035,,ok,True,ok,1,1
exp_c,exp_c__gsm8k_test_000960__think,gsm8k_test_000960,think,canonical,,full_output,6,10,False,324,324,True,16.304584503173828,,ok,True,ok,11,11
exp_c,exp_c__gsm8k_test_000960__think,gsm8k_test_000960,think,canonical,,full_output,13,10,False,324,324,True,13.214973449707031,,ok,True,ok,11,11
exp_c,exp_c__gsm8k_test_000960__think,gsm8k_test_000960,think,canonical,,full_output,20,10,False,324,324,True,13.997198104858398,,ok,True,ok,11,11
exp_c,exp_c__gsm8k_test_000960__think,gsm8k_test_000960,think,canonical,,thinking_segment,6,10,False,263,263,True,16.71169090270996,,ok_qwen_token_boundary,True,ok,11,11
exp_c,exp_c__gsm8k_test_000960__think,gsm8k_test_000960,think,canonical,,thinking_segment,13,10,False,263,263,True,12.691551208496094,,ok_qwen_token_boundary,True,ok,11,11
exp_c,exp_c__gsm8k_test_000960__think,gsm8k_test_000960,think,canonical,,thinking_segment,20,10,False,263,263,True,14.061196327209473,,ok_qwen_token_boundary,True,ok,11,11
exp_c,exp_c__gsm8k_test_000960__think,gsm8k_test_000960,think,canonical,,answer_segment,6,10,False,61,61,True,15.766469955444336,,ok_qwen_token_boundary,True,ok,11,11
exp_c,exp_c__gsm8k_test_000960__think,gsm8k_test_000960,think,canonical,,answer_segment,13,10,False,61,61,True,14.534283638000488,,ok_qwen_token_boundary,True,ok,11,11
exp_c,exp_c__gsm8k_test_000960__think,gsm8k_test_000960,think,canonical,,answer_segment,20,10,False,61,61,True,13.407365798950195,,ok_qwen_token_boundary,True,ok,11,11
exp_c,exp_c__gsm8k_test_000960__no_think,gsm8k_test_000960,no_think,canonical,,full_output,6,10,False,59,59,True,15.859490394592285,,ok,True,ok,11,11
exp_c,exp_c__gsm8k_test_000960__no_think,gsm8k_test_000960,no_think,canonical,,full_output,13,10,False,59,59,True,12.389636993408203,,ok,True,ok,11,11
exp_c,exp_c__gsm8k_test_000960__no_think,gsm8k_test_000960,no_think,canonical,,full_output,20,10,False,59,59,True,12.629783630371094,,ok,True,ok,11,11
exp_c,exp_c__gsm8k_test_000960__no_think,gsm8k_test_000960,no_think,canonical,,answer_segment,6,10,False,59,59,True,15.859490394592285,,ok,True,ok,11,11
exp_c,exp_c__gsm8k_test_000960__no_think,gsm8k_test_000960,no_think,canonical,,answer_segment,13,10,False,59,59,True,12.389636993408203,,ok,True,ok,11,11
exp_c,exp_c__gsm8k_test_000960__no_think,gsm8k_test_000960,no_think,canonical,,answer_segment,20,10,False,59,59,True,12.629783630371094,,ok,True,ok,11,11
exp_c,exp_c__gsm8k_test_000965__think,gsm8k_test_000965,think,canonical,,full_output,6,10,False,369,369,True,14.278853416442871,,ok,True,ok,374,374
exp_c,exp_c__gsm8k_test_000965__think,gsm8k_test_000965,think,canonical,,full_output,13,10,False,369,369,True,12.147552490234375,,ok,True,ok,374,374
exp_c,exp_c__gsm8k_test_000965__think,gsm8k_test_000965,think,canonical,,full_output,20,10,False,369,369,True,12.159961700439453,,ok,True,ok,374,374
exp_c,exp_c__gsm8k_test_000965__think,gsm8k_test_000965,think,canonical,,thinking_segment,6,10,False,317,317,True,15.192450523376465,,ok_qwen_token_boundary,True,ok,374,374
exp_c,exp_c__gsm8k_test_000965__think,gsm8k_test_000965,think,canonical,,thinking_segment,13,10,False,317,317,True,12.490034103393555,,ok_qwen_token_boundary,True,ok,374,374
exp_c,exp_c__gsm8k_test_000965__think,gsm8k_test_000965,think,canonical,,thinking_segment,20,10,False,317,317,True,12.427779197692871,,ok_qwen_token_boundary,True,ok,374,374
exp_c,exp_c__gsm8k_test_000965__think,gsm8k_test_000965,think,canonical,,answer_segment,6,10,False,52,52,True,12.404022216796875,,ok_qwen_token_boundary,True,ok,374,374
exp_c,exp_c__gsm8k_test_000965__think,gsm8k_test_000965,think,canonical,,answer_segment,13,10,False,52,52,True,10.596370697021484,,ok_qwen_token_boundary,True,ok,374,374
exp_c,exp_c__gsm8k_test_000965__think,gsm8k_test_000965,think,canonical,,answer_segment,20,10,False,52,52,True,10.86308479309082,,ok_qwen_token_boundary,True,ok,374,374
exp_c,exp_c__gsm8k_test_000965__no_think,gsm8k_test_000965,no_think,canonical,,full_output,6,10,False,56,56,True,11.257058143615723,,ok,False,ok,374,364
exp_c,exp_c__gsm8k_test_000965__no_think,gsm8k_test_000965,no_think,canonical,,full_output,13,10,False,56,56,True,10.365983963012695,,ok,False,ok,374,364
exp_c,exp_c__gsm8k_test_000965__no_think,gsm8k_test_000965,no_think,canonical,,full_output,20,10,False,56,56,True,11.555855751037598,,ok,False,ok,374,364
exp_c,exp_c__gsm8k_test_000965__no_think,gsm8k_test_000965,no_think,canonical,,answer_segment,6,10,False,56,56,True,11.257058143615723,,ok,False,ok,374,364
exp_c,exp_c__gsm8k_test_000965__no_think,gsm8k_test_000965,no_think,canonical,,answer_segment,13,10,False,56,56,True,10.365983963012695,,ok,False,ok,374,364
exp_c,exp_c__gsm8k_test_000965__no_think,gsm8k_test_000965,no_think,canonical,,answer_segment,20,10,False,56,56,True,11.555855751037598,,ok,False,ok,374,364
exp_c,exp_c__gsm8k_test_000977__think,gsm8k_test_000977,think,canonical,,full_output,6,10,False,200,200,True,22.636816024780273,,ok,True,ok,4,4
exp_c,exp_c__gsm8k_test_000977__think,gsm8k_test_000977,think,canonical,,full_output,13,10,False,200,200,True,12.436139106750488,,ok,True,ok,4,4
exp_c,exp_c__gsm8k_test_000977__think,gsm8k_test_000977,think,canonical,,full_output,20,10,False,200,200,True,12.655919075012207,,ok,True,ok,4,4
exp_c,exp_c__gsm8k_test_000977__think,gsm8k_test_000977,think,canonical,,thinking_segment,6,10,False,162,162,True,24.857831954956055,,ok_qwen_token_boundary,True,ok,4,4
exp_c,exp_c__gsm8k_test_000977__think,gsm8k_test_000977,think,canonical,,thinking_segment,13,10,False,162,162,True,12.67478084564209,,ok_qwen_token_boundary,True,ok,4,4
exp_c,exp_c__gsm8k_test_000977__think,gsm8k_test_000977,think,canonical,,thinking_segment,20,10,False,162,162,True,12.498212814331055,,ok_qwen_token_boundary,True,ok,4,4
exp_c,exp_c__gsm8k_test_000977__think,gsm8k_test_000977,think,canonical,,answer_segment,6,10,False,38,38,True,18.860111236572266,,ok_qwen_token_boundary,True,ok,4,4
exp_c,exp_c__gsm8k_test_000977__think,gsm8k_test_000977,think,canonical,,answer_segment,13,10,False,38,38,True,12.460501670837402,,ok_qwen_token_boundary,True,ok,4,4
exp_c,exp_c__gsm8k_test_000977__think,gsm8k_test_000977,think,canonical,,answer_segment,20,10,False,38,38,True,13.577469825744629,,ok_qwen_token_boundary,True,ok,4,4
exp_c,exp_c__gsm8k_test_000977__no_think,gsm8k_test_000977,no_think,canonical,,full_output,6,10,False,51,51,True,16.944499969482422,,ok,True,ok,4,4
exp_c,exp_c__gsm8k_test_000977__no_think,gsm8k_test_000977,no_think,canonical,,full_output,13,10,False,51,51,True,11.123634338378906,,ok,True,ok,4,4
exp_c,exp_c__gsm8k_test_000977__no_think,gsm8k_test_000977,no_think,canonical,,full_output,20,10,False,51,51,True,13.534372329711914,,ok,True,ok,4,4
exp_c,exp_c__gsm8k_test_000977__no_think,gsm8k_test_000977,no_think,canonical,,answer_segment,6,10,False,51,51,True,16.944499969482422,,ok,True,ok,4,4
exp_c,exp_c__gsm8k_test_000977__no_think,gsm8k_test_000977,no_think,canonical,,answer_segment,13,10,False,51,51,True,11.123634338378906,,ok,True,ok,4,4
exp_c,exp_c__gsm8k_test_000977__no_think,gsm8k_test_000977,no_think,canonical,,answer_segment,20,10,False,51,51,True,13.534372329711914,,ok,True,ok,4,4
exp_c,exp_c__gsm8k_test_000988__think,gsm8k_test_000988,think,canonical,,full_output,6,10,False,381,381,True,14.24080753326416,,ok,True,ok,6,6
exp_c,exp_c__gsm8k_test_000988__think,gsm8k_test_000988,think,canonical,,full_output,13,10,False,381,381,True,11.623303413391113,,ok,True,ok,6,6
exp_c,exp_c__gsm8k_test_000988__think,gsm8k_test_000988,think,canonical,,full_output,20,10,False,381,381,True,12.840540885925293,,ok,True,ok,6,6
exp_c,exp_c__gsm8k_test_000988__think,gsm8k_test_000988,think,canonical,,thinking_segment,6,10,False,329,329,True,14.855148315429688,,ok_qwen_token_boundary,True,ok,6,6
exp_c,exp_c__gsm8k_test_000988__think,gsm8k_test_000988,think,canonical,,thinking_segment,13,10,False,329,329,True,11.731842041015625,,ok_qwen_token_boundary,True,ok,6,6
exp_c,exp_c__gsm8k_test_000988__think,gsm8k_test_000988,think,canonical,,thinking_segment,20,10,False,329,329,True,13.125650405883789,,ok_qwen_token_boundary,True,ok,6,6
exp_c,exp_c__gsm8k_test_000988__think,gsm8k_test_000988,think,canonical,,answer_segment,6,10,False,52,52,True,17.262958526611328,,ok_qwen_token_boundary,True,ok,6,6
exp_c,exp_c__gsm8k_test_000988__think,gsm8k_test_000988,think,canonical,,answer_segment,13,10,False,52,52,True,13.481001853942871,,ok_qwen_token_boundary,True,ok,6,6
exp_c,exp_c__gsm8k_test_000988__think,gsm8k_test_000988,think,canonical,,answer_segment,20,10,False,52,52,True,12.976216316223145,,ok_qwen_token_boundary,True,ok,6,6
exp_c,exp_c__gsm8k_test_000988__no_think,gsm8k_test_000988,no_think,canonical,,full_output,6,10,False,58,58,True,18.95024299621582,,ok,True,ok,6,6
exp_c,exp_c__gsm8k_test_000988__no_think,gsm8k_test_000988,no_think,canonical,,full_output,13,10,False,58,58,True,13.877055168151855,,ok,True,ok,6,6
exp_c,exp_c__gsm8k_test_000988__no_think,gsm8k_test_000988,no_think,canonical,,full_output,20,10,False,58,58,True,13.75794792175293,,ok,True,ok,6,6
exp_c,exp_c__gsm8k_test_000988__no_think,gsm8k_test_000988,no_think,canonical,,answer_segment,6,10,False,58,58,True,18.95024299621582,,ok,True,ok,6,6
exp_c,exp_c__gsm8k_test_000988__no_think,gsm8k_test_000988,no_think,canonical,,answer_segment,13,10,False,58,58,True,13.877055168151855,,ok,True,ok,6,6
exp_c,exp_c__gsm8k_test_000988__no_think,gsm8k_test_000988,no_think,canonical,,answer_segment,20,10,False,58,58,True,13.75794792175293,,ok,True,ok,6,6
exp_c,exp_c__gsm8k_test_000990__think,gsm8k_test_000990,think,canonical,,full_output,6,10,False,572,572,True,13.14488697052002,,ok,True,ok,14,14
exp_c,exp_c__gsm8k_test_000990__think,gsm8k_test_000990,think,canonical,,full_output,13,10,False,572,572,True,9.922554969787598,,ok,True,ok,14,14
exp_c,exp_c__gsm8k_test_000990__think,gsm8k_test_000990,think,canonical,,full_output,20,10,False,572,572,True,10.833062171936035,,ok,True,ok,14,14
exp_c,exp_c__gsm8k_test_000990__think,gsm8k_test_000990,think,canonical,,thinking_segment,6,10,False,514,514,True,13.570184707641602,,ok_qwen_token_boundary,True,ok,14,14
exp_c,exp_c__gsm8k_test_000990__think,gsm8k_test_000990,think,canonical,,thinking_segment,13,10,False,514,514,True,10.00683307647705,,ok_qwen_token_boundary,True,ok,14,14
exp_c,exp_c__gsm8k_test_000990__think,gsm8k_test_000990,think,canonical,,thinking_segment,20,10,False,514,514,True,10.893289566040039,,ok_qwen_token_boundary,True,ok,14,14
exp_c,exp_c__gsm8k_test_000990__think,gsm8k_test_000990,think,canonical,,answer_segment,6,10,False,58,58,True,15.483771324157715,,ok_qwen_token_boundary,True,ok,14,14
exp_c,exp_c__gsm8k_test_000990__think,gsm8k_test_000990,think,canonical,,answer_segment,13,10,False,58,58,True,11.469186782836914,,ok_qwen_token_boundary,True,ok,14,14
exp_c,exp_c__gsm8k_test_000990__think,gsm8k_test_000990,think,canonical,,answer_segment,20,10,False,58,58,True,10.77822208404541,,ok_qwen_token_boundary,True,ok,14,14
exp_c,exp_c__gsm8k_test_000990__no_think,gsm8k_test_000990,no_think,canonical,,full_output,6,10,False,58,58,True,16.670053482055664,,ok,True,ok,14,14
exp_c,exp_c__gsm8k_test_000990__no_think,gsm8k_test_000990,no_think,canonical,,full_output,13,10,False,58,58,True,11.558326721191406,,ok,True,ok,14,14
exp_c,exp_c__gsm8k_test_000990__no_think,gsm8k_test_000990,no_think,canonical,,full_output,20,10,False,58,58,True,11.553515434265137,,ok,True,ok,14,14
exp_c,exp_c__gsm8k_test_000990__no_think,gsm8k_test_000990,no_think,canonical,,answer_segment,6,10,False,58,58,True,16.670053482055664,,ok,True,ok,14,14
exp_c,exp_c__gsm8k_test_000990__no_think,gsm8k_test_000990,no_think,canonical,,answer_segment,13,10,False,58,58,True,11.558326721191406,,ok,True,ok,14,14
exp_c,exp_c__gsm8k_test_000990__no_think,gsm8k_test_000990,no_think,canonical,,answer_segment,20,10,False,58,58,True,11.553515434265137,,ok,True,ok,14,14
exp_c,exp_c__gsm8k_test_000995__think,gsm8k_test_000995,think,canonical,,full_output,6,10,False,146,146,True,14.741601943969727,,ok,True,ok,12,12
exp_c,exp_c__gsm8k_test_000995__think,gsm8k_test_000995,think,canonical,,full_output,13,10,False,146,146,True,12.04084300994873,,ok,True,ok,12,12
exp_c,exp_c__gsm8k_test_000995__think,gsm8k_test_000995,think,canonical,,full_output,20,10,False,146,146,True,12.955775260925293,,ok,True,ok,12,12
exp_c,exp_c__gsm8k_test_000995__think,gsm8k_test_000995,think,canonical,,thinking_segment,6,10,False,102,102,True,17.06682586669922,,ok_qwen_token_boundary,True,ok,12,12
exp_c,exp_c__gsm8k_test_000995__think,gsm8k_test_000995,think,canonical,,thinking_segment,13,10,False,102,102,True,13.38608455657959,,ok_qwen_token_boundary,True,ok,12,12
exp_c,exp_c__gsm8k_test_000995__think,gsm8k_test_000995,think,canonical,,thinking_segment,20,10,False,102,102,True,13.443093299865723,,ok_qwen_token_boundary,True,ok,12,12
exp_c,exp_c__gsm8k_test_000995__think,gsm8k_test_000995,think,canonical,,answer_segment,6,10,False,44,44,True,19.38506317138672,,ok_qwen_token_boundary,True,ok,12,12
exp_c,exp_c__gsm8k_test_000995__think,gsm8k_test_000995,think,canonical,,answer_segment,13,10,False,44,44,True,14.258065223693848,,ok_qwen_token_boundary,True,ok,12,12
exp_c,exp_c__gsm8k_test_000995__think,gsm8k_test_000995,think,canonical,,answer_segment,20,10,False,44,44,True,12.817264556884766,,ok_qwen_token_boundary,True,ok,12,12
exp_c,exp_c__gsm8k_test_000995__no_think,gsm8k_test_000995,no_think,canonical,,full_output,6,10,False,42,42,True,17.392364501953125,,ok,True,ok,12,12
exp_c,exp_c__gsm8k_test_000995__no_think,gsm8k_test_000995,no_think,canonical,,full_output,13,10,False,42,42,True,15.790428161621094,,ok,True,ok,12,12
exp_c,exp_c__gsm8k_test_000995__no_think,gsm8k_test_000995,no_think,canonical,,full_output,20,10,False,42,42,True,13.956498146057129,,ok,True,ok,12,12
exp_c,exp_c__gsm8k_test_000995__no_think,gsm8k_test_000995,no_think,canonical,,answer_segment,6,10,False,42,42,True,17.392364501953125,,ok,True,ok,12,12
exp_c,exp_c__gsm8k_test_000995__no_think,gsm8k_test_000995,no_think,canonical,,answer_segment,13,10,False,42,42,True,15.790428161621094,,ok,True,ok,12,12
exp_c,exp_c__gsm8k_test_000995__no_think,gsm8k_test_000995,no_think,canonical,,answer_segment,20,10,False,42,42,True,13.956498146057129,,ok,True,ok,12,12
exp_c,exp_c__gsm8k_test_001002__think,gsm8k_test_001002,think,canonical,,full_output,6,10,False,182,182,True,22.629558563232422,,ok,True,ok,8,8
exp_c,exp_c__gsm8k_test_001002__think,gsm8k_test_001002,think,canonical,,full_output,13,10,False,182,182,True,13.52340030670166,,ok,True,ok,8,8
exp_c,exp_c__gsm8k_test_001002__think,gsm8k_test_001002,think,canonical,,full_output,20,10,False,182,182,True,14.374834060668945,,ok,True,ok,8,8
exp_c,exp_c__gsm8k_test_001002__think,gsm8k_test_001002,think,canonical,,thinking_segment,6,10,False,139,139,True,26.7670841217041,,ok_qwen_token_boundary,True,ok,8,8
exp_c,exp_c__gsm8k_test_001002__think,gsm8k_test_001002,think,canonical,,thinking_segment,13,10,False,139,139,True,13.967297554016113,,ok_qwen_token_boundary,True,ok,8,8
exp_c,exp_c__gsm8k_test_001002__think,gsm8k_test_001002,think,canonical,,thinking_segment,20,10,False,139,139,True,14.622109413146973,,ok_qwen_token_boundary,True,ok,8,8
exp_c,exp_c__gsm8k_test_001002__think,gsm8k_test_001002,think,canonical,,answer_segment,6,10,False,43,43,True,13.798552513122559,,ok_qwen_token_boundary,True,ok,8,8
exp_c,exp_c__gsm8k_test_001002__think,gsm8k_test_001002,think,canonical,,answer_segment,13,10,False,43,43,True,11.381999015808105,,ok_qwen_token_boundary,True,ok,8,8
exp_c,exp_c__gsm8k_test_001002__think,gsm8k_test_001002,think,canonical,,answer_segment,20,10,False,43,43,True,13.894613265991211,,ok_qwen_token_boundary,True,ok,8,8
exp_c,exp_c__gsm8k_test_001002__no_think,gsm8k_test_001002,no_think,canonical,,full_output,6,10,False,44,44,True,14.163686752319336,,ok,True,ok,8,8
exp_c,exp_c__gsm8k_test_001002__no_think,gsm8k_test_001002,no_think,canonical,,full_output,13,10,False,44,44,True,10.595804214477539,,ok,True,ok,8,8
exp_c,exp_c__gsm8k_test_001002__no_think,gsm8k_test_001002,no_think,canonical,,full_output,20,10,False,44,44,True,14.828882217407227,,ok,True,ok,8,8
exp_c,exp_c__gsm8k_test_001002__no_think,gsm8k_test_001002,no_think,canonical,,answer_segment,6,10,False,44,44,True,14.163686752319336,,ok,True,ok,8,8
exp_c,exp_c__gsm8k_test_001002__no_think,gsm8k_test_001002,no_think,canonical,,answer_segment,13,10,False,44,44,True,10.595804214477539,,ok,True,ok,8,8
exp_c,exp_c__gsm8k_test_001002__no_think,gsm8k_test_001002,no_think,canonical,,answer_segment,20,10,False,44,44,True,14.828882217407227,,ok,True,ok,8,8
exp_c,exp_c__gsm8k_test_001006__think,gsm8k_test_001006,think,canonical,,full_output,6,10,False,469,469,True,14.000557899475098,,ok,True,ok,826,826
exp_c,exp_c__gsm8k_test_001006__think,gsm8k_test_001006,think,canonical,,full_output,13,10,False,469,469,True,10.944814682006836,,ok,True,ok,826,826
exp_c,exp_c__gsm8k_test_001006__think,gsm8k_test_001006,think,canonical,,full_output,20,10,False,469,469,True,10.954211235046387,,ok,True,ok,826,826
exp_c,exp_c__gsm8k_test_001006__think,gsm8k_test_001006,think,canonical,,thinking_segment,6,10,False,407,407,True,15.656074523925781,,ok_qwen_token_boundary,True,ok,826,826
exp_c,exp_c__gsm8k_test_001006__think,gsm8k_test_001006,think,canonical,,thinking_segment,13,10,False,407,407,True,11.916051864624023,,ok_qwen_token_boundary,True,ok,826,826
exp_c,exp_c__gsm8k_test_001006__think,gsm8k_test_001006,think,canonical,,thinking_segment,20,10,False,407,407,True,11.445392608642578,,ok_qwen_token_boundary,True,ok,826,826
exp_c,exp_c__gsm8k_test_001006__think,gsm8k_test_001006,think,canonical,,answer_segment,6,10,False,62,62,True,18.786861419677734,,ok_qwen_token_boundary,True,ok,826,826
exp_c,exp_c__gsm8k_test_001006__think,gsm8k_test_001006,think,canonical,,answer_segment,13,10,False,62,62,True,12.84583568572998,,ok_qwen_token_boundary,True,ok,826,826
exp_c,exp_c__gsm8k_test_001006__think,gsm8k_test_001006,think,canonical,,answer_segment,20,10,False,62,62,True,12.248773574829102,,ok_qwen_token_boundary,True,ok,826,826
exp_c,exp_c__gsm8k_test_001006__no_think,gsm8k_test_001006,no_think,canonical,,full_output,6,10,False,55,55,True,14.864285469055176,,ok,True,ok,826,826
exp_c,exp_c__gsm8k_test_001006__no_think,gsm8k_test_001006,no_think,canonical,,full_output,13,10,False,55,55,True,11.819509506225586,,ok,True,ok,826,826
exp_c,exp_c__gsm8k_test_001006__no_think,gsm8k_test_001006,no_think,canonical,,full_output,20,10,False,55,55,True,12.101877212524414,,ok,True,ok,826,826
exp_c,exp_c__gsm8k_test_001006__no_think,gsm8k_test_001006,no_think,canonical,,answer_segment,6,10,False,55,55,True,14.864285469055176,,ok,True,ok,826,826
exp_c,exp_c__gsm8k_test_001006__no_think,gsm8k_test_001006,no_think,canonical,,answer_segment,13,10,False,55,55,True,11.819509506225586,,ok,True,ok,826,826
exp_c,exp_c__gsm8k_test_001006__no_think,gsm8k_test_001006,no_think,canonical,,answer_segment,20,10,False,55,55,True,12.101877212524414,,ok,True,ok,826,826
exp_c,exp_c__gsm8k_test_001008__think,gsm8k_test_001008,think,canonical,,full_output,6,10,False,251,251,True,17.17656898498535,,ok,True,ok,230,230
exp_c,exp_c__gsm8k_test_001008__think,gsm8k_test_001008,think,canonical,,full_output,13,10,False,251,251,True,12.242310523986816,,ok,True,ok,230,230
exp_c,exp_c__gsm8k_test_001008__think,gsm8k_test_001008,think,canonical,,full_output,20,10,False,251,251,True,12.766014099121094,,ok,True,ok,230,230
exp_c,exp_c__gsm8k_test_001008__think,gsm8k_test_001008,think,canonical,,thinking_segment,6,10,False,196,196,True,19.216869354248047,,ok_qwen_token_boundary,True,ok,230,230
exp_c,exp_c__gsm8k_test_001008__think,gsm8k_test_001008,think,canonical,,thinking_segment,13,10,False,196,196,True,13.143531799316406,,ok_qwen_token_boundary,True,ok,230,230
exp_c,exp_c__gsm8k_test_001008__think,gsm8k_test_001008,think,canonical,,thinking_segment,20,10,False,196,196,True,13.428275108337402,,ok_qwen_token_boundary,True,ok,230,230
exp_c,exp_c__gsm8k_test_001008__think,gsm8k_test_001008,think,canonical,,answer_segment,6,10,False,55,55,True,16.436565399169922,,ok_qwen_token_boundary,True,ok,230,230
exp_c,exp_c__gsm8k_test_001008__think,gsm8k_test_001008,think,canonical,,answer_segment,13,10,False,55,55,True,13.18400764465332,,ok_qwen_token_boundary,True,ok,230,230
exp_c,exp_c__gsm8k_test_001008__think,gsm8k_test_001008,think,canonical,,answer_segment,20,10,False,55,55,True,11.803696632385254,,ok_qwen_token_boundary,True,ok,230,230
exp_c,exp_c__gsm8k_test_001008__no_think,gsm8k_test_001008,no_think,canonical,,full_output,6,10,False,44,44,True,18.339263916015625,,ok,False,ok,230,170
exp_c,exp_c__gsm8k_test_001008__no_think,gsm8k_test_001008,no_think,canonical,,full_output,13,10,False,44,44,True,11.958965301513672,,ok,False,ok,230,170
exp_c,exp_c__gsm8k_test_001008__no_think,gsm8k_test_001008,no_think,canonical,,full_output,20,10,False,44,44,True,12.924530982971191,,ok,False,ok,230,170
exp_c,exp_c__gsm8k_test_001008__no_think,gsm8k_test_001008,no_think,canonical,,answer_segment,6,10,False,44,44,True,18.339263916015625,,ok,False,ok,230,170
exp_c,exp_c__gsm8k_test_001008__no_think,gsm8k_test_001008,no_think,canonical,,answer_segment,13,10,False,44,44,True,11.958965301513672,,ok,False,ok,230,170
exp_c,exp_c__gsm8k_test_001008__no_think,gsm8k_test_001008,no_think,canonical,,answer_segment,20,10,False,44,44,True,12.924530982971191,,ok,False,ok,230,170
exp_c,exp_c__gsm8k_test_001009__think,gsm8k_test_001009,think,canonical,,full_output,6,10,False,320,320,True,15.725201606750488,,ok,True,ok,1875,1875
exp_c,exp_c__gsm8k_test_001009__think,gsm8k_test_001009,think,canonical,,full_output,13,10,False,320,320,True,12.69961929321289,,ok,True,ok,1875,1875
exp_c,exp_c__gsm8k_test_001009__think,gsm8k_test_001009,think,canonical,,full_output,20,10,False,320,320,True,13.34936237335205,,ok,True,ok,1875,1875
exp_c,exp_c__gsm8k_test_001009__think,gsm8k_test_001009,think,canonical,,thinking_segment,6,10,False,254,254,True,14.070257186889648,,ok_qwen_token_boundary,True,ok,1875,1875
exp_c,exp_c__gsm8k_test_001009__think,gsm8k_test_001009,think,canonical,,thinking_segment,13,10,False,254,254,True,11.950997352600098,,ok_qwen_token_boundary,True,ok,1875,1875
exp_c,exp_c__gsm8k_test_001009__think,gsm8k_test_001009,think,canonical,,thinking_segment,20,10,False,254,254,True,12.643366813659668,,ok_qwen_token_boundary,True,ok,1875,1875
exp_c,exp_c__gsm8k_test_001009__think,gsm8k_test_001009,think,canonical,,answer_segment,6,10,False,66,66,True,14.704362869262695,,ok_qwen_token_boundary,True,ok,1875,1875
exp_c,exp_c__gsm8k_test_001009__think,gsm8k_test_001009,think,canonical,,answer_segment,13,10,False,66,66,True,12.299330711364746,,ok_qwen_token_boundary,True,ok,1875,1875
exp_c,exp_c__gsm8k_test_001009__think,gsm8k_test_001009,think,canonical,,answer_segment,20,10,False,66,66,True,11.960150718688965,,ok_qwen_token_boundary,True,ok,1875,1875
exp_c,exp_c__gsm8k_test_001009__no_think,gsm8k_test_001009,no_think,canonical,,full_output,6,10,False,94,94,True,12.345617294311523,,ok,True,ok,1875,1875
exp_c,exp_c__gsm8k_test_001009__no_think,gsm8k_test_001009,no_think,canonical,,full_output,13,10,False,94,94,True,11.588133811950684,,ok,True,ok,1875,1875
exp_c,exp_c__gsm8k_test_001009__no_think,gsm8k_test_001009,no_think,canonical,,full_output,20,10,False,94,94,True,11.190286636352539,,ok,True,ok,1875,1875
exp_c,exp_c__gsm8k_test_001009__no_think,gsm8k_test_001009,no_think,canonical,,answer_segment,6,10,False,94,94,True,12.345617294311523,,ok,True,ok,1875,1875
exp_c,exp_c__gsm8k_test_001009__no_think,gsm8k_test_001009,no_think,canonical,,answer_segment,13,10,False,94,94,True,11.588133811950684,,ok,True,ok,1875,1875
exp_c,exp_c__gsm8k_test_001009__no_think,gsm8k_test_001009,no_think,canonical,,answer_segment,20,10,False,94,94,True,11.190286636352539,,ok,True,ok,1875,1875
exp_c,exp_c__gsm8k_test_001013__think,gsm8k_test_001013,think,canonical,,full_output,6,10,False,294,294,True,17.34347152709961,,ok,True,ok,2,2
exp_c,exp_c__gsm8k_test_001013__think,gsm8k_test_001013,think,canonical,,full_output,13,10,False,294,294,True,14.332961082458496,,ok,True,ok,2,2
exp_c,exp_c__gsm8k_test_001013__think,gsm8k_test_001013,think,canonical,,full_output,20,10,False,294,294,True,12.883223533630371,,ok,True,ok,2,2
exp_c,exp_c__gsm8k_test_001013__think,gsm8k_test_001013,think,canonical,,thinking_segment,6,10,False,223,223,True,19.791608810424805,,ok_qwen_token_boundary,True,ok,2,2
exp_c,exp_c__gsm8k_test_001013__think,gsm8k_test_001013,think,canonical,,thinking_segment,13,10,False,223,223,True,15.468390464782715,,ok_qwen_token_boundary,True,ok,2,2
exp_c,exp_c__gsm8k_test_001013__think,gsm8k_test_001013,think,canonical,,thinking_segment,20,10,False,223,223,True,13.456122398376465,,ok_qwen_token_boundary,True,ok,2,2
exp_c,exp_c__gsm8k_test_001013__think,gsm8k_test_001013,think,canonical,,answer_segment,6,10,False,71,71,True,18.199251174926758,,ok_qwen_token_boundary,True,ok,2,2
exp_c,exp_c__gsm8k_test_001013__think,gsm8k_test_001013,think,canonical,,answer_segment,13,10,False,71,71,True,14.073132514953613,,ok_qwen_token_boundary,True,ok,2,2
exp_c,exp_c__gsm8k_test_001013__think,gsm8k_test_001013,think,canonical,,answer_segment,20,10,False,71,71,True,12.445857048034668,,ok_qwen_token_boundary,True,ok,2,2
exp_c,exp_c__gsm8k_test_001013__no_think,gsm8k_test_001013,no_think,canonical,,full_output,6,10,False,73,73,True,21.786243438720703,,ok,False,ok,2,2.67
exp_c,exp_c__gsm8k_test_001013__no_think,gsm8k_test_001013,no_think,canonical,,full_output,13,10,False,73,73,True,14.589798927307129,,ok,False,ok,2,2.67
exp_c,exp_c__gsm8k_test_001013__no_think,gsm8k_test_001013,no_think,canonical,,full_output,20,10,False,73,73,True,14.013484001159668,,ok,False,ok,2,2.67
exp_c,exp_c__gsm8k_test_001013__no_think,gsm8k_test_001013,no_think,canonical,,answer_segment,6,10,False,73,73,True,21.786243438720703,,ok,False,ok,2,2.67
exp_c,exp_c__gsm8k_test_001013__no_think,gsm8k_test_001013,no_think,canonical,,answer_segment,13,10,False,73,73,True,14.589798927307129,,ok,False,ok,2,2.67
exp_c,exp_c__gsm8k_test_001013__no_think,gsm8k_test_001013,no_think,canonical,,answer_segment,20,10,False,73,73,True,14.013484001159668,,ok,False,ok,2,2.67
exp_c,exp_c__gsm8k_test_001017__think,gsm8k_test_001017,think,canonical,,full_output,6,10,False,321,321,True,17.147567749023438,,ok,True,ok,45,45
exp_c,exp_c__gsm8k_test_001017__think,gsm8k_test_001017,think,canonical,,full_output,13,10,False,321,321,True,14.472415924072266,,ok,True,ok,45,45
exp_c,exp_c__gsm8k_test_001017__think,gsm8k_test_001017,think,canonical,,full_output,20,10,False,321,321,True,14.333345413208008,,ok,True,ok,45,45
exp_c,exp_c__gsm8k_test_001017__think,gsm8k_test_001017,think,canonical,,thinking_segment,6,10,False,265,265,True,19.001676559448242,,ok_qwen_token_boundary,True,ok,45,45
exp_c,exp_c__gsm8k_test_001017__think,gsm8k_test_001017,think,canonical,,thinking_segment,13,10,False,265,265,True,14.099292755126953,,ok_qwen_token_boundary,True,ok,45,45
exp_c,exp_c__gsm8k_test_001017__think,gsm8k_test_001017,think,canonical,,thinking_segment,20,10,False,265,265,True,14.417531967163086,,ok_qwen_token_boundary,True,ok,45,45
exp_c,exp_c__gsm8k_test_001017__think,gsm8k_test_001017,think,canonical,,answer_segment,6,10,False,56,56,True,16.588802337646484,,ok_qwen_token_boundary,True,ok,45,45
exp_c,exp_c__gsm8k_test_001017__think,gsm8k_test_001017,think,canonical,,answer_segment,13,10,False,56,56,True,13.2328462600708,,ok_qwen_token_boundary,True,ok,45,45
exp_c,exp_c__gsm8k_test_001017__think,gsm8k_test_001017,think,canonical,,answer_segment,20,10,False,56,56,True,13.052216529846191,,ok_qwen_token_boundary,True,ok,45,45
exp_c,exp_c__gsm8k_test_001017__no_think,gsm8k_test_001017,no_think,canonical,,full_output,6,10,False,71,71,True,18.99021339416504,,ok,True,ok,45,45
exp_c,exp_c__gsm8k_test_001017__no_think,gsm8k_test_001017,no_think,canonical,,full_output,13,10,False,71,71,True,12.603426933288574,,ok,True,ok,45,45
exp_c,exp_c__gsm8k_test_001017__no_think,gsm8k_test_001017,no_think,canonical,,full_output,20,10,False,71,71,True,14.230141639709473,,ok,True,ok,45,45
exp_c,exp_c__gsm8k_test_001017__no_think,gsm8k_test_001017,no_think,canonical,,answer_segment,6,10,False,71,71,True,18.99021339416504,,ok,True,ok,45,45
exp_c,exp_c__gsm8k_test_001017__no_think,gsm8k_test_001017,no_think,canonical,,answer_segment,13,10,False,71,71,True,12.603426933288574,,ok,True,ok,45,45
exp_c,exp_c__gsm8k_test_001017__no_think,gsm8k_test_001017,no_think,canonical,,answer_segment,20,10,False,71,71,True,14.230141639709473,,ok,True,ok,45,45
exp_c,exp_c__gsm8k_test_001026__think,gsm8k_test_001026,think,canonical,,full_output,6,10,False,315,315,True,15.527237892150879,,ok,True,ok,43200,43200
exp_c,exp_c__gsm8k_test_001026__think,gsm8k_test_001026,think,canonical,,full_output,13,10,False,315,315,True,12.1884183883667,,ok,True,ok,43200,43200
exp_c,exp_c__gsm8k_test_001026__think,gsm8k_test_001026,think,canonical,,full_output,20,10,False,315,315,True,12.761143684387207,,ok,True,ok,43200,43200
exp_c,exp_c__gsm8k_test_001026__think,gsm8k_test_001026,think,canonical,,thinking_segment,6,10,False,254,254,True,17.271577835083008,,ok_qwen_token_boundary,True,ok,43200,43200
exp_c,exp_c__gsm8k_test_001026__think,gsm8k_test_001026,think,canonical,,thinking_segment,13,10,False,254,254,True,12.710205078125,,ok_qwen_token_boundary,True,ok,43200,43200
exp_c,exp_c__gsm8k_test_001026__think,gsm8k_test_001026,think,canonical,,thinking_segment,20,10,False,254,254,True,12.817965507507324,,ok_qwen_token_boundary,True,ok,43200,43200
exp_c,exp_c__gsm8k_test_001026__think,gsm8k_test_001026,think,canonical,,answer_segment,6,10,False,61,61,True,20.738454818725586,,ok_qwen_token_boundary,True,ok,43200,43200
exp_c,exp_c__gsm8k_test_001026__think,gsm8k_test_001026,think,canonical,,answer_segment,13,10,False,61,61,True,14.087174415588379,,ok_qwen_token_boundary,True,ok,43200,43200
exp_c,exp_c__gsm8k_test_001026__think,gsm8k_test_001026,think,canonical,,answer_segment,20,10,False,61,61,True,12.495542526245117,,ok_qwen_token_boundary,True,ok,43200,43200
exp_c,exp_c__gsm8k_test_001026__no_think,gsm8k_test_001026,no_think,canonical,,full_output,6,10,False,63,63,True,19.46306610107422,,ok,True,ok,43200,43200
exp_c,exp_c__gsm8k_test_001026__no_think,gsm8k_test_001026,no_think,canonical,,full_output,13,10,False,63,63,True,12.429472923278809,,ok,True,ok,43200,43200
exp_c,exp_c__gsm8k_test_001026__no_think,gsm8k_test_001026,no_think,canonical,,full_output,20,10,False,63,63,True,12.634866714477539,,ok,True,ok,43200,43200
exp_c,exp_c__gsm8k_test_001026__no_think,gsm8k_test_001026,no_think,canonical,,answer_segment,6,10,False,63,63,True,19.46306610107422,,ok,True,ok,43200,43200
exp_c,exp_c__gsm8k_test_001026__no_think,gsm8k_test_001026,no_think,canonical,,answer_segment,13,10,False,63,63,True,12.429472923278809,,ok,True,ok,43200,43200
exp_c,exp_c__gsm8k_test_001026__no_think,gsm8k_test_001026,no_think,canonical,,answer_segment,20,10,False,63,63,True,12.634866714477539,,ok,True,ok,43200,43200
exp_c,exp_c__gsm8k_test_001031__think,gsm8k_test_001031,think,canonical,,full_output,6,10,False,350,350,True,14.328532218933105,,ok,True,ok,5,5
exp_c,exp_c__gsm8k_test_001031__think,gsm8k_test_001031,think,canonical,,full_output,13,10,False,350,350,True,10.770119667053223,,ok,True,ok,5,5
exp_c,exp_c__gsm8k_test_001031__think,gsm8k_test_001031,think,canonical,,full_output,20,10,False,350,350,True,11.779541969299316,,ok,True,ok,5,5
exp_c,exp_c__gsm8k_test_001031__think,gsm8k_test_001031,think,canonical,,thinking_segment,6,10,False,294,294,True,15.422107696533203,,ok_qwen_token_boundary,True,ok,5,5
exp_c,exp_c__gsm8k_test_001031__think,gsm8k_test_001031,think,canonical,,thinking_segment,13,10,False,294,294,True,11.092461585998535,,ok_qwen_token_boundary,True,ok,5,5
exp_c,exp_c__gsm8k_test_001031__think,gsm8k_test_001031,think,canonical,,thinking_segment,20,10,False,294,294,True,12.167855262756348,,ok_qwen_token_boundary,True,ok,5,5
exp_c,exp_c__gsm8k_test_001031__think,gsm8k_test_001031,think,canonical,,answer_segment,6,10,False,56,56,True,16.253877639770508,,ok_qwen_token_boundary,True,ok,5,5
exp_c,exp_c__gsm8k_test_001031__think,gsm8k_test_001031,think,canonical,,answer_segment,13,10,False,56,56,True,11.335576057434082,,ok_qwen_token_boundary,True,ok,5,5
exp_c,exp_c__gsm8k_test_001031__think,gsm8k_test_001031,think,canonical,,answer_segment,20,10,False,56,56,True,12.124146461486816,,ok_qwen_token_boundary,True,ok,5,5
exp_c,exp_c__gsm8k_test_001031__no_think,gsm8k_test_001031,no_think,canonical,,full_output,6,10,False,52,52,True,14.641952514648438,,ok,True,ok,5,5
exp_c,exp_c__gsm8k_test_001031__no_think,gsm8k_test_001031,no_think,canonical,,full_output,13,10,False,52,52,True,11.326574325561523,,ok,True,ok,5,5
exp_c,exp_c__gsm8k_test_001031__no_think,gsm8k_test_001031,no_think,canonical,,full_output,20,10,False,52,52,True,12.484333992004395,,ok,True,ok,5,5
exp_c,exp_c__gsm8k_test_001031__no_think,gsm8k_test_001031,no_think,canonical,,answer_segment,6,10,False,52,52,True,14.641952514648438,,ok,True,ok,5,5
exp_c,exp_c__gsm8k_test_001031__no_think,gsm8k_test_001031,no_think,canonical,,answer_segment,13,10,False,52,52,True,11.326574325561523,,ok,True,ok,5,5
exp_c,exp_c__gsm8k_test_001031__no_think,gsm8k_test_001031,no_think,canonical,,answer_segment,20,10,False,52,52,True,12.484333992004395,,ok,True,ok,5,5
exp_c,exp_c__gsm8k_test_001038__think,gsm8k_test_001038,think,canonical,,full_output,6,10,False,507,507,True,14.846891403198242,,ok,True,ok,4,4
exp_c,exp_c__gsm8k_test_001038__think,gsm8k_test_001038,think,canonical,,full_output,13,10,False,507,507,True,11.792115211486816,,ok,True,ok,4,4
exp_c,exp_c__gsm8k_test_001038__think,gsm8k_test_001038,think,canonical,,full_output,20,10,False,507,507,True,12.204643249511719,,ok,True,ok,4,4
exp_c,exp_c__gsm8k_test_001038__think,gsm8k_test_001038,think,canonical,,thinking_segment,6,10,False,443,443,True,15.586856842041016,,ok_qwen_token_boundary,True,ok,4,4
exp_c,exp_c__gsm8k_test_001038__think,gsm8k_test_001038,think,canonical,,thinking_segment,13,10,False,443,443,True,11.838905334472656,,ok_qwen_token_boundary,True,ok,4,4
exp_c,exp_c__gsm8k_test_001038__think,gsm8k_test_001038,think,canonical,,thinking_segment,20,10,False,443,443,True,12.171789169311523,,ok_qwen_token_boundary,True,ok,4,4
exp_c,exp_c__gsm8k_test_001038__think,gsm8k_test_001038,think,canonical,,answer_segment,6,10,False,64,64,True,15.789046287536621,,ok_qwen_token_boundary,True,ok,4,4
exp_c,exp_c__gsm8k_test_001038__think,gsm8k_test_001038,think,canonical,,answer_segment,13,10,False,64,64,True,10.517194747924805,,ok_qwen_token_boundary,True,ok,4,4
exp_c,exp_c__gsm8k_test_001038__think,gsm8k_test_001038,think,canonical,,answer_segment,20,10,False,64,64,True,12.057498931884766,,ok_qwen_token_boundary,True,ok,4,4
exp_c,exp_c__gsm8k_test_001038__no_think,gsm8k_test_001038,no_think,canonical,,full_output,6,10,False,68,68,True,16.64495277404785,,ok,True,ok,4,4
exp_c,exp_c__gsm8k_test_001038__no_think,gsm8k_test_001038,no_think,canonical,,full_output,13,10,False,68,68,True,11.942922592163086,,ok,True,ok,4,4
exp_c,exp_c__gsm8k_test_001038__no_think,gsm8k_test_001038,no_think,canonical,,full_output,20,10,False,68,68,True,13.203800201416016,,ok,True,ok,4,4
exp_c,exp_c__gsm8k_test_001038__no_think,gsm8k_test_001038,no_think,canonical,,answer_segment,6,10,False,68,68,True,16.64495277404785,,ok,True,ok,4,4
exp_c,exp_c__gsm8k_test_001038__no_think,gsm8k_test_001038,no_think,canonical,,answer_segment,13,10,False,68,68,True,11.942922592163086,,ok,True,ok,4,4
exp_c,exp_c__gsm8k_test_001038__no_think,gsm8k_test_001038,no_think,canonical,,answer_segment,20,10,False,68,68,True,13.203800201416016,,ok,True,ok,4,4
exp_c,exp_c__gsm8k_test_001043__think,gsm8k_test_001043,think,canonical,,full_output,6,10,False,330,330,True,14.237956047058105,,ok,True,ok,130000,130000
exp_c,exp_c__gsm8k_test_001043__think,gsm8k_test_001043,think,canonical,,full_output,13,10,False,330,330,True,11.861613273620605,,ok,True,ok,130000,130000
exp_c,exp_c__gsm8k_test_001043__think,gsm8k_test_001043,think,canonical,,full_output,20,10,False,330,330,True,12.177494049072266,,ok,True,ok,130000,130000
exp_c,exp_c__gsm8k_test_001043__think,gsm8k_test_001043,think,canonical,,thinking_segment,6,10,False,278,278,True,14.698356628417969,,ok_qwen_token_boundary,True,ok,130000,130000
exp_c,exp_c__gsm8k_test_001043__think,gsm8k_test_001043,think,canonical,,thinking_segment,13,10,False,278,278,True,12.172839164733887,,ok_qwen_token_boundary,True,ok,130000,130000
exp_c,exp_c__gsm8k_test_001043__think,gsm8k_test_001043,think,canonical,,thinking_segment,20,10,False,278,278,True,12.425353050231934,,ok_qwen_token_boundary,True,ok,130000,130000
exp_c,exp_c__gsm8k_test_001043__think,gsm8k_test_001043,think,canonical,,answer_segment,6,10,False,52,52,True,13.78707218170166,,ok_qwen_token_boundary,True,ok,130000,130000
exp_c,exp_c__gsm8k_test_001043__think,gsm8k_test_001043,think,canonical,,answer_segment,13,10,False,52,52,True,10.668035507202148,,ok_qwen_token_boundary,True,ok,130000,130000
exp_c,exp_c__gsm8k_test_001043__think,gsm8k_test_001043,think,canonical,,answer_segment,20,10,False,52,52,True,10.741527557373047,,ok_qwen_token_boundary,True,ok,130000,130000
exp_c,exp_c__gsm8k_test_001043__no_think,gsm8k_test_001043,no_think,canonical,,full_output,6,10,False,51,51,True,13.278899192810059,,ok,True,ok,130000,130000
exp_c,exp_c__gsm8k_test_001043__no_think,gsm8k_test_001043,no_think,canonical,,full_output,13,10,False,51,51,True,10.516057968139648,,ok,True,ok,130000,130000
exp_c,exp_c__gsm8k_test_001043__no_think,gsm8k_test_001043,no_think,canonical,,full_output,20,10,False,51,51,True,10.400480270385742,,ok,True,ok,130000,130000
exp_c,exp_c__gsm8k_test_001043__no_think,gsm8k_test_001043,no_think,canonical,,answer_segment,6,10,False,51,51,True,13.278899192810059,,ok,True,ok,130000,130000
exp_c,exp_c__gsm8k_test_001043__no_think,gsm8k_test_001043,no_think,canonical,,answer_segment,13,10,False,51,51,True,10.516057968139648,,ok,True,ok,130000,130000
exp_c,exp_c__gsm8k_test_001043__no_think,gsm8k_test_001043,no_think,canonical,,answer_segment,20,10,False,51,51,True,10.400480270385742,,ok,True,ok,130000,130000
exp_c,exp_c__gsm8k_test_001047__think,gsm8k_test_001047,think,canonical,,full_output,6,10,False,305,305,True,15.566905975341797,,ok,True,ok,10,10
exp_c,exp_c__gsm8k_test_001047__think,gsm8k_test_001047,think,canonical,,full_output,13,10,False,305,305,True,13.058795928955078,,ok,True,ok,10,10
exp_c,exp_c__gsm8k_test_001047__think,gsm8k_test_001047,think,canonical,,full_output,20,10,False,305,305,True,12.281405448913574,,ok,True,ok,10,10
exp_c,exp_c__gsm8k_test_001047__think,gsm8k_test_001047,think,canonical,,thinking_segment,6,10,False,246,246,True,17.41805076599121,,ok_qwen_token_boundary,True,ok,10,10
exp_c,exp_c__gsm8k_test_001047__think,gsm8k_test_001047,think,canonical,,thinking_segment,13,10,False,246,246,True,14.553559303283691,,ok_qwen_token_boundary,True,ok,10,10
exp_c,exp_c__gsm8k_test_001047__think,gsm8k_test_001047,think,canonical,,thinking_segment,20,10,False,246,246,True,13.10165023803711,,ok_qwen_token_boundary,True,ok,10,10
exp_c,exp_c__gsm8k_test_001047__think,gsm8k_test_001047,think,canonical,,answer_segment,6,10,False,59,59,True,17.85440444946289,,ok_qwen_token_boundary,True,ok,10,10
exp_c,exp_c__gsm8k_test_001047__think,gsm8k_test_001047,think,canonical,,answer_segment,13,10,False,59,59,True,13.187602043151855,,ok_qwen_token_boundary,True,ok,10,10
exp_c,exp_c__gsm8k_test_001047__think,gsm8k_test_001047,think,canonical,,answer_segment,20,10,False,59,59,True,12.198107719421387,,ok_qwen_token_boundary,True,ok,10,10
exp_c,exp_c__gsm8k_test_001047__no_think,gsm8k_test_001047,no_think,canonical,,full_output,6,10,False,53,53,True,15.744978904724121,,ok,True,ok,10,10
exp_c,exp_c__gsm8k_test_001047__no_think,gsm8k_test_001047,no_think,canonical,,full_output,13,10,False,53,53,True,13.009659767150879,,ok,True,ok,10,10
exp_c,exp_c__gsm8k_test_001047__no_think,gsm8k_test_001047,no_think,canonical,,full_output,20,10,False,53,53,True,12.932489395141602,,ok,True,ok,10,10
exp_c,exp_c__gsm8k_test_001047__no_think,gsm8k_test_001047,no_think,canonical,,answer_segment,6,10,False,53,53,True,15.744978904724121,,ok,True,ok,10,10
exp_c,exp_c__gsm8k_test_001047__no_think,gsm8k_test_001047,no_think,canonical,,answer_segment,13,10,False,53,53,True,13.009659767150879,,ok,True,ok,10,10
exp_c,exp_c__gsm8k_test_001047__no_think,gsm8k_test_001047,no_think,canonical,,answer_segment,20,10,False,53,53,True,12.932489395141602,,ok,True,ok,10,10
exp_c,exp_c__gsm8k_test_001052__think,gsm8k_test_001052,think,canonical,,full_output,6,10,False,319,319,True,13.256765365600586,,ok,True,ok,110,110
exp_c,exp_c__gsm8k_test_001052__think,gsm8k_test_001052,think,canonical,,full_output,13,10,False,319,319,True,10.971505165100098,,ok,True,ok,110,110
exp_c,exp_c__gsm8k_test_001052__think,gsm8k_test_001052,think,canonical,,full_output,20,10,False,319,319,True,11.609728813171387,,ok,True,ok,110,110
exp_c,exp_c__gsm8k_test_001052__think,gsm8k_test_001052,think,canonical,,thinking_segment,6,10,False,266,266,True,15.288643836975098,,ok_qwen_token_boundary,True,ok,110,110
exp_c,exp_c__gsm8k_test_001052__think,gsm8k_test_001052,think,canonical,,thinking_segment,13,10,False,266,266,True,11.818135261535645,,ok_qwen_token_boundary,True,ok,110,110
exp_c,exp_c__gsm8k_test_001052__think,gsm8k_test_001052,think,canonical,,thinking_segment,20,10,False,266,266,True,12.126087188720703,,ok_qwen_token_boundary,True,ok,110,110
exp_c,exp_c__gsm8k_test_001052__think,gsm8k_test_001052,think,canonical,,answer_segment,6,10,False,53,53,True,15.880615234375,,ok_qwen_token_boundary,True,ok,110,110
exp_c,exp_c__gsm8k_test_001052__think,gsm8k_test_001052,think,canonical,,answer_segment,13,10,False,53,53,True,13.578784942626953,,ok_qwen_token_boundary,True,ok,110,110
exp_c,exp_c__gsm8k_test_001052__think,gsm8k_test_001052,think,canonical,,answer_segment,20,10,False,53,53,True,11.124687194824219,,ok_qwen_token_boundary,True,ok,110,110
exp_c,exp_c__gsm8k_test_001052__no_think,gsm8k_test_001052,no_think,canonical,,full_output,6,10,False,53,53,True,15.744152069091797,,ok,True,ok,110,110
exp_c,exp_c__gsm8k_test_001052__no_think,gsm8k_test_001052,no_think,canonical,,full_output,13,10,False,53,53,True,12.824614524841309,,ok,True,ok,110,110
exp_c,exp_c__gsm8k_test_001052__no_think,gsm8k_test_001052,no_think,canonical,,full_output,20,10,False,53,53,True,11.101993560791016,,ok,True,ok,110,110
exp_c,exp_c__gsm8k_test_001052__no_think,gsm8k_test_001052,no_think,canonical,,answer_segment,6,10,False,53,53,True,15.744152069091797,,ok,True,ok,110,110
exp_c,exp_c__gsm8k_test_001052__no_think,gsm8k_test_001052,no_think,canonical,,answer_segment,13,10,False,53,53,True,12.824614524841309,,ok,True,ok,110,110
exp_c,exp_c__gsm8k_test_001052__no_think,gsm8k_test_001052,no_think,canonical,,answer_segment,20,10,False,53,53,True,11.101993560791016,,ok,True,ok,110,110
exp_c,exp_c__gsm8k_test_001058__think,gsm8k_test_001058,think,canonical,,full_output,6,10,False,300,300,True,12.885255813598633,,ok,True,ok,250,250
exp_c,exp_c__gsm8k_test_001058__think,gsm8k_test_001058,think,canonical,,full_output,13,10,False,300,300,True,10.756606101989746,,ok,True,ok,250,250
exp_c,exp_c__gsm8k_test_001058__think,gsm8k_test_001058,think,canonical,,full_output,20,10,False,300,300,True,11.500762939453125,,ok,True,ok,250,250
exp_c,exp_c__gsm8k_test_001058__think,gsm8k_test_001058,think,canonical,,thinking_segment,6,10,False,239,239,True,14.3778715133667,,ok_qwen_token_boundary,True,ok,250,250
exp_c,exp_c__gsm8k_test_001058__think,gsm8k_test_001058,think,canonical,,thinking_segment,13,10,False,239,239,True,11.107742309570312,,ok_qwen_token_boundary,True,ok,250,250
exp_c,exp_c__gsm8k_test_001058__think,gsm8k_test_001058,think,canonical,,thinking_segment,20,10,False,239,239,True,12.023880958557129,,ok_qwen_token_boundary,True,ok,250,250
exp_c,exp_c__gsm8k_test_001058__think,gsm8k_test_001058,think,canonical,,answer_segment,6,10,False,61,61,True,18.99437141418457,,ok_qwen_token_boundary,True,ok,250,250
exp_c,exp_c__gsm8k_test_001058__think,gsm8k_test_001058,think,canonical,,answer_segment,13,10,False,61,61,True,14.761321067810059,,ok_qwen_token_boundary,True,ok,250,250
exp_c,exp_c__gsm8k_test_001058__think,gsm8k_test_001058,think,canonical,,answer_segment,20,10,False,61,61,True,12.053417205810547,,ok_qwen_token_boundary,True,ok,250,250
exp_c,exp_c__gsm8k_test_001058__no_think,gsm8k_test_001058,no_think,canonical,,full_output,6,10,False,58,58,True,18.5076961517334,,ok,True,ok,250,250
exp_c,exp_c__gsm8k_test_001058__no_think,gsm8k_test_001058,no_think,canonical,,full_output,13,10,False,58,58,True,13.587252616882324,,ok,True,ok,250,250
exp_c,exp_c__gsm8k_test_001058__no_think,gsm8k_test_001058,no_think,canonical,,full_output,20,10,False,58,58,True,12.68370532989502,,ok,True,ok,250,250
exp_c,exp_c__gsm8k_test_001058__no_think,gsm8k_test_001058,no_think,canonical,,answer_segment,6,10,False,58,58,True,18.5076961517334,,ok,True,ok,250,250
exp_c,exp_c__gsm8k_test_001058__no_think,gsm8k_test_001058,no_think,canonical,,answer_segment,13,10,False,58,58,True,13.587252616882324,,ok,True,ok,250,250
exp_c,exp_c__gsm8k_test_001058__no_think,gsm8k_test_001058,no_think,canonical,,answer_segment,20,10,False,58,58,True,12.68370532989502,,ok,True,ok,250,250
exp_c,exp_c__gsm8k_test_001059__think,gsm8k_test_001059,think,canonical,,full_output,6,10,False,251,251,True,19.505319595336914,,ok,True,ok,2,2
exp_c,exp_c__gsm8k_test_001059__think,gsm8k_test_001059,think,canonical,,full_output,13,10,False,251,251,True,12.860250473022461,,ok,True,ok,2,2
exp_c,exp_c__gsm8k_test_001059__think,gsm8k_test_001059,think,canonical,,full_output,20,10,False,251,251,True,13.101348876953125,,ok,True,ok,2,2
exp_c,exp_c__gsm8k_test_001059__think,gsm8k_test_001059,think,canonical,,thinking_segment,6,10,False,200,200,True,22.035015106201172,,ok_qwen_token_boundary,True,ok,2,2
exp_c,exp_c__gsm8k_test_001059__think,gsm8k_test_001059,think,canonical,,thinking_segment,13,10,False,200,200,True,13.385651588439941,,ok_qwen_token_boundary,True,ok,2,2
exp_c,exp_c__gsm8k_test_001059__think,gsm8k_test_001059,think,canonical,,thinking_segment,20,10,False,200,200,True,13.171897888183594,,ok_qwen_token_boundary,True,ok,2,2
exp_c,exp_c__gsm8k_test_001059__think,gsm8k_test_001059,think,canonical,,answer_segment,6,10,False,51,51,True,15.671677589416504,,ok_qwen_token_boundary,True,ok,2,2
exp_c,exp_c__gsm8k_test_001059__think,gsm8k_test_001059,think,canonical,,answer_segment,13,10,False,51,51,True,11.3034086227417,,ok_qwen_token_boundary,True,ok,2,2
exp_c,exp_c__gsm8k_test_001059__think,gsm8k_test_001059,think,canonical,,answer_segment,20,10,False,51,51,True,12.574515342712402,,ok_qwen_token_boundary,True,ok,2,2
exp_c,exp_c__gsm8k_test_001059__no_think,gsm8k_test_001059,no_think,canonical,,full_output,6,10,False,60,60,True,19.93760108947754,,ok,True,ok,2,2
exp_c,exp_c__gsm8k_test_001059__no_think,gsm8k_test_001059,no_think,canonical,,full_output,13,10,False,60,60,True,13.475092887878418,,ok,True,ok,2,2
exp_c,exp_c__gsm8k_test_001059__no_think,gsm8k_test_001059,no_think,canonical,,full_output,20,10,False,60,60,True,12.33411693572998,,ok,True,ok,2,2
exp_c,exp_c__gsm8k_test_001059__no_think,gsm8k_test_001059,no_think,canonical,,answer_segment,6,10,False,60,60,True,19.93760108947754,,ok,True,ok,2,2
exp_c,exp_c__gsm8k_test_001059__no_think,gsm8k_test_001059,no_think,canonical,,answer_segment,13,10,False,60,60,True,13.475092887878418,,ok,True,ok,2,2
exp_c,exp_c__gsm8k_test_001059__no_think,gsm8k_test_001059,no_think,canonical,,answer_segment,20,10,False,60,60,True,12.33411693572998,,ok,True,ok,2,2
exp_c,exp_c__gsm8k_test_001079__think,gsm8k_test_001079,think,canonical,,full_output,6,10,False,447,447,True,10.988509178161621,,ok,True,ok,10,10
exp_c,exp_c__gsm8k_test_001079__think,gsm8k_test_001079,think,canonical,,full_output,13,10,False,447,447,True,10.522576332092285,,ok,True,ok,10,10
exp_c,exp_c__gsm8k_test_001079__think,gsm8k_test_001079,think,canonical,,full_output,20,10,False,447,447,True,11.017801284790039,,ok,True,ok,10,10
exp_c,exp_c__gsm8k_test_001079__think,gsm8k_test_001079,think,canonical,,thinking_segment,6,10,False,375,375,True,11.834794044494629,,ok_qwen_token_boundary,True,ok,10,10
exp_c,exp_c__gsm8k_test_001079__think,gsm8k_test_001079,think,canonical,,thinking_segment,13,10,False,375,375,True,10.539284706115723,,ok_qwen_token_boundary,True,ok,10,10
exp_c,exp_c__gsm8k_test_001079__think,gsm8k_test_001079,think,canonical,,thinking_segment,20,10,False,375,375,True,10.975406646728516,,ok_qwen_token_boundary,True,ok,10,10
exp_c,exp_c__gsm8k_test_001079__think,gsm8k_test_001079,think,canonical,,answer_segment,6,10,False,72,72,True,15.50465202331543,,ok_qwen_token_boundary,True,ok,10,10
exp_c,exp_c__gsm8k_test_001079__think,gsm8k_test_001079,think,canonical,,answer_segment,13,10,False,72,72,True,15.151447296142578,,ok_qwen_token_boundary,True,ok,10,10
exp_c,exp_c__gsm8k_test_001079__think,gsm8k_test_001079,think,canonical,,answer_segment,20,10,False,72,72,True,12.127103805541992,,ok_qwen_token_boundary,True,ok,10,10
exp_c,exp_c__gsm8k_test_001079__no_think,gsm8k_test_001079,no_think,canonical,,full_output,6,10,False,58,58,True,15.254191398620605,,ok,False,ok,10,90
exp_c,exp_c__gsm8k_test_001079__no_think,gsm8k_test_001079,no_think,canonical,,full_output,13,10,False,58,58,True,11.689594268798828,,ok,False,ok,10,90
exp_c,exp_c__gsm8k_test_001079__no_think,gsm8k_test_001079,no_think,canonical,,full_output,20,10,False,58,58,True,11.877344131469727,,ok,False,ok,10,90
exp_c,exp_c__gsm8k_test_001079__no_think,gsm8k_test_001079,no_think,canonical,,answer_segment,6,10,False,58,58,True,15.254191398620605,,ok,False,ok,10,90
exp_c,exp_c__gsm8k_test_001079__no_think,gsm8k_test_001079,no_think,canonical,,answer_segment,13,10,False,58,58,True,11.689594268798828,,ok,False,ok,10,90
exp_c,exp_c__gsm8k_test_001079__no_think,gsm8k_test_001079,no_think,canonical,,answer_segment,20,10,False,58,58,True,11.877344131469727,,ok,False,ok,10,90
exp_c,exp_c__gsm8k_test_001082__think,gsm8k_test_001082,think,canonical,,full_output,6,10,False,587,587,True,12.372666358947754,,ok,False,ok,2,1
exp_c,exp_c__gsm8k_test_001082__think,gsm8k_test_001082,think,canonical,,full_output,13,10,False,587,587,True,9.093399047851562,,ok,False,ok,2,1
exp_c,exp_c__gsm8k_test_001082__think,gsm8k_test_001082,think,canonical,,full_output,20,10,False,587,587,True,10.056403160095215,,ok,False,ok,2,1
exp_c,exp_c__gsm8k_test_001082__think,gsm8k_test_001082,think,canonical,,thinking_segment,6,10,False,514,514,True,11.662785530090332,,ok_qwen_token_boundary,False,ok,2,1
exp_c,exp_c__gsm8k_test_001082__think,gsm8k_test_001082,think,canonical,,thinking_segment,13,10,False,514,514,True,8.909001350402832,,ok_qwen_token_boundary,False,ok,2,1
exp_c,exp_c__gsm8k_test_001082__think,gsm8k_test_001082,think,canonical,,thinking_segment,20,10,False,514,514,True,9.811625480651855,,ok_qwen_token_boundary,False,ok,2,1
exp_c,exp_c__gsm8k_test_001082__think,gsm8k_test_001082,think,canonical,,answer_segment,6,10,False,73,73,True,20.483610153198242,,ok_qwen_token_boundary,False,ok,2,1
exp_c,exp_c__gsm8k_test_001082__think,gsm8k_test_001082,think,canonical,,answer_segment,13,10,False,73,73,True,11.443306922912598,,ok_qwen_token_boundary,False,ok,2,1
exp_c,exp_c__gsm8k_test_001082__think,gsm8k_test_001082,think,canonical,,answer_segment,20,10,False,73,73,True,11.725418090820312,,ok_qwen_token_boundary,False,ok,2,1
exp_c,exp_c__gsm8k_test_001082__no_think,gsm8k_test_001082,no_think,canonical,,full_output,6,10,False,60,60,True,18.899900436401367,,ok,False,ok,2,1
exp_c,exp_c__gsm8k_test_001082__no_think,gsm8k_test_001082,no_think,canonical,,full_output,13,10,False,60,60,True,10.908608436584473,,ok,False,ok,2,1
exp_c,exp_c__gsm8k_test_001082__no_think,gsm8k_test_001082,no_think,canonical,,full_output,20,10,False,60,60,True,12.063319206237793,,ok,False,ok,2,1
exp_c,exp_c__gsm8k_test_001082__no_think,gsm8k_test_001082,no_think,canonical,,answer_segment,6,10,False,60,60,True,18.899900436401367,,ok,False,ok,2,1
exp_c,exp_c__gsm8k_test_001082__no_think,gsm8k_test_001082,no_think,canonical,,answer_segment,13,10,False,60,60,True,10.908608436584473,,ok,False,ok,2,1
exp_c,exp_c__gsm8k_test_001082__no_think,gsm8k_test_001082,no_think,canonical,,answer_segment,20,10,False,60,60,True,12.063319206237793,,ok,False,ok,2,1
exp_c,exp_c__gsm8k_test_001088__think,gsm8k_test_001088,think,canonical,,full_output,6,10,False,585,585,True,10.463025093078613,,ok,False,ok,30,135
exp_c,exp_c__gsm8k_test_001088__think,gsm8k_test_001088,think,canonical,,full_output,13,10,False,585,585,True,9.316962242126465,,ok,False,ok,30,135
exp_c,exp_c__gsm8k_test_001088__think,gsm8k_test_001088,think,canonical,,full_output,20,10,False,585,585,True,9.881007194519043,,ok,False,ok,30,135
exp_c,exp_c__gsm8k_test_001088__think,gsm8k_test_001088,think,canonical,,thinking_segment,6,10,False,514,514,True,10.631634712219238,,ok_qwen_token_boundary,False,ok,30,135
exp_c,exp_c__gsm8k_test_001088__think,gsm8k_test_001088,think,canonical,,thinking_segment,13,10,False,514,514,True,9.254560470581055,,ok_qwen_token_boundary,False,ok,30,135
exp_c,exp_c__gsm8k_test_001088__think,gsm8k_test_001088,think,canonical,,thinking_segment,20,10,False,514,514,True,9.684953689575195,,ok_qwen_token_boundary,False,ok,30,135
exp_c,exp_c__gsm8k_test_001088__think,gsm8k_test_001088,think,canonical,,answer_segment,6,10,False,71,71,True,17.441818237304688,,ok_qwen_token_boundary,False,ok,30,135
exp_c,exp_c__gsm8k_test_001088__think,gsm8k_test_001088,think,canonical,,answer_segment,13,10,False,71,71,True,13.260910987854004,,ok_qwen_token_boundary,False,ok,30,135
exp_c,exp_c__gsm8k_test_001088__think,gsm8k_test_001088,think,canonical,,answer_segment,20,10,False,71,71,True,12.41026782989502,,ok_qwen_token_boundary,False,ok,30,135
exp_c,exp_c__gsm8k_test_001088__no_think,gsm8k_test_001088,no_think,canonical,,full_output,6,10,False,66,66,True,22.573089599609375,,ok,False,ok,30,2100
exp_c,exp_c__gsm8k_test_001088__no_think,gsm8k_test_001088,no_think,canonical,,full_output,13,10,False,66,66,True,13.150644302368164,,ok,False,ok,30,2100
exp_c,exp_c__gsm8k_test_001088__no_think,gsm8k_test_001088,no_think,canonical,,full_output,20,10,False,66,66,True,12.18892765045166,,ok,False,ok,30,2100
exp_c,exp_c__gsm8k_test_001088__no_think,gsm8k_test_001088,no_think,canonical,,answer_segment,6,10,False,66,66,True,22.573089599609375,,ok,False,ok,30,2100
exp_c,exp_c__gsm8k_test_001088__no_think,gsm8k_test_001088,no_think,canonical,,answer_segment,13,10,False,66,66,True,13.150644302368164,,ok,False,ok,30,2100
exp_c,exp_c__gsm8k_test_001088__no_think,gsm8k_test_001088,no_think,canonical,,answer_segment,20,10,False,66,66,True,12.18892765045166,,ok,False,ok,30,2100
exp_c,exp_c__gsm8k_test_001090__think,gsm8k_test_001090,think,canonical,,full_output,6,10,False,336,336,True,16.680583953857422,,ok,True,ok,72,72
exp_c,exp_c__gsm8k_test_001090__think,gsm8k_test_001090,think,canonical,,full_output,13,10,False,336,336,True,12.490386962890625,,ok,True,ok,72,72
exp_c,exp_c__gsm8k_test_001090__think,gsm8k_test_001090,think,canonical,,full_output,20,10,False,336,336,True,12.67236328125,,ok,True,ok,72,72
exp_c,exp_c__gsm8k_test_001090__think,gsm8k_test_001090,think,canonical,,thinking_segment,6,10,False,286,286,True,16.89113426208496,,ok_qwen_token_boundary,True,ok,72,72
exp_c,exp_c__gsm8k_test_001090__think,gsm8k_test_001090,think,canonical,,thinking_segment,13,10,False,286,286,True,11.851701736450195,,ok_qwen_token_boundary,True,ok,72,72
exp_c,exp_c__gsm8k_test_001090__think,gsm8k_test_001090,think,canonical,,thinking_segment,20,10,False,286,286,True,12.3001070022583,,ok_qwen_token_boundary,True,ok,72,72
exp_c,exp_c__gsm8k_test_001090__think,gsm8k_test_001090,think,canonical,,answer_segment,6,10,False,50,50,True,20.497812271118164,,ok_qwen_token_boundary,True,ok,72,72
exp_c,exp_c__gsm8k_test_001090__think,gsm8k_test_001090,think,canonical,,answer_segment,13,10,False,50,50,True,12.999711990356445,,ok_qwen_token_boundary,True,ok,72,72
exp_c,exp_c__gsm8k_test_001090__think,gsm8k_test_001090,think,canonical,,answer_segment,20,10,False,50,50,True,12.748027801513672,,ok_qwen_token_boundary,True,ok,72,72
exp_c,exp_c__gsm8k_test_001090__no_think,gsm8k_test_001090,no_think,canonical,,full_output,6,10,False,55,55,True,14.745406150817871,,ok,False,ok,72,82
exp_c,exp_c__gsm8k_test_001090__no_think,gsm8k_test_001090,no_think,canonical,,full_output,13,10,False,55,55,True,13.236614227294922,,ok,False,ok,72,82
exp_c,exp_c__gsm8k_test_001090__no_think,gsm8k_test_001090,no_think,canonical,,full_output,20,10,False,55,55,True,12.390923500061035,,ok,False,ok,72,82
exp_c,exp_c__gsm8k_test_001090__no_think,gsm8k_test_001090,no_think,canonical,,answer_segment,6,10,False,55,55,True,14.745406150817871,,ok,False,ok,72,82
exp_c,exp_c__gsm8k_test_001090__no_think,gsm8k_test_001090,no_think,canonical,,answer_segment,13,10,False,55,55,True,13.236614227294922,,ok,False,ok,72,82
exp_c,exp_c__gsm8k_test_001090__no_think,gsm8k_test_001090,no_think,canonical,,answer_segment,20,10,False,55,55,True,12.390923500061035,,ok,False,ok,72,82
exp_c,exp_c__gsm8k_test_001094__think,gsm8k_test_001094,think,canonical,,full_output,6,10,False,398,398,True,16.78459358215332,,ok,True,ok,25,25
exp_c,exp_c__gsm8k_test_001094__think,gsm8k_test_001094,think,canonical,,full_output,13,10,False,398,398,True,12.351597785949707,,ok,True,ok,25,25
exp_c,exp_c__gsm8k_test_001094__think,gsm8k_test_001094,think,canonical,,full_output,20,10,False,398,398,True,12.289761543273926,,ok,True,ok,25,25
exp_c,exp_c__gsm8k_test_001094__think,gsm8k_test_001094,think,canonical,,thinking_segment,6,10,False,357,357,True,18.841798782348633,,ok_qwen_token_boundary,True,ok,25,25
exp_c,exp_c__gsm8k_test_001094__think,gsm8k_test_001094,think,canonical,,thinking_segment,13,10,False,357,357,True,12.562301635742188,,ok_qwen_token_boundary,True,ok,25,25
exp_c,exp_c__gsm8k_test_001094__think,gsm8k_test_001094,think,canonical,,thinking_segment,20,10,False,357,357,True,12.50700855255127,,ok_qwen_token_boundary,True,ok,25,25
exp_c,exp_c__gsm8k_test_001094__think,gsm8k_test_001094,think,canonical,,answer_segment,6,10,False,41,41,True,17.14643669128418,,ok_qwen_token_boundary,True,ok,25,25
exp_c,exp_c__gsm8k_test_001094__think,gsm8k_test_001094,think,canonical,,answer_segment,13,10,False,41,41,True,12.42039680480957,,ok_qwen_token_boundary,True,ok,25,25
exp_c,exp_c__gsm8k_test_001094__think,gsm8k_test_001094,think,canonical,,answer_segment,20,10,False,41,41,True,11.782998085021973,,ok_qwen_token_boundary,True,ok,25,25
exp_c,exp_c__gsm8k_test_001094__no_think,gsm8k_test_001094,no_think,canonical,,full_output,6,10,False,57,57,True,15.817832946777344,,ok,False,ok,25,80
exp_c,exp_c__gsm8k_test_001094__no_think,gsm8k_test_001094,no_think,canonical,,full_output,13,10,False,57,57,True,11.075879096984863,,ok,False,ok,25,80
exp_c,exp_c__gsm8k_test_001094__no_think,gsm8k_test_001094,no_think,canonical,,full_output,20,10,False,57,57,True,11.995304107666016,,ok,False,ok,25,80
exp_c,exp_c__gsm8k_test_001094__no_think,gsm8k_test_001094,no_think,canonical,,answer_segment,6,10,False,57,57,True,15.817832946777344,,ok,False,ok,25,80
exp_c,exp_c__gsm8k_test_001094__no_think,gsm8k_test_001094,no_think,canonical,,answer_segment,13,10,False,57,57,True,11.075879096984863,,ok,False,ok,25,80
exp_c,exp_c__gsm8k_test_001094__no_think,gsm8k_test_001094,no_think,canonical,,answer_segment,20,10,False,57,57,True,11.995304107666016,,ok,False,ok,25,80
exp_c,exp_c__gsm8k_test_001096__think,gsm8k_test_001096,think,canonical,,full_output,6,10,False,521,521,True,13.409238815307617,,ok,True,ok,240,240
exp_c,exp_c__gsm8k_test_001096__think,gsm8k_test_001096,think,canonical,,full_output,13,10,False,521,521,True,10.586447715759277,,ok,True,ok,240,240
exp_c,exp_c__gsm8k_test_001096__think,gsm8k_test_001096,think,canonical,,full_output,20,10,False,521,521,True,10.794412612915039,,ok,True,ok,240,240
exp_c,exp_c__gsm8k_test_001096__think,gsm8k_test_001096,think,canonical,,thinking_segment,6,10,False,460,460,True,14.181687355041504,,ok_qwen_token_boundary,True,ok,240,240
exp_c,exp_c__gsm8k_test_001096__think,gsm8k_test_001096,think,canonical,,thinking_segment,13,10,False,460,460,True,10.49988079071045,,ok_qwen_token_boundary,True,ok,240,240
exp_c,exp_c__gsm8k_test_001096__think,gsm8k_test_001096,think,canonical,,thinking_segment,20,10,False,460,460,True,10.419632911682129,,ok_qwen_token_boundary,True,ok,240,240
exp_c,exp_c__gsm8k_test_001096__think,gsm8k_test_001096,think,canonical,,answer_segment,6,10,False,61,61,True,22.295318603515625,,ok_qwen_token_boundary,True,ok,240,240
exp_c,exp_c__gsm8k_test_001096__think,gsm8k_test_001096,think,canonical,,answer_segment,13,10,False,61,61,True,14.708023071289062,,ok_qwen_token_boundary,True,ok,240,240
exp_c,exp_c__gsm8k_test_001096__think,gsm8k_test_001096,think,canonical,,answer_segment,20,10,False,61,61,True,13.723691940307617,,ok_qwen_token_boundary,True,ok,240,240
exp_c,exp_c__gsm8k_test_001096__no_think,gsm8k_test_001096,no_think,canonical,,full_output,6,10,False,62,62,True,17.419727325439453,,ok,False,ok,240,1248
exp_c,exp_c__gsm8k_test_001096__no_think,gsm8k_test_001096,no_think,canonical,,full_output,13,10,False,62,62,True,12.417351722717285,,ok,False,ok,240,1248
exp_c,exp_c__gsm8k_test_001096__no_think,gsm8k_test_001096,no_think,canonical,,full_output,20,10,False,62,62,True,11.796255111694336,,ok,False,ok,240,1248
exp_c,exp_c__gsm8k_test_001096__no_think,gsm8k_test_001096,no_think,canonical,,answer_segment,6,10,False,62,62,True,17.419727325439453,,ok,False,ok,240,1248
exp_c,exp_c__gsm8k_test_001096__no_think,gsm8k_test_001096,no_think,canonical,,answer_segment,13,10,False,62,62,True,12.417351722717285,,ok,False,ok,240,1248
exp_c,exp_c__gsm8k_test_001096__no_think,gsm8k_test_001096,no_think,canonical,,answer_segment,20,10,False,62,62,True,11.796255111694336,,ok,False,ok,240,1248
exp_c,exp_c__gsm8k_test_001098__think,gsm8k_test_001098,think,canonical,,full_output,6,10,False,277,277,True,16.272380828857422,,ok,True,ok,30,30
exp_c,exp_c__gsm8k_test_001098__think,gsm8k_test_001098,think,canonical,,full_output,13,10,False,277,277,True,11.77210521697998,,ok,True,ok,30,30
exp_c,exp_c__gsm8k_test_001098__think,gsm8k_test_001098,think,canonical,,full_output,20,10,False,277,277,True,12.329036712646484,,ok,True,ok,30,30
exp_c,exp_c__gsm8k_test_001098__think,gsm8k_test_001098,think,canonical,,thinking_segment,6,10,False,221,221,True,16.57074546813965,,ok_qwen_token_boundary,True,ok,30,30
exp_c,exp_c__gsm8k_test_001098__think,gsm8k_test_001098,think,canonical,,thinking_segment,13,10,False,221,221,True,11.867254257202148,,ok_qwen_token_boundary,True,ok,30,30
exp_c,exp_c__gsm8k_test_001098__think,gsm8k_test_001098,think,canonical,,thinking_segment,20,10,False,221,221,True,12.234606742858887,,ok_qwen_token_boundary,True,ok,30,30
exp_c,exp_c__gsm8k_test_001098__think,gsm8k_test_001098,think,canonical,,answer_segment,6,10,False,56,56,True,16.728734970092773,,ok_qwen_token_boundary,True,ok,30,30
exp_c,exp_c__gsm8k_test_001098__think,gsm8k_test_001098,think,canonical,,answer_segment,13,10,False,56,56,True,13.31597900390625,,ok_qwen_token_boundary,True,ok,30,30
exp_c,exp_c__gsm8k_test_001098__think,gsm8k_test_001098,think,canonical,,answer_segment,20,10,False,56,56,True,11.78705883026123,,ok_qwen_token_boundary,True,ok,30,30
exp_c,exp_c__gsm8k_test_001098__no_think,gsm8k_test_001098,no_think,canonical,,full_output,6,10,False,54,54,True,15.961771965026855,,ok,True,ok,30,30
exp_c,exp_c__gsm8k_test_001098__no_think,gsm8k_test_001098,no_think,canonical,,full_output,13,10,False,54,54,True,12.134722709655762,,ok,True,ok,30,30
exp_c,exp_c__gsm8k_test_001098__no_think,gsm8k_test_001098,no_think,canonical,,full_output,20,10,False,54,54,True,12.556665420532227,,ok,True,ok,30,30
exp_c,exp_c__gsm8k_test_001098__no_think,gsm8k_test_001098,no_think,canonical,,answer_segment,6,10,False,54,54,True,15.961771965026855,,ok,True,ok,30,30
exp_c,exp_c__gsm8k_test_001098__no_think,gsm8k_test_001098,no_think,canonical,,answer_segment,13,10,False,54,54,True,12.134722709655762,,ok,True,ok,30,30
exp_c,exp_c__gsm8k_test_001098__no_think,gsm8k_test_001098,no_think,canonical,,answer_segment,20,10,False,54,54,True,12.556665420532227,,ok,True,ok,30,30
exp_c,exp_c__gsm8k_test_001106__think,gsm8k_test_001106,think,canonical,,full_output,6,10,False,256,256,True,18.185009002685547,,ok,True,ok,5,5
exp_c,exp_c__gsm8k_test_001106__think,gsm8k_test_001106,think,canonical,,full_output,13,10,False,256,256,True,13.825843811035156,,ok,True,ok,5,5
exp_c,exp_c__gsm8k_test_001106__think,gsm8k_test_001106,think,canonical,,full_output,20,10,False,256,256,True,12.88782024383545,,ok,True,ok,5,5
exp_c,exp_c__gsm8k_test_001106__think,gsm8k_test_001106,think,canonical,,thinking_segment,6,10,False,213,213,True,21.064294815063477,,ok_qwen_token_boundary,True,ok,5,5
exp_c,exp_c__gsm8k_test_001106__think,gsm8k_test_001106,think,canonical,,thinking_segment,13,10,False,213,213,True,13.434137344360352,,ok_qwen_token_boundary,True,ok,5,5
exp_c,exp_c__gsm8k_test_001106__think,gsm8k_test_001106,think,canonical,,thinking_segment,20,10,False,213,213,True,13.407329559326172,,ok_qwen_token_boundary,True,ok,5,5
exp_c,exp_c__gsm8k_test_001106__think,gsm8k_test_001106,think,canonical,,answer_segment,6,10,False,43,43,True,16.138492584228516,,ok_qwen_token_boundary,True,ok,5,5
exp_c,exp_c__gsm8k_test_001106__think,gsm8k_test_001106,think,canonical,,answer_segment,13,10,False,43,43,True,13.136626243591309,,ok_qwen_token_boundary,True,ok,5,5
exp_c,exp_c__gsm8k_test_001106__think,gsm8k_test_001106,think,canonical,,answer_segment,20,10,False,43,43,True,11.522063255310059,,ok_qwen_token_boundary,True,ok,5,5
exp_c,exp_c__gsm8k_test_001106__no_think,gsm8k_test_001106,no_think,canonical,,full_output,6,10,False,43,43,True,14.062962532043457,,ok,True,ok,5,5
exp_c,exp_c__gsm8k_test_001106__no_think,gsm8k_test_001106,no_think,canonical,,full_output,13,10,False,43,43,True,10.136907577514648,,ok,True,ok,5,5
exp_c,exp_c__gsm8k_test_001106__no_think,gsm8k_test_001106,no_think,canonical,,full_output,20,10,False,43,43,True,11.271571159362793,,ok,True,ok,5,5
exp_c,exp_c__gsm8k_test_001106__no_think,gsm8k_test_001106,no_think,canonical,,answer_segment,6,10,False,43,43,True,14.062962532043457,,ok,True,ok,5,5
exp_c,exp_c__gsm8k_test_001106__no_think,gsm8k_test_001106,no_think,canonical,,answer_segment,13,10,False,43,43,True,10.136907577514648,,ok,True,ok,5,5
exp_c,exp_c__gsm8k_test_001106__no_think,gsm8k_test_001106,no_think,canonical,,answer_segment,20,10,False,43,43,True,11.271571159362793,,ok,True,ok,5,5
exp_c,exp_c__gsm8k_test_001108__think,gsm8k_test_001108,think,canonical,,full_output,6,10,False,209,209,True,21.830474853515625,,ok,True,ok,38,38
exp_c,exp_c__gsm8k_test_001108__think,gsm8k_test_001108,think,canonical,,full_output,13,10,False,209,209,True,14.285380363464355,,ok,True,ok,38,38
exp_c,exp_c__gsm8k_test_001108__think,gsm8k_test_001108,think,canonical,,full_output,20,10,False,209,209,True,12.927606582641602,,ok,True,ok,38,38
exp_c,exp_c__gsm8k_test_001108__think,gsm8k_test_001108,think,canonical,,thinking_segment,6,10,False,172,172,True,23.63375473022461,,ok_qwen_token_boundary,True,ok,38,38
exp_c,exp_c__gsm8k_test_001108__think,gsm8k_test_001108,think,canonical,,thinking_segment,13,10,False,172,172,True,14.556236267089844,,ok_qwen_token_boundary,True,ok,38,38
exp_c,exp_c__gsm8k_test_001108__think,gsm8k_test_001108,think,canonical,,thinking_segment,20,10,False,172,172,True,13.348248481750488,,ok_qwen_token_boundary,True,ok,38,38
exp_c,exp_c__gsm8k_test_001108__think,gsm8k_test_001108,think,canonical,,answer_segment,6,10,False,37,37,True,16.649311065673828,,ok_qwen_token_boundary,True,ok,38,38
exp_c,exp_c__gsm8k_test_001108__think,gsm8k_test_001108,think,canonical,,answer_segment,13,10,False,37,37,True,11.788639068603516,,ok_qwen_token_boundary,True,ok,38,38
exp_c,exp_c__gsm8k_test_001108__think,gsm8k_test_001108,think,canonical,,answer_segment,20,10,False,37,37,True,11.709707260131836,,ok_qwen_token_boundary,True,ok,38,38
exp_c,exp_c__gsm8k_test_001108__no_think,gsm8k_test_001108,no_think,canonical,,full_output,6,10,False,44,44,True,16.576446533203125,,ok,True,ok,38,38
exp_c,exp_c__gsm8k_test_001108__no_think,gsm8k_test_001108,no_think,canonical,,full_output,13,10,False,44,44,True,12.073843002319336,,ok,True,ok,38,38
exp_c,exp_c__gsm8k_test_001108__no_think,gsm8k_test_001108,no_think,canonical,,full_output,20,10,False,44,44,True,11.391761779785156,,ok,True,ok,38,38
exp_c,exp_c__gsm8k_test_001108__no_think,gsm8k_test_001108,no_think,canonical,,answer_segment,6,10,False,44,44,True,16.576446533203125,,ok,True,ok,38,38
exp_c,exp_c__gsm8k_test_001108__no_think,gsm8k_test_001108,no_think,canonical,,answer_segment,13,10,False,44,44,True,12.073843002319336,,ok,True,ok,38,38
exp_c,exp_c__gsm8k_test_001108__no_think,gsm8k_test_001108,no_think,canonical,,answer_segment,20,10,False,44,44,True,11.391761779785156,,ok,True,ok,38,38
exp_c,exp_c__gsm8k_test_001123__think,gsm8k_test_001123,think,canonical,,full_output,6,10,False,301,301,True,13.399208068847656,,ok,True,ok,105,105
exp_c,exp_c__gsm8k_test_001123__think,gsm8k_test_001123,think,canonical,,full_output,13,10,False,301,301,True,10.965193748474121,,ok,True,ok,105,105
exp_c,exp_c__gsm8k_test_001123__think,gsm8k_test_001123,think,canonical,,full_output,20,10,False,301,301,True,11.387299537658691,,ok,True,ok,105,105
exp_c,exp_c__gsm8k_test_001123__think,gsm8k_test_001123,think,canonical,,thinking_segment,6,10,False,233,233,True,14.379677772521973,,ok_qwen_token_boundary,True,ok,105,105
exp_c,exp_c__gsm8k_test_001123__think,gsm8k_test_001123,think,canonical,,thinking_segment,13,10,False,233,233,True,11.584877014160156,,ok_qwen_token_boundary,True,ok,105,105
exp_c,exp_c__gsm8k_test_001123__think,gsm8k_test_001123,think,canonical,,thinking_segment,20,10,False,233,233,True,12.133014678955078,,ok_qwen_token_boundary,True,ok,105,105
exp_c,exp_c__gsm8k_test_001123__think,gsm8k_test_001123,think,canonical,,answer_segment,6,10,False,68,68,True,13.429527282714844,,ok_qwen_token_boundary,True,ok,105,105
exp_c,exp_c__gsm8k_test_001123__think,gsm8k_test_001123,think,canonical,,answer_segment,13,10,False,68,68,True,12.545304298400879,,ok_qwen_token_boundary,True,ok,105,105
exp_c,exp_c__gsm8k_test_001123__think,gsm8k_test_001123,think,canonical,,answer_segment,20,10,False,68,68,True,12.051036834716797,,ok_qwen_token_boundary,True,ok,105,105
exp_c,exp_c__gsm8k_test_001123__no_think,gsm8k_test_001123,no_think,canonical,,full_output,6,10,False,53,53,True,13.153159141540527,,ok,False,ok,105,90
exp_c,exp_c__gsm8k_test_001123__no_think,gsm8k_test_001123,no_think,canonical,,full_output,13,10,False,53,53,True,10.705856323242188,,ok,False,ok,105,90
exp_c,exp_c__gsm8k_test_001123__no_think,gsm8k_test_001123,no_think,canonical,,full_output,20,10,False,53,53,True,11.540589332580566,,ok,False,ok,105,90
exp_c,exp_c__gsm8k_test_001123__no_think,gsm8k_test_001123,no_think,canonical,,answer_segment,6,10,False,53,53,True,13.153159141540527,,ok,False,ok,105,90
exp_c,exp_c__gsm8k_test_001123__no_think,gsm8k_test_001123,no_think,canonical,,answer_segment,13,10,False,53,53,True,10.705856323242188,,ok,False,ok,105,90
exp_c,exp_c__gsm8k_test_001123__no_think,gsm8k_test_001123,no_think,canonical,,answer_segment,20,10,False,53,53,True,11.540589332580566,,ok,False,ok,105,90
exp_c,exp_c__gsm8k_test_001136__think,gsm8k_test_001136,think,canonical,,full_output,6,10,False,379,379,True,14.68826675415039,,ok,True,ok,26,26
exp_c,exp_c__gsm8k_test_001136__think,gsm8k_test_001136,think,canonical,,full_output,13,10,False,379,379,True,12.066754341125488,,ok,True,ok,26,26
exp_c,exp_c__gsm8k_test_001136__think,gsm8k_test_001136,think,canonical,,full_output,20,10,False,379,379,True,12.672612190246582,,ok,True,ok,26,26
exp_c,exp_c__gsm8k_test_001136__think,gsm8k_test_001136,think,canonical,,thinking_segment,6,10,False,325,325,True,15.249287605285645,,ok_qwen_token_boundary,True,ok,26,26
exp_c,exp_c__gsm8k_test_001136__think,gsm8k_test_001136,think,canonical,,thinking_segment,13,10,False,325,325,True,12.380800247192383,,ok_qwen_token_boundary,True,ok,26,26
exp_c,exp_c__gsm8k_test_001136__think,gsm8k_test_001136,think,canonical,,thinking_segment,20,10,False,325,325,True,12.771700859069824,,ok_qwen_token_boundary,True,ok,26,26
exp_c,exp_c__gsm8k_test_001136__think,gsm8k_test_001136,think,canonical,,answer_segment,6,10,False,54,54,True,19.31182098388672,,ok_qwen_token_boundary,True,ok,26,26
exp_c,exp_c__gsm8k_test_001136__think,gsm8k_test_001136,think,canonical,,answer_segment,13,10,False,54,54,True,14.021071434020996,,ok_qwen_token_boundary,True,ok,26,26
exp_c,exp_c__gsm8k_test_001136__think,gsm8k_test_001136,think,canonical,,answer_segment,20,10,False,54,54,True,13.542227745056152,,ok_qwen_token_boundary,True,ok,26,26
exp_c,exp_c__gsm8k_test_001136__no_think,gsm8k_test_001136,no_think,canonical,,full_output,6,10,False,45,45,True,16.98202133178711,,ok,True,ok,26,26
exp_c,exp_c__gsm8k_test_001136__no_think,gsm8k_test_001136,no_think,canonical,,full_output,13,10,False,45,45,True,12.666861534118652,,ok,True,ok,26,26
exp_c,exp_c__gsm8k_test_001136__no_think,gsm8k_test_001136,no_think,canonical,,full_output,20,10,False,45,45,True,12.132050514221191,,ok,True,ok,26,26
exp_c,exp_c__gsm8k_test_001136__no_think,gsm8k_test_001136,no_think,canonical,,answer_segment,6,10,False,45,45,True,16.98202133178711,,ok,True,ok,26,26
exp_c,exp_c__gsm8k_test_001136__no_think,gsm8k_test_001136,no_think,canonical,,answer_segment,13,10,False,45,45,True,12.666861534118652,,ok,True,ok,26,26
exp_c,exp_c__gsm8k_test_001136__no_think,gsm8k_test_001136,no_think,canonical,,answer_segment,20,10,False,45,45,True,12.132050514221191,,ok,True,ok,26,26
exp_c,exp_c__gsm8k_test_001144__think,gsm8k_test_001144,think,canonical,,full_output,6,10,False,295,295,True,15.941374778747559,,ok,True,ok,34,34
exp_c,exp_c__gsm8k_test_001144__think,gsm8k_test_001144,think,canonical,,full_output,13,10,False,295,295,True,12.147446632385254,,ok,True,ok,34,34
exp_c,exp_c__gsm8k_test_001144__think,gsm8k_test_001144,think,canonical,,full_output,20,10,False,295,295,True,12.582646369934082,,ok,True,ok,34,34
exp_c,exp_c__gsm8k_test_001144__think,gsm8k_test_001144,think,canonical,,thinking_segment,6,10,False,242,242,True,16.96798324584961,,ok_qwen_token_boundary,True,ok,34,34
exp_c,exp_c__gsm8k_test_001144__think,gsm8k_test_001144,think,canonical,,thinking_segment,13,10,False,242,242,True,11.708852767944336,,ok_qwen_token_boundary,True,ok,34,34
exp_c,exp_c__gsm8k_test_001144__think,gsm8k_test_001144,think,canonical,,thinking_segment,20,10,False,242,242,True,12.500036239624023,,ok_qwen_token_boundary,True,ok,34,34
exp_c,exp_c__gsm8k_test_001144__think,gsm8k_test_001144,think,canonical,,answer_segment,6,10,False,53,53,True,17.80135154724121,,ok_qwen_token_boundary,True,ok,34,34
exp_c,exp_c__gsm8k_test_001144__think,gsm8k_test_001144,think,canonical,,answer_segment,13,10,False,53,53,True,14.991004943847656,,ok_qwen_token_boundary,True,ok,34,34
exp_c,exp_c__gsm8k_test_001144__think,gsm8k_test_001144,think,canonical,,answer_segment,20,10,False,53,53,True,13.901289939880371,,ok_qwen_token_boundary,True,ok,34,34
exp_c,exp_c__gsm8k_test_001144__no_think,gsm8k_test_001144,no_think,canonical,,full_output,6,10,False,50,50,True,16.01469612121582,,ok,True,ok,34,34
exp_c,exp_c__gsm8k_test_001144__no_think,gsm8k_test_001144,no_think,canonical,,full_output,13,10,False,50,50,True,12.722855567932129,,ok,True,ok,34,34
exp_c,exp_c__gsm8k_test_001144__no_think,gsm8k_test_001144,no_think,canonical,,full_output,20,10,False,50,50,True,13.469840049743652,,ok,True,ok,34,34
exp_c,exp_c__gsm8k_test_001144__no_think,gsm8k_test_001144,no_think,canonical,,answer_segment,6,10,False,50,50,True,16.01469612121582,,ok,True,ok,34,34
exp_c,exp_c__gsm8k_test_001144__no_think,gsm8k_test_001144,no_think,canonical,,answer_segment,13,10,False,50,50,True,12.722855567932129,,ok,True,ok,34,34
exp_c,exp_c__gsm8k_test_001144__no_think,gsm8k_test_001144,no_think,canonical,,answer_segment,20,10,False,50,50,True,13.469840049743652,,ok,True,ok,34,34
exp_c,exp_c__gsm8k_test_001145__think,gsm8k_test_001145,think,canonical,,full_output,6,10,False,406,406,True,13.883596420288086,,ok,True,ok,291,291
exp_c,exp_c__gsm8k_test_001145__think,gsm8k_test_001145,think,canonical,,full_output,13,10,False,406,406,True,11.775091171264648,,ok,True,ok,291,291
exp_c,exp_c__gsm8k_test_001145__think,gsm8k_test_001145,think,canonical,,full_output,20,10,False,406,406,True,11.686349868774414,,ok,True,ok,291,291
exp_c,exp_c__gsm8k_test_001145__think,gsm8k_test_001145,think,canonical,,thinking_segment,6,10,False,348,348,True,14.083385467529297,,ok_qwen_token_boundary,True,ok,291,291
exp_c,exp_c__gsm8k_test_001145__think,gsm8k_test_001145,think,canonical,,thinking_segment,13,10,False,348,348,True,11.897908210754395,,ok_qwen_token_boundary,True,ok,291,291
exp_c,exp_c__gsm8k_test_001145__think,gsm8k_test_001145,think,canonical,,thinking_segment,20,10,False,348,348,True,11.652892112731934,,ok_qwen_token_boundary,True,ok,291,291
exp_c,exp_c__gsm8k_test_001145__think,gsm8k_test_001145,think,canonical,,answer_segment,6,10,False,58,58,True,18.792213439941406,,ok_qwen_token_boundary,True,ok,291,291
exp_c,exp_c__gsm8k_test_001145__think,gsm8k_test_001145,think,canonical,,answer_segment,13,10,False,58,58,True,14.214603424072266,,ok_qwen_token_boundary,True,ok,291,291
exp_c,exp_c__gsm8k_test_001145__think,gsm8k_test_001145,think,canonical,,answer_segment,20,10,False,58,58,True,12.671445846557617,,ok_qwen_token_boundary,True,ok,291,291
exp_c,exp_c__gsm8k_test_001145__no_think,gsm8k_test_001145,no_think,canonical,,full_output,6,10,False,51,51,True,18.800521850585938,,ok,False,ok,291,279
exp_c,exp_c__gsm8k_test_001145__no_think,gsm8k_test_001145,no_think,canonical,,full_output,13,10,False,51,51,True,12.789593696594238,,ok,False,ok,291,279
exp_c,exp_c__gsm8k_test_001145__no_think,gsm8k_test_001145,no_think,canonical,,full_output,20,10,False,51,51,True,12.941548347473145,,ok,False,ok,291,279
exp_c,exp_c__gsm8k_test_001145__no_think,gsm8k_test_001145,no_think,canonical,,answer_segment,6,10,False,51,51,True,18.800521850585938,,ok,False,ok,291,279
exp_c,exp_c__gsm8k_test_001145__no_think,gsm8k_test_001145,no_think,canonical,,answer_segment,13,10,False,51,51,True,12.789593696594238,,ok,False,ok,291,279
exp_c,exp_c__gsm8k_test_001145__no_think,gsm8k_test_001145,no_think,canonical,,answer_segment,20,10,False,51,51,True,12.941548347473145,,ok,False,ok,291,279
exp_c,exp_c__gsm8k_test_001161__think,gsm8k_test_001161,think,canonical,,full_output,6,10,False,332,332,True,12.435866355895996,,ok,False,ok,170,140
exp_c,exp_c__gsm8k_test_001161__think,gsm8k_test_001161,think,canonical,,full_output,13,10,False,332,332,True,10.793378829956055,,ok,False,ok,170,140
exp_c,exp_c__gsm8k_test_001161__think,gsm8k_test_001161,think,canonical,,full_output,20,10,False,332,332,True,10.872335433959961,,ok,False,ok,170,140
exp_c,exp_c__gsm8k_test_001161__think,gsm8k_test_001161,think,canonical,,thinking_segment,6,10,False,278,278,True,11.827839851379395,,ok_qwen_token_boundary,False,ok,170,140
exp_c,exp_c__gsm8k_test_001161__think,gsm8k_test_001161,think,canonical,,thinking_segment,13,10,False,278,278,True,10.213472366333008,,ok_qwen_token_boundary,False,ok,170,140
exp_c,exp_c__gsm8k_test_001161__think,gsm8k_test_001161,think,canonical,,thinking_segment,20,10,False,278,278,True,10.964550018310547,,ok_qwen_token_boundary,False,ok,170,140
exp_c,exp_c__gsm8k_test_001161__think,gsm8k_test_001161,think,canonical,,answer_segment,6,10,False,54,54,True,20.919933319091797,,ok_qwen_token_boundary,False,ok,170,140
exp_c,exp_c__gsm8k_test_001161__think,gsm8k_test_001161,think,canonical,,answer_segment,13,10,False,54,54,True,15.257293701171875,,ok_qwen_token_boundary,False,ok,170,140
exp_c,exp_c__gsm8k_test_001161__think,gsm8k_test_001161,think,canonical,,answer_segment,20,10,False,54,54,True,11.710434913635254,,ok_qwen_token_boundary,False,ok,170,140
exp_c,exp_c__gsm8k_test_001161__no_think,gsm8k_test_001161,no_think,canonical,,full_output,6,10,False,63,63,True,15.952181816101074,,ok,False,ok,170,2600
exp_c,exp_c__gsm8k_test_001161__no_think,gsm8k_test_001161,no_think,canonical,,full_output,13,10,False,63,63,True,11.423803329467773,,ok,False,ok,170,2600
exp_c,exp_c__gsm8k_test_001161__no_think,gsm8k_test_001161,no_think,canonical,,full_output,20,10,False,63,63,True,12.292730331420898,,ok,False,ok,170,2600
exp_c,exp_c__gsm8k_test_001161__no_think,gsm8k_test_001161,no_think,canonical,,answer_segment,6,10,False,63,63,True,15.952181816101074,,ok,False,ok,170,2600
exp_c,exp_c__gsm8k_test_001161__no_think,gsm8k_test_001161,no_think,canonical,,answer_segment,13,10,False,63,63,True,11.423803329467773,,ok,False,ok,170,2600
exp_c,exp_c__gsm8k_test_001161__no_think,gsm8k_test_001161,no_think,canonical,,answer_segment,20,10,False,63,63,True,12.292730331420898,,ok,False,ok,170,2600
exp_c,exp_c__gsm8k_test_001164__think,gsm8k_test_001164,think,canonical,,full_output,6,10,False,256,256,True,19.920639038085938,,ok,True,ok,9,9
exp_c,exp_c__gsm8k_test_001164__think,gsm8k_test_001164,think,canonical,,full_output,13,10,False,256,256,True,13.510637283325195,,ok,True,ok,9,9
exp_c,exp_c__gsm8k_test_001164__think,gsm8k_test_001164,think,canonical,,full_output,20,10,False,256,256,True,12.820286750793457,,ok,True,ok,9,9
exp_c,exp_c__gsm8k_test_001164__think,gsm8k_test_001164,think,canonical,,thinking_segment,6,10,False,213,213,True,20.918834686279297,,ok_qwen_token_boundary,True,ok,9,9
exp_c,exp_c__gsm8k_test_001164__think,gsm8k_test_001164,think,canonical,,thinking_segment,13,10,False,213,213,True,13.549254417419434,,ok_qwen_token_boundary,True,ok,9,9
exp_c,exp_c__gsm8k_test_001164__think,gsm8k_test_001164,think,canonical,,thinking_segment,20,10,False,213,213,True,13.07219123840332,,ok_qwen_token_boundary,True,ok,9,9
exp_c,exp_c__gsm8k_test_001164__think,gsm8k_test_001164,think,canonical,,answer_segment,6,10,False,43,43,True,21.465856552124023,,ok_qwen_token_boundary,True,ok,9,9
exp_c,exp_c__gsm8k_test_001164__think,gsm8k_test_001164,think,canonical,,answer_segment,13,10,False,43,43,True,12.138445854187012,,ok_qwen_token_boundary,True,ok,9,9
exp_c,exp_c__gsm8k_test_001164__think,gsm8k_test_001164,think,canonical,,answer_segment,20,10,False,43,43,True,12.754975318908691,,ok_qwen_token_boundary,True,ok,9,9
exp_c,exp_c__gsm8k_test_001164__no_think,gsm8k_test_001164,no_think,canonical,,full_output,6,10,False,47,47,True,15.366698265075684,,ok,False,ok,9,10
exp_c,exp_c__gsm8k_test_001164__no_think,gsm8k_test_001164,no_think,canonical,,full_output,13,10,False,47,47,True,13.258437156677246,,ok,False,ok,9,10
exp_c,exp_c__gsm8k_test_001164__no_think,gsm8k_test_001164,no_think,canonical,,full_output,20,10,False,47,47,True,13.328874588012695,,ok,False,ok,9,10
exp_c,exp_c__gsm8k_test_001164__no_think,gsm8k_test_001164,no_think,canonical,,answer_segment,6,10,False,47,47,True,15.366698265075684,,ok,False,ok,9,10
exp_c,exp_c__gsm8k_test_001164__no_think,gsm8k_test_001164,no_think,canonical,,answer_segment,13,10,False,47,47,True,13.258437156677246,,ok,False,ok,9,10
exp_c,exp_c__gsm8k_test_001164__no_think,gsm8k_test_001164,no_think,canonical,,answer_segment,20,10,False,47,47,True,13.328874588012695,,ok,False,ok,9,10
exp_c,exp_c__gsm8k_test_001165__think,gsm8k_test_001165,think,canonical,,full_output,6,10,False,438,438,True,12.837329864501953,,ok,True,ok,1248,1248
exp_c,exp_c__gsm8k_test_001165__think,gsm8k_test_001165,think,canonical,,full_output,13,10,False,438,438,True,10.123034477233887,,ok,True,ok,1248,1248
exp_c,exp_c__gsm8k_test_001165__think,gsm8k_test_001165,think,canonical,,full_output,20,10,False,438,438,True,10.714982032775879,,ok,True,ok,1248,1248
exp_c,exp_c__gsm8k_test_001165__think,gsm8k_test_001165,think,canonical,,thinking_segment,6,10,False,370,370,True,12.054756164550781,,ok_qwen_token_boundary,True,ok,1248,1248
exp_c,exp_c__gsm8k_test_001165__think,gsm8k_test_001165,think,canonical,,thinking_segment,13,10,False,370,370,True,9.827524185180664,,ok_qwen_token_boundary,True,ok,1248,1248
exp_c,exp_c__gsm8k_test_001165__think,gsm8k_test_001165,think,canonical,,thinking_segment,20,10,False,370,370,True,10.32897663116455,,ok_qwen_token_boundary,True,ok,1248,1248
exp_c,exp_c__gsm8k_test_001165__think,gsm8k_test_001165,think,canonical,,answer_segment,6,10,False,68,68,True,16.511178970336914,,ok_qwen_token_boundary,True,ok,1248,1248
exp_c,exp_c__gsm8k_test_001165__think,gsm8k_test_001165,think,canonical,,answer_segment,13,10,False,68,68,True,12.69405460357666,,ok_qwen_token_boundary,True,ok,1248,1248
exp_c,exp_c__gsm8k_test_001165__think,gsm8k_test_001165,think,canonical,,answer_segment,20,10,False,68,68,True,11.858725547790527,,ok_qwen_token_boundary,True,ok,1248,1248
exp_c,exp_c__gsm8k_test_001165__no_think,gsm8k_test_001165,no_think,canonical,,full_output,6,10,False,70,70,True,13.394011497497559,,ok,False,ok,1248,1440
exp_c,exp_c__gsm8k_test_001165__no_think,gsm8k_test_001165,no_think,canonical,,full_output,13,10,False,70,70,True,11.466486930847168,,ok,False,ok,1248,1440
exp_c,exp_c__gsm8k_test_001165__no_think,gsm8k_test_001165,no_think,canonical,,full_output,20,10,False,70,70,True,10.911296844482422,,ok,False,ok,1248,1440
exp_c,exp_c__gsm8k_test_001165__no_think,gsm8k_test_001165,no_think,canonical,,answer_segment,6,10,False,70,70,True,13.394011497497559,,ok,False,ok,1248,1440
exp_c,exp_c__gsm8k_test_001165__no_think,gsm8k_test_001165,no_think,canonical,,answer_segment,13,10,False,70,70,True,11.466486930847168,,ok,False,ok,1248,1440
exp_c,exp_c__gsm8k_test_001165__no_think,gsm8k_test_001165,no_think,canonical,,answer_segment,20,10,False,70,70,True,10.911296844482422,,ok,False,ok,1248,1440
exp_c,exp_c__gsm8k_test_001178__think,gsm8k_test_001178,think,canonical,,full_output,6,10,False,198,198,True,17.74431037902832,,ok,True,ok,17,17
exp_c,exp_c__gsm8k_test_001178__think,gsm8k_test_001178,think,canonical,,full_output,13,10,False,198,198,True,11.909689903259277,,ok,True,ok,17,17
exp_c,exp_c__gsm8k_test_001178__think,gsm8k_test_001178,think,canonical,,full_output,20,10,False,198,198,True,12.210968017578125,,ok,True,ok,17,17
exp_c,exp_c__gsm8k_test_001178__think,gsm8k_test_001178,think,canonical,,thinking_segment,6,10,False,156,156,True,19.771018981933594,,ok_qwen_token_boundary,True,ok,17,17
exp_c,exp_c__gsm8k_test_001178__think,gsm8k_test_001178,think,canonical,,thinking_segment,13,10,False,156,156,True,13.05937385559082,,ok_qwen_token_boundary,True,ok,17,17
exp_c,exp_c__gsm8k_test_001178__think,gsm8k_test_001178,think,canonical,,thinking_segment,20,10,False,156,156,True,12.723174095153809,,ok_qwen_token_boundary,True,ok,17,17
exp_c,exp_c__gsm8k_test_001178__think,gsm8k_test_001178,think,canonical,,answer_segment,6,10,False,42,42,True,19.554330825805664,,ok_qwen_token_boundary,True,ok,17,17
exp_c,exp_c__gsm8k_test_001178__think,gsm8k_test_001178,think,canonical,,answer_segment,13,10,False,42,42,True,13.11011028289795,,ok_qwen_token_boundary,True,ok,17,17
exp_c,exp_c__gsm8k_test_001178__think,gsm8k_test_001178,think,canonical,,answer_segment,20,10,False,42,42,True,12.367387771606445,,ok_qwen_token_boundary,True,ok,17,17
exp_c,exp_c__gsm8k_test_001178__no_think,gsm8k_test_001178,no_think,canonical,,full_output,6,10,False,42,42,True,18.182579040527344,,ok,True,ok,17,17
exp_c,exp_c__gsm8k_test_001178__no_think,gsm8k_test_001178,no_think,canonical,,full_output,13,10,False,42,42,True,13.650773048400879,,ok,True,ok,17,17
exp_c,exp_c__gsm8k_test_001178__no_think,gsm8k_test_001178,no_think,canonical,,full_output,20,10,False,42,42,True,12.94128704071045,,ok,True,ok,17,17
exp_c,exp_c__gsm8k_test_001178__no_think,gsm8k_test_001178,no_think,canonical,,answer_segment,6,10,False,42,42,True,18.182579040527344,,ok,True,ok,17,17
exp_c,exp_c__gsm8k_test_001178__no_think,gsm8k_test_001178,no_think,canonical,,answer_segment,13,10,False,42,42,True,13.650773048400879,,ok,True,ok,17,17
exp_c,exp_c__gsm8k_test_001178__no_think,gsm8k_test_001178,no_think,canonical,,answer_segment,20,10,False,42,42,True,12.94128704071045,,ok,True,ok,17,17
exp_c,exp_c__gsm8k_test_001181__think,gsm8k_test_001181,think,canonical,,full_output,6,10,False,496,496,True,11.122190475463867,,ok,True,ok,20,20
exp_c,exp_c__gsm8k_test_001181__think,gsm8k_test_001181,think,canonical,,full_output,13,10,False,496,496,True,11.19479751586914,,ok,True,ok,20,20
exp_c,exp_c__gsm8k_test_001181__think,gsm8k_test_001181,think,canonical,,full_output,20,10,False,496,496,True,11.850385665893555,,ok,True,ok,20,20
exp_c,exp_c__gsm8k_test_001181__think,gsm8k_test_001181,think,canonical,,thinking_segment,6,10,False,448,448,True,10.686277389526367,,ok_qwen_token_boundary,True,ok,20,20
exp_c,exp_c__gsm8k_test_001181__think,gsm8k_test_001181,think,canonical,,thinking_segment,13,10,False,448,448,True,10.902632713317871,,ok_qwen_token_boundary,True,ok,20,20
exp_c,exp_c__gsm8k_test_001181__think,gsm8k_test_001181,think,canonical,,thinking_segment,20,10,False,448,448,True,11.709126472473145,,ok_qwen_token_boundary,True,ok,20,20
exp_c,exp_c__gsm8k_test_001181__think,gsm8k_test_001181,think,canonical,,answer_segment,6,10,False,48,48,True,18.60031509399414,,ok_qwen_token_boundary,True,ok,20,20
exp_c,exp_c__gsm8k_test_001181__think,gsm8k_test_001181,think,canonical,,answer_segment,13,10,False,48,48,True,12.087956428527832,,ok_qwen_token_boundary,True,ok,20,20
exp_c,exp_c__gsm8k_test_001181__think,gsm8k_test_001181,think,canonical,,answer_segment,20,10,False,48,48,True,11.417464256286621,,ok_qwen_token_boundary,True,ok,20,20
exp_c,exp_c__gsm8k_test_001181__no_think,gsm8k_test_001181,no_think,canonical,,full_output,6,10,False,43,43,True,16.672779083251953,,ok,False,ok,20,10
exp_c,exp_c__gsm8k_test_001181__no_think,gsm8k_test_001181,no_think,canonical,,full_output,13,10,False,43,43,True,11.805981636047363,,ok,False,ok,20,10
exp_c,exp_c__gsm8k_test_001181__no_think,gsm8k_test_001181,no_think,canonical,,full_output,20,10,False,43,43,True,12.898757934570312,,ok,False,ok,20,10
exp_c,exp_c__gsm8k_test_001181__no_think,gsm8k_test_001181,no_think,canonical,,answer_segment,6,10,False,43,43,True,16.672779083251953,,ok,False,ok,20,10
exp_c,exp_c__gsm8k_test_001181__no_think,gsm8k_test_001181,no_think,canonical,,answer_segment,13,10,False,43,43,True,11.805981636047363,,ok,False,ok,20,10
exp_c,exp_c__gsm8k_test_001181__no_think,gsm8k_test_001181,no_think,canonical,,answer_segment,20,10,False,43,43,True,12.898757934570312,,ok,False,ok,20,10
exp_c,exp_c__gsm8k_test_001182__think,gsm8k_test_001182,think,canonical,,full_output,6,10,False,345,345,True,14.11255931854248,,ok,True,ok,1800,1800
exp_c,exp_c__gsm8k_test_001182__think,gsm8k_test_001182,think,canonical,,full_output,13,10,False,345,345,True,12.720372200012207,,ok,True,ok,1800,1800
exp_c,exp_c__gsm8k_test_001182__think,gsm8k_test_001182,think,canonical,,full_output,20,10,False,345,345,True,12.502272605895996,,ok,True,ok,1800,1800
exp_c,exp_c__gsm8k_test_001182__think,gsm8k_test_001182,think,canonical,,thinking_segment,6,10,False,282,282,True,14.069426536560059,,ok_qwen_token_boundary,True,ok,1800,1800
exp_c,exp_c__gsm8k_test_001182__think,gsm8k_test_001182,think,canonical,,thinking_segment,13,10,False,282,282,True,12.87143611907959,,ok_qwen_token_boundary,True,ok,1800,1800
exp_c,exp_c__gsm8k_test_001182__think,gsm8k_test_001182,think,canonical,,thinking_segment,20,10,False,282,282,True,12.714531898498535,,ok_qwen_token_boundary,True,ok,1800,1800
exp_c,exp_c__gsm8k_test_001182__think,gsm8k_test_001182,think,canonical,,answer_segment,6,10,False,63,63,True,13.491623878479004,,ok_qwen_token_boundary,True,ok,1800,1800
exp_c,exp_c__gsm8k_test_001182__think,gsm8k_test_001182,think,canonical,,answer_segment,13,10,False,63,63,True,11.714719772338867,,ok_qwen_token_boundary,True,ok,1800,1800
exp_c,exp_c__gsm8k_test_001182__think,gsm8k_test_001182,think,canonical,,answer_segment,20,10,False,63,63,True,12.088830947875977,,ok_qwen_token_boundary,True,ok,1800,1800
exp_c,exp_c__gsm8k_test_001182__no_think,gsm8k_test_001182,no_think,canonical,,full_output,6,10,False,72,72,True,14.69925594329834,,ok,True,ok,1800,1800
exp_c,exp_c__gsm8k_test_001182__no_think,gsm8k_test_001182,no_think,canonical,,full_output,13,10,False,72,72,True,12.130847930908203,,ok,True,ok,1800,1800
exp_c,exp_c__gsm8k_test_001182__no_think,gsm8k_test_001182,no_think,canonical,,full_output,20,10,False,72,72,True,12.755687713623047,,ok,True,ok,1800,1800
exp_c,exp_c__gsm8k_test_001182__no_think,gsm8k_test_001182,no_think,canonical,,answer_segment,6,10,False,72,72,True,14.69925594329834,,ok,True,ok,1800,1800
exp_c,exp_c__gsm8k_test_001182__no_think,gsm8k_test_001182,no_think,canonical,,answer_segment,13,10,False,72,72,True,12.130847930908203,,ok,True,ok,1800,1800
exp_c,exp_c__gsm8k_test_001182__no_think,gsm8k_test_001182,no_think,canonical,,answer_segment,20,10,False,72,72,True,12.755687713623047,,ok,True,ok,1800,1800
exp_c,exp_c__gsm8k_test_001183__think,gsm8k_test_001183,think,canonical,,full_output,6,10,False,564,564,True,13.038158416748047,,ok,True,ok,11,11
exp_c,exp_c__gsm8k_test_001183__think,gsm8k_test_001183,think,canonical,,full_output,13,10,False,564,564,True,9.128713607788086,,ok,True,ok,11,11
exp_c,exp_c__gsm8k_test_001183__think,gsm8k_test_001183,think,canonical,,full_output,20,10,False,564,564,True,9.580678939819336,,ok,True,ok,11,11
exp_c,exp_c__gsm8k_test_001183__think,gsm8k_test_001183,think,canonical,,thinking_segment,6,10,False,514,514,True,13.719571113586426,,ok_qwen_token_boundary,True,ok,11,11
exp_c,exp_c__gsm8k_test_001183__think,gsm8k_test_001183,think,canonical,,thinking_segment,13,10,False,514,514,True,9.436052322387695,,ok_qwen_token_boundary,True,ok,11,11
exp_c,exp_c__gsm8k_test_001183__think,gsm8k_test_001183,think,canonical,,thinking_segment,20,10,False,514,514,True,9.780725479125977,,ok_qwen_token_boundary,True,ok,11,11
exp_c,exp_c__gsm8k_test_001183__think,gsm8k_test_001183,think,canonical,,answer_segment,6,10,False,50,50,True,18.184974670410156,,ok_qwen_token_boundary,True,ok,11,11
exp_c,exp_c__gsm8k_test_001183__think,gsm8k_test_001183,think,canonical,,answer_segment,13,10,False,50,50,True,12.050861358642578,,ok_qwen_token_boundary,True,ok,11,11
exp_c,exp_c__gsm8k_test_001183__think,gsm8k_test_001183,think,canonical,,answer_segment,20,10,False,50,50,True,11.928204536437988,,ok_qwen_token_boundary,True,ok,11,11
exp_c,exp_c__gsm8k_test_001183__no_think,gsm8k_test_001183,no_think,canonical,,full_output,6,10,False,41,41,True,18.643312454223633,,ok,True,ok,11,11
exp_c,exp_c__gsm8k_test_001183__no_think,gsm8k_test_001183,no_think,canonical,,full_output,13,10,False,41,41,True,12.147553443908691,,ok,True,ok,11,11
exp_c,exp_c__gsm8k_test_001183__no_think,gsm8k_test_001183,no_think,canonical,,full_output,20,10,False,41,41,True,12.329036712646484,,ok,True,ok,11,11
exp_c,exp_c__gsm8k_test_001183__no_think,gsm8k_test_001183,no_think,canonical,,answer_segment,6,10,False,41,41,True,18.643312454223633,,ok,True,ok,11,11
exp_c,exp_c__gsm8k_test_001183__no_think,gsm8k_test_001183,no_think,canonical,,answer_segment,13,10,False,41,41,True,12.147553443908691,,ok,True,ok,11,11
exp_c,exp_c__gsm8k_test_001183__no_think,gsm8k_test_001183,no_think,canonical,,answer_segment,20,10,False,41,41,True,12.329036712646484,,ok,True,ok,11,11
exp_c,exp_c__gsm8k_test_001186__think,gsm8k_test_001186,think,canonical,,full_output,6,10,False,559,559,True,12.876212120056152,,ok,True,ok,19,19
exp_c,exp_c__gsm8k_test_001186__think,gsm8k_test_001186,think,canonical,,full_output,13,10,False,559,559,True,10.26608943939209,,ok,True,ok,19,19
exp_c,exp_c__gsm8k_test_001186__think,gsm8k_test_001186,think,canonical,,full_output,20,10,False,559,559,True,10.582125663757324,,ok,True,ok,19,19
exp_c,exp_c__gsm8k_test_001186__think,gsm8k_test_001186,think,canonical,,thinking_segment,6,10,False,514,514,True,12.611614227294922,,ok_qwen_token_boundary,True,ok,19,19
exp_c,exp_c__gsm8k_test_001186__think,gsm8k_test_001186,think,canonical,,thinking_segment,13,10,False,514,514,True,9.934350967407227,,ok_qwen_token_boundary,True,ok,19,19
exp_c,exp_c__gsm8k_test_001186__think,gsm8k_test_001186,think,canonical,,thinking_segment,20,10,False,514,514,True,10.651623725891113,,ok_qwen_token_boundary,True,ok,19,19
exp_c,exp_c__gsm8k_test_001186__think,gsm8k_test_001186,think,canonical,,answer_segment,6,10,False,45,45,True,16.863073348999023,,ok_qwen_token_boundary,True,ok,19,19
exp_c,exp_c__gsm8k_test_001186__think,gsm8k_test_001186,think,canonical,,answer_segment,13,10,False,45,45,True,13.388945579528809,,ok_qwen_token_boundary,True,ok,19,19
exp_c,exp_c__gsm8k_test_001186__think,gsm8k_test_001186,think,canonical,,answer_segment,20,10,False,45,45,True,12.015034675598145,,ok_qwen_token_boundary,True,ok,19,19
exp_c,exp_c__gsm8k_test_001186__no_think,gsm8k_test_001186,no_think,canonical,,full_output,6,10,False,45,45,True,15.807048797607422,,ok,True,ok,19,19
exp_c,exp_c__gsm8k_test_001186__no_think,gsm8k_test_001186,no_think,canonical,,full_output,13,10,False,45,45,True,12.39542007446289,,ok,True,ok,19,19
exp_c,exp_c__gsm8k_test_001186__no_think,gsm8k_test_001186,no_think,canonical,,full_output,20,10,False,45,45,True,11.949081420898438,,ok,True,ok,19,19
exp_c,exp_c__gsm8k_test_001186__no_think,gsm8k_test_001186,no_think,canonical,,answer_segment,6,10,False,45,45,True,15.807048797607422,,ok,True,ok,19,19
exp_c,exp_c__gsm8k_test_001186__no_think,gsm8k_test_001186,no_think,canonical,,answer_segment,13,10,False,45,45,True,12.39542007446289,,ok,True,ok,19,19
exp_c,exp_c__gsm8k_test_001186__no_think,gsm8k_test_001186,no_think,canonical,,answer_segment,20,10,False,45,45,True,11.949081420898438,,ok,True,ok,19,19
exp_c,exp_c__gsm8k_test_001188__think,gsm8k_test_001188,think,canonical,,full_output,6,10,False,564,564,True,11.285069465637207,,ok,True,ok,24,24
exp_c,exp_c__gsm8k_test_001188__think,gsm8k_test_001188,think,canonical,,full_output,13,10,False,564,564,True,10.72073745727539,,ok,True,ok,24,24
exp_c,exp_c__gsm8k_test_001188__think,gsm8k_test_001188,think,canonical,,full_output,20,10,False,564,564,True,11.46725082397461,,ok,True,ok,24,24
exp_c,exp_c__gsm8k_test_001188__think,gsm8k_test_001188,think,canonical,,thinking_segment,6,10,False,475,475,True,11.680730819702148,,ok_qwen_token_boundary,True,ok,24,24
exp_c,exp_c__gsm8k_test_001188__think,gsm8k_test_001188,think,canonical,,thinking_segment,13,10,False,475,475,True,10.998517036437988,,ok_qwen_token_boundary,True,ok,24,24
exp_c,exp_c__gsm8k_test_001188__think,gsm8k_test_001188,think,canonical,,thinking_segment,20,10,False,475,475,True,11.93188762664795,,ok_qwen_token_boundary,True,ok,24,24
exp_c,exp_c__gsm8k_test_001188__think,gsm8k_test_001188,think,canonical,,answer_segment,6,10,False,89,89,True,15.88329792022705,,ok_qwen_token_boundary,True,ok,24,24
exp_c,exp_c__gsm8k_test_001188__think,gsm8k_test_001188,think,canonical,,answer_segment,13,10,False,89,89,True,12.474831581115723,,ok_qwen_token_boundary,True,ok,24,24
exp_c,exp_c__gsm8k_test_001188__think,gsm8k_test_001188,think,canonical,,answer_segment,20,10,False,89,89,True,12.303094863891602,,ok_qwen_token_boundary,True,ok,24,24
exp_c,exp_c__gsm8k_test_001188__no_think,gsm8k_test_001188,no_think,canonical,,full_output,6,10,False,48,48,True,15.649665832519531,,ok,True,ok,24,24
exp_c,exp_c__gsm8k_test_001188__no_think,gsm8k_test_001188,no_think,canonical,,full_output,13,10,False,48,48,True,11.955994606018066,,ok,True,ok,24,24
exp_c,exp_c__gsm8k_test_001188__no_think,gsm8k_test_001188,no_think,canonical,,full_output,20,10,False,48,48,True,12.660484313964844,,ok,True,ok,24,24
exp_c,exp_c__gsm8k_test_001188__no_think,gsm8k_test_001188,no_think,canonical,,answer_segment,6,10,False,48,48,True,15.649665832519531,,ok,True,ok,24,24
exp_c,exp_c__gsm8k_test_001188__no_think,gsm8k_test_001188,no_think,canonical,,answer_segment,13,10,False,48,48,True,11.955994606018066,,ok,True,ok,24,24
exp_c,exp_c__gsm8k_test_001188__no_think,gsm8k_test_001188,no_think,canonical,,answer_segment,20,10,False,48,48,True,12.660484313964844,,ok,True,ok,24,24
exp_c,exp_c__gsm8k_test_001191__think,gsm8k_test_001191,think,canonical,,full_output,6,10,False,283,283,True,17.49015235900879,,ok,True,ok,100,100
exp_c,exp_c__gsm8k_test_001191__think,gsm8k_test_001191,think,canonical,,full_output,13,10,False,283,283,True,12.721336364746094,,ok,True,ok,100,100
exp_c,exp_c__gsm8k_test_001191__think,gsm8k_test_001191,think,canonical,,full_output,20,10,False,283,283,True,12.399435043334961,,ok,True,ok,100,100
exp_c,exp_c__gsm8k_test_001191__think,gsm8k_test_001191,think,canonical,,thinking_segment,6,10,False,232,232,True,18.36440086364746,,ok_qwen_token_boundary,True,ok,100,100
exp_c,exp_c__gsm8k_test_001191__think,gsm8k_test_001191,think,canonical,,thinking_segment,13,10,False,232,232,True,12.916033744812012,,ok_qwen_token_boundary,True,ok,100,100
exp_c,exp_c__gsm8k_test_001191__think,gsm8k_test_001191,think,canonical,,thinking_segment,20,10,False,232,232,True,12.271293640136719,,ok_qwen_token_boundary,True,ok,100,100
exp_c,exp_c__gsm8k_test_001191__think,gsm8k_test_001191,think,canonical,,answer_segment,6,10,False,51,51,True,17.413848876953125,,ok_qwen_token_boundary,True,ok,100,100
exp_c,exp_c__gsm8k_test_001191__think,gsm8k_test_001191,think,canonical,,answer_segment,13,10,False,51,51,True,12.834894180297852,,ok_qwen_token_boundary,True,ok,100,100
exp_c,exp_c__gsm8k_test_001191__think,gsm8k_test_001191,think,canonical,,answer_segment,20,10,False,51,51,True,12.364773750305176,,ok_qwen_token_boundary,True,ok,100,100
exp_c,exp_c__gsm8k_test_001191__no_think,gsm8k_test_001191,no_think,canonical,,full_output,6,10,False,46,46,True,20.155487060546875,,ok,True,ok,100,100
exp_c,exp_c__gsm8k_test_001191__no_think,gsm8k_test_001191,no_think,canonical,,full_output,13,10,False,46,46,True,12.970527648925781,,ok,True,ok,100,100
exp_c,exp_c__gsm8k_test_001191__no_think,gsm8k_test_001191,no_think,canonical,,full_output,20,10,False,46,46,True,12.118531227111816,,ok,True,ok,100,100
exp_c,exp_c__gsm8k_test_001191__no_think,gsm8k_test_001191,no_think,canonical,,answer_segment,6,10,False,46,46,True,20.155487060546875,,ok,True,ok,100,100
exp_c,exp_c__gsm8k_test_001191__no_think,gsm8k_test_001191,no_think,canonical,,answer_segment,13,10,False,46,46,True,12.970527648925781,,ok,True,ok,100,100
exp_c,exp_c__gsm8k_test_001191__no_think,gsm8k_test_001191,no_think,canonical,,answer_segment,20,10,False,46,46,True,12.118531227111816,,ok,True,ok,100,100
exp_c,exp_c__gsm8k_test_001201__think,gsm8k_test_001201,think,canonical,,full_output,6,10,False,581,581,True,14.057610511779785,,ok,True,ok,42,42
exp_c,exp_c__gsm8k_test_001201__think,gsm8k_test_001201,think,canonical,,full_output,13,10,False,581,581,True,10.580123901367188,,ok,True,ok,42,42
exp_c,exp_c__gsm8k_test_001201__think,gsm8k_test_001201,think,canonical,,full_output,20,10,False,581,581,True,11.226308822631836,,ok,True,ok,42,42
exp_c,exp_c__gsm8k_test_001201__think,gsm8k_test_001201,think,canonical,,thinking_segment,6,10,False,514,514,True,14.081001281738281,,ok_qwen_token_boundary,True,ok,42,42
exp_c,exp_c__gsm8k_test_001201__think,gsm8k_test_001201,think,canonical,,thinking_segment,13,10,False,514,514,True,10.216791152954102,,ok_qwen_token_boundary,True,ok,42,42
exp_c,exp_c__gsm8k_test_001201__think,gsm8k_test_001201,think,canonical,,thinking_segment,20,10,False,514,514,True,11.084254264831543,,ok_qwen_token_boundary,True,ok,42,42
exp_c,exp_c__gsm8k_test_001201__think,gsm8k_test_001201,think,canonical,,answer_segment,6,10,False,67,67,True,14.656590461730957,,ok_qwen_token_boundary,True,ok,42,42
exp_c,exp_c__gsm8k_test_001201__think,gsm8k_test_001201,think,canonical,,answer_segment,13,10,False,67,67,True,12.893834114074707,,ok_qwen_token_boundary,True,ok,42,42
exp_c,exp_c__gsm8k_test_001201__think,gsm8k_test_001201,think,canonical,,answer_segment,20,10,False,67,67,True,12.386688232421875,,ok_qwen_token_boundary,True,ok,42,42
exp_c,exp_c__gsm8k_test_001201__no_think,gsm8k_test_001201,no_think,canonical,,full_output,6,10,False,59,59,True,12.01142692565918,,ok,False,ok,42,36
exp_c,exp_c__gsm8k_test_001201__no_think,gsm8k_test_001201,no_think,canonical,,full_output,13,10,False,59,59,True,10.815393447875977,,ok,False,ok,42,36
exp_c,exp_c__gsm8k_test_001201__no_think,gsm8k_test_001201,no_think,canonical,,full_output,20,10,False,59,59,True,11.556755065917969,,ok,False,ok,42,36
exp_c,exp_c__gsm8k_test_001201__no_think,gsm8k_test_001201,no_think,canonical,,answer_segment,6,10,False,59,59,True,12.01142692565918,,ok,False,ok,42,36
exp_c,exp_c__gsm8k_test_001201__no_think,gsm8k_test_001201,no_think,canonical,,answer_segment,13,10,False,59,59,True,10.815393447875977,,ok,False,ok,42,36
exp_c,exp_c__gsm8k_test_001201__no_think,gsm8k_test_001201,no_think,canonical,,answer_segment,20,10,False,59,59,True,11.556755065917969,,ok,False,ok,42,36
exp_c,exp_c__gsm8k_test_001208__think,gsm8k_test_001208,think,canonical,,full_output,6,10,False,197,197,True,15.459200859069824,,ok,True,ok,27,27
exp_c,exp_c__gsm8k_test_001208__think,gsm8k_test_001208,think,canonical,,full_output,13,10,False,197,197,True,11.560422897338867,,ok,True,ok,27,27
exp_c,exp_c__gsm8k_test_001208__think,gsm8k_test_001208,think,canonical,,full_output,20,10,False,197,197,True,11.884886741638184,,ok,True,ok,27,27
exp_c,exp_c__gsm8k_test_001208__think,gsm8k_test_001208,think,canonical,,thinking_segment,6,10,False,141,141,True,18.54301643371582,,ok_qwen_token_boundary,True,ok,27,27
exp_c,exp_c__gsm8k_test_001208__think,gsm8k_test_001208,think,canonical,,thinking_segment,13,10,False,141,141,True,13.459016799926758,,ok_qwen_token_boundary,True,ok,27,27
exp_c,exp_c__gsm8k_test_001208__think,gsm8k_test_001208,think,canonical,,thinking_segment,20,10,False,141,141,True,13.259915351867676,,ok_qwen_token_boundary,True,ok,27,27
exp_c,exp_c__gsm8k_test_001208__think,gsm8k_test_001208,think,canonical,,answer_segment,6,10,False,56,56,True,16.104719161987305,,ok_qwen_token_boundary,True,ok,27,27
exp_c,exp_c__gsm8k_test_001208__think,gsm8k_test_001208,think,canonical,,answer_segment,13,10,False,56,56,True,11.446428298950195,,ok_qwen_token_boundary,True,ok,27,27
exp_c,exp_c__gsm8k_test_001208__think,gsm8k_test_001208,think,canonical,,answer_segment,20,10,False,56,56,True,10.55311107635498,,ok_qwen_token_boundary,True,ok,27,27
exp_c,exp_c__gsm8k_test_001208__no_think,gsm8k_test_001208,no_think,canonical,,full_output,6,10,False,44,44,True,16.57195281982422,,ok,False,ok,27,18
exp_c,exp_c__gsm8k_test_001208__no_think,gsm8k_test_001208,no_think,canonical,,full_output,13,10,False,44,44,True,11.290386199951172,,ok,False,ok,27,18
exp_c,exp_c__gsm8k_test_001208__no_think,gsm8k_test_001208,no_think,canonical,,full_output,20,10,False,44,44,True,14.244219779968262,,ok,False,ok,27,18
exp_c,exp_c__gsm8k_test_001208__no_think,gsm8k_test_001208,no_think,canonical,,answer_segment,6,10,False,44,44,True,16.57195281982422,,ok,False,ok,27,18
exp_c,exp_c__gsm8k_test_001208__no_think,gsm8k_test_001208,no_think,canonical,,answer_segment,13,10,False,44,44,True,11.290386199951172,,ok,False,ok,27,18
exp_c,exp_c__gsm8k_test_001208__no_think,gsm8k_test_001208,no_think,canonical,,answer_segment,20,10,False,44,44,True,14.244219779968262,,ok,False,ok,27,18
exp_c,exp_c__gsm8k_test_001209__think,gsm8k_test_001209,think,canonical,,full_output,6,10,False,304,304,True,16.5704288482666,,ok,True,ok,29,29
exp_c,exp_c__gsm8k_test_001209__think,gsm8k_test_001209,think,canonical,,full_output,13,10,False,304,304,True,13.170541763305664,,ok,True,ok,29,29
exp_c,exp_c__gsm8k_test_001209__think,gsm8k_test_001209,think,canonical,,full_output,20,10,False,304,304,True,12.042254447937012,,ok,True,ok,29,29
exp_c,exp_c__gsm8k_test_001209__think,gsm8k_test_001209,think,canonical,,thinking_segment,6,10,False,247,247,True,16.973125457763672,,ok_qwen_token_boundary,True,ok,29,29
exp_c,exp_c__gsm8k_test_001209__think,gsm8k_test_001209,think,canonical,,thinking_segment,13,10,False,247,247,True,13.338937759399414,,ok_qwen_token_boundary,True,ok,29,29
exp_c,exp_c__gsm8k_test_001209__think,gsm8k_test_001209,think,canonical,,thinking_segment,20,10,False,247,247,True,12.384490966796875,,ok_qwen_token_boundary,True,ok,29,29
exp_c,exp_c__gsm8k_test_001209__think,gsm8k_test_001209,think,canonical,,answer_segment,6,10,False,57,57,True,19.18648338317871,,ok_qwen_token_boundary,True,ok,29,29
exp_c,exp_c__gsm8k_test_001209__think,gsm8k_test_001209,think,canonical,,answer_segment,13,10,False,57,57,True,13.658003807067871,,ok_qwen_token_boundary,True,ok,29,29
exp_c,exp_c__gsm8k_test_001209__think,gsm8k_test_001209,think,canonical,,answer_segment,20,10,False,57,57,True,11.609410285949707,,ok_qwen_token_boundary,True,ok,29,29
exp_c,exp_c__gsm8k_test_001209__no_think,gsm8k_test_001209,no_think,canonical,,full_output,6,10,False,63,63,True,16.570730209350586,,ok,True,ok,29,29
exp_c,exp_c__gsm8k_test_001209__no_think,gsm8k_test_001209,no_think,canonical,,full_output,13,10,False,63,63,True,13.493139266967773,,ok,True,ok,29,29
exp_c,exp_c__gsm8k_test_001209__no_think,gsm8k_test_001209,no_think,canonical,,full_output,20,10,False,63,63,True,12.362813949584961,,ok,True,ok,29,29
exp_c,exp_c__gsm8k_test_001209__no_think,gsm8k_test_001209,no_think,canonical,,answer_segment,6,10,False,63,63,True,16.570730209350586,,ok,True,ok,29,29
exp_c,exp_c__gsm8k_test_001209__no_think,gsm8k_test_001209,no_think,canonical,,answer_segment,13,10,False,63,63,True,13.493139266967773,,ok,True,ok,29,29
exp_c,exp_c__gsm8k_test_001209__no_think,gsm8k_test_001209,no_think,canonical,,answer_segment,20,10,False,63,63,True,12.362813949584961,,ok,True,ok,29,29
exp_c,exp_c__gsm8k_test_001221__think,gsm8k_test_001221,think,canonical,,full_output,6,10,False,170,170,True,18.32342529296875,,ok,True,ok,10,10
exp_c,exp_c__gsm8k_test_001221__think,gsm8k_test_001221,think,canonical,,full_output,13,10,False,170,170,True,12.19981861114502,,ok,True,ok,10,10
exp_c,exp_c__gsm8k_test_001221__think,gsm8k_test_001221,think,canonical,,full_output,20,10,False,170,170,True,12.115076065063477,,ok,True,ok,10,10
exp_c,exp_c__gsm8k_test_001221__think,gsm8k_test_001221,think,canonical,,thinking_segment,6,10,False,116,116,True,21.346698760986328,,ok_qwen_token_boundary,True,ok,10,10
exp_c,exp_c__gsm8k_test_001221__think,gsm8k_test_001221,think,canonical,,thinking_segment,13,10,False,116,116,True,12.615927696228027,,ok_qwen_token_boundary,True,ok,10,10
exp_c,exp_c__gsm8k_test_001221__think,gsm8k_test_001221,think,canonical,,thinking_segment,20,10,False,116,116,True,12.573222160339355,,ok_qwen_token_boundary,True,ok,10,10
exp_c,exp_c__gsm8k_test_001221__think,gsm8k_test_001221,think,canonical,,answer_segment,6,10,False,54,54,True,12.691954612731934,,ok_qwen_token_boundary,True,ok,10,10
exp_c,exp_c__gsm8k_test_001221__think,gsm8k_test_001221,think,canonical,,answer_segment,13,10,False,54,54,True,10.414319038391113,,ok_qwen_token_boundary,True,ok,10,10
exp_c,exp_c__gsm8k_test_001221__think,gsm8k_test_001221,think,canonical,,answer_segment,20,10,False,54,54,True,11.145011901855469,,ok_qwen_token_boundary,True,ok,10,10
exp_c,exp_c__gsm8k_test_001221__no_think,gsm8k_test_001221,no_think,canonical,,full_output,6,10,False,56,56,True,14.393712043762207,,ok,True,ok,10,10
exp_c,exp_c__gsm8k_test_001221__no_think,gsm8k_test_001221,no_think,canonical,,full_output,13,10,False,56,56,True,11.920621871948242,,ok,True,ok,10,10
exp_c,exp_c__gsm8k_test_001221__no_think,gsm8k_test_001221,no_think,canonical,,full_output,20,10,False,56,56,True,12.349390983581543,,ok,True,ok,10,10
exp_c,exp_c__gsm8k_test_001221__no_think,gsm8k_test_001221,no_think,canonical,,answer_segment,6,10,False,56,56,True,14.393712043762207,,ok,True,ok,10,10
exp_c,exp_c__gsm8k_test_001221__no_think,gsm8k_test_001221,no_think,canonical,,answer_segment,13,10,False,56,56,True,11.920621871948242,,ok,True,ok,10,10
exp_c,exp_c__gsm8k_test_001221__no_think,gsm8k_test_001221,no_think,canonical,,answer_segment,20,10,False,56,56,True,12.349390983581543,,ok,True,ok,10,10
exp_c,exp_c__gsm8k_test_001225__think,gsm8k_test_001225,think,canonical,,full_output,6,10,False,333,333,True,20.068130493164062,,ok,True,ok,3,3
exp_c,exp_c__gsm8k_test_001225__think,gsm8k_test_001225,think,canonical,,full_output,13,10,False,333,333,True,13.623270034790039,,ok,True,ok,3,3
exp_c,exp_c__gsm8k_test_001225__think,gsm8k_test_001225,think,canonical,,full_output,20,10,False,333,333,True,13.209182739257812,,ok,True,ok,3,3
exp_c,exp_c__gsm8k_test_001225__think,gsm8k_test_001225,think,canonical,,thinking_segment,6,10,False,283,283,True,20.601966857910156,,ok_qwen_token_boundary,True,ok,3,3
exp_c,exp_c__gsm8k_test_001225__think,gsm8k_test_001225,think,canonical,,thinking_segment,13,10,False,283,283,True,13.870121955871582,,ok_qwen_token_boundary,True,ok,3,3
exp_c,exp_c__gsm8k_test_001225__think,gsm8k_test_001225,think,canonical,,thinking_segment,20,10,False,283,283,True,13.876206398010254,,ok_qwen_token_boundary,True,ok,3,3
exp_c,exp_c__gsm8k_test_001225__think,gsm8k_test_001225,think,canonical,,answer_segment,6,10,False,50,50,True,19.356830596923828,,ok_qwen_token_boundary,True,ok,3,3
exp_c,exp_c__gsm8k_test_001225__think,gsm8k_test_001225,think,canonical,,answer_segment,13,10,False,50,50,True,13.051507949829102,,ok_qwen_token_boundary,True,ok,3,3
exp_c,exp_c__gsm8k_test_001225__think,gsm8k_test_001225,think,canonical,,answer_segment,20,10,False,50,50,True,13.698376655578613,,ok_qwen_token_boundary,True,ok,3,3
exp_c,exp_c__gsm8k_test_001225__no_think,gsm8k_test_001225,no_think,canonical,,full_output,6,10,False,43,43,True,17.147380828857422,,ok,True,ok,3,3
exp_c,exp_c__gsm8k_test_001225__no_think,gsm8k_test_001225,no_think,canonical,,full_output,13,10,False,43,43,True,10.957014083862305,,ok,True,ok,3,3
exp_c,exp_c__gsm8k_test_001225__no_think,gsm8k_test_001225,no_think,canonical,,full_output,20,10,False,43,43,True,12.59005355834961,,ok,True,ok,3,3
exp_c,exp_c__gsm8k_test_001225__no_think,gsm8k_test_001225,no_think,canonical,,answer_segment,6,10,False,43,43,True,17.147380828857422,,ok,True,ok,3,3
exp_c,exp_c__gsm8k_test_001225__no_think,gsm8k_test_001225,no_think,canonical,,answer_segment,13,10,False,43,43,True,10.957014083862305,,ok,True,ok,3,3
exp_c,exp_c__gsm8k_test_001225__no_think,gsm8k_test_001225,no_think,canonical,,answer_segment,20,10,False,43,43,True,12.59005355834961,,ok,True,ok,3,3
exp_c,exp_c__gsm8k_test_001232__think,gsm8k_test_001232,think,canonical,,full_output,6,10,False,279,279,True,15.77236270904541,,ok,True,ok,15,15
exp_c,exp_c__gsm8k_test_001232__think,gsm8k_test_001232,think,canonical,,full_output,13,10,False,279,279,True,11.293384552001953,,ok,True,ok,15,15
exp_c,exp_c__gsm8k_test_001232__think,gsm8k_test_001232,think,canonical,,full_output,20,10,False,279,279,True,12.317439079284668,,ok,True,ok,15,15
exp_c,exp_c__gsm8k_test_001232__think,gsm8k_test_001232,think,canonical,,thinking_segment,6,10,False,228,228,True,17.47258186340332,,ok_qwen_token_boundary,True,ok,15,15
exp_c,exp_c__gsm8k_test_001232__think,gsm8k_test_001232,think,canonical,,thinking_segment,13,10,False,228,228,True,12.152322769165039,,ok_qwen_token_boundary,True,ok,15,15
exp_c,exp_c__gsm8k_test_001232__think,gsm8k_test_001232,think,canonical,,thinking_segment,20,10,False,228,228,True,13.238052368164062,,ok_qwen_token_boundary,True,ok,15,15
exp_c,exp_c__gsm8k_test_001232__think,gsm8k_test_001232,think,canonical,,answer_segment,6,10,False,51,51,True,16.754398345947266,,ok_qwen_token_boundary,True,ok,15,15
exp_c,exp_c__gsm8k_test_001232__think,gsm8k_test_001232,think,canonical,,answer_segment,13,10,False,51,51,True,15.221543312072754,,ok_qwen_token_boundary,True,ok,15,15
exp_c,exp_c__gsm8k_test_001232__think,gsm8k_test_001232,think,canonical,,answer_segment,20,10,False,51,51,True,12.393586158752441,,ok_qwen_token_boundary,True,ok,15,15
exp_c,exp_c__gsm8k_test_001232__no_think,gsm8k_test_001232,no_think,canonical,,full_output,6,10,False,44,44,True,18.077722549438477,,ok,True,ok,15,15
exp_c,exp_c__gsm8k_test_001232__no_think,gsm8k_test_001232,no_think,canonical,,full_output,13,10,False,44,44,True,13.8185396194458,,ok,True,ok,15,15
exp_c,exp_c__gsm8k_test_001232__no_think,gsm8k_test_001232,no_think,canonical,,full_output,20,10,False,44,44,True,13.632762908935547,,ok,True,ok,15,15
exp_c,exp_c__gsm8k_test_001232__no_think,gsm8k_test_001232,no_think,canonical,,answer_segment,6,10,False,44,44,True,18.077722549438477,,ok,True,ok,15,15
exp_c,exp_c__gsm8k_test_001232__no_think,gsm8k_test_001232,no_think,canonical,,answer_segment,13,10,False,44,44,True,13.8185396194458,,ok,True,ok,15,15
exp_c,exp_c__gsm8k_test_001232__no_think,gsm8k_test_001232,no_think,canonical,,answer_segment,20,10,False,44,44,True,13.632762908935547,,ok,True,ok,15,15
exp_c,exp_c__gsm8k_test_001246__think,gsm8k_test_001246,think,canonical,,full_output,6,10,False,316,316,True,17.24660301208496,,ok,True,ok,3360,3360
exp_c,exp_c__gsm8k_test_001246__think,gsm8k_test_001246,think,canonical,,full_output,13,10,False,316,316,True,11.346519470214844,,ok,True,ok,3360,3360
exp_c,exp_c__gsm8k_test_001246__think,gsm8k_test_001246,think,canonical,,full_output,20,10,False,316,316,True,11.737671852111816,,ok,True,ok,3360,3360
exp_c,exp_c__gsm8k_test_001246__think,gsm8k_test_001246,think,canonical,,thinking_segment,6,10,False,267,267,True,18.966171264648438,,ok_qwen_token_boundary,True,ok,3360,3360
exp_c,exp_c__gsm8k_test_001246__think,gsm8k_test_001246,think,canonical,,thinking_segment,13,10,False,267,267,True,12.176971435546875,,ok_qwen_token_boundary,True,ok,3360,3360
exp_c,exp_c__gsm8k_test_001246__think,gsm8k_test_001246,think,canonical,,thinking_segment,20,10,False,267,267,True,12.465889930725098,,ok_qwen_token_boundary,True,ok,3360,3360
exp_c,exp_c__gsm8k_test_001246__think,gsm8k_test_001246,think,canonical,,answer_segment,6,10,False,49,49,True,14.717985153198242,,ok_qwen_token_boundary,True,ok,3360,3360
exp_c,exp_c__gsm8k_test_001246__think,gsm8k_test_001246,think,canonical,,answer_segment,13,10,False,49,49,True,12.035811424255371,,ok_qwen_token_boundary,True,ok,3360,3360
exp_c,exp_c__gsm8k_test_001246__think,gsm8k_test_001246,think,canonical,,answer_segment,20,10,False,49,49,True,12.018498420715332,,ok_qwen_token_boundary,True,ok,3360,3360
exp_c,exp_c__gsm8k_test_001246__no_think,gsm8k_test_001246,no_think,canonical,,full_output,6,10,False,46,46,True,13.53215503692627,,ok,True,ok,3360,3360
exp_c,exp_c__gsm8k_test_001246__no_think,gsm8k_test_001246,no_think,canonical,,full_output,13,10,False,46,46,True,11.322394371032715,,ok,True,ok,3360,3360
exp_c,exp_c__gsm8k_test_001246__no_think,gsm8k_test_001246,no_think,canonical,,full_output,20,10,False,46,46,True,11.546630859375,,ok,True,ok,3360,3360
exp_c,exp_c__gsm8k_test_001246__no_think,gsm8k_test_001246,no_think,canonical,,answer_segment,6,10,False,46,46,True,13.53215503692627,,ok,True,ok,3360,3360
exp_c,exp_c__gsm8k_test_001246__no_think,gsm8k_test_001246,no_think,canonical,,answer_segment,13,10,False,46,46,True,11.322394371032715,,ok,True,ok,3360,3360
exp_c,exp_c__gsm8k_test_001246__no_think,gsm8k_test_001246,no_think,canonical,,answer_segment,20,10,False,46,46,True,11.546630859375,,ok,True,ok,3360,3360
exp_c,exp_c__gsm8k_test_001247__think,gsm8k_test_001247,think,canonical,,full_output,6,10,False,189,189,True,19.10904312133789,,ok,True,ok,7,7
exp_c,exp_c__gsm8k_test_001247__think,gsm8k_test_001247,think,canonical,,full_output,13,10,False,189,189,True,12.958932876586914,,ok,True,ok,7,7
exp_c,exp_c__gsm8k_test_001247__think,gsm8k_test_001247,think,canonical,,full_output,20,10,False,189,189,True,12.280787467956543,,ok,True,ok,7,7
exp_c,exp_c__gsm8k_test_001247__think,gsm8k_test_001247,think,canonical,,thinking_segment,6,10,False,133,133,True,22.834430694580078,,ok_qwen_token_boundary,True,ok,7,7
exp_c,exp_c__gsm8k_test_001247__think,gsm8k_test_001247,think,canonical,,thinking_segment,13,10,False,133,133,True,13.420771598815918,,ok_qwen_token_boundary,True,ok,7,7
exp_c,exp_c__gsm8k_test_001247__think,gsm8k_test_001247,think,canonical,,thinking_segment,20,10,False,133,133,True,13.03518009185791,,ok_qwen_token_boundary,True,ok,7,7
exp_c,exp_c__gsm8k_test_001247__think,gsm8k_test_001247,think,canonical,,answer_segment,6,10,False,56,56,True,20.92532730102539,,ok_qwen_token_boundary,True,ok,7,7
exp_c,exp_c__gsm8k_test_001247__think,gsm8k_test_001247,think,canonical,,answer_segment,13,10,False,56,56,True,12.37156867980957,,ok_qwen_token_boundary,True,ok,7,7
exp_c,exp_c__gsm8k_test_001247__think,gsm8k_test_001247,think,canonical,,answer_segment,20,10,False,56,56,True,12.032099723815918,,ok_qwen_token_boundary,True,ok,7,7
exp_c,exp_c__gsm8k_test_001247__no_think,gsm8k_test_001247,no_think,canonical,,full_output,6,10,False,50,50,True,19.803712844848633,,ok,False,ok,7,8
exp_c,exp_c__gsm8k_test_001247__no_think,gsm8k_test_001247,no_think,canonical,,full_output,13,10,False,50,50,True,13.214160919189453,,ok,False,ok,7,8
exp_c,exp_c__gsm8k_test_001247__no_think,gsm8k_test_001247,no_think,canonical,,full_output,20,10,False,50,50,True,11.5084810256958,,ok,False,ok,7,8
exp_c,exp_c__gsm8k_test_001247__no_think,gsm8k_test_001247,no_think,canonical,,answer_segment,6,10,False,50,50,True,19.803712844848633,,ok,False,ok,7,8
exp_c,exp_c__gsm8k_test_001247__no_think,gsm8k_test_001247,no_think,canonical,,answer_segment,13,10,False,50,50,True,13.214160919189453,,ok,False,ok,7,8
exp_c,exp_c__gsm8k_test_001247__no_think,gsm8k_test_001247,no_think,canonical,,answer_segment,20,10,False,50,50,True,11.5084810256958,,ok,False,ok,7,8
exp_c,exp_c__gsm8k_test_001251__think,gsm8k_test_001251,think,canonical,,full_output,6,10,False,589,589,True,13.435542106628418,,ok,True,ok,30,30
exp_c,exp_c__gsm8k_test_001251__think,gsm8k_test_001251,think,canonical,,full_output,13,10,False,589,589,True,9.87282657623291,,ok,True,ok,30,30
exp_c,exp_c__gsm8k_test_001251__think,gsm8k_test_001251,think,canonical,,full_output,20,10,False,589,589,True,10.546170234680176,,ok,True,ok,30,30
exp_c,exp_c__gsm8k_test_001251__think,gsm8k_test_001251,think,canonical,,thinking_segment,6,10,False,514,514,True,14.161408424377441,,ok_qwen_token_boundary,True,ok,30,30
exp_c,exp_c__gsm8k_test_001251__think,gsm8k_test_001251,think,canonical,,thinking_segment,13,10,False,514,514,True,9.660980224609375,,ok_qwen_token_boundary,True,ok,30,30
exp_c,exp_c__gsm8k_test_001251__think,gsm8k_test_001251,think,canonical,,thinking_segment,20,10,False,514,514,True,10.48979663848877,,ok_qwen_token_boundary,True,ok,30,30
exp_c,exp_c__gsm8k_test_001251__think,gsm8k_test_001251,think,canonical,,answer_segment,6,10,False,75,75,True,14.272403717041016,,ok_qwen_token_boundary,True,ok,30,30
exp_c,exp_c__gsm8k_test_001251__think,gsm8k_test_001251,think,canonical,,answer_segment,13,10,False,75,75,True,12.179905891418457,,ok_qwen_token_boundary,True,ok,30,30
exp_c,exp_c__gsm8k_test_001251__think,gsm8k_test_001251,think,canonical,,answer_segment,20,10,False,75,75,True,10.772734642028809,,ok_qwen_token_boundary,True,ok,30,30
exp_c,exp_c__gsm8k_test_001251__no_think,gsm8k_test_001251,no_think,canonical,,full_output,6,10,False,62,62,True,13.339317321777344,,ok,False,ok,30,35
exp_c,exp_c__gsm8k_test_001251__no_think,gsm8k_test_001251,no_think,canonical,,full_output,13,10,False,62,62,True,9.543292999267578,,ok,False,ok,30,35
exp_c,exp_c__gsm8k_test_001251__no_think,gsm8k_test_001251,no_think,canonical,,full_output,20,10,False,62,62,True,10.195045471191406,,ok,False,ok,30,35
exp_c,exp_c__gsm8k_test_001251__no_think,gsm8k_test_001251,no_think,canonical,,answer_segment,6,10,False,62,62,True,13.339317321777344,,ok,False,ok,30,35
exp_c,exp_c__gsm8k_test_001251__no_think,gsm8k_test_001251,no_think,canonical,,answer_segment,13,10,False,62,62,True,9.543292999267578,,ok,False,ok,30,35
exp_c,exp_c__gsm8k_test_001251__no_think,gsm8k_test_001251,no_think,canonical,,answer_segment,20,10,False,62,62,True,10.195045471191406,,ok,False,ok,30,35
exp_c,exp_c__gsm8k_test_001253__think,gsm8k_test_001253,think,canonical,,full_output,6,10,False,276,276,True,18.264015197753906,,ok,True,ok,120,120
exp_c,exp_c__gsm8k_test_001253__think,gsm8k_test_001253,think,canonical,,full_output,13,10,False,276,276,True,13.289548873901367,,ok,True,ok,120,120
exp_c,exp_c__gsm8k_test_001253__think,gsm8k_test_001253,think,canonical,,full_output,20,10,False,276,276,True,12.765838623046875,,ok,True,ok,120,120
exp_c,exp_c__gsm8k_test_001253__think,gsm8k_test_001253,think,canonical,,thinking_segment,6,10,False,230,230,True,19.139163970947266,,ok_qwen_token_boundary,True,ok,120,120
exp_c,exp_c__gsm8k_test_001253__think,gsm8k_test_001253,think,canonical,,thinking_segment,13,10,False,230,230,True,13.07483196258545,,ok_qwen_token_boundary,True,ok,120,120
exp_c,exp_c__gsm8k_test_001253__think,gsm8k_test_001253,think,canonical,,thinking_segment,20,10,False,230,230,True,12.702827453613281,,ok_qwen_token_boundary,True,ok,120,120
exp_c,exp_c__gsm8k_test_001253__think,gsm8k_test_001253,think,canonical,,answer_segment,6,10,False,46,46,True,17.933692932128906,,ok_qwen_token_boundary,True,ok,120,120
exp_c,exp_c__gsm8k_test_001253__think,gsm8k_test_001253,think,canonical,,answer_segment,13,10,False,46,46,True,13.455340385437012,,ok_qwen_token_boundary,True,ok,120,120
exp_c,exp_c__gsm8k_test_001253__think,gsm8k_test_001253,think,canonical,,answer_segment,20,10,False,46,46,True,13.476836204528809,,ok_qwen_token_boundary,True,ok,120,120
exp_c,exp_c__gsm8k_test_001253__no_think,gsm8k_test_001253,no_think,canonical,,full_output,6,10,False,55,55,True,16.700353622436523,,ok,True,ok,120,120
exp_c,exp_c__gsm8k_test_001253__no_think,gsm8k_test_001253,no_think,canonical,,full_output,13,10,False,55,55,True,11.708100318908691,,ok,True,ok,120,120
exp_c,exp_c__gsm8k_test_001253__no_think,gsm8k_test_001253,no_think,canonical,,full_output,20,10,False,55,55,True,13.112703323364258,,ok,True,ok,120,120
exp_c,exp_c__gsm8k_test_001253__no_think,gsm8k_test_001253,no_think,canonical,,answer_segment,6,10,False,55,55,True,16.700353622436523,,ok,True,ok,120,120
exp_c,exp_c__gsm8k_test_001253__no_think,gsm8k_test_001253,no_think,canonical,,answer_segment,13,10,False,55,55,True,11.708100318908691,,ok,True,ok,120,120
exp_c,exp_c__gsm8k_test_001253__no_think,gsm8k_test_001253,no_think,canonical,,answer_segment,20,10,False,55,55,True,13.112703323364258,,ok,True,ok,120,120
exp_c,exp_c__gsm8k_test_001255__think,gsm8k_test_001255,think,canonical,,full_output,6,10,False,279,279,True,17.78427505493164,,ok,True,ok,12,12
exp_c,exp_c__gsm8k_test_001255__think,gsm8k_test_001255,think,canonical,,full_output,13,10,False,279,279,True,13.612613677978516,,ok,True,ok,12,12
exp_c,exp_c__gsm8k_test_001255__think,gsm8k_test_001255,think,canonical,,full_output,20,10,False,279,279,True,12.579789161682129,,ok,True,ok,12,12
exp_c,exp_c__gsm8k_test_001255__think,gsm8k_test_001255,think,canonical,,thinking_segment,6,10,False,213,213,True,20.69477653503418,,ok_qwen_token_boundary,True,ok,12,12
exp_c,exp_c__gsm8k_test_001255__think,gsm8k_test_001255,think,canonical,,thinking_segment,13,10,False,213,213,True,14.588062286376953,,ok_qwen_token_boundary,True,ok,12,12
exp_c,exp_c__gsm8k_test_001255__think,gsm8k_test_001255,think,canonical,,thinking_segment,20,10,False,213,213,True,13.046797752380371,,ok_qwen_token_boundary,True,ok,12,12
exp_c,exp_c__gsm8k_test_001255__think,gsm8k_test_001255,think,canonical,,answer_segment,6,10,False,66,66,True,19.16109275817871,,ok_qwen_token_boundary,True,ok,12,12
exp_c,exp_c__gsm8k_test_001255__think,gsm8k_test_001255,think,canonical,,answer_segment,13,10,False,66,66,True,14.439980506896973,,ok_qwen_token_boundary,True,ok,12,12
exp_c,exp_c__gsm8k_test_001255__think,gsm8k_test_001255,think,canonical,,answer_segment,20,10,False,66,66,True,12.242890357971191,,ok_qwen_token_boundary,True,ok,12,12
exp_c,exp_c__gsm8k_test_001255__no_think,gsm8k_test_001255,no_think,canonical,,full_output,6,10,False,53,53,True,15.346539497375488,,ok,False,ok,12,14
exp_c,exp_c__gsm8k_test_001255__no_think,gsm8k_test_001255,no_think,canonical,,full_output,13,10,False,53,53,True,11.350324630737305,,ok,False,ok,12,14
exp_c,exp_c__gsm8k_test_001255__no_think,gsm8k_test_001255,no_think,canonical,,full_output,20,10,False,53,53,True,12.48162841796875,,ok,False,ok,12,14
exp_c,exp_c__gsm8k_test_001255__no_think,gsm8k_test_001255,no_think,canonical,,answer_segment,6,10,False,53,53,True,15.346539497375488,,ok,False,ok,12,14
exp_c,exp_c__gsm8k_test_001255__no_think,gsm8k_test_001255,no_think,canonical,,answer_segment,13,10,False,53,53,True,11.350324630737305,,ok,False,ok,12,14
exp_c,exp_c__gsm8k_test_001255__no_think,gsm8k_test_001255,no_think,canonical,,answer_segment,20,10,False,53,53,True,12.48162841796875,,ok,False,ok,12,14
exp_c,exp_c__gsm8k_test_001263__think,gsm8k_test_001263,think,canonical,,full_output,6,10,False,392,392,True,15.604676246643066,,ok,True,ok,500,500
exp_c,exp_c__gsm8k_test_001263__think,gsm8k_test_001263,think,canonical,,full_output,13,10,False,392,392,True,12.894867897033691,,ok,True,ok,500,500
exp_c,exp_c__gsm8k_test_001263__think,gsm8k_test_001263,think,canonical,,full_output,20,10,False,392,392,True,12.447026252746582,,ok,True,ok,500,500
exp_c,exp_c__gsm8k_test_001263__think,gsm8k_test_001263,think,canonical,,thinking_segment,6,10,False,331,331,True,16.645559310913086,,ok_qwen_token_boundary,True,ok,500,500
exp_c,exp_c__gsm8k_test_001263__think,gsm8k_test_001263,think,canonical,,thinking_segment,13,10,False,331,331,True,13.485050201416016,,ok_qwen_token_boundary,True,ok,500,500
exp_c,exp_c__gsm8k_test_001263__think,gsm8k_test_001263,think,canonical,,thinking_segment,20,10,False,331,331,True,12.303030967712402,,ok_qwen_token_boundary,True,ok,500,500
exp_c,exp_c__gsm8k_test_001263__think,gsm8k_test_001263,think,canonical,,answer_segment,6,10,False,61,61,True,15.782112121582031,,ok_qwen_token_boundary,True,ok,500,500
exp_c,exp_c__gsm8k_test_001263__think,gsm8k_test_001263,think,canonical,,answer_segment,13,10,False,61,61,True,13.443794250488281,,ok_qwen_token_boundary,True,ok,500,500
exp_c,exp_c__gsm8k_test_001263__think,gsm8k_test_001263,think,canonical,,answer_segment,20,10,False,61,61,True,12.103381156921387,,ok_qwen_token_boundary,True,ok,500,500
exp_c,exp_c__gsm8k_test_001263__no_think,gsm8k_test_001263,no_think,canonical,,full_output,6,10,False,69,69,True,13.556990623474121,,ok,False,ok,500,550
exp_c,exp_c__gsm8k_test_001263__no_think,gsm8k_test_001263,no_think,canonical,,full_output,13,10,False,69,69,True,12.335652351379395,,ok,False,ok,500,550
exp_c,exp_c__gsm8k_test_001263__no_think,gsm8k_test_001263,no_think,canonical,,full_output,20,10,False,69,69,True,12.219603538513184,,ok,False,ok,500,550
exp_c,exp_c__gsm8k_test_001263__no_think,gsm8k_test_001263,no_think,canonical,,answer_segment,6,10,False,69,69,True,13.556990623474121,,ok,False,ok,500,550
exp_c,exp_c__gsm8k_test_001263__no_think,gsm8k_test_001263,no_think,canonical,,answer_segment,13,10,False,69,69,True,12.335652351379395,,ok,False,ok,500,550
exp_c,exp_c__gsm8k_test_001263__no_think,gsm8k_test_001263,no_think,canonical,,answer_segment,20,10,False,69,69,True,12.219603538513184,,ok,False,ok,500,550
exp_c,exp_c__gsm8k_test_001271__think,gsm8k_test_001271,think,canonical,,full_output,6,10,False,338,338,True,17.561180114746094,,ok,True,ok,43,43
exp_c,exp_c__gsm8k_test_001271__think,gsm8k_test_001271,think,canonical,,full_output,13,10,False,338,338,True,11.469072341918945,,ok,True,ok,43,43
exp_c,exp_c__gsm8k_test_001271__think,gsm8k_test_001271,think,canonical,,full_output,20,10,False,338,338,True,12.218770027160645,,ok,True,ok,43,43
exp_c,exp_c__gsm8k_test_001271__think,gsm8k_test_001271,think,canonical,,thinking_segment,6,10,False,281,281,True,19.37588882446289,,ok_qwen_token_boundary,True,ok,43,43
exp_c,exp_c__gsm8k_test_001271__think,gsm8k_test_001271,think,canonical,,thinking_segment,13,10,False,281,281,True,11.854132652282715,,ok_qwen_token_boundary,True,ok,43,43
exp_c,exp_c__gsm8k_test_001271__think,gsm8k_test_001271,think,canonical,,thinking_segment,20,10,False,281,281,True,12.765968322753906,,ok_qwen_token_boundary,True,ok,43,43
exp_c,exp_c__gsm8k_test_001271__think,gsm8k_test_001271,think,canonical,,answer_segment,6,10,False,57,57,True,15.28662395477295,,ok_qwen_token_boundary,True,ok,43,43
exp_c,exp_c__gsm8k_test_001271__think,gsm8k_test_001271,think,canonical,,answer_segment,13,10,False,57,57,True,13.079147338867188,,ok_qwen_token_boundary,True,ok,43,43
exp_c,exp_c__gsm8k_test_001271__think,gsm8k_test_001271,think,canonical,,answer_segment,20,10,False,57,57,True,12.177976608276367,,ok_qwen_token_boundary,True,ok,43,43
exp_c,exp_c__gsm8k_test_001271__no_think,gsm8k_test_001271,no_think,canonical,,full_output,6,10,False,61,61,True,14.223000526428223,,ok,True,ok,43,43
exp_c,exp_c__gsm8k_test_001271__no_think,gsm8k_test_001271,no_think,canonical,,full_output,13,10,False,61,61,True,11.708083152770996,,ok,True,ok,43,43
exp_c,exp_c__gsm8k_test_001271__no_think,gsm8k_test_001271,no_think,canonical,,full_output,20,10,False,61,61,True,11.9898042678833,,ok,True,ok,43,43
exp_c,exp_c__gsm8k_test_001271__no_think,gsm8k_test_001271,no_think,canonical,,answer_segment,6,10,False,61,61,True,14.223000526428223,,ok,True,ok,43,43
exp_c,exp_c__gsm8k_test_001271__no_think,gsm8k_test_001271,no_think,canonical,,answer_segment,13,10,False,61,61,True,11.708083152770996,,ok,True,ok,43,43
exp_c,exp_c__gsm8k_test_001271__no_think,gsm8k_test_001271,no_think,canonical,,answer_segment,20,10,False,61,61,True,11.9898042678833,,ok,True,ok,43,43
exp_c,exp_c__gsm8k_test_001275__think,gsm8k_test_001275,think,canonical,,full_output,6,10,False,251,251,True,13.923332214355469,,ok,True,ok,16,16
exp_c,exp_c__gsm8k_test_001275__think,gsm8k_test_001275,think,canonical,,full_output,13,10,False,251,251,True,11.555800437927246,,ok,True,ok,16,16
exp_c,exp_c__gsm8k_test_001275__think,gsm8k_test_001275,think,canonical,,full_output,20,10,False,251,251,True,12.59780502319336,,ok,True,ok,16,16
exp_c,exp_c__gsm8k_test_001275__think,gsm8k_test_001275,think,canonical,,thinking_segment,6,10,False,194,194,True,15.996459007263184,,ok_qwen_token_boundary,True,ok,16,16
exp_c,exp_c__gsm8k_test_001275__think,gsm8k_test_001275,think,canonical,,thinking_segment,13,10,False,194,194,True,12.495040893554688,,ok_qwen_token_boundary,True,ok,16,16
exp_c,exp_c__gsm8k_test_001275__think,gsm8k_test_001275,think,canonical,,thinking_segment,20,10,False,194,194,True,13.01411247253418,,ok_qwen_token_boundary,True,ok,16,16
exp_c,exp_c__gsm8k_test_001275__think,gsm8k_test_001275,think,canonical,,answer_segment,6,10,False,57,57,True,18.261869430541992,,ok_qwen_token_boundary,True,ok,16,16
exp_c,exp_c__gsm8k_test_001275__think,gsm8k_test_001275,think,canonical,,answer_segment,13,10,False,57,57,True,12.410478591918945,,ok_qwen_token_boundary,True,ok,16,16
exp_c,exp_c__gsm8k_test_001275__think,gsm8k_test_001275,think,canonical,,answer_segment,20,10,False,57,57,True,12.31670093536377,,ok_qwen_token_boundary,True,ok,16,16
exp_c,exp_c__gsm8k_test_001275__no_think,gsm8k_test_001275,no_think,canonical,,full_output,6,10,False,56,56,True,15.09924030303955,,ok,True,ok,16,16
exp_c,exp_c__gsm8k_test_001275__no_think,gsm8k_test_001275,no_think,canonical,,full_output,13,10,False,56,56,True,10.701407432556152,,ok,True,ok,16,16
exp_c,exp_c__gsm8k_test_001275__no_think,gsm8k_test_001275,no_think,canonical,,full_output,20,10,False,56,56,True,10.903944969177246,,ok,True,ok,16,16
exp_c,exp_c__gsm8k_test_001275__no_think,gsm8k_test_001275,no_think,canonical,,answer_segment,6,10,False,56,56,True,15.09924030303955,,ok,True,ok,16,16
exp_c,exp_c__gsm8k_test_001275__no_think,gsm8k_test_001275,no_think,canonical,,answer_segment,13,10,False,56,56,True,10.701407432556152,,ok,True,ok,16,16
exp_c,exp_c__gsm8k_test_001275__no_think,gsm8k_test_001275,no_think,canonical,,answer_segment,20,10,False,56,56,True,10.903944969177246,,ok,True,ok,16,16
exp_c,exp_c__gsm8k_test_001289__think,gsm8k_test_001289,think,canonical,,full_output,6,10,False,354,354,True,16.608739852905273,,ok,True,ok,101,101
exp_c,exp_c__gsm8k_test_001289__think,gsm8k_test_001289,think,canonical,,full_output,13,10,False,354,354,True,12.434418678283691,,ok,True,ok,101,101
exp_c,exp_c__gsm8k_test_001289__think,gsm8k_test_001289,think,canonical,,full_output,20,10,False,354,354,True,12.223496437072754,,ok,True,ok,101,101
exp_c,exp_c__gsm8k_test_001289__think,gsm8k_test_001289,think,canonical,,thinking_segment,6,10,False,283,283,True,17.939807891845703,,ok_qwen_token_boundary,True,ok,101,101
exp_c,exp_c__gsm8k_test_001289__think,gsm8k_test_001289,think,canonical,,thinking_segment,13,10,False,283,283,True,12.5364990234375,,ok_qwen_token_boundary,True,ok,101,101
exp_c,exp_c__gsm8k_test_001289__think,gsm8k_test_001289,think,canonical,,thinking_segment,20,10,False,283,283,True,12.185359001159668,,ok_qwen_token_boundary,True,ok,101,101
exp_c,exp_c__gsm8k_test_001289__think,gsm8k_test_001289,think,canonical,,answer_segment,6,10,False,71,71,True,17.410844802856445,,ok_qwen_token_boundary,True,ok,101,101
exp_c,exp_c__gsm8k_test_001289__think,gsm8k_test_001289,think,canonical,,answer_segment,13,10,False,71,71,True,13.29453182220459,,ok_qwen_token_boundary,True,ok,101,101
exp_c,exp_c__gsm8k_test_001289__think,gsm8k_test_001289,think,canonical,,answer_segment,20,10,False,71,71,True,11.850955963134766,,ok_qwen_token_boundary,True,ok,101,101
exp_c,exp_c__gsm8k_test_001289__no_think,gsm8k_test_001289,no_think,canonical,,full_output,6,10,False,58,58,True,16.434131622314453,,ok,True,ok,101,101
exp_c,exp_c__gsm8k_test_001289__no_think,gsm8k_test_001289,no_think,canonical,,full_output,13,10,False,58,58,True,12.500732421875,,ok,True,ok,101,101
exp_c,exp_c__gsm8k_test_001289__no_think,gsm8k_test_001289,no_think,canonical,,full_output,20,10,False,58,58,True,12.005861282348633,,ok,True,ok,101,101
exp_c,exp_c__gsm8k_test_001289__no_think,gsm8k_test_001289,no_think,canonical,,answer_segment,6,10,False,58,58,True,16.434131622314453,,ok,True,ok,101,101
exp_c,exp_c__gsm8k_test_001289__no_think,gsm8k_test_001289,no_think,canonical,,answer_segment,13,10,False,58,58,True,12.500732421875,,ok,True,ok,101,101
exp_c,exp_c__gsm8k_test_001289__no_think,gsm8k_test_001289,no_think,canonical,,answer_segment,20,10,False,58,58,True,12.005861282348633,,ok,True,ok,101,101
exp_c,exp_c__gsm8k_test_001291__think,gsm8k_test_001291,think,canonical,,full_output,6,10,False,295,295,True,16.12616539001465,,ok,True,ok,27,27
exp_c,exp_c__gsm8k_test_001291__think,gsm8k_test_001291,think,canonical,,full_output,13,10,False,295,295,True,12.400318145751953,,ok,True,ok,27,27
exp_c,exp_c__gsm8k_test_001291__think,gsm8k_test_001291,think,canonical,,full_output,20,10,False,295,295,True,12.235016822814941,,ok,True,ok,27,27
exp_c,exp_c__gsm8k_test_001291__think,gsm8k_test_001291,think,canonical,,thinking_segment,6,10,False,250,250,True,16.08974838256836,,ok_qwen_token_boundary,True,ok,27,27
exp_c,exp_c__gsm8k_test_001291__think,gsm8k_test_001291,think,canonical,,thinking_segment,13,10,False,250,250,True,12.255036354064941,,ok_qwen_token_boundary,True,ok,27,27
exp_c,exp_c__gsm8k_test_001291__think,gsm8k_test_001291,think,canonical,,thinking_segment,20,10,False,250,250,True,12.3727445602417,,ok_qwen_token_boundary,True,ok,27,27
exp_c,exp_c__gsm8k_test_001291__think,gsm8k_test_001291,think,canonical,,answer_segment,6,10,False,45,45,True,14.967455863952637,,ok_qwen_token_boundary,True,ok,27,27
exp_c,exp_c__gsm8k_test_001291__think,gsm8k_test_001291,think,canonical,,answer_segment,13,10,False,45,45,True,12.192761421203613,,ok_qwen_token_boundary,True,ok,27,27
exp_c,exp_c__gsm8k_test_001291__think,gsm8k_test_001291,think,canonical,,answer_segment,20,10,False,45,45,True,12.453612327575684,,ok_qwen_token_boundary,True,ok,27,27
exp_c,exp_c__gsm8k_test_001291__no_think,gsm8k_test_001291,no_think,canonical,,full_output,6,10,False,47,47,True,16.276342391967773,,ok,True,ok,27,27
exp_c,exp_c__gsm8k_test_001291__no_think,gsm8k_test_001291,no_think,canonical,,full_output,13,10,False,47,47,True,12.380863189697266,,ok,True,ok,27,27
exp_c,exp_c__gsm8k_test_001291__no_think,gsm8k_test_001291,no_think,canonical,,full_output,20,10,False,47,47,True,12.77769660949707,,ok,True,ok,27,27
exp_c,exp_c__gsm8k_test_001291__no_think,gsm8k_test_001291,no_think,canonical,,answer_segment,6,10,False,47,47,True,16.276342391967773,,ok,True,ok,27,27
exp_c,exp_c__gsm8k_test_001291__no_think,gsm8k_test_001291,no_think,canonical,,answer_segment,13,10,False,47,47,True,12.380863189697266,,ok,True,ok,27,27
exp_c,exp_c__gsm8k_test_001291__no_think,gsm8k_test_001291,no_think,canonical,,answer_segment,20,10,False,47,47,True,12.77769660949707,,ok,True,ok,27,27
exp_c,exp_c__gsm8k_test_001307__think,gsm8k_test_001307,think,canonical,,full_output,6,10,False,197,197,True,16.649887084960938,,ok,True,ok,8,8
exp_c,exp_c__gsm8k_test_001307__think,gsm8k_test_001307,think,canonical,,full_output,13,10,False,197,197,True,11.454319953918457,,ok,True,ok,8,8
exp_c,exp_c__gsm8k_test_001307__think,gsm8k_test_001307,think,canonical,,full_output,20,10,False,197,197,True,11.93775749206543,,ok,True,ok,8,8
exp_c,exp_c__gsm8k_test_001307__think,gsm8k_test_001307,think,canonical,,thinking_segment,6,10,False,149,149,True,17.913475036621094,,ok_qwen_token_boundary,True,ok,8,8
exp_c,exp_c__gsm8k_test_001307__think,gsm8k_test_001307,think,canonical,,thinking_segment,13,10,False,149,149,True,11.86710262298584,,ok_qwen_token_boundary,True,ok,8,8
exp_c,exp_c__gsm8k_test_001307__think,gsm8k_test_001307,think,canonical,,thinking_segment,20,10,False,149,149,True,12.052258491516113,,ok_qwen_token_boundary,True,ok,8,8
exp_c,exp_c__gsm8k_test_001307__think,gsm8k_test_001307,think,canonical,,answer_segment,6,10,False,48,48,True,17.206748962402344,,ok_qwen_token_boundary,True,ok,8,8
exp_c,exp_c__gsm8k_test_001307__think,gsm8k_test_001307,think,canonical,,answer_segment,13,10,False,48,48,True,13.04610824584961,,ok_qwen_token_boundary,True,ok,8,8
exp_c,exp_c__gsm8k_test_001307__think,gsm8k_test_001307,think,canonical,,answer_segment,20,10,False,48,48,True,12.330406188964844,,ok_qwen_token_boundary,True,ok,8,8
exp_c,exp_c__gsm8k_test_001307__no_think,gsm8k_test_001307,no_think,canonical,,full_output,6,10,False,45,45,True,19.48986053466797,,ok,False,ok,8,0
exp_c,exp_c__gsm8k_test_001307__no_think,gsm8k_test_001307,no_think,canonical,,full_output,13,10,False,45,45,True,12.100509643554688,,ok,False,ok,8,0
exp_c,exp_c__gsm8k_test_001307__no_think,gsm8k_test_001307,no_think,canonical,,full_output,20,10,False,45,45,True,12.099266052246094,,ok,False,ok,8,0
exp_c,exp_c__gsm8k_test_001307__no_think,gsm8k_test_001307,no_think,canonical,,answer_segment,6,10,False,45,45,True,19.48986053466797,,ok,False,ok,8,0
exp_c,exp_c__gsm8k_test_001307__no_think,gsm8k_test_001307,no_think,canonical,,answer_segment,13,10,False,45,45,True,12.100509643554688,,ok,False,ok,8,0
exp_c,exp_c__gsm8k_test_001307__no_think,gsm8k_test_001307,no_think,canonical,,answer_segment,20,10,False,45,45,True,12.099266052246094,,ok,False,ok,8,0
exp_c,exp_c__gsm8k_test_001311__think,gsm8k_test_001311,think,canonical,,full_output,6,10,False,304,304,True,14.483819007873535,,ok,True,ok,594,594
exp_c,exp_c__gsm8k_test_001311__think,gsm8k_test_001311,think,canonical,,full_output,13,10,False,304,304,True,10.289538383483887,,ok,True,ok,594,594
exp_c,exp_c__gsm8k_test_001311__think,gsm8k_test_001311,think,canonical,,full_output,20,10,False,304,304,True,11.320460319519043,,ok,True,ok,594,594
exp_c,exp_c__gsm8k_test_001311__think,gsm8k_test_001311,think,canonical,,thinking_segment,6,10,False,262,262,True,15.571434020996094,,ok_qwen_token_boundary,True,ok,594,594
exp_c,exp_c__gsm8k_test_001311__think,gsm8k_test_001311,think,canonical,,thinking_segment,13,10,False,262,262,True,10.705663681030273,,ok_qwen_token_boundary,True,ok,594,594
exp_c,exp_c__gsm8k_test_001311__think,gsm8k_test_001311,think,canonical,,thinking_segment,20,10,False,262,262,True,11.57731819152832,,ok_qwen_token_boundary,True,ok,594,594
exp_c,exp_c__gsm8k_test_001311__think,gsm8k_test_001311,think,canonical,,answer_segment,6,10,False,42,42,True,14.236226081848145,,ok_qwen_token_boundary,True,ok,594,594
exp_c,exp_c__gsm8k_test_001311__think,gsm8k_test_001311,think,canonical,,answer_segment,13,10,False,42,42,True,11.669744491577148,,ok_qwen_token_boundary,True,ok,594,594
exp_c,exp_c__gsm8k_test_001311__think,gsm8k_test_001311,think,canonical,,answer_segment,20,10,False,42,42,True,12.249641418457031,,ok_qwen_token_boundary,True,ok,594,594
exp_c,exp_c__gsm8k_test_001311__no_think,gsm8k_test_001311,no_think,canonical,,full_output,6,10,False,40,40,True,14.613009452819824,,ok,True,ok,594,594
exp_c,exp_c__gsm8k_test_001311__no_think,gsm8k_test_001311,no_think,canonical,,full_output,13,10,False,40,40,True,10.940587997436523,,ok,True,ok,594,594
exp_c,exp_c__gsm8k_test_001311__no_think,gsm8k_test_001311,no_think,canonical,,full_output,20,10,False,40,40,True,13.0577392578125,,ok,True,ok,594,594
exp_c,exp_c__gsm8k_test_001311__no_think,gsm8k_test_001311,no_think,canonical,,answer_segment,6,10,False,40,40,True,14.613009452819824,,ok,True,ok,594,594
exp_c,exp_c__gsm8k_test_001311__no_think,gsm8k_test_001311,no_think,canonical,,answer_segment,13,10,False,40,40,True,10.940587997436523,,ok,True,ok,594,594
exp_c,exp_c__gsm8k_test_001311__no_think,gsm8k_test_001311,no_think,canonical,,answer_segment,20,10,False,40,40,True,13.0577392578125,,ok,True,ok,594,594
exp_c,exp_c__gsm8k_test_001313__think,gsm8k_test_001313,think,canonical,,full_output,6,10,False,361,361,True,15.194268226623535,,ok,True,ok,2,2
exp_c,exp_c__gsm8k_test_001313__think,gsm8k_test_001313,think,canonical,,full_output,13,10,False,361,361,True,11.947181701660156,,ok,True,ok,2,2
exp_c,exp_c__gsm8k_test_001313__think,gsm8k_test_001313,think,canonical,,full_output,20,10,False,361,361,True,12.403281211853027,,ok,True,ok,2,2
exp_c,exp_c__gsm8k_test_001313__think,gsm8k_test_001313,think,canonical,,thinking_segment,6,10,False,310,310,True,15.409539222717285,,ok_qwen_token_boundary,True,ok,2,2
exp_c,exp_c__gsm8k_test_001313__think,gsm8k_test_001313,think,canonical,,thinking_segment,13,10,False,310,310,True,12.10020923614502,,ok_qwen_token_boundary,True,ok,2,2
exp_c,exp_c__gsm8k_test_001313__think,gsm8k_test_001313,think,canonical,,thinking_segment,20,10,False,310,310,True,12.398929595947266,,ok_qwen_token_boundary,True,ok,2,2
exp_c,exp_c__gsm8k_test_001313__think,gsm8k_test_001313,think,canonical,,answer_segment,6,10,False,51,51,True,20.914344787597656,,ok_qwen_token_boundary,True,ok,2,2
exp_c,exp_c__gsm8k_test_001313__think,gsm8k_test_001313,think,canonical,,answer_segment,13,10,False,51,51,True,12.821120262145996,,ok_qwen_token_boundary,True,ok,2,2
exp_c,exp_c__gsm8k_test_001313__think,gsm8k_test_001313,think,canonical,,answer_segment,20,10,False,51,51,True,12.673088073730469,,ok_qwen_token_boundary,True,ok,2,2
exp_c,exp_c__gsm8k_test_001313__no_think,gsm8k_test_001313,no_think,canonical,,full_output,6,10,False,46,46,True,19.38895034790039,,ok,True,ok,2,2
exp_c,exp_c__gsm8k_test_001313__no_think,gsm8k_test_001313,no_think,canonical,,full_output,13,10,False,46,46,True,12.244036674499512,,ok,True,ok,2,2
exp_c,exp_c__gsm8k_test_001313__no_think,gsm8k_test_001313,no_think,canonical,,full_output,20,10,False,46,46,True,13.283647537231445,,ok,True,ok,2,2
exp_c,exp_c__gsm8k_test_001313__no_think,gsm8k_test_001313,no_think,canonical,,answer_segment,6,10,False,46,46,True,19.38895034790039,,ok,True,ok,2,2
exp_c,exp_c__gsm8k_test_001313__no_think,gsm8k_test_001313,no_think,canonical,,answer_segment,13,10,False,46,46,True,12.244036674499512,,ok,True,ok,2,2
exp_c,exp_c__gsm8k_test_001313__no_think,gsm8k_test_001313,no_think,canonical,,answer_segment,20,10,False,46,46,True,13.283647537231445,,ok,True,ok,2,2
exp_c,exp_c__gsm8k_test_001317__think,gsm8k_test_001317,think,canonical,,full_output,6,10,False,287,287,True,18.252708435058594,,ok,True,ok,5,5
exp_c,exp_c__gsm8k_test_001317__think,gsm8k_test_001317,think,canonical,,full_output,13,10,False,287,287,True,13.142507553100586,,ok,True,ok,5,5
exp_c,exp_c__gsm8k_test_001317__think,gsm8k_test_001317,think,canonical,,full_output,20,10,False,287,287,True,12.858973503112793,,ok,True,ok,5,5
exp_c,exp_c__gsm8k_test_001317__think,gsm8k_test_001317,think,canonical,,thinking_segment,6,10,False,246,246,True,20.040016174316406,,ok_qwen_token_boundary,True,ok,5,5
exp_c,exp_c__gsm8k_test_001317__think,gsm8k_test_001317,think,canonical,,thinking_segment,13,10,False,246,246,True,13.690281867980957,,ok_qwen_token_boundary,True,ok,5,5
exp_c,exp_c__gsm8k_test_001317__think,gsm8k_test_001317,think,canonical,,thinking_segment,20,10,False,246,246,True,13.246570587158203,,ok_qwen_token_boundary,True,ok,5,5
exp_c,exp_c__gsm8k_test_001317__think,gsm8k_test_001317,think,canonical,,answer_segment,6,10,False,41,41,True,18.61174774169922,,ok_qwen_token_boundary,True,ok,5,5
exp_c,exp_c__gsm8k_test_001317__think,gsm8k_test_001317,think,canonical,,answer_segment,13,10,False,41,41,True,13.137263298034668,,ok_qwen_token_boundary,True,ok,5,5
exp_c,exp_c__gsm8k_test_001317__think,gsm8k_test_001317,think,canonical,,answer_segment,20,10,False,41,41,True,12.396526336669922,,ok_qwen_token_boundary,True,ok,5,5
exp_c,exp_c__gsm8k_test_001317__no_think,gsm8k_test_001317,no_think,canonical,,full_output,6,10,False,42,42,True,15.552889823913574,,ok,True,ok,5,5
exp_c,exp_c__gsm8k_test_001317__no_think,gsm8k_test_001317,no_think,canonical,,full_output,13,10,False,42,42,True,11.97923469543457,,ok,True,ok,5,5
exp_c,exp_c__gsm8k_test_001317__no_think,gsm8k_test_001317,no_think,canonical,,full_output,20,10,False,42,42,True,11.991814613342285,,ok,True,ok,5,5
exp_c,exp_c__gsm8k_test_001317__no_think,gsm8k_test_001317,no_think,canonical,,answer_segment,6,10,False,42,42,True,15.552889823913574,,ok,True,ok,5,5
exp_c,exp_c__gsm8k_test_001317__no_think,gsm8k_test_001317,no_think,canonical,,answer_segment,13,10,False,42,42,True,11.97923469543457,,ok,True,ok,5,5
exp_c,exp_c__gsm8k_test_001317__no_think,gsm8k_test_001317,no_think,canonical,,answer_segment,20,10,False,42,42,True,11.991814613342285,,ok,True,ok,5,5
